Compound,Activity,SMILES,Screening,std_smiles,inchi,inchikeys,connectivity,papyrus_smiles,Targets_6.0,Targets_6.5,Targets_7.0,Targets_7.5,Targets_8.0,Targets_8.5,Targets_9.0,bioactivity
Quercetin 5.7.3'.4'-tetramethyl ether,inactive,COc1cc2c(c(OC)c1)c(=O)c(O)c(-c1cc(OC)c(OC)cc1)o2,spectrum,COc1cc(OC)c2c(=O)c(O)c(-c3ccc(OC)c(OC)c3)oc2c1,"InChI=1S/C19H18O7/c1-22-11-8-14(25-4)16-15(9-11)26-19(18(21)17(16)20)10-5-6-12(23-2)13(7-10)24-3/h5-9,21H,1-4H3",AAASNKNLMQBKFV-UHFFFAOYSA-N,AAASNKNLMQBKFV,COc1cc(OC)c2c(=O)c(O)c(-c3ccc(OC)c(OC)c3)oc2c1,,,,,,,,inactive
Eticlopride hydrochloride,inactive,CCc1cc(Cl)c(OC)c(C(=O)NCC2CCCN2CC)c1O,spectrum,CCc1cc(Cl)c(OC)c(C(=O)NCC2CCCN2CC)c1O,"InChI=1S/C17H25ClN2O3/c1-4-11-9-13(18)16(23-3)14(15(11)21)17(22)19-10-12-7-6-8-20(12)5-2/h9,12,21H,4-8,10H2,1-3H3,(H,19,22)",AADCDMQTJNYOSS-UHFFFAOYSA-N,AADCDMQTJNYOSS,CCc1cc(Cl)c(OC)c(C(=O)NCC2CCCN2CC)c1O,P10635_WT;P14416_WT;P21917_WT;P35462_WT;P61169_WT,P10635_WT;P14416_WT;P21917_WT;P35462_WT;P61169_WT,P10635_WT;P14416_WT;P21917_WT;P35462_WT;P61169_WT,P14416_WT;P35462_WT;P61169_WT,P14416_WT;P35462_WT;P61169_WT,P14416_WT;P35462_WT;P61169_WT,P14416_WT;P35462_WT;P61169_WT,inactive
Yohimbic acid hydrate,inactive,O=C(O)[C@H]1[C@@H](O)CC[C@H]2CN3CCc4c([nH]c5ccccc45)[C@@H]3C[C@@H]21,spectrum,O=C(O)C1[C@H]2C[C@H]3c4[nH]c5ccccc5c4CCN3C[C@@H]2CC[C@@H]1O,"InChI=1S/C20H24N2O3/c23-17-6-5-11-10-22-8-7-13-12-3-1-2-4-15(12)21-19(13)16(22)9-14(11)18(17)20(24)25/h1-4,11,14,16-18,21,23H,5-10H2,(H,24,25)/t11-,14-,16-,17-,18?/m0/s1",AADVZSXPNRLYLV-IQCVEUMDSA-N,AADVZSXPNRLYLV,O=C(O)C1[C@H]2C[C@H]3c4[nH]c5ccccc5c4CCN3C[C@@H]2CC[C@@H]1O,P04150_WT;P18825_WT;Q9NUW8_WT,P04150_WT;P18825_WT;Q9NUW8_WT,P18825_WT;Q9NUW8_WT,P18825_WT;Q9NUW8_WT,Q9NUW8_WT,,,inactive
Erlotinib HCl,inactive,C1(=CC=CC(=C1)C#C)NC2(=NC=NC3=C2C=C(C(=C3)OCCOC)OCCOC).Cl,selleckchem,C#Cc1cccc(Nc2ncnc3cc(OCCOC)c(OCCOC)cc23)c1,"InChI=1S/C22H23N3O4/c1-4-16-6-5-7-17(12-16)25-22-18-13-20(28-10-8-26-2)21(29-11-9-27-3)14-19(18)23-15-24-22/h1,5-7,12-15H,8-11H2,2-3H3,(H,23,24,25)",AAKJLRGGTJKAMG-UHFFFAOYSA-N,AAKJLRGGTJKAMG,C#Cc1cccc(Nc2ncnc3cc(OCCOC)c(OCCOC)cc23)c1,O14976_WT;O15357_WT;O43683_WT;O94804_WT;P00533_WT;P28028_WT,O43683_WT;P00533_WT;P28028_WT,P00533_WT;P28028_WT,P00533_WT,,,,inactive
Ag-1024,inactive,CC(C)(C)c1c(O)c(Br)cc(C=C(C#N)C#N)c1,selleckchem,CC(C)(C)c1cc(C=C(C#N)C#N)cc(Br)c1O,"InChI=1S/C14H13BrN2O/c1-14(2,3)11-5-9(4-10(7-16)8-17)6-12(15)13(11)18/h4-6,18H,1-3H3",ABBADGFSRBWENF-UHFFFAOYSA-N,ABBADGFSRBWENF,CC(C)(C)c1cc(C=C(C#N)C#N)cc(Br)c1O,P08069_WT;Q9NZ45_WT,P08069_WT,P08069_WT,,,,,inactive
Kuhlmannin,inactive,COc1c(O)cc2c(-c3ccccc3)cc(=O)oc2c1OC,spectrum,COc1c(O)cc2c(-c3ccccc3)cc(=O)oc2c1OC,"InChI=1S/C17H14O5/c1-20-16-13(18)8-12-11(10-6-4-3-5-7-10)9-14(19)22-15(12)17(16)21-2/h3-9,18H,1-2H3",ABUBCBFUQXIEAU-UHFFFAOYSA-N,ABUBCBFUQXIEAU,COc1c(O)cc2c(-c3ccccc3)cc(=O)oc2c1OC,,,,,,,,inactive
Hexachlorophene,inactive,Oc1c(Cl)cc(Cl)c(Cl)c1Cc1c(Cl)c(Cl)cc(Cl)c1O,spectrum,Oc1c(Cl)cc(Cl)c(Cl)c1Cc1c(O)c(Cl)cc(Cl)c1Cl,"InChI=1S/C13H6Cl6O2/c14-6-2-8(16)12(20)4(10(6)18)1-5-11(19)7(15)3-9(17)13(5)21/h2-3,20-21H,1H2",ACGUYXCXAPNIKK-UHFFFAOYSA-N,ACGUYXCXAPNIKK,Oc1c(Cl)cc(Cl)c(Cl)c1Cc1c(O)c(Cl)cc(Cl)c1Cl,P0DMS8_WT;P00533_WT;P07900_WT;P28482_WT;P35354_WT;Q16539_WT;Q92731_WT,P28482_WT;Q16539_WT;Q92731_WT,Q16539_WT;Q92731_WT,,,,,inactive
Valsartan,enhancer,CCCCC(=O)N(Cc1ccc(-c2ccccc2-c2n[nH]nn2)cc1)[C@H](C(=O)O)C(C)C,spectrum,CCCCC(=O)N(Cc1ccc(-c2ccccc2-c2nn[nH]n2)cc1)C(C(=O)O)C(C)C,"InChI=1S/C24H29N5O3/c1-4-5-10-21(30)29(22(16(2)3)24(31)32)15-17-11-13-18(14-12-17)19-8-6-7-9-20(19)23-25-27-28-26-23/h6-9,11-14,16,22H,4-5,10,15H2,1-3H3,(H,31,32)(H,25,26,27,28)",ACWBQPMHZXGDFX-UHFFFAOYSA-N,ACWBQPMHZXGDFX,CCCCC(=O)N(Cc1ccc(-c2ccccc2-c2nn[nH]n2)cc1)C(C(=O)O)C(C)C,P03372_WT;P25095_WT;P29089_WT;P30556_WT,P25095_WT;P29089_WT;P30556_WT,P25095_WT;P29089_WT;P30556_WT,P25095_WT;P29089_WT;P30556_WT,P25095_WT;P29089_WT;P30556_WT,P29089_WT;P30556_WT,,enhancer
Donepezil hydrochloride,inactive,COc1cc2c(cc1OC)C(=O)C(CC1CCN(Cc3ccccc3)CC1)C2,spectrum,COc1cc2c(cc1OC)C(=O)C(CC1CCN(Cc3ccccc3)CC1)C2,"InChI=1S/C24H29NO3/c1-27-22-14-19-13-20(24(26)21(19)15-23(22)28-2)12-17-8-10-25(11-9-17)16-18-6-4-3-5-7-18/h3-7,14-15,17,20H,8-13,16H2,1-2H3",ADEBPBSSDYVVLD-UHFFFAOYSA-N,ADEBPBSSDYVVLD,COc1cc2c(cc1OC)C(=O)C(CC1CCN(Cc3ccccc3)CC1)C2,P21836_WT;P22303_WT;P32738_WT;P37136_WT;P56817_WT;Q9Y5N1_WT;Q99720_WT,P21836_WT;P22303_WT;P32738_WT;P37136_WT;P56817_WT;Q99720_WT,P22303_WT;P32738_WT;P37136_WT;Q99720_WT,P22303_WT;P32738_WT;P37136_WT;Q99720_WT,P32738_WT,,,inactive
2'.4'-dihydroxy-4-methoxychalcone,inactive,COc1ccc(/C=C/C(=O)c2c(O)cc(O)cc2)cc1,spectrum,COc1ccc(/C=C/C(=O)c2ccc(O)cc2O)cc1,"InChI=1S/C16H14O4/c1-20-13-6-2-11(3-7-13)4-9-15(18)14-8-5-12(17)10-16(14)19/h2-10,17,19H,1H3/b9-4+",ADRQFDIWPRFKSP-RUDMXATFSA-N,ADRQFDIWPRFKSP,COc1ccc(/C=C/C(=O)c2ccc(O)cc2O)cc1,P07943_WT;P51450_WT,P51450_WT,P51450_WT,,,,,inactive
Mangiferin,inactive,O=c1c2cc(O)c(O)cc2oc2cc(O)c(C3O[C@H](CO)[C@H](O)[C@@H](O)[C@H]3O)c(O)c12,spectrum,O=c1c2cc(O)c(O)cc2oc2cc(O)c(C3O[C@H](CO)[C@H](O)[C@@H](O)[C@H]3O)c(O)c12,"InChI=1S/C19H18O11/c20-4-11-15(25)17(27)18(28)19(30-11)12-8(23)3-10-13(16(12)26)14(24)5-1-6(21)7(22)2-9(5)29-10/h1-3,11,15,17-23,25-28H,4H2/t11-,15+,17-,18-,19?/m1/s1",AEDDIBAIWPIIBD-QOSSXUTDSA-N,AEDDIBAIWPIIBD,O=c1c2cc(O)c(O)cc2oc2cc(O)c(C3O[C@H](CO)[C@H](O)[C@@H](O)[C@H]3O)c(O)c12,P09923_WT,,,,,,,inactive
Prednisolone tebutate,inactive,CC(C)(C)CC(=O)OCC(=O)[C@@]1(O)CCC2C3CCC4=CC(=O)C=C[C@]4(C)C3[C@@H](O)C[C@@]21C,spectrum,CC(C)(C)CC(=O)OCC(=O)[C@@]1(O)CCC2C3CC=C4CC(=O)C=C[C@]4(C)C3[C@@H](O)C[C@@]21C,"InChI=1S/C27H38O6/c1-24(2,3)14-22(31)33-15-21(30)27(32)11-9-19-18-7-6-16-12-17(28)8-10-25(16,4)23(18)20(29)13-26(19,27)5/h6,8,10,18-20,23,29,32H,7,9,11-15H2,1-5H3/t18?,19?,20-,23?,25-,26-,27-/m0/s1",AEQGYUJKXATLBW-VZWGUQLYSA-N,AEQGYUJKXATLBW,CC(C)(C)CC(=O)OCC(=O)[C@@]1(O)CCC2C3CC=C4CC(=O)C=C[C@]4(C)C3[C@@H](O)C[C@@]21C,,,,,,,,inactive
Ethambutol hydrochloride,inactive,CC[C@@H](CO)NCCN[C@@H](CC)CO,spectrum,CC[C@@H](CO)NCCN[C@@H](CC)CO,"InChI=1S/C10H24N2O2/c1-3-9(7-13)11-5-6-12-10(4-2)8-14/h9-14H,3-8H2,1-2H3/t9-,10-/m0/s1",AEUTYOVWOVBAKS-UWVGGRQHSA-N,AEUTYOVWOVBAKS,CC[C@@H](CO)NCCN[C@@H](CC)CO,,,,,,,,inactive
3.4'-dimethoxyflavone,inactive,COc1ccc(-c2c(OC)c(=O)c3c(cccc3)o2)cc1,spectrum,COc1ccc(-c2oc3ccccc3c(=O)c2OC)cc1,"InChI=1S/C17H14O4/c1-19-12-9-7-11(8-10-12)16-17(20-2)15(18)13-5-3-4-6-14(13)21-16/h3-10H,1-2H3",AFIUIJXKXMMNCK-UHFFFAOYSA-N,AFIUIJXKXMMNCK,COc1ccc(-c2oc3ccccc3c(=O)c2OC)cc1,,,,,,,,inactive
Sulconazole nitrate,inactive,Clc1ccc(CSC(Cn2ccnc2)c2c(Cl)cc(Cl)cc2)cc1,spectrum,Clc1ccc(CSC(Cn2ccnc2)c2ccc(Cl)cc2Cl)cc1,"InChI=1S/C18H15Cl3N2S/c19-14-3-1-13(2-4-14)11-24-18(10-23-8-7-22-12-23)16-6-5-15(20)9-17(16)21/h1-9,12,18H,10-11H2",AFNXATANNDIXLG-UHFFFAOYSA-N,AFNXATANNDIXLG,Clc1ccc(CSC(Cn2ccnc2)c2ccc(Cl)cc2Cl)cc1,P05177_WT;P07900_WT;P08684_WT;P10635_WT;P11712_WT;P24557_WT;P31645_WT;P33261_WT,P07900_WT;P08684_WT;P10635_WT;P11712_WT;P24557_WT;P31645_WT;P33261_WT,P11712_WT;P33261_WT,P11712_WT;P33261_WT,,,,inactive
Cefditorin pivoxil,inactive,CO/N=C(\C(=O)NC1C(=O)N2C(C(=O)OCOC(=O)C(C)(C)C)=C(/C=C\c3c(C)ncs3)CSC12)c1csc(N)n1,spectrum,CON=C(C(=O)NC1C(=O)N2C(C(=O)OCOC(=O)C(C)(C)C)=C(/C=C\c3scnc3C)CSC12)c1csc(N)n1,"InChI=1S/C25H28N6O7S3/c1-12-15(41-10-27-12)7-6-13-8-39-21-17(29-19(32)16(30-36-5)14-9-40-24(26)28-14)20(33)31(21)18(13)22(34)37-11-38-23(35)25(2,3)4/h6-7,9-10,17,21H,8,11H2,1-5H3,(H2,26,28)(H,29,32)/b7-6-,30-16?",AFZFFLVORLEPPO-OAZKLWFESA-N,AFZFFLVORLEPPO,CON=C(C(=O)NC1C(=O)N2C(C(=O)OCOC(=O)C(C)(C)C)=C(/C=C\c3scnc3C)CSC12)c1csc(N)n1,P00352_WT,,,,,,,inactive
Thioctic acid,inactive,O=C(O)CCCCC1CCSS1,spectrum,O=C(O)CCCCC1CCSS1,"InChI=1S/C8H14O2S2/c9-8(10)4-2-1-3-7-5-6-11-12-7/h7H,1-6H2,(H,9,10)",AGBQKNBQESQNJD-UHFFFAOYSA-N,AGBQKNBQESQNJD,O=C(O)CCCCC1CCSS1,P22303_WT;P27695_WT;Q9NUW8_WT,P22303_WT,P22303_WT,P22303_WT,P22303_WT,P22303_WT,,inactive
Drofenine hydrochloride,inactive,CCN(CC)CCOC(=O)C(c1ccccc1)C1CCCCC1,spectrum,CCN(CC)CCOC(=O)C(c1ccccc1)C1CCCCC1,"InChI=1S/C20H31NO2/c1-3-21(4-2)15-16-23-20(22)19(17-11-7-5-8-12-17)18-13-9-6-10-14-18/h5,7-8,11-12,18-19H,3-4,6,9-10,13-16H2,1-2H3",AGJBLWCLQCKRJP-UHFFFAOYSA-N,AGJBLWCLQCKRJP,CCN(CC)CCOC(=O)C(c1ccccc1)C1CCCCC1,P10635_WT,,,,,,,inactive
Quinethazone,inactive,CCC1NC(=O)c2c(cc(Cl)c(S(N)(=O)=O)c2)N1,spectrum,CCC1NC(=O)c2cc(S(N)(=O)=O)c(Cl)cc2N1,"InChI=1S/C10H12ClN3O3S/c1-2-9-13-7-4-6(11)8(18(12,16)17)3-5(7)10(15)14-9/h3-4,9,13H,2H2,1H3,(H,14,15)(H2,12,16,17)",AGMMTXLNIQSRCG-UHFFFAOYSA-N,AGMMTXLNIQSRCG,CCC1NC(=O)c2cc(S(N)(=O)=O)c(Cl)cc2N1,O75604_WT,,,,,,,inactive
Clarithromycin,inactive,CC[C@H]1OC(=O)[C@H](C)[C@@H](O[C@H]2C[C@@](C)(OC)[C@@H](O)[C@H](C)O2)[C@H](C)[C@@H](O[C@@H]2O[C@H](C)C[C@H](N(C)C)[C@H]2O)[C@](C)(OC)C[C@@H](C)C(=O)[C@H](C)[C@@H](O)[C@]1(C)O,spectrum,CC[C@H]1OC(=O)C(C)[C@@H](O[C@H]2C[C@@](C)(OC)[C@@H](O)[C@H](C)O2)[C@H](C)[C@@H](O[C@@H]2O[C@H](C)C[C@H](N(C)C)[C@H]2O)[C@](C)(OC)CC(C)C(=O)C(C)[C@@H](O)[C@]1(C)O,"InChI=1S/C38H69NO13/c1-15-26-38(10,45)31(42)21(4)28(40)19(2)17-37(9,47-14)33(52-35-29(41)25(39(11)12)16-20(3)48-35)22(5)30(23(6)34(44)50-26)51-27-18-36(8,46-13)32(43)24(7)49-27/h19-27,29-33,35,41-43,45H,15-18H2,1-14H3/t19?,20-,21?,22+,23?,24+,25+,26-,27+,29-,30+,31-,32+,33-,35+,36-,37-,38-/m1/s1",AGOYDEPGAOXOCK-WLLSWQJKSA-N,AGOYDEPGAOXOCK,CC[C@H]1OC(=O)C(C)[C@@H](O[C@H]2C[C@@](C)(OC)[C@@H](O)[C@H](C)O2)[C@H](C)[C@@H](O[C@@H]2O[C@H](C)C[C@H](N(C)C)[C@H]2O)[C@](C)(OC)CC(C)C(=O)C(C)[C@@H](O)[C@]1(C)O,,,,,,,,inactive
PD 0332991 HCl,antineoplastic,CC(=O)c1c(C)c2cnc(Nc3ncc(N4CCNCC4)cc3)nc2n(C2CCCC2)c1=O,selleckchem,CC(=O)c1c(C)c2cnc(Nc3ccc(N4CCNCC4)cn3)nc2n(C2CCCC2)c1=O,"InChI=1S/C24H29N7O2/c1-15-19-14-27-24(28-20-8-7-18(13-26-20)30-11-9-25-10-12-30)29-22(19)31(17-5-3-4-6-17)23(33)21(15)16(2)32/h7-8,13-14,17,25H,3-6,9-12H2,1-2H3,(H,26,27,28,29)",AHJRHEGDXFFMBM-UHFFFAOYSA-N,AHJRHEGDXFFMBM,CC(=O)c1c(C)c2cnc(Nc3ccc(N4CCNCC4)cn3)nc2n(C2CCCC2)c1=O,O43293_WT;O75116_WT;O75822_WT;P11802_WT;P19784_WT;P48426_WT;P49759_WT;P49760_WT;P50750_WT;P51812_WT;P52333_WT;P67870_WT;Q7L7X3_WT;Q9HAZ1_WT;Q9Y463_WT;Q00534_WT;Q00535_WT;Q13627_WT,O43293_WT;O75116_WT;P11802_WT;P48426_WT;P49759_WT;Q9HAZ1_WT;Q9Y463_WT;Q00534_WT,P11802_WT;Q9HAZ1_WT;Q00534_WT,P11802_WT;Q9HAZ1_WT;Q00534_WT,,,,antineoplastic
Benzoclidine,inactive,O=C(OC1CN2CCC1CC2)c1ccccc1,spectrum,O=C(OC1CN2CCC1CC2)c1ccccc1,"InChI=1S/C14H17NO2/c16-14(12-4-2-1-3-5-12)17-13-10-15-8-6-11(13)7-9-15/h1-5,11,13H,6-10H2",AHKAOMZZTQULDS-UHFFFAOYSA-N,AHKAOMZZTQULDS,O=C(OC1CN2CCC1CC2)c1ccccc1,,,,,,,,inactive
Orlistat,inactive,CCCCCCCCCCC[C@@H](C[C@H]1OC(=O)[C@H]1CCCCCC)OC(=O)[C@@H](CC(C)C)NC=O,spectrum,CCCCCCCCCCC[C@@H](C[C@H]1OC(=O)C1CCCCCC)OC(=O)C(CC(C)C)NC=O,"InChI=1S/C29H53NO5/c1-5-7-9-11-12-13-14-15-16-18-24(34-29(33)26(30-22-31)20-23(3)4)21-27-25(28(32)35-27)19-17-10-8-6-2/h22-27H,5-21H2,1-4H3,(H,30,31)/t24-,25?,26?,27+/m0/s1",AHLBNYSZXLDEJQ-KUXWUFDLSA-N,AHLBNYSZXLDEJQ,CCCCCCCCCCC[C@@H](C[C@H]1OC(=O)C1CCCCCC)OC(=O)C(CC(C)C)NC=O,O95870_WT;P06858_WT;P08684_WT;P11150_WT;P16233_WT;P28482_WT;P97612_WT;Q6WQJ1_WT;Q8N2K0_WT;Q8NCG7_WT;Q9BV23_WT;Q9Y4D2_WT;Q9Y5X9_WT;Q91WC9_WT;Q13093_WT,O95870_WT;P06858_WT;P11150_WT;P16233_WT;P28482_WT;P97612_WT;Q6WQJ1_WT;Q8N2K0_WT;Q8NCG7_WT;Q9BV23_WT;Q9Y4D2_WT;Q9Y5X9_WT;Q13093_WT,P06858_WT;P11150_WT;P28482_WT;P97612_WT;Q6WQJ1_WT;Q8NCG7_WT;Q9BV23_WT;Q9Y4D2_WT;Q9Y5X9_WT;Q13093_WT,P11150_WT;P97612_WT;Q6WQJ1_WT;Q9BV23_WT;Q9Y4D2_WT;Q9Y5X9_WT,P11150_WT;Q9Y5X9_WT,P11150_WT,,inactive
7-hydroxy-2'-methoxyisoflavone,inactive,COc1c(-c2coc3cc(O)ccc3c2=O)cccc1,spectrum,COc1ccccc1-c1coc2cc(O)ccc2c1=O,"InChI=1S/C16H12O4/c1-19-14-5-3-2-4-11(14)13-9-20-15-8-10(17)6-7-12(15)16(13)18/h2-9,17H,1H3",AHLHZSCENKUUSF-UHFFFAOYSA-N,AHLHZSCENKUUSF,COc1ccccc1-c1coc2cc(O)ccc2c1=O,,,,,,,,inactive
Paroxetine hydrochloride,inactive,Fc1ccc([C@@H]2CCNC[C@H]2COc2ccc3OCOc3c2)cc1,spectrum,Fc1ccc([C@@H]2CCNC[C@H]2COc2ccc3c(c2)OCO3)cc1,"InChI=1S/C19H20FNO3/c20-15-3-1-13(2-4-15)17-7-8-21-10-14(17)11-22-16-5-6-18-19(9-16)24-12-23-18/h1-6,9,14,17,21H,7-8,10-12H2/t14-,17-/m0/s1",AHOUBRCZNHFOSL-YOEHRIQHSA-N,AHOUBRCZNHFOSL,Fc1ccc([C@@H]2CCNC[C@H]2COc2ccc3c(c2)OCO3)cc1,O55192_WT;P05164_WT;P08172_WT;P08173_WT;P08912_WT;P11229_WT;P20309_WT;P23975_WT;P23977_WT;P25103_WT;P31645_WT;P31652_WT;Q9WTR4_WT;Q01959_WT;Q61327_WT;Q63380_WT,O55192_WT;P05164_WT;P08173_WT;P08912_WT;P11229_WT;P20309_WT;P23975_WT;P23977_WT;P31645_WT;P31652_WT;Q61327_WT;Q63380_WT,O55192_WT;P05164_WT;P08173_WT;P11229_WT;P20309_WT;P23975_WT;P31645_WT;P31652_WT;Q61327_WT;Q63380_WT,O55192_WT;P05164_WT;P31645_WT;P31652_WT;Q61327_WT,P31645_WT;P31652_WT,P31645_WT;P31652_WT,P31645_WT;P31652_WT,inactive
Hesperetin,inactive,COc1c(O)cc([C@@H]2CC(=O)c3c(cc(O)cc3O)O2)cc1,spectrum,COc1ccc([C@@H]2CC(=O)c3c(O)cc(O)cc3O2)cc1O,"InChI=1S/C16H14O6/c1-21-13-3-2-8(4-10(13)18)14-7-12(20)16-11(19)5-9(17)6-15(16)22-14/h2-6,14,17-19H,7H2,1H3/t14-/m0/s1",AIONOLUJZLIMTK-AWEZNQCLSA-N,AIONOLUJZLIMTK,COc1ccc([C@@H]2CC(=O)c3c(O)cc(O)cc3O2)cc1O,O43570_WT;P22748_WT;P27487_WT;P43166_WT;Q9NUW8_WT;Q16678_WT,P22748_WT;P27487_WT;P43166_WT,P43166_WT,P43166_WT,P43166_WT,,,inactive
Isobergaptene,inactive,COc1cc2c(cco2)c2c1ccc(=O)o2,spectrum,COc1cc2occc2c2oc(=O)ccc12,"InChI=1S/C12H8O4/c1-14-9-6-10-8(4-5-15-10)12-7(9)2-3-11(13)16-12/h2-6H,1H3",AJSPSRWWZBBIOR-UHFFFAOYSA-N,AJSPSRWWZBBIOR,COc1cc2occc2c2oc(=O)ccc12,,,,,,,,inactive
Torin 1,reducer,N1(C(C=CC2C=NC3C(C1=2)=CC(=CC=3)C4C=NC5=CC=CC=C(C=4)5)=O)C6C=C(C(=CC=6)N7CCN(CC7)C(CC)=O)C(F)(F)F,selleckchem,CCC(=O)N1CCN(c2ccc(-n3c(=O)ccc4cnc5ccc(-c6cnc7ccccc7c6)cc5c43)cc2C(F)(F)F)CC1,"InChI=1S/C35H28F3N5O2/c1-2-32(44)42-15-13-41(14-16-42)31-11-9-26(19-28(31)35(36,37)38)43-33(45)12-8-24-20-40-30-10-7-22(18-27(30)34(24)43)25-17-23-5-3-4-6-29(23)39-21-25/h3-12,17-21H,2,13-16H2,1H3",AKCRNFFTGXBONI-UHFFFAOYSA-N,AKCRNFFTGXBONI,CCC(=O)N1CCN(c2ccc(-n3c(=O)ccc4cnc5ccc(-c6cnc7ccccc7c6)cc5c43)cc2C(F)(F)F)CC1,O00329_WT;O00443_WT;O00750_WT;P42336_WT;P42345_WT;P48736_WT;P78527_WT;Q8NEB9_WT;Q9JLN9_WT,O00443_WT;P42336_WT;P42345_WT;P48736_WT;P78527_WT;Q9JLN9_WT,P42345_WT;P78527_WT;Q9JLN9_WT,P42345_WT;P78527_WT;Q9JLN9_WT,P42345_WT;P78527_WT;Q9JLN9_WT,Q9JLN9_WT,,reducer
Dehydroabietamide,inactive,CC(C)c1cc2c(cc1)C1(C)CCCC(C)(C(N)=O)C1CC2,spectrum,CC(C)c1ccc2c(c1)CCC1C(C)(C(N)=O)CCCC21C,"InChI=1S/C20H29NO/c1-13(2)14-6-8-16-15(12-14)7-9-17-19(16,3)10-5-11-20(17,4)18(21)22/h6,8,12-13,17H,5,7,9-11H2,1-4H3,(H2,21,22)",AKKQGFKWEDCWJK-UHFFFAOYSA-N,AKKQGFKWEDCWJK,CC(C)c1ccc2c(c1)CCC1C(C)(C(N)=O)CCCC21C,,,,,,,,inactive
Khayanthone,inactive,CC(=O)O[C@H]1C[C@@H](OC(C)=O)C(C)(C)C2C[C@@H](OC(C)=O)[C@]3(C)C(CC[C@@]4(C)[C@H](c5cocc5)C(=O)[C@H]5O[C@]543)[C@]21C,spectrum,CC(=O)O[C@H]1C[C@@H](OC(C)=O)C(C)(C)C2C[C@@H](OC(C)=O)[C@]3(C)C(CC[C@@]4(C)C(c5ccoc5)C(=O)C5O[C@]543)[C@]21C,"InChI=1S/C32H42O9/c1-16(33)38-22-14-23(39-17(2)34)30(7)20-9-11-29(6)25(19-10-12-37-15-19)26(36)27-32(29,41-27)31(20,8)24(40-18(3)35)13-21(30)28(22,4)5/h10,12,15,20-25,27H,9,11,13-14H2,1-8H3/t20?,21?,22-,23+,24-,25?,27?,29+,30-,31+,32-/m1/s1",AKPJXLBXDLSOFY-RQYZQDMKSA-N,AKPJXLBXDLSOFY,CC(=O)O[C@H]1C[C@@H](OC(C)=O)C(C)(C)C2C[C@@H](OC(C)=O)[C@]3(C)C(CC[C@@]4(C)C(c5ccoc5)C(=O)C5O[C@]543)[C@]21C,,,,,,,,inactive
Rebamipide,inactive,O=C(NC(Cc1cc(=O)[nH]c2c1cccc2)C(=O)O)c1ccc(Cl)cc1,spectrum,O=C(NC(Cc1cc(=O)[nH]c2ccccc12)C(=O)O)c1ccc(Cl)cc1,"InChI=1S/C19H15ClN2O4/c20-13-7-5-11(6-8-13)18(24)22-16(19(25)26)9-12-10-17(23)21-15-4-2-1-3-14(12)15/h1-8,10,16H,9H2,(H,21,23)(H,22,24)(H,25,26)",ALLWOAVDORUJLA-UHFFFAOYSA-N,ALLWOAVDORUJLA,O=C(NC(Cc1cc(=O)[nH]c2ccccc12)C(=O)O)c1ccc(Cl)cc1,,,,,,,,inactive
Neostigmine bromide,enhancer,CN(C)C(=O)Oc1cccc([N+](C)(C)C)c1,spectrum,CN(C)C(=O)Oc1cccc([N+](C)(C)C)c1,"InChI=1S/C12H19N2O2/c1-13(2)12(15)16-11-8-6-7-10(9-11)14(3,4)5/h6-9H,1-5H3/q+1",ALWKGYPQUAPLQC-UHFFFAOYSA-N,ALWKGYPQUAPLQC,CN(C)C(=O)Oc1cccc([N+](C)(C)C)c1,P22303_WT;P37136_WT,P22303_WT;P37136_WT,P22303_WT;P37136_WT,,,,,enhancer
Ginkgolide a,inactive,C[C@@H]1C(=O)OC2[C@H](O)C34[C@@H]5OC(=O)[C@@]3(O[C@@H]3OC(=O)[C@H](O)[C@@]34[C@H](C(C)(C)C)[C@H]5O)[C@]21O,spectrum,CC1C(=O)OC2[C@H](O)C34[C@@H]5OC(=O)[C@@]3(O[C@@H]3OC(=O)C(O)[C@@]34[C@H](C(C)(C)C)[C@H]5O)[C@@]12O,"InChI=1S/C20H24O11/c1-5-12(24)28-11-8(22)18-10-6(21)7(16(2,3)4)17(18)9(23)13(25)30-15(17)31-20(18,14(26)29-10)19(5,11)27/h5-11,15,21-23,27H,1-4H3/t5?,6-,7+,8+,9?,10-,11?,15+,17+,18?,19-,20+/m1/s1",AMOGMTLMADGEOQ-DNEAJJDCSA-N,AMOGMTLMADGEOQ,CC1C(=O)OC2[C@H](O)C34[C@@H]5OC(=O)[C@@]3(O[C@@H]3OC(=O)C(O)[C@@]34[C@H](C(C)(C)C)[C@H]5O)[C@@]12O,,,,,,,,inactive
Carylophyllene oxide,inactive,C=C1CC2OC2(C)CC[C@@H]2[C@@H]1CC2(C)C,spectrum,C=C1CC2OC2(C)CC[C@@H]2[C@@H]1CC2(C)C,"InChI=1S/C14H22O/c1-9-7-12-14(4,15-12)6-5-11-10(9)8-13(11,2)3/h10-12H,1,5-8H2,2-4H3/t10-,11-,12?,14?/m1/s1",AMTSLHRSERHBCF-IBQNZTRDSA-N,AMTSLHRSERHBCF,C=C1CC2OC2(C)CC[C@@H]2[C@@H]1CC2(C)C,,,,,,,,inactive
Glycopyrrolate,inactive,C[N+]1(C)CCC(OC(=O)C(O)(c2ccccc2)C2CCCC2)C1,spectrum,C[N+]1(C)CCC(OC(=O)C(O)(c2ccccc2)C2CCCC2)C1,"InChI=1S/C19H28NO3/c1-20(2)13-12-17(14-20)23-18(21)19(22,16-10-6-7-11-16)15-8-4-3-5-9-15/h3-5,8-9,16-17,22H,6-7,10-14H2,1-2H3/q+1",ANGKOCUUWGHLCE-UHFFFAOYSA-N,ANGKOCUUWGHLCE,C[N+]1(C)CCC(OC(=O)C(O)(c2ccccc2)C2CCCC2)C1,P08172_WT;P08173_WT;P08912_WT;P11229_WT;P20309_WT;Q61143_WT,P08172_WT;P08173_WT;P08912_WT;P11229_WT;P20309_WT,P08172_WT;P08173_WT;P08912_WT;P11229_WT;P20309_WT,P08172_WT;P08173_WT;P08912_WT;P11229_WT;P20309_WT,P08172_WT;P08173_WT;P08912_WT;P11229_WT;P20309_WT,P08172_WT;P08173_WT;P08912_WT;P11229_WT;P20309_WT,P08172_WT;P08173_WT;P08912_WT;P11229_WT;P20309_WT,inactive
6.4'-dimethoxyflavone,inactive,COc1ccc(-c2cc(=O)c3c(ccc(OC)c3)o2)cc1,spectrum,COc1ccc(-c2cc(=O)c3cc(OC)ccc3o2)cc1,"InChI=1S/C17H14O4/c1-19-12-5-3-11(4-6-12)17-10-15(18)14-9-13(20-2)7-8-16(14)21-17/h3-10H,1-2H3",ANVFDWBCVDQNEZ-UHFFFAOYSA-N,ANVFDWBCVDQNEZ,COc1ccc(-c2cc(=O)c3cc(OC)ccc3o2)cc1,B2RXH2_WT;O15118_WT;P51151_WT;Q16637_WT,P51151_WT,,,,,,inactive
Bambuterol hydrochloride,inactive,CN(C)C(=O)Oc1cc(C(O)CNC(C)(C)C)cc(OC(=O)N(C)C)c1,spectrum,CN(C)C(=O)Oc1cc(OC(=O)N(C)C)cc(C(O)CNC(C)(C)C)c1,"InChI=1S/C18H29N3O5/c1-18(2,3)19-11-15(22)12-8-13(25-16(23)20(4)5)10-14(9-12)26-17(24)21(6)7/h8-10,15,19,22H,11H2,1-7H3",ANZXOIAKUNOVQU-UHFFFAOYSA-N,ANZXOIAKUNOVQU,CN(C)C(=O)Oc1cc(OC(=O)N(C)C)cc(C(O)CNC(C)(C)C)c1,P06276_WT,P06276_WT,P06276_WT,P06276_WT,P06276_WT,,,inactive
Carmofur,inactive,CCCCCCNC(=O)n1cc(F)c(=O)[nH]c1=O,spectrum,CCCCCCNC(=O)n1cc(F)c(=O)[nH]c1=O,"InChI=1S/C11H16FN3O3/c1-2-3-4-5-6-13-10(17)15-7-8(12)9(16)14-11(15)18/h7H,2-6H2,1H3,(H,13,17)(H,14,16,18)",AOCCBINRVIKJHY-UHFFFAOYSA-N,AOCCBINRVIKJHY,CCCCCCNC(=O)n1cc(F)c(=O)[nH]c1=O,P97612_WT;Q6P7S1_WT;Q13510_WT;Q16637_WT,P97612_WT;Q6P7S1_WT;Q13510_WT;Q16637_WT,P97612_WT;Q6P7S1_WT,P97612_WT;Q6P7S1_WT,,,,inactive
Xylocarpus a,inactive,COC(=O)CC1C(C)(C)C(OC(C)=O)[C@@H]2[C@@H](OC(C)=O)[C@]34O[C@@]2(O)[C@]1(C)C3CC[C@]1(C)C4=CC(=O)O[C@H]1c1cocc1,spectrum,COC(=O)CC1C(C)(C)C(OC(C)=O)[C@@H]2[C@@H](OC(C)=O)[C@]34O[C@@]2(O)[C@]1(C)C3CC[C@]1(C)C4=CC(=O)O[C@H]1c1ccoc1,"InChI=1S/C31H38O11/c1-15(32)39-25-23-26(40-16(2)33)30-18(29(6,31(23,36)42-30)19(27(25,3)4)12-21(34)37-7)8-10-28(5)20(30)13-22(35)41-24(28)17-9-11-38-14-17/h9,11,13-14,18-19,23-26,36H,8,10,12H2,1-7H3/t18?,19?,23-,24+,25?,26-,28-,29-,30+,31-/m1/s1",AOUYWWJPLUTFAB-NUIIJRBZSA-N,AOUYWWJPLUTFAB,COC(=O)CC1C(C)(C)C(OC(C)=O)[C@@H]2[C@@H](OC(C)=O)[C@]34O[C@@]2(O)[C@]1(C)C3CC[C@]1(C)C4=CC(=O)O[C@H]1c1ccoc1,,,,,,,,inactive
3-isobutyl-1-methylxanthine,inactive,CC(C)Cn1c(=O)n(C)c(=O)c2c1[nH]cn2,spectrum,CC(C)Cn1c(=O)n(C)c(=O)c2[nH]cnc21,"InChI=1S/C10H14N4O2/c1-6(2)4-14-8-7(11-5-12-8)9(15)13(3)10(14)16/h5-6H,4H2,1-3H3,(H,11,12)",APIXJSLKIYYUKG-UHFFFAOYSA-N,APIXJSLKIYYUKG,CC(C)Cn1c(=O)n(C)c(=O)c2[nH]cnc21,Q13370_WT,Q13370_WT,,,,,,inactive
Metolazone,inactive,Cc1c(N2C(=O)c3cc(S(N)(=O)=O)c(Cl)cc3NC2C)cccc1,spectrum,Cc1ccccc1N1C(=O)c2cc(S(N)(=O)=O)c(Cl)cc2NC1C,"InChI=1S/C16H16ClN3O3S/c1-9-5-3-4-6-14(9)20-10(2)19-13-8-12(17)15(24(18,22)23)7-11(13)16(20)21/h3-8,10,19H,1-2H3,(H2,18,22,23)",AQCHWTWZEMGIFD-UHFFFAOYSA-N,AQCHWTWZEMGIFD,Cc1ccccc1N1C(=O)c2cc(S(N)(=O)=O)c(Cl)cc2NC1C,P43166_WT,P43166_WT,P43166_WT,P43166_WT,P43166_WT,P43166_WT,,inactive
Dexpropranolol hydrochloride,inactive,CC(C)NC[C@H](O)COc1c2ccccc2ccc1,spectrum,CC(C)NC[C@H](O)COc1cccc2ccccc12,"InChI=1S/C16H21NO2/c1-12(2)17-10-14(18)11-19-16-9-5-7-13-6-3-4-8-15(13)16/h3-9,12,14,17-18H,10-11H2,1-2H3/t14-/m0/s1",AQHHHDLHHXJYJD-AWEZNQCLSA-N,AQHHHDLHHXJYJD,CC(C)NC[C@H](O)COc1cccc2ccccc12,P00352_WT;P05177_WT;P07550_WT;P08588_WT;P10634_WT;P13945_WT;P18090_WT;P19327_WT;P28223_WT;P28564_WT;P31645_WT;P34971_WT;P41595_WT;Q9NUW8_WT,P00352_WT;P05177_WT;P07550_WT;P08588_WT;P13945_WT;P18090_WT;P19327_WT;P28564_WT;P34971_WT;P41595_WT;Q9NUW8_WT,P00352_WT;P07550_WT;P08588_WT;P18090_WT;P28564_WT;P34971_WT,P00352_WT;P07550_WT;P08588_WT;P18090_WT;P34971_WT,P07550_WT;P08588_WT;P34971_WT,P07550_WT;P08588_WT;P34971_WT,P07550_WT,inactive
Cimetidine,inactive,CN/C(=N\C#N)NCCSCc1c(C)[nH]cn1,spectrum,CN=C(NC#N)NCCSCc1[nH]cnc1C,"InChI=1S/C10H16N6S/c1-8-9(16-7-15-8)5-17-4-3-13-10(12-2)14-6-11/h7H,3-5H2,1-2H3,(H,15,16)(H2,12,13,14)",AQIXAKUUQRKLND-UHFFFAOYSA-N,AQIXAKUUQRKLND,CN=C(NC#N)NCCSCc1[nH]cnc1C,O08966_WT;P25021_WT;P25102_WT;Q16637_WT;Q92830_WT,P25021_WT;P25102_WT,,,,,,inactive
Hieracin,inactive,O=c1cc(-c2cc(O)c(O)c(O)c2)oc2c1c(O)cc(O)c2,spectrum,O=c1cc(-c2cc(O)c(O)c(O)c2)oc2cc(O)cc(O)c12,"InChI=1S/C15H10O7/c16-7-3-8(17)14-9(18)5-12(22-13(14)4-7)6-1-10(19)15(21)11(20)2-6/h1-5,16-17,19-21H",ARSRJFRKVXALTF-UHFFFAOYSA-N,ARSRJFRKVXALTF,O=c1cc(-c2cc(O)c(O)c(O)c2)oc2cc(O)cc(O)c12,P11309_WT;Q9UBT6_WT,,,,,,,inactive
Galantamine,inactive,COc1ccc2CN(C)CC[C@@]34C=C[C@H](O)C[C@@H]3Oc1c24,spectrum,COc1ccc2c3c1O[C@H]1C[C@@H](O)C=C[C@@]31CCN(C)C2,"InChI=1S/C17H21NO3/c1-18-8-7-17-6-5-12(19)9-14(17)21-16-13(20-2)4-3-11(10-18)15(16)17/h3-6,12,14,19H,7-10H2,1-2H3/t12-,14-,17-/m0/s1",ASUTZQLVASHGKV-JDFRZJQESA-N,ASUTZQLVASHGKV,COc1ccc2c3c1O[C@H]1C[C@@H](O)C=C[C@@]31CCN(C)C2,P11712_WT,,,,,,,inactive
Sulfamethazine,inactive,Cc1cc(C)nc(NS(=O)(=O)c2ccc(N)cc2)n1,spectrum,Cc1cc(C)nc(NS(=O)(=O)c2ccc(N)cc2)n1,"InChI=1S/C12H14N4O2S/c1-8-7-9(2)15-12(14-8)16-19(17,18)11-5-3-10(13)4-6-11/h3-7H,13H2,1-2H3,(H,14,15,16)",ASWVTGNCAZCNNR-UHFFFAOYSA-N,ASWVTGNCAZCNNR,Cc1cc(C)nc(NS(=O)(=O)c2ccc(N)cc2)n1,P51450_WT,P51450_WT,P51450_WT,P51450_WT,P51450_WT,,,inactive
Irsogladine maleate,inactive,Nc1nc(-c2c(Cl)ccc(Cl)c2)nc(N)n1,spectrum,Nc1nc(N)nc(-c2cc(Cl)ccc2Cl)n1,"InChI=1S/C9H7Cl2N5/c10-4-1-2-6(11)5(3-4)7-14-8(12)16-9(13)15-7/h1-3H,(H4,12,13,14,15,16)",ATCGGEJZONJOCL-UHFFFAOYSA-N,ATCGGEJZONJOCL,Nc1nc(N)nc(-c2cc(Cl)ccc2Cl)n1,,,,,,,,inactive
Riboflavin,inactive,Cc1cc2c(cc1C)n(C[C@@H](O)[C@@H](O)[C@@H](O)CO)c1nc(=O)[nH]c(=O)c-1n2,spectrum,Cc1cc2nc3c(=O)[nH]c(=O)nc-3n(C[C@@H](O)[C@@H](O)[C@@H](O)CO)c2cc1C,"InChI=1S/C17H20N4O6/c1-7-3-9-10(4-8(7)2)21(5-11(23)14(25)12(24)6-22)15-13(18-9)16(26)20-17(27)19-15/h3-4,11-12,14,22-25H,5-6H2,1-2H3,(H,20,26,27)/t11-,12+,14-/m1/s1",AUNGANRZJHBGPY-MBNYWOFBSA-N,AUNGANRZJHBGPY,Cc1cc2nc3c(=O)[nH]c(=O)nc-3n(C[C@@H](O)[C@@H](O)[C@@H](O)CO)c2cc1C,P51450_WT,P51450_WT,,,,,,inactive
Allopregnanolone,inactive,CC(=O)C1CC[C@H]2C3CC[C@H]4C[C@H](O)CC[C@]4(C)C3CC[C@]12C,spectrum,CC(=O)C1CC[C@H]2C3CC[C@H]4C[C@H](O)CC[C@]4(C)C3CC[C@]12C,"InChI=1S/C21H34O2/c1-13(22)17-6-7-18-16-5-4-14-12-15(23)8-10-20(14,2)19(16)9-11-21(17,18)3/h14-19,23H,4-12H2,1-3H3/t14-,15+,16?,17?,18-,19?,20-,21+/m0/s1",AURFZBICLPNKBZ-MHPDUSGUSA-N,AURFZBICLPNKBZ,CC(=O)C1CC[C@H]2C3CC[C@H]4C[C@H](O)CC[C@]4(C)C3CC[C@]12C,Q9Z0U4_WT,Q9Z0U4_WT,Q9Z0U4_WT,Q9Z0U4_WT,,,,inactive
Emetine dihydrochloride,reducer,CC[C@H]1CN2CCc3cc(OC)c(OC)cc3C2C[C@@H]1CC1NCCc2cc(OC)c(OC)cc21,spectrum,CC[C@H]1CN2CCc3cc(OC)c(OC)cc3C2C[C@@H]1CC1NCCc2cc(OC)c(OC)cc21,"InChI=1S/C29H40N2O4/c1-6-18-17-31-10-8-20-14-27(33-3)29(35-5)16-23(20)25(31)12-21(18)11-24-22-15-28(34-4)26(32-2)13-19(22)7-9-30-24/h13-16,18,21,24-25,30H,6-12,17H2,1-5H3/t18-,21-,24?,25?/m0/s1",AUVVAXYIELKVAI-VXNUJMKFSA-N,AUVVAXYIELKVAI,CC[C@H]1CN2CCc3cc(OC)c(OC)cc3C2C[C@@H]1CC1NCCc2cc(OC)c(OC)cc21,O15118_WT;O75604_WT;P03372_WT;P04637_WT;P08913_WT;P10275_WT;P10276_WT;P11166_WT;P11473_WT;P11511_WT;P18113_WT;P18825_WT;P24468_WT;P25094_WT;P38532_WT;P40225_WT;P42226_WT;P42858_WT;P51151_WT;P84022_WT;Q9NUW8_WT;Q03181_WT;Q16236_WT;Q16637_WT;Q16665_WT;Q99700_WT,O15118_WT;P04637_WT;P08913_WT;P10275_WT;P10276_WT;P11166_WT;P11511_WT;P18113_WT;P18825_WT;P24468_WT;P40225_WT;P51151_WT;P84022_WT;Q9NUW8_WT;Q16236_WT,P04637_WT;P08913_WT;P10275_WT;P10276_WT;P18113_WT;P18825_WT;P40225_WT;P84022_WT;Q9NUW8_WT,P08913_WT,,,,reducer
Liothyronine,inactive,N[C@H](Cc1cc(I)c(Oc2ccc(O)c(I)c2)c(I)c1)C(=O)O,spectrum,NC(Cc1cc(I)c(Oc2ccc(O)c(I)c2)c(I)c1)C(=O)O,"InChI=1S/C15H12I3NO4/c16-9-6-8(1-2-13(9)20)23-14-10(17)3-7(4-11(14)18)5-12(19)15(21)22/h1-4,6,12,20H,5,19H2,(H,21,22)",AUYYCJSJGJYCDS-UHFFFAOYSA-N,AUYYCJSJGJYCDS,NC(Cc1cc(I)c(Oc2ccc(O)c(I)c2)c(I)c1)C(=O)O,P00734_WT;P10827_WT;P10828_WT;P11511_WT;P18113_WT;P30542_WT,P00734_WT;P10827_WT;P10828_WT;P11511_WT;P18113_WT;P30542_WT,P00734_WT;P10827_WT;P10828_WT;P11511_WT;P18113_WT,P00734_WT;P10827_WT;P10828_WT;P11511_WT;P18113_WT,P00734_WT;P10827_WT;P10828_WT;P11511_WT;P18113_WT,P00734_WT;P10827_WT;P10828_WT;P18113_WT,,inactive
Disulfiram,inactive,CCN(CC)C(=S)SSC(=S)N(CC)CC,spectrum,CCN(CC)C(=S)SSC(=S)N(CC)CC,"InChI=1S/C10H20N2S4/c1-5-11(6-2)9(13)15-16-10(14)12(7-3)8-4/h5-8H2,1-4H3",AUZONCFQVSMFAP-UHFFFAOYSA-N,AUZONCFQVSMFAP,CCN(CC)C(=S)SSC(=S)N(CC)CC,O75496_WT;P0DMS8_WT;P00352_WT;P03372_WT;P10275_WT;P10276_WT;P11511_WT;P28300_WT;P35462_WT;P40225_WT;P51450_WT;P53350_WT;P57764_WT;P58215_WT;Q9D8T2_WT;Q9NUW8_WT;Q9Y4K0_WT;Q96JB6_WT;Q96KQ7_WT;Q03181_WT;Q16236_WT;Q99685_WT;Q99714_WT,O75496_WT;P0DMS8_WT;P00352_WT;P03372_WT;P10275_WT;P10276_WT;P11511_WT;P58215_WT;Q9NUW8_WT;Q9Y4K0_WT;Q96JB6_WT;Q03181_WT;Q16236_WT;Q99714_WT,O75496_WT;P10275_WT;P11511_WT;P58215_WT;Q9NUW8_WT;Q96JB6_WT;Q03181_WT;Q16236_WT,O75496_WT;Q9NUW8_WT,,,,inactive
2.3-dihydroxy-6.7-dichloroquinoxaline,inactive,Oc1nc2c(cc(Cl)c(Cl)c2)nc1O,spectrum,O=c1[nH]c2cc(Cl)c(Cl)cc2[nH]c1=O,"InChI=1S/C8H4Cl2N2O2/c9-3-1-5-6(2-4(3)10)12-8(14)7(13)11-5/h1-2H,(H,11,13)(H,12,14)",AVBSIKMUAFYZAV-UHFFFAOYSA-N,AVBSIKMUAFYZAV,O=c1[nH]c2cc(Cl)c(Cl)cc2[nH]c1=O,P35439_WT,P35439_WT,,,,,,inactive
Ampicillin sodium,inactive,CC1(C)S[C@@H]2[C@H](NC(=O)[C@H](N)c3ccccc3)C(=O)N2[C@H]1C(=O)O,spectrum,CC1(C)S[C@@H]2C(NC(=O)C(N)c3ccccc3)C(=O)N2C1C(=O)O,"InChI=1S/C16H19N3O4S/c1-16(2)11(15(22)23)19-13(21)10(14(19)24-16)18-12(20)9(17)8-6-4-3-5-7-8/h3-7,9-11,14H,17H2,1-2H3,(H,18,20)(H,22,23)/t9?,10?,11?,14-/m1/s1",AVKUERGKIZMTKX-FOQMGDCRSA-N,AVKUERGKIZMTKX,CC1(C)S[C@@H]2C(NC(=O)C(N)c3ccccc3)C(=O)N2C1C(=O)O,,,,,,,,inactive
Ethacrynic acid,inactive,C=C(CC)C(=O)c1c(Cl)c(Cl)c(OCC(=O)O)cc1,spectrum,C=C(CC)C(=O)c1ccc(OCC(=O)O)c(Cl)c1Cl,"InChI=1S/C13H12Cl2O4/c1-3-7(2)13(18)8-4-5-9(12(15)11(8)14)19-6-10(16)17/h4-5H,2-3,6H2,1H3,(H,16,17)",AVOLMBLBETYQHX-UHFFFAOYSA-N,AVOLMBLBETYQHX,C=C(CC)C(=O)c1ccc(OCC(=O)O)c(Cl)c1Cl,P11712_WT;Q16236_WT,,,,,,,inactive
Prenyletin,inactive,CC(C)=CCOc1c(O)cc2ccc(=O)oc2c1,spectrum,CC(C)=CCOc1cc2oc(=O)ccc2cc1O,"InChI=1S/C14H14O4/c1-9(2)5-6-17-13-8-12-10(7-11(13)15)3-4-14(16)18-12/h3-5,7-8,15H,6H2,1-2H3",AWEFUQDNSBBNCR-UHFFFAOYSA-N,AWEFUQDNSBBNCR,CC(C)=CCOc1cc2oc(=O)ccc2cc1O,,,,,,,,inactive
Enzastaurin,inactive,C1=CC=C2C(=C1)C(=CN2C3CCN(CC3)CC4=NC=CC=C4)C5C(NC(C=5C6C7C(N(C=6)C)=CC=CC=7)=O)=O,selleckchem,Cn1cc(C2=C(c3cn(C4CCN(Cc5ccccn5)CC4)c4ccccc34)C(=O)NC2=O)c2ccccc21,"InChI=1S/C32H29N5O2/c1-35-19-25(23-9-2-4-11-27(23)35)29-30(32(39)34-31(29)38)26-20-37(28-12-5-3-10-24(26)28)22-13-16-36(17-14-22)18-21-8-6-7-15-33-21/h2-12,15,19-20,22H,13-14,16-18H2,1H3,(H,34,38,39)",AXRCEOKUDYDWLF-UHFFFAOYSA-N,AXRCEOKUDYDWLF,Cn1cc(C2=C(c3cn(C4CCN(Cc5ccccn5)CC4)c4ccccc34)C(=O)NC2=O)c2ccccc21,O75582_WT;P05771_WT;P11309_WT;P17252_WT;P17612_WT;P22694_WT;P24723_WT;P36888_D835H;P36888_D835Y;P36888_K663Q;P36888_N841I;P36888_WT;P49759_WT;P49760_WT;P49840_WT;P49841_WT;P51812_WT;Q8TD08_WT;Q9H2X6_WT;Q9P1W9_WT;Q9UEE5_WT;Q9UK32_WT;Q9UKI8_WT;Q9UPZ9_WT;Q86YV6_WT;Q02156_WT;Q04759_WT;Q05655_WT;Q13237_WT;Q13627_WT;Q15349_WT,P05771_WT;P11309_WT;P24723_WT;P36888_D835H;P36888_D835Y;P36888_N841I;P36888_WT;P49840_WT;P49841_WT;P51812_WT;Q8TD08_WT;Q9UK32_WT;Q86YV6_WT;Q02156_WT;Q04759_WT;Q05655_WT;Q13237_WT;Q13627_WT;Q15349_WT,P05771_WT;P24723_WT;P36888_D835H;P36888_D835Y;P49841_WT;P51812_WT;Q8TD08_WT;Q9UK32_WT;Q02156_WT;Q04759_WT,P05771_WT;P49841_WT;Q9UK32_WT;Q02156_WT,P49841_WT;Q02156_WT,,,inactive
Florfenicol,inactive,CS(=O)(=O)c1ccc(C(O)[C@H](CF)NC(=O)C(Cl)Cl)cc1,spectrum,CS(=O)(=O)c1ccc(C(O)[C@H](CF)NC(=O)C(Cl)Cl)cc1,"InChI=1S/C12H14Cl2FNO4S/c1-21(19,20)8-4-2-7(3-5-8)10(17)9(6-15)16-12(18)11(13)14/h2-5,9-11,17H,6H2,1H3,(H,16,18)/t9-,10?/m0/s1",AYIRNRDRBQJXIF-RGURZIINSA-N,AYIRNRDRBQJXIF,CS(=O)(=O)c1ccc(C(O)[C@H](CF)NC(=O)C(Cl)Cl)cc1,,,,,,,,inactive
Epoxygedunin,inactive,CC(=O)O[C@@H]1CC2C(C)(C)C(=O)C3OC3[C@]2(C)C2CC[C@@]3(C)[C@H](c4cocc4)OC(=O)C4OC43[C@@]21C,spectrum,CC(=O)O[C@@H]1CC2C(C)(C)C(=O)C3OC3[C@]2(C)C2CC[C@@]3(C)[C@H](c4ccoc4)OC(=O)C4OC43[C@@]21C,"InChI=1S/C28H34O8/c1-13(29)33-17-11-16-24(2,3)19(30)18-21(34-18)26(16,5)15-7-9-25(4)20(14-8-10-32-12-14)35-23(31)22-28(25,36-22)27(15,17)6/h8,10,12,15-18,20-22H,7,9,11H2,1-6H3/t15?,16?,17-,18?,20+,21?,22?,25+,26-,27+,28?/m1/s1",AZGNIKZHFDJEPU-FJONONFLSA-N,AZGNIKZHFDJEPU,CC(=O)O[C@@H]1CC2C(C)(C)C(=O)C3OC3[C@]2(C)C2CC[C@@]3(C)[C@H](c4ccoc4)OC(=O)C4OC43[C@@]21C,,,,,,,,inactive
Sucralose,inactive,OC[C@H]1O[C@H](O[C@]2(CCl)O[C@H](CCl)[C@@H](O)[C@@H]2O)[C@H](O)[C@@H](O)[C@H]1Cl,spectrum,OC[C@H]1O[C@H](O[C@]2(CCl)O[C@H](CCl)[C@@H](O)[C@@H]2O)[C@H](O)[C@@H](O)[C@H]1Cl,"InChI=1S/C12H19Cl3O8/c13-1-4-7(17)10(20)12(3-14,22-4)23-11-9(19)8(18)6(15)5(2-16)21-11/h4-11,16-20H,1-3H2/t4-,5-,6+,7-,8+,9-,10+,11-,12+/m1/s1",BAQAVOSOZGMPRM-QBMZZYIRSA-N,BAQAVOSOZGMPRM,OC[C@H]1O[C@H](O[C@]2(CCl)O[C@H](CCl)[C@@H](O)[C@@H]2O)[C@H](O)[C@@H](O)[C@H]1Cl,P00918_WT,P00918_WT,,,,,,inactive
Nadide,inactive,NC(=O)c1c[n+]([C@@H]2O[C@H](COP(=O)([O-])OP(=O)(O)OC[C@H]3O[C@@H](n4cnc5c4ncnc5N)[C@H](O)[C@@H]3O)[C@@H](O)[C@H]2O)ccc1,spectrum,NC(=O)c1ccc[n+]([C@@H]2O[C@H](COP(=O)(O)OP(=O)(O)OC[C@H]3O[C@@H](n4cnc5c(N)ncnc54)[C@H](O)[C@@H]3O)[C@@H](O)[C@H]2O)c1,"InChI=1S/C21H27N7O14P2/c22-17-12-19(25-7-24-17)28(8-26-12)21-16(32)14(30)11(41-21)6-39-44(36,37)42-43(34,35)38-5-10-13(29)15(31)20(40-10)27-3-1-2-9(4-27)18(23)33/h1-4,7-8,10-11,13-16,20-21,29-32H,5-6H2,(H5-,22,23,24,25,33,34,35,36,37)/p+1/t10-,11-,13-,14-,15-,16-,20-,21-/m1/s1",BAWFJGJZGIEFAR-NNYOXOHSSA-O,BAWFJGJZGIEFAR,NC(=O)c1ccc[n+]([C@@H]2O[C@H](COP(=O)(O)OP(=O)(O)OC[C@H]3O[C@@H](n4cnc5c(N)ncnc54)[C@H](O)[C@@H]3O)[C@@H](O)[C@H]2O)c1,,,,,,,,inactive
Ancitabine hydrochloride,reducer,N=c1ccn2c(n1)O[C@@H]1[C@@H](O)[C@H](CO)O[C@@H]12,spectrum,N=c1ccn2c(n1)O[C@@H]1[C@@H](O)[C@H](CO)O[C@@H]12,"InChI=1S/C9H11N3O4/c10-5-1-2-12-8-7(16-9(12)11-5)6(14)4(3-13)15-8/h1-2,4,6-8,10,13-14H,3H2/t4-,6-,7+,8-/m0/s1",BBDAGFIXKZCXAH-JPCMASIJSA-N,BBDAGFIXKZCXAH,N=c1ccn2c(n1)O[C@@H]1[C@@H](O)[C@H](CO)O[C@@H]12,P03372_WT;P18113_WT;Q9NUW8_WT;Q16236_WT,P03372_WT;Q9NUW8_WT;Q16236_WT,P03372_WT;Q9NUW8_WT;Q16236_WT,P03372_WT;Q9NUW8_WT,P03372_WT;Q9NUW8_WT,,,reducer
Aristolochic acid,inactive,COc1cccc2c3c4c(cc(C(=O)O)c3c([N+](=O)[O-])cc12)OCO4,spectrum,COc1cccc2c1cc([N+](=O)[O-])c1c(C(=O)O)cc3c(c12)OCO3,"InChI=1S/C17H11NO7/c1-23-12-4-2-3-8-9(12)5-11(18(21)22)14-10(17(19)20)6-13-16(15(8)14)25-7-24-13/h2-6H,7H2,1H3,(H,19,20)",BBFQZRXNYIEMAW-UHFFFAOYSA-N,BBFQZRXNYIEMAW,COc1cccc2c1cc([N+](=O)[O-])c1c(C(=O)O)cc3c(c12)OCO3,P08684_WT,,,,,,,inactive
Lasalocid sodium,inactive,CC[C@@H](C(=O)C(C)[C@@H](O)[C@H](C)CCc1c(C(=O)O)c(O)c(C)cc1)C1OC(CC)(C2CC[C@](O)(CC)[C@H](C)O2)C[C@@H]1C,spectrum,CCC(C(=O)C(C)[C@@H](O)[C@H](C)CCc1ccc(C)c(O)c1C(=O)O)C1OC(CC)(C2CC[C@](O)(CC)[C@H](C)O2)C[C@@H]1C,"InChI=1S/C34H54O8/c1-9-25(31-21(6)18-34(11-3,42-31)26-16-17-33(40,10-2)23(8)41-26)30(37)22(7)28(35)19(4)12-14-24-15-13-20(5)29(36)27(24)32(38)39/h13,15,19,21-23,25-26,28,31,35-36,40H,9-12,14,16-18H2,1-8H3,(H,38,39)/t19-,21+,22?,23+,25?,26?,28+,31?,33-,34?/m1/s1",BBMULGJBVDDDNI-NERLQWAESA-N,BBMULGJBVDDDNI,CCC(C(=O)C(C)[C@@H](O)[C@H](C)CCc1ccc(C)c(O)c1C(=O)O)C1OC(CC)(C2CC[C@](O)(CC)[C@H](C)O2)C[C@@H]1C,Q9NPD5_WT;Q9Y6L6_WT,,,,,,,inactive
1.3-dideacetyl-7-deacetoxy-7-oxokhivorin,inactive,CC1(C)C2CC(=O)[C@]3(C)C(CC[C@@]4(C)[C@H](c5cocc5)OC(=O)C5OC543)[C@@]2(C)[C@@H](O)C[C@H]1O,spectrum,CC1(C)C2CC(=O)[C@]3(C)C(CC[C@@]4(C)[C@H](c5ccoc5)OC(=O)C5OC543)[C@@]2(C)[C@@H](O)C[C@H]1O,"InChI=1S/C26H34O7/c1-22(2)15-10-18(29)25(5)14(24(15,4)17(28)11-16(22)27)6-8-23(3)19(13-7-9-31-12-13)32-21(30)20-26(23,25)33-20/h7,9,12,14-17,19-20,27-28H,6,8,10-11H2,1-5H3/t14?,15?,16-,17+,19+,20?,23+,24-,25+,26?/m1/s1",BBSPXZBAZKHYLF-HUBYRZTESA-N,BBSPXZBAZKHYLF,CC1(C)C2CC(=O)[C@]3(C)C(CC[C@@]4(C)[C@H](c5ccoc5)OC(=O)C5OC543)[C@@]2(C)[C@@H](O)C[C@H]1O,,,,,,,,inactive
Voriconazole,inactive,C[C@@H](c1c(F)cncn1)[C@](O)(Cn1cncn1)c1c(F)cc(F)cc1,spectrum,CC(c1ncncc1F)[C@](O)(Cn1cncn1)c1ccc(F)cc1F,"InChI=1S/C16H14F3N5O/c1-10(15-14(19)5-20-7-22-15)16(25,6-24-9-21-8-23-24)12-3-2-11(17)4-13(12)18/h2-5,7-10,25H,6H2,1H3/t10?,16-/m1/s1",BCEHBSKCWLPMDN-YRQZNCJOSA-N,BCEHBSKCWLPMDN,CC(c1ncncc1F)[C@](O)(Cn1cncn1)c1ccc(F)cc1F,Q9Y6A2_WT,Q9Y6A2_WT,Q9Y6A2_WT,,,,,inactive
Lapatinib Ditosylate,reducer,C1(=C(C=C2C(=C1)N=CN=C2NC3=CC=C(C(=C3)Cl)OCC4=CC=CC(=C4)F)C5OC(=CC=5)CNCCS(=O)(C)=O).C6(=C(C=CC(=C6)S(O)(=O)=O)C).C7=C(C=CC(=C7)S(O)(=O)=O)C,selleckchem,CS(=O)(=O)CCNCc1ccc(-c2ccc3ncnc(Nc4ccc(OCc5cccc(F)c5)c(Cl)c4)c3c2)o1,"InChI=1S/C29H26ClFN4O4S/c1-40(36,37)12-11-32-16-23-7-10-27(39-23)20-5-8-26-24(14-20)29(34-18-33-26)35-22-6-9-28(25(30)15-22)38-17-19-3-2-4-21(31)13-19/h2-10,13-15,18,32H,11-12,16-17H2,1H3,(H,33,34,35)",BCFGMOOMADDAQU-UHFFFAOYSA-N,BCFGMOOMADDAQU,CS(=O)(=O)CCNCc1ccc(-c2ccc3ncnc(Nc4ccc(OCc5cccc(F)c5)c(Cl)c4)c3c2)o1,O00506_WT;O00750_WT;P00533_A750P;P00533_G719C;P00533_G719S;P00533_L858R;P00533_L861Q;P00533_P753S;P00533_T790M;P00533_WT;P04626_WT;P10721_D816V;P68370_WT;Q9UBF8_WT;Q15303_WT,P00533_A750P;P00533_G719C;P00533_G719S;P00533_L858R;P00533_L861Q;P00533_P753S;P00533_WT;P04626_WT;P68370_WT;Q15303_WT,P00533_A750P;P00533_G719C;P00533_G719S;P00533_L858R;P00533_L861Q;P00533_P753S;P00533_WT;P04626_WT;P68370_WT;Q15303_WT,P00533_A750P;P00533_G719C;P00533_G719S;P00533_L858R;P00533_L861Q;P00533_P753S;P00533_WT;P04626_WT,P00533_A750P;P00533_G719C;P00533_G719S;P00533_L858R;P00533_L861Q;P00533_P753S,P00533_A750P;P00533_G719C;P00533_G719S;P00533_L858R;P00533_L861Q,P00533_G719C,reducer
Imipramine hydrochloride,inactive,CN(C)CCCN1c2c(cccc2)CCc2c1cccc2,spectrum,CN(C)CCCN1c2ccccc2CCc2ccccc21,"InChI=1S/C19H24N2/c1-20(2)14-7-15-21-18-10-5-3-8-16(18)12-13-17-9-4-6-11-19(17)21/h3-6,8-11H,7,12-15H2,1-2H3",BCGWQEUPMDMJNV-UHFFFAOYSA-N,BCGWQEUPMDMJNV,CN(C)CCCN1c2ccccc2CCc2ccccc21,O15244_WT;O55192_WT;P08482_WT;P08911_WT;P14416_WT;P23975_WT;P28223_WT;P28335_WT;P31390_WT;P31645_WT;P31652_WT;P34968_WT;P35367_WT;P43140_WT;P61168_WT;Q9R0C9_WT;Q9WTR4_WT;Q60857_WT;Q61327_WT,O55192_WT;P08911_WT;P23975_WT;P28223_WT;P28335_WT;P31390_WT;P31645_WT;P31652_WT;P34968_WT;P35367_WT;P43140_WT;Q9WTR4_WT;Q60857_WT;Q61327_WT,O55192_WT;P23975_WT;P31390_WT;P31645_WT;P31652_WT;P35367_WT;P43140_WT;Q9WTR4_WT;Q60857_WT;Q61327_WT,O55192_WT;P31390_WT;P31645_WT;P35367_WT;P43140_WT;Q9WTR4_WT;Q60857_WT,P31390_WT;P31645_WT;P43140_WT;Q60857_WT,P31390_WT;P43140_WT,P31390_WT,inactive
Sgx-523,inactive,C1=C2C(=CC(=C1)SC3N4C(=NN=3)C=CC(=N4)C5C=NN(C=5)C)C=CC=N2,selleckchem,Cn1cc(-c2ccc3nnc(Sc4ccc5ncccc5c4)n3n2)cn1,"InChI=1S/C18H13N7S/c1-24-11-13(10-20-24)16-6-7-17-21-22-18(25(17)23-16)26-14-4-5-15-12(9-14)3-2-8-19-15/h2-11H,1H3",BCZUAADEACICHN-UHFFFAOYSA-N,BCZUAADEACICHN,Cn1cc(-c2ccc3nnc(Sc4ccc5ncccc5c4)n3n2)cn1,P08581_M1250T;P08581_WT;P08581_Y1235D;P16083_WT;Q13627_WT,P08581_M1250T;P08581_WT;P08581_Y1235D;P16083_WT,P08581_M1250T;P08581_WT;P08581_Y1235D,P08581_M1250T;P08581_WT;P08581_Y1235D,P08581_M1250T;P08581_WT;P08581_Y1235D,P08581_M1250T;P08581_WT,P08581_M1250T;P08581_WT,inactive
Diloxanide furoate,inactive,CN(C(=O)C(Cl)Cl)c1ccc(OC(=O)c2ccco2)cc1,spectrum,CN(C(=O)C(Cl)Cl)c1ccc(OC(=O)c2ccco2)cc1,"InChI=1S/C14H11Cl2NO4/c1-17(13(18)12(15)16)9-4-6-10(7-5-9)21-14(19)11-3-2-8-20-11/h2-8,12H,1H3",BDYYDXJSHYEDGB-UHFFFAOYSA-N,BDYYDXJSHYEDGB,CN(C(=O)C(Cl)Cl)c1ccc(OC(=O)c2ccco2)cc1,,,,,,,,inactive
Hematein,inactive,O=C1C=C2CC3(O)COc4c(ccc(O)c4O)C3=C2C=C1O,spectrum,Oc1cc2c(cc1O)=C1c3ccc(O)c(O)c3OCC1(O)C=2,"InChI=1S/C16H12O6/c17-10-2-1-8-13-9-4-12(19)11(18)3-7(9)5-16(13,21)6-22-15(8)14(10)20/h1-5,17-21H,6H2",BEBLLQPTMVOKAX-UHFFFAOYSA-N,BEBLLQPTMVOKAX,Oc1cc2c(cc1O)=C1c3ccc(O)c(O)c3OCC1(O)C=2,Q9UBT6_WT;Q9Y253_WT,Q9UBT6_WT,Q9UBT6_WT,,,,,inactive
2-methyl-5.7.8-trimethoxyisoflavone,inactive,COc1c(OC)c2c(c(OC)c1)c(=O)c(-c1ccccc1)c(C)o2,spectrum,COc1cc(OC)c2c(=O)c(-c3ccccc3)c(C)oc2c1OC,"InChI=1S/C19H18O5/c1-11-15(12-8-6-5-7-9-12)17(20)16-13(21-2)10-14(22-3)18(23-4)19(16)24-11/h5-10H,1-4H3",BFCBHPPLWHZOIQ-UHFFFAOYSA-N,BFCBHPPLWHZOIQ,COc1cc(OC)c2c(=O)c(-c3ccccc3)c(C)oc2c1OC,,,,,,,,inactive
Suloctidil,inactive,CCCCCCCCNC(C)C(O)c1ccc(SC(C)C)cc1,spectrum,CCCCCCCCNC(C)C(O)c1ccc(SC(C)C)cc1,"InChI=1S/C20H35NOS/c1-5-6-7-8-9-10-15-21-17(4)20(22)18-11-13-19(14-12-18)23-16(2)3/h11-14,16-17,20-22H,5-10,15H2,1-4H3",BFCDFTHTSVTWOG-UHFFFAOYSA-N,BFCDFTHTSVTWOG,CCCCCCCCNC(C)C(O)c1ccc(SC(C)C)cc1,P00533_WT;P06241_WT;P19327_WT;P25021_WT;P41595_WT;Q99720_WT,P25021_WT;Q99720_WT,,,,,,inactive
Ethinyl estradiol,inactive,C#C[C@]1(O)CCC2C3CCc4c(ccc(O)c4)C3CC[C@@]21C,spectrum,C#C[C@]1(O)CCC2C3CCc4cc(O)ccc4C3CC[C@@]21C,"InChI=1S/C20H24O2/c1-3-20(22)11-9-18-17-6-4-13-12-14(21)5-7-15(13)16(17)8-10-19(18,20)2/h1,5,7,12,16-18,21-22H,4,6,8-11H2,2H3/t16?,17?,18?,19-,20-/m0/s1",BFPYWIDHMRZLRN-OQPPHWFISA-N,BFPYWIDHMRZLRN,C#C[C@]1(O)CCC2C3CCc4cc(O)ccc4C3CC[C@@]21C,P03372_WT;P04278_WT;P20813_WT;P23975_WT;P31645_WT;P50225_WT;Q01959_WT;Q06278_WT;Q92731_WT,P03372_WT;P04278_WT;P31645_WT;P50225_WT;Q92731_WT,P03372_WT;P31645_WT;P50225_WT;Q92731_WT,P03372_WT;P50225_WT;Q92731_WT,P03372_WT;Q92731_WT,P03372_WT;Q92731_WT,P03372_WT;Q92731_WT,inactive
Dabrafenib,antineoplastic,C1(C(=CC=CC=1F)F)S(=O)(=O)NC2C(=C(C=CC=2)C3N=C(SC=3C4=NC(=NC=C4)N)C(C)(C)C)F,selleckchem,CC(C)(C)c1nc(-c2cccc(NS(=O)(=O)c3c(F)cccc3F)c2F)c(-c2ccnc(N)n2)s1,"InChI=1S/C23H20F3N5O2S2/c1-23(2,3)21-30-18(19(34-21)16-10-11-28-22(27)29-16)12-6-4-9-15(17(12)26)31-35(32,33)20-13(24)7-5-8-14(20)25/h4-11,31H,1-3H3,(H2,27,28,29)",BFSMGDJOXZAERB-UHFFFAOYSA-N,BFSMGDJOXZAERB,CC(C)(C)c1nc(-c2cccc(NS(=O)(=O)c3c(F)cccc3F)c2F)c(-c2ccnc(N)n2)s1,O00444_WT;O15197_WT;O43353_WT;O75385_WT;O94806_WT;O95067_WT;P04049_WT;P06239_WT;P06241_WT;P06493_WT;P10398_WT;P11802_WT;P15056_WT;P21709_WT;P24941_WT;P36896_WT;P41240_WT;P42684_WT;P42685_WT;P53667_WT;P53671_WT;P63167_WT;Q8TD19_WT;Q8TF42_WT;Q9BQI3_WT;Q9BZL6_WT;Q9H0K1_WT;Q9NWQ8_WT;Q9NYL2_WT;Q9Y572_WT;Q76MJ5_WT;Q96FJ2_WT;Q96PY6_WT;Q00534_WT;Q00536_WT;Q00537_WT;Q13470_WT,O43353_WT;O75385_WT;O94806_WT;P04049_WT;P10398_WT;P11802_WT;P15056_WT;P24941_WT;P42684_WT;P53667_WT;P53671_WT;P63167_WT;Q8TD19_WT;Q9BZL6_WT;Q9NYL2_WT;Q9Y572_WT;Q76MJ5_WT;Q96FJ2_WT;Q00536_WT;Q00537_WT;Q13470_WT,P10398_WT;P15056_WT;P24941_WT;P53667_WT;P53671_WT;P63167_WT;Q8TD19_WT;Q9BZL6_WT;Q00536_WT;Q00537_WT;Q13470_WT,P15056_WT;P24941_WT;Q00536_WT,P15056_WT,,,antineoplastic
Fipexide hydrochloride,inactive,O=C(COc1ccc(Cl)cc1)N1CCN(Cc2ccc3OCOc3c2)CC1,spectrum,O=C(COc1ccc(Cl)cc1)N1CCN(Cc2ccc3c(c2)OCO3)CC1,"InChI=1S/C20H21ClN2O4/c21-16-2-4-17(5-3-16)25-13-20(24)23-9-7-22(8-10-23)12-15-1-6-18-19(11-15)27-14-26-18/h1-6,11H,7-10,12-14H2",BFUJHVVEMMWLHC-UHFFFAOYSA-N,BFUJHVVEMMWLHC,O=C(COc1ccc(Cl)cc1)N1CCN(Cc2ccc3c(c2)OCO3)CC1,P03372_WT;P10635_WT,P03372_WT;P10635_WT,P03372_WT,,,,,inactive
Tropicamide,inactive,CCN(Cc1ccncc1)C(=O)C(CO)c1ccccc1,spectrum,CCN(Cc1ccncc1)C(=O)C(CO)c1ccccc1,"InChI=1S/C17H20N2O2/c1-2-19(12-14-8-10-18-11-9-14)17(21)16(13-20)15-6-4-3-5-7-15/h3-11,16,20H,2,12-13H2,1H3",BGDKAVGWHJFAGW-UHFFFAOYSA-N,BGDKAVGWHJFAGW,CCN(Cc1ccncc1)C(=O)C(CO)c1ccccc1,P08172_WT;P08173_WT;P08912_WT;P11229_WT;P20309_WT,P08172_WT;P08173_WT;P08912_WT;P11229_WT;P20309_WT,P08172_WT;P08173_WT;P08912_WT;P20309_WT,P08173_WT,P08173_WT,,,inactive
Bergapten,inactive,COc1c2ccoc2cc2c1ccc(=O)o2,spectrum,COc1c2ccoc2cc2oc(=O)ccc12,"InChI=1S/C12H8O4/c1-14-12-7-2-3-11(13)16-10(7)6-9-8(12)4-5-15-9/h2-6H,1H3",BGEBZHIAGXMEMV-UHFFFAOYSA-N,BGEBZHIAGXMEMV,COc1c2ccoc2cc2oc(=O)ccc12,P04798_WT;P05177_WT,P04798_WT;P05177_WT,P04798_WT;P05177_WT,,,,,inactive
Vecuronium bromide,inactive,CC(=O)O[C@H]1CC2CCC3C(CC[C@@]4(C)C3C[C@H]([N+]3(C)CCCCC3)[C@@H]4OC(C)=O)[C@@]2(C)C[C@@H]1N1CCCCC1,spectrum,CC(=O)O[C@H]1CC2CCC3C(CC[C@@]4(C)C3C[C@H]([N+]3(C)CCCCC3)[C@@H]4OC(C)=O)[C@@]2(C)C[C@@H]1N1CCCCC1,"InChI=1S/C34H57N2O4/c1-23(37)39-31-20-25-12-13-26-27(34(25,4)22-29(31)35-16-8-6-9-17-35)14-15-33(3)28(26)21-30(32(33)40-24(2)38)36(5)18-10-7-11-19-36/h25-32H,6-22H2,1-5H3/q+1/t25?,26?,27?,28?,29-,30-,31-,32-,33-,34-/m0/s1",BGSZAXLLHYERSY-HKCZGGMBSA-N,BGSZAXLLHYERSY,CC(=O)O[C@H]1CC2CCC3C(CC[C@@]4(C)C3C[C@H]([N+]3(C)CCCCC3)[C@@H]4OC(C)=O)[C@@]2(C)C[C@@H]1N1CCCCC1,,,,,,,,inactive
Benzoxiquine,inactive,O=C(Oc1cccc2cccnc12)c1ccccc1,spectrum,O=C(Oc1cccc2cccnc12)c1ccccc1,InChI=1S/C16H11NO2/c18-16(13-6-2-1-3-7-13)19-14-10-4-8-12-9-5-11-17-15(12)14/h1-11H,BHKPHCKISVSDGV-UHFFFAOYSA-N,BHKPHCKISVSDGV,O=C(Oc1cccc2cccnc12)c1ccccc1,,,,,,,,inactive
Cholic acid,inactive,CC(CCC(=O)O)[C@H]1CCC2C3C(C[C@H](O)[C@@]21C)[C@@]1(C)CC[C@@H](O)C[C@H]1C[C@H]3O,spectrum,CC(CCC(=O)O)[C@H]1CCC2C3C(C[C@H](O)[C@@]21C)[C@@]1(C)CC[C@@H](O)C[C@H]1C[C@H]3O,"InChI=1S/C24H40O5/c1-13(4-7-21(28)29)16-5-6-17-22-18(12-20(27)24(16,17)3)23(2)9-8-15(25)10-14(23)11-19(22)26/h13-20,22,25-27H,4-12H2,1-3H3,(H,28,29)/t13?,14-,15+,16+,17?,18?,19+,20-,22?,23-,24+/m0/s1",BHQCQFFYRZLCQQ-POCSNJCLSA-N,BHQCQFFYRZLCQQ,CC(CCC(=O)O)[C@H]1CCC2C3C(C[C@H](O)[C@@]21C)[C@@]1(C)CC[C@@H](O)C[C@H]1C[C@H]3O,O75496_WT,,,,,,,inactive
Flavopiridol HCl,reducer,CN1CC[C@H](c2c(O)cc(O)c3c2oc(-c2ccccc2Cl)cc3=O)[C@H](O)C1,selleckchem,CN1CC[C@H](c2c(O)cc(O)c3c(=O)cc(-c4ccccc4Cl)oc23)[C@H](O)C1,"InChI=1S/C21H20ClNO5/c1-23-7-6-12(17(27)10-23)19-14(24)8-15(25)20-16(26)9-18(28-21(19)20)11-4-2-3-5-13(11)22/h2-5,8-9,12,17,24-25,27H,6-7,10H2,1H3/t12-,17+/m0/s1",BIIVYFLTOXDAOV-YVEFUNNKSA-N,BIIVYFLTOXDAOV,CN1CC[C@H](c2c(O)cc(O)c3c(=O)cc(-c4ccccc4Cl)oc23)[C@H](O)C1,O00238_WT;O14578_WT;O14976_WT;O15264_WT;O43427_WT;O60563_WT;O60583_WT;O75909_WT;O76039_WT;O94806_WT;O94921_WT;O95067_WT;P00533_L858R_T790M;P03372_WT;P04150_WT;P06493_WT;P10275_WT;P10276_WT;P11309_WT;P11511_WT;P11802_WT;P14635_WT;P18074_WT;P18113_WT;P20794_WT;P24723_WT;P24941_WT;P35557_WT;P42679_WT;P49336_WT;P49840_WT;P49841_WT;P50613_WT;P50750_WT;P51450_WT;P51825_WT;P51948_WT;P98161_WT;Q4G0J3_WT;Q7L7X3_WT;Q8IYT8_WT;Q8N5S9_WT;Q8TBX8_WT;Q8TD08_WT;Q8TDR2_WT;Q8WTQ7_WT;Q9BQI3_WT;Q9BWU1_WT;Q9H2K8_WT;Q9NUW8_WT;Q9NYV4_WT;Q9P1W9_WT;Q9UHB7_WT;Q9UL54_WT;Q9UM73_WT;Q9UPZ9_WT;Q9Y463_WT;Q59H18_WT;Q86V86_WT;Q86Y07_WT;Q86YS7_WT;Q96Q40_WT;Q96QE3_WT;Q96RR4_WT;Q00526_WT;Q00535_WT;Q00536_WT;Q00537_WT;Q02156_WT;Q04759_WT;Q09013_WT;Q12851_WT;Q13163_WT;Q13164_WT;Q13627_WT;Q15131_WT;Q15139_WT;Q15835_WT;Q63470_WT,O14578_WT;O60563_WT;O60583_WT;O76039_WT;O94921_WT;P06493_WT;P10275_WT;P10276_WT;P11511_WT;P11802_WT;P14635_WT;P18113_WT;P20794_WT;P24941_WT;P35557_WT;P49336_WT;P50613_WT;P50750_WT;P51450_WT;P51825_WT;Q4G0J3_WT;Q8N5S9_WT;Q9BWU1_WT;Q9NUW8_WT;Q9NYV4_WT;Q9UHB7_WT;Q9UL54_WT;Q9UPZ9_WT;Q9Y463_WT;Q59H18_WT;Q86Y07_WT;Q96QE3_WT;Q00535_WT;Q04759_WT;Q12851_WT;Q13163_WT;Q15131_WT;Q63470_WT,O60563_WT;O60583_WT;O76039_WT;P06493_WT;P10276_WT;P11802_WT;P20794_WT;P50750_WT;P51825_WT;Q4G0J3_WT;Q8N5S9_WT;Q9BWU1_WT;Q9NUW8_WT;Q9UHB7_WT;Q9UPZ9_WT;Q9Y463_WT;Q59H18_WT;Q86Y07_WT;Q96QE3_WT,O60563_WT;O60583_WT;O76039_WT;P11802_WT;P20794_WT;P50750_WT;P51825_WT;Q4G0J3_WT;Q8N5S9_WT;Q9NUW8_WT;Q9UHB7_WT;Q9UPZ9_WT;Q96QE3_WT,O60563_WT;O60583_WT;O76039_WT;P50750_WT;P51825_WT;Q4G0J3_WT;Q9UHB7_WT;Q9UPZ9_WT,O60583_WT;P51825_WT;Q4G0J3_WT;Q9UHB7_WT;Q9UPZ9_WT,Q9UPZ9_WT,reducer
Fenaclon,inactive,O=C(CCCl)NCCc1ccccc1,spectrum,O=C(CCCl)NCCc1ccccc1,"InChI=1S/C11H14ClNO/c12-8-6-11(14)13-9-7-10-4-2-1-3-5-10/h1-5H,6-9H2,(H,13,14)",BITWVVLBVUMFHU-UHFFFAOYSA-N,BITWVVLBVUMFHU,O=C(CCCl)NCCc1ccccc1,,,,,,,,inactive
Artenimol,inactive,C[C@@H]1CC[C@H]2[C@@H](C)C(O)O[C@@H]3O[C@@]4(C)CC[C@@H]1[C@@]23OO4,spectrum,C[C@@H]1CC[C@H]2[C@@H](C)C(O)O[C@@H]3O[C@@]4(C)CC[C@@H]1[C@]32OO4,"InChI=1S/C15H24O5/c1-8-4-5-11-9(2)12(16)17-13-15(11)10(8)6-7-14(3,18-13)19-20-15/h8-13,16H,4-7H2,1-3H3/t8-,9-,10+,11+,12?,13-,14-,15-/m1/s1",BJDCWCLMFKKGEE-HVDUHBCDSA-N,BJDCWCLMFKKGEE,C[C@@H]1CC[C@H]2[C@@H](C)C(O)O[C@@H]3O[C@@]4(C)CC[C@@H]1[C@]32OO4,P10275_WT;P18113_WT;Q9NUW8_WT;Q96QE3_WT,Q9NUW8_WT;Q96QE3_WT,Q9NUW8_WT,,,,,inactive
Arbutin,inactive,OC[C@H]1O[C@@H](Oc2ccc(O)cc2)[C@H](O)[C@@H](O)[C@@H]1O,spectrum,OC[C@H]1O[C@@H](Oc2ccc(O)cc2)[C@H](O)[C@@H](O)[C@@H]1O,"InChI=1S/C12H16O7/c13-5-8-9(15)10(16)11(17)12(19-8)18-7-3-1-6(14)2-4-7/h1-4,8-17H,5H2/t8-,9-,10+,11-,12-/m1/s1",BJRNKVDFDLYUGJ-RMPHRYRLSA-N,BJRNKVDFDLYUGJ,OC[C@H]1O[C@@H](Oc2ccc(O)cc2)[C@H](O)[C@@H](O)[C@@H]1O,,,,,,,,inactive
Catechin pentaacetate,inactive,CC(=O)Oc1cc2c(C[C@H](OC(C)=O)[C@@H](c3ccc(OC(C)=O)c(OC(C)=O)c3)O2)c(OC(C)=O)c1,spectrum,CC(=O)Oc1cc(OC(C)=O)c2c(c1)O[C@H](c1ccc(OC(C)=O)c(OC(C)=O)c1)[C@@H](OC(C)=O)C2,"InChI=1S/C25H24O11/c1-12(26)31-18-9-21(33-14(3)28)19-11-24(35-16(5)30)25(36-22(19)10-18)17-6-7-20(32-13(2)27)23(8-17)34-15(4)29/h6-10,24-25H,11H2,1-5H3/t24-,25+/m0/s1",BKYWAYNSDFXIPL-LOSJGSFVSA-N,BKYWAYNSDFXIPL,CC(=O)Oc1cc(OC(C)=O)c2c(c1)O[C@H](c1ccc(OC(C)=O)c(OC(C)=O)c1)[C@@H](OC(C)=O)C2,,,,,,,,inactive
Corynanthine,inactive,COC(=O)[C@@H]1C(O)CC[C@H]2CN3CCc4c([nH]c5ccccc45)[C@@H]3C[C@H]12,spectrum,COC(=O)C1C(O)CC[C@H]2CN3CCc4c([nH]c5ccccc45)[C@@H]3C[C@H]12,"InChI=1S/C21H26N2O3/c1-26-21(25)19-15-10-17-20-14(13-4-2-3-5-16(13)22-20)8-9-23(17)11-12(15)6-7-18(19)24/h2-5,12,15,17-19,22,24H,6-11H2,1H3/t12-,15-,17-,18?,19?/m0/s1",BLGXFZZNTVWLAY-YAKXIKDJSA-N,BLGXFZZNTVWLAY,COC(=O)C1C(O)CC[C@H]2CN3CCc4c([nH]c5ccccc45)[C@@H]3C[C@H]12,P0DMS8_WT;P08908_WT;P08913_WT;P10635_WT;P15823_WT;P18089_WT;P18825_WT;P19327_WT;P19328_WT;P22002_WT;P23944_WT;P25100_WT;P27695_WT;P29276_WT;P35348_WT;P35368_WT;P41595_WT;P43140_WT;Q9NUW8_WT,P0DMS8_WT;P08908_WT;P08913_WT;P10635_WT;P18089_WT;P18825_WT;P19327_WT;P19328_WT;P22002_WT;P23944_WT;P25100_WT;P27695_WT;P29276_WT;P41595_WT;Q9NUW8_WT,P0DMS8_WT;P08908_WT;P08913_WT;P18089_WT;P18825_WT;P19327_WT;P19328_WT;P23944_WT;P27695_WT;P29276_WT;P41595_WT;Q9NUW8_WT,P08913_WT;P18089_WT;P18825_WT;P19328_WT;Q9NUW8_WT,P08913_WT;P18089_WT;P18825_WT;P19328_WT,P18825_WT;P19328_WT,P18825_WT,inactive
Timolol maleate,inactive,CC(C)(C)NC[C@@H](O)COc1nsnc1N1CCOCC1,spectrum,CC(C)(C)NC[C@@H](O)COc1nsnc1N1CCOCC1,"InChI=1S/C13H24N4O3S/c1-13(2,3)14-8-10(18)9-20-12-11(15-21-16-12)17-4-6-19-7-5-17/h10,14,18H,4-9H2,1-3H3/t10-/m1/s1",BLJRIMJGRPQVNF-SNVBAGLBSA-N,BLJRIMJGRPQVNF,CC(C)(C)NC[C@@H](O)COc1nsnc1N1CCOCC1,P07550_WT;P08588_WT;P13945_WT;P18090_WT,P07550_WT;P08588_WT;P18090_WT,P07550_WT;P08588_WT;P18090_WT,P07550_WT;P08588_WT;P18090_WT,P07550_WT;P08588_WT,P07550_WT,P07550_WT,inactive
Enmd-2076,inactive,N1(=C(C=C(N1)C)NC2=CC(=NC(=N2)/C=C/C3=CC=CC=C3)N4CCN(CC4)C).OC(=O)[C@@H]([C@H](C(O)=O)O)O,selleckchem,Cc1cc(Nc2cc(N3CCN(C)CC3)nc(/C=C/c3ccccc3)n2)[nH]n1,"InChI=1S/C21H25N7/c1-16-14-20(26-25-16)23-19-15-21(28-12-10-27(2)11-13-28)24-18(22-19)9-8-17-6-4-3-5-7-17/h3-9,14-15H,10-13H2,1-2H3,(H2,22,23,24,25,26)/b9-8+",BLQYVHBZHAISJM-CMDGGOBGSA-N,BLQYVHBZHAISJM,Cc1cc(Nc2cc(N3CCN(C)CC3)nc(/C=C/c3ccccc3)n2)[nH]n1,O00444_WT;O14757_WT;O14965_WT;O43293_WT;O60674_WT;O75716_WT;O96013_WT;P00519_WT;P04629_WT;P06239_WT;P07333_WT;P07947_WT;P07949_WT;P08240_WT;P08922_WT;P09619_WT;P10721_WT;P11362_WT;P12931_WT;P16234_WT;P16591_WT;P17948_WT;P22607_WT;P23443_WT;P35968_WT;P36507_WT;P36888_WT;P42685_WT;P43405_WT;P50613_WT;P51451_WT;P52333_WT;P53667_WT;Q5S007_WT;Q6PHR2_WT;Q7L7X3_WT;Q9H2G2_WT;Q9H2X6_WT;Q9HAZ1_WT;Q9NWZ3_WT;Q9UEE5_WT;Q9UHD2_WT;Q9Y4K4_WT;Q9Y463_WT;Q96GD4_WT;Q02750_WT;Q04771_WT;Q04912_WT;Q06187_WT;Q08345_WT;Q08881_WT;Q13131_WT;Q14164_WT;Q16288_WT;Q16620_WT,O00444_WT;O14965_WT;O43293_WT;O60674_WT;P00519_WT;P04629_WT;P06239_WT;P07333_WT;P07949_WT;P08240_WT;P08922_WT;P09619_WT;P11362_WT;P12931_WT;P16234_WT;P17948_WT;P22607_WT;P35968_WT;P36888_WT;P42685_WT;P50613_WT;P51451_WT;Q5S007_WT;Q9H2X6_WT;Q9UEE5_WT;Q9UHD2_WT;Q9Y463_WT;Q96GD4_WT;Q04771_WT;Q08881_WT;Q16288_WT;Q16620_WT,O00444_WT;O14965_WT;O43293_WT;O60674_WT;P07949_WT;P08240_WT;P09619_WT;P12931_WT;P16234_WT;P17948_WT;P35968_WT;P36888_WT;P42685_WT;P50613_WT;P51451_WT;Q04771_WT;Q16288_WT,O14965_WT;O43293_WT;O60674_WT;P07949_WT;P08240_WT;P12931_WT;P17948_WT;P36888_WT,P08240_WT;P36888_WT,,,inactive
Terconazole,inactive,CC(C)N1CCN(c2ccc(OC[C@H]3CO[C@](Cn4cncn4)(c4c(Cl)cc(Cl)cc4)O3)cc2)CC1,spectrum,CC(C)N1CCN(c2ccc(OC[C@H]3CO[C@](Cn4cncn4)(c4ccc(Cl)cc4Cl)O3)cc2)CC1,"InChI=1S/C26H31Cl2N5O3/c1-19(2)31-9-11-32(12-10-31)21-4-6-22(7-5-21)34-14-23-15-35-26(36-23,16-33-18-29-17-30-33)24-8-3-20(27)13-25(24)28/h3-8,13,17-19,23H,9-12,14-16H2,1-2H3/t23-,26-/m0/s1",BLSQLHNBWJLIBQ-OZXSUGGESA-N,BLSQLHNBWJLIBQ,CC(C)N1CCN(c2ccc(OC[C@H]3CO[C@](Cn4cncn4)(c4ccc(Cl)cc4Cl)O3)cc2)CC1,P06762_WT;P08913_WT;P18825_WT;Q99720_WT,P18825_WT,,,,,,inactive
Artemisinin,inactive,C[C@@H]1CC[C@H]2[C@@H](C)C(=O)O[C@@H]3O[C@@]4(C)CC[C@@H]1[C@]32OO4,spectrum,CC1C(=O)O[C@@H]2O[C@@]3(C)CC[C@H]4[C@H](C)CC[C@@H]1[C@@]24OO3,"InChI=1S/C15H22O5/c1-8-4-5-11-9(2)12(16)17-13-15(11)10(8)6-7-14(3,18-13)19-20-15/h8-11,13H,4-7H2,1-3H3/t8-,9?,10+,11+,13-,14-,15-/m1/s1",BLUAFEHZUWYNDE-MRHKGOOASA-N,BLUAFEHZUWYNDE,CC1C(=O)O[C@@H]2O[C@@]3(C)CC[C@H]4[C@H](C)CC[C@@H]1[C@@]24OO3,O94782_WT;P05177_WT;P51450_WT;Q9NUW8_WT;Q96QE3_WT,O94782_WT;P51450_WT,,,,,,inactive
Nabumetone,inactive,COc1cc2ccc(CCC(C)=O)cc2cc1,spectrum,COc1ccc2cc(CCC(C)=O)ccc2c1,"InChI=1S/C15H16O2/c1-11(16)3-4-12-5-6-14-10-15(17-2)8-7-13(14)9-12/h5-10H,3-4H2,1-2H3",BLXXJMDCKKHMKV-UHFFFAOYSA-N,BLXXJMDCKKHMKV,COc1ccc2cc(CCC(C)=O)ccc2c1,P21397_WT,,,,,,,inactive
Isoxsuprine hydrochloride,inactive,CC(COc1ccccc1)NC(C)[C@H](O)c1ccc(O)cc1,spectrum,CC(COc1ccccc1)NC(C)[C@H](O)c1ccc(O)cc1,"InChI=1S/C18H23NO3/c1-13(12-22-17-6-4-3-5-7-17)19-14(2)18(21)15-8-10-16(20)11-9-15/h3-11,13-14,18-21H,12H2,1-2H3/t13?,14?,18-/m0/s1",BMUKKTUHUDJSNZ-JRSKDTKFSA-N,BMUKKTUHUDJSNZ,CC(COc1ccccc1)NC(C)[C@H](O)c1ccc(O)cc1,P10635_WT,,,,,,,inactive
Benserazide hydrochloride,enhancer,NC(CO)C(=O)NNCc1ccc(O)c(O)c1O,spectrum,NC(CO)C(=O)NNCc1ccc(O)c(O)c1O,"InChI=1S/C10H15N3O5/c11-6(4-14)10(18)13-12-3-5-1-2-7(15)9(17)8(5)16/h1-2,6,12,14-17H,3-4,11H2,(H,13,18)",BNQDCRGUHNALGH-UHFFFAOYSA-N,BNQDCRGUHNALGH,NC(CO)C(=O)NNCc1ccc(O)c(O)c1O,,,,,,,,enhancer
Sildenafil citrate,inactive,CCCc1nn(C)c2c1nc(-c1c(OCC)ccc(S(=O)(=O)N3CCN(C)CC3)c1)[nH]c2=O,spectrum,CCCc1nn(C)c2c(=O)[nH]c(-c3cc(S(=O)(=O)N4CCN(C)CC4)ccc3OCC)nc12,"InChI=1S/C22H30N6O4S/c1-5-7-17-19-20(27(4)25-17)22(29)24-21(23-19)16-14-15(8-9-18(16)32-6-2)33(30,31)28-12-10-26(3)11-13-28/h8-9,14H,5-7,10-13H2,1-4H3,(H,23,24,29)",BNRNXUUZRGQAQC-UHFFFAOYSA-N,BNRNXUUZRGQAQC,CCCc1nn(C)c2c(=O)[nH]c(-c3cc(S(=O)(=O)N4CCN(C)CC4)ccc3OCC)nc12,O54735_WT;O76074_WT;P29274_WT;P51160_WT;P54750_WT,O54735_WT;O76074_WT;P29274_WT;P51160_WT,O54735_WT;O76074_WT;P51160_WT,O54735_WT;O76074_WT,O54735_WT;O76074_WT,O54735_WT,O54735_WT,inactive
Cyclothiazide,inactive,NS(=O)(=O)c1cc2c(cc1Cl)NC(C1CC3C=CC1C3)NS2(=O)=O,spectrum,NS(=O)(=O)c1cc2c(cc1Cl)NC(C1CC3C=CC1C3)NS2(=O)=O,"InChI=1S/C14H16ClN3O4S2/c15-10-5-11-13(6-12(10)23(16,19)20)24(21,22)18-14(17-11)9-4-7-1-2-8(9)3-7/h1-2,5-9,14,17-18H,3-4H2,(H2,16,19,20)",BOCUKUHCLICSIY-UHFFFAOYSA-N,BOCUKUHCLICSIY,NS(=O)(=O)c1cc2c(cc1Cl)NC(C1CC3C=CC1C3)NS2(=O)=O,P16050_WT,P16050_WT,,,,,,inactive
Cefadroxil,inactive,CC1=C(C(=O)O)N2C(=O)[C@@H](NC(=O)C(N)c3ccc(O)cc3)[C@H]2SC1,spectrum,CC1=C(C(=O)O)N2C(=O)C(NC(=O)C(N)c3ccc(O)cc3)[C@H]2SC1,"InChI=1S/C16H17N3O5S/c1-7-6-25-15-11(14(22)19(15)12(7)16(23)24)18-13(21)10(17)8-2-4-9(20)5-3-8/h2-5,10-11,15,20H,6,17H2,1H3,(H,18,21)(H,23,24)/t10?,11?,15-/m1/s1",BOEGTKLJZSQCCD-QKFMDRJYSA-N,BOEGTKLJZSQCCD,CC1=C(C(=O)O)N2C(=O)C(NC(=O)C(N)c3ccc(O)cc3)[C@H]2SC1,,,,,,,,inactive
Andrographolide,inactive,C=C1CCC2[C@@](C)(CC[C@@H](O)[C@@]2(C)CO)[C@@H]1C/C=C1/C(=O)OC[C@H]1O,spectrum,C=C1CCC2[C@](C)(CO)[C@H](O)CC[C@@]2(C)[C@@H]1C/C=C1/C(=O)OC[C@H]1O,"InChI=1S/C20H30O5/c1-12-4-7-16-19(2,9-8-17(23)20(16,3)11-21)14(12)6-5-13-15(22)10-25-18(13)24/h5,14-17,21-23H,1,4,6-11H2,2-3H3/b13-5+/t14-,15-,16?,17-,19+,20+/m1/s1",BOJKULTULYSRAS-JAAXSKLYSA-N,BOJKULTULYSRAS,C=C1CCC2[C@](C)(CO)[C@H](O)CC[C@@]2(C)[C@@H]1C/C=C1/C(=O)OC[C@H]1O,,,,,,,,inactive
Gliclazide,inactive,Cc1ccc(S(=O)(=O)NC(=O)NN2CC3CCCC3C2)cc1,spectrum,Cc1ccc(S(=O)(=O)NC(=O)NN2CC3CCCC3C2)cc1,"InChI=1S/C15H21N3O3S/c1-11-5-7-14(8-6-11)22(20,21)17-15(19)16-18-9-12-3-2-4-13(12)10-18/h5-8,12-13H,2-4,9-10H2,1H3,(H2,16,17,19)",BOVGTQGAOIONJV-UHFFFAOYSA-N,BOVGTQGAOIONJV,Cc1ccc(S(=O)(=O)NC(=O)NN2CC3CCCC3C2)cc1,,,,,,,,inactive
Xylazine,inactive,Cc1c(NC2=NCCCS2)c(C)ccc1,spectrum,Cc1cccc(C)c1N=C1NCCCS1,"InChI=1S/C12H16N2S/c1-9-5-3-6-10(2)11(9)14-12-13-7-4-8-15-12/h3,5-6H,4,7-8H2,1-2H3,(H,13,14)",BPICBUSOMSTKRF-UHFFFAOYSA-N,BPICBUSOMSTKRF,Cc1cccc(C)c1N=C1NCCCS1,P08684_WT,P08684_WT,P08684_WT,P08684_WT,,,,inactive
Penicillin v potassium,inactive,CC1(C)S[C@@H]2[C@H](NC(=O)COc3ccccc3)C(=O)N2[C@H]1C(=O)O,spectrum,CC1(C)S[C@@H]2C(NC(=O)COc3ccccc3)C(=O)N2C1C(=O)O,"InChI=1S/C16H18N2O5S/c1-16(2)12(15(21)22)18-13(20)11(14(18)24-16)17-10(19)8-23-9-6-4-3-5-7-9/h3-7,11-12,14H,8H2,1-2H3,(H,17,19)(H,21,22)/t11?,12?,14-/m1/s1",BPLBGHOLXOTWMN-ORHYLEIMSA-N,BPLBGHOLXOTWMN,CC1(C)S[C@@H]2C(NC(=O)COc3ccccc3)C(=O)N2C1C(=O)O,,,,,,,,inactive
A-674563,reducer,C1=CC=CC(=C1)C[C@@H](COC2=CC(=CN=C2)C3=CC4=C(C=C3)NN=C4C)N,selleckchem,Cc1[nH]nc2ccc(-c3cncc(OC[C@@H](N)Cc4ccccc4)c3)cc12,"InChI=1S/C22H22N4O/c1-15-21-11-17(7-8-22(21)26-25-15)18-10-20(13-24-12-18)27-14-19(23)9-16-5-3-2-4-6-16/h2-8,10-13,19H,9,14,23H2,1H3,(H,25,26)/t19-/m0/s1",BPNUQXPIQBZCMR-IBGZPJMESA-N,BPNUQXPIQBZCMR,Cc1[nH]nc2ccc(-c3cncc(OC[C@@H](N)Cc4ccccc4)c3)cc12,O00141_WT;O00311_WT;O14578_WT;O14730_WT;O14976_WT;O43318_WT;O43781_WT;O75116_WT;O76039_WT;O94806_WT;O94921_WT;O95819_WT;P00519_WT;P06241_WT;P06493_WT;P07949_V804M;P11309_WT;P17612_WT;P17948_WT;P22612_WT;P22694_WT;P24723_WT;P24941_WT;P28482_WT;P31749_WT;P35557_WT;P36888_D835H;P36888_D835Y;P36888_K663Q;P36888_N841I;P36888_WT;P48730_WT;P49674_WT;P49759_WT;P49760_WT;P49761_WT;P49841_WT;P50613_WT;P50750_WT;P51817_WT;P78368_WT;Q2M2I8_WT;Q5VT25_WT;Q6DT37_WT;Q7L7X3_WT;Q8N4C8_WT;Q8N5S9_WT;Q8NE63_WT;Q8TD08_WT;Q9BRS2_WT;Q9BXA7_WT;Q9BYT3_WT;Q9BZL6_WT;Q9H2X6_WT;Q9H422_WT;Q9HAZ1_WT;Q9HBY8_WT;Q9HCP0_WT;Q9NQU5_WT;Q9NR20_WT;Q9NRM7_WT;Q9NSY1_WT;Q9P1W9_WT;Q9P286_WT;Q9UKE5_WT;Q9UPZ9_WT;Q9UQM7_WT;Q9Y4K4_WT;Q9Y5S2_WT;Q9Y6M4_WT;Q9Y243_WT;Q9Y463_WT;Q32MK0_WT;Q56UN5_WT;Q86V86_WT;Q86Z02_WT;Q96GD4_WT;Q96RR4_WT;Q00535_WT;Q02156_WT;Q04759_WT;Q05655_WT;Q09013_WT;Q13131_WT;Q13237_WT;Q13464_WT;Q13554_WT;Q13555_WT;Q13557_WT;Q13627_WT;Q13976_WT;Q14012_WT;Q14680_WT;Q15746_WT;Q16512_WT;Q16513_WT;Q16566_WT;Q92630_WT;Q92772_WT;Q99755_WT,O00311_WT;O14578_WT;O14976_WT;O43781_WT;O75116_WT;O76039_WT;O95819_WT;P06493_WT;P07949_V804M;P11309_WT;P17612_WT;P22612_WT;P22694_WT;P24723_WT;P24941_WT;P31749_WT;P36888_D835H;P36888_D835Y;P36888_N841I;P48730_WT;P49674_WT;P49759_WT;P49760_WT;P49761_WT;P49841_WT;P50613_WT;P50750_WT;P51817_WT;Q2M2I8_WT;Q8N4C8_WT;Q8TD08_WT;Q9BYT3_WT;Q9H2X6_WT;Q9H422_WT;Q9HAZ1_WT;Q9NSY1_WT;Q9P1W9_WT;Q9UKE5_WT;Q9Y5S2_WT;Q9Y243_WT;Q9Y463_WT;Q56UN5_WT;Q86V86_WT;Q86Z02_WT;Q00535_WT;Q02156_WT;Q04759_WT;Q05655_WT;Q09013_WT;Q13131_WT;Q13237_WT;Q13464_WT;Q13557_WT;Q13627_WT;Q13976_WT;Q14012_WT;Q16512_WT;Q16513_WT;Q92630_WT;Q99755_WT,O00311_WT;O14578_WT;O75116_WT;P17612_WT;P22612_WT;P22694_WT;P24723_WT;P24941_WT;P31749_WT;P36888_D835H;P36888_D835Y;P49759_WT;P49760_WT;P50613_WT;P51817_WT;Q2M2I8_WT;Q8N4C8_WT;Q8TD08_WT;Q9HAZ1_WT;Q9Y5S2_WT;Q9Y463_WT;Q02156_WT;Q04759_WT;Q05655_WT;Q09013_WT;Q13237_WT;Q13464_WT;Q13557_WT;Q13627_WT;Q92630_WT,O00311_WT;O14578_WT;P17612_WT;P22612_WT;P24723_WT;P49759_WT;P49760_WT;Q9HAZ1_WT;Q9Y463_WT;Q02156_WT;Q04759_WT;Q05655_WT;Q13237_WT;Q13464_WT;Q13627_WT,P24723_WT;P49759_WT;P49760_WT;Q9HAZ1_WT;Q9Y463_WT;Q13627_WT,P49759_WT;P49760_WT;Q9HAZ1_WT;Q13627_WT,P49760_WT;Q9HAZ1_WT,reducer
Ethamivan,inactive,CCN(CC)C(=O)c1cc(OC)c(O)cc1,spectrum,CCN(CC)C(=O)c1ccc(O)c(OC)c1,"InChI=1S/C12H17NO3/c1-4-13(5-2)12(15)9-6-7-10(14)11(8-9)16-3/h6-8,14H,4-5H2,1-3H3",BQJODPIMMWWMFC-UHFFFAOYSA-N,BQJODPIMMWWMFC,CCN(CC)C(=O)c1ccc(O)c(OC)c1,,,,,,,,inactive
Lanosterol acetate,reducer,CC(=O)O[C@H]1CCC2(C)C3=C(CCC2C1(C)C)[C@]1(C)CCC(C(C)CCC=C(C)C)[C@@]1(C)CC3,spectrum,CC(=O)O[C@H]1CCC2(C)C3=C(CCC2C1(C)C)[C@]1(C)CCC(C(C)CCC=C(C)C)[C@@]1(C)CC3,"InChI=1S/C32H52O2/c1-21(2)11-10-12-22(3)24-15-19-32(9)26-13-14-27-29(5,6)28(34-23(4)33)17-18-30(27,7)25(26)16-20-31(24,32)8/h11,22,24,27-28H,10,12-20H2,1-9H3/t22?,24?,27?,28-,30?,31+,32-/m0/s1",BQPPJGMMIYJVBR-GYKJOOKPSA-N,BQPPJGMMIYJVBR,CC(=O)O[C@H]1CCC2(C)C3=C(CCC2C1(C)C)[C@]1(C)CCC(C(C)CCC=C(C)C)[C@@]1(C)CC3,,,,,,,,reducer
Pimpinellin,inactive,COc1c2ccc(=O)oc2c2ccoc2c1OC,spectrum,COc1c(OC)c2occc2c2oc(=O)ccc12,"InChI=1S/C13H10O5/c1-15-11-7-3-4-9(14)18-10(7)8-5-6-17-12(8)13(11)16-2/h3-6H,1-2H3",BQPRWZCEKZLBHL-UHFFFAOYSA-N,BQPRWZCEKZLBHL,COc1c(OC)c2occc2c2oc(=O)ccc12,,,,,,,,inactive
Febuxostat,inactive,Cc1c(C(=O)O)sc(-c2ccc(OCC(C)C)c(C#N)c2)n1,spectrum,Cc1nc(-c2ccc(OCC(C)C)c(C#N)c2)sc1C(=O)O,"InChI=1S/C16H16N2O3S/c1-9(2)8-21-13-5-4-11(6-12(13)7-17)15-18-10(3)14(22-15)16(19)20/h4-6,9H,8H2,1-3H3,(H,19,20)",BQSJTQLCZDPROO-UHFFFAOYSA-N,BQSJTQLCZDPROO,Cc1nc(-c2ccc(OCC(C)C)c(C#N)c2)sc1C(=O)O,P10276_WT;P11511_WT;P22985_WT;P35869_WT;P47989_WT;P51450_WT;Q96QE3_WT,P10276_WT;P11511_WT;P22985_WT;P35869_WT;P47989_WT;P51450_WT;Q96QE3_WT,P10276_WT;P11511_WT;P22985_WT;P35869_WT;P47989_WT;P51450_WT,P22985_WT;P35869_WT;P47989_WT;P51450_WT,P22985_WT;P47989_WT,P47989_WT,,inactive
Sulfaguanidine,inactive,N=C(N)NS(=O)(=O)c1ccc(N)cc1,spectrum,N=C(N)NS(=O)(=O)c1ccc(N)cc1,"InChI=1S/C7H10N4O2S/c8-5-1-3-6(4-2-5)14(12,13)11-7(9)10/h1-4H,8H2,(H4,9,10,11)",BRBKOPJOKNSWSG-UHFFFAOYSA-N,BRBKOPJOKNSWSG,N=C(N)NS(=O)(=O)c1ccc(N)cc1,P00734_WT;P04150_WT,P00734_WT;P04150_WT,P00734_WT;P04150_WT,,,,,inactive
Nifenazone,inactive,Cc1c(NC(=O)c2cccnc2)c(=O)n(-c2ccccc2)n1C,spectrum,Cc1c(NC(=O)c2cccnc2)c(=O)n(-c2ccccc2)n1C,"InChI=1S/C17H16N4O2/c1-12-15(19-16(22)13-7-6-10-18-11-13)17(23)21(20(12)2)14-8-4-3-5-9-14/h3-11H,1-2H3,(H,19,22)",BRZANEXCSZCZCI-UHFFFAOYSA-N,BRZANEXCSZCZCI,Cc1c(NC(=O)c2cccnc2)c(=O)n(-c2ccccc2)n1C,Q9NUW8_WT,,,,,,,inactive
Geneticin,inactive,CN[C@@H]1[C@@H](O)C(OC2[C@@H](N)C[C@@H](N)[C@H](O[C@H]3O[C@H](C(C)O)[C@@H](O)[C@H](O)[C@H]3N)[C@H]2O)OC[C@]1(C)O,spectrum,CN[C@@H]1[C@@H](O)C(OC2[C@@H](N)C[C@@H](N)[C@H](O[C@H]3O[C@H](C(C)O)[C@@H](O)[C@H](O)[C@H]3N)[C@H]2O)OC[C@]1(C)O,"InChI=1S/C20H40N4O10/c1-6(25)14-11(27)10(26)9(23)18(32-14)33-15-7(21)4-8(22)16(12(15)28)34-19-13(29)17(24-3)20(2,30)5-31-19/h6-19,24-30H,4-5,21-23H2,1-3H3/t6?,7-,8+,9-,10-,11+,12-,13-,14-,15+,16?,17-,18-,19?,20+/m1/s1",BRZYSWJRSDMWLG-WFDQBLTDSA-N,BRZYSWJRSDMWLG,CN[C@@H]1[C@@H](O)C(OC2[C@@H](N)C[C@@H](N)[C@H](O[C@H]3O[C@H](C(C)O)[C@@H](O)[C@H](O)[C@H]3N)[C@H]2O)OC[C@]1(C)O,,,,,,,,inactive
Isokobusone,inactive,C=C1CCC2C(CC2(C)C)C(=O)CCC1O,spectrum,C=C1CCC2C(CC2(C)C)C(=O)CCC1O,"InChI=1S/C14H22O2/c1-9-4-5-11-10(8-14(11,2)3)13(16)7-6-12(9)15/h10-12,15H,1,4-8H2,2-3H3",BSFUDCIRZBAPDS-UHFFFAOYSA-N,BSFUDCIRZBAPDS,C=C1CCC2C(CC2(C)C)C(=O)CCC1O,,,,,,,,inactive
1.7-dideacetoxy-1.7-dioxo-3-deacetylkhivorin,inactive,CC1(C)C2CC(=O)[C@]3(C)C(CC[C@@]4(C)[C@H](c5cocc5)OC(=O)[C@H]5O[C@]543)[C@@]2(C)C(=O)C[C@H]1O,spectrum,CC1(C)C2CC(=O)[C@]3(C)C(CC[C@@]4(C)[C@H](c5ccoc5)OC(=O)C5O[C@]543)[C@@]2(C)C(=O)C[C@H]1O,"InChI=1S/C26H32O7/c1-22(2)15-10-18(29)25(5)14(24(15,4)17(28)11-16(22)27)6-8-23(3)19(13-7-9-31-12-13)32-21(30)20-26(23,25)33-20/h7,9,12,14-16,19-20,27H,6,8,10-11H2,1-5H3/t14?,15?,16-,19+,20?,23+,24-,25+,26-/m1/s1",BSZLLSHGSWKZRE-BYCGVAFMSA-N,BSZLLSHGSWKZRE,CC1(C)C2CC(=O)[C@]3(C)C(CC[C@@]4(C)[C@H](c5ccoc5)OC(=O)C5O[C@]543)[C@@]2(C)C(=O)C[C@H]1O,,,,,,,,inactive
Clorgiline hydrochloride,inactive,C#CCN(C)CCCOc1c(Cl)cc(Cl)cc1,spectrum,C#CCN(C)CCCOc1ccc(Cl)cc1Cl,"InChI=1S/C13H15Cl2NO/c1-3-7-16(2)8-4-9-17-13-6-5-11(14)10-12(13)15/h1,5-6,10H,4,7-9H2,2H3",BTFHLQRNAMSNLC-UHFFFAOYSA-N,BTFHLQRNAMSNLC,C#CCN(C)CCCOc1ccc(Cl)cc1Cl,O55242_WT;P05177_WT;P10635_WT;P21396_WT;P21397_WT;P28482_WT;Q8VD00_WT;Q99714_WT,O55242_WT;P21396_WT;P21397_WT;P28482_WT;Q99714_WT,O55242_WT;P21396_WT;P21397_WT;P28482_WT;Q99714_WT,O55242_WT;P21396_WT;P21397_WT;P28482_WT,O55242_WT;P21397_WT;P28482_WT,O55242_WT,,inactive
Piperacetazine,inactive,CC(=O)c1cc2c(cc1)Sc1c(cccc1)N2CCCN1CCC(CCO)CC1,spectrum,CC(=O)c1ccc2c(c1)N(CCCN1CCC(CCO)CC1)c1ccccc1S2,"InChI=1S/C24H30N2O2S/c1-18(28)20-7-8-24-22(17-20)26(21-5-2-3-6-23(21)29-24)13-4-12-25-14-9-19(10-15-25)11-16-27/h2-3,5-8,17,19,27H,4,9-16H2,1H3",BTFMCMVEUCGQDX-UHFFFAOYSA-N,BTFMCMVEUCGQDX,CC(=O)c1ccc2c(c1)N(CCCN1CCC(CCO)CC1)c1ccccc1S2,P10635_WT,P10635_WT,,,,,,inactive
Roscovitine,reducer,N1=C2C(=C(N=C1N[C@@H](CO)CC)NCC3=CC=CC=C3)N=CN2C(C)C,selleckchem,CC[C@H](CO)Nc1nc(NCc2ccccc2)c2ncn(C(C)C)c2n1,"InChI=1S/C19H26N6O/c1-4-15(11-26)22-19-23-17(20-10-14-8-6-5-7-9-14)16-18(24-19)25(12-21-16)13(2)3/h5-9,12-13,15,26H,4,10-11H2,1-3H3,(H2,20,22,23,24)/t15-/m1/s1",BTIHMVBBUGXLCJ-OAHLLOKOSA-N,BTIHMVBBUGXLCJ,CC[C@H](CO)Nc1nc(NCc2ccccc2)c2ncn(C(C)C)c2n1,O14578_WT;O35491_WT;O35493_WT;P00352_WT;P06493_WT;P10721_V559D;P10721_V559D_V654A;P24941_WT;P49674_WT;P49760_WT;P50613_WT;Q00535_WT;Q00536_WT,P00352_WT;P10721_V559D;P10721_V559D_V654A;P49674_WT;Q00535_WT,P10721_V559D,P10721_V559D,,,,reducer
Benfotiamine,inactive,C/C(=C(/CCOP(=O)(O)O)SC(=O)c1ccccc1)N(C=O)Cc1cnc(C)nc1N,spectrum,C/C(=C(/CCOP(=O)(O)O)SC(=O)c1ccccc1)N(C=O)Cc1cnc(C)nc1N,"InChI=1S/C19H23N4O6PS/c1-13(23(12-24)11-16-10-21-14(2)22-18(16)20)17(8-9-29-30(26,27)28)31-19(25)15-6-4-3-5-7-15/h3-7,10,12H,8-9,11H2,1-2H3,(H2,20,21,22)(H2,26,27,28)/b17-13+",BTNNPSLJPBRMLZ-GHRIWEEISA-N,BTNNPSLJPBRMLZ,C/C(=C(/CCOP(=O)(O)O)SC(=O)c1ccccc1)N(C=O)Cc1cnc(C)nc1N,,,,,,,,inactive
Protryptyline hydrochloride,inactive,CNCCCC1c2c(C=Cc3c1cccc3)cccc2,spectrum,CNCCCC1c2ccccc2C=Cc2ccccc21,"InChI=1S/C19H21N/c1-20-14-6-11-19-17-9-4-2-7-15(17)12-13-16-8-3-5-10-18(16)19/h2-5,7-10,12-13,19-20H,6,11,14H2,1H3",BWPIARFWQZKAIA-UHFFFAOYSA-N,BWPIARFWQZKAIA,CNCCCC1c2ccccc2C=Cc2ccccc21,P08482_WT;P23975_WT,P08482_WT;P23975_WT,P23975_WT,P23975_WT,P23975_WT,P23975_WT,,inactive
"Deoxysappanone b 7,3'-dimethyl ether acetate",reducer,COc1cc2c(cc1)C(=O)C(Cc1cc(OC(C)=O)c(OC)cc1)CO2,spectrum-validation,COc1ccc2c(c1)OCC(Cc1ccc(OC)c(OC(C)=O)c1)C2=O,"InChI=1S/C20H20O6/c1-12(21)26-19-9-13(4-7-17(19)24-3)8-14-11-25-18-10-15(23-2)5-6-16(18)20(14)22/h4-7,9-10,14H,8,11H2,1-3H3",BXJAMTIXSSLKAH-UHFFFAOYSA-N,BXJAMTIXSSLKAH,COc1ccc2c(c1)OCC(Cc1ccc(OC)c(OC(C)=O)c1)C2=O,Q9NUW8_WT,,,,,,,reducer
Coumophos,inactive,CCOP(=S)(OCC)Oc1cc2c(cc1)c(C)c(Cl)c(=O)o2,spectrum,CCOP(=S)(OCC)Oc1ccc2c(C)c(Cl)c(=O)oc2c1,"InChI=1S/C14H16ClO5PS/c1-4-17-21(22,18-5-2)20-10-6-7-11-9(3)13(15)14(16)19-12(11)8-10/h6-8H,4-5H2,1-3H3",BXNANOICGRISHX-UHFFFAOYSA-N,BXNANOICGRISHX,CCOP(=S)(OCC)Oc1ccc2c(C)c(Cl)c(=O)oc2c1,P35869_WT,P35869_WT,P35869_WT,,,,,inactive
Harmine,inactive,COc1cc2c(cc1)c1c([nH]2)c(C)ncc1,spectrum,COc1ccc2c(c1)[nH]c1c(C)nccc12,"InChI=1S/C13H12N2O/c1-8-13-11(5-6-14-8)10-4-3-9(16-2)7-12(10)15-13/h3-7,15H,1-2H3",BXNJHAXVSOCGBA-UHFFFAOYSA-N,BXNJHAXVSOCGBA,COc1ccc2c(c1)[nH]c1c(C)nccc12,O35491_WT;O35493_WT;O43781_WT;P05177_WT;P18825_WT;P21397_WT;P22518_WT;P49759_WT;P50750_WT;Q8TF76_WT;Q9HAZ1_WT;Q9Y2I1_WT;Q9Y463_WT;Q13627_WT;Q63470_WT;Q92630_WT,O35491_WT;O35493_WT;P21397_WT;P22518_WT;P49759_WT;Q9HAZ1_WT;Q9Y2I1_WT;Q9Y463_WT;Q13627_WT;Q63470_WT,O35493_WT;P21397_WT;P22518_WT;P49759_WT;Q9HAZ1_WT;Q9Y2I1_WT;Q9Y463_WT;Q13627_WT;Q63470_WT,P21397_WT;Q9Y2I1_WT;Q63470_WT,P21397_WT,,,inactive
2'.4-dihydroxy-3.4'.6'-trimethoxychalcone,inactive,COc1cc(O)c(C(=O)/C=C/c2ccc(O)c(OC)c2)c(OC)c1,spectrum,COc1cc(O)c(C(=O)C=Cc2ccc(O)c(OC)c2)c(OC)c1,"InChI=1S/C18H18O6/c1-22-12-9-15(21)18(17(10-12)24-3)14(20)7-5-11-4-6-13(19)16(8-11)23-2/h4-10,19,21H,1-3H3",BXXKRESPUSMTEI-UHFFFAOYSA-N,BXXKRESPUSMTEI,COc1cc(O)c(C(=O)C=Cc2ccc(O)c(OC)c2)c(OC)c1,,,,,,,,inactive
Miconazole nitrate,inactive,Clc1cc(Cl)c(COC(Cn2ccnc2)c2c(Cl)cc(Cl)cc2)cc1,spectrum,Clc1ccc(COC(Cn2ccnc2)c2ccc(Cl)cc2Cl)c(Cl)c1,"InChI=1S/C18H14Cl4N2O/c19-13-2-1-12(16(21)7-13)10-25-18(9-24-6-5-23-11-24)15-4-3-14(20)8-17(15)22/h1-8,11,18H,9-10H2",BYBLEWFAAKGYCD-UHFFFAOYSA-N,BYBLEWFAAKGYCD,Clc1ccc(COC(Cn2ccnc2)c2ccc(Cl)cc2Cl)c(Cl)c1,P05093_WT;P08684_WT;P11511_WT;P11712_WT;P22443_WT;P24557_WT;P31645_WT;P51589_WT;Q16850_WT,P05093_WT;P24557_WT;Q16850_WT,,,,,,inactive
Tetrahydrozoline hydrochloride,inactive,c1cc2c(cc1)C(C1=NCCN1)CCC2,spectrum,c1ccc2c(c1)CCCC2C1=NCCN1,"InChI=1S/C13H16N2/c1-2-6-11-10(4-1)5-3-7-12(11)13-14-8-9-15-13/h1-2,4,6,12H,3,5,7-9H2,(H,14,15)",BYJAVTDNIXVSPW-UHFFFAOYSA-N,BYJAVTDNIXVSPW,c1ccc2c(c1)CCCC2C1=NCCN1,Q96RJ0_WT,Q96RJ0_WT,,,,,,inactive
Pentoxifylline,inactive,CC(=O)CCCCn1c(=O)c2c(ncn2C)n(C)c1=O,spectrum,CC(=O)CCCCn1c(=O)c2c(ncn2C)n(C)c1=O,"InChI=1S/C13H18N4O3/c1-9(18)6-4-5-7-17-12(19)10-11(14-8-15(10)2)16(3)13(17)20/h8H,4-7H2,1-3H3",BYPFEZZEUUWMEJ-UHFFFAOYSA-N,BYPFEZZEUUWMEJ,CC(=O)CCCCn1c(=O)c2c(ncn2C)n(C)c1=O,P03372_WT,P03372_WT,,,,,,inactive
Pht-427,inactive,C1=C(C=CC(=C1)S(=O)(NC2=NN=CS2)=O)CCCCCCCCCCCC,selleckchem,CCCCCCCCCCCCc1ccc(S(=O)(=O)Nc2nncs2)cc1,"InChI=1S/C20H31N3O2S2/c1-2-3-4-5-6-7-8-9-10-11-12-18-13-15-19(16-14-18)27(24,25)23-20-22-21-17-26-20/h13-17H,2-12H2,1H3,(H,22,23)",BYWWNRBKPCPJMG-UHFFFAOYSA-N,BYWWNRBKPCPJMG,CCCCCCCCCCCCc1ccc(S(=O)(=O)Nc2nncs2)cc1,,,,,,,,inactive
Dyclonine hydrochloride,inactive,CCCCOc1ccc(C(=O)CCN2CCCCC2)cc1,spectrum,CCCCOc1ccc(C(=O)CCN2CCCCC2)cc1,"InChI=1S/C18H27NO2/c1-2-3-15-21-17-9-7-16(8-10-17)18(20)11-14-19-12-5-4-6-13-19/h7-10H,2-6,11-15H2,1H3",BZEWSEKUUPWQDQ-UHFFFAOYSA-N,BZEWSEKUUPWQDQ,CCCCOc1ccc(C(=O)CCN2CCCCC2)cc1,P00352_WT;P22303_WT,P00352_WT;P22303_WT,,,,,,inactive
3.6-dimethoxyflavone,inactive,COc1cc2c(cc1)oc(-c1ccccc1)c(OC)c2=O,spectrum,COc1ccc2oc(-c3ccccc3)c(OC)c(=O)c2c1,"InChI=1S/C17H14O4/c1-19-12-8-9-14-13(10-12)15(18)17(20-2)16(21-14)11-6-4-3-5-7-11/h3-10H,1-2H3",BZKORUNDAHVLAO-UHFFFAOYSA-N,BZKORUNDAHVLAO,COc1ccc2oc(-c3ccccc3)c(OC)c(=O)c2c1,,,,,,,,inactive
Acetazolamide,inactive,CC(=O)Nc1nnc(S(N)(=O)=O)s1,spectrum,CC(=O)Nc1nnc(S(N)(=O)=O)s1,"InChI=1S/C4H6N4O3S2/c1-2(9)6-3-7-8-4(12-3)13(5,10)11/h1H3,(H2,5,10,11)(H,6,7,9)",BZKPWHYZMXOIDC-UHFFFAOYSA-N,BZKPWHYZMXOIDC,CC(=O)Nc1nnc(S(N)(=O)=O)s1,O43570_WT;O75493_WT;O89049_WT;P00915_WT;P00918_WT;P22748_WT;P23280_WT;P35218_WT;P43166_WT;Q8N1Q1_WT;Q9D6N1_WT;Q9ERQ8_WT;Q9ULX7_WT;Q9Y2D0_WT;Q99N23_WT;Q16637_WT;Q16790_WT,O43570_WT;O75493_WT;P00918_WT;P22748_WT;P23280_WT;P35218_WT;P43166_WT;Q8N1Q1_WT;Q9ERQ8_WT;Q9ULX7_WT;Q9Y2D0_WT;Q99N23_WT;Q16790_WT,O43570_WT;O75493_WT;P00918_WT;P22748_WT;P43166_WT;Q8N1Q1_WT;Q9ERQ8_WT;Q9ULX7_WT;Q9Y2D0_WT;Q99N23_WT;Q16790_WT,O43570_WT;O75493_WT;P43166_WT;Q8N1Q1_WT;Q9ERQ8_WT,O75493_WT;P43166_WT,,,inactive
Euphol,inactive,CC(C)=CCCC(C)[C@@H]1CC[C@]2(C)C3=C(CC[C@@]12C)C1(C)CC[C@H](O)C(C)(C)C1CC3,spectrum,CC(C)=CCCC(C)[C@@H]1CC[C@]2(C)C3=C(CC[C@@]12C)C1(C)CC[C@H](O)C(C)(C)C1CC3,"InChI=1S/C30H50O/c1-20(2)10-9-11-21(3)22-14-18-30(8)24-12-13-25-27(4,5)26(31)16-17-28(25,6)23(24)15-19-29(22,30)7/h10,21-22,25-26,31H,9,11-19H2,1-8H3/t21?,22-,25?,26-,28?,29-,30+/m0/s1",CAHGCLMLTWQZNJ-CBTGRNSPSA-N,CAHGCLMLTWQZNJ,CC(C)=CCCC(C)[C@@H]1CC[C@]2(C)C3=C(CC[C@@]12C)C1(C)CC[C@H](O)C(C)(C)C1CC3,Q8R431_WT,,,,,,,reducer
Lanosterol,reducer,CC(C)=CCCC(C)C1CC[C@@]2(C)C3=C(CC[C@]12C)C1(C)CC[C@H](O)C(C)(C)C1CC3,spectrum,CC(C)=CCCC(C)C1CC[C@@]2(C)C3=C(CC[C@]12C)C1(C)CC[C@H](O)C(C)(C)C1CC3,"InChI=1S/C30H50O/c1-20(2)10-9-11-21(3)22-14-18-30(8)24-12-13-25-27(4,5)26(31)16-17-28(25,6)23(24)15-19-29(22,30)7/h10,21-22,25-26,31H,9,11-19H2,1-8H3/t21?,22?,25?,26-,28?,29+,30-/m0/s1",CAHGCLMLTWQZNJ-WSFOUKAFSA-N,CAHGCLMLTWQZNJ,CC(C)=CCCC(C)C1CC[C@@]2(C)C3=C(CC[C@]12C)C1(C)CC[C@H](O)C(C)(C)C1CC3,Q8R431_WT,,,,,,,reducer
Propoxycaine hydrochloride,inactive,CCCOc1c(C(=O)OCCN(CC)CC)ccc(N)c1,spectrum,CCCOc1cc(N)ccc1C(=O)OCCN(CC)CC,"InChI=1S/C16H26N2O3/c1-4-10-20-15-12-13(17)7-8-14(15)16(19)21-11-9-18(5-2)6-3/h7-8,12H,4-6,9-11,17H2,1-3H3",CAJIGINSTLKQMM-UHFFFAOYSA-N,CAJIGINSTLKQMM,CCCOc1cc(N)ccc1C(=O)OCCN(CC)CC,Q9NUW8_WT,Q9NUW8_WT,,,,,,inactive
Triprolidine hydrochloride,inactive,Cc1ccc(/C(=C\CN2CCCC2)c2ncccc2)cc1,spectrum,Cc1ccc(/C(=C\CN2CCCC2)c2ccccn2)cc1,"InChI=1S/C19H22N2/c1-16-7-9-17(10-8-16)18(19-6-2-3-12-20-19)11-15-21-13-4-5-14-21/h2-3,6-12H,4-5,13-15H2,1H3/b18-11+",CBEQULMOCCWAQT-WOJGMQOQSA-N,CBEQULMOCCWAQT,Cc1ccc(/C(=C\CN2CCCC2)c2ccccn2)cc1,P35367_WT,P35367_WT,P35367_WT,P35367_WT,P35367_WT,P35367_WT,,inactive
Whi-p154,inactive,N1C=NC(=C2C=C(C(=CC=12)OC)OC)NC3C=C(C(=CC=3)O)Br,selleckchem,COc1cc2ncnc(Nc3ccc(O)c(Br)c3)c2cc1OC,"InChI=1S/C16H14BrN3O3/c1-22-14-6-10-12(7-15(14)23-2)18-8-19-16(10)20-9-3-4-13(21)11(17)5-9/h3-8,21H,1-2H3,(H,18,19,20)",CBIAKDAYHRWZCU-UHFFFAOYSA-N,CBIAKDAYHRWZCU,COc1cc2ncnc(Nc3ccc(O)c(Br)c3)c2cc1OC,P00533_WT;Q9UNQ0_WT,Q9UNQ0_WT,,,,,,inactive
Galangin trimethyl ether,inactive,COc1cc(OC)c2c(=O)c(OC)c(-c3ccccc3)oc2c1,spectrum,COc1cc(OC)c2c(=O)c(OC)c(-c3ccccc3)oc2c1,"InChI=1S/C18H16O5/c1-20-12-9-13(21-2)15-14(10-12)23-17(18(22-3)16(15)19)11-7-5-4-6-8-11/h4-10H,1-3H3",CBTHKWVPSIGKMI-UHFFFAOYSA-N,CBTHKWVPSIGKMI,COc1cc(OC)c2c(=O)c(OC)c(-c3ccccc3)oc2c1,P25099_WT,,,,,,,inactive
Angolensin,inactive,COc1ccc([C@@H](C)C(=O)c2c(O)cc(O)cc2)cc1,spectrum,COc1ccc(C(C)C(=O)c2ccc(O)cc2O)cc1,"InChI=1S/C16H16O4/c1-10(11-3-6-13(20-2)7-4-11)16(19)14-8-5-12(17)9-15(14)18/h3-10,17-18H,1-2H3",CCOJFDRSZSSKOG-UHFFFAOYSA-N,CCOJFDRSZSSKOG,COc1ccc(C(C)C(=O)c2ccc(O)cc2O)cc1,,,,,,,,inactive
Ethopropazine hydrochloride,inactive,CCN(CC)C(C)CN1c2c(cccc2)Sc2c1cccc2,spectrum,CCN(CC)C(C)CN1c2ccccc2Sc2ccccc21,"InChI=1S/C19H24N2S/c1-4-20(5-2)15(3)14-21-16-10-6-8-12-18(16)22-19-13-9-7-11-17(19)21/h6-13,15H,4-5,14H2,1-3H3",CDOZDBSBBXSXLB-UHFFFAOYSA-N,CDOZDBSBBXSXLB,CCN(CC)C(C)CN1c2ccccc2Sc2ccccc21,P05177_WT;P06276_WT;P10635_WT;P22303_WT;P28482_WT;P83916_WT,P06276_WT;P10635_WT;P22303_WT;P28482_WT;P83916_WT,P28482_WT;P83916_WT,P83916_WT,,,,inactive
Piceatannol,inactive,C1(C(=CC(=CC=1)/C=C/C2C=C(C=C(C=2)O)O)O)O,selleckchem,Oc1cc(O)cc(C=Cc2ccc(O)c(O)c2)c1,"InChI=1S/C14H12O4/c15-11-5-10(6-12(16)8-11)2-1-9-3-4-13(17)14(18)7-9/h1-8,15-18H",CDRPUGZCRXZLFL-UHFFFAOYSA-N,CDRPUGZCRXZLFL,Oc1cc(O)cc(C=Cc2ccc(O)c(O)c2)c1,O00141_WT;O60674_WT;O75116_WT;O95819_WT;P07949_WT;P08631_WT;P08922_WT;P09917_WT;P11362_WT;P16050_WT;P17948_WT;P27448_WT;P29376_WT;P34947_WT;P39748_WT;P48729_WT;P49336_WT;P49760_WT;P51817_WT;P53779_WT;P55789_WT;Q5S007_WT;Q8IU85_WT;Q9H0K1_WT;Q9HBY8_WT;Q9NUW8_WT;Q9UHD2_WT;Q9UM73_WT;Q9UQM7_WT;Q9Y463_WT;Q96L34_WT;Q96RR4_WT;Q02779_WT;Q04759_WT;Q04760_WT;Q04771_WT;Q05397_WT;Q06187_WT;Q06418_WT;Q07912_WT;Q13188_WT;Q13627_WT;Q14164_WT;Q14680_WT,O75116_WT;P27448_WT;P49336_WT;P53779_WT;Q9H0K1_WT;Q9UM73_WT;Q9Y463_WT;Q96L34_WT;Q96RR4_WT;Q02779_WT;Q06418_WT;Q13627_WT;Q14680_WT,P53779_WT;Q96L34_WT;Q96RR4_WT;Q06418_WT;Q13627_WT;Q14680_WT,,,,,inactive
Dihydrogedunic acid. methyl ester,inactive,COC(=O)[C@@H]1OC(=O)C2OC23[C@@]1(C)CCC1[C@@]3(C)[C@H](OC(C)=O)CC2C(C)(C)C(=O)CC[C@@]21C,spectrum,COC(=O)C1OC(=O)C2OC23[C@@]1(C)CCC1[C@@]2(C)CCC(=O)C(C)(C)C2C[C@@H](OC(C)=O)[C@]13C,"InChI=1S/C26H36O8/c1-13(27)32-17-12-15-22(2,3)16(28)9-10-23(15,4)14-8-11-24(5)18(20(29)31-7)33-21(30)19-26(24,34-19)25(14,17)6/h14-15,17-19H,8-12H2,1-7H3/t14?,15?,17-,18?,19?,23-,24+,25+,26?/m1/s1",CDTMPWYDQKWYFT-LPRBMDAGSA-N,CDTMPWYDQKWYFT,COC(=O)C1OC(=O)C2OC23[C@@]1(C)CCC1[C@@]2(C)CCC(=O)C(C)(C)C2C[C@@H](OC(C)=O)[C@]13C,,,,,,,,inactive
Diethylstilbestrol,inactive,CC/C(=C(/CC)c1ccc(O)cc1)c1ccc(O)cc1,spectrum,CC=C(c1ccc(O)cc1)C(CC)c1ccc(O)cc1,"InChI=1S/C18H20O2/c1-3-17(13-5-9-15(19)10-6-13)18(4-2)14-7-11-16(20)12-8-14/h3,5-12,18-20H,4H2,1-2H3",CEHDRGBLVBQUPH-UHFFFAOYSA-N,CEHDRGBLVBQUPH,CC=C(c1ccc(O)cc1)C(CC)c1ccc(O)cc1,P03372_WT,P03372_WT,P03372_WT,P03372_WT,P03372_WT,P03372_WT,P03372_WT,inactive
Methyclothiazide,inactive,CN1C(CCl)Nc2c(cc(S(N)(=O)=O)c(Cl)c2)S1(=O)=O,spectrum,CN1C(CCl)Nc2cc(Cl)c(S(N)(=O)=O)cc2S1(=O)=O,"InChI=1S/C9H11Cl2N3O4S2/c1-14-9(4-10)13-6-2-5(11)7(19(12,15)16)3-8(6)20(14,17)18/h2-3,9,13H,4H2,1H3,(H2,12,15,16)",CESYKOGBSMNBPD-UHFFFAOYSA-N,CESYKOGBSMNBPD,CN1C(CCl)Nc2cc(Cl)c(S(N)(=O)=O)cc2S1(=O)=O,P25094_WT,P25094_WT,,,,,,inactive
Aripiprazole,inactive,O=C1CCc2c(cc(OCCCCN3CCN(c4c(Cl)c(Cl)ccc4)CC3)cc2)N1,spectrum,O=C1CCc2ccc(OCCCCN3CCN(c4cccc(Cl)c4Cl)CC3)cc2N1,"InChI=1S/C23H27Cl2N3O2/c24-19-4-3-5-21(23(19)25)28-13-11-27(12-14-28)10-1-2-15-30-18-8-6-17-7-9-22(29)26-20(17)16-18/h3-6,8,16H,1-2,7,9-15H2,(H,26,29)",CEUORZQYGODEFX-UHFFFAOYSA-N,CEUORZQYGODEFX,O=C1CCc2ccc(OCCCCN3CCN(c4cccc(Cl)c4Cl)CC3)cc2N1,P07305_WT;P08183_WT;P08908_WT;P08909_WT;P08913_WT;P14416_WT;P14842_WT;P18825_WT;P18901_WT;P19020_WT;P19327_WT;P21917_WT;P28221_WT;P28223_WT;P28335_WT;P30729_WT;P31645_WT;P32305_WT;P34969_WT;P35348_WT;P35367_WT;P35368_WT;P35462_WT;P41595_WT;P50406_WT;P61169_WT;Q12809_WT,P07305_WT;P08908_WT;P08909_WT;P08913_WT;P14416_WT;P14842_WT;P18825_WT;P18901_WT;P19020_WT;P19327_WT;P21917_WT;P28221_WT;P28223_WT;P28335_WT;P31645_WT;P32305_WT;P34969_WT;P35348_WT;P35367_WT;P35368_WT;P35462_WT;P41595_WT;P50406_WT;P61169_WT,P07305_WT;P08908_WT;P08909_WT;P14416_WT;P14842_WT;P18901_WT;P19020_WT;P19327_WT;P28223_WT;P28335_WT;P32305_WT;P34969_WT;P35348_WT;P35367_WT;P35462_WT;P41595_WT;P61169_WT,P07305_WT;P08908_WT;P14416_WT;P14842_WT;P19327_WT;P28223_WT;P34969_WT;P35462_WT;P41595_WT;P61169_WT,P14416_WT;P14842_WT;P19327_WT;P35462_WT;P41595_WT;P61169_WT,P41595_WT,P41595_WT,inactive
Carbetapentane citrate,inactive,CCN(CC)CCOCCOC(=O)C1(c2ccccc2)CCCC1,spectrum,CCN(CC)CCOCCOC(=O)C1(c2ccccc2)CCCC1,"InChI=1S/C20H31NO3/c1-3-21(4-2)14-15-23-16-17-24-19(22)20(12-8-9-13-20)18-10-6-5-7-11-18/h5-7,10-11H,3-4,8-9,12-17H2,1-2H3",CFJMRBQWBDQYMK-UHFFFAOYSA-N,CFJMRBQWBDQYMK,CCN(CC)CCOCCOC(=O)C1(c2ccccc2)CCCC1,P08172_WT;P08482_WT;P11229_WT;P42785_WT;Q9NUW8_WT;Q9R0C9_WT;Q99720_WT,P08172_WT;P08482_WT;P11229_WT;P42785_WT;Q9NUW8_WT;Q9R0C9_WT;Q99720_WT,P11229_WT;P42785_WT;Q9NUW8_WT;Q9R0C9_WT,Q9NUW8_WT;Q9R0C9_WT,Q9NUW8_WT,Q9NUW8_WT,,inactive
Indomethacin,inactive,COc1cc2c(cc1)n(C(=O)c1ccc(Cl)cc1)c(C)c2CC(=O)O,spectrum,COc1ccc2c(c1)c(CC(=O)O)c(C)n2C(=O)c1ccc(Cl)cc1,"InChI=1S/C19H16ClNO4/c1-11-15(10-18(22)23)16-9-14(25-2)7-8-17(16)21(11)19(24)12-3-5-13(20)6-4-12/h3-9H,10H2,1-2H3,(H,22,23)",CGIGDMFJXJATDK-UHFFFAOYSA-N,CGIGDMFJXJATDK,COc1ccc2c(c1)c(CC(=O)O)c(C)n2C(=O)c1ccc(Cl)cc1,O09114_WT;P00403_WT;P02768_WT;P03372_WT;P10145_WT;P10275_WT;P22437_WT;P23219_WT;P24557_WT;P35355_WT;Q6XQN6_WT;Q9Y5Y4_WT;Q05769_WT;Q63921_WT,P00403_WT;P10145_WT;P10275_WT;P22437_WT;P23219_WT;P24557_WT;P35355_WT;Q6XQN6_WT;Q9Y5Y4_WT;Q05769_WT;Q63921_WT,P10145_WT;P10275_WT;P22437_WT;P35355_WT;Q6XQN6_WT;Q63921_WT,P10275_WT;P22437_WT;P35355_WT;Q6XQN6_WT;Q63921_WT,P10275_WT;P22437_WT;Q6XQN6_WT;Q63921_WT,P10275_WT;P22437_WT;Q6XQN6_WT,P10275_WT;Q6XQN6_WT,inactive
Imd 0354,reducer,C1=CC(=CC(=C1O)C(NC2=CC(=CC(=C2)C(F)(F)F)C(F)(F)F)=O)Cl,selleckchem,O=C(Nc1cc(C(F)(F)F)cc(C(F)(F)F)c1)c1cc(Cl)ccc1O,"InChI=1S/C15H8ClF6NO2/c16-9-1-2-12(24)11(6-9)13(25)23-10-4-7(14(17,18)19)3-8(5-10)15(20,21)22/h1-6,24H,(H,23,25)",CHILCFMQWMQVAL-UHFFFAOYSA-N,CHILCFMQWMQVAL,O=C(Nc1cc(C(F)(F)F)cc(C(F)(F)F)c1)c1cc(Cl)ccc1O,O14920_WT;O15111_WT;P36888_WT;P51450_WT;Q96QE3_WT;Q99571_WT;Q99572_WT,O14920_WT;O15111_WT;Q99571_WT;Q99572_WT,,,,,,reducer
Deflazacort,inactive,CC(=O)OCC(=O)[C@@]12N=C(C)O[C@@H]1CC1C3CCC4=CC(=O)C=C[C@]4(C)C3[C@@H](O)C[C@@]12C,spectrum,CC(=O)OCC(=O)[C@@]12N=C(C)O[C@@H]1CC1C3CC=C4CC(=O)C=C[C@]4(C)C3[C@@H](O)C[C@@]12C,"InChI=1S/C25H31NO6/c1-13-26-25(20(30)12-31-14(2)27)21(32-13)10-18-17-6-5-15-9-16(28)7-8-23(15,3)22(17)19(29)11-24(18,25)4/h5,7-8,17-19,21-22,29H,6,9-12H2,1-4H3/t17?,18?,19-,21+,22?,23-,24-,25+/m0/s1",CHSYXJNUOMUPOG-JEHHHYCTSA-N,CHSYXJNUOMUPOG,CC(=O)OCC(=O)[C@@]12N=C(C)O[C@@H]1CC1C3CC=C4CC(=O)C=C[C@]4(C)C3[C@@H](O)C[C@@]12C,P04150_WT;P10275_WT;P11511_WT,P04150_WT;P10275_WT;P11511_WT,P10275_WT,,,,,inactive
Netilmicin sulfate,inactive,CCN[C@@H]1C[C@H](N)[C@@H](O[C@H]2OC(CN)=CC[C@H]2N)[C@H](O)[C@H]1OC1OC[C@](C)(O)[C@H](NC)[C@H]1O,spectrum,CCN[C@@H]1C[C@H](N)[C@@H](O[C@H]2OC(CN)=CC[C@H]2N)[C@H](O)[C@H]1OC1OC[C@](C)(O)[C@H](NC)[C@H]1O,"InChI=1S/C21H41N5O7/c1-4-26-13-7-12(24)16(32-19-11(23)6-5-10(8-22)31-19)14(27)17(13)33-20-15(28)18(25-3)21(2,29)9-30-20/h5,11-20,25-29H,4,6-9,22-24H2,1-3H3/t11-,12+,13-,14+,15-,16-,17+,18-,19-,20?,21+/m1/s1",CIDUJQMULVCIBT-OHMMYJSPSA-N,CIDUJQMULVCIBT,CCN[C@@H]1C[C@H](N)[C@@H](O[C@H]2OC(CN)=CC[C@H]2N)[C@H](O)[C@H]1OC1OC[C@](C)(O)[C@H](NC)[C@H]1O,P51450_WT,,,,,,,inactive
Fludrocortisone acetate,inactive,CC(=O)OCC(=O)[C@@]1(O)CCC2C3CCC4=CC(=O)CC[C@]4(C)[C@@]3(F)[C@@H](O)C[C@@]21C,spectrum,CC(=O)OCC(=O)[C@@]1(O)CCC2C3CC=C4CC(=O)CC[C@]4(C)[C@@]3(F)[C@@H](O)C[C@@]21C,"InChI=1S/C23H31FO6/c1-13(25)30-12-19(28)22(29)9-7-16-17-5-4-14-10-15(26)6-8-20(14,2)23(17,24)18(27)11-21(16,22)3/h4,16-18,27,29H,5-12H2,1-3H3/t16?,17?,18-,20-,21-,22-,23-/m0/s1",CIGNZXWBHKAMIO-JORUCDAYSA-N,CIGNZXWBHKAMIO,CC(=O)OCC(=O)[C@@]1(O)CCC2C3CC=C4CC(=O)CC[C@]4(C)[C@@]3(F)[C@@H](O)C[C@@]21C,Q16236_WT,Q16236_WT,Q16236_WT,Q16236_WT,,,,inactive
Ethacridine lactate,inactive,CCOc1cc2c(N)c3c(cc(N)cc3)nc2cc1,spectrum,CCOc1ccc2nc3cc(N)ccc3c(N)c2c1,"InChI=1S/C15H15N3O/c1-2-19-10-4-6-13-12(8-10)15(17)11-5-3-9(16)7-14(11)18-13/h3-8H,2,16H2,1H3,(H2,17,18)",CIKWKGFPFXJVGW-UHFFFAOYSA-N,CIKWKGFPFXJVGW,CCOc1ccc2nc3cc(N)ccc3c(N)c2c1,,,,,,,,inactive
Benfluorex hydrochloride,inactive,CC(Cc1cccc(C(F)(F)F)c1)NCCOC(=O)c1ccccc1,spectrum,CC(Cc1cccc(C(F)(F)F)c1)NCCOC(=O)c1ccccc1,"InChI=1S/C19H20F3NO2/c1-14(12-15-6-5-9-17(13-15)19(20,21)22)23-10-11-25-18(24)16-7-3-2-4-8-16/h2-9,13-14,23H,10-12H2,1H3",CJAVTWRYCDNHSM-UHFFFAOYSA-N,CJAVTWRYCDNHSM,CC(Cc1cccc(C(F)(F)F)c1)NCCOC(=O)c1ccccc1,P05177_WT;P08684_WT;P10635_WT;P11712_WT,P10635_WT;P11712_WT,P10635_WT;P11712_WT,P10635_WT;P11712_WT,P11712_WT,,,inactive
Methyldopa,inactive,C[C@](N)(Cc1ccc(O)c(O)c1)C(=O)O,spectrum,C[C@](N)(Cc1ccc(O)c(O)c1)C(=O)O,"InChI=1S/C10H13NO4/c1-10(11,9(14)15)5-6-2-3-7(12)8(13)4-6/h2-4,12-13H,5,11H2,1H3,(H,14,15)/t10-/m0/s1",CJCSPKMFHVPWAR-JTQLQIEISA-N,CJCSPKMFHVPWAR,C[C@](N)(Cc1ccc(O)c(O)c1)C(=O)O,P03372_WT;Q99714_WT,Q99714_WT,,,,,,inactive
Ajmaline,inactive,CC[C@H]1C2CC3[C@@H]4N(C)c5c(cccc5)[C@]45C[C@@H](C2C5O)N3[C@@H]1O,spectrum,CC[C@H]1C2CC3[C@@H]4N(C)c5ccccc5[C@]45C[C@@H](C2C5O)N3[C@@H]1O,"InChI=1S/C20H26N2O2/c1-3-10-11-8-14-17-20(12-6-4-5-7-13(12)21(17)2)9-15(16(11)18(20)23)22(14)19(10)24/h4-7,10-11,14-19,23-24H,3,8-9H2,1-2H3/t10-,11?,14?,15-,16?,17-,18?,19+,20+/m0/s1",CJDRUOGAGYHKKD-FYGXBCQKSA-N,CJDRUOGAGYHKKD,CC[C@H]1C2CC3[C@@H]4N(C)c5ccccc5[C@]45C[C@@H](C2C5O)N3[C@@H]1O,Q9NUW8_WT,,,,,,,inactive
Bucladesine,reducer,CCCC(=O)Nc1ncnc2c1ncn2C1O[C@@H]2COP(=O)(O)O[C@H]2[C@H]1OC(=O)CCC,spectrum,CCCC(=O)Nc1ncnc2c1ncn2C1O[C@@H]2COP(=O)(O)O[C@H]2[C@H]1OC(=O)CCC,"InChI=1S/C18H24N5O8P/c1-3-5-11(24)22-16-13-17(20-8-19-16)23(9-21-13)18-15(30-12(25)6-4-2)14-10(29-18)7-28-32(26,27)31-14/h8-10,14-15,18H,3-7H2,1-2H3,(H,26,27)(H,19,20,22,24)/t10-,14-,15-,18?/m1/s1",CJGYSWNGNKCJSB-ZBSNKJFMSA-N,CJGYSWNGNKCJSB,CCCC(=O)Nc1ncnc2c1ncn2C1O[C@@H]2COP(=O)(O)O[C@H]2[C@H]1OC(=O)CCC,Q9HBX9_WT,Q9HBX9_WT,,,,,,reducer
Fluvoxamine maleate,inactive,COCCCC/C(=N\OCCN)c1ccc(C(F)(F)F)cc1,spectrum,COCCCC/C(=N\OCCN)c1ccc(C(F)(F)F)cc1,"InChI=1S/C15H21F3N2O2/c1-21-10-3-2-4-14(20-22-11-9-19)12-5-7-13(8-6-12)15(16,17)18/h5-8H,2-4,9-11,19H2,1H3/b20-14+",CJOFXWAVKWHTFT-XSFVSMFZSA-N,CJOFXWAVKWHTFT,COCCCC/C(=N\OCCN)c1ccc(C(F)(F)F)cc1,P05177_WT;P31645_WT;P31652_WT;P33261_WT;Q9R0C9_WT;Q01959_WT;Q99720_WT,P05177_WT;P31645_WT;P33261_WT;Q9R0C9_WT;Q01959_WT;Q99720_WT,P05177_WT;P31645_WT;Q9R0C9_WT;Q01959_WT;Q99720_WT,Q01959_WT,Q01959_WT,Q01959_WT,,inactive
Clemizole hydrochloride,inactive,Clc1ccc(Cn2c(CN3CCCC3)nc3ccccc32)cc1,spectrum,Clc1ccc(Cn2c(CN3CCCC3)nc3ccccc32)cc1,"InChI=1S/C19H20ClN3/c20-16-9-7-15(8-10-16)13-23-18-6-2-1-5-17(18)21-19(23)14-22-11-3-4-12-22/h1-2,5-10H,3-4,11-14H2",CJXAEXPPLWQRFR-UHFFFAOYSA-N,CJXAEXPPLWQRFR,Clc1ccc(Cn2c(CN3CCCC3)nc3ccccc32)cc1,P14618_WT;P33261_WT,P14618_WT;P33261_WT,P14618_WT,P14618_WT,P14618_WT,,,inactive
Oltipraz,inactive,Cc1c(-c2nccnc2)ssc1=S,spectrum,Cc1c(-c2cnccn2)ssc1=S,"InChI=1S/C8H6N2S3/c1-5-7(12-13-8(5)11)6-4-9-2-3-10-6/h2-4H,1H3",CKNAQFVBEHDJQV-UHFFFAOYSA-N,CKNAQFVBEHDJQV,Cc1c(-c2cnccn2)ssc1=S,,,,,,,,inactive
Exalamide,inactive,CCCCCCOc1c(C(N)=O)cccc1,spectrum,CCCCCCOc1ccccc1C(N)=O,"InChI=1S/C13H19NO2/c1-2-3-4-7-10-16-12-9-6-5-8-11(12)13(14)15/h5-6,8-9H,2-4,7,10H2,1H3,(H2,14,15)",CKSJXOVLXUMMFF-UHFFFAOYSA-N,CKSJXOVLXUMMFF,CCCCCCOc1ccccc1C(N)=O,,,,,,,,inactive
Larixol,inactive,C=C[C@@](C)(O)CCC1C(=C)C[C@H](O)C2C(C)(C)CCCC12C,spectrum,C=C[C@@](C)(O)CCC1C(=C)C[C@H](O)C2C(C)(C)CCCC12C,"InChI=1S/C20H34O2/c1-7-19(5,22)12-9-15-14(2)13-16(21)17-18(3,4)10-8-11-20(15,17)6/h7,15-17,21-22H,1-2,8-13H2,3-6H3/t15?,16-,17?,19+,20?/m0/s1",CLGDBTZPPRVUII-USQYZIDUSA-N,CLGDBTZPPRVUII,C=C[C@@](C)(O)CCC1C(=C)C[C@H](O)C2C(C)(C)CCCC12C,,,,,,,,inactive
Benoxinate hydrochloride,inactive,CCCCOc1c(N)ccc(C(=O)OCCN(CC)CC)c1,spectrum,CCCCOc1cc(C(=O)OCCN(CC)CC)ccc1N,"InChI=1S/C17H28N2O3/c1-4-7-11-21-16-13-14(8-9-15(16)18)17(20)22-12-10-19(5-2)6-3/h8-9,13H,4-7,10-12,18H2,1-3H3",CMHHMUWAYWTMGS-UHFFFAOYSA-N,CMHHMUWAYWTMGS,CCCCOc1cc(C(=O)OCCN(CC)CC)ccc1N,P05177_WT,,,,,,,inactive
Cyclophosphamide,inactive,O=P1(N(CCCl)CCCl)NCCCO1,spectrum,O=P1(N(CCCl)CCCl)NCCCO1,"InChI=1S/C7H15Cl2N2O2P/c8-2-5-11(6-3-9)14(12)10-4-1-7-13-14/h1-7H2,(H,10,12)",CMSMOCZEIVJLDB-UHFFFAOYSA-N,CMSMOCZEIVJLDB,O=P1(N(CCCl)CCCl)NCCCO1,P28482_WT;P83916_WT,P28482_WT;P83916_WT,P83916_WT,P83916_WT,P83916_WT,,,inactive
Naproxen(+),inactive,COc1ccc2cc([C@H](C)C(=O)O)ccc2c1,spectrum,COc1ccc2cc(C(C)C(=O)O)ccc2c1,"InChI=1S/C14H14O3/c1-9(14(15)16)10-3-4-12-8-13(17-2)6-5-11(12)7-10/h3-9H,1-2H3,(H,15,16)",CMWTZPSULFXXJA-UHFFFAOYSA-N,CMWTZPSULFXXJA,COc1ccc2cc(C(C)C(=O)O)ccc2c1,P23219_WT;P42330_WT;P83916_WT,P23219_WT;P42330_WT;P83916_WT,P83916_WT,P83916_WT,P83916_WT,,,inactive
Benzydamine hydrochloride,reducer,CN(C)CCCOc1nn(Cc2ccccc2)c2c1cccc2,spectrum,CN(C)CCCOc1nn(Cc2ccccc2)c2ccccc12,"InChI=1S/C19H23N3O/c1-21(2)13-8-14-23-19-17-11-6-7-12-18(17)22(20-19)15-16-9-4-3-5-10-16/h3-7,9-12H,8,13-15H2,1-2H3",CNBGNNVCVSKAQZ-UHFFFAOYSA-N,CNBGNNVCVSKAQZ,CN(C)CCCOc1nn(Cc2ccccc2)c2ccccc12,,,,,,,,reducer
3.7-dimethoxyflavone,inactive,COc1cc2c(cc1)c(=O)c(OC)c(-c1ccccc1)o2,spectrum,COc1ccc2c(=O)c(OC)c(-c3ccccc3)oc2c1,"InChI=1S/C17H14O4/c1-19-12-8-9-13-14(10-12)21-16(17(20-2)15(13)18)11-6-4-3-5-7-11/h3-10H,1-2H3",CNDZOPXQZSXGSK-UHFFFAOYSA-N,CNDZOPXQZSXGSK,COc1ccc2c(=O)c(OC)c(-c3ccccc3)oc2c1,Q99714_WT,,,,,,,inactive
Naphazoline hydrochloride,inactive,c1cc2c(cc1)c(CC1=NCCN1)ccc2,spectrum,c1ccc2c(CC3=NCCN3)cccc2c1,"InChI=1S/C14H14N2/c1-2-7-13-11(4-1)5-3-6-12(13)10-14-15-8-9-16-14/h1-7H,8-10H2,(H,15,16)",CNIIGCLFLJGOGP-UHFFFAOYSA-N,CNIIGCLFLJGOGP,c1ccc2c(CC3=NCCN3)cccc2c1,P18825_WT;P35348_WT;Q4G017_WT;Q9Y2I1_WT;Q96RJ0_WT,P18825_WT;P35348_WT;Q4G017_WT;Q9Y2I1_WT,P18825_WT;P35348_WT,P18825_WT,,,,inactive
3.16-DIDEOXYMEXICANOLIDE-3beta-DIOL,inactive,COC(=O)C[C@H]1C(C)(C)[C@@H](O)[C@@H]2CC3=C4CC(O)O[C@@H](c5cocc5)[C@]4(C)CCC3[C@]1(C)C2=O,spectrum,COC(=O)C[C@H]1C(C)(C)[C@@H](O)C2CC3=C4CC(O)O[C@@H](c5ccoc5)[C@]4(C)CCC3[C@]1(C)C2=O,"InChI=1S/C27H36O7/c1-25(2)19(12-20(28)32-5)27(4)17-6-8-26(3)18(15(17)10-16(22(25)30)23(27)31)11-21(29)34-24(26)14-7-9-33-13-14/h7,9,13,16-17,19,21-22,24,29-30H,6,8,10-12H2,1-5H3/t16?,17?,19-,21?,22-,24-,26+,27-/m0/s1",CNSUXOYAIZBGRY-DCQPKHGRSA-N,CNSUXOYAIZBGRY,COC(=O)C[C@H]1C(C)(C)[C@@H](O)C2CC3=C4CC(O)O[C@@H](c5ccoc5)[C@]4(C)CCC3[C@]1(C)C2=O,,,,,,,,inactive
7.8-dihydroxyflavone,reducer,O=c1cc(-c2ccccc2)oc2c1ccc(O)c2O,spectrum,O=c1cc(-c2ccccc2)oc2c(O)c(O)ccc12,"InChI=1S/C15H10O4/c16-11-7-6-10-12(17)8-13(19-15(10)14(11)18)9-4-2-1-3-5-9/h1-8,16,18H",COCYGNDCWFKTMF-UHFFFAOYSA-N,COCYGNDCWFKTMF,O=c1cc(-c2ccccc2)oc2c(O)c(O)ccc12,Q16620_WT,,,,,,,reducer
Busulfan,antineoplastic,CS(=O)(=O)OCCCCOS(C)(=O)=O,spectrum,CS(=O)(=O)OCCCCOS(C)(=O)=O,"InChI=1S/C6H14O6S2/c1-13(7,8)11-5-3-4-6-12-14(2,9)10/h3-6H2,1-2H3",COVZYZSDYWQREU-UHFFFAOYSA-N,COVZYZSDYWQREU,CS(=O)(=O)OCCCCOS(C)(=O)=O,,,,,,,,antineoplastic
Bibf1120,antineoplastic,C1=C(C=C2C(=C1)/C(C(N2)=O)=C(\C3=CC=CC=C3)NC4=CC=C(C=C4)N(C)C(CN5CCN(CC5)C)=O)C(OC)=O,selleckchem,COC(=O)c1ccc2c(C(=Nc3ccc(N(C)C(=O)CN4CCN(C)CC4)cc3)c3ccccc3)c(O)[nH]c2c1,"InChI=1S/C31H33N5O4/c1-34-15-17-36(18-16-34)20-27(37)35(2)24-12-10-23(11-13-24)32-29(21-7-5-4-6-8-21)28-25-14-9-22(31(39)40-3)19-26(25)33-30(28)38/h4-14,19,33,38H,15-18,20H2,1-3H3",CPMDPSXJELVGJG-UHFFFAOYSA-N,CPMDPSXJELVGJG,COC(=O)c1ccc2c(C(=Nc3ccc(N(C)C(=O)CN4CCN(C)CC4)cc3)c3ccccc3)c(O)[nH]c2c1,A7MCY6_WT;O00444_WT;O14730_WT;O15075_WT;O15146_WT;O15197_WT;O15357_WT;O43283_WT;O43318_WT;O60285_WT;O60674_WT;O75385_WT;O75582_WT;O75676_WT;O75716_WT;O75914_WT;O94768_WT;O94804_WT;O94806_WT;O94921_WT;P00519_WT;P06239_WT;P07333_WT;P07947_WT;P07948_WT;P07949_WT;P08183_WT;P08581_WT;P09619_WT;P09769_WT;P10721_WT;P11274_WT;P11362_WT;P12931_WT;P14616_WT;P15735_WT;P16234_WT;P17948_WT;P19784_WT;P21802_WT;P22455_WT;P22607_WT;P23443_WT;P23458_WT;P27448_WT;P29376_WT;P29597_WT;P30530_WT;P32298_WT;P33981_WT;P35916_WT;P35918_WT;P35968_WT;P36507_WT;P36888_WT;P42681_WT;P45983_WT;P49674_WT;P49759_WT;P49760_WT;P49840_WT;P49841_WT;P50613_WT;P51451_WT;P51617_WT;P51812_WT;P52333_WT;P53779_WT;P54646_WT;P54762_WT;P57059_WT;P57078_WT;P62993_WT;P78356_WT;P78362_WT;P80192_WT;Q2M2I8_WT;Q5S007_WT;Q6PHR2_WT;Q8IVH8_WT;Q8IYT8_WT;Q8N5S9_WT;Q8TDR2_WT;Q8WWW0_WT;Q9BRS2_WT;Q9BZL6_WT;Q9C098_WT;Q9H0K1_WT;Q9H2X6_WT;Q9H4B6_WT;Q9H093_WT;Q9H422_WT;Q9HAZ1_WT;Q9NRM7_WT;Q9NWZ3_WT;Q9UEE5_WT;Q9UEW8_WT;Q9UF33_WT;Q9UK32_WT;Q9UM73_WT;Q9UPE1_WT;Q9UQB9_WT;Q9Y6E0_WT;Q52WX2_WT;Q56UN5_WT;Q86YV6_WT;Q96GD4_WT;Q96NX5_WT;Q96RR4_WT;Q96SB4_WT;Q00526_WT;Q00536_WT;Q00537_WT;Q02750_WT;Q05397_WT;Q07002_WT;Q08345_WT;Q08881_WT;Q12809_WT;Q12851_WT;Q12852_WT;Q12866_WT;Q13043_WT;Q13163_WT;Q13188_WT;Q13470_WT;Q13523_WT;Q13546_WT;Q13873_WT;Q13976_WT;Q14164_WT;Q14289_WT;Q14680_WT;Q15349_WT;Q15746_WT;Q15831_WT;Q16288_WT;Q16512_WT;Q16584_WT;Q16620_WT;Q16816_WT;Q16832_WT;Q92918_WT;Q99755_WT,O00444_WT;O14730_WT;O15197_WT;O15357_WT;O43283_WT;O43318_WT;O60285_WT;O60674_WT;O75582_WT;O75716_WT;O75914_WT;P06239_WT;P07333_WT;P07948_WT;P07949_WT;P08183_WT;P09619_WT;P09769_WT;P10721_WT;P11274_WT;P11362_WT;P12931_WT;P14616_WT;P15735_WT;P16234_WT;P17948_WT;P21802_WT;P22607_WT;P23443_WT;P23458_WT;P29376_WT;P29597_WT;P30530_WT;P32298_WT;P33981_WT;P35916_WT;P35918_WT;P35968_WT;P36507_WT;P36888_WT;P49674_WT;P49759_WT;P49841_WT;P50613_WT;P51617_WT;P51812_WT;P52333_WT;P53779_WT;P54646_WT;P78356_WT;P78362_WT;P80192_WT;Q2M2I8_WT;Q5S007_WT;Q6PHR2_WT;Q8IVH8_WT;Q9BRS2_WT;Q9H0K1_WT;Q9H4B6_WT;Q9H093_WT;Q9HAZ1_WT;Q9UEE5_WT;Q9UK32_WT;Q9UM73_WT;Q9UPE1_WT;Q9UQB9_WT;Q9Y6E0_WT;Q52WX2_WT;Q56UN5_WT;Q96NX5_WT;Q96SB4_WT;Q00526_WT;Q00536_WT;Q00537_WT;Q02750_WT;Q05397_WT;Q08345_WT;Q08881_WT;Q12809_WT;Q12851_WT;Q12852_WT;Q12866_WT;Q13043_WT;Q13163_WT;Q13470_WT;Q13523_WT;Q13546_WT;Q13873_WT;Q13976_WT;Q14164_WT;Q14289_WT;Q14680_WT;Q15349_WT;Q15746_WT;Q15831_WT;Q16288_WT;Q16620_WT;Q16816_WT;Q16832_WT;Q92918_WT;Q99755_WT,O00444_WT;O14730_WT;O43318_WT;O75716_WT;P06239_WT;P07333_WT;P07949_WT;P09619_WT;P10721_WT;P11362_WT;P14616_WT;P16234_WT;P17948_WT;P21802_WT;P30530_WT;P32298_WT;P33981_WT;P35916_WT;P35918_WT;P35968_WT;P36507_WT;P36888_WT;P49759_WT;P49841_WT;P51812_WT;P52333_WT;P54646_WT;P78356_WT;P78362_WT;Q2M2I8_WT;Q5S007_WT;Q6PHR2_WT;Q9BRS2_WT;Q9H093_WT;Q9HAZ1_WT;Q9UM73_WT;Q9UPE1_WT;Q56UN5_WT;Q96SB4_WT;Q00536_WT;Q00537_WT;Q02750_WT;Q08345_WT;Q12809_WT;Q12866_WT;Q13523_WT;Q13873_WT;Q13976_WT;Q14289_WT;Q14680_WT;Q15349_WT;Q15831_WT;Q16288_WT;Q16620_WT;Q16832_WT;Q92918_WT;Q99755_WT,O43318_WT;O75716_WT;P07949_WT;P09619_WT;P10721_WT;P14616_WT;P16234_WT;P30530_WT;P32298_WT;P33981_WT;P35916_WT;P35918_WT;P35968_WT;P36888_WT;P49759_WT;P52333_WT;P78356_WT;Q9BRS2_WT;Q9H093_WT;Q9HAZ1_WT;Q9UM73_WT;Q9UPE1_WT;Q56UN5_WT;Q00536_WT;Q02750_WT;Q08345_WT;Q12809_WT;Q12866_WT;Q13523_WT;Q13976_WT;Q15831_WT;Q16620_WT;Q16832_WT,O43318_WT;P07949_WT;P35916_WT;P35968_WT;P36888_WT;P49759_WT;P52333_WT;Q56UN5_WT;Q12809_WT;Q12866_WT;Q13523_WT,P07949_WT;Q12809_WT,,antineoplastic
Tgx-221,inactive,C1=C(C=C(C2N1C(C=C(N=2)N3CCOCC3)=O)C(C)NC4=CC=CC=C4)C,selleckchem,Cc1cc(C(C)Nc2ccccc2)c2nc(N3CCOCC3)cc(=O)n2c1,"InChI=1S/C21H24N4O2/c1-15-12-18(16(2)22-17-6-4-3-5-7-17)21-23-19(13-20(26)25(21)14-15)24-8-10-27-11-9-24/h3-7,12-14,16,22H,8-11H2,1-2H3",CPRAGQJXBLMUEL-UHFFFAOYSA-N,CPRAGQJXBLMUEL,Cc1cc(C(C)Nc2ccccc2)c2nc(N3CCOCC3)cc(=O)n2c1,O00329_WT;P42338_WT,O00329_WT;P42338_WT,P42338_WT,P42338_WT,,,,inactive
Procarbazine hydrochloride,antineoplastic,CNNCc1ccc(C(=O)NC(C)C)cc1,spectrum,CNNCc1ccc(C(=O)NC(C)C)cc1,"InChI=1S/C12H19N3O/c1-9(2)15-12(16)11-6-4-10(5-7-11)8-14-13-3/h4-7,9,13-14H,8H2,1-3H3,(H,15,16)",CPTBDICYNRMXFX-UHFFFAOYSA-N,CPTBDICYNRMXFX,CNNCc1ccc(C(=O)NC(C)C)cc1,,,,,,,,antineoplastic
Carnosine,inactive,NCCC(=O)N[C@@H](Cc1c[nH]cn1)C(=O)O,spectrum,NCCC(=O)NC(Cc1c[nH]cn1)C(=O)O,"InChI=1S/C9H14N4O3/c10-2-1-8(14)13-7(9(15)16)3-6-4-11-5-12-6/h4-5,7H,1-3,10H2,(H,11,12)(H,13,14)(H,15,16)",CQOVPNPJLQNMDC-UHFFFAOYSA-N,CQOVPNPJLQNMDC,NCCC(=O)NC(Cc1c[nH]cn1)C(=O)O,,,,,,,,inactive
Farnesol,inactive,CC(C)=CCC/C(C)=C/CC/C(C)=C/CO,spectrum,CC(C)=CCC/C(C)=C/CC/C(C)=C/CO,"InChI=1S/C15H26O/c1-13(2)7-5-8-14(3)9-6-10-15(4)11-12-16/h7,9,11,16H,5-6,8,10,12H2,1-4H3/b14-9+,15-11+",CRDAMVZIKSXKFV-YFVJMOTDSA-N,CRDAMVZIKSXKFV,CC(C)=CCC/C(C)=C/CC/C(C)=C/CO,,,,,,,,inactive
A-769662,inactive,C1(=CC=C(C=C1)C2=CSC3=C2C(=C(C(N3)=O)C#N)O)C4=CC=CC=C4O,selleckchem,N#Cc1c(O)[nH]c2scc(-c3ccc(-c4ccccc4O)cc3)c2c1=O,"InChI=1S/C20H12N2O3S/c21-9-14-18(24)17-15(10-26-20(17)22-19(14)25)12-7-5-11(6-8-12)13-3-1-2-4-16(13)23/h1-8,10,23H,(H2,22,24,25)",CTESJDQKVOEUOY-UHFFFAOYSA-N,CTESJDQKVOEUOY,N#Cc1c(O)[nH]c2scc(-c3ccc(-c4ccccc4O)cc3)c2c1=O,P54645_WT,P54645_WT,,,,,,inactive
Oxcarbazepine,inactive,NC(=O)N1c2c(cccc2)CC(=O)c2c1cccc2,spectrum,NC(=O)N1c2ccccc2CC(=O)c2ccccc21,"InChI=1S/C15H12N2O2/c16-15(19)17-12-7-3-1-5-10(12)9-14(18)11-6-2-4-8-13(11)17/h1-8H,9H2,(H2,16,19)",CTRLABGOLIVAIY-UHFFFAOYSA-N,CTRLABGOLIVAIY,NC(=O)N1c2ccccc2CC(=O)c2ccccc21,,,,,,,,inactive
Anagrelide hydrochloride,antineoplastic,O=C1CN2Cc3c(ccc(Cl)c3Cl)N=C2N1,spectrum,Oc1cn2c(n1)Nc1ccc(Cl)c(Cl)c1C2,"InChI=1S/C10H7Cl2N3O/c11-6-1-2-7-5(9(6)12)3-15-4-8(16)14-10(15)13-7/h1-2,4,16H,3H2,(H,13,14)",CUCMIJQKFCWAPD-UHFFFAOYSA-N,CUCMIJQKFCWAPD,Oc1cn2c(n1)Nc1ccc(Cl)c(Cl)c1C2,P03372_WT,,,,,,,antineoplastic
Usnic acid,inactive,CC(=O)c1c(O)c(C)c(O)c2c1OC1=CC(=O)C(C(C)=O)C(=O)C12C,spectrum,CC(=O)c1c(O)c(C)c(O)c2c1OC1=CC(=O)C(C(C)=O)C(=O)C12C,"InChI=1S/C18H16O7/c1-6-14(22)12(8(3)20)16-13(15(6)23)18(4)10(25-16)5-9(21)11(7(2)19)17(18)24/h5,11,22-23H,1-4H3",CUCUKLJLRRAKFN-UHFFFAOYSA-N,CUCUKLJLRRAKFN,CC(=O)c1c(O)c(C)c(O)c2c1OC1=CC(=O)C(C(C)=O)C(=O)C12C,P11712_WT,P11712_WT,P11712_WT,P11712_WT,,,,inactive
Pazopanib HCl,inactive,C1(=C(C(=CC(=C1)NC2=NC=CC(=N2)N(C3C=CC4C(C=3)=NN(C=4C)C)C)S(=O)(N)=O)C).Cl,selleckchem,Cc1ccc(Nc2nccc(N(C)c3ccc4c(C)n(C)nc4c3)n2)cc1S(N)(=O)=O,"InChI=1S/C21H23N7O2S/c1-13-5-6-15(11-19(13)31(22,29)30)24-21-23-10-9-20(25-21)27(3)16-7-8-17-14(2)28(4)26-18(17)12-16/h5-12H,1-4H3,(H2,22,29,30)(H,23,24,25)",CUIHSIWYWATEQL-UHFFFAOYSA-N,CUIHSIWYWATEQL,Cc1ccc(Nc2nccc(N(C)c3ccc4c(C)n(C)nc4c3)n2)cc1S(N)(=O)=O,O00444_WT;O14976_WT;O15197_WT;O75716_WT;O94804_WT;P00519_H396P;P00519_Q252H;P00519_WT;P04049_WT;P06239_WT;P07333_WT;P07948_WT;P07949_M918T;P07949_WT;P08922_WT;P09619_WT;P10721_A829P;P10721_D816V;P10721_L576P;P10721_V559D;P10721_V559D_T670I;P10721_V559D_V654A;P10721_WT;P11362_WT;P15056_V600E;P15056_WT;P16234_WT;P17948_WT;P21802_WT;P22303_WT;P22607_G697C;P22607_WT;P33981_WT;P35590_WT;P35916_WT;P35968_WT;P36888_D835Y;P36888_K663Q;P42685_WT;P45985_WT;P51955_WT;P53667_WT;P80192_WT;Q7L7X3_WT;Q8TBX8_WT;Q9BRS2_WT;Q9BVS4_WT;Q9H2K8_WT;Q9NRP7_WT;Q9UBF8_WT;Q9UKE5_WT;Q9UQB9_WT;Q9Y2U5_WT;Q56UN5_WT;Q08345_WT;Q13163_WT;Q13546_WT;Q16584_WT;Q16790_WT;Q16832_WT;Q92918_WT,O00444_WT;O14976_WT;O15197_WT;O94804_WT;P07333_WT;P07949_M918T;P07949_WT;P09619_WT;P10721_A829P;P10721_L576P;P10721_V559D;P10721_V559D_T670I;P10721_V559D_V654A;P10721_WT;P11362_WT;P16234_WT;P17948_WT;P21802_WT;P33981_WT;P35916_WT;P35968_WT;P80192_WT;Q8TBX8_WT;Q9BRS2_WT;Q9H2K8_WT;Q9UKE5_WT;Q9Y2U5_WT;Q08345_WT;Q16790_WT;Q16832_WT,O15197_WT;O94804_WT;P07333_WT;P09619_WT;P10721_A829P;P10721_L576P;P10721_V559D;P10721_V559D_T670I;P10721_V559D_V654A;P10721_WT;P16234_WT;P17948_WT;P35916_WT;P35968_WT;Q9H2K8_WT;Q08345_WT;Q16790_WT;Q16832_WT,P07333_WT;P09619_WT;P10721_L576P;P10721_V559D;P10721_V559D_T670I;P10721_V559D_V654A;P10721_WT;P16234_WT;P17948_WT;P35916_WT;P35968_WT;Q16790_WT,P10721_L576P;P10721_V559D;P10721_V559D_T670I;P10721_WT;P35968_WT;Q16790_WT,P10721_L576P;P10721_V559D,,inactive
Dicyclomine hydrochloride,inactive,CCN(CC)CCOC(=O)C1(C2CCCCC2)CCCCC1,spectrum,CCN(CC)CCOC(=O)C1(C2CCCCC2)CCCCC1,"InChI=1S/C19H35NO2/c1-3-20(4-2)15-16-22-18(21)19(13-9-6-10-14-19)17-11-7-5-8-12-17/h17H,3-16H2,1-2H3",CURUTKGFNZGFSE-UHFFFAOYSA-N,CURUTKGFNZGFSE,CCN(CC)CCOC(=O)C1(C2CCCCC2)CCCCC1,P08172_WT;P08173_WT;P08482_WT;P08912_WT;P10980_WT;P11229_WT;P20309_WT;P28223_WT;P28335_WT;P35462_WT;Q99720_WT,P08172_WT;P08173_WT;P08482_WT;P08912_WT;P10980_WT;P11229_WT;P20309_WT;P28223_WT;Q99720_WT,P08172_WT;P08173_WT;P08482_WT;P08912_WT;P10980_WT;P11229_WT;P20309_WT;Q99720_WT,P08172_WT;P08173_WT;P08912_WT;P11229_WT;P20309_WT;Q99720_WT,P08173_WT;P08912_WT;P11229_WT;P20309_WT;Q99720_WT,P08173_WT;P08912_WT;P11229_WT;P20309_WT,,inactive
Quizartinib,inactive,C1=C(C=CC(=C1)C2N=C3N(C=2)C4C(S3)=CC(=CC=4)OCCN5CCOCC5)NC(NC6C=C(ON=6)C(C)(C)C)=O,selleckchem,CC(C)(C)c1cc(NC(=O)Nc2ccc(-c3cn4c(n3)sc3cc(OCCN5CCOCC5)ccc34)cc2)no1,"InChI=1S/C29H32N6O4S/c1-29(2,3)25-17-26(33-39-25)32-27(36)30-20-6-4-19(5-7-20)22-18-35-23-9-8-21(16-24(23)40-28(35)31-22)38-15-12-34-10-13-37-14-11-34/h4-9,16-18H,10-15H2,1-3H3,(H2,30,32,33,36)",CVWXJKQAOSCOAB-UHFFFAOYSA-N,CVWXJKQAOSCOAB,CC(C)(C)c1cc(NC(=O)Nc2ccc(-c3cn4c(n3)sc3cc(OCCN5CCOCC5)ccc34)cc2)no1,P00519_T315I;P07333_WT;P07949_M918T;P07949_V804L;P07949_V804M;P07949_WT;P09619_WT;P10721_A829P;P10721_D816H;P10721_D816V;P10721_L576P;P10721_V559D;P10721_V559D_T670I;P10721_V559D_V654A;P10721_WT;P16234_WT;P17948_WT;P35580_WT;P35916_WT;P35968_WT;P36888_D835H;P36888_D835Y;P36888_K663Q;P36888_N841I;P36888_R834Q;P36888_WT;Q8NE63_WT;Q8TD08_WT;Q9Y4K4_WT;Q32MK0_WT;Q08345_WT;Q13546_WT;Q16288_WT;Q16620_WT;Q16832_WT,P07333_WT;P07949_M918T;P07949_V804L;P07949_V804M;P07949_WT;P09619_WT;P10721_A829P;P10721_D816V;P10721_L576P;P10721_V559D;P10721_V559D_T670I;P10721_V559D_V654A;P10721_WT;P16234_WT;P17948_WT;P35916_WT;P35968_WT;P36888_D835H;P36888_D835Y;P36888_K663Q;P36888_N841I;P36888_R834Q;P36888_WT;Q8TD08_WT;Q08345_WT,P07333_WT;P07949_M918T;P07949_V804L;P07949_V804M;P07949_WT;P09619_WT;P10721_A829P;P10721_L576P;P10721_V559D;P10721_V559D_T670I;P10721_V559D_V654A;P10721_WT;P16234_WT;P17948_WT;P35916_WT;P35968_WT;P36888_D835H;P36888_D835Y;P36888_K663Q;P36888_N841I;P36888_R834Q;P36888_WT;Q08345_WT,P07333_WT;P07949_M918T;P07949_V804L;P07949_V804M;P07949_WT;P09619_WT;P10721_A829P;P10721_L576P;P10721_V559D;P10721_V559D_T670I;P10721_WT;P16234_WT;P36888_D835H;P36888_D835Y;P36888_K663Q;P36888_N841I;P36888_R834Q;P36888_WT,P07949_M918T;P07949_V804M;P07949_WT;P09619_WT;P10721_A829P;P10721_L576P;P10721_V559D;P10721_V559D_T670I;P10721_WT;P36888_D835H;P36888_D835Y;P36888_K663Q;P36888_N841I;P36888_R834Q,P07949_M918T;P36888_K663Q,,inactive
Bkm120,reducer,C1=C(N=CC(=C1C(F)(F)F)C2=NC(=NC(=C2)N3CCOCC3)N4CCOCC4)N,selleckchem,Nc1cc(C(F)(F)F)c(-c2cc(N3CCOCC3)nc(N3CCOCC3)n2)cn1,"InChI=1S/C18H21F3N6O2/c19-18(20,21)13-9-15(22)23-11-12(13)14-10-16(26-1-5-28-6-2-26)25-17(24-14)27-3-7-29-8-4-27/h9-11H,1-8H2,(H2,22,23)",CWHUFRVAEUJCEF-UHFFFAOYSA-N,CWHUFRVAEUJCEF,Nc1cc(C(F)(F)F)c(-c2cc(N3CCOCC3)nc(N3CCOCC3)n2)cn1,O00329_WT;P07333_WT;P42336_E545K;P42336_H1047R;P42336_WT;P42338_WT;P42345_WT;P48736_WT,O00329_WT;P42336_E545K;P42336_H1047R;P42336_WT;P42338_WT;P42345_WT;P48736_WT,P42336_E545K;P42336_H1047R;P42336_WT,,,,,reducer
Chlorogenic acid,inactive,O=C(/C=C/c1ccc(O)c(O)c1)O[C@@H]1C[C@](O)(C(=O)O)C[C@@H](O)[C@H]1O,spectrum,O=C(C=Cc1ccc(O)c(O)c1)O[C@@H]1C[C@](O)(C(=O)O)C[C@@H](O)[C@H]1O,"InChI=1S/C16H18O9/c17-9-3-1-8(5-10(9)18)2-4-13(20)25-12-7-16(24,15(22)23)6-11(19)14(12)21/h1-5,11-12,14,17-19,21,24H,6-7H2,(H,22,23)/t11-,12-,14-,16+/m1/s1",CWVRJTMFETXNAD-NCZKRNLISA-N,CWVRJTMFETXNAD,O=C(C=Cc1ccc(O)c(O)c1)O[C@@H]1C[C@](O)(C(=O)O)C[C@@H](O)[C@H]1O,P07943_WT;P15121_WT,P15121_WT,,,,,,inactive
Tetrahydrogambogic acid,inactive,CC(C)=CCCC1(C)C=Cc2c(O)c3c(OC45C(CC6CC4C(C)(C)OC5(C/C=C(/C)C(=O)O)C6O)C3=O)c(CC=C(C)C)c2O1,spectrum,CC(C)=CCCC1(C)C=Cc2c(O)c3c(c(CC=C(C)C)c2O1)OC12C(CC4CC1C(C)(C)OC2(C/C=C(/C)C(=O)O)C4O)C3=O,"InChI=1S/C38H48O8/c1-20(2)10-9-15-36(8)16-14-24-29(39)28-30(40)26-18-23-19-27-35(6,7)46-37(33(23)41,17-13-22(5)34(42)43)38(26,27)45-32(28)25(31(24)44-36)12-11-21(3)4/h10-11,13-14,16,23,26-27,33,39,41H,9,12,15,17-19H2,1-8H3,(H,42,43)/b22-13-",CXFIQFGADOTDPF-XKZIYDEJSA-N,CXFIQFGADOTDPF,CC(C)=CCCC1(C)C=Cc2c(O)c3c(c(CC=C(C)C)c2O1)OC12C(CC4CC1C(C)(C)OC2(C/C=C(/C)C(=O)O)C4O)C3=O,,,,,,,,inactive
Phenytoin sodium,inactive,O=C1NC(=O)C(c2ccccc2)(c2ccccc2)N1,spectrum,O=C1NC(=O)C(c2ccccc2)(c2ccccc2)N1,"InChI=1S/C15H12N2O2/c18-13-15(17-14(19)16-13,11-7-3-1-4-8-11)12-9-5-2-6-10-12/h1-10H,(H2,16,17,18,19)",CXOFVDLJLONNDW-UHFFFAOYSA-N,CXOFVDLJLONNDW,O=C1NC(=O)C(c2ccccc2)(c2ccccc2)N1,Q03164_WT,Q03164_WT,Q03164_WT,,,,,inactive
Foretinib,inactive,C1(=CC=C(C=C1)F)NC(C2(C(NC3=CC(=C(C=C3)OC4C5=C(N=CC=4)C=C(C(=C5)OC)OCCCN6CCOCC6)F)=O)CC2)=O,selleckchem,COc1cc2c(Oc3ccc(NC(=O)C4(C(=O)Nc5ccc(F)cc5)CC4)cc3F)ccnc2cc1OCCCN1CCOCC1,"InChI=1S/C34H34F2N4O6/c1-43-30-20-25-27(21-31(30)45-16-2-13-40-14-17-44-18-15-40)37-12-9-28(25)46-29-8-7-24(19-26(29)36)39-33(42)34(10-11-34)32(41)38-23-5-3-22(35)4-6-23/h3-9,12,19-21H,2,10-11,13-18H2,1H3,(H,38,41)(H,39,42)",CXQHYVUVSFXTMY-UHFFFAOYSA-N,CXQHYVUVSFXTMY,COc1cc2c(Oc3ccc(NC(=O)C4(C(=O)Nc5ccc(F)cc5)CC4)cc3F)ccnc2cc1OCCCN1CCOCC1,O00444_WT;O15146_WT;O15197_WT;O15264_WT;O15357_WT;O43283_WT;O43318_WT;O43353_WT;O94804_WT;O94921_WT;O95819_WT;O96017_WT;P00519_E255K;P00519_F317I;P00519_F317L;P00519_H396P;P00519_M351T;P00519_Q252H;P00519_T315I;P00519_WT;P00519_Y253F;P00533_A750P;P00533_G719C;P00533_G719S;P00533_L858R;P00533_L861Q;P00533_P753S;P00533_T790M;P00533_WT;P04626_WT;P04629_WT;P06213_WT;P06239_WT;P06241_WT;P07332_WT;P07333_WT;P07947_WT;P07948_WT;P07949_M918T;P07949_V804L;P07949_V804M;P07949_WT;P08069_WT;P08581_M1250T;P08581_WT;P08581_Y1235D;P08631_WT;P08922_WT;P09619_WT;P09769_WT;P10721_A829P;P10721_D816H;P10721_D816V;P10721_L576P;P10721_V559D;P10721_V559D_T670I;P10721_V559D_V654A;P10721_WT;P11274_WT;P11362_WT;P12931_WT;P14616_WT;P16234_WT;P16591_WT;P17948_WT;P21127_WT;P21802_WT;P22607_WT;P29317_WT;P29320_WT;P29322_WT;P29376_WT;P30530_WT;P33981_WT;P35590_WT;P35916_WT;P35968_WT;P36888_D835H;P36888_D835Y;P36888_K663Q;P36888_N841I;P36888_R834Q;P36888_WT;P41240_WT;P42680_WT;P42681_WT;P42684_WT;P42685_WT;P43405_WT;P45984_WT;P49336_WT;P49759_WT;P50613_WT;P51451_WT;P51813_WT;P53667_WT;P53778_WT;P54756_WT;P54760_WT;P54762_WT;P54764_WT;P57059_WT;P57078_WT;P62993_WT;Q5VT25_WT;Q6DT37_WT;Q6PHR2_WT;Q6XUX3_WT;Q8IVH8_WT;Q8N5S9_WT;Q8NE63_WT;Q8TBX8_WT;Q8TD08_WT;Q8TD19_WT;Q8TDR2_WT;Q8WXR4_WT;Q9BQI3_WT;Q9BUB5_WT;Q9BWU1_WT;Q9BYT3_WT;Q9H0K1_WT;Q9H2G2_WT;Q9H2X6_WT;Q9H3Y6_WT;Q9H422_WT;Q9HAZ1_WT;Q9HBH9_WT;Q9NRP7_WT;Q9NYL2_WT;Q9UBE8_WT;Q9UF33_WT;Q9UHD2_WT;Q9UM73_WT;Q9UQ88_WT;Q9UQB9_WT;Q9Y4K4_WT;Q9Y5S2_WT;Q9Y572_WT;Q9Y616_WT;Q56UN5_WT;Q59H18_WT;Q86Z02_WT;Q96GD4_WT;Q96Q40_WT;Q00536_WT;Q00537_WT;Q02763_WT;Q02779_WT;Q04912_WT;Q05397_WT;Q06187_WT;Q06418_WT;Q07002_WT;Q07912_WT;Q08345_WT;Q08881_WT;Q12852_WT;Q12866_WT;Q13131_WT;Q13163_WT;Q13546_WT;Q13882_WT;Q14004_WT;Q14289_WT;Q14680_WT;Q15303_WT;Q15375_WT;Q15569_WT;Q15759_WT;Q16288_WT;Q16539_WT;Q16584_WT;Q16620_WT;Q16832_WT;Q92772_WT;Q92918_WT;Q99835_WT,O00444_WT;O15146_WT;O15264_WT;O15357_WT;O43283_WT;O43353_WT;O94804_WT;O94921_WT;O95819_WT;O96017_WT;P00519_E255K;P00519_F317I;P00519_F317L;P00519_H396P;P00519_M351T;P00519_Q252H;P00519_T315I;P00519_WT;P00519_Y253F;P00533_A750P;P00533_G719C;P00533_L858R;P00533_L861Q;P00533_P753S;P04629_WT;P06213_WT;P06239_WT;P06241_WT;P07332_WT;P07333_WT;P07947_WT;P07948_WT;P07949_M918T;P07949_V804L;P07949_V804M;P07949_WT;P08581_M1250T;P08581_WT;P08581_Y1235D;P08631_WT;P08922_WT;P09619_WT;P09769_WT;P10721_A829P;P10721_D816H;P10721_D816V;P10721_L576P;P10721_V559D;P10721_V559D_T670I;P10721_V559D_V654A;P10721_WT;P11274_WT;P12931_WT;P14616_WT;P16234_WT;P17948_WT;P29317_WT;P29320_WT;P29322_WT;P29376_WT;P30530_WT;P35590_WT;P35916_WT;P35968_WT;P36888_D835H;P36888_D835Y;P36888_K663Q;P36888_N841I;P36888_R834Q;P36888_WT;P41240_WT;P42680_WT;P42684_WT;P42685_WT;P43405_WT;P49336_WT;P50613_WT;P51451_WT;P51813_WT;P54756_WT;P54762_WT;P57059_WT;P62993_WT;Q6DT37_WT;Q8IVH8_WT;Q8NE63_WT;Q8TBX8_WT;Q8TD08_WT;Q8TDR2_WT;Q9BUB5_WT;Q9BWU1_WT;Q9BYT3_WT;Q9H2G2_WT;Q9H2X6_WT;Q9H3Y6_WT;Q9H422_WT;Q9HBH9_WT;Q9NRP7_WT;Q9NYL2_WT;Q9UBE8_WT;Q9UF33_WT;Q9UQB9_WT;Q9Y572_WT;Q56UN5_WT;Q59H18_WT;Q86Z02_WT;Q96GD4_WT;Q96Q40_WT;Q00537_WT;Q02763_WT;Q04912_WT;Q05397_WT;Q06418_WT;Q07002_WT;Q07912_WT;Q08345_WT;Q08881_WT;Q12852_WT;Q12866_WT;Q13163_WT;Q14004_WT;Q14680_WT;Q15375_WT;Q15569_WT;Q16288_WT;Q16620_WT;Q16832_WT;Q92772_WT;Q92918_WT;Q99835_WT,O15146_WT;O15264_WT;O43283_WT;O43353_WT;O94804_WT;O94921_WT;O96017_WT;P00519_F317L;P00519_H396P;P00519_M351T;P00519_Q252H;P00519_T315I;P00519_WT;P00519_Y253F;P00533_L861Q;P04629_WT;P06239_WT;P06241_WT;P07333_WT;P07947_WT;P07949_M918T;P07949_V804L;P07949_V804M;P07949_WT;P08581_M1250T;P08581_WT;P08581_Y1235D;P08631_WT;P08922_WT;P09619_WT;P09769_WT;P10721_A829P;P10721_D816H;P10721_D816V;P10721_L576P;P10721_V559D;P10721_V559D_T670I;P10721_V559D_V654A;P10721_WT;P12931_WT;P14616_WT;P16234_WT;P17948_WT;P29317_WT;P29320_WT;P29322_WT;P30530_WT;P35590_WT;P35916_WT;P35968_WT;P36888_D835H;P36888_D835Y;P36888_K663Q;P36888_N841I;P36888_R834Q;P36888_WT;P42684_WT;P42685_WT;P50613_WT;P51451_WT;P54762_WT;P62993_WT;Q8NE63_WT;Q8TD08_WT;Q9BUB5_WT;Q9BWU1_WT;Q9BYT3_WT;Q9H2G2_WT;Q9H3Y6_WT;Q9H422_WT;Q9HBH9_WT;Q9NYL2_WT;Q9UF33_WT;Q9UQB9_WT;Q56UN5_WT;Q96Q40_WT;Q02763_WT;Q04912_WT;Q06418_WT;Q08345_WT;Q08881_WT;Q12852_WT;Q12866_WT;Q15375_WT;Q16288_WT;Q16620_WT;Q92918_WT;Q99835_WT,O15146_WT;O43283_WT;O94804_WT;O94921_WT;P00519_Q252H;P07333_WT;P07949_M918T;P07949_V804L;P07949_V804M;P07949_WT;P08581_M1250T;P08581_WT;P08581_Y1235D;P08922_WT;P09619_WT;P10721_A829P;P10721_D816V;P10721_L576P;P10721_V559D;P10721_V559D_T670I;P10721_V559D_V654A;P10721_WT;P12931_WT;P16234_WT;P17948_WT;P29320_WT;P29322_WT;P30530_WT;P35590_WT;P35916_WT;P35968_WT;P36888_D835H;P36888_D835Y;P36888_K663Q;P36888_N841I;P36888_R834Q;P36888_WT;P42685_WT;P50613_WT;P51451_WT;P54762_WT;Q8NE63_WT;Q9H2G2_WT;Q9H3Y6_WT;Q9HBH9_WT;Q9UF33_WT;Q9UQB9_WT;Q56UN5_WT;Q02763_WT;Q04912_WT;Q06418_WT;Q08345_WT;Q12852_WT;Q12866_WT;Q15375_WT;Q16288_WT;Q16620_WT,O94804_WT;P07333_WT;P07949_M918T;P07949_V804L;P07949_V804M;P07949_WT;P08581_M1250T;P08581_WT;P08581_Y1235D;P09619_WT;P10721_A829P;P10721_D816V;P10721_L576P;P10721_V559D;P10721_V559D_T670I;P10721_V559D_V654A;P10721_WT;P16234_WT;P17948_WT;P29320_WT;P29322_WT;P35590_WT;P35916_WT;P35968_WT;P36888_D835H;P36888_D835Y;P36888_K663Q;P36888_N841I;P36888_WT;P50613_WT;P51451_WT;Q8NE63_WT;Q9H2G2_WT;Q9HBH9_WT;Q9UF33_WT;Q56UN5_WT;Q02763_WT;Q04912_WT;Q06418_WT;Q08345_WT;Q12866_WT;Q15375_WT;Q16288_WT;Q16620_WT,O94804_WT;P07333_WT;P07949_M918T;P07949_V804L;P07949_V804M;P08581_M1250T;P08581_WT;P08581_Y1235D;P10721_L576P;P10721_V559D;P10721_V559D_T670I;P29320_WT;P29322_WT;P35590_WT;P35916_WT;P36888_D835H;P36888_D835Y;P36888_K663Q;P36888_N841I;Q9H2G2_WT;Q9UF33_WT;Q02763_WT;Q06418_WT;Q12866_WT,O94804_WT;P07949_M918T;P08581_Y1235D;P35590_WT;P36888_K663Q;Q12866_WT,inactive
Azd6244,antineoplastic,C1=C2C(=C(C(=C1C(NOCCO)=O)NC3=CC=C(C=C3Cl)Br)F)N=CN2C,selleckchem,Cn1cnc2c(F)c(Nc3ccc(Br)cc3Cl)c(C(=O)NOCCO)cc21,"InChI=1S/C17H15BrClFN4O3/c1-24-8-21-16-13(24)7-10(17(26)23-27-5-4-25)15(14(16)20)22-12-3-2-9(18)6-11(12)19/h2-3,6-8,22,25H,4-5H2,1H3,(H,23,26)",CYOHGALHFOKKQC-UHFFFAOYSA-N,CYOHGALHFOKKQC,Cn1cnc2c(F)c(Nc3ccc(Br)cc3Cl)c(C(=O)NOCCO)cc21,O95347_WT;P11511_WT;P36507_WT;Q6ZSR9_WT;Q8WZ60_WT;Q02750_WT;Q14683_WT,O95347_WT;P11511_WT;P36507_WT;Q8WZ60_WT;Q02750_WT,P11511_WT;Q02750_WT,P11511_WT,,,,antineoplastic
Perhexiline maleate,inactive,C1CCC(C(CC2CCCCN2)C2CCCCC2)CC1,spectrum,C1CCC(C(CC2CCCCN2)C2CCCCC2)CC1,"InChI=1S/C19H35N/c1-3-9-16(10-4-1)19(17-11-5-2-6-12-17)15-18-13-7-8-14-20-18/h16-20H,1-15H2",CYXKNKQEMFBLER-UHFFFAOYSA-N,CYXKNKQEMFBLER,C1CCC(C(CC2CCCCN2)C2CCCCC2)CC1,P08912_WT;P10635_WT,,,,,,,inactive
Ly294002,inactive,C1=CC(=C2C(=C1)C(C=C(O2)N3CCOCC3)=O)C4=CC=CC=C4,selleckchem,O=c1cc(N2CCOCC2)oc2c(-c3ccccc3)cccc12,"InChI=1S/C19H17NO3/c21-17-13-18(20-9-11-22-12-10-20)23-19-15(7-4-8-16(17)19)14-5-2-1-3-6-14/h1-8,13H,9-12H2",CZQHHVNHHHRRDU-UHFFFAOYSA-N,CZQHHVNHHHRRDU,O=c1cc(N2CCOCC2)oc2c(-c3ccccc3)cccc12,P11309_WT;P28335_WT;P42336_WT;P42337_WT;P42338_WT,,,,,,,inactive
Probenecid,inactive,CCCN(CCC)S(=O)(=O)c1ccc(C(=O)O)cc1,spectrum,CCCN(CCC)S(=O)(=O)c1ccc(C(=O)O)cc1,"InChI=1S/C13H19NO4S/c1-3-9-14(10-4-2)19(17,18)12-7-5-11(6-8-12)13(15)16/h5-8H,3-4,9-10H2,1-2H3,(H,15,16)",DBABZHXKTCFAPX-UHFFFAOYSA-N,DBABZHXKTCFAPX,CCCN(CCC)S(=O)(=O)c1ccc(C(=O)O)cc1,P00918_WT;Q16790_WT,,,,,,,inactive
Finasteride,inactive,CC(C)(C)NC(=O)[C@H]1CCC2C3CCC4NC(=O)C=C[C@]4(C)C3CC[C@@]21C,spectrum,CC(C)(C)NC(=O)C1CCC2C3CCC4NC(=O)C=C[C@]4(C)C3CC[C@]12C,"InChI=1S/C23H36N2O2/c1-21(2,3)25-20(27)17-8-7-15-14-6-9-18-23(5,13-11-19(26)24-18)16(14)10-12-22(15,17)4/h11,13-18H,6-10,12H2,1-5H3,(H,24,26)(H,25,27)/t14?,15?,16?,17?,18?,22-,23+/m0/s1",DBEPLOCGEIEOCV-USODZXNSSA-N,DBEPLOCGEIEOCV,CC(C)(C)NC(=O)C1CCC2C3CCC4NC(=O)C=C[C@]4(C)C3CC[C@]12C,P18405_WT;P24008_WT;P31213_WT;P31214_WT;P33261_WT,P18405_WT;P24008_WT;P31213_WT;P31214_WT;P33261_WT,P24008_WT;P31213_WT;P31214_WT,P24008_WT;P31213_WT,,,,inactive
Diclofenac sodium,inactive,O=C(O)Cc1c(Nc2c(Cl)cccc2Cl)cccc1,spectrum,O=C(O)Cc1ccccc1Nc1c(Cl)cccc1Cl,"InChI=1S/C14H11Cl2NO2/c15-10-5-3-6-11(16)14(10)17-12-7-2-1-4-9(12)8-13(18)19/h1-7,17H,8H2,(H,18,19)",DCOPUUMXTXDBNB-UHFFFAOYSA-N,DCOPUUMXTXDBNB,O=C(O)Cc1ccccc1Nc1c(Cl)cccc1Cl,P02766_WT;P03372_WT;P10145_WT;P23219_WT;P25024_WT;P35354_WT;Q05769_WT,P02766_WT;P03372_WT;P10145_WT;P23219_WT;P25024_WT;Q05769_WT,P03372_WT;P10145_WT;P23219_WT;P25024_WT;Q05769_WT,P03372_WT;P10145_WT;P23219_WT;P25024_WT;Q05769_WT,P03372_WT;P10145_WT,P03372_WT,P03372_WT,inactive
Osajin,inactive,CC(C)=CCc1c(O)c2c(occ(-c3ccc(O)cc3)c2=O)c2c1OC(C)(C)C=C2,spectrum,CC(C)=CCc1c2c(c3occ(-c4ccc(O)cc4)c(=O)c3c1O)C=CC(C)(C)O2,"InChI=1S/C25H24O5/c1-14(2)5-10-17-21(27)20-22(28)19(15-6-8-16(26)9-7-15)13-29-24(20)18-11-12-25(3,4)30-23(17)18/h5-9,11-13,26-27H,10H2,1-4H3",DCTLJGWMHPGCOS-UHFFFAOYSA-N,DCTLJGWMHPGCOS,CC(C)=CCc1c2c(c3occ(-c4ccc(O)cc4)c(=O)c3c1O)C=CC(C)(C)O2,,,,,,,,inactive
Vinpocetine,inactive,CCOC(=O)C1=C[C@]2(CC)CCCN3CCc4c([C@@H]32)n1c1c4cccc1,spectrum,CCOC(=O)C1=C[C@]2(CC)CCCN3CCc4c(n1c1ccccc41)[C@@H]32,"InChI=1S/C22H26N2O2/c1-3-22-11-7-12-23-13-10-16-15-8-5-6-9-17(15)24(19(16)20(22)23)18(14-22)21(25)26-4-2/h5-6,8-9,14,20H,3-4,7,10-13H2,1-2H3/t20-,22+/m1/s1",DDNCQMVWWZOMLN-IRLDBZIGSA-N,DDNCQMVWWZOMLN,CCOC(=O)C1=C[C@]2(CC)CCCN3CCc4c(n1c1ccccc41)[C@@H]32,Q9NUW8_WT;Q12809_WT,Q9NUW8_WT;Q12809_WT,Q9NUW8_WT;Q12809_WT,,,,,inactive
Diplosalsalate,inactive,CC(=O)Oc1c(C(=O)Oc2c(C(=O)O)cccc2)cccc1,spectrum,CC(=O)Oc1ccccc1C(=O)Oc1ccccc1C(=O)O,"InChI=1S/C16H12O6/c1-10(17)21-14-9-5-3-7-12(14)16(20)22-13-8-4-2-6-11(13)15(18)19/h2-9H,1H3,(H,18,19)",DDSFKIFGAPZBSR-UHFFFAOYSA-N,DDSFKIFGAPZBSR,CC(=O)Oc1ccccc1C(=O)Oc1ccccc1C(=O)O,,,,,,,,inactive
Griseofulvin,inactive,COC1=CC(=O)C[C@@H](C)[C@]12Oc1c(Cl)c(OC)cc(OC)c1C2=O,spectrum,COC1=CC(=O)C[C@@H](C)[C@]12Oc1c(Cl)c(OC)cc(OC)c1C2=O,"InChI=1S/C17H17ClO6/c1-8-5-9(19)6-12(23-4)17(8)16(20)13-10(21-2)7-11(22-3)14(18)15(13)24-17/h6-8H,5H2,1-4H3/t8-,17+/m1/s1",DDUHZTYCFQRHIY-RBHXEPJQSA-N,DDUHZTYCFQRHIY,COC1=CC(=O)C[C@@H](C)[C@]12Oc1c(Cl)c(OC)cc(OC)c1C2=O,Q9NUW8_WT,,,,,,,inactive
Gdc-0879,inactive,C(CN1N=C(C(=C1)C2=CC=C3C(=C2)CCC/3=N/O)C4C=CN=CC=4)O,selleckchem,OCCn1cc(-c2ccc3c(c2)CCC3=NO)c(-c2ccncc2)n1,"InChI=1S/C19H18N4O2/c24-10-9-23-12-17(19(21-23)13-5-7-20-8-6-13)15-1-3-16-14(11-15)2-4-18(16)22-25/h1,3,5-8,11-12,24-25H,2,4,9-10H2",DEZZLWQELQORIU-UHFFFAOYSA-N,DEZZLWQELQORIU,OCCn1cc(-c2ccc3c(c2)CCC3=NO)c(-c2ccncc2)n1,P04049_WT;P15056_V600E;P15056_WT;P27361_WT;P49674_WT;Q56UN5_WT,P04049_WT;P15056_V600E;P15056_WT;P27361_WT;P49674_WT,P04049_WT;P15056_V600E;P15056_WT;P27361_WT,P04049_WT;P15056_V600E;P15056_WT,P04049_WT;P15056_V600E;P15056_WT,P15056_V600E;P15056_WT,P15056_V600E;P15056_WT,inactive
Azd8931,inactive,C1(=C(C=C2C(=C1)C(=NC=N2)NC3=C(F)C(=CC=C3)Cl)OC)OC4CCN(CC4)CC(NC)=O,selleckchem,CNC(=O)CN1CCC(Oc2cc3c(Nc4cccc(Cl)c4F)ncnc3cc2OC)CC1,"InChI=1S/C23H25ClFN5O3/c1-26-21(31)12-30-8-6-14(7-9-30)33-20-10-15-18(11-19(20)32-2)27-13-28-23(15)29-17-5-3-4-16(24)22(17)25/h3-5,10-11,13-14H,6-9,12H2,1-2H3,(H,26,31)(H,27,28,29)",DFJSJLGUIXFDJP-UHFFFAOYSA-N,DFJSJLGUIXFDJP,CNC(=O)CN1CCC(Oc2cc3c(Nc4cccc(Cl)c4F)ncnc3cc2OC)CC1,O14976_WT;O43353_WT;P00533_WT;P04626_WT;P07949_WT;P21709_WT;P21860_WT;P54756_WT;P54760_WT,O14976_WT;P00533_WT;P04626_WT;P21709_WT;P21860_WT,P00533_WT;P04626_WT;P21709_WT;P21860_WT,P00533_WT;P04626_WT;P21709_WT;P21860_WT,P00533_WT;P04626_WT;P21860_WT,,,inactive
Isopimpinellin,inactive,COc1c2ccc(=O)oc2c(OC)c2c1cco2,spectrum,COc1c2ccoc2c(OC)c2oc(=O)ccc12,"InChI=1S/C13H10O5/c1-15-10-7-3-4-9(14)18-12(7)13(16-2)11-8(10)5-6-17-11/h3-6H,1-2H3",DFMAXQKDIGCMTL-UHFFFAOYSA-N,DFMAXQKDIGCMTL,COc1c2ccoc2c(OC)c2oc(=O)ccc12,P04798_WT;P05177_WT,P04798_WT;P05177_WT,P04798_WT;P05177_WT,P04798_WT,,,,inactive
Naringin,inactive,C[C@@H]1O[C@@H](O[C@@H]2[C@@H](O)[C@H](O)[C@@H](CO)O[C@@H]2Oc2cc(O)c3C(=O)C[C@@H](c4ccc(O)cc4)Oc3c2)[C@H](O)[C@H](O)[C@H]1O,spectrum,C[C@@H]1O[C@@H](O[C@H]2[C@@H](Oc3cc(O)c4c(c3)O[C@H](c3ccc(O)cc3)CC4=O)O[C@H](CO)[C@@H](O)[C@@H]2O)[C@H](O)[C@H](O)[C@H]1O,"InChI=1S/C27H32O14/c1-10-20(32)22(34)24(36)26(37-10)41-25-23(35)21(33)18(9-28)40-27(25)38-13-6-14(30)19-15(31)8-16(39-17(19)7-13)11-2-4-12(29)5-3-11/h2-7,10,16,18,20-30,32-36H,8-9H2,1H3/t10-,16-,18+,20-,21+,22+,23-,24+,25+,26-,27-/m0/s1",DFPMSGMNTNDNHN-KTEXIAFXSA-N,DFPMSGMNTNDNHN,C[C@@H]1O[C@@H](O[C@H]2[C@@H](Oc3cc(O)c4c(c3)O[C@H](c3ccc(O)cc3)CC4=O)O[C@H](CO)[C@@H](O)[C@@H]2O)[C@H](O)[C@H](O)[C@H]1O,P11308_WT,,,,,,,inactive
Irigenol,inactive,O=c1c(-c2cc(O)c(O)c(O)c2)coc2cc(O)c(O)c(O)c12,spectrum,O=c1c(-c2cc(O)c(O)c(O)c2)coc2cc(O)c(O)c(O)c12,"InChI=1S/C15H10O8/c16-7-1-5(2-8(17)13(7)20)6-4-23-10-3-9(18)14(21)15(22)11(10)12(6)19/h1-4,16-18,20-22H",DFURNQJNFBMYHM-UHFFFAOYSA-N,DFURNQJNFBMYHM,O=c1c(-c2cc(O)c(O)c(O)c2)coc2cc(O)c(O)c(O)c12,P27695_WT;Q9NUW8_WT;Q9UBT6_WT;Q13332_WT,Q9NUW8_WT,,,,,,inactive
alpha-HYDROXYDEOXYCHOLIC ACID,inactive,CC(CCC(=O)O)[C@H]1CCC2C3C[C@H](O)[C@@H]4C[C@H](O)CC[C@]4(C)C3CC[C@@]21C,spectrum,CC(CCC(=O)O)[C@H]1CCC2C3C[C@H](O)[C@@H]4C[C@H](O)CC[C@]4(C)C3CC[C@@]21C,"InChI=1S/C24H40O4/c1-14(4-7-22(27)28)17-5-6-18-16-13-21(26)20-12-15(25)8-10-24(20,3)19(16)9-11-23(17,18)2/h14-21,25-26H,4-13H2,1-3H3,(H,27,28)/t14?,15-,16?,17-,18?,19?,20+,21+,23-,24-/m1/s1",DGABKXLVXPYZII-FKEALSDISA-N,DGABKXLVXPYZII,CC(CCC(=O)O)[C@H]1CCC2C3C[C@H](O)[C@@H]4C[C@H](O)CC[C@]4(C)C3CC[C@@]21C,,,,,,,,inactive
Proglumide,inactive,CCCN(CCC)C(=O)C(CCC(=O)O)NC(=O)c1ccccc1,spectrum,CCCN(CCC)C(=O)C(CCC(=O)O)NC(=O)c1ccccc1,"InChI=1S/C18H26N2O4/c1-3-12-20(13-4-2)18(24)15(10-11-16(21)22)19-17(23)14-8-6-5-7-9-14/h5-9,15H,3-4,10-13H2,1-2H3,(H,19,23)(H,21,22)",DGMKFQYCZXERLX-UHFFFAOYSA-N,DGMKFQYCZXERLX,CCCN(CCC)C(=O)C(CCC(=O)O)NC(=O)c1ccccc1,,,,,,,,inactive
Arthonioic acid,inactive,CCCCCC(=O)Cc1c(C(=O)Oc2cc(CC(=O)CCCCC)c(C(=O)O)c(OC)c2)c(O)cc(O)c1,spectrum,CCCCCC(=O)Cc1cc(O)cc(O)c1C(=O)Oc1cc(CC(=O)CCCCC)c(C(=O)O)c(OC)c1,"InChI=1S/C29H36O9/c1-4-6-8-10-20(30)12-18-14-22(32)16-24(33)26(18)29(36)38-23-15-19(13-21(31)11-9-7-5-2)27(28(34)35)25(17-23)37-3/h14-17,32-33H,4-13H2,1-3H3,(H,34,35)",DGXLEDCXMIJNPJ-UHFFFAOYSA-N,DGXLEDCXMIJNPJ,CCCCCC(=O)Cc1cc(O)cc(O)c1C(=O)Oc1cc(CC(=O)CCCCC)c(C(=O)O)c(OC)c1,,,,,,,,inactive
Isorotenone,reducer,COc1c(OC)cc2c(c1)OC[C@H]1Oc3c4cc(C(C)C)oc4ccc3C(=O)[C@@H]21,spectrum,COc1cc2c(cc1OC)C1C(=O)c3ccc4oc(C(C)C)cc4c3O[C@@H]1CO2,"InChI=1S/C23H22O6/c1-11(2)16-8-14-15(28-16)6-5-12-22(24)21-13-7-18(25-3)19(26-4)9-17(13)27-10-20(21)29-23(12)14/h5-9,11,20-21H,10H2,1-4H3/t20-,21?/m1/s1",DJDRQIXLFYUYAA-VQCQRNETSA-N,DJDRQIXLFYUYAA,COc1cc2c(cc1OC)C1C(=O)c3ccc4oc(C(C)C)cc4c3O[C@@H]1CO2,Q9NUW8_WT,Q9NUW8_WT,,,,,,reducer
Alclometazone dipropionate,inactive,CCC(=O)OCC(=O)[C@@]1(OC(=O)CC)[C@H](C)CC2C3C([C@@H](O)C[C@@]21C)[C@@]1(C)C=CC(=O)C=C1C[C@H]3Cl,spectrum,CCC(=O)OCC(=O)[C@@]1(OC(=O)CC)[C@H](C)CC2C3C([C@@H](O)C[C@@]21C)[C@@]1(C)C=CC(=O)C=C1C[C@H]3Cl,"InChI=1S/C28H37ClO7/c1-6-22(33)35-14-21(32)28(36-23(34)7-2)15(3)10-18-24-19(29)12-16-11-17(30)8-9-26(16,4)25(24)20(31)13-27(18,28)5/h8-9,11,15,18-20,24-25,31H,6-7,10,12-14H2,1-5H3/t15-,18?,19-,20+,24?,25?,26+,27+,28+/m1/s1",DJHCCTTVDRAMEH-PEDQINGESA-N,DJHCCTTVDRAMEH,CCC(=O)OCC(=O)[C@@]1(OC(=O)CC)[C@H](C)CC2C3C([C@@H](O)C[C@@]21C)[C@@]1(C)C=CC(=O)C=C1C[C@H]3Cl,,,,,,,,inactive
Pyronaridine tetraphosphate,inactive,COc1nc2c(cc1)nc1cc(Cl)ccc1c2Nc1cc(CN2CCCC2)c(O)c(CN2CCCC2)c1,spectrum,COc1ccc2nc3cc(Cl)ccc3c(Nc3cc(CN4CCCC4)c(O)c(CN4CCCC4)c3)c2n1,"InChI=1S/C29H32ClN5O2/c1-37-26-9-8-24-28(33-26)27(23-7-6-21(30)16-25(23)32-24)31-22-14-19(17-34-10-2-3-11-34)29(36)20(15-22)18-35-12-4-5-13-35/h6-9,14-16,36H,2-5,10-13,17-18H2,1H3,(H,31,32)",DJUFPMUQJKWIJB-UHFFFAOYSA-N,DJUFPMUQJKWIJB,COc1ccc2nc3cc(Cl)ccc3c(Nc3cc(CN4CCCC4)c(O)c(CN4CCCC4)c3)c2n1,,,,,,,,inactive
Spiperone,inactive,O=C(CCCN1CCC2(CC1)C(=O)NCN2c1ccccc1)c1ccc(F)cc1,spectrum,O=C(CCCN1CCC2(CC1)C(=O)NCN2c1ccccc1)c1ccc(F)cc1,"InChI=1S/C23H26FN3O2/c24-19-10-8-18(9-11-19)21(28)7-4-14-26-15-12-23(13-16-26)22(29)25-17-27(23)20-5-2-1-3-6-20/h1-3,5-6,8-11H,4,7,12-17H2,(H,25,29)",DKGZKTPJOSAWFA-UHFFFAOYSA-N,DKGZKTPJOSAWFA,O=C(CCCN1CCC2(CC1)C(=O)NCN2c1ccccc1)c1ccc(F)cc1,P02665_WT;P08908_WT;P14416_WT;P14842_WT;P15823_WT;P19327_WT;P21728_WT;P21917_WT;P23944_WT;P28223_WT;P28335_WT;P32304_WT;P32305_WT;P34969_WT;P35348_WT;P35368_WT;P35462_WT;P43140_WT;P61169_WT;Q99720_WT,P02665_WT;P08908_WT;P14416_WT;P14842_WT;P15823_WT;P21917_WT;P23944_WT;P28223_WT;P32304_WT;P32305_WT;P34969_WT;P35348_WT;P35368_WT;P35462_WT;P43140_WT;P61169_WT,P02665_WT;P08908_WT;P14416_WT;P14842_WT;P15823_WT;P21917_WT;P23944_WT;P28223_WT;P32304_WT;P32305_WT;P35348_WT;P35368_WT;P35462_WT;P43140_WT;P61169_WT,P02665_WT;P08908_WT;P14416_WT;P14842_WT;P15823_WT;P21917_WT;P23944_WT;P28223_WT;P32305_WT;P35348_WT;P35368_WT;P35462_WT;P43140_WT;P61169_WT,P02665_WT;P14416_WT;P14842_WT;P15823_WT;P21917_WT;P28223_WT;P35348_WT;P35368_WT;P35462_WT;P61169_WT,P02665_WT;P14416_WT;P14842_WT;P15823_WT;P21917_WT;P28223_WT;P35462_WT;P61169_WT,P14416_WT;P21917_WT;P35462_WT;P61169_WT,inactive
Prednisolone acetate,inactive,CC(=O)OCC(=O)[C@@]1(O)CCC2C3CCC4=CC(=O)C=CC4(C)C3[C@@H](O)C[C@@]21C,spectrum,CC(=O)OCC(=O)[C@@]1(O)CCC2C3CC=C4CC(=O)C=CC4(C)C3[C@@H](O)C[C@@]21C,"InChI=1S/C23H30O6/c1-13(24)29-12-19(27)23(28)9-7-17-16-5-4-14-10-15(25)6-8-21(14,2)20(16)18(26)11-22(17,23)3/h4,6,8,16-18,20,26,28H,5,7,9-12H2,1-3H3/t16?,17?,18-,20?,21?,22-,23-/m0/s1",DKHHQUXEXCKMMT-AUGMLKDDSA-N,DKHHQUXEXCKMMT,CC(=O)OCC(=O)[C@@]1(O)CCC2C3CC=C4CC(=O)C=CC4(C)C3[C@@H](O)C[C@@]21C,P04150_WT;P10275_WT;P11511_WT;Q16236_WT,P04150_WT;P10275_WT;P11511_WT;Q16236_WT,Q16236_WT,,,,,inactive
Melperone hydrochloride,inactive,CC1CCN(CCCC(=O)c2ccc(F)cc2)CC1,spectrum,CC1CCN(CCCC(=O)c2ccc(F)cc2)CC1,"InChI=1S/C16H22FNO/c1-13-8-11-18(12-9-13)10-2-3-16(19)14-4-6-15(17)7-5-14/h4-7,13H,2-3,8-12H2,1H3",DKMFBWQBDIGMHM-UHFFFAOYSA-N,DKMFBWQBDIGMHM,CC1CCN(CCCC(=O)c2ccc(F)cc2)CC1,,,,,,,,inactive
Sb 525334,inactive,C1(=CC=C2C(=C1)N=CC=N2)C3NC(=NC=3C4=CC=CC(=N4)C)C(C)(C)C,selleckchem,Cc1cccc(-c2[nH]c(C(C)(C)C)nc2-c2ccc3nccnc3c2)n1,"InChI=1S/C21H21N5/c1-13-6-5-7-16(24-13)19-18(25-20(26-19)21(2,3)4)14-8-9-15-17(12-14)23-11-10-22-15/h5-12H,1-4H3,(H,25,26)",DKPQHFZUICCZHF-UHFFFAOYSA-N,DKPQHFZUICCZHF,Cc1cccc(-c2[nH]c(C(C)(C)C)nc2-c2ccc3nccnc3c2)n1,P07947_WT;P36897_WT,P36897_WT,,,,,,inactive
Pha-767491,inactive,C1=NC=CC(=C1)C2NC3=C(C=2)C(NCC3)=O,selleckchem,O=C1NCCc2[nH]c(-c3ccncc3)cc21,"InChI=1S/C12H11N3O/c16-12-9-7-11(8-1-4-13-5-2-8)15-10(9)3-6-14-12/h1-2,4-5,7,15H,3,6H2,(H,14,16)",DKXHSOUZPMHNIZ-UHFFFAOYSA-N,DKXHSOUZPMHNIZ,O=C1NCCc2[nH]c(-c3ccncc3)cc21,O00311_WT;O00444_WT;O15264_WT;O43293_WT;O43781_WT;O75116_WT;O94806_WT;O96017_WT;P06493_WT;P24941_WT;P48729_WT;P48730_WT;P49137_WT;P49336_WT;P49760_WT;P49840_WT;P49841_WT;P50750_WT;P51617_WT;P51817_WT;P53778_WT;P78368_WT;Q5S007_WT;Q8IW41_WT;Q8N4C8_WT;Q8NE63_WT;Q9BZL6_WT;Q9H2X6_WT;Q9H4B4_WT;Q9HAZ1_WT;Q9HBH9_WT;Q9HCP0_WT;Q9NR20_WT;Q9P1W9_WT;Q9UEE5_WT;Q9Y6M4_WT;Q9Y463_WT;Q96KB5_WT;Q96RG2_WT;Q00535_WT;Q04759_WT;Q05655_WT;Q13237_WT;Q13464_WT;Q13563_WT;Q13627_WT;Q13976_WT;Q16513_WT,O00311_WT;O15264_WT;O43293_WT;O43781_WT;O75116_WT;P06493_WT;P24941_WT;P48729_WT;P48730_WT;P49137_WT;P49336_WT;P49760_WT;P49840_WT;P49841_WT;P50750_WT;P51617_WT;P53778_WT;P78368_WT;Q9H2X6_WT;Q9HAZ1_WT;Q9HBH9_WT;Q9HCP0_WT;Q9NR20_WT;Q9UEE5_WT;Q9Y6M4_WT;Q9Y463_WT;Q96RG2_WT;Q00535_WT;Q04759_WT;Q13237_WT;Q13464_WT;Q13627_WT;Q13976_WT;Q16513_WT,O00311_WT;O15264_WT;O43293_WT;O43781_WT;O75116_WT;P48729_WT;P48730_WT;P49336_WT;P49840_WT;P49841_WT;P50750_WT;P51617_WT;P53778_WT;P78368_WT;Q9HAZ1_WT;Q9UEE5_WT;Q9Y463_WT;Q04759_WT;Q13237_WT;Q13627_WT;Q13976_WT;Q16513_WT,O00311_WT;P49336_WT;P50750_WT;Q9HAZ1_WT;Q9Y463_WT;Q13627_WT;Q13976_WT;Q16513_WT,O00311_WT;Q9HAZ1_WT;Q16513_WT,,,inactive
Ketoprofen,inactive,CC(C(=O)O)c1cc(C(=O)c2ccccc2)ccc1,spectrum,CC(C(=O)O)c1cccc(C(=O)c2ccccc2)c1,"InChI=1S/C16H14O3/c1-11(16(18)19)13-8-5-9-14(10-13)15(17)12-6-3-2-4-7-12/h2-11H,1H3,(H,18,19)",DKYWVDODHFEZIM-UHFFFAOYSA-N,DKYWVDODHFEZIM,CC(C(=O)O)c1cccc(C(=O)c2ccccc2)c1,O35956_WT;P01112_WT;P10145_WT;P23219_WT;P35354_WT,P10145_WT;P23219_WT,P10145_WT;P23219_WT,P10145_WT;P23219_WT,,,,inactive
Sphondin,inactive,COc1c2occc2c2oc(=O)ccc2c1,spectrum,COc1cc2ccc(=O)oc2c2ccoc12,"InChI=1S/C12H8O4/c1-14-9-6-7-2-3-10(13)16-11(7)8-4-5-15-12(8)9/h2-6H,1H3",DLCJNIBLOSKIQW-UHFFFAOYSA-N,DLCJNIBLOSKIQW,COc1cc2ccc(=O)oc2c2ccoc12,,,,,,,,inactive
Carmustine,antineoplastic,O=NN(CCCl)C(=O)NCCCl,spectrum,O=NN(CCCl)C(=O)NCCCl,"InChI=1S/C5H9Cl2N3O2/c6-1-3-8-5(11)10(9-12)4-2-7/h1-4H2,(H,8,11)",DLGOEMSEDOSKAD-UHFFFAOYSA-N,DLGOEMSEDOSKAD,O=NN(CCCl)C(=O)NCCCl,,,,,,,,antineoplastic
Melibiose,inactive,OC[C@H]1O[C@H](OC[C@H]2O[C@@H](O)[C@H](O)[C@@H](O)[C@@H]2O)[C@H](O)[C@@H](O)[C@H]1O,spectrum,OC[C@H]1O[C@H](OC[C@H]2O[C@@H](O)[C@H](O)[C@@H](O)[C@@H]2O)[C@H](O)[C@@H](O)[C@H]1O,"InChI=1S/C12H22O11/c13-1-3-5(14)8(17)10(19)12(23-3)21-2-4-6(15)7(16)9(18)11(20)22-4/h3-20H,1-2H2/t3-,4-,5+,6-,7+,8+,9-,10-,11-,12+/m1/s1",DLRVVLDZNNYCBX-ZZFZYMBESA-N,DLRVVLDZNNYCBX,OC[C@H]1O[C@H](OC[C@H]2O[C@@H](O)[C@H](O)[C@@H](O)[C@@H]2O)[C@H](O)[C@@H](O)[C@H]1O,,,,,,,,inactive
Cholic acid. methyl ester,inactive,COC(=O)CCC(C)[C@H]1CCC2C3C(C[C@H](O)[C@@]21C)[C@@]1(C)CC[C@@H](O)C[C@H]1C[C@H]3O,spectrum,COC(=O)CCC(C)[C@H]1CCC2C3C(C[C@H](O)[C@@]21C)[C@@]1(C)CC[C@@H](O)C[C@H]1C[C@H]3O,"InChI=1S/C25H42O5/c1-14(5-8-22(29)30-4)17-6-7-18-23-19(13-21(28)25(17,18)3)24(2)10-9-16(26)11-15(24)12-20(23)27/h14-21,23,26-28H,5-13H2,1-4H3/t14?,15-,16+,17+,18?,19?,20+,21-,23?,24-,25+/m0/s1",DLYVTEULDNMQAR-WRELVWFXSA-N,DLYVTEULDNMQAR,COC(=O)CCC(C)[C@H]1CCC2C3C(C[C@H](O)[C@@]21C)[C@@]1(C)CC[C@@H](O)C[C@H]1C[C@H]3O,,,,,,,,inactive
Bissalicyl fumarate,inactive,O=C(/C=C/C(=O)Oc1c(C(=O)O)cccc1)Oc1c(C(=O)O)cccc1,spectrum,O=C(/C=C/C(=O)Oc1ccccc1C(=O)O)Oc1ccccc1C(=O)O,"InChI=1S/C18H12O8/c19-15(25-13-7-3-1-5-11(13)17(21)22)9-10-16(20)26-14-8-4-2-6-12(14)18(23)24/h1-10H,(H,21,22)(H,23,24)/b10-9+",DMCJLRGWPYVYCQ-MDZDMXLPSA-N,DMCJLRGWPYVYCQ,O=C(/C=C/C(=O)Oc1ccccc1C(=O)O)Oc1ccccc1C(=O)O,,,,,,,,inactive
Hydroflumethiazide,inactive,NS(=O)(=O)c1cc2c(cc1C(F)(F)F)NCNS2(=O)=O,spectrum,NS(=O)(=O)c1cc2c(cc1C(F)(F)F)NCNS2(=O)=O,"InChI=1S/C8H8F3N3O4S2/c9-8(10,11)4-1-5-7(2-6(4)19(12,15)16)20(17,18)14-3-13-5/h1-2,13-14H,3H2,(H2,12,15,16)",DMDGGSIALPNSEE-UHFFFAOYSA-N,DMDGGSIALPNSEE,NS(=O)(=O)c1cc2c(cc1C(F)(F)F)NCNS2(=O)=O,,,,,,,,inactive
Bx-912,inactive,N1(CCCC1)C(=O)NC2C=C(C=CC=2)NC3N=C(C(=CN=3)Br)NCCC4=CN=CN4,selleckchem,O=C(Nc1cccc(Nc2ncc(Br)c(NCCc3c[nH]cn3)n2)c1)N1CCCC1,"InChI=1S/C20H23BrN8O/c21-17-12-24-19(28-18(17)23-7-6-16-11-22-13-25-16)26-14-4-3-5-15(10-14)27-20(30)29-8-1-2-9-29/h3-5,10-13H,1-2,6-9H2,(H,22,25)(H,27,30)(H2,23,24,26,28)",DMMILYKXNCVKOJ-UHFFFAOYSA-N,DMMILYKXNCVKOJ,O=C(Nc1cccc(Nc2ncc(Br)c(NCCc3c[nH]cn3)n2)c1)N1CCCC1,O14965_WT,O14965_WT,O14965_WT,O14965_WT,,,,inactive
Atomoxetine hydrochloride,enhancer,CNCC[C@@H](Oc1ccccc1)c1ccccc1,spectrum,CNCC[C@@H](Oc1ccccc1)c1ccccc1,"InChI=1S/C16H19NO/c1-17-13-12-16(14-8-4-2-5-9-14)18-15-10-6-3-7-11-15/h2-11,16-17H,12-13H2,1H3/t16-/m1/s1",DMOUAPYFRKLFHO-MRXNPFEDSA-N,DMOUAPYFRKLFHO,CNCC[C@@H](Oc1ccccc1)c1ccccc1,,,,,,,,enhancer
Mexicanolide,inactive,COC(=O)C[C@H]1C(C)(C)C(=O)[C@@H]2CC3=C4CC(=O)O[C@@H](c5cocc5)[C@]4(C)CCC3[C@]1(C)C2=O,spectrum,COC(=O)C[C@H]1C(C)(C)C(=O)C2CC3=C4CC(=O)O[C@@H](c5ccoc5)[C@]4(C)CCC3[C@]1(C)C2=O,"InChI=1S/C27H32O7/c1-25(2)19(12-20(28)32-5)27(4)17-6-8-26(3)18(15(17)10-16(22(25)30)23(27)31)11-21(29)34-24(26)14-7-9-33-13-14/h7,9,13,16-17,19,24H,6,8,10-12H2,1-5H3/t16?,17?,19-,24-,26+,27-/m0/s1",DNFJSIPZGYBGON-PZUDAXIWSA-N,DNFJSIPZGYBGON,COC(=O)C[C@H]1C(C)(C)C(=O)C2CC3=C4CC(=O)O[C@@H](c5ccoc5)[C@]4(C)CCC3[C@]1(C)C2=O,,,,,,,,inactive
Crotamiton,inactive,C/C=C/C(=O)N(CC)c1c(C)cccc1,spectrum,C/C=C/C(=O)N(CC)c1ccccc1C,"InChI=1S/C13H17NO/c1-4-8-13(15)14(5-2)12-10-7-6-9-11(12)3/h4,6-10H,5H2,1-3H3/b8-4+",DNTGGZPQPQTDQF-XBXARRHUSA-N,DNTGGZPQPQTDQF,C/C=C/C(=O)N(CC)c1ccccc1C,,,,,,,,inactive
Ergosterol,reducer,CC(C)C(C)/C=C/C(C)C1CCC2C3=CC=C4CC(O)CCC4(C)C3CCC21C,spectrum,CC(C)C(C)/C=C/C(C)C1CCC2C3=CC=C4CC(O)CCC4(C)C3CCC21C,"InChI=1S/C28H44O/c1-18(2)19(3)7-8-20(4)24-11-12-25-23-10-9-21-17-22(29)13-15-27(21,5)26(23)14-16-28(24,25)6/h7-10,18-20,22,24-26,29H,11-17H2,1-6H3/b8-7+",DNVPQKQSNYMLRS-BQYQJAHWSA-N,DNVPQKQSNYMLRS,CC(C)C(C)/C=C/C(C)C1CCC2C3=CC=C4CC(O)CCC4(C)C3CCC21C,,,,,,,,reducer
Phenyl aminosalicylate,inactive,Nc1cc(O)c(C(=O)Oc2ccccc2)cc1,spectrum,Nc1ccc(C(=O)Oc2ccccc2)c(O)c1,"InChI=1S/C13H11NO3/c14-9-6-7-11(12(15)8-9)13(16)17-10-4-2-1-3-5-10/h1-8,15H,14H2",DNVVZWSVACQWJE-UHFFFAOYSA-N,DNVVZWSVACQWJE,Nc1ccc(C(=O)Oc2ccccc2)c(O)c1,P11511_WT,,,,,,,inactive
Estrone,inactive,C[C@]12CCC3c4c(cc(O)cc4)CCC3C1CCC2=O,spectrum,C[C@]12CCC3c4ccc(O)cc4CCC3C1CCC2=O,"InChI=1S/C18H22O2/c1-18-9-8-14-13-5-3-12(19)10-11(13)2-4-15(14)16(18)6-7-17(18)20/h3,5,10,14-16,19H,2,4,6-9H2,1H3/t14?,15?,16?,18-/m0/s1",DNXHEGUUPJUMQT-GUZDXLFXSA-N,DNXHEGUUPJUMQT,C[C@]12CCC3c4ccc(O)cc4CCC3C1CCC2=O,P03372_WT;P04278_WT;P14061_WT;Q92731_WT,P03372_WT;P04278_WT;P14061_WT;Q92731_WT,P03372_WT;P04278_WT;Q92731_WT,P03372_WT;P04278_WT;Q92731_WT,P04278_WT,,,inactive
BS-181 HCl,inactive,C1(=CC(=NC2N1N=CC=2C(C)C)NCCCCCCN)NCC3(=CC=CC=C3).Cl,selleckchem,CC(C)c1cnn2c(NCc3ccccc3)cc(NCCCCCCN)nc12,"InChI=1S/C22H32N6/c1-17(2)19-16-26-28-21(25-15-18-10-6-5-7-11-18)14-20(27-22(19)28)24-13-9-4-3-8-12-23/h5-7,10-11,14,16-17,25H,3-4,8-9,12-13,15,23H2,1-2H3,(H,24,27)",DNYBIOICMDTDAP-UHFFFAOYSA-N,DNYBIOICMDTDAP,CC(C)c1cnn2c(NCc3ccccc3)cc(NCCCCCCN)nc12,P24941_WT;P50613_WT,P50613_WT,P50613_WT,,,,,inactive
Demethylnobiletin,inactive,COc1c(OC)cc(-c2cc(=O)c3c(O)c(OC)c(OC)c(OC)c3o2)cc1,spectrum,COc1ccc(-c2cc(=O)c3c(O)c(OC)c(OC)c(OC)c3o2)cc1OC,"InChI=1S/C20H20O8/c1-23-12-7-6-10(8-14(12)24-2)13-9-11(21)15-16(22)18(25-3)20(27-5)19(26-4)17(15)28-13/h6-9,22H,1-5H3",DOFJNFPSMUCECH-UHFFFAOYSA-N,DOFJNFPSMUCECH,COc1ccc(-c2cc(=O)c3c(O)c(OC)c(OC)c(OC)c3o2)cc1OC,,,,,,,,inactive
Dibutyl phthalate,inactive,CCCCOC(=O)c1c(C(=O)OCCCC)cccc1,spectrum,CCCCOC(=O)c1ccccc1C(=O)OCCCC,"InChI=1S/C16H22O4/c1-3-5-11-19-15(17)13-9-7-8-10-14(13)16(18)20-12-6-4-2/h7-10H,3-6,11-12H2,1-2H3",DOIRQSBPFJWKBE-UHFFFAOYSA-N,DOIRQSBPFJWKBE,CCCCOC(=O)c1ccccc1C(=O)OCCCC,,,,,,,,inactive
Terbinafine hydrochloride,inactive,CN(C/C=C/C#CC(C)(C)C)Cc1c2ccccc2ccc1,spectrum,CN(C/C=C/C#CC(C)(C)C)Cc1cccc2ccccc12,"InChI=1S/C21H25N/c1-21(2,3)15-8-5-9-16-22(4)17-19-13-10-12-18-11-6-7-14-20(18)19/h5-7,9-14H,16-17H2,1-4H3/b9-5+",DOMXUEMWDBAQBQ-WEVVVXLNSA-N,DOMXUEMWDBAQBQ,CN(C/C=C/C#CC(C)(C)C)Cc1cccc2ccccc12,P10635_WT;Q14534_WT;Q99720_WT,P10635_WT,,,,,,inactive
Rosmarinic acid,inactive,O=C(/C=C/c1ccc(O)c(O)c1)OC(Cc1ccc(O)c(O)c1)C(=O)O,spectrum,O=C(C=Cc1ccc(O)c(O)c1)OC(Cc1ccc(O)c(O)c1)C(=O)O,"InChI=1S/C18H16O8/c19-12-4-1-10(7-14(12)21)3-6-17(23)26-16(18(24)25)9-11-2-5-13(20)15(22)8-11/h1-8,16,19-22H,9H2,(H,24,25)",DOUMFZQKYFQNTF-UHFFFAOYSA-N,DOUMFZQKYFQNTF,O=C(C=Cc1ccc(O)c(O)c1)OC(Cc1ccc(O)c(O)c1)C(=O)O,P06746_WT;P27695_WT;P37840_WT;Q9UBT6_WT,P37840_WT,,,,,,inactive
Imiquimod,inactive,CC(C)Cn1cnc2c1c1ccccc1nc2N,spectrum,CC(C)Cn1cnc2c(N)nc3ccccc3c21,"InChI=1S/C14H16N4/c1-9(2)7-18-8-16-12-13(18)10-5-3-4-6-11(10)17-14(12)15/h3-6,8-9H,7H2,1-2H3,(H2,15,17)",DOUYETYNHWVLEO-UHFFFAOYSA-N,DOUYETYNHWVLEO,CC(C)Cn1cnc2c(N)nc3ccccc3c21,P36639_WT,,,,,,,inactive
Flumequine,inactive,CC1CCc2cc(F)cc3c2n1cc(C(=O)O)c3=O,spectrum,CC1CCc2cc(F)cc3c(=O)c(C(=O)O)cn1c23,"InChI=1S/C14H12FNO3/c1-7-2-3-8-4-9(15)5-10-12(8)16(7)6-11(13(10)17)14(18)19/h4-7H,2-3H2,1H3,(H,18,19)",DPSPPJIUMHPXMA-UHFFFAOYSA-N,DPSPPJIUMHPXMA,CC1CCc2cc(F)cc3c(=O)c(C(=O)O)cn1c23,,,,,,,,inactive
Naltrexone hydrochloride,inactive,O=C1CC[C@@]2(O)[C@H]3Cc4ccc(O)c5c4C2(CCN3CC2CC2)[C@H]1O5,spectrum,O=C1CC[C@@]2(O)[C@H]3Cc4ccc(O)c5c4C2(CCN3CC2CC2)C1O5,"InChI=1S/C20H23NO4/c22-13-4-3-12-9-15-20(24)6-5-14(23)18-19(20,16(12)17(13)25-18)7-8-21(15)10-11-1-2-11/h3-4,11,15,18,22,24H,1-2,5-10H2/t15-,18?,19?,20-/m1/s1",DQCKKXVULJGBQN-BTWUCOSQSA-N,DQCKKXVULJGBQN,O=C1CC[C@@]2(O)[C@H]3Cc4ccc(O)c5c4C2(CCN3CC2CC2)C1O5,P14618_WT;P32300_WT;P33533_WT;P33534_WT;P33535_WT;P34975_WT;P35372_WT;P41143_WT;P41145_WT;P42866_WT,P14618_WT;P32300_WT;P33533_WT;P33534_WT;P33535_WT;P34975_WT;P35372_WT;P41143_WT;P41145_WT;P42866_WT,P14618_WT;P32300_WT;P33533_WT;P33534_WT;P33535_WT;P34975_WT;P35372_WT;P41143_WT;P41145_WT;P42866_WT,P32300_WT;P33533_WT;P33534_WT;P33535_WT;P34975_WT;P35372_WT;P41143_WT;P41145_WT;P42866_WT,P33533_WT;P33534_WT;P33535_WT;P34975_WT;P35372_WT;P41145_WT;P42866_WT,P33534_WT;P33535_WT;P34975_WT;P35372_WT;P41145_WT;P42866_WT,P35372_WT;P42866_WT,inactive
Pramoxine hydrochloride,inactive,CCCCOc1ccc(OCCCN2CCOCC2)cc1,spectrum,CCCCOc1ccc(OCCCN2CCOCC2)cc1,"InChI=1S/C17H27NO3/c1-2-3-12-20-16-5-7-17(8-6-16)21-13-4-9-18-10-14-19-15-11-18/h5-8H,2-4,9-15H2,1H3",DQKXQSGTHWVTAD-UHFFFAOYSA-N,DQKXQSGTHWVTAD,CCCCOc1ccc(OCCCN2CCOCC2)cc1,Q99720_WT,Q99720_WT,Q99720_WT,,,,,inactive
Primidone,inactive,CCC1(c2ccccc2)C(=O)NCNC1=O,spectrum,CCC1(c2ccccc2)C(=O)NCNC1=O,"InChI=1S/C12H14N2O2/c1-2-12(9-6-4-3-5-7-9)10(15)13-8-14-11(12)16/h3-7H,2,8H2,1H3,(H,13,15)(H,14,16)",DQMZLTXERSFNPB-UHFFFAOYSA-N,DQMZLTXERSFNPB,CCC1(c2ccccc2)C(=O)NCNC1=O,,,,,,,,inactive
Mometasone furoate,inactive,C[C@@H]1CC2C3CCC4=CC(=O)C=C[C@]4(C)[C@@]3(Cl)[C@@H](O)C[C@]2(C)[C@@]1(OC(=O)c1ccco1)C(=O)CCl,spectrum,C[C@@H]1CC2C3CC=C4CC(=O)C=C[C@]4(C)[C@@]3(Cl)[C@@H](O)C[C@]2(C)[C@@]1(OC(=O)c1ccco1)C(=O)CCl,"InChI=1S/C27H30Cl2O6/c1-15-11-19-18-7-6-16-12-17(30)8-9-24(16,2)26(18,29)21(31)13-25(19,3)27(15,22(32)14-28)35-23(33)20-5-4-10-34-20/h4-6,8-10,15,18-19,21,31H,7,11-14H2,1-3H3/t15-,18?,19?,21+,24+,25+,26+,27+/m1/s1",DQTQVEGUWIUSSO-NKEDMXMMSA-N,DQTQVEGUWIUSSO,C[C@@H]1CC2C3CC=C4CC(=O)C=C[C@]4(C)[C@@]3(Cl)[C@@H](O)C[C@]2(C)[C@@]1(OC(=O)c1ccco1)C(=O)CCl,P03372_WT;P04150_WT;P10275_WT;P11511_WT,P04150_WT;P10275_WT;P11511_WT,P04150_WT;P10275_WT;P11511_WT,P04150_WT;P10275_WT;P11511_WT,P04150_WT;P10275_WT;P11511_WT,P04150_WT;P10275_WT;P11511_WT,P04150_WT;P10275_WT;P11511_WT,inactive
Methyl 7-deshydroxypyrogallin-4-carboxylate,inactive,COC(=O)c1cc2c(c(O)c(O)cc2)c(=O)c(O)c1,spectrum,COC(=O)c1cc(=O)c(O)c2c(O)c(O)ccc2c1,"InChI=1S/C13H10O6/c1-19-13(18)7-4-6-2-3-8(14)11(16)10(6)12(17)9(15)5-7/h2-5,14,16H,1H3,(H,15,17)",DQWQITFUWFBXON-UHFFFAOYSA-N,DQWQITFUWFBXON,COC(=O)c1cc(=O)c(O)c2c(O)c(O)ccc2c1,Q06124_WT,Q06124_WT,,,,,,inactive
Melatonin,inactive,COc1cc2c(cc1)[nH]cc2CCNC(C)=O,spectrum,COc1ccc2[nH]cc(CCNC(C)=O)c2c1,"InChI=1S/C13H16N2O2/c1-9(16)14-6-5-10-8-15-13-4-3-11(17-2)7-12(10)13/h3-4,7-8,15H,5-6H2,1-2H3,(H,14,16)",DRLFMBDRBRZALE-UHFFFAOYSA-N,DRLFMBDRBRZALE,COc1ccc2[nH]cc(CCNC(C)=O)c2c1,P48039_WT;P49286_WT;Q9Y5N1_WT,P48039_WT;P49286_WT;Q9Y5N1_WT,P48039_WT;P49286_WT;Q9Y5N1_WT,P48039_WT;P49286_WT;Q9Y5N1_WT,P48039_WT;P49286_WT;Q9Y5N1_WT,P48039_WT;P49286_WT;Q9Y5N1_WT,P48039_WT;P49286_WT;Q9Y5N1_WT,inactive
Uridine,inactive,O=c1ccn([C@@H]2O[C@H](CO)[C@@H](O)[C@H]2O)c(=O)[nH]1,spectrum,O=c1ccn([C@@H]2O[C@H](CO)[C@@H](O)[C@H]2O)c(=O)[nH]1,"InChI=1S/C9H12N2O6/c12-3-4-6(14)7(15)8(17-4)11-2-1-5(13)10-9(11)16/h1-2,4,6-8,12,14-15H,3H2,(H,10,13,16)/t4-,6-,7-,8-/m1/s1",DRTQHJPVMGBUCF-XVFCMESISA-N,DRTQHJPVMGBUCF,O=c1ccn([C@@H]2O[C@H](CO)[C@@H](O)[C@H]2O)c(=O)[nH]1,,,,,,,,inactive
Dihydrorotenone,inactive,COc1c(OC)cc2c(c1)OC[C@H]1Oc3c(ccc4c3CC(C(C)C)O4)C(=O)[C@@H]21,spectrum,COc1cc2c(cc1OC)C1C(=O)c3ccc4c(c3O[C@@H]1CO2)CC(C(C)C)O4,"InChI=1S/C23H24O6/c1-11(2)16-8-14-15(28-16)6-5-12-22(24)21-13-7-18(25-3)19(26-4)9-17(13)27-10-20(21)29-23(12)14/h5-7,9,11,16,20-21H,8,10H2,1-4H3/t16?,20-,21?/m1/s1",DTFARBHXORYQBF-ZWVUXNTGSA-N,DTFARBHXORYQBF,COc1cc2c(cc1OC)C1C(=O)c3ccc4c(c3O[C@@H]1CO2)CC(C(C)C)O4,O60755_WT;P24468_WT;P51151_WT;P51450_WT;Q9NUW8_WT;Q96QE3_WT;Q16236_WT,O60755_WT;P51151_WT;Q9NUW8_WT;Q96QE3_WT;Q16236_WT,O60755_WT;P51151_WT;Q96QE3_WT,O60755_WT,,,,inactive
Peucenin,inactive,CC(C)=CCc1c(O)cc2oc(C)cc(=O)c2c1O,spectrum,CC(C)=CCc1c(O)cc2oc(C)cc(=O)c2c1O,"InChI=1S/C15H16O4/c1-8(2)4-5-10-11(16)7-13-14(15(10)18)12(17)6-9(3)19-13/h4,6-7,16,18H,5H2,1-3H3",DTNGBIGBPPPNNB-UHFFFAOYSA-N,DTNGBIGBPPPNNB,CC(C)=CCc1c(O)cc2oc(C)cc(=O)c2c1O,,,,,,,,inactive
Hexetidine,inactive,CCCCC(CC)CN1CN(CC(CC)CCCC)CC(C)(N)C1,spectrum,CCCCC(CC)CN1CN(CC(CC)CCCC)CC(C)(N)C1,"InChI=1S/C21H45N3/c1-6-10-12-19(8-3)14-23-16-21(5,22)17-24(18-23)15-20(9-4)13-11-7-2/h19-20H,6-18,22H2,1-5H3",DTOUUUZOYKYHEP-UHFFFAOYSA-N,DTOUUUZOYKYHEP,CCCCC(CC)CN1CN(CC(CC)CCCC)CC(C)(N)C1,Q9NUW8_WT,Q9NUW8_WT,,,,,,inactive
Oxyphencyclimine hydrochloride,inactive,CN1CCCN=C1COC(=O)C(O)(c1ccccc1)C1CCCCC1,spectrum,CN1CCCN=C1COC(=O)C(O)(c1ccccc1)C1CCCCC1,"InChI=1S/C20H28N2O3/c1-22-14-8-13-21-18(22)15-25-19(23)20(24,16-9-4-2-5-10-16)17-11-6-3-7-12-17/h2,4-5,9-10,17,24H,3,6-8,11-15H2,1H3",DUDKAZCAISNGQN-UHFFFAOYSA-N,DUDKAZCAISNGQN,CN1CCCN=C1COC(=O)C(O)(c1ccccc1)C1CCCCC1,P03372_WT;Q61143_WT,P03372_WT;Q61143_WT,P03372_WT;Q61143_WT,,,,,inactive
Obliquin,inactive,C=C(C)[C@H]1COc2c(cc3ccc(=O)oc3c2)O1,spectrum,C=C(C)[C@H]1COc2cc3oc(=O)ccc3cc2O1,"InChI=1S/C14H12O4/c1-8(2)13-7-16-11-6-10-9(5-12(11)17-13)3-4-14(15)18-10/h3-6,13H,1,7H2,2H3/t13-/m1/s1",DUECABXXAMFFBH-CYBMUJFWSA-N,DUECABXXAMFFBH,C=C(C)[C@H]1COc2cc3oc(=O)ccc3cc2O1,,,,,,,,inactive
Methylphenidate hydrochloride,inactive,COC(=O)C(c1ccccc1)C1CCCCN1,spectrum,COC(=O)C(c1ccccc1)C1CCCCN1,"InChI=1S/C14H19NO2/c1-17-14(16)13(11-7-3-2-4-8-11)12-9-5-6-10-15-12/h2-4,7-8,12-13,15H,5-6,9-10H2,1H3",DUGOZIWVEXMGBE-UHFFFAOYSA-N,DUGOZIWVEXMGBE,COC(=O)C(c1ccccc1)C1CCCCN1,P03372_WT;P23975_WT;P23977_WT;Q9WTR4_WT;Q01959_WT,P23977_WT;Q9WTR4_WT;Q01959_WT,P23977_WT;Q01959_WT,,,,,inactive
Pf-05212384,reducer,N1=C(N=C(N=C1N2CCOCC2)C3=CC=C(C=C3)NC(NC4=CC=C(C=C4)C(N5CCC(CC5)N(C)C)=O)=O)N6CCOCC6,selleckchem,CN(C)C1CCN(C(=O)c2ccc(NC(=O)Nc3ccc(-c4nc(N5CCOCC5)nc(N5CCOCC5)n4)cc3)cc2)CC1,"InChI=1S/C32H41N9O4/c1-38(2)27-11-13-39(14-12-27)29(42)24-5-9-26(10-6-24)34-32(43)33-25-7-3-23(4-8-25)28-35-30(40-15-19-44-20-16-40)37-31(36-28)41-17-21-45-22-18-41/h3-10,27H,11-22H2,1-2H3,(H2,33,34,43)",DWZAEMINVBZMHQ-UHFFFAOYSA-N,DWZAEMINVBZMHQ,CN(C)C1CCN(C(=O)c2ccc(NC(=O)Nc3ccc(-c4nc(N5CCOCC5)nc(N5CCOCC5)n4)cc3)cc2)CC1,O00329_WT;O00750_WT;P42336_WT;P42338_WT;P42345_WT;P48736_WT,O00329_WT;O00750_WT;P42336_WT;P42338_WT;P42345_WT;P48736_WT,O00329_WT;O00750_WT;P42336_WT;P42338_WT;P42345_WT;P48736_WT,O00329_WT;O00750_WT;P42336_WT;P42338_WT;P42345_WT;P48736_WT,O00329_WT;O00750_WT;P42336_WT;P42338_WT;P42345_WT;P48736_WT,O00750_WT;P42336_WT;P42345_WT,O00750_WT;P42336_WT,reducer
Pd173074,inactive,N1=C(N=C2C(=C1)C=C(C(=N2)NC(NC(C)(C)C)=O)C3=CC(=CC(=C3)OC)OC)NCCCCN(CC)CC,selleckchem,CCN(CC)CCCCNc1ncc2cc(-c3cc(OC)cc(OC)c3)c(NC(=O)NC(C)(C)C)nc2n1,"InChI=1S/C28H41N7O3/c1-8-35(9-2)13-11-10-12-29-26-30-18-20-16-23(19-14-21(37-6)17-22(15-19)38-7)25(31-24(20)32-26)33-27(36)34-28(3,4)5/h14-18H,8-13H2,1-7H3,(H3,29,30,31,32,33,34,36)",DXCUKNQANPLTEJ-UHFFFAOYSA-N,DXCUKNQANPLTEJ,CCN(CC)CCCCNc1ncc2cc(-c3cc(OC)cc(OC)c3)c(NC(=O)NC(C)(C)C)nc2n1,P11362_WT;P21802_WT;P22607_WT;P35968_WT,P11362_WT;P21802_WT;P22607_WT;P35968_WT,P11362_WT;P21802_WT;P22607_WT,P11362_WT;P21802_WT;P22607_WT,P21802_WT,,,inactive
Isoliquiritigenin,inactive,O=C(/C=C/c1ccc(O)cc1)c1c(O)cc(O)cc1,spectrum,O=C(C=Cc1ccc(O)cc1)c1ccc(O)cc1O,"InChI=1S/C15H12O4/c16-11-4-1-10(2-5-11)3-8-14(18)13-7-6-12(17)9-15(13)19/h1-9,16-17,19H",DXDRHHKMWQZJHT-UHFFFAOYSA-N,DXDRHHKMWQZJHT,O=C(C=Cc1ccc(O)cc1)c1ccc(O)cc1O,P07943_WT;P15121_WT;P37059_WT;Q92731_WT,Q92731_WT,,,,,,inactive
Oxybenzone,inactive,COc1cc(O)c(C(=O)c2ccccc2)cc1,spectrum,COc1ccc(C(=O)c2ccccc2)c(O)c1,"InChI=1S/C14H12O3/c1-17-11-7-8-12(13(15)9-11)14(16)10-5-3-2-4-6-10/h2-9,15H,1H3",DXGLGDHPHMLXJC-UHFFFAOYSA-N,DXGLGDHPHMLXJC,COc1ccc(C(=O)c2ccccc2)c(O)c1,,,,,,,,inactive
Hetacillin potassium,inactive,CC1(C)S[C@@H]2C(N3C(=O)[C@@H](c4ccccc4)NC3(C)C)C(=O)N2[C@H]1C(=O)O,spectrum,CC1(C)S[C@@H]2C(N3C(=O)C(c4ccccc4)NC3(C)C)C(=O)N2C1C(=O)O,"InChI=1S/C19H23N3O4S/c1-18(2)13(17(25)26)21-15(24)12(16(21)27-18)22-14(23)11(20-19(22,3)4)10-8-6-5-7-9-10/h5-9,11-13,16,20H,1-4H3,(H,25,26)/t11?,12?,13?,16-/m1/s1",DXVUYOAEDJXBPY-WHUXOIGISA-N,DXVUYOAEDJXBPY,CC1(C)S[C@@H]2C(N3C(=O)C(c4ccccc4)NC3(C)C)C(=O)N2C1C(=O)O,,,,,,,,inactive
Crenolanib,inactive,C1=CC(=C2C(=C1)C=CC(=N2)N3C=NC4=C3C=CC(=C4)OCC5(COC5)C)N6CCC(CC6)N,selleckchem,CC1(COc2ccc3c(c2)ncn3-c2ccc3cccc(N4CCC(N)CC4)c3n2)COC1,"InChI=1S/C26H29N5O2/c1-26(14-32-15-26)16-33-20-6-7-22-21(13-20)28-17-31(22)24-8-5-18-3-2-4-23(25(18)29-24)30-11-9-19(27)10-12-30/h2-8,13,17,19H,9-12,14-16,27H2,1H3",DYNHJHQFHQTFTP-UHFFFAOYSA-N,DYNHJHQFHQTFTP,CC1(COc2ccc3c(c2)ncn3-c2ccc3cccc(N4CCC(N)CC4)c3n2)COC1,O43741_WT;O60583_WT;O75385_WT;O95067_WT;O95819_WT;P04629_WT;P07108_WT;P07237_WT;P07741_WT;P07949_WT;P09619_WT;P14635_WT;P16083_WT;P23284_WT;P23942_WT;P24941_WT;P27448_WT;P30085_WT;P36888_WT;P38117_WT;P41250_WT;P50750_WT;P61962_WT;P62310_WT;P69891_WT;P82979_WT;Q7KZI7_WT;Q8IVH8_WT;Q8WWW0_WT;Q9H0K1_WT;Q9NTK5_WT;Q9NWZ3_WT;Q9NYU2_WT;Q9P2R7_WT;Q9P289_WT;Q9UBE0_WT;Q9UHB7_WT;Q9UKE5_WT;Q9Y2K2_WT;Q9Y4A5_WT;Q9Y4K4_WT;Q9Y6E0_WT;Q9Y478_WT;Q96L34_WT;Q96RR4_WT;Q00535_WT;Q06210_WT;Q13043_WT;Q13163_WT;Q13188_WT;Q13555_WT;Q13557_WT;Q16512_WT;Q92643_WT,O95819_WT;P04629_WT;P07108_WT;P07237_WT;P07741_WT;P09619_WT;P16083_WT;P23284_WT;P24941_WT;P27448_WT;P30085_WT;P36888_WT;P38117_WT;P41250_WT;P62310_WT;P69891_WT;P82979_WT;Q7KZI7_WT;Q8WWW0_WT;Q9H0K1_WT;Q9NTK5_WT;Q9NYU2_WT;Q9P2R7_WT;Q9P289_WT;Q9UBE0_WT;Q9UKE5_WT;Q9Y2K2_WT;Q9Y4A5_WT;Q9Y6E0_WT;Q96L34_WT;Q96RR4_WT;Q00535_WT;Q06210_WT;Q13163_WT;Q16512_WT,P04629_WT;P07108_WT;P07237_WT;P07741_WT;P16083_WT;P23284_WT;P30085_WT;P36888_WT;P38117_WT;P41250_WT;P62310_WT;P69891_WT;P82979_WT;Q9H0K1_WT;Q9NTK5_WT;Q9NYU2_WT;Q9P2R7_WT;Q9P289_WT;Q9UBE0_WT;Q9Y2K2_WT;Q9Y4A5_WT;Q9Y6E0_WT;Q96L34_WT;Q06210_WT;Q13163_WT,P04629_WT;P07108_WT;P07237_WT;P07741_WT;P30085_WT;P36888_WT;P38117_WT;P62310_WT;P69891_WT;P82979_WT;Q9H0K1_WT;Q9NTK5_WT;Q9P2R7_WT;Q9P289_WT;Q9UBE0_WT;Q9Y2K2_WT;Q9Y4A5_WT;Q96L34_WT;Q06210_WT,P04629_WT;P30085_WT;P36888_WT;P62310_WT;P69891_WT;P82979_WT;Q9NTK5_WT;Q9P2R7_WT;Q9UBE0_WT;Q9Y2K2_WT,P30085_WT;P36888_WT;P62310_WT;Q9UBE0_WT;Q9Y2K2_WT,,inactive
Sparfloxacin,inactive,CC1CN(c2c(F)c3c(c(N)c2F)c(=O)c(C(=O)O)cn3C2CC2)C[C@H](C)N1,spectrum,CC1CN(c2c(F)c(N)c3c(=O)c(C(=O)O)cn(C4CC4)c3c2F)C[C@H](C)N1,"InChI=1S/C19H22F2N4O3/c1-8-5-24(6-9(2)23-8)17-13(20)15(22)12-16(14(17)21)25(10-3-4-10)7-11(18(12)26)19(27)28/h7-10,23H,3-6,22H2,1-2H3,(H,27,28)/t8-,9?/m0/s1",DZZWHBIBMUVIIW-IENPIDJESA-N,DZZWHBIBMUVIIW,CC1CN(c2c(F)c(N)c3c(=O)c(C(=O)O)cn(C4CC4)c3c2F)C[C@H](C)N1,,,,,,,,inactive
Repaglinide,inactive,CCOc1c(C(=O)O)ccc(CC(=O)N[C@@H](CC(C)C)c2ccccc2N2CCCCC2)c1,spectrum,CCOc1cc(CC(=O)N[C@@H](CC(C)C)c2ccccc2N2CCCCC2)ccc1C(=O)O,"InChI=1S/C27H36N2O4/c1-4-33-25-17-20(12-13-22(25)27(31)32)18-26(30)28-23(16-19(2)3)21-10-6-7-11-24(21)29-14-8-5-9-15-29/h6-7,10-13,17,19,23H,4-5,8-9,14-16,18H2,1-3H3,(H,28,30)(H,31,32)/t23-/m0/s1",FAEKWTJYAYMJKF-QHCPKHFHSA-N,FAEKWTJYAYMJKF,CCOc1cc(CC(=O)N[C@@H](CC(C)C)c2ccccc2N2CCCCC2)ccc1C(=O)O,Q09428_WT,Q09428_WT,Q09428_WT,,,,,inactive
Captopril,enhancer,C[C@H](CS)C(=O)N1CCC[C@H]1C(=O)O,spectrum,CC(CS)C(=O)N1CCCC1C(=O)O,"InChI=1S/C9H15NO3S/c1-6(5-14)8(11)10-4-2-3-7(10)9(12)13/h6-7,14H,2-5H2,1H3,(H,12,13)",FAKRSMQSSFJEIM-UHFFFAOYSA-N,FAKRSMQSSFJEIM,CC(CS)C(=O)N1CCCC1C(=O)O,P00734_WT;P00797_WT;P12821_WT;P47820_WT,P00734_WT;P00797_WT;P12821_WT;P47820_WT,P00734_WT;P00797_WT;P12821_WT;P47820_WT,P00797_WT;P12821_WT;P47820_WT,P00797_WT;P12821_WT,P00797_WT,,enhancer
Sns-314,inactive,C12(=C(N=CN=C1NCCC3SC(=NC=3)NC(NC4=CC(=CC=C4)Cl)=O)C=CS2).CS(=O)(=O)O,selleckchem,O=C(Nc1cccc(Cl)c1)Nc1ncc(CCNc2ncnc3ccsc23)s1,"InChI=1S/C18H15ClN6OS2/c19-11-2-1-3-12(8-11)24-17(26)25-18-21-9-13(28-18)4-6-20-16-15-14(5-7-27-15)22-10-23-16/h1-3,5,7-10H,4,6H2,(H,20,22,23)(H2,21,24,25,26)",FAYAUAZLLLJJGH-UHFFFAOYSA-N,FAYAUAZLLLJJGH,O=C(Nc1cccc(Cl)c1)Nc1ncc(CCNc2ncnc3ccsc23)s1,O00444_WT;O14965_WT;O15254_WT;O15264_WT;O75116_WT;O96017_WT;P04049_WT;P04629_WT;P08581_WT;P09619_WT;P10721_WT;P16234_WT;P23443_WT;P29317_WT;P30530_WT;P35916_WT;P35968_WT;P36888_WT;P42685_WT;P49336_WT;P51617_WT;P51957_WT;Q8NE63_WT;Q9H2G2_WT;Q9HAZ1_WT;Q9HBH9_WT;Q9NQS7_WT;Q9NWZ3_WT;Q96GD4_WT;Q05397_WT;Q06418_WT;Q08345_WT;Q14680_WT;Q14847_WT;Q16288_WT;Q16620_WT;Q16832_WT,O00444_WT;O14965_WT;O15254_WT;O96017_WT;P04049_WT;P04629_WT;P09619_WT;P23443_WT;P30530_WT;P35916_WT;P35968_WT;P42685_WT;P49336_WT;P51957_WT;Q8NE63_WT;Q9HBH9_WT;Q9NQS7_WT;Q9NWZ3_WT;Q96GD4_WT;Q08345_WT;Q16288_WT;Q16620_WT,O00444_WT;O14965_WT;O15254_WT;P04629_WT;P30530_WT;P35916_WT;P49336_WT;Q8NE63_WT;Q9HBH9_WT;Q16288_WT;Q16620_WT,O15254_WT;P04629_WT;P35916_WT;P49336_WT;Q8NE63_WT;Q16288_WT;Q16620_WT,P49336_WT;Q8NE63_WT;Q16288_WT,P49336_WT,,inactive
Methotrexate(+/-),antineoplastic,CN(Cc1cnc2nc(N)nc(N)c2n1)c1ccc(C(=O)NC(CCC(=O)O)C(=O)O)cc1,spectrum,CN(Cc1cnc2nc(N)nc(N)c2n1)c1ccc(C(=O)NC(CCC(=O)O)C(=O)O)cc1,"InChI=1S/C20H22N8O5/c1-28(9-11-8-23-17-15(24-11)16(21)26-20(22)27-17)12-4-2-10(3-5-12)18(31)25-13(19(32)33)6-7-14(29)30/h2-5,8,13H,6-7,9H2,1H3,(H,25,31)(H,29,30)(H,32,33)(H4,21,22,23,26,27)",FBOZXECLQNJBKD-UHFFFAOYSA-N,FBOZXECLQNJBKD,CN(Cc1cnc2nc(N)nc(N)c2n1)c1ccc(C(=O)NC(CCC(=O)O)C(=O)O)cc1,O75874_WT;P00374_WT;P00375_WT;P03372_WT;P04637_WT;P09429_WT;P14207_WT;P15328_WT;P18113_WT;P31939_WT;P41440_WT;Q9NUW8_WT;Q9Y6Q9_WT;Q96NT5_WT;Q920D2_WT;Q16236_WT;Q16637_WT,O75874_WT;P00374_WT;P00375_WT;P03372_WT;P04637_WT;P09429_WT;P14207_WT;P15328_WT;P18113_WT;P41440_WT;Q9NUW8_WT;Q9Y6Q9_WT;Q96NT5_WT;Q920D2_WT;Q16236_WT;Q16637_WT,O75874_WT;P00374_WT;P00375_WT;P18113_WT;P41440_WT;Q9NUW8_WT;Q920D2_WT;Q16236_WT,O75874_WT;P00374_WT;P00375_WT;P41440_WT;Q9NUW8_WT;Q920D2_WT;Q16236_WT,O75874_WT;P00374_WT;P00375_WT;Q920D2_WT;Q16236_WT,P00375_WT;Q920D2_WT,P00375_WT,antineoplastic
Nonoxynol-9,inactive,CCCCCCCCCc1ccc(OCCOCCOCCOCCOCCOCCOCCOCCOCCO)cc1,spectrum,CCCCCCCCCc1ccc(OCCOCCOCCOCCOCCOCCOCCOCCOCCO)cc1,"InChI=1S/C33H60O10/c1-2-3-4-5-6-7-8-9-32-10-12-33(13-11-32)43-31-30-42-29-28-41-27-26-40-25-24-39-23-22-38-21-20-37-19-18-36-17-16-35-15-14-34/h10-13,34H,2-9,14-31H2,1H3",FBWNMEQMRUMQSO-UHFFFAOYSA-N,FBWNMEQMRUMQSO,CCCCCCCCCc1ccc(OCCOCCOCCOCCOCCOCCOCCOCCOCCO)cc1,,,,,,,,inactive
Ropinirole hydrochloride,inactive,CCCN(CCC)CCc1cccc2c1CC(=O)N2,spectrum,CCCN(CCC)CCc1cccc2[nH]c(O)cc12,"InChI=1S/C16H24N2O/c1-3-9-18(10-4-2)11-8-13-6-5-7-15-14(13)12-16(19)17-15/h5-7,12,17,19H,3-4,8-11H2,1-2H3",FBYFJOVKHROJSY-UHFFFAOYSA-N,FBYFJOVKHROJSY,CCCN(CCC)CCc1cccc2[nH]c(O)cc12,P14416_WT;P19020_WT;P61169_WT,P14416_WT;P19020_WT;P61169_WT,P14416_WT;P19020_WT;P61169_WT,P14416_WT;P19020_WT,P14416_WT,,,inactive
Xanthurenic acid,reducer,O=C(O)c1cc(O)c2cccc(O)c2n1,spectrum,O=C(O)c1cc(=O)c2cccc(O)c2[nH]1,"InChI=1S/C10H7NO4/c12-7-3-1-2-5-8(13)4-6(10(14)15)11-9(5)7/h1-4,12H,(H,11,13)(H,14,15)",FBZONXHGGPHHIY-UHFFFAOYSA-N,FBZONXHGGPHHIY,O=C(O)c1cc(=O)c2cccc(O)c2[nH]1,,,,,,,,reducer
Lipoamide,inactive,NC(=O)CCCCC1CCSS1,spectrum,NC(=O)CCCCC1CCSS1,"InChI=1S/C8H15NOS2/c9-8(10)4-2-1-3-7-5-6-11-12-7/h7H,1-6H2,(H2,9,10)",FCCDDURTIIUXBY-UHFFFAOYSA-N,FCCDDURTIIUXBY,NC(=O)CCCCC1CCSS1,,,,,,,,inactive
Androsterone acetate,inactive,CC(=O)O[C@@H]1CC[C@]2(C)C3CC[C@]4(C)C(=O)CCC4C3CC[C@H]2C1,spectrum,CC(=O)O[C@@H]1CC[C@]2(C)C3CC[C@]4(C)C(=O)CCC4C3CC[C@H]2C1,"InChI=1S/C21H32O3/c1-13(22)24-15-8-10-20(2)14(12-15)4-5-16-17-6-7-19(23)21(17,3)11-9-18(16)20/h14-18H,4-12H2,1-3H3/t14-,15+,16?,17?,18?,20-,21-/m0/s1",FDCINQSOYQUNKB-AMWCYYRJSA-N,FDCINQSOYQUNKB,CC(=O)O[C@@H]1CC[C@]2(C)C3CC[C@]4(C)C(=O)CCC4C3CC[C@H]2C1,,,,,,,,inactive
Chaulmoogric acid. ethyl ester,inactive,CCOC(=O)CCCCCCCCCCCCC1C=CCC1,spectrum,CCOC(=O)CCCCCCCCCCCCC1C=CCC1,"InChI=1S/C20H36O2/c1-2-22-20(21)18-12-10-8-6-4-3-5-7-9-11-15-19-16-13-14-17-19/h13,16,19H,2-12,14-15,17-18H2,1H3",FDGHZUQYDACRTA-UHFFFAOYSA-N,FDGHZUQYDACRTA,CCOC(=O)CCCCCCCCCCCCC1C=CCC1,,,,,,,,inactive
Canthaxanthin,inactive,CC1=C(/C=C/C(C)=C/C=C/C(C)=C/C=C/C=C(C)/C=C/C=C(C)/C=C/C2=C(C)C(=O)CCC2(C)C)C(C)(C)CCC1=O,spectrum,CC1=C(/C=C/C(C)=C/C=C/C(C)=C/C=C/C=C(C)/C=C/C=C(C)/C=C/C2=C(C)C(=O)CCC2(C)C)C(C)(C)CCC1=O,"InChI=1S/C40H52O2/c1-29(17-13-19-31(3)21-23-35-33(5)37(41)25-27-39(35,7)8)15-11-12-16-30(2)18-14-20-32(4)22-24-36-34(6)38(42)26-28-40(36,9)10/h11-24H,25-28H2,1-10H3/b12-11+,17-13+,18-14+,23-21+,24-22+,29-15+,30-16+,31-19+,32-20+",FDSDTBUPSURDBL-DKLMTRRASA-N,FDSDTBUPSURDBL,CC1=C(/C=C/C(C)=C/C=C/C(C)=C/C=C/C=C(C)/C=C/C=C(C)/C=C/C2=C(C)C(=O)CCC2(C)C)C(C)(C)CCC1=O,,,,,,,,inactive
Fluocinolone acetonide,inactive,CC1(C)O[C@@H]2CC3C4C[C@H](F)C5=CC(=O)C=C[C@]5(C)[C@@]4(F)[C@@H](O)C[C@]3(C)[C@]2(C(=O)CO)O1,spectrum,CC1(C)O[C@@H]2CC3C4C[C@H](F)C5=CC(=O)C=C[C@]5(C)[C@@]4(F)[C@@H](O)C[C@]3(C)[C@]2(C(=O)CO)O1,"InChI=1S/C24H30F2O6/c1-20(2)31-19-9-13-14-8-16(25)15-7-12(28)5-6-21(15,3)23(14,26)17(29)10-22(13,4)24(19,32-20)18(30)11-27/h5-7,13-14,16-17,19,27,29H,8-11H2,1-4H3/t13?,14?,16-,17-,19+,21-,22-,23-,24+/m0/s1",FEBLZLNTKCEFIT-AHVBUMMWSA-N,FEBLZLNTKCEFIT,CC1(C)O[C@@H]2CC3C4C[C@H](F)C5=CC(=O)C=C[C@]5(C)[C@@]4(F)[C@@H](O)C[C@]3(C)[C@]2(C(=O)CO)O1,P04150_WT,P04150_WT,P04150_WT,P04150_WT,P04150_WT,P04150_WT,,inactive
Ondansetron,inactive,Cc1nccn1CC1CCc2c(C1=O)c1ccccc1n2C,spectrum,Cc1nccn1CC1CCc2c(c3ccccc3n2C)C1=O,"InChI=1S/C18H19N3O/c1-12-19-9-10-21(12)11-13-7-8-16-17(18(13)22)14-5-3-4-6-15(14)20(16)2/h3-6,9-10,13H,7-8,11H2,1-2H3",FELGMEQIXOGIFQ-UHFFFAOYSA-N,FELGMEQIXOGIFQ,Cc1nccn1CC1CCc2c(c3ccccc3n2C)C1=O,O15244_WT;P30553_WT;P35563_WT;P41595_WT;P46098_WT;Q9R0C9_WT;Q86VL8_WT;Q96FL8_WT;Q12809_WT,P35563_WT;P46098_WT;Q86VL8_WT;Q96FL8_WT,P35563_WT;P46098_WT,P35563_WT;P46098_WT,P35563_WT;P46098_WT,P35563_WT;P46098_WT,P35563_WT,inactive
Trimethobenzamide hydrochloride,inactive,COc1c(OC)c(OC)cc(C(=O)NCc2ccc(OCCN(C)C)cc2)c1,spectrum,COc1cc(C(=O)NCc2ccc(OCCN(C)C)cc2)cc(OC)c1OC,"InChI=1S/C21H28N2O5/c1-23(2)10-11-28-17-8-6-15(7-9-17)14-22-21(24)16-12-18(25-3)20(27-5)19(13-16)26-4/h6-9,12-13H,10-11,14H2,1-5H3,(H,22,24)",FEZBIKUBAYAZIU-UHFFFAOYSA-N,FEZBIKUBAYAZIU,COc1cc(C(=O)NCc2ccc(OCCN(C)C)cc2)cc(OC)c1OC,,,,,,,,inactive
Carbamazepine,inactive,NC(=O)N1c2c(C=Cc3c1cccc3)cccc2,spectrum,NC(=O)N1c2ccccc2C=Cc2ccccc21,"InChI=1S/C15H12N2O/c16-15(18)17-13-7-3-1-5-11(13)9-10-12-6-2-4-8-14(12)17/h1-10H,(H2,16,18)",FFGPTBGBLSHEPO-UHFFFAOYSA-N,FFGPTBGBLSHEPO,NC(=O)N1c2ccccc2C=Cc2ccccc21,P28482_WT,P28482_WT,,,,,,inactive
Fosfosal,inactive,O=C(O)c1c(OP(=O)(O)O)cccc1,spectrum,O=C(O)c1ccccc1OP(=O)(O)O,"InChI=1S/C7H7O6P/c8-7(9)5-3-1-2-4-6(5)13-14(10,11)12/h1-4H,(H,8,9)(H2,10,11,12)",FFKUDWZICMJVPA-UHFFFAOYSA-N,FFKUDWZICMJVPA,O=C(O)c1ccccc1OP(=O)(O)O,,,,,,,,inactive
6.4'-dihydroxyflavone,reducer,O=c1cc(-c2ccc(O)cc2)oc2c1cc(O)cc2,spectrum,O=c1cc(-c2ccc(O)cc2)oc2ccc(O)cc12,"InChI=1S/C15H10O4/c16-10-3-1-9(2-4-10)15-8-13(18)12-7-11(17)5-6-14(12)19-15/h1-8,16-17H",FFULTBKXWHYHFQ-UHFFFAOYSA-N,FFULTBKXWHYHFQ,O=c1cc(-c2ccc(O)cc2)oc2ccc(O)cc12,,,,,,,,reducer
Physcion,inactive,COc1cc2c(C(=O)c3c(cc(C)cc3O)C2=O)c(O)c1,spectrum,COc1cc(O)c2c(c1)C(=O)c1cc(C)cc(O)c1C2=O,"InChI=1S/C16H12O5/c1-7-3-9-13(11(17)4-7)16(20)14-10(15(9)19)5-8(21-2)6-12(14)18/h3-6,17-18H,1-2H3",FFWOKTFYGVYKIR-UHFFFAOYSA-N,FFWOKTFYGVYKIR,COc1cc(O)c2c(c1)C(=O)c1cc(C)cc(O)c1C2=O,,,,,,,,inactive
Evoxine,inactive,COc1c2ccc(OCC(O)C(C)(C)O)c(OC)c2nc2c1cco2,spectrum,COc1c2ccoc2nc2c(OC)c(OCC(O)C(C)(C)O)ccc12,"InChI=1S/C18H21NO6/c1-18(2,21)13(20)9-25-12-6-5-10-14(16(12)23-4)19-17-11(7-8-24-17)15(10)22-3/h5-8,13,20-21H,9H2,1-4H3",FGANMDNHTVJAHL-UHFFFAOYSA-N,FGANMDNHTVJAHL,COc1c2ccoc2nc2c(OC)c(OCC(O)C(C)(C)O)ccc12,,,,,,,,inactive
2'.4-dihydroxychalcone,inactive,O=C(/C=C/c1ccc(O)cc1)c1c(O)cccc1,spectrum,O=C(C=Cc1ccc(O)cc1)c1ccccc1O,"InChI=1S/C15H12O3/c16-12-8-5-11(6-9-12)7-10-15(18)13-3-1-2-4-14(13)17/h1-10,16-17H",FGPJTMCJNPRZGF-UHFFFAOYSA-N,FGPJTMCJNPRZGF,O=C(C=Cc1ccc(O)cc1)c1ccccc1O,,,,,,,,inactive
Osi-930,inactive,C1=CC=C2C(=C1)C(=CC=N2)CNC3=C(SC=C3)C(NC4=CC=C(C=C4)OC(F)(F)F)=O,selleckchem,O=C(Nc1ccc(OC(F)(F)F)cc1)c1sccc1NCc1ccnc2ccccc12,"InChI=1S/C22H16F3N3O2S/c23-22(24,25)30-16-7-5-15(6-8-16)28-21(29)20-19(10-12-31-20)27-13-14-9-11-26-18-4-2-1-3-17(14)18/h1-12,27H,13H2,(H,28,29)",FGTCROZDHDSNIO-UHFFFAOYSA-N,FGTCROZDHDSNIO,O=C(Nc1ccc(OC(F)(F)F)cc1)c1sccc1NCc1ccnc2ccccc12,P04049_WT;P06239_WT;P07949_WT;P10721_WT;P35968_WT,P04049_WT;P06239_WT;P10721_WT;P35968_WT,P04049_WT;P06239_WT;P10721_WT;P35968_WT,P06239_WT;P35968_WT,P35968_WT,,,inactive
Domperidone,inactive,O=c1[nH]c2c(cccc2)n1CCCN1CCC(n2c(=O)[nH]c3cc(Cl)ccc32)CC1,spectrum,O=c1[nH]c2ccccc2n1CCCN1CCC(n2c(=O)[nH]c3cc(Cl)ccc32)CC1,"InChI=1S/C22H24ClN5O2/c23-15-6-7-20-18(14-15)25-22(30)28(20)16-8-12-26(13-9-16)10-3-11-27-19-5-2-1-4-17(19)24-21(27)29/h1-2,4-7,14,16H,3,8-13H2,(H,24,29)(H,25,30)",FGXWKSZFVQUSTL-UHFFFAOYSA-N,FGXWKSZFVQUSTL,O=c1[nH]c2ccccc2n1CCCN1CCC(n2c(=O)[nH]c3cc(Cl)ccc32)CC1,P14416_WT;P15823_WT;P18825_WT;P19020_WT;P25100_WT;P28223_WT;P28335_WT;P35367_WT;P35462_WT;P43140_WT;P61169_WT;Q12809_WT,P14416_WT;P15823_WT;P19020_WT;P28223_WT;P35462_WT;P43140_WT;P61169_WT;Q12809_WT,P14416_WT;P19020_WT;P28223_WT;P35462_WT;P61169_WT;Q12809_WT,P14416_WT;P19020_WT;P28223_WT;P35462_WT;P61169_WT,P14416_WT;P35462_WT;P61169_WT,P14416_WT;P61169_WT,P61169_WT,inactive
Pefloxacine mesylate,inactive,CCn1cc(C(=O)O)c(=O)c2c1cc(N1CCN(C)CC1)c(F)c2,spectrum,CCn1cc(C(=O)O)c(=O)c2cc(F)c(N3CCN(C)CC3)cc21,"InChI=1S/C17H20FN3O3/c1-3-20-10-12(17(23)24)16(22)11-8-13(18)15(9-14(11)20)21-6-4-19(2)5-7-21/h8-10H,3-7H2,1-2H3,(H,23,24)",FHFYDNQZQSQIAI-UHFFFAOYSA-N,FHFYDNQZQSQIAI,CCn1cc(C(=O)O)c(=O)c2cc(F)c(N3CCN(C)CC3)cc21,,,,,,,,inactive
Menbutone,inactive,COc1c2ccccc2c(C(=O)CCC(=O)O)cc1,spectrum,COc1ccc(C(=O)CCC(=O)O)c2ccccc12,"InChI=1S/C15H14O4/c1-19-14-8-6-11(13(16)7-9-15(17)18)10-4-2-3-5-12(10)14/h2-6,8H,7,9H2,1H3,(H,17,18)",FHGJSJFIQNQBCK-UHFFFAOYSA-N,FHGJSJFIQNQBCK,COc1ccc(C(=O)CCC(=O)O)c2ccccc12,,,,,,,,inactive
Dimpylate,inactive,CCOP(=S)(OCC)Oc1cc(C)nc(C(C)C)n1,spectrum,CCOP(=S)(OCC)Oc1cc(C)nc(C(C)C)n1,"InChI=1S/C12H21N2O3PS/c1-6-15-18(19,16-7-2)17-11-8-10(5)13-12(14-11)9(3)4/h8-9H,6-7H2,1-5H3",FHIVAFMUCKRCQO-UHFFFAOYSA-N,FHIVAFMUCKRCQO,CCOP(=S)(OCC)Oc1cc(C)nc(C(C)C)n1,P03372_WT;P16473_WT,P16473_WT,P16473_WT,P16473_WT,,,,inactive
Sb 431542,inactive,C1=CC=CC(=N1)C2NC(=NC=2C3=CC4=C(C=C3)OCO4)C5=CC=C(C=C5)C(=O)N,selleckchem,NC(=O)c1ccc(-c2nc(-c3ccc4c(c3)OCO4)c(-c3ccccn3)[nH]2)cc1,"InChI=1S/C22H16N4O3/c23-21(27)13-4-6-14(7-5-13)22-25-19(20(26-22)16-3-1-2-10-24-16)15-8-9-17-18(11-15)29-12-28-17/h1-11H,12H2,(H2,23,27)(H,25,26)",FHYUGAJXYORMHI-UHFFFAOYSA-N,FHYUGAJXYORMHI,NC(=O)c1ccc(-c2nc(-c3ccc4c(c3)OCO4)c(-c3ccccn3)[nH]2)cc1,P36896_WT;P36897_WT;P37173_WT;P48729_WT;P48730_WT;P49674_WT;Q15569_WT,P36896_WT;P36897_WT;P37173_WT;P48729_WT;P48730_WT;P49674_WT;Q15569_WT,P37173_WT,,,,,inactive
Artesunate,inactive,C[C@@H]1CC[C@H]2[C@@H](C)[C@H](OC(=O)CCC(=O)O)O[C@@H]3O[C@@]4(C)CC[C@@H]1[C@@]23OO4,spectrum,C[C@H]1[C@H](OC(=O)CCC(=O)O)O[C@@H]2O[C@@]3(C)CC[C@H]4[C@H](C)CC[C@@H]1[C@@]24OO3,"InChI=1S/C19H28O8/c1-10-4-5-13-11(2)16(23-15(22)7-6-14(20)21)24-17-19(13)12(10)8-9-18(3,25-17)26-27-19/h10-13,16-17H,4-9H2,1-3H3,(H,20,21)/t10-,11-,12+,13+,16-,17-,18-,19-/m1/s1",FIHJKUPKCHIPAT-AHIGJZGOSA-N,FIHJKUPKCHIPAT,C[C@H]1[C@H](OC(=O)CCC(=O)O)O[C@@H]2O[C@@]3(C)CC[C@H]4[C@H](C)CC[C@@H]1[C@@]24OO3,P10275_WT;Q9NUW8_WT;Q96QE3_WT,Q9NUW8_WT,,,,,,inactive
Piperonyl butoxide,inactive,CCCCOCCOCCOCc1c(CCC)cc2OCOc2c1,spectrum,CCCCOCCOCCOCc1cc2c(cc1CCC)OCO2,"InChI=1S/C19H30O5/c1-3-5-7-20-8-9-21-10-11-22-14-17-13-19-18(23-15-24-19)12-16(17)6-4-2/h12-13H,3-11,14-15H2,1-2H3",FIPWRIJSWJWJAI-UHFFFAOYSA-N,FIPWRIJSWJWJAI,CCCCOCCOCCOCc1cc2c(cc1CCC)OCO2,P08684_WT,,,,,,,inactive
Prednicarbate,inactive,CCOC(=O)O[C@]1(C(=O)COC(=O)CC)CCC2C3CCC4=CC(=O)C=C[C@]4(C)C3[C@@H](O)C[C@@]21C,spectrum,CCOC(=O)O[C@]1(C(=O)COC(=O)CC)CCC2C3CC=C4CC(=O)C=C[C@]4(C)C3[C@@H](O)C[C@@]21C,"InChI=1S/C27H36O8/c1-5-22(31)34-15-21(30)27(35-24(32)33-6-2)12-10-19-18-8-7-16-13-17(28)9-11-25(16,3)23(18)20(29)14-26(19,27)4/h7,9,11,18-20,23,29H,5-6,8,10,12-15H2,1-4H3/t18?,19?,20-,23?,25-,26-,27-/m0/s1",FIVPIQADCOIIHF-VZWGUQLYSA-N,FIVPIQADCOIIHF,CCOC(=O)O[C@]1(C(=O)COC(=O)CC)CCC2C3CC=C4CC(=O)C=C[C@]4(C)C3[C@@H](O)C[C@@]21C,P04150_WT;P10275_WT;P11511_WT,P04150_WT;P10275_WT;P11511_WT,P04150_WT;P10275_WT;P11511_WT,P04150_WT,,,,inactive
3beta-HYDROXYDEOXODIHYDRODEOXYGEDUNIN,inactive,CC(=O)O[C@@H]1CC2C(C)(CC[C@H](O)C2(C)C)C2CC[C@]3(C)C(=CC(=O)O[C@H]3c3cocc3)C21C,spectrum,CC(=O)O[C@@H]1CC2C(C)(CC[C@H](O)C2(C)C)C2CC[C@]3(C)C(=CC(=O)O[C@H]3c3ccoc3)C21C,"InChI=1S/C28H38O6/c1-16(29)33-22-13-19-25(2,3)21(30)8-11-26(19,4)18-7-10-27(5)20(28(18,22)6)14-23(31)34-24(27)17-9-12-32-15-17/h9,12,14-15,18-19,21-22,24,30H,7-8,10-11,13H2,1-6H3/t18?,19?,21-,22+,24-,26?,27+,28?/m0/s1",FJIIOEQLAAKWEL-VISHRWGOSA-N,FJIIOEQLAAKWEL,CC(=O)O[C@@H]1CC2C(C)(CC[C@H](O)C2(C)C)C2CC[C@]3(C)C(=CC(=O)O[C@H]3c3ccoc3)C21C,,,,,,,,inactive
Metyrapone,inactive,CC(C)(C(=O)c1cccnc1)c1cccnc1,spectrum,CC(C)(C(=O)c1cccnc1)c1cccnc1,"InChI=1S/C14H14N2O/c1-14(2,12-6-4-8-16-10-12)13(17)11-5-3-7-15-9-11/h3-10H,1-2H3",FJLBFSROUSIWMA-UHFFFAOYSA-N,FJLBFSROUSIWMA,CC(C)(C(=O)c1cccnc1)c1cccnc1,P15538_WT;P19099_WT,P15538_WT;P19099_WT,P15538_WT;P19099_WT,P15538_WT,,,,inactive
Fluvastatin,inactive,CC(C)n1c(/C=C/[C@@H](O)C[C@@H](O)CC(=O)O)c(-c2ccc(F)cc2)c2ccccc21,spectrum,CC(C)n1c(/C=C/[C@@H](O)C[C@@H](O)CC(=O)O)c(-c2ccc(F)cc2)c2ccccc21,"InChI=1S/C24H26FNO4/c1-15(2)26-21-6-4-3-5-20(21)24(16-7-9-17(25)10-8-16)22(26)12-11-18(27)13-19(28)14-23(29)30/h3-12,15,18-19,27-28H,13-14H2,1-2H3,(H,29,30)/b12-11+/t18-,19-/m1/s1",FJLGEFLZQAZZCD-MCBHFWOFSA-N,FJLGEFLZQAZZCD,CC(C)n1c(/C=C/[C@@H](O)C[C@@H](O)CC(=O)O)c(-c2ccc(F)cc2)c2ccccc21,P03372_WT;P04035_WT;P11712_WT;P51450_WT;P51639_WT;Q9Y5X4_WT,P04035_WT;P51450_WT;P51639_WT,P04035_WT;P51639_WT,P04035_WT;P51639_WT,P04035_WT;P51639_WT,P04035_WT;P51639_WT,,inactive
Rosiglitazone maleate,inactive,CN(CCOc1ccc(CC2SC(=O)NC2=O)cc1)c1ncccc1,spectrum,CN(CCOc1ccc(Cc2sc(=O)[nH]c2O)cc1)c1ccccn1,"InChI=1S/C18H19N3O3S/c1-21(16-4-2-3-9-19-16)10-11-24-14-7-5-13(6-8-14)12-15-17(22)20-18(23)25-15/h2-9,22H,10-12H2,1H3,(H,20,23)",FLDPBMANMDLQTH-UHFFFAOYSA-N,FLDPBMANMDLQTH,CN(CCOc1ccc(Cc2sc(=O)[nH]c2O)cc1)c1ccccn1,P03372_WT;P37238_WT,P37238_WT,P37238_WT,,,,,inactive
Dehydrovariabilin,inactive,COc1cc2c(cc1)-c1c(CO2)c2ccc(OC)cc2o1,spectrum,COc1ccc2c(c1)OCc1c-2oc2cc(OC)ccc12,"InChI=1S/C17H14O4/c1-18-10-4-6-13-15(7-10)20-9-14-12-5-3-11(19-2)8-16(12)21-17(13)14/h3-8H,9H2,1-2H3",FLEXCYTURSFUNC-UHFFFAOYSA-N,FLEXCYTURSFUNC,COc1ccc2c(c1)OCc1c-2oc2cc(OC)ccc12,,,,,,,,inactive
Cloperastine hydrochloride,inactive,Clc1ccc(C(OCCN2CCCCC2)c2ccccc2)cc1,spectrum,Clc1ccc(C(OCCN2CCCCC2)c2ccccc2)cc1,"InChI=1S/C20H24ClNO/c21-19-11-9-18(10-12-19)20(17-7-3-1-4-8-17)23-16-15-22-13-5-2-6-14-22/h1,3-4,7-12,20H,2,5-6,13-16H2",FLNXBVJLPJNOSI-UHFFFAOYSA-N,FLNXBVJLPJNOSI,Clc1ccc(C(OCCN2CCCCC2)c2ccccc2)cc1,P10635_WT,P10635_WT,P10635_WT,P10635_WT,,,,inactive
Methazolamide,inactive,CC(=O)/N=c1\sc(S(N)(=O)=O)nn1C,spectrum,CC(=O)/N=c1\sc(S(N)(=O)=O)nn1C,"InChI=1S/C5H8N4O3S2/c1-3(10)7-4-9(2)8-5(13-4)14(6,11)12/h1-2H3,(H2,6,11,12)/b7-4-",FLOSMHQXBMRNHR-DAXSKMNVSA-N,FLOSMHQXBMRNHR,CC(=O)/N=c1\sc(S(N)(=O)=O)nn1C,O43570_WT;P00915_WT;P00918_WT;P07451_WT;P23280_WT;P35218_WT;P43166_WT;Q8N1Q1_WT;Q9D6N1_WT;Q9ULX7_WT;Q9Y2D0_WT;Q99N23_WT;Q16790_WT,O43570_WT;P00915_WT;P00918_WT;P07451_WT;P23280_WT;P35218_WT;P43166_WT;Q8N1Q1_WT;Q9D6N1_WT;Q9ULX7_WT;Q9Y2D0_WT;Q99N23_WT;Q16790_WT,O43570_WT;P00915_WT;P00918_WT;P07451_WT;P23280_WT;P35218_WT;P43166_WT;Q8N1Q1_WT;Q9D6N1_WT;Q9ULX7_WT;Q9Y2D0_WT;Q99N23_WT;Q16790_WT,O43570_WT;P00918_WT;P07451_WT;P23280_WT;P43166_WT;Q8N1Q1_WT;Q9D6N1_WT;Q16790_WT,O43570_WT;P07451_WT;P43166_WT;Q16790_WT,P07451_WT;P43166_WT;Q16790_WT,,inactive
Quinaprilat,inactive,C[C@H](N[C@@H](CCc1ccccc1)C(=O)O)C(=O)N1Cc2c(cccc2)C[C@H]1C(=O)O,spectrum,CC(NC(CCc1ccccc1)C(=O)O)C(=O)N1Cc2ccccc2CC1C(=O)O,"InChI=1S/C23H26N2O5/c1-15(24-19(22(27)28)12-11-16-7-3-2-4-8-16)21(26)25-14-18-10-6-5-9-17(18)13-20(25)23(29)30/h2-10,15,19-20,24H,11-14H2,1H3,(H,27,28)(H,29,30)",FLSLEGPOVLMJMN-UHFFFAOYSA-N,FLSLEGPOVLMJMN,CC(NC(CCc1ccccc1)C(=O)O)C(=O)N1Cc2ccccc2CC1C(=O)O,P12821_WT,P12821_WT,P12821_WT,P12821_WT,,,,inactive
Isoosajin,inactive,CC1(C)C=Cc2c(O1)c1c(OC(C)(C)CC1)c1c2occ(-c2ccc(O)cc2)c1=O,spectrum,CC1(C)C=Cc2c(c3c(c4c(=O)c(-c5ccc(O)cc5)coc24)OC(C)(C)CC3)O1,"InChI=1S/C25H24O5/c1-24(2)11-9-16-21(29-24)17-10-12-25(3,4)30-23(17)19-20(27)18(13-28-22(16)19)14-5-7-15(26)8-6-14/h5-9,11,13,26H,10,12H2,1-4H3",FMCWKGDGAHVFMC-UHFFFAOYSA-N,FMCWKGDGAHVFMC,CC1(C)C=Cc2c(c3c(c4c(=O)c(-c5ccc(O)cc5)coc24)OC(C)(C)CC3)O1,,,,,,,,inactive
Dehydroepiandrosterone,inactive,C[C@]12CCC3C(CC=C4C[C@@H](O)CC[C@@]43C)C1CCC2=O,spectrum,C[C@]12CC[C@H](O)CC1=CCC1C2CC[C@]2(C)C(=O)CCC12,"InChI=1S/C19H28O2/c1-18-9-7-13(20)11-12(18)3-4-14-15-5-6-17(21)19(15,2)10-8-16(14)18/h3,13-16,20H,4-11H2,1-2H3/t13-,14?,15?,16?,18-,19-/m0/s1",FMGSKLZLMKYGDP-INNQQZFDSA-N,FMGSKLZLMKYGDP,C[C@]12CC[C@H](O)CC1=CCC1C2CC[C@]2(C)C(=O)CCC12,P03372_WT;P04278_WT,P03372_WT;P04278_WT,P04278_WT,P04278_WT,,,,inactive
Trioxsalen,inactive,Cc1cc2cc3c(oc(=O)cc3C)c(C)c2o1,spectrum,Cc1cc2cc3c(C)cc(=O)oc3c(C)c2o1,"InChI=1S/C14H12O3/c1-7-4-12(15)17-14-9(3)13-10(6-11(7)14)5-8(2)16-13/h4-6H,1-3H3",FMHHVULEAZTJMA-UHFFFAOYSA-N,FMHHVULEAZTJMA,Cc1cc2cc3c(C)cc(=O)oc3c(C)c2o1,P21397_WT;P29274_WT,,,,,,,inactive
Octocrylene,inactive,CCCC[C@@H](CC)COC(=O)C(C#N)=C(c1ccccc1)c1ccccc1,spectrum,CCCC[C@@H](CC)COC(=O)C(C#N)=C(c1ccccc1)c1ccccc1,"InChI=1S/C24H27NO2/c1-3-5-12-19(4-2)18-27-24(26)22(17-25)23(20-13-8-6-9-14-20)21-15-10-7-11-16-21/h6-11,13-16,19H,3-5,12,18H2,1-2H3/t19-/m1/s1",FMJSMJQBSVNSBF-LJQANCHMSA-N,FMJSMJQBSVNSBF,CCCC[C@@H](CC)COC(=O)C(C#N)=C(c1ccccc1)c1ccccc1,,,,,,,,inactive
Cefalonium,inactive,NC(=O)c1cc[n+](CC2=C(C(=O)[O-])N3C(=O)[C@@H](NC(=O)Cc4cccs4)[C@H]3SC2)cc1,spectrum,NC(=O)c1cc[n+](CC2=C(C(=O)O)N3C(=O)C(NC(=O)Cc4cccs4)[C@H]3SC2)cc1,"InChI=1S/C20H18N4O5S2/c21-17(26)11-3-5-23(6-4-11)9-12-10-31-19-15(18(27)24(19)16(12)20(28)29)22-14(25)8-13-2-1-7-30-13/h1-7,15,19H,8-10H2,(H3-,21,22,25,26,28,29)/p+1/t15?,19-/m1/s1",FMZXNVLFJHCSAF-XCWJXAQQSA-O,FMZXNVLFJHCSAF,NC(=O)c1cc[n+](CC2=C(C(=O)O)N3C(=O)C(NC(=O)Cc4cccs4)[C@H]3SC2)cc1,,,,,,,,inactive
Regorafenib,antineoplastic,C1=NC(=CC(=C1)OC2=CC(=C(C=C2)NC(NC3=CC=C(C(=C3)C(F)(F)F)Cl)=O)F)C(=O)NC,selleckchem,CNC(=O)c1cc(Oc2ccc(NC(=O)Nc3ccc(Cl)c(C(F)(F)F)c3)c(F)c2)ccn1,"InChI=1S/C21H15ClF4N4O3/c1-27-19(31)18-10-13(6-7-28-18)33-12-3-5-17(16(23)9-12)30-20(32)29-11-2-4-15(22)14(8-11)21(24,25)26/h2-10H,1H3,(H,27,31)(H2,29,30,32)",FNHKPVJBJVTLMP-UHFFFAOYSA-N,FNHKPVJBJVTLMP,CNC(=O)c1cc(Oc2ccc(NC(=O)Nc3ccc(Cl)c(C(F)(F)F)c3)c(F)c2)ccn1,O15357_WT;O43353_WT;P00519_WT;P04049_WT;P07949_WT;P09619_WT;P10721_WT;P11274_WT;P11362_WT;P15056_WT;P17948_WT;P21709_WT;P29317_WT;P34913_WT;P35917_WT;P35918_WT;P35968_WT;P36888_WT;P49137_WT;P53667_WT;Q9NYL2_WT;Q9Y572_WT;Q00537_WT;Q02763_WT;Q08345_WT;Q13233_WT;Q16539_WT;Q16832_WT,P04049_WT;P07949_WT;P09619_WT;P10721_WT;P11362_WT;P17948_WT;P21709_WT;P34913_WT;P35917_WT;P35918_WT;P35968_WT;Q9NYL2_WT;Q02763_WT,P04049_WT;P09619_WT;P11362_WT;P17948_WT;P21709_WT;P34913_WT;P35917_WT;P35918_WT;P35968_WT;Q02763_WT,P04049_WT;P09619_WT;P11362_WT;P17948_WT;P21709_WT;P34913_WT;P35917_WT;P35918_WT;P35968_WT;Q02763_WT,P04049_WT;P09619_WT;P11362_WT;P17948_WT;P21709_WT;P34913_WT;P35917_WT;P35918_WT;P35968_WT;Q02763_WT,P04049_WT;P09619_WT;P11362_WT;P34913_WT;P35917_WT;P35918_WT;Q02763_WT,P34913_WT,antineoplastic
Meticrane,inactive,Cc1cc2c(cc1S(N)(=O)=O)S(=O)(=O)CCC2,spectrum,Cc1cc2c(cc1S(N)(=O)=O)S(=O)(=O)CCC2,"InChI=1S/C10H13NO4S2/c1-7-5-8-3-2-4-16(12,13)10(8)6-9(7)17(11,14)15/h5-6H,2-4H2,1H3,(H2,11,14,15)",FNQQBFNIYODEMB-UHFFFAOYSA-N,FNQQBFNIYODEMB,Cc1cc2c(cc1S(N)(=O)=O)S(=O)(=O)CCC2,,,,,,,,inactive
Triamterene,inactive,Nc1nc(N)c2nc(-c3ccccc3)c(N)nc2n1,spectrum,Nc1nc(N)c2nc(-c3ccccc3)c(N)nc2n1,"InChI=1S/C12H11N7/c13-9-7(6-4-2-1-3-5-6)16-8-10(14)18-12(15)19-11(8)17-9/h1-5H,(H6,13,14,15,17,18,19)",FNYLWPVRPXGIIP-UHFFFAOYSA-N,FNYLWPVRPXGIIP,Nc1nc(N)c2nc(-c3ccccc3)c(N)nc2n1,P28482_WT,P28482_WT,P28482_WT,P28482_WT,,,,inactive
Amuvatinib,inactive,C1=CC=C2C(=C1)C3=C(O2)C(=NC=N3)N4CCN(CC4)C(=S)NCC5=CC=C6C(=C5)OCO6,selleckchem,S=C(NCc1ccc2c(c1)OCO2)N1CCN(c2ncnc3c2oc2ccccc23)CC1,"InChI=1S/C23H21N5O3S/c32-23(24-12-15-5-6-18-19(11-15)30-14-29-18)28-9-7-27(8-10-28)22-21-20(25-13-26-22)16-3-1-2-4-17(16)31-21/h1-6,11,13H,7-10,12,14H2,(H,24,32)",FOFDIMHVKGYHRU-UHFFFAOYSA-N,FOFDIMHVKGYHRU,S=C(NCc1ccc2c(c1)OCO2)N1CCN(c2ncnc3c2oc2ccccc23)CC1,P10721_WT;P16152_WT;Q96C36_WT,P16152_WT;Q96C36_WT,P16152_WT;Q96C36_WT,P16152_WT;Q96C36_WT,P16152_WT;Q96C36_WT,P16152_WT;Q96C36_WT,,inactive
Ketanserin tartrate,inactive,O=C(c1ccc(F)cc1)C1CCN(CCn2c(=O)[nH]c3c(cccc3)c2=O)CC1,spectrum,O=C(c1ccc(F)cc1)C1CCN(CCn2c(=O)[nH]c3ccccc3c2=O)CC1,"InChI=1S/C22H22FN3O3/c23-17-7-5-15(6-8-17)20(27)16-9-11-25(12-10-16)13-14-26-21(28)18-3-1-2-4-19(18)24-22(26)29/h1-8,16H,9-14H2,(H,24,29)",FPCCSQOGAWCVBH-UHFFFAOYSA-N,FPCCSQOGAWCVBH,O=C(c1ccc(F)cc1)C1CCN(CCn2c(=O)[nH]c3ccccc3c2=O)CC1,P08908_WT;P08909_WT;P14416_WT;P14842_WT;P21917_WT;P28221_WT;P28223_WT;P28335_WT;P28482_WT;P35367_WT;P41595_WT;P61169_WT;Q8BRU6_WT;Q05940_WT;Q12809_WT;Q99720_WT,P08909_WT;P14416_WT;P14842_WT;P21917_WT;P28221_WT;P28223_WT;P28335_WT;P28482_WT;P35367_WT;P41595_WT;Q8BRU6_WT;Q05940_WT;Q99720_WT,P08909_WT;P14842_WT;P21917_WT;P28223_WT;P28335_WT;P28482_WT;P35367_WT;Q99720_WT,P14842_WT;P21917_WT;P28223_WT;P28335_WT;P28482_WT;P35367_WT;Q99720_WT,P14842_WT;P21917_WT;P28223_WT;P28335_WT;P35367_WT;Q99720_WT,P14842_WT;P28223_WT;P28335_WT;P35367_WT;Q99720_WT,,inactive
Way-600,reducer,C12=C(C=CC(=C1)C3=NC4=C(C(=N3)N5CCOCC5)C=NN4C6CCN(CC6)CC7=CC=CN=C7)NC=C2,selleckchem,c1cncc(CN2CCC(n3ncc4c(N5CCOCC5)nc(-c5ccc6[nH]ccc6c5)nc43)CC2)c1,"InChI=1S/C28H30N8O/c1-2-20(17-29-8-1)19-34-10-6-23(7-11-34)36-28-24(18-31-36)27(35-12-14-37-15-13-35)32-26(33-28)22-3-4-25-21(16-22)5-9-30-25/h1-5,8-9,16-18,23,30H,6-7,10-15,19H2",FPEIJQLXFHKLJV-UHFFFAOYSA-N,FPEIJQLXFHKLJV,c1cncc(CN2CCC(n3ncc4c(N5CCOCC5)nc(-c5ccc6[nH]ccc6c5)nc43)CC2)c1,P42345_WT,P42345_WT,P42345_WT,P42345_WT,P42345_WT,,,reducer
Retinol,enhancer,CC1=C(/C=C/C(C)=C/C=C/C(C)=C/CO)C(C)(C)CCC1,spectrum,CC1=C(/C=C/C(C)=C/C=C/C(C)=C/CO)C(C)(C)CCC1,"InChI=1S/C20H30O/c1-16(8-6-9-17(2)13-15-21)11-12-19-18(3)10-7-14-20(19,4)5/h6,8-9,11-13,21H,7,10,14-15H2,1-5H3/b9-6+,12-11+,16-8+,17-13+",FPIPGXGPPPQFEQ-OVSJKPMPSA-N,FPIPGXGPPPQFEQ,CC1=C(/C=C/C(C)=C/C=C/C(C)=C/CO)C(C)(C)CCC1,P02753_WT;P03372_WT;P05067_WT;P28482_WT;P37840_WT,P02753_WT;P05067_WT;P28482_WT;P37840_WT,P28482_WT,,,,,enhancer
Carbenicillin disodium,inactive,CC1(C)S[C@@H]2[C@H](NC(=O)C(C(=O)O)c3ccccc3)C(=O)N2[C@H]1C(=O)O,spectrum,CC1(C)S[C@@H]2C(NC(=O)C(C(=O)O)c3ccccc3)C(=O)N2C1C(=O)O,"InChI=1S/C17H18N2O6S/c1-17(2)11(16(24)25)19-13(21)10(14(19)26-17)18-12(20)9(15(22)23)8-6-4-3-5-7-8/h3-7,9-11,14H,1-2H3,(H,18,20)(H,22,23)(H,24,25)/t9?,10?,11?,14-/m1/s1",FPPNZSSZRUTDAP-FOQMGDCRSA-N,FPPNZSSZRUTDAP,CC1(C)S[C@@H]2C(NC(=O)C(C(=O)O)c3ccccc3)C(=O)N2C1C(=O)O,,,,,,,,inactive
Mebhydrolin naphthalenesulfonate,inactive,CN1CCc2c(C1)c1c(cccc1)n2Cc1ccccc1,spectrum,CN1CCc2c(c3ccccc3n2Cc2ccccc2)C1,"InChI=1S/C19H20N2/c1-20-12-11-19-17(14-20)16-9-5-6-10-18(16)21(19)13-15-7-3-2-4-8-15/h2-10H,11-14H2,1H3",FQQIIPAOSKSOJM-UHFFFAOYSA-N,FQQIIPAOSKSOJM,CN1CCc2c(c3ccccc3n2Cc2ccccc2)C1,,,,,,,,inactive
Nerolidol,inactive,C=CC(C)(O)CC/C=C(\C)CCC=C(C)C,spectrum,C=CC(C)(O)CC/C=C(\C)CCC=C(C)C,"InChI=1S/C15H26O/c1-6-15(5,16)12-8-11-14(4)10-7-9-13(2)3/h6,9,11,16H,1,7-8,10,12H2,2-5H3/b14-11+",FQTLCLSUCSAZDY-SDNWHVSQSA-N,FQTLCLSUCSAZDY,C=CC(C)(O)CC/C=C(\C)CCC=C(C)C,,,,,,,,inactive
Estramustine,inactive,C[C@]12CCC3c4c(cc(OC(=O)N(CCCl)CCCl)cc4)CCC3C1CC[C@@H]2O,spectrum,C[C@]12CCC3c4ccc(OC(=O)N(CCCl)CCCl)cc4CCC3C1CC[C@@H]2O,"InChI=1S/C23H31Cl2NO3/c1-23-9-8-18-17-5-3-16(29-22(28)26(12-10-24)13-11-25)14-15(17)2-4-19(18)20(23)6-7-21(23)27/h3,5,14,18-21,27H,2,4,6-13H2,1H3/t18?,19?,20?,21-,23-/m0/s1",FRPJXPJMRWBBIH-ZZSVNSIZSA-N,FRPJXPJMRWBBIH,C[C@]12CCC3c4ccc(OC(=O)N(CCCl)CCCl)cc4CCC3C1CC[C@@H]2O,P03372_WT,P03372_WT,P03372_WT,P03372_WT,P03372_WT,,,inactive
Tolperisone hydrochloride,inactive,Cc1ccc(C(=O)C(C)CN2CCCCC2)cc1,spectrum,Cc1ccc(C(=O)C(C)CN2CCCCC2)cc1,"InChI=1S/C16H23NO/c1-13-6-8-15(9-7-13)16(18)14(2)12-17-10-4-3-5-11-17/h6-9,14H,3-5,10-12H2,1-2H3",FSKFPVLPFLJRQB-UHFFFAOYSA-N,FSKFPVLPFLJRQB,Cc1ccc(C(=O)C(C)CN2CCCCC2)cc1,P18089_WT;Q99720_WT,Q99720_WT,Q99720_WT,Q99720_WT,Q99720_WT,,,inactive
Acemetacin,inactive,COc1cc2c(cc1)n(C(=O)c1ccc(Cl)cc1)c(C)c2CC(=O)OCC(=O)O,spectrum,COc1ccc2c(c1)c(CC(=O)OCC(=O)O)c(C)n2C(=O)c1ccc(Cl)cc1,"InChI=1S/C21H18ClNO6/c1-12-16(10-20(26)29-11-19(24)25)17-9-15(28-2)7-8-18(17)23(12)21(27)13-3-5-14(22)6-4-13/h3-9H,10-11H2,1-2H3,(H,24,25)",FSQKKOOTNAMONP-UHFFFAOYSA-N,FSQKKOOTNAMONP,COc1ccc2c(c1)c(CC(=O)OCC(=O)O)c(C)n2C(=O)c1ccc(Cl)cc1,,,,,,,,inactive
Praziquantel,inactive,O=C(C1CCCCC1)N1CC(=O)N2CCc3c(cccc3)C2C1,spectrum,O=C(C1CCCCC1)N1CC(=O)N2CCc3ccccc3C2C1,"InChI=1S/C19H24N2O2/c22-18-13-20(19(23)15-7-2-1-3-8-15)12-17-16-9-5-4-6-14(16)10-11-21(17)18/h4-6,9,15,17H,1-3,7-8,10-13H2",FSVJFNAIGNNGKK-UHFFFAOYSA-N,FSVJFNAIGNNGKK,O=C(C1CCCCC1)N1CC(=O)N2CCc3ccccc3C2C1,,,,,,,,inactive
Oxethazaine,inactive,CN(C(=O)CN(CCO)CC(=O)N(C)C(C)(C)Cc1ccccc1)C(C)(C)Cc1ccccc1,spectrum,CN(C(=O)CN(CCO)CC(=O)N(C)C(C)(C)Cc1ccccc1)C(C)(C)Cc1ccccc1,"InChI=1S/C28H41N3O3/c1-27(2,19-23-13-9-7-10-14-23)29(5)25(33)21-31(17-18-32)22-26(34)30(6)28(3,4)20-24-15-11-8-12-16-24/h7-16,32H,17-22H2,1-6H3",FTLDJPRFCGDUFH-UHFFFAOYSA-N,FTLDJPRFCGDUFH,CN(C(=O)CN(CCO)CC(=O)N(C)C(C)(C)Cc1ccccc1)C(C)(C)Cc1ccccc1,,,,,,,,inactive
Azadirachtin,inactive,C/C=C(\C)C(=O)O[C@H]1C[C@@H](OC(C)=O)[C@@]2(C(=O)OC)CO[C@@H]3C2[C@]12CO[C@](O)(C(=O)OC)[C@H]2[C@](C)(C12O[C@@]1(C)[C@H]1C[C@@H]2OC2OC=C[C@@]21O)[C@@H]3O,spectrum,C/C=C(\C)C(=O)O[C@H]1C[C@@H](OC(C)=O)[C@@]2(C(=O)OC)CO[C@@H]3C2[C@]12CO[C@](O)(C(=O)OC)[C@H]2[C@](C)(C12O[C@@]1(C)[C@H]1C[C@@H]2OC2OC=C[C@@]21O)[C@@H]3O,"InChI=1S/C35H44O16/c1-8-15(2)24(38)49-18-12-19(48-16(3)36)32(26(39)43-6)13-46-21-22(32)31(18)14-47-34(42,27(40)44-7)25(31)29(4,23(21)37)35-20-11-17(30(35,5)51-35)33(41)9-10-45-28(33)50-20/h8-10,17-23,25,28,37,41-42H,11-14H2,1-7H3/b15-8+/t17-,18+,19-,20+,21-,22?,23-,25+,28?,29-,30+,31+,32+,33+,34+,35?/m1/s1",FTNJWQUOZFUQQJ-APTPXFPHSA-N,FTNJWQUOZFUQQJ,C/C=C(\C)C(=O)O[C@H]1C[C@@H](OC(C)=O)[C@@]2(C(=O)OC)CO[C@@H]3C2[C@]12CO[C@](O)(C(=O)OC)[C@H]2[C@](C)(C12O[C@@]1(C)[C@H]1C[C@@H]2OC2OC=C[C@@]21O)[C@@H]3O,,,,,,,,inactive
Naringenin,inactive,O=C1C[C@@H](c2ccc(O)cc2)Oc2c1c(O)cc(O)c2,spectrum,O=C1C[C@@H](c2ccc(O)cc2)Oc2cc(O)cc(O)c21,"InChI=1S/C15H12O5/c16-9-3-1-8(2-4-9)13-7-12(19)15-11(18)5-10(17)6-14(15)20-13/h1-6,13,16-18H,7H2/t13-/m0/s1",FTVWIRXFELQLPI-ZDUSSCGKSA-N,FTVWIRXFELQLPI,O=C1C[C@@H](c2ccc(O)cc2)Oc2cc(O)cc(O)c21,O43570_WT;P22748_WT;P27487_WT;P43166_WT,O43570_WT;P22748_WT;P27487_WT;P43166_WT,O43570_WT;P22748_WT;P43166_WT,P43166_WT,P43166_WT,,,inactive
Firocoxib,inactive,CC1(C)OC(=O)C(OCC2CC2)=C1c1ccc(S(C)(=O)=O)cc1,spectrum,CC1(C)OC(=O)C(OCC2CC2)=C1c1ccc(S(C)(=O)=O)cc1,"InChI=1S/C17H20O5S/c1-17(2)14(12-6-8-13(9-7-12)23(3,19)20)15(16(18)22-17)21-10-11-4-5-11/h6-9,11H,4-5,10H2,1-3H3",FULAPETWGIGNMT-UHFFFAOYSA-N,FULAPETWGIGNMT,CC1(C)OC(=O)C(OCC2CC2)=C1c1ccc(S(C)(=O)=O)cc1,P35354_WT,P35354_WT,,,,,,inactive
beta-CARYOPHYLLENE ALCOHOL,inactive,CC12CCCC(O)(C1)C1CC(C)(C)C1CC2,spectrum,CC12CCCC(O)(C1)C1CC(C)(C)C1CC2,"InChI=1S/C15H26O/c1-13(2)9-12-11(13)5-8-14(3)6-4-7-15(12,16)10-14/h11-12,16H,4-10H2,1-3H3",FUQAYSQLAOJBBC-UHFFFAOYSA-N,FUQAYSQLAOJBBC,CC12CCCC(O)(C1)C1CC(C)(C)C1CC2,,,,,,,,inactive
2'.5'-dihydroxy-4-methoxychalcone,inactive,COc1ccc(/C=C/C(=O)c2c(O)ccc(O)c2)cc1,spectrum,COc1ccc(C=CC(=O)c2cc(O)ccc2O)cc1,"InChI=1S/C16H14O4/c1-20-13-6-2-11(3-7-13)4-8-15(18)14-10-12(17)5-9-16(14)19/h2-10,17,19H,1H3",FUQGIYDZGLORRC-UHFFFAOYSA-N,FUQGIYDZGLORRC,COc1ccc(C=CC(=O)c2cc(O)ccc2O)cc1,,,,,,,,inactive
Tolnaftate,inactive,Cc1cccc(N(C)C(=S)Oc2ccc3ccccc3c2)c1,spectrum,Cc1cccc(N(C)C(=S)Oc2ccc3ccccc3c2)c1,"InChI=1S/C19H17NOS/c1-14-6-5-9-17(12-14)20(2)19(22)21-18-11-10-15-7-3-4-8-16(15)13-18/h3-13H,1-2H3",FUSNMLFNXJSCDI-UHFFFAOYSA-N,FUSNMLFNXJSCDI,Cc1cccc(N(C)C(=S)Oc2ccc3ccccc3c2)c1,P33261_WT,P33261_WT,,,,,,inactive
Semustine,inactive,CC1CCC(NC(=O)N(CCCl)N=O)CC1,spectrum,CC1CCC(NC(=O)N(CCCl)N=O)CC1,"InChI=1S/C10H18ClN3O2/c1-8-2-4-9(5-3-8)12-10(15)14(13-16)7-6-11/h8-9H,2-7H2,1H3,(H,12,15)",FVLVBPDQNARYJU-UHFFFAOYSA-N,FVLVBPDQNARYJU,CC1CCC(NC(=O)N(CCCl)N=O)CC1,,,,,,,,inactive
Fenspiride hydrochloride,inactive,O=C1NCC2(CCN(CCc3ccccc3)CC2)O1,spectrum,O=C1NCC2(CCN(CCc3ccccc3)CC2)O1,"InChI=1S/C15H20N2O2/c18-14-16-12-15(19-14)7-10-17(11-8-15)9-6-13-4-2-1-3-5-13/h1-5H,6-12H2,(H,16,18)",FVNFBBAOMBJTST-UHFFFAOYSA-N,FVNFBBAOMBJTST,O=C1NCC2(CCN(CCc3ccccc3)CC2)O1,,,,,,,,inactive
Riboflavin 5-phosphate sodium,inactive,Cc1cc2c(cc1C)n(C[C@@H](O)[C@@H](O)[C@@H](O)COP(=O)(O)O)c1nc(=O)[nH]c(=O)c-1n2,spectrum,Cc1cc2nc3c(=O)[nH]c(=O)nc-3n(C[C@@H](O)[C@@H](O)[C@@H](O)COP(=O)(O)O)c2cc1C,"InChI=1S/C17H21N4O9P/c1-7-3-9-10(4-8(7)2)21(15-13(18-9)16(25)20-17(26)19-15)5-11(22)14(24)12(23)6-30-31(27,28)29/h3-4,11-12,14,22-24H,5-6H2,1-2H3,(H,20,25,26)(H2,27,28,29)/t11-,12+,14-/m1/s1",FVTCRASFADXXNN-MBNYWOFBSA-N,FVTCRASFADXXNN,Cc1cc2nc3c(=O)[nH]c(=O)nc-3n(C[C@@H](O)[C@@H](O)[C@@H](O)COP(=O)(O)O)c2cc1C,Q16762_WT,,,,,,,inactive
Betulin,inactive,C=C(C)[C@@H]1CC[C@]2(CO)CC[C@]3(C)[C@H](CCC4[C@@]5(C)CC[C@H](O)C(C)(C)C5CC[C@]43C)C12,spectrum,C=C(C)[C@@H]1CC[C@]2(CO)CC[C@]3(C)[C@H](CCC4[C@@]5(C)CC[C@H](O)C(C)(C)C5CC[C@]43C)C12,"InChI=1S/C30H50O2/c1-19(2)20-10-15-30(18-31)17-16-28(6)21(25(20)30)8-9-23-27(5)13-12-24(32)26(3,4)22(27)11-14-29(23,28)7/h20-25,31-32H,1,8-18H2,2-7H3/t20-,21+,22?,23?,24-,25?,27-,28+,29+,30+/m0/s1",FVWJYYTZTCVBKE-UFGVEXIASA-N,FVWJYYTZTCVBKE,C=C(C)[C@@H]1CC[C@]2(CO)CC[C@]3(C)[C@H](CCC4[C@@]5(C)CC[C@H](O)C(C)(C)C5CC[C@]43C)C12,,,,,,,,inactive
Baicalein,inactive,O=c1cc(-c2ccccc2)oc2cc(O)c(O)c(O)c12,spectrum,O=c1cc(-c2ccccc2)oc2cc(O)c(O)c(O)c12,"InChI=1S/C15H10O5/c16-9-6-11(8-4-2-1-3-5-8)20-12-7-10(17)14(18)15(19)13(9)12/h1-7,17-19H",FXNFHKRTJBSTCS-UHFFFAOYSA-N,FXNFHKRTJBSTCS,O=c1cc(-c2ccccc2)oc2cc(O)c(O)c(O)c12,O75604_WT;P04637_WT;P05177_WT;P27695_WT;Q8K4F2_WT;Q02759_WT;Q16678_WT,Q8K4F2_WT;Q02759_WT;Q16678_WT,Q02759_WT,Q02759_WT,,,,inactive
Rosolic acid,inactive,O=C1C=CC(=C(c2ccc(O)cc2)c2ccc(O)cc2)C=C1,spectrum,O=C1C=CC(=C(c2ccc(O)cc2)c2ccc(O)cc2)C=C1,"InChI=1S/C19H14O3/c20-16-7-1-13(2-8-16)19(14-3-9-17(21)10-4-14)15-5-11-18(22)12-6-15/h1-12,20-21H",FYEHYMARPSSOBO-UHFFFAOYSA-N,FYEHYMARPSSOBO,O=C1C=CC(=C(c2ccc(O)cc2)c2ccc(O)cc2)C=C1,,,,,,,,inactive
Probucol,inactive,CC(C)(Sc1cc(C(C)(C)C)c(O)c(C(C)(C)C)c1)Sc1cc(C(C)(C)C)c(O)c(C(C)(C)C)c1,spectrum,CC(C)(Sc1cc(C(C)(C)C)c(O)c(C(C)(C)C)c1)Sc1cc(C(C)(C)C)c(O)c(C(C)(C)C)c1,"InChI=1S/C31H48O2S2/c1-27(2,3)21-15-19(16-22(25(21)32)28(4,5)6)34-31(13,14)35-20-17-23(29(7,8)9)26(33)24(18-20)30(10,11)12/h15-18,32-33H,1-14H3",FYPMFJGVHOHGLL-UHFFFAOYSA-N,FYPMFJGVHOHGLL,CC(C)(Sc1cc(C(C)(C)C)c(O)c(C(C)(C)C)c1)Sc1cc(C(C)(C)C)c(O)c(C(C)(C)C)c1,P05981_WT,,,,,,,inactive
Vx-702,inactive,C1=CC(=C(C(=C1)F)N(C2=NC(=C(C=C2)C(N)=O)C3=C(C=C(C=C3)F)F)C(=O)N)F,selleckchem,NC(=O)c1ccc(N(C(N)=O)c2c(F)cccc2F)nc1-c1ccc(F)cc1F,"InChI=1S/C19H12F4N4O2/c20-9-4-5-10(14(23)8-9)16-11(18(24)28)6-7-15(26-16)27(19(25)29)17-12(21)2-1-3-13(17)22/h1-8H,(H2,24,28)(H2,25,29)",FYSRKRZDBHOFAY-UHFFFAOYSA-N,FYSRKRZDBHOFAY,NC(=O)c1ccc(N(C(N)=O)c2c(F)cccc2F)nc1-c1ccc(F)cc1F,P49137_WT;P53779_WT;Q9UBE8_WT;Q9UM73_WT;Q13705_WT;Q15746_WT;Q15759_WT;Q16539_WT,P49137_WT;Q9UBE8_WT;Q9UM73_WT;Q13705_WT;Q15746_WT;Q15759_WT;Q16539_WT,P49137_WT;Q9UM73_WT;Q13705_WT;Q15746_WT;Q15759_WT;Q16539_WT,P49137_WT;Q9UM73_WT;Q15746_WT;Q15759_WT;Q16539_WT,P49137_WT;Q9UM73_WT;Q15746_WT;Q15759_WT;Q16539_WT,P49137_WT;Q9UM73_WT;Q15746_WT,P49137_WT,inactive
Enalapril maleate,inactive,CCOC(=O)[C@H](CCc1ccccc1)N[C@@H](C)C(=O)N1CCC[C@H]1C(=O)O,spectrum,CCOC(=O)C(CCc1ccccc1)NC(C)C(=O)N1CCCC1C(=O)O,"InChI=1S/C20H28N2O5/c1-3-27-20(26)16(12-11-15-8-5-4-6-9-15)21-14(2)18(23)22-13-7-10-17(22)19(24)25/h4-6,8-9,14,16-17,21H,3,7,10-13H2,1-2H3,(H,24,25)",GBXSMTUPTTWBMN-UHFFFAOYSA-N,GBXSMTUPTTWBMN,CCOC(=O)C(CCc1ccccc1)NC(C)C(=O)N1CCCC1C(=O)O,P12821_WT;P25094_WT;P47820_WT,P25094_WT;P47820_WT,P25094_WT,P25094_WT,,,,inactive
Cefoperazone,inactive,CCN1CCN(C(=O)NC(C(=O)NC2C(=O)N3C(C(=O)O)=C(CSc4nnnn4C)CSC23)c2ccc(O)cc2)C(=O)C1=O,spectrum,CCN1CCN(C(=O)NC(C(=O)NC2C(=O)N3C(C(=O)O)=C(CSc4nnnn4C)CSC23)c2ccc(O)cc2)C(=O)C1=O,"InChI=1S/C25H27N9O8S2/c1-3-32-8-9-33(21(39)20(32)38)24(42)27-15(12-4-6-14(35)7-5-12)18(36)26-16-19(37)34-17(23(40)41)13(10-43-22(16)34)11-44-25-28-29-30-31(25)2/h4-7,15-16,22,35H,3,8-11H2,1-2H3,(H,26,36)(H,27,42)(H,40,41)",GCFBRXLSHGKWDP-UHFFFAOYSA-N,GCFBRXLSHGKWDP,CCN1CCN(C(=O)NC(C(=O)NC2C(=O)N3C(C(=O)O)=C(CSc4nnnn4C)CSC23)c2ccc(O)cc2)C(=O)C1=O,Q4U2R8_WT;Q9NUW8_WT,Q4U2R8_WT,,,,,,inactive
Vx-680,inactive,C1(=CC(=NC(=N1)SC2=CC=C(C=C2)NC(=O)C3CC3)N4CCN(CC4)C)NC5C=C(NN=5)C,selleckchem,Cc1cc(Nc2cc(N3CCN(C)CC3)nc(Sc3ccc(NC(=O)C4CC4)cc3)n2)[nH]n1,"InChI=1S/C23H28N8OS/c1-15-13-20(29-28-15)25-19-14-21(31-11-9-30(2)10-12-31)27-23(26-19)33-18-7-5-17(6-8-18)24-22(32)16-3-4-16/h5-8,13-14,16H,3-4,9-12H2,1-2H3,(H,24,32)(H2,25,26,27,28,29)",GCIKSSRWRFVXBI-UHFFFAOYSA-N,GCIKSSRWRFVXBI,Cc1cc(Nc2cc(N3CCN(C)CC3)nc(Sc3ccc(NC(=O)C4CC4)cc3)n2)[nH]n1,O00444_WT;O14730_WT;O14965_WT;O15146_WT;O15197_WT;O15357_WT;O43283_WT;O60285_WT;O60674_WT;O75716_WT;O94804_WT;P0C264_WT;P00519_E255K;P00519_F317L;P00519_F359V;P00519_H396P;P00519_M351T;P00519_Q252H;P00519_T315I;P00519_T315N;P00519_WT;P00519_Y253F;P04629_WT;P06213_WT;P06239_WT;P07947_WT;P07948_WT;P07949_M918T;P07949_V804L;P07949_V804M;P07949_WT;P08069_WT;P08581_M1250T;P08581_WT;P08581_Y1235D;P08922_WT;P09619_WT;P09769_WT;P10721_A829P;P10721_D816V;P10721_L576P;P10721_N822K;P10721_V559D;P10721_V559D_T670I;P10721_WT;P11274_WT;P11362_WT;P12931_WT;P14616_WT;P17948_WT;P19784_WT;P21127_WT;P21802_WT;P22607_G697C;P22607_WT;P29317_WT;P29322_WT;P30530_WT;P32298_WT;P35590_WT;P36888_D835H;P36888_D835Y;P36888_K663Q;P36888_N841I;P36888_R834Q;P36888_WT;P42684_WT;P51451_WT;P52333_WT;P54646_WT;P57078_WT;P68400_WT;P78356_WT;P78362_WT;P80192_WT;P80370_WT;Q2M2I8_WT;Q6PHR2_WT;Q6ZSR9_WT;Q7L7X3_WT;Q8IVH8_WT;Q8IVW4_WT;Q9BRS2_WT;Q9BVS4_WT;Q9H1R3_WT;Q9H2G2_WT;Q9H2K8_WT;Q9H093_WT;Q9NQS7_WT;Q9NSY1_WT;Q9NWT8_WT;Q9UHD2_WT;Q9UL54_WT;Q9UPE1_WT;Q9UQ88_WT;Q9UQB9_WT;Q9Y4K4_WT;Q32MK0_WT;Q56UN5_WT;Q96GD4_WT;Q96SB4_WT;Q00536_WT;Q02763_WT;Q08345_WT;Q08881_WT;Q12852_WT;Q13043_WT;Q13163_WT;Q13188_WT;Q13470_WT;Q13546_WT;Q14680_WT;Q16288_WT;Q16584_WT;Q16620_WT;Q16832_WT;Q92772_WT;Q92918_WT;Q99755_WT,O00444_WT;O14965_WT;O15146_WT;O15197_WT;O15357_WT;O43283_WT;O60285_WT;O60674_WT;O94804_WT;P00519_E255K;P00519_F359V;P00519_H396P;P00519_M351T;P00519_Q252H;P00519_T315I;P00519_T315N;P00519_WT;P00519_Y253F;P04629_WT;P06239_WT;P07949_M918T;P07949_V804L;P07949_V804M;P07949_WT;P09619_WT;P10721_D816V;P10721_L576P;P10721_N822K;P10721_V559D;P10721_WT;P12931_WT;P14616_WT;P17948_WT;P21127_WT;P30530_WT;P35590_WT;P36888_D835H;P36888_D835Y;P36888_K663Q;P36888_N841I;P36888_R834Q;P36888_WT;P42684_WT;P57078_WT;P78356_WT;P80370_WT;Q2M2I8_WT;Q6PHR2_WT;Q7L7X3_WT;Q8IVH8_WT;Q9BVS4_WT;Q9H1R3_WT;Q9H2G2_WT;Q9H2K8_WT;Q9NQS7_WT;Q9NSY1_WT;Q9NWT8_WT;Q9UPE1_WT;Q9UQ88_WT;Q9UQB9_WT;Q9Y4K4_WT;Q32MK0_WT;Q56UN5_WT;Q96GD4_WT;Q96SB4_WT;Q00536_WT;Q08345_WT;Q08881_WT;Q12852_WT;Q13043_WT;Q13163_WT;Q13470_WT;Q13546_WT;Q14680_WT;Q16288_WT;Q16620_WT;Q16832_WT;Q92772_WT;Q92918_WT;Q99755_WT,O00444_WT;O14965_WT;O15197_WT;P00519_E255K;P00519_F359V;P00519_H396P;P00519_M351T;P00519_Q252H;P00519_T315I;P00519_WT;P00519_Y253F;P04629_WT;P06239_WT;P07949_M918T;P07949_V804L;P07949_V804M;P07949_WT;P36888_D835H;P36888_D835Y;P36888_K663Q;P36888_N841I;P36888_WT;P42684_WT;P80370_WT;Q9H1R3_WT;Q9H2K8_WT;Q9NQS7_WT;Q9NSY1_WT;Q9NWT8_WT;Q9UQB9_WT;Q9Y4K4_WT;Q32MK0_WT;Q56UN5_WT;Q96GD4_WT;Q08345_WT;Q13470_WT;Q13546_WT;Q92772_WT;Q92918_WT,O00444_WT;O14965_WT;O15197_WT;P00519_F359V;P00519_H396P;P00519_M351T;P00519_Q252H;P00519_T315I;P00519_WT;P00519_Y253F;P07949_M918T;P07949_V804L;P07949_V804M;P07949_WT;P36888_D835H;P36888_K663Q;P36888_N841I;P36888_WT;P42684_WT;Q9NQS7_WT;Q9NWT8_WT;Q9UQB9_WT;Q32MK0_WT;Q08345_WT;Q13546_WT,O14965_WT;P00519_H396P;P00519_M351T;P00519_Q252H;P00519_T315I;P07949_V804L;P36888_K663Q;P36888_N841I;P42684_WT;Q9NWT8_WT;Q9UQB9_WT,Q9NWT8_WT,Q9NWT8_WT,inactive
Alrestatin,inactive,O=C(O)CN1C(=O)c2c3c(cccc3ccc2)C1=O,spectrum,O=C(O)CN1C(=O)c2cccc3cccc(c23)C1=O,"InChI=1S/C14H9NO4/c16-11(17)7-15-13(18)9-5-1-3-8-4-2-6-10(12(8)9)14(15)19/h1-6H,7H2,(H,16,17)",GCUCIFQCGJIRNT-UHFFFAOYSA-N,GCUCIFQCGJIRNT,O=C(O)CN1C(=O)c2cccc3cccc(c23)C1=O,,,,,,,,inactive
Diazoxide,inactive,CC1=Nc2c(cc(Cl)cc2)S(=O)(=O)N1,spectrum,CC1=NS(=O)(=O)c2cc(Cl)ccc2N1,"InChI=1S/C8H7ClN2O2S/c1-5-10-7-3-2-6(9)4-8(7)14(12,13)11-5/h2-4H,1H3,(H,10,11)",GDLBFKVLRPITMI-UHFFFAOYSA-N,GDLBFKVLRPITMI,CC1=NS(=O)(=O)c2cc(Cl)ccc2N1,,,,,,,,inactive
Clomipramine hydrochloride,inactive,CN(C)CCCN1c2c(cccc2)CCc2ccc(Cl)cc21,spectrum,CN(C)CCCN1c2ccccc2CCc2ccc(Cl)cc21,"InChI=1S/C19H23ClN2/c1-21(2)12-5-13-22-18-7-4-3-6-15(18)8-9-16-10-11-17(20)14-19(16)22/h3-4,6-7,10-11,14H,5,8-9,12-13H2,1-2H3",GDLIGKIOYRNHDA-UHFFFAOYSA-N,GDLIGKIOYRNHDA,CN(C)CCCN1c2ccccc2CCc2ccc(Cl)cc21,O55192_WT;P08172_WT;P08173_WT;P08482_WT;P08912_WT;P08913_WT;P11229_WT;P14416_WT;P15823_WT;P18089_WT;P18825_WT;P20309_WT;P21728_WT;P23975_WT;P25100_WT;P28223_WT;P28335_WT;P31390_WT;P31645_WT;P31652_WT;P35367_WT;P35462_WT;P41595_WT;P43140_WT;P50406_WT;P61169_WT;P97697_WT;Q9WTR4_WT;Q60857_WT;Q99720_WT,P08172_WT;P08173_WT;P08912_WT;P11229_WT;P14416_WT;P15823_WT;P18089_WT;P20309_WT;P23975_WT;P25100_WT;P28223_WT;P28335_WT;P31390_WT;P31645_WT;P31652_WT;P35367_WT;P35462_WT;P41595_WT;P43140_WT;P50406_WT;P61169_WT;Q60857_WT,P08173_WT;P08912_WT;P11229_WT;P15823_WT;P18089_WT;P20309_WT;P23975_WT;P28223_WT;P28335_WT;P31390_WT;P31645_WT;P31652_WT;P35367_WT;P35462_WT;P43140_WT;P61169_WT;Q60857_WT,P28335_WT;P31390_WT;P31645_WT;P35367_WT,P31390_WT;P31645_WT,P31390_WT;P31645_WT,P31390_WT;P31645_WT,inactive
Sulfapyridine,inactive,Nc1ccc(S(=O)(=O)Nc2ncccc2)cc1,spectrum,Nc1ccc(S(=O)(=O)Nc2ccccn2)cc1,"InChI=1S/C11H11N3O2S/c12-9-4-6-10(7-5-9)17(15,16)14-11-3-1-2-8-13-11/h1-8H,12H2,(H,13,14)",GECHUMIMRBOMGK-UHFFFAOYSA-N,GECHUMIMRBOMGK,Nc1ccc(S(=O)(=O)Nc2ccccn2)cc1,,,,,,,,inactive
Gambogic acid,reducer,CC(C)=CCCC1(C)C=Cc2c(O)c3c(OC45C(=CC6CC4C(C)(C)OC5(C/C=C(/C)C(=O)O)C6=O)C3=O)c(CC=C(C)C)c2O1,spectrum,CC(C)=CCCC1(C)C=Cc2c(O)c3c(c(CC=C(C)C)c2O1)OC12C(=CC4CC1C(C)(C)OC2(C/C=C(/C)C(=O)O)C4=O)C3=O,"InChI=1S/C38H44O8/c1-20(2)10-9-15-36(8)16-14-24-29(39)28-30(40)26-18-23-19-27-35(6,7)46-37(33(23)41,17-13-22(5)34(42)43)38(26,27)45-32(28)25(31(24)44-36)12-11-21(3)4/h10-11,13-14,16,18,23,27,39H,9,12,15,17,19H2,1-8H3,(H,42,43)/b22-13-",GEZHEQNLKAOMCA-XKZIYDEJSA-N,GEZHEQNLKAOMCA,CC(C)=CCCC1(C)C=Cc2c(O)c3c(c(CC=C(C)C)c2O1)OC12C(=CC4CC1C(C)(C)OC2(C/C=C(/C)C(=O)O)C4=O)C3=O,P18031_WT;Q07820_WT,,,,,,,reducer
Cct137690,reducer,C1(=CN=C2C(=C1N3CCN(CC3)CC4C=C(ON=4)C)N=C(N2)C5=CC=C(C=C5)N6CCN(CC6)C)Br,selleckchem,Cc1cc(CN2CCN(c3c(Br)cnc4[nH]c(-c5ccc(N6CCN(C)CC6)cc5)nc34)CC2)no1,"InChI=1S/C26H31BrN8O/c1-18-15-20(31-36-18)17-33-9-13-35(14-10-33)24-22(27)16-28-26-23(24)29-25(30-26)19-3-5-21(6-4-19)34-11-7-32(2)8-12-34/h3-6,15-16H,7-14,17H2,1-2H3,(H,28,29,30)",GFLQCBTXTRCREJ-UHFFFAOYSA-N,GFLQCBTXTRCREJ,Cc1cc(CN2CCN(c3c(Br)cnc4[nH]c(-c5ccc(N6CCN(C)CC6)cc5)nc34)CC2)no1,O14965_WT;P36888_WT,O14965_WT;P36888_WT,O14965_WT;P36888_WT,O14965_WT;P36888_WT,P36888_WT,P36888_WT,,reducer
Ci-1040,inactive,C1=C(C(=C(C(=C1)C(NOCC2CC2)=O)NC3=CC=C(C=C3Cl)I)F)F,selleckchem,O=C(NOCC1CC1)c1ccc(F)c(F)c1Nc1ccc(I)cc1Cl,"InChI=1S/C17H14ClF2IN2O2/c18-12-7-10(21)3-6-14(12)22-16-11(4-5-13(19)15(16)20)17(24)23-25-8-9-1-2-9/h3-7,9,22H,1-2,8H2,(H,23,24)",GFMMXOIFOQCCGU-UHFFFAOYSA-N,GFMMXOIFOQCCGU,O=C(NOCC1CC1)c1ccc(F)c(F)c1Nc1ccc(I)cc1Cl,P04049_WT;P11511_WT;P36507_WT;P68400_WT;Q02750_WT,P04049_WT;P11511_WT;Q02750_WT,P04049_WT,P04049_WT,,,,inactive
Triamcinolone,inactive,C[C@]12C[C@H](O)[C@@]3(F)C(CCC4=CC(=O)C=C[C@@]43C)C1C[C@@H](O)[C@]2(O)C(=O)CO,spectrum,C[C@]12C=CC(=O)C=C1CCC1C3C[C@@H](O)[C@](O)(C(=O)CO)[C@@]3(C)C[C@H](O)[C@@]12F,"InChI=1S/C21H27FO6/c1-18-6-5-12(24)7-11(18)3-4-13-14-8-15(25)21(28,17(27)10-23)19(14,2)9-16(26)20(13,18)22/h5-7,13-16,23,25-26,28H,3-4,8-10H2,1-2H3/t13?,14?,15-,16+,18+,19+,20+,21+/m1/s1",GFNANZIMVAIWHM-MGVPRKGPSA-N,GFNANZIMVAIWHM,C[C@]12C=CC(=O)C=C1CCC1C3C[C@@H](O)[C@](O)(C(=O)CO)[C@@]3(C)C[C@H](O)[C@@]12F,P04150_WT;P19838_WT,P04150_WT;P19838_WT,P04150_WT;P19838_WT,P19838_WT,,,,inactive
Ag-1478,inactive,C1=C2C(=CC(=C1OC)OC)C(=NC=N2)NC3=CC(=CC=C3)Cl,selleckchem,COc1cc2ncnc(Nc3cccc(Cl)c3)c2cc1OC,"InChI=1S/C16H14ClN3O2/c1-21-14-7-12-13(8-15(14)22-2)18-9-19-16(12)20-11-5-3-4-10(17)6-11/h3-9H,1-2H3,(H,18,19,20)",GFNNBHLJANVSQV-UHFFFAOYSA-N,GFNNBHLJANVSQV,COc1cc2ncnc(Nc3cccc(Cl)c3)c2cc1OC,P00533_WT;P28482_WT;Q9BUB5_WT;Q16539_WT,P00533_WT;P28482_WT,P00533_WT,P00533_WT,,,,inactive
Oxyphenonium bromide,inactive,CC[N+](C)(CC)CCOC(=O)C(O)(c1ccccc1)C1CCCCC1,spectrum,CC[N+](C)(CC)CCOC(=O)C(O)(c1ccccc1)C1CCCCC1,"InChI=1S/C21H34NO3/c1-4-22(3,5-2)16-17-25-20(23)21(24,18-12-8-6-9-13-18)19-14-10-7-11-15-19/h6,8-9,12-13,19,24H,4-5,7,10-11,14-17H2,1-3H3/q+1",GFRUPHOKLBPHTQ-UHFFFAOYSA-N,GFRUPHOKLBPHTQ,CC[N+](C)(CC)CCOC(=O)C(O)(c1ccccc1)C1CCCCC1,Q61143_WT,,,,,,,inactive
Cholest-5-en-3-one,inactive,CC(C)CCCC(C)[C@H]1CCC2C3CC=C4CC(=O)CC[C@]4(C)C3CC[C@@]21C,spectrum,CC(C)CCCC(C)[C@H]1CCC2C3CC=C4CC(=O)CC[C@]4(C)C3CC[C@@]21C,"InChI=1S/C27H44O/c1-18(2)7-6-8-19(3)23-11-12-24-22-10-9-20-17-21(28)13-15-26(20,4)25(22)14-16-27(23,24)5/h9,18-19,22-25H,6-8,10-17H2,1-5H3/t19?,22?,23-,24?,25?,26+,27-/m1/s1",GGCLNOIGPMGLDB-IVFFKYSXSA-N,GGCLNOIGPMGLDB,CC(C)CCCC(C)[C@H]1CCC2C3CC=C4CC(=O)CC[C@]4(C)C3CC[C@@]21C,,,,,,,,inactive
Famciclovir,inactive,CC(=O)OCC(CCn1cnc2cnc(N)nc21)COC(C)=O,spectrum,CC(=O)OCC(CCn1cnc2cnc(N)nc21)COC(C)=O,"InChI=1S/C14H19N5O4/c1-9(20)22-6-11(7-23-10(2)21)3-4-19-8-17-12-5-16-14(15)18-13(12)19/h5,8,11H,3-4,6-7H2,1-2H3,(H2,15,16,18)",GGXKWVWZWMLJEH-UHFFFAOYSA-N,GGXKWVWZWMLJEH,CC(=O)OCC(CCn1cnc2cnc(N)nc21)COC(C)=O,P51450_WT,,,,,,,inactive
Pomiferin,inactive,CC(C)=CCc1c(O)c2c(occ(-c3cc(O)c(O)cc3)c2=O)c2c1OC(C)(C)C=C2,spectrum,CC(C)=CCc1c2c(c3occ(-c4ccc(O)c(O)c4)c(=O)c3c1O)C=CC(C)(C)O2,"InChI=1S/C25H24O6/c1-13(2)5-7-15-21(28)20-22(29)17(14-6-8-18(26)19(27)11-14)12-30-24(20)16-9-10-25(3,4)31-23(15)16/h5-6,8-12,26-28H,7H2,1-4H3",GHCZYXUOYFOXIP-UHFFFAOYSA-N,GHCZYXUOYFOXIP,CC(C)=CCc1c2c(c3occ(-c4ccc(O)c(O)c4)c(=O)c3c1O)C=CC(C)(C)O2,P00352_WT;Q9NUW8_WT;Q61009_WT,,,,,,,inactive
Candesartan cilextil,inactive,CCOc1nc2cccc(C(=O)OC(C)OC(=O)OC3CCCCC3)c2n1Cc1ccc(-c2ccccc2-c2nnn[nH]2)cc1,spectrum,CCOc1nc2cccc(C(=O)OC(C)OC(=O)OC3CCCCC3)c2n1Cc1ccc(-c2ccccc2-c2nn[nH]n2)cc1,"InChI=1S/C33H34N6O6/c1-3-42-32-34-28-15-9-14-27(31(40)43-21(2)44-33(41)45-24-10-5-4-6-11-24)29(28)39(32)20-22-16-18-23(19-17-22)25-12-7-8-13-26(25)30-35-37-38-36-30/h7-9,12-19,21,24H,3-6,10-11,20H2,1-2H3,(H,35,36,37,38)",GHOSNRCGJFBJIB-UHFFFAOYSA-N,GHOSNRCGJFBJIB,CCOc1nc2cccc(C(=O)OC(C)OC(=O)OC3CCCCC3)c2n1Cc1ccc(-c2ccccc2-c2nn[nH]n2)cc1,O75604_WT;Q9Y6L6_WT,,,,,,,inactive
Chlorhexidine dihydrochloride,inactive,N=C(NCCCCCCNC(=N)NC(=N)Nc1ccc(Cl)cc1)NC(=N)Nc1ccc(Cl)cc1,spectrum,N=C(N=C(N)NCCCCCCN=C(N)N=C(N)Nc1ccc(Cl)cc1)Nc1ccc(Cl)cc1,"InChI=1S/C22H30Cl2N10/c23-15-5-9-17(10-6-15)31-21(27)33-19(25)29-13-3-1-2-4-14-30-20(26)34-22(28)32-18-11-7-16(24)8-12-18/h5-12H,1-4,13-14H2,(H5,25,27,29,31,33)(H5,26,28,30,32,34)",GHXZTYHSJHQHIJ-UHFFFAOYSA-N,GHXZTYHSJHQHIJ,N=C(N=C(N)NCCCCCCN=C(N)N=C(N)Nc1ccc(Cl)cc1)Nc1ccc(Cl)cc1,O15244_WT;O15245_WT;O75751_WT;Q86VL8_WT;Q96FL8_WT;Q12851_WT,O15245_WT,,,,,,inactive
"3,4-didesmethyl-5-deshydroxy-3'-ethoxyscleroin",inactive,CCOc1cccc(C(=O)c2c(O)c(O)c(O)cc2)c1,spectrum,CCOc1cccc(C(=O)c2ccc(O)c(O)c2O)c1,"InChI=1S/C15H14O5/c1-2-20-10-5-3-4-9(8-10)13(17)11-6-7-12(16)15(19)14(11)18/h3-8,16,18-19H,2H2,1H3",GIPLQLQEWXCSIX-UHFFFAOYSA-N,GIPLQLQEWXCSIX,CCOc1cccc(C(=O)c2ccc(O)c(O)c2O)c1,,,,,,,,inactive
Fludarabine phosphate,antineoplastic,Nc1c2ncn([C@@H]3O[C@H](COP(=O)(O)O)[C@@H](O)[C@@H]3O)c2nc(F)n1,spectrum,Nc1nc(F)nc2c1ncn2[C@@H]1O[C@H](COP(=O)(O)O)[C@@H](O)[C@@H]1O,"InChI=1S/C10H13FN5O7P/c11-10-14-7(12)4-8(15-10)16(2-13-4)9-6(18)5(17)3(23-9)1-22-24(19,20)21/h2-3,5-6,9,17-18H,1H2,(H2,12,14,15)(H2,19,20,21)/t3-,5-,6+,9-/m1/s1",GIUYCYHIANZCFB-FJFJXFQQSA-N,GIUYCYHIANZCFB,Nc1nc(F)nc2c1ncn2[C@@H]1O[C@H](COP(=O)(O)O)[C@@H](O)[C@@H]1O,P35218_WT,P35218_WT,,,,,,antineoplastic
Aurin tricarboxylic acid,inactive,O=C(O)C1=CC(=C(c2ccc(O)c(C(=O)O)c2)c2ccc(O)c(C(=O)O)c2)C=CC1=O,spectrum,O=C(O)C1=CC(=C(c2ccc(O)c(C(=O)O)c2)c2ccc(O)c(C(=O)O)c2)C=CC1=O,"InChI=1S/C22H14O9/c23-16-4-1-10(7-13(16)20(26)27)19(11-2-5-17(24)14(8-11)21(28)29)12-3-6-18(25)15(9-12)22(30)31/h1-9,23-24H,(H,26,27)(H,28,29)(H,30,31)",GIXWDMTZECRIJT-UHFFFAOYSA-N,GIXWDMTZECRIJT,O=C(O)C1=CC(=C(c2ccc(O)c(C(=O)O)c2)c2ccc(O)c(C(=O)O)c2)C=CC1=O,P02748_WT;P06746_WT;P14618_WT;P27695_WT;P29372_WT;P39748_WT;P46063_WT;P83916_WT;Q9NUW8_WT;Q9UNA4_WT;Q9Y253_WT;Q13526_WT;Q92830_WT;Q99549_WT,P06746_WT;P14618_WT;P27695_WT;P29372_WT;P39748_WT;P46063_WT;P83916_WT;Q9NUW8_WT;Q9UNA4_WT;Q9Y253_WT;Q99549_WT,P06746_WT;P27695_WT;Q9NUW8_WT;Q9UNA4_WT;Q9Y253_WT,P06746_WT;Q9NUW8_WT,,,,inactive
Bromopride,inactive,CCN(CC)CCNC(=O)c1c(OC)cc(N)c(Br)c1,spectrum,CCN(CC)CCNC(=O)c1cc(Br)c(N)cc1OC,"InChI=1S/C14H22BrN3O2/c1-4-18(5-2)7-6-17-14(19)10-8-11(15)12(16)9-13(10)20-3/h8-9H,4-7,16H2,1-3H3,(H,17,19)",GIYAQDDTCWHPPL-UHFFFAOYSA-N,GIYAQDDTCWHPPL,CCN(CC)CCNC(=O)c1cc(Br)c(N)cc1OC,,,,,,,,inactive
Milnacipran hydrochloride,inactive,CCN(CC)C(=O)C1(c2ccccc2)CC1CN,spectrum,CCN(CC)C(=O)C1(c2ccccc2)CC1CN,"InChI=1S/C15H22N2O/c1-3-17(4-2)14(18)15(10-13(15)11-16)12-8-6-5-7-9-12/h5-9,13H,3-4,10-11,16H2,1-2H3",GJJFMKBJSRMPLA-UHFFFAOYSA-N,GJJFMKBJSRMPLA,CCN(CC)C(=O)C1(c2ccccc2)CC1CN,P03372_WT;P23975_WT;P31645_WT;P31652_WT;Q63380_WT,P23975_WT;P31652_WT;Q63380_WT,P23975_WT;P31652_WT;Q63380_WT,P31652_WT;Q63380_WT,,,,inactive
Clonidine hydrochloride,inactive,Clc1cccc(Cl)c1N=C1NCCN1,spectrum,Clc1cccc(Cl)c1NC1=NCCN1,"InChI=1S/C9H9Cl2N3/c10-6-2-1-3-7(11)8(6)14-9-12-4-5-13-9/h1-3H,4-5H2,(H2,12,13,14)",GJSURZIOUXUGAL-UHFFFAOYSA-N,GJSURZIOUXUGAL,Clc1cccc(Cl)c1NC1=NCCN1,P08913_WT;P18089_WT;P18825_WT;P19328_WT;P22909_WT;P25100_WT;P35348_WT;P43140_WT;Q4G017_WT;Q9Y2I1_WT,P08913_WT;P18089_WT;P18825_WT;P19328_WT;P22909_WT;P43140_WT;Q4G017_WT;Q9Y2I1_WT,P08913_WT;P18089_WT;P18825_WT;P19328_WT;P22909_WT;Q9Y2I1_WT,P08913_WT;P18825_WT;P19328_WT;P22909_WT,P19328_WT;P22909_WT,P22909_WT,P22909_WT,inactive
Tetracaine hydrochloride,inactive,CCCCNc1ccc(C(=O)OCCN(C)C)cc1,spectrum,CCCCNc1ccc(C(=O)OCCN(C)C)cc1,"InChI=1S/C15H24N2O2/c1-4-5-10-16-14-8-6-13(7-9-14)15(18)19-12-11-17(2)3/h6-9,16H,4-5,10-12H2,1-3H3",GKCBAIGFKIBETG-UHFFFAOYSA-N,GKCBAIGFKIBETG,CCCCNc1ccc(C(=O)OCCN(C)C)cc1,P21397_WT;Q9NY46_WT;Q9UQD0_WT;Q14524_WT;Q15858_WT;Q99250_WT,,,,,,,inactive
R788,inactive,C1(=C(C(=CC(=C1)NC2=NC=C(C(=N2)NC3=CC=C4C(=N3)N(C(C(O4)(C)C)=O)COP(O)(O)=O)F)OC)OC)OC,selleckchem,COc1cc(Nc2ncc(F)c(Nc3ccc4c(n3)N(COP(=O)(O)O)C(=O)C(C)(C)O4)n2)cc(OC)c1OC,"InChI=1S/C23H26FN6O9P/c1-23(2)21(31)30(11-38-40(32,33)34)20-14(39-23)6-7-17(28-20)27-19-13(24)10-25-22(29-19)26-12-8-15(35-3)18(37-5)16(9-12)36-4/h6-10H,11H2,1-5H3,(H2,32,33,34)(H2,25,26,27,28,29)",GKDRMWXFWHEQQT-UHFFFAOYSA-N,GKDRMWXFWHEQQT,COc1cc(Nc2ncc(F)c(Nc3ccc4c(n3)N(COP(=O)(O)O)C(=O)C(C)(C)O4)n2)cc(OC)c1OC,O00444_WT;O14965_WT;P35968_WT;P36888_WT;P43405_WT;P63167_WT;Q8TD19_WT;Q13470_WT,O14965_WT;P35968_WT;P43405_WT;P63167_WT;Q8TD19_WT;Q13470_WT,P35968_WT;P43405_WT;P63167_WT;Q8TD19_WT,P63167_WT,,,,inactive
Clomiphene citrate,inactive,CCN(CC)CCOc1ccc(/C(=C(\Cl)c2ccccc2)c2ccccc2)cc1,spectrum,CCN(CC)CCOc1ccc(/C(=C(\Cl)c2ccccc2)c2ccccc2)cc1,"InChI=1S/C26H28ClNO/c1-3-28(4-2)19-20-29-24-17-15-22(16-18-24)25(21-11-7-5-8-12-21)26(27)23-13-9-6-10-14-23/h5-18H,3-4,19-20H2,1-2H3/b26-25-",GKIRPKYJQBWNGO-QPLCGJKRSA-N,GKIRPKYJQBWNGO,CCN(CC)CCOc1ccc(/C(=C(\Cl)c2ccccc2)c2ccccc2)cc1,P03372_WT;P08173_WT;P08913_WT;P11229_WT;P11712_WT;P18825_WT;P20309_WT;P23219_WT;P23975_WT;P28335_WT;P31645_WT;P35462_WT;Q01959_WT;Q12809_WT;Q15125_WT;Q99720_WT,P11712_WT;Q12809_WT;Q15125_WT;Q99720_WT,P11712_WT;Q15125_WT;Q99720_WT,Q15125_WT;Q99720_WT,Q15125_WT;Q99720_WT,Q15125_WT,,inactive
Mepenzolate bromide,inactive,C[N+]1(C)CCCC(OC(=O)C(O)(c2ccccc2)c2ccccc2)C1,spectrum,C[N+]1(C)CCCC(OC(=O)C(O)(c2ccccc2)c2ccccc2)C1,"InChI=1S/C21H26NO3/c1-22(2)15-9-14-19(16-22)25-20(23)21(24,17-10-5-3-6-11-17)18-12-7-4-8-13-18/h3-8,10-13,19,24H,9,14-16H2,1-2H3/q+1",GKNPSSNBBWDAGH-UHFFFAOYSA-N,GKNPSSNBBWDAGH,C[N+]1(C)CCCC(OC(=O)C(O)(c2ccccc2)c2ccccc2)C1,P08172_WT;P20309_WT;P97697_WT;Q61143_WT,P08172_WT;P20309_WT;P97697_WT,P08172_WT;P20309_WT,P08172_WT;P20309_WT,P08172_WT;P20309_WT,P08172_WT,,inactive
Clopidogrel sulfate,inactive,COC(=O)[C@H](c1c(Cl)cccc1)N1CCc2c(ccs2)C1,spectrum,COC(=O)C(c1ccccc1Cl)N1CCc2sccc2C1,"InChI=1S/C16H16ClNO2S/c1-20-16(19)15(12-4-2-3-5-13(12)17)18-8-6-14-11(10-18)7-9-21-14/h2-5,7,9,15H,6,8,10H2,1H3",GKTWGGQPFAXNFI-UHFFFAOYSA-N,GKTWGGQPFAXNFI,COC(=O)C(c1ccccc1Cl)N1CCc2sccc2C1,P20813_WT;P31645_WT,,,,,,,inactive
Amg458,inactive,N1(N(C(C(=C1C)C(=O)NC2C=CC(=CN=2)OC3C=CN=C4C=C(C=CC=34)OC)=O)C5C=CC=CC=5)CC(C)(C)O,selleckchem,COc1ccc2c(Oc3ccc(NC(=O)c4c(C)n(CC(C)(C)O)n(-c5ccccc5)c4=O)nc3)ccnc2c1,"InChI=1S/C30H29N5O5/c1-19-27(29(37)35(20-8-6-5-7-9-20)34(19)18-30(2,3)38)28(36)33-26-13-11-22(17-32-26)40-25-14-15-31-24-16-21(39-4)10-12-23(24)25/h5-17,38H,18H2,1-4H3,(H,32,33,36)",GLBZSOQDAOLMGC-UHFFFAOYSA-N,GLBZSOQDAOLMGC,COc1ccc2c(Oc3ccc(NC(=O)c4c(C)n(CC(C)(C)O)n(-c5ccccc5)c4=O)nc3)ccnc2c1,P06239_WT;P07332_WT;P07333_WT;P07948_WT;P08069_WT;P08581_WT;P09769_WT;P16056_WT;P35968_WT;P36888_WT;P41240_WT;P51451_WT;P51813_WT;Q04912_WT;Q08881_WT,P07333_WT;P08581_WT;P16056_WT;P41240_WT;Q04912_WT;Q08881_WT,P08581_WT;P16056_WT;Q04912_WT;Q08881_WT,P08581_WT;P16056_WT;Q04912_WT,P08581_WT,,,inactive
Trolox,inactive,Cc1c(C)c2c(CCC(C)(C(=O)O)O2)c(C)c1O,spectrum,Cc1c(C)c2c(c(C)c1O)CCC(C)(C(=O)O)O2,"InChI=1S/C14H18O4/c1-7-8(2)12-10(9(3)11(7)15)5-6-14(4,18-12)13(16)17/h15H,5-6H2,1-4H3,(H,16,17)",GLEVLJDDWXEYCO-UHFFFAOYSA-N,GLEVLJDDWXEYCO,Cc1c(C)c2c(c(C)c1O)CCC(C)(C(=O)O)O2,P23219_WT,P23219_WT,,,,,,inactive
Smilagenin,inactive,CC1CC[C@@]2(OC1)O[C@H]1CC3C4CC[C@@H]5C[C@@H](O)CC[C@]5(C)C4CC[C@]3(C)[C@H]1[C@@H]2C,spectrum,CC1CC[C@@]2(OC1)O[C@H]1CC3C4CC[C@@H]5C[C@@H](O)CC[C@]5(C)C4CC[C@]3(C)[C@H]1[C@@H]2C,"InChI=1S/C27H44O3/c1-16-7-12-27(29-15-16)17(2)24-23(30-27)14-22-20-6-5-18-13-19(28)8-10-25(18,3)21(20)9-11-26(22,24)4/h16-24,28H,5-15H2,1-4H3/t16?,17-,18+,19-,20?,21?,22?,23-,24-,25-,26-,27+/m0/s1",GMBQZIIUCVWOCD-NKABGAIOSA-N,GMBQZIIUCVWOCD,CC1CC[C@@]2(OC1)O[C@H]1CC3C4CC[C@@H]5C[C@@H](O)CC[C@]5(C)C4CC[C@]3(C)[C@H]1[C@@H]2C,Q9NPD5_WT;Q9Y6L6_WT,Q9NPD5_WT;Q9Y6L6_WT,Q9NPD5_WT,,,,,inactive
Fluorescein,inactive,O=C1OC2(c3c(cc(O)cc3)Oc3c2ccc(O)c3)c2c1cccc2,spectrum,O=C1OC2(c3ccc(O)cc3Oc3cc(O)ccc32)c2ccccc21,"InChI=1S/C20H12O5/c21-11-5-7-15-17(9-11)24-18-10-12(22)6-8-16(18)20(15)14-4-2-1-3-13(14)19(23)25-20/h1-10,21-22H",GNBHRKFJIUUOQI-UHFFFAOYSA-N,GNBHRKFJIUUOQI,O=C1OC2(c3ccc(O)cc3Oc3cc(O)ccc32)c2ccccc21,,,,,,,,inactive
Acetriazoic acid,inactive,CC(=O)Nc1c(I)cc(I)c(C(=O)O)c1I,spectrum,CC(=O)Nc1c(I)cc(I)c(C(=O)O)c1I,"InChI=1S/C9H6I3NO3/c1-3(14)13-8-5(11)2-4(10)6(7(8)12)9(15)16/h2H,1H3,(H,13,14)(H,15,16)",GNOGSFBXBWBTIG-UHFFFAOYSA-N,GNOGSFBXBWBTIG,CC(=O)Nc1c(I)cc(I)c(C(=O)O)c1I,P03372_WT,P03372_WT,,,,,,inactive
Famprofazone,inactive,CC(C)c1c(CN(C)C(C)Cc2ccccc2)n(C)n(-c2ccccc2)c1=O,spectrum,CC(C)c1c(CN(C)C(C)Cc2ccccc2)n(C)n(-c2ccccc2)c1=O,"InChI=1S/C24H31N3O/c1-18(2)23-22(17-25(4)19(3)16-20-12-8-6-9-13-20)26(5)27(24(23)28)21-14-10-7-11-15-21/h6-15,18-19H,16-17H2,1-5H3",GNUXVOXXWGNPIV-UHFFFAOYSA-N,GNUXVOXXWGNPIV,CC(C)c1c(CN(C)C(C)Cc2ccccc2)n(C)n(-c2ccccc2)c1=O,,,,,,,,inactive
Ic-87114,inactive,C12=C(N=C(N(C1=O)C3=C(C=CC=C3)C)CN4C=NC5=C4N=CN=C5N)C=CC=C2C,selleckchem,Cc1ccccc1-n1c(Cn2cnc3c(N)ncnc32)nc2cccc(C)c2c1=O,"InChI=1S/C22H19N7O/c1-13-6-3-4-9-16(13)29-17(27-15-8-5-7-14(2)18(15)22(29)30)10-28-12-26-19-20(23)24-11-25-21(19)28/h3-9,11-12H,10H2,1-2H3,(H2,23,24,25)",GNWHRHGTIBRNSM-UHFFFAOYSA-N,GNWHRHGTIBRNSM,Cc1ccccc1-n1c(Cn2cnc3c(N)ncnc32)nc2cccc(C)c2c1=O,O00329_WT,O00329_WT,,,,,,inactive
Methocarbamol,inactive,COc1c(OCC(O)COC(N)=O)cccc1,spectrum,COc1ccccc1OCC(O)COC(N)=O,"InChI=1S/C11H15NO5/c1-15-9-4-2-3-5-10(9)16-6-8(13)7-17-11(12)14/h2-5,8,13H,6-7H2,1H3,(H2,12,14)",GNXFOGHNGIVQEH-UHFFFAOYSA-N,GNXFOGHNGIVQEH,COc1ccccc1OCC(O)COC(N)=O,Q16637_WT,,,,,,,inactive
Benzoylpas,inactive,O=C(Nc1cc(O)c(C(=O)O)cc1)c1ccccc1,spectrum,O=C(Nc1ccc(C(=O)O)c(O)c1)c1ccccc1,"InChI=1S/C14H11NO4/c16-12-8-10(6-7-11(12)14(18)19)15-13(17)9-4-2-1-3-5-9/h1-8,16H,(H,15,17)(H,18,19)",GNZCRYWFWKFIDM-UHFFFAOYSA-N,GNZCRYWFWKFIDM,O=C(Nc1ccc(C(=O)O)c(O)c1)c1ccccc1,,,,,,,,inactive
Coralyne chloride,inactive,COc1cc2c(cc1OC)c(C)[n+]1ccc3cc(OC)c(OC)cc3c1c2,spectrum,COc1cc2cc3c4cc(OC)c(OC)cc4cc[n+]3c(C)c2cc1OC,"InChI=1S/C22H22NO4/c1-13-16-11-21(26-4)20(25-3)10-15(16)8-18-17-12-22(27-5)19(24-2)9-14(17)6-7-23(13)18/h6-12H,1-5H3/q+1",GOEJQGGEIVSVOK-UHFFFAOYSA-N,GOEJQGGEIVSVOK,COc1cc2cc3c4cc(OC)c(OC)cc4cc[n+]3c(C)c2cc1OC,Q9NUW8_WT,,,,,,,inactive
Acebutolol hydrochloride,inactive,CCCC(=O)Nc1cc(C(C)=O)c(OCC(O)CNC(C)C)cc1,spectrum,CCCC(=O)Nc1ccc(OCC(O)CNC(C)C)c(C(C)=O)c1,"InChI=1S/C18H28N2O4/c1-5-6-18(23)20-14-7-8-17(16(9-14)13(4)21)24-11-15(22)10-19-12(2)3/h7-9,12,15,19,22H,5-6,10-11H2,1-4H3,(H,20,23)",GOEMGAFJFRBGGG-UHFFFAOYSA-N,GOEMGAFJFRBGGG,CCCC(=O)Nc1ccc(OCC(O)CNC(C)C)c(C(C)=O)c1,P08588_WT,,,,,,,inactive
Quinacrine hydrochloride,inactive,CCN(CC)CCCC(C)Nc1c2cc(OC)ccc2nc2c1ccc(Cl)c2,spectrum,CCN(CC)CCCC(C)Nc1c2ccc(Cl)cc2nc2ccc(OC)cc12,"InChI=1S/C23H30ClN3O/c1-5-27(6-2)13-7-8-16(3)25-23-19-11-9-17(24)14-22(19)26-21-12-10-18(28-4)15-20(21)23/h9-12,14-16H,5-8,13H2,1-4H3,(H,25,26)",GPKJTRJOBQGKQK-UHFFFAOYSA-N,GPKJTRJOBQGKQK,CCN(CC)CCCC(C)Nc1c2ccc(Cl)cc2nc2ccc(OC)cc12,P04156_WT;P08172_WT;P08173_WT;P10635_WT;P11229_WT;P20309_WT;P35462_WT,P04156_WT;P10635_WT,,,,,,inactive
Conessine,inactive,C[C@H]1[C@H]2CCC3C4CC=C5C[C@@H](N(C)C)CC[C@]5(C)C4CC[C@@]32CN1C,spectrum,C[C@H]1[C@H]2CCC3C4CC=C5C[C@@H](N(C)C)CC[C@]5(C)C4CC[C@@]32CN1C,"InChI=1S/C24H40N2/c1-16-20-8-9-22-19-7-6-17-14-18(25(3)4)10-12-23(17,2)21(19)11-13-24(20,22)15-26(16)5/h6,16,18-22H,7-15H2,1-5H3/t16-,18-,19?,20+,21?,22?,23-,24-/m0/s1",GPLGAQQQNWMVMM-YHQZIGKZSA-N,GPLGAQQQNWMVMM,C[C@H]1[C@H]2CCC3C4CC=C5C[C@@H](N(C)C)CC[C@]5(C)C4CC[C@@]32CN1C,P08913_WT;P18825_WT;Q9QYN8_WT;Q9Y5N1_WT,P18825_WT;Q9QYN8_WT;Q9Y5N1_WT,P18825_WT;Q9QYN8_WT;Q9Y5N1_WT,P18825_WT;Q9QYN8_WT;Q9Y5N1_WT,Q9Y5N1_WT,,,inactive
Cefotaxime sodium,inactive,CO/N=C(/C(=O)N[C@@H]1C(=O)N2C(C(=O)O)=C(COC(C)=O)CS[C@H]12)c1csc(N)n1,spectrum,CON=C(C(=O)NC1C(=O)N2C(C(=O)O)=C(COC(C)=O)CS[C@H]12)c1csc(N)n1,"InChI=1S/C16H17N5O7S2/c1-6(22)28-3-7-4-29-14-10(13(24)21(14)11(7)15(25)26)19-12(23)9(20-27-2)8-5-30-16(17)18-8/h5,10,14H,3-4H2,1-2H3,(H2,17,18)(H,19,23)(H,25,26)/t10?,14-/m1/s1",GPRBEKHLDVQUJE-LNUXAPHWSA-N,GPRBEKHLDVQUJE,CON=C(C(=O)NC1C(=O)N2C(C(=O)O)=C(COC(C)=O)CS[C@H]12)c1csc(N)n1,Q8TCC7_WT,Q8TCC7_WT,,,,,,inactive
Cyc116,inactive,C1(=NC=CC(=N1)C2SC(=NC=2C)N)NC3=CC=C(C=C3)N4CCOCC4,selleckchem,Cc1nc(N)sc1-c1ccnc(Nc2ccc(N3CCOCC3)cc2)n1,"InChI=1S/C18H20N6OS/c1-12-16(26-17(19)21-12)15-6-7-20-18(23-15)22-13-2-4-14(5-3-13)24-8-10-25-11-9-24/h2-7H,8-11H2,1H3,(H2,19,21)(H,20,22,23)",GPSZYOIFQZPWEJ-UHFFFAOYSA-N,GPSZYOIFQZPWEJ,Cc1nc(N)sc1-c1ccnc(Nc2ccc(N3CCOCC3)cc2)n1,O00141_WT;O00311_WT;O00444_WT;O14965_WT;O14976_WT;O15197_WT;O15530_WT;O43293_WT;O43683_WT;O60674_WT;O75116_WT;O75716_WT;O75822_WT;O94806_WT;O95782_WT;O95819_WT;O95835_WT;P06239_WT;P06241_WT;P07333_WT;P07947_WT;P07948_WT;P07949_WT;P08922_WT;P09619_WT;P10721_WT;P11362_WT;P12931_WT;P15735_WT;P16083_WT;P16234_WT;P16591_WT;P17948_WT;P19784_WT;P22607_WT;P22830_WT;P24941_WT;P27448_WT;P29317_WT;P29376_WT;P33981_WT;P35968_WT;P36888_WT;P37173_WT;P42685_WT;P45983_WT;P45984_WT;P48729_WT;P48730_WT;P49674_WT;P49759_WT;P51451_WT;P51617_WT;P51955_WT;P51956_WT;P51957_WT;P52333_WT;P53667_WT;P53779_WT;P63167_WT;P67870_WT;P68400_WT;P78368_WT;Q2M2I8_WT;Q6JQN1_WT;Q6PHR2_WT;Q6ZSR9_WT;Q8N4C8_WT;Q8NE63_WT;Q8TBX8_WT;Q8TD19_WT;Q8TDC3_WT;Q8WZ60_WT;Q9H2X6_WT;Q9H093_WT;Q9HAZ1_WT;Q9HBH9_WT;Q9HBY8_WT;Q9HCP0_WT;Q9NQS7_WT;Q9NSY1_WT;Q9P289_WT;Q9UEE5_WT;Q9UHD2_WT;Q9UQB9_WT;Q9Y616_WT;Q14C86_WT;Q86TW2_WT;Q86UY5_WT;Q96GD4_WT;Q00535_WT;Q00537_WT;Q04771_WT;Q04912_WT;Q07912_WT;Q13464_WT;Q13563_WT;Q14164_WT;Q15118_WT;Q16288_WT,O00141_WT;O00311_WT;O00444_WT;O14965_WT;O14976_WT;O15197_WT;O43293_WT;O43683_WT;O60674_WT;O75116_WT;O75716_WT;O75822_WT;O95782_WT;O95835_WT;P06241_WT;P07947_WT;P07948_WT;P08922_WT;P16234_WT;P17948_WT;P19784_WT;P22607_WT;P27448_WT;P33981_WT;P35968_WT;P36888_WT;P37173_WT;P42685_WT;P45983_WT;P45984_WT;P48730_WT;P53779_WT;P63167_WT;P67870_WT;P68400_WT;Q2M2I8_WT;Q6ZSR9_WT;Q8NE63_WT;Q8TBX8_WT;Q8TD19_WT;Q8TDC3_WT;Q8WZ60_WT;Q9H2X6_WT;Q9H093_WT;Q9HAZ1_WT;Q9HBH9_WT;Q9HBY8_WT;Q9NQS7_WT;Q9NSY1_WT;Q9P289_WT;Q9UEE5_WT;Q9UHD2_WT;Q9UQB9_WT;Q9Y616_WT;Q14C86_WT;Q96GD4_WT;Q00535_WT;Q00537_WT;Q07912_WT,O00444_WT;O14965_WT;O15197_WT;O60674_WT;O75822_WT;O95782_WT;O95835_WT;P19784_WT;P33981_WT;P36888_WT;P67870_WT;Q2M2I8_WT;Q6ZSR9_WT;Q8TBX8_WT;Q8TDC3_WT;Q8WZ60_WT;Q9H2X6_WT;Q9H093_WT;Q9HAZ1_WT;Q9NQS7_WT;Q9NSY1_WT;Q9P289_WT;Q9UEE5_WT;Q9UQB9_WT;Q9Y616_WT;Q96GD4_WT;Q00537_WT,O00444_WT;O75822_WT;O95782_WT;P19784_WT;P33981_WT;P67870_WT;Q2M2I8_WT;Q6ZSR9_WT;Q8WZ60_WT;Q9H093_WT;Q9NSY1_WT;Q9P289_WT;Q96GD4_WT;Q00537_WT,O95782_WT;P67870_WT;Q2M2I8_WT;Q6ZSR9_WT;Q8WZ60_WT;Q9H093_WT;Q9NSY1_WT;Q96GD4_WT;Q00537_WT,O95782_WT;Q8WZ60_WT,,inactive
Sulfameter,inactive,COc1cnc(NS(=O)(=O)c2ccc(N)cc2)nc1,spectrum,COc1cnc(NS(=O)(=O)c2ccc(N)cc2)nc1,"InChI=1S/C11H12N4O3S/c1-18-9-6-13-11(14-7-9)15-19(16,17)10-4-2-8(12)3-5-10/h2-7H,12H2,1H3,(H,13,14,15)",GPTONYMQFTZPKC-UHFFFAOYSA-N,GPTONYMQFTZPKC,COc1cnc(NS(=O)(=O)c2ccc(N)cc2)nc1,,,,,,,,inactive
Chlorquinaldol,inactive,Cc1nc2c(O)c(Cl)cc(Cl)c2cc1,spectrum,Cc1ccc2c(Cl)cc(Cl)c(O)c2n1,"InChI=1S/C10H7Cl2NO/c1-5-2-3-6-7(11)4-8(12)10(14)9(6)13-5/h2-4,14H,1H3",GPTXWRGISTZRIO-UHFFFAOYSA-N,GPTXWRGISTZRIO,Cc1ccc2c(Cl)cc(Cl)c(O)c2n1,P51450_WT,,,,,,,inactive
Vemurafenib,antineoplastic,C1(=CN=C2C(=C1)C(=CN2)C(=O)C3=C(C(=CC=C3F)NS(=O)(=O)CCC)F)C4=CC=C(C=C4)Cl,selleckchem,CCCS(=O)(=O)Nc1ccc(F)c(C(=O)c2c[nH]c3ncc(-c4ccc(Cl)cc4)cc23)c1F,"InChI=1S/C23H18ClF2N3O3S/c1-2-9-33(31,32)29-19-8-7-18(25)20(21(19)26)22(30)17-12-28-23-16(17)10-14(11-27-23)13-3-5-15(24)6-4-13/h3-8,10-12,29H,2,9H2,1H3,(H,27,28)",GPXBXXGIAQBQNI-UHFFFAOYSA-N,GPXBXXGIAQBQNI,CCCS(=O)(=O)Nc1ccc(F)c(C(=O)c2c[nH]c3ncc(-c4ccc(Cl)cc4)cc23)c1F,O43353_WT;P04049_WT;P15056_WT;P28028_WT;P35968_WT;P47809_WT;Q9NYL2_WT;Q13163_WT,P04049_WT;P15056_WT;P28028_WT;P47809_WT;Q9NYL2_WT,P15056_WT;P28028_WT;P47809_WT,P28028_WT;P47809_WT,P47809_WT,,,antineoplastic
6-hydroxyflavone,inactive,O=c1cc(-c2ccccc2)oc2c1cc(O)cc2,spectrum,O=c1cc(-c2ccccc2)oc2ccc(O)cc12,"InChI=1S/C15H10O3/c16-11-6-7-14-12(8-11)13(17)9-15(18-14)10-4-2-1-3-5-10/h1-9,16H",GPZYYYGYCRFPBU-UHFFFAOYSA-N,GPZYYYGYCRFPBU,O=c1cc(-c2ccccc2)oc2ccc(O)cc12,,,,,,,,inactive
Lomustine,antineoplastic,O=NN(CCCl)C(=O)NC1CCCCC1,spectrum,O=NN(CCCl)C(=O)NC1CCCCC1,"InChI=1S/C9H16ClN3O2/c10-6-7-13(12-15)9(14)11-8-4-2-1-3-5-8/h8H,1-7H2,(H,11,14)",GQYIWUVLTXOXAJ-UHFFFAOYSA-N,GQYIWUVLTXOXAJ,O=NN(CCCl)C(=O)NC1CCCCC1,,,,,,,,antineoplastic
Sodium tetradecyl sulfate,inactive,CCCCC(CC)CCC(CC(C)C)OS(=O)(=O)O,spectrum,CCCCC(CC)CCC(CC(C)C)OS(=O)(=O)O,"InChI=1S/C14H30O4S/c1-5-7-8-13(6-2)9-10-14(11-12(3)4)18-19(15,16)17/h12-14H,5-11H2,1-4H3,(H,15,16,17)",GROJOWHVXQYQGN-UHFFFAOYSA-N,GROJOWHVXQYQGN,CCCCC(CC)CCC(CC(C)C)OS(=O)(=O)O,,,,,,,,inactive
Gdc-0068,inactive,C1CN(CCN1C([C@@H](C2=CC=C(C=C2)Cl)CNC(C)C)=O)C3=C4C(=NC=N3)[C@H](C[C@H]4C)O,selleckchem,CC(C)NCC(C(=O)N1CCN(c2ncnc3c2[C@H](C)C[C@@H]3O)CC1)c1ccc(Cl)cc1,"InChI=1S/C24H32ClN5O2/c1-15(2)26-13-19(17-4-6-18(25)7-5-17)24(32)30-10-8-29(9-11-30)23-21-16(3)12-20(31)22(21)27-14-28-23/h4-7,14-16,19-20,26,31H,8-13H2,1-3H3/t16-,19?,20+/m1/s1",GRZXWCHAXNAUHY-VBHUFULTSA-N,GRZXWCHAXNAUHY,CC(C)NCC(C(=O)N1CCN(c2ncnc3c2[C@H](C)C[C@@H]3O)CC1)c1ccc(Cl)cc1,P31749_WT;P31751_WT;Q9Y243_WT;Q13976_WT,P31749_WT;P31751_WT;Q9Y243_WT;Q13976_WT,P31749_WT;P31751_WT;Q9Y243_WT;Q13976_WT,P31749_WT;P31751_WT;Q9Y243_WT,,,,inactive
Levofloxacin,inactive,C[C@H]1COc2c(N3CCN(C)CC3)c(F)cc3c2n1cc(C(=O)O)c3=O,spectrum,C[C@H]1COc2c(N3CCN(C)CC3)c(F)cc3c(=O)c(C(=O)O)cn1c23,"InChI=1S/C18H20FN3O4/c1-10-9-26-17-14-11(16(23)12(18(24)25)8-22(10)14)7-13(19)15(17)21-5-3-20(2)4-6-21/h7-8,10H,3-6,9H2,1-2H3,(H,24,25)/t10-/m0/s1",GSDSWSVVBLHKDQ-JTQLQIEISA-N,GSDSWSVVBLHKDQ,C[C@H]1COc2c(N3CCN(C)CC3)c(F)cc3c(=O)c(C(=O)O)cn1c23,,,,,,,,inactive
Cellobiose,inactive,OC[C@H]1O[C@@H](O[C@@H]2[C@@H](CO)O[C@H](O)[C@H](O)[C@H]2O)[C@H](O)[C@@H](O)[C@@H]1O,spectrum,OC[C@H]1O[C@@H](O[C@H]2[C@H](O)[C@@H](O)[C@@H](O)O[C@@H]2CO)[C@H](O)[C@@H](O)[C@@H]1O,"InChI=1S/C12H22O11/c13-1-3-5(15)6(16)9(19)12(22-3)23-10-4(2-14)21-11(20)8(18)7(10)17/h3-20H,1-2H2/t3-,4-,5-,6+,7-,8-,9-,10-,11+,12+/m1/s1",GUBGYTABKSRVRQ-MFRLZQSSSA-N,GUBGYTABKSRVRQ,OC[C@H]1O[C@@H](O[C@H]2[C@H](O)[C@@H](O)[C@@H](O)O[C@@H]2CO)[C@H](O)[C@@H](O)[C@@H]1O,,,,,,,,inactive
Terfenadine,enhancer,CC(C)(C)c1ccc(C(O)CCCN2CCC(C(O)(c3ccccc3)c3ccccc3)CC2)cc1,spectrum,CC(C)(C)c1ccc(C(O)CCCN2CCC(C(O)(c3ccccc3)c3ccccc3)CC2)cc1,"InChI=1S/C32H41NO2/c1-31(2,3)26-18-16-25(17-19-26)30(34)15-10-22-33-23-20-29(21-24-33)32(35,27-11-6-4-7-12-27)28-13-8-5-9-14-28/h4-9,11-14,16-19,29-30,34-35H,10,15,20-24H2,1-3H3",GUGOEEXESWIERI-UHFFFAOYSA-N,GUGOEEXESWIERI,CC(C)(C)c1ccc(C(O)CCCN2CCC(C(O)(c3ccccc3)c3ccccc3)CC2)cc1,P08684_WT;P22002_WT;P28223_WT;P28335_WT;P35367_WT;P35462_WT;P41595_WT;P50406_WT;P51681_WT;Q01959_WT;Q12809_WT;Q14524_WT,P22002_WT;P28223_WT;P35367_WT;P41595_WT;Q01959_WT;Q12809_WT,P35367_WT;P41595_WT,P35367_WT,P35367_WT,,,enhancer
7.3'-dimethoxyflavone,inactive,COc1cccc(-c2cc(=O)c3c(cc(OC)cc3)o2)c1,spectrum,COc1cccc(-c2cc(=O)c3ccc(OC)cc3o2)c1,"InChI=1S/C17H14O4/c1-19-12-5-3-4-11(8-12)16-10-15(18)14-7-6-13(20-2)9-17(14)21-16/h3-10H,1-2H3",GUHXVSRRBMHSSC-UHFFFAOYSA-N,GUHXVSRRBMHSSC,COc1cccc(-c2cc(=O)c3ccc(OC)cc3o2)c1,,,,,,,,inactive
Dobutamine hydrochloride,inactive,CC(CNCCc1cc(O)c(O)cc1)Cc1cc(O)ccc1,spectrum,CC(CNCCc1ccc(O)c(O)c1)Cc1cccc(O)c1,"InChI=1S/C18H23NO3/c1-13(9-15-3-2-4-16(20)10-15)12-19-8-7-14-5-6-17(21)18(22)11-14/h2-6,10-11,13,19-22H,7-9,12H2,1H3",GUTBEOXGILVYQP-UHFFFAOYSA-N,GUTBEOXGILVYQP,CC(CNCCc1ccc(O)c(O)c1)Cc1cccc(O)c1,,,,,,,,inactive
Torin 2,reducer,N1(C(C=CC2C=NC3C(C1=2)=CC(=CC=3)C4C=NC(=CC=4)N)=O)C5C=C(C=CC=5)C(F)(F)F,selleckchem,Nc1ccc(-c2ccc3ncc4ccc(=O)n(-c5cccc(C(F)(F)F)c5)c4c3c2)cn1,"InChI=1S/C24H15F3N4O/c25-24(26,27)17-2-1-3-18(11-17)31-22(32)9-6-16-13-29-20-7-4-14(10-19(20)23(16)31)15-5-8-21(28)30-12-15/h1-13H,(H2,28,30)",GUXXEUUYCAYESJ-UHFFFAOYSA-N,GUXXEUUYCAYESJ,Nc1ccc(-c2ccc3ncc4ccc(=O)n(-c5cccc(C(F)(F)F)c5)c4c3c2)cn1,O00443_WT;O00750_WT;P42336_WT;P42345_WT;P48736_WT;P78527_WT;Q8NEB9_WT;Q9JLN9_WT;Q9UBF8_WT;Q13315_WT;Q13535_WT,O00443_WT;O00750_WT;P42336_WT;P42345_WT;P48736_WT;P78527_WT;Q8NEB9_WT;Q9JLN9_WT;Q9UBF8_WT;Q13315_WT;Q13535_WT,O00443_WT;O00750_WT;P42345_WT;P48736_WT;Q8NEB9_WT;Q9JLN9_WT;Q9UBF8_WT;Q13315_WT;Q13535_WT,O00443_WT;O00750_WT;P42345_WT;P48736_WT;Q8NEB9_WT;Q9JLN9_WT;Q9UBF8_WT;Q13315_WT,P42345_WT;P48736_WT;Q8NEB9_WT;Q9JLN9_WT,P42345_WT;Q9JLN9_WT,P42345_WT;Q9JLN9_WT,reducer
alpha-TOCHOPHEROL,inactive,Cc1c(O)c(C)c2CCC(C)(CCCC(C)CCCC(C)CCCC(C)C)Oc2c1C,spectrum,Cc1c(C)c2c(c(C)c1O)CCC(C)(CCCC(C)CCCC(C)CCCC(C)C)O2,"InChI=1S/C29H50O2/c1-20(2)12-9-13-21(3)14-10-15-22(4)16-11-18-29(8)19-17-26-25(7)27(30)23(5)24(6)28(26)31-29/h20-22,30H,9-19H2,1-8H3",GVJHHUAWPYXKBD-UHFFFAOYSA-N,GVJHHUAWPYXKBD,Cc1c(C)c2c(c(C)c1O)CCC(C)(CCCC(C)CCCC(C)CCCC(C)C)O2,P09211_WT,,,,,,,inactive
Sulfanitran,inactive,CC(=O)Nc1ccc(S(=O)(=O)Nc2ccc([N+](=O)[O-])cc2)cc1,spectrum,CC(=O)Nc1ccc(S(=O)(=O)Nc2ccc([N+](=O)[O-])cc2)cc1,"InChI=1S/C14H13N3O5S/c1-10(18)15-11-4-8-14(9-5-11)23(21,22)16-12-2-6-13(7-3-12)17(19)20/h2-9,16H,1H3,(H,15,18)",GWBPFRGXNGPPMF-UHFFFAOYSA-N,GWBPFRGXNGPPMF,CC(=O)Nc1ccc(S(=O)(=O)Nc2ccc([N+](=O)[O-])cc2)cc1,Q9NUW8_WT,,,,,,,inactive
Glafenine,inactive,O=C(OCC(O)CO)c1c(Nc2ccnc3cc(Cl)ccc23)cccc1,spectrum,O=C(OCC(O)CO)c1ccccc1Nc1ccnc2cc(Cl)ccc12,"InChI=1S/C19H17ClN2O4/c20-12-5-6-14-17(7-8-21-18(14)9-12)22-16-4-2-1-3-15(16)19(25)26-11-13(24)10-23/h1-9,13,23-24H,10-11H2,(H,21,22)",GWOFUCIGLDBNKM-UHFFFAOYSA-N,GWOFUCIGLDBNKM,O=C(OCC(O)CO)c1ccccc1Nc1ccnc2cc(Cl)ccc12,,,,,,,,inactive
Astemizole,enhancer,COc1ccc(CCN2CCC(Nc3nc4ccccc4n3Cc3ccc(F)cc3)CC2)cc1,spectrum,COc1ccc(CCN2CCC(Nc3nc4ccccc4n3Cc3ccc(F)cc3)CC2)cc1,"InChI=1S/C28H31FN4O/c1-34-25-12-8-21(9-13-25)14-17-32-18-15-24(16-19-32)30-28-31-26-4-2-3-5-27(26)33(28)20-22-6-10-23(29)11-7-22/h2-13,24H,14-20H2,1H3,(H,30,31)",GXDALQBWZGODGZ-UHFFFAOYSA-N,GXDALQBWZGODGZ,COc1ccc(CCN2CCC(Nc3nc4ccccc4n3Cc3ccc(F)cc3)CC2)cc1,P08172_WT;P08173_WT;P08912_WT;P11229_WT;P15823_WT;P18825_WT;P19327_WT;P20309_WT;P25100_WT;P28223_WT;P28335_WT;P28564_WT;P31645_WT;P35367_WT;P35372_WT;P35462_WT;P41595_WT;P43140_WT;Q5BJF2_WT;Q01959_WT;Q12809_WT,P15823_WT;P28223_WT;P28335_WT;P35367_WT;P35462_WT;P41595_WT;P43140_WT;Q5BJF2_WT;Q12809_WT,P28223_WT;P35367_WT;P41595_WT;P43140_WT;Q5BJF2_WT;Q12809_WT,P28223_WT;P35367_WT;P41595_WT;P43140_WT;Q12809_WT,P35367_WT;P41595_WT,P35367_WT,,enhancer
Ink 128,reducer,N1=CN=C2C(=C1N)C(=NN2C(C)C)C3=CC4=C(C=C3)OC(=N4)N,selleckchem,CC(C)n1nc(-c2ccc3oc(N)nc3c2)c2c(N)ncnc21,"InChI=1S/C15H15N7O/c1-7(2)22-14-11(13(16)18-6-19-14)12(21-22)8-3-4-10-9(5-8)20-15(17)23-10/h3-7H,1-2H3,(H2,17,20)(H2,16,18,19)",GYLDXIAOMVERTK-UHFFFAOYSA-N,GYLDXIAOMVERTK,CC(C)n1nc(-c2ccc3oc(N)nc3c2)c2c(N)ncnc21,O00329_WT;P42336_WT;P42338_WT;P42345_WT;P48736_WT,O00329_WT;P42336_WT;P42338_WT;P42345_WT;P48736_WT,O00329_WT;P42336_WT;P42338_WT;P42345_WT;P48736_WT,O00329_WT;P42336_WT;P42345_WT;P48736_WT,P42345_WT;P48736_WT,P42345_WT,P42345_WT,reducer
Diosmin,inactive,COc1c(O)cc(-c2cc(=O)c3c(cc(O[C@@H]4O[C@H](CO[C@H]5O[C@H](C)[C@@H](O)[C@H](O)[C@@H]5O)[C@@H](O)[C@H](O)[C@H]4O)cc3O)o2)cc1,spectrum,COc1ccc(-c2cc(=O)c3c(O)cc(O[C@@H]4O[C@H](CO[C@H]5O[C@H](C)[C@@H](O)[C@H](O)[C@@H]5O)[C@@H](O)[C@H](O)[C@H]4O)cc3o2)cc1O,"InChI=1S/C28H32O15/c1-10-21(32)23(34)25(36)27(40-10)39-9-19-22(33)24(35)26(37)28(43-19)41-12-6-14(30)20-15(31)8-17(42-18(20)7-12)11-3-4-16(38-2)13(29)5-11/h3-8,10,19,21-30,32-37H,9H2,1-2H3/t10-,19-,21-,22-,23+,24+,25+,26-,27+,28-/m1/s1",GZSOSUNBTXMUFQ-IQFYTUTQSA-N,GZSOSUNBTXMUFQ,COc1ccc(-c2cc(=O)c3c(O)cc(O[C@@H]4O[C@H](CO[C@H]5O[C@H](C)[C@@H](O)[C@H](O)[C@@H]5O)[C@@H](O)[C@H](O)[C@H]4O)cc3o2)cc1O,,,,,,,,inactive
Raloxifene hydrochloride,inactive,O=C(c1ccc(OCCN2CCCCC2)cc1)c1c(-c2ccc(O)cc2)sc2c1ccc(O)c2,spectrum,O=C(c1ccc(OCCN2CCCCC2)cc1)c1c(-c2ccc(O)cc2)sc2cc(O)ccc12,"InChI=1S/C28H27NO4S/c30-21-8-4-20(5-9-21)28-26(24-13-10-22(31)18-25(24)34-28)27(32)19-6-11-23(12-7-19)33-17-16-29-14-2-1-3-15-29/h4-13,18,30-31H,1-3,14-17H2",GZUITABIAKMVPG-UHFFFAOYSA-N,GZUITABIAKMVPG,O=C(c1ccc(OCCN2CCCCC2)cc1)c1c(-c2ccc(O)cc2)sc2cc(O)ccc12,O54754_WT;P01031_WT;P03372_WT;P06211_WT;P11511_WT;P11712_WT;P14416_WT;P18825_WT;P22303_WT;P23975_WT;P25100_WT;P28223_WT;P28335_WT;P35372_WT;P35462_WT;P41595_WT;P50406_WT;Q06278_WT;Q15125_WT;Q62986_WT;Q92731_WT;Q99720_WT,P03372_WT;P06211_WT;P11511_WT;P11712_WT;P18825_WT;P23975_WT;P41595_WT;Q06278_WT;Q15125_WT;Q62986_WT;Q92731_WT;Q99720_WT,P03372_WT;P06211_WT;P11511_WT;P11712_WT;P41595_WT;Q06278_WT;Q15125_WT;Q62986_WT;Q92731_WT,P03372_WT;P06211_WT;P11511_WT;P11712_WT;Q06278_WT;Q15125_WT;Q62986_WT;Q92731_WT,P03372_WT;P06211_WT;P11511_WT;Q06278_WT;Q15125_WT;Q62986_WT,P03372_WT;P06211_WT;Q06278_WT;Q15125_WT;Q62986_WT,P03372_WT;P06211_WT,inactive
Dihydrotanshinone i,inactive,Cc1c2ccc3c(C(=O)C(=O)C4=C3OCC4C)c2ccc1,spectrum,Cc1cccc2c3c(ccc12)C1=C(C(=O)C3=O)C(C)CO1,"InChI=1S/C18H14O3/c1-9-4-3-5-12-11(9)6-7-13-15(12)17(20)16(19)14-10(2)8-21-18(13)14/h3-7,10H,8H2,1-2H3",HARGZZNYNSYSGJ-UHFFFAOYSA-N,HARGZZNYNSYSGJ,Cc1cccc2c3c(ccc12)C1=C(C(=O)C3=O)C(C)CO1,O00748_WT;P22303_WT;P23141_WT;Q15717_WT,O00748_WT;Q15717_WT,Q15717_WT,,,,,inactive
Zidovudine,inactive,Cc1cn([C@H]2C[C@H](N=[N+]=[N-])[C@@H](CO)O2)c(=O)[nH]c1=O,spectrum,Cc1cn([C@H]2C[C@H](N=[N+]=[N-])[C@@H](CO)O2)c(=O)[nH]c1=O,"InChI=1S/C10H13N5O4/c1-5-3-15(10(18)12-9(5)17)8-2-6(13-14-11)7(4-16)19-8/h3,6-8,16H,2,4H2,1H3,(H,12,17,18)/t6-,7+,8+/m0/s1",HBOMLICNUCNMMY-XLPZGREQSA-N,HBOMLICNUCNMMY,Cc1cn([C@H]2C[C@H](N=[N+]=[N-])[C@@H](CO)O2)c(=O)[nH]c1=O,P61073_WT,P61073_WT,P61073_WT,,,,,inactive
A66,inactive,C1SC(=NC=1C2SC(=NC=2C)NC(N3[C@@H](CCC3)C(=O)N)=O)C(C)(C)C,selleckchem,Cc1nc(NC(=O)N2CCCC2C(N)=O)sc1-c1csc(C(C)(C)C)n1,"InChI=1S/C17H23N5O2S2/c1-9-12(10-8-25-14(20-10)17(2,3)4)26-15(19-9)21-16(24)22-7-5-6-11(22)13(18)23/h8,11H,5-7H2,1-4H3,(H2,18,23)(H,19,21,24)",HBPXWEPKNBHKAX-UHFFFAOYSA-N,HBPXWEPKNBHKAX,Cc1nc(NC(=O)N2CCCC2C(N)=O)sc1-c1csc(C(C)(C)C)n1,O00750_WT;P42336_WT,P42336_WT,P42336_WT,,,,,inactive
Deacetylgedunin,inactive,CC1(C)C(=O)C=C[C@@]2(C)C1C[C@@H](O)[C@]1(C)C2CC[C@@]2(C)[C@H](c3cocc3)OC(=O)[C@H]3O[C@]321,spectrum,CC1(C)C(=O)C=C[C@@]2(C)C1C[C@@H](O)[C@]1(C)C2CC[C@@]2(C)[C@H](c3ccoc3)OC(=O)C3O[C@]321,"InChI=1S/C26H32O6/c1-22(2)16-12-18(28)25(5)15(23(16,3)9-7-17(22)27)6-10-24(4)19(14-8-11-30-13-14)31-21(29)20-26(24,25)32-20/h7-9,11,13,15-16,18-20,28H,6,10,12H2,1-5H3/t15?,16?,18-,19+,20?,23-,24+,25+,26-/m1/s1",HCEYJYMNIQHPPK-VIQXEWNLSA-N,HCEYJYMNIQHPPK,CC1(C)C(=O)C=C[C@@]2(C)C1C[C@@H](O)[C@]1(C)C2CC[C@@]2(C)[C@H](c3ccoc3)OC(=O)C3O[C@]321,,,,,,,,inactive
Doxylamine succinate,inactive,CN(C)CCOC(C)(c1ccccc1)c1ncccc1,spectrum,CN(C)CCOC(C)(c1ccccc1)c1ccccn1,"InChI=1S/C17H22N2O/c1-17(20-14-13-19(2)3,15-9-5-4-6-10-15)16-11-7-8-12-18-16/h4-12H,13-14H2,1-3H3",HCFDWZZGGLSKEP-UHFFFAOYSA-N,HCFDWZZGGLSKEP,CN(C)CCOC(C)(c1ccccc1)c1ccccn1,,,,,,,,inactive
Brinzolamide,inactive,CCNC1CN(CCCOC)S(=O)(=O)c2c1cc(S(N)(=O)=O)s2,spectrum,CCNC1CN(CCCOC)S(=O)(=O)c2sc(S(N)(=O)=O)cc21,"InChI=1S/C12H21N3O5S3/c1-3-14-10-8-15(5-4-6-20-2)23(18,19)12-9(10)7-11(21-12)22(13,16)17/h7,10,14H,3-6,8H2,1-2H3,(H2,13,16,17)",HCRKCZRJWPKOAR-UHFFFAOYSA-N,HCRKCZRJWPKOAR,CCNC1CN(CCCOC)S(=O)(=O)c2sc(S(N)(=O)=O)cc21,O43570_WT;P00915_WT;P00918_WT;P23280_WT;P35218_WT;P43166_WT;Q8N1Q1_WT;Q9D6N1_WT;Q9NUW8_WT;Q9ULX7_WT;Q9Y2D0_WT;Q99N23_WT;Q16790_WT,O43570_WT;P00918_WT;P23280_WT;P35218_WT;P43166_WT;Q8N1Q1_WT;Q9D6N1_WT;Q9ULX7_WT;Q9Y2D0_WT;Q99N23_WT;Q16790_WT,O43570_WT;P00918_WT;P23280_WT;P35218_WT;P43166_WT;Q8N1Q1_WT;Q9D6N1_WT;Q9ULX7_WT;Q9Y2D0_WT;Q99N23_WT;Q16790_WT,O43570_WT;P00918_WT;P23280_WT;P43166_WT;Q8N1Q1_WT;Q9D6N1_WT;Q9ULX7_WT;Q9Y2D0_WT,O43570_WT;P00918_WT;P23280_WT;P43166_WT,O43570_WT;P00918_WT;P23280_WT;P43166_WT,P23280_WT,inactive
Stigmasterol,inactive,CCC(/C=C/[C@@H](C)[C@H]1CCC2C3CC=C4C[C@@H](O)CC[C@]4(C)C3CC[C@@]21C)C(C)C,spectrum,CCC(/C=C/[C@@H](C)[C@H]1CCC2C3CC=C4C[C@@H](O)CC[C@]4(C)C3CC[C@@]21C)C(C)C,"InChI=1S/C29H48O/c1-7-21(19(2)3)9-8-20(4)25-12-13-26-24-11-10-22-18-23(30)14-16-28(22,5)27(24)15-17-29(25,26)6/h8-10,19-21,23-27,30H,7,11-18H2,1-6H3/b9-8+/t20-,21?,23+,24?,25-,26?,27?,28+,29-/m1/s1",HCXVJBMSMIARIN-ZIPLBMGGSA-N,HCXVJBMSMIARIN,CCC(/C=C/[C@@H](C)[C@H]1CCC2C3CC=C4C[C@@H](O)CC[C@]4(C)C3CC[C@@]21C)C(C)C,,,,,,,,inactive
Desipramine hydrochloride,inactive,CNCCCN1c2c(cccc2)CCc2c1cccc2,spectrum,CNCCCN1c2ccccc2CCc2ccccc21,"InChI=1S/C18H22N2/c1-19-13-6-14-20-17-9-4-2-7-15(17)11-12-16-8-3-5-10-18(16)20/h2-5,7-10,19H,6,11-14H2,1H3",HCYAFALTSJYZDH-UHFFFAOYSA-N,HCYAFALTSJYZDH,CNCCCN1c2ccccc2CCc2ccccc21,P08482_WT;P23975_WT;P28223_WT;P28482_WT;P31390_WT;P31645_WT;P31652_WT;P43140_WT;Q9WTR4_WT;Q63380_WT,P23975_WT;P28223_WT;P28482_WT;P31390_WT;P31645_WT;P31652_WT;P43140_WT;Q9WTR4_WT;Q63380_WT,P23975_WT;P28482_WT;P31390_WT;P31645_WT;P43140_WT;Q9WTR4_WT;Q63380_WT,P23975_WT;P28482_WT;P31390_WT;P43140_WT;Q9WTR4_WT;Q63380_WT,P23975_WT;P28482_WT;P31390_WT;P43140_WT;Q9WTR4_WT;Q63380_WT,P23975_WT;P31390_WT;Q9WTR4_WT;Q63380_WT,P31390_WT;Q63380_WT,inactive
Ramipril,inactive,CCOC(=O)[C@H](CCc1ccccc1)N[C@@H](C)C(=O)N1[C@H](C(=O)O)C[C@@H]2CCC[C@@H]21,spectrum,CCOC(=O)C(CCc1ccccc1)NC(C)C(=O)N1C(C(=O)O)C[C@@H]2CCC[C@@H]21,"InChI=1S/C23H32N2O5/c1-3-30-23(29)18(13-12-16-8-5-4-6-9-16)24-15(2)21(26)25-19-11-7-10-17(19)14-20(25)22(27)28/h4-6,8-9,15,17-20,24H,3,7,10-14H2,1-2H3,(H,27,28)/t15?,17-,18?,19-,20?/m0/s1",HDACQVRGBOVJII-XWVDWRAYSA-N,HDACQVRGBOVJII,CCOC(=O)C(CCc1ccccc1)NC(C)C(=O)N1C(C(=O)O)C[C@@H]2CCC[C@@H]21,P12821_WT,P12821_WT,P12821_WT,P12821_WT,P12821_WT,,,inactive
Fenbendazole,reducer,COC(=O)Nc1nc2ccc(Sc3ccccc3)cc2[nH]1,spectrum,COC(=O)Nc1nc2cc(Sc3ccccc3)ccc2[nH]1,"InChI=1S/C15H13N3O2S/c1-20-15(19)18-14-16-12-8-7-11(9-13(12)17-14)21-10-5-3-2-4-6-10/h2-9H,1H3,(H2,16,17,18,19)",HDDSHPAODJUKPD-UHFFFAOYSA-N,HDDSHPAODJUKPD,COC(=O)Nc1nc2cc(Sc3ccccc3)ccc2[nH]1,O75496_WT;P04637_WT;P05177_WT;P18113_WT;Q9NUW8_WT,P04637_WT;P18113_WT;Q9NUW8_WT,P04637_WT,,,,,reducer
Valacyclovir hydrochloride,inactive,CC(C)[C@H](N)C(=O)OCCOCn1cnc2c1nc(N)[nH]c2=O,spectrum,CC(C)C(N)C(=O)OCCOCn1cnc2c(=O)[nH]c(N)nc21,"InChI=1S/C13H20N6O4/c1-7(2)8(14)12(21)23-4-3-22-6-19-5-16-9-10(19)17-13(15)18-11(9)20/h5,7-8H,3-4,6,14H2,1-2H3,(H3,15,17,18,20)",HDOVUKNUBWVHOX-UHFFFAOYSA-N,HDOVUKNUBWVHOX,CC(C)C(N)C(=O)OCCOCn1cnc2c(=O)[nH]c(N)nc21,P28482_WT,P28482_WT,P28482_WT,P28482_WT,,,,inactive
Bendroflumethiazide,inactive,NS(=O)(=O)c1cc2c(cc1C(F)(F)F)NC(Cc1ccccc1)NS2(=O)=O,spectrum,NS(=O)(=O)c1cc2c(cc1C(F)(F)F)NC(Cc1ccccc1)NS2(=O)=O,"InChI=1S/C15H14F3N3O4S2/c16-15(17,18)10-7-11-13(8-12(10)26(19,22)23)27(24,25)21-14(20-11)6-9-4-2-1-3-5-9/h1-5,7-8,14,20-21H,6H2,(H2,19,22,23)",HDWIHXWEUNVBIY-UHFFFAOYSA-N,HDWIHXWEUNVBIY,NS(=O)(=O)c1cc2c(cc1C(F)(F)F)NC(Cc1ccccc1)NS2(=O)=O,,,,,,,,inactive
Amg-208,inactive,C1(=CC=C2C(=C1)N=CC=C2OCC3N4C(=NN=3)C=CC(=N4)C5=CC=CC=C5)OC,selleckchem,COc1ccc2c(OCc3nnc4ccc(-c5ccccc5)nn34)ccnc2c1,"InChI=1S/C22H17N5O2/c1-28-16-7-8-17-19(13-16)23-12-11-20(17)29-14-22-25-24-21-10-9-18(26-27(21)22)15-5-3-2-4-6-15/h2-13H,14H2,1H3",HEAIZQNMNCHNFD-UHFFFAOYSA-N,HEAIZQNMNCHNFD,COc1ccc2c(OCc3nnc4ccc(-c5ccccc5)nn34)ccnc2c1,O75369_WT;P08581_WT;P22612_WT;Q5T0W9_WT,O75369_WT;P08581_WT;P22612_WT;Q5T0W9_WT,P08581_WT;P22612_WT;Q5T0W9_WT,P08581_WT;P22612_WT;Q5T0W9_WT,P22612_WT;Q5T0W9_WT,P22612_WT,,inactive
Dexibuprofen,inactive,CC(C)Cc1ccc([C@H](C)C(=O)O)cc1,spectrum,CC(C)Cc1ccc(C(C)C(=O)O)cc1,"InChI=1S/C13H18O2/c1-9(2)8-11-4-6-12(7-5-11)10(3)13(14)15/h4-7,9-10H,8H2,1-3H3,(H,14,15)",HEFNNWSXXWATRW-UHFFFAOYSA-N,HEFNNWSXXWATRW,CC(C)Cc1ccc(C(C)C(=O)O)cc1,P10145_WT;P23219_WT;Q9NR56_WT;Q05769_WT,P10145_WT;P23219_WT;Q9NR56_WT,P10145_WT,,,,,inactive
Gemfibrozil,inactive,Cc1cc(OCCCC(C)(C)C(=O)O)c(C)cc1,spectrum,Cc1ccc(C)c(OCCCC(C)(C)C(=O)O)c1,"InChI=1S/C15H22O3/c1-11-6-7-12(2)13(10-11)18-9-5-8-15(3,4)14(16)17/h6-7,10H,5,8-9H2,1-4H3,(H,16,17)",HEMJJKBWTPKOJG-UHFFFAOYSA-N,HEMJJKBWTPKOJG,Cc1ccc(C)c(OCCCC(C)(C)C(=O)O)c1,P02766_WT,P02766_WT,,,,,,inactive
Lecanoric acid,inactive,Cc1c(C(=O)O)c(O)cc(OC(=O)c2c(O)cc(O)cc2C)c1,spectrum,Cc1cc(OC(=O)c2c(C)cc(O)cc2O)cc(O)c1C(=O)O,"InChI=1S/C16H14O7/c1-7-3-9(17)5-11(18)14(7)16(22)23-10-4-8(2)13(15(20)21)12(19)6-10/h3-6,17-19H,1-2H3,(H,20,21)",HEMSJKZDHNSSEW-UHFFFAOYSA-N,HEMSJKZDHNSSEW,Cc1cc(OC(=O)c2c(C)cc(O)cc2O)cc(O)c1C(=O)O,,,,,,,,inactive
Ruxolitinib,antineoplastic,N1=CN=C2C(=C1C3=CN(N=C3)[C@@H](CC#N)C4CCCC4)C=CN2,selleckchem,N#CC[C@@H](C1CCCC1)n1cc(-c2ncnc3[nH]ccc23)cn1,"InChI=1S/C17H18N6/c18-7-5-15(12-3-1-2-4-12)23-10-13(9-22-23)16-14-6-8-19-17(14)21-11-20-16/h6,8-12,15H,1-5H2,(H,19,20,21)/t15-/m0/s1",HFNKQEVNSGCOJV-HNNXBMFYSA-N,HFNKQEVNSGCOJV,N#CC[C@@H](C1CCCC1)n1cc(-c2ncnc3[nH]ccc23)cn1,O00444_WT;O14976_WT;O15075_WT;O43293_WT;O43318_WT;O60674_WT;O75116_WT;O75385_WT;O75582_WT;O75676_WT;O75716_WT;O95782_WT;P07949_M918T;P07949_V804L;P07949_V804M;P07949_WT;P17612_WT;P23458_WT;P29376_WT;P29597_WT;P33981_WT;P34947_WT;P46734_WT;P49760_WT;P51617_WT;P52333_WT;P53350_WT;P53355_WT;Q2M2I8_WT;Q5S007_G2019S;Q5S007_WT;Q6ZSR9_WT;Q7KZI7_WT;Q8IU85_WT;Q8IYT8_WT;Q8N568_WT;Q8NFD2_WT;Q8WTQ7_WT;Q9C098_WT;Q9H2K8_WT;Q9H4B4_WT;Q9H093_WT;Q9HAZ1_WT;Q9HBH9_WT;Q9UBN7_WT;Q9UIK4_WT;Q9UK32_WT;Q9UQM7_WT;Q9Y2H9_WT;Q9Y2U5_WT;Q56UN5_WT;Q02156_WT;Q07912_WT;Q13237_WT;Q13464_WT;Q13554_WT;Q13555_WT;Q13557_WT;Q13873_WT;Q14012_WT;Q15349_WT;Q15746_WT;Q15835_WT;Q16288_WT;Q16566_WT;Q16620_WT;Q62120_WT;Q99759_WT,O00444_WT;O14976_WT;O15075_WT;O43293_WT;O60674_WT;O75116_WT;O75385_WT;O75582_WT;P07949_V804L;P07949_V804M;P17612_WT;P23458_WT;P29376_WT;P29597_WT;P51617_WT;P52333_WT;P53355_WT;Q5S007_G2019S;Q5S007_WT;Q6ZSR9_WT;Q8IU85_WT;Q8IYT8_WT;Q9C098_WT;Q9HBH9_WT;Q9UBN7_WT;Q9UIK4_WT;Q9UK32_WT;Q9UQM7_WT;Q9Y2U5_WT;Q56UN5_WT;Q13464_WT;Q13554_WT;Q13555_WT;Q13557_WT;Q15349_WT;Q16566_WT;Q62120_WT;Q99759_WT,O14976_WT;O15075_WT;O43293_WT;O60674_WT;O75116_WT;P23458_WT;P29597_WT;P52333_WT;P53355_WT;Q5S007_G2019S;Q9UBN7_WT;Q9UIK4_WT;Q9Y2U5_WT,O60674_WT;P23458_WT;P29597_WT;Q9UBN7_WT,O60674_WT;P23458_WT,,,antineoplastic
Zstk474,reducer,N1=C(N=C(N=C1N2CCOCC2)N3C4=C(N=C3C(F)F)C=CC=C4)N5CCOCC5,selleckchem,FC(F)c1nc2ccccc2n1-c1nc(N2CCOCC2)nc(N2CCOCC2)n1,"InChI=1S/C19H21F2N7O2/c20-15(21)16-22-13-3-1-2-4-14(13)28(16)19-24-17(26-5-9-29-10-6-26)23-18(25-19)27-7-11-30-12-8-27/h1-4,15H,5-12H2",HGVNLRPZOWWDKD-UHFFFAOYSA-N,HGVNLRPZOWWDKD,FC(F)c1nc2ccccc2n1-c1nc(N2CCOCC2)nc(N2CCOCC2)n1,O00329_WT;O00750_WT;P42336_WT;P42337_WT;P42338_WT;P42345_WT;P42346_WT;P48736_WT,O00329_WT;O00750_WT;P42336_WT;P42337_WT;P42338_WT;P42346_WT;P48736_WT,O00329_WT;P42336_WT;P42337_WT;P42338_WT;P42346_WT;P48736_WT,O00329_WT;P42336_WT;P42337_WT;P48736_WT,O00329_WT;P42337_WT;P48736_WT,,,reducer
Atropine oxide,inactive,C[N+]1([O-])[C@H]2CC[C@@H]1CC(OC(=O)C(CO)c1ccccc1)C2,spectrum,C[N+]1([O-])[C@@H]2CC[C@H]1CC(OC(=O)C(CO)c1ccccc1)C2,"InChI=1S/C17H23NO4/c1-18(21)13-7-8-14(18)10-15(9-13)22-17(20)16(11-19)12-5-3-2-4-6-12/h2-6,13-16,19H,7-11H2,1H3/t13-,14+,15?,16?,18?",HGWPFSBHDACWNL-GFBLOWMDSA-N,HGWPFSBHDACWNL,C[N+]1([O-])[C@@H]2CC[C@H]1CC(OC(=O)C(CO)c1ccccc1)C2,P18113_WT,,,,,,,inactive
Mln8054,inactive,C1=C(C=C2C(=C1)C3=C(CN=C2C4=C(C=CC=C4F)F)C=NC(=N3)NC5=CC=C(C=C5)C(=O)O)Cl,selleckchem,O=C(O)c1ccc(Nc2ncc3c(n2)-c2ccc(Cl)cc2C(c2c(F)cccc2F)=NC3)cc1,"InChI=1S/C25H15ClF2N4O2/c26-15-6-9-17-18(10-15)23(21-19(27)2-1-3-20(21)28)29-11-14-12-30-25(32-22(14)17)31-16-7-4-13(5-8-16)24(33)34/h1-10,12H,11H2,(H,33,34)(H,30,31,32)",HHFBDROWDBDFBR-UHFFFAOYSA-N,HHFBDROWDBDFBR,O=C(O)c1ccc(Nc2ncc3c(n2)-c2ccc(Cl)cc2C(c2c(F)cccc2F)=NC3)cc1,O00444_WT;O14965_WT;O43741_WT;O70126_WT;O94768_WT;P00519_H396P;P00519_M351T;P00519_Q252H;P00519_WT;P00519_Y253F;P06239_WT;P07947_WT;P07948_WT;P09769_WT;P12931_WT;P14867_WT;P22607_WT;P29317_WT;P30530_WT;P42680_WT;P51451_WT;P54760_WT;P54762_WT;P97477_WT;Q9NQS7_WT;Q9UEE5_WT;Q9UF33_WT;Q9UQB9_WT;Q96GD4_WT;Q02763_WT;Q12866_WT,O14965_WT;O43741_WT;O70126_WT;O94768_WT;P07947_WT;P09769_WT;P51451_WT;P97477_WT;Q9NQS7_WT;Q9UEE5_WT;Q9UQB9_WT;Q96GD4_WT;Q02763_WT,O14965_WT;O43741_WT;O94768_WT;P51451_WT;P97477_WT;Q9UQB9_WT,O14965_WT;O94768_WT;P97477_WT;Q9UQB9_WT,O14965_WT;O94768_WT;P97477_WT,,,inactive
Retusin,inactive,COc1cc2c(c(O)c1)c(=O)c(OC)c(-c1cc(OC)c(OC)cc1)o2,spectrum,COc1cc(O)c2c(=O)c(OC)c(-c3ccc(OC)c(OC)c3)oc2c1,"InChI=1S/C19H18O7/c1-22-11-8-12(20)16-15(9-11)26-18(19(25-4)17(16)21)10-5-6-13(23-2)14(7-10)24-3/h5-9,20H,1-4H3",HHGPYJLEJGNWJA-UHFFFAOYSA-N,HHGPYJLEJGNWJA,COc1cc(O)c2c(=O)c(OC)c(-c3ccc(OC)c(OC)c3)oc2c1,Q9UNQ0_WT,,,,,,,inactive
Nilotinib,antineoplastic,C1(=CC=C(C(=C1)NC2=NC=CC(=N2)C3=CN=CC=C3)C)C(=O)NC4=CC(=CC(=C4)N5C=C(N=C5)C)C(F)(F)F,selleckchem,Cc1cn(-c2cc(NC(=O)c3ccc(C)c(Nc4nccc(-c5cccnc5)n4)c3)cc(C(F)(F)F)c2)cn1,"InChI=1S/C28H22F3N7O/c1-17-5-6-19(10-25(17)37-27-33-9-7-24(36-27)20-4-3-8-32-14-20)26(39)35-22-11-21(28(29,30)31)12-23(13-22)38-15-18(2)34-16-38/h3-16H,1-2H3,(H,35,39)(H,33,36,37)",HHZIURLSWUIHRB-UHFFFAOYSA-N,HHZIURLSWUIHRB,Cc1cn(-c2cc(NC(=O)c3ccc(C)c(Nc4nccc(-c5cccnc5)n4)c3)cc(C(F)(F)F)c2)cn1,O15197_WT;O15357_WT;O43570_WT;P00519_E255K;P00519_F317I;P00519_F317L;P00519_H396P;P00519_M351T;P00519_Q252H;P00519_T315I;P00519_WT;P00519_Y253F;P00915_WT;P00918_WT;P06239_WT;P07333_WT;P07451_WT;P07949_WT;P08631_WT;P08684_WT;P09581_WT;P09619_WT;P09769_WT;P10721_A829P;P10721_D816H;P10721_D816V;P10721_L576P;P10721_V559D;P10721_V559D_T670I;P10721_V559D_V654A;P10721_WT;P11274_WT;P15056_V600E;P15056_WT;P16234_WT;P21709_WT;P22748_WT;P23280_WT;P29317_WT;P29320_WT;P29322_WT;P29323_WT;P42684_WT;P42685_WT;P43166_WT;P45983_WT;P51451_WT;P54760_WT;P54764_WT;P62993_WT;Q9NYL2_WT;Q9UF33_WT;Q9ULX7_WT;Q9Y5S2_WT;Q59H18_WT;Q99N23_WT;Q08345_WT;Q12809_WT;Q13163_WT;Q13418_WT;Q15759_WT;Q16288_WT;Q16539_WT;Q16620_WT;Q16790_WT;Q16832_WT;Q92918_WT,O43570_WT;P00519_E255K;P00519_F317I;P00519_F317L;P00519_H396P;P00519_M351T;P00519_Q252H;P00519_WT;P00519_Y253F;P00915_WT;P00918_WT;P06239_WT;P07333_WT;P09619_WT;P10721_A829P;P10721_L576P;P10721_V559D;P10721_V559D_T670I;P10721_V559D_V654A;P10721_WT;P16234_WT;P29320_WT;P29322_WT;P42684_WT;P42685_WT;P43166_WT;P62993_WT;Q9NYL2_WT;Q9ULX7_WT;Q99N23_WT;Q08345_WT;Q13163_WT;Q13418_WT;Q15759_WT;Q16790_WT;Q16832_WT,P00519_E255K;P00519_F317I;P00519_F317L;P00519_H396P;P00519_M351T;P00519_Q252H;P00519_WT;P00519_Y253F;P00915_WT;P00918_WT;P06239_WT;P07333_WT;P09619_WT;P10721_A829P;P10721_L576P;P10721_V559D;P10721_WT;P16234_WT;P29322_WT;Q99N23_WT;Q08345_WT;Q13418_WT;Q15759_WT;Q16790_WT;Q16832_WT,P00519_F317L;P00519_H396P;P00519_M351T;P00519_Q252H;P00519_WT;P00519_Y253F;P00915_WT;P00918_WT;P10721_L576P;P10721_WT;Q13418_WT,P00918_WT,,,antineoplastic
Dimethylcaffeic acid,inactive,COc1ccc(/C=C/C(=O)O)cc1OC,spectrum,COc1ccc(/C=C/C(=O)O)cc1OC,"InChI=1S/C11H12O4/c1-14-9-5-3-8(4-6-11(12)13)7-10(9)15-2/h3-7H,1-2H3,(H,12,13)/b6-4+",HJBWJAPEBGSQPR-GQCTYLIASA-N,HJBWJAPEBGSQPR,COc1ccc(/C=C/C(=O)O)cc1OC,Q16637_WT,,,,,,,inactive
Desacetylkhivorinic acid. methyl ester,inactive,COC(=O)[C@@H]1OC(=O)C2OC23[C@@]1(C)CCC1[C@]2(C)C(C[C@@H](O)[C@]13C)C(C)(C)[C@H](OC(C)=O)C[C@@H]2OC(C)=O,spectrum,COC(=O)C1OC(=O)C2OC23[C@@]1(C)CCC1[C@]2(C)C(C[C@@H](O)[C@]13C)C(C)(C)[C@H](OC(C)=O)C[C@@H]2OC(C)=O,"InChI=1S/C28H40O10/c1-13(29)35-18-12-19(36-14(2)30)26(6)15-9-10-25(5)20(22(32)34-8)37-23(33)21-28(25,38-21)27(15,7)17(31)11-16(26)24(18,3)4/h15-21,31H,9-12H2,1-8H3/t15?,16?,17-,18-,19+,20?,21?,25+,26-,27+,28?/m1/s1",HJESSLHNQMBHEX-PVWDFDGISA-N,HJESSLHNQMBHEX,COC(=O)C1OC(=O)C2OC23[C@@]1(C)CCC1[C@]2(C)C(C[C@@H](O)[C@]13C)C(C)(C)[C@H](OC(C)=O)C[C@@H]2OC(C)=O,P08684_WT,,,,,,,inactive
Tinidazole,inactive,CCS(=O)(=O)CCn1c([N+](=O)[O-])cnc1C,spectrum,CCS(=O)(=O)CCn1c([N+](=O)[O-])cnc1C,"InChI=1S/C8H13N3O4S/c1-3-16(14,15)5-4-10-7(2)9-6-8(10)11(12)13/h6H,3-5H2,1-2H3",HJLSLZFTEKNLFI-UHFFFAOYSA-N,HJLSLZFTEKNLFI,CCS(=O)(=O)CCn1c([N+](=O)[O-])cnc1C,,,,,,,,inactive
Desoxycorticosterone acetate,inactive,CC(=O)OCC(=O)[C@H]1CCC2C3CCC4=CC(=O)CC[C@]4(C)C3CC[C@@]21C,spectrum,CC(=O)OCC(=O)C1CCC2C3CC=C4CC(=O)CC[C@]4(C)C3CC[C@]12C,"InChI=1S/C23H32O4/c1-14(24)27-13-21(26)20-7-6-18-17-5-4-15-12-16(25)8-10-22(15,2)19(17)9-11-23(18,20)3/h4,17-20H,5-13H2,1-3H3/t17?,18?,19?,20?,22-,23-/m0/s1",HJMATBDGCKEHQI-ZIZMYJMESA-N,HJMATBDGCKEHQI,CC(=O)OCC(=O)C1CCC2C3CC=C4CC(=O)CC[C@]4(C)C3CC[C@]12C,P04150_WT;P10275_WT,P10275_WT,P10275_WT,P10275_WT,,,,inactive
Rolipram,inactive,COc1c(OC2CCCC2)cc(C2CNC(=O)C2)cc1,spectrum,COc1ccc(C2CNC(=O)C2)cc1OC1CCCC1,"InChI=1S/C16H21NO3/c1-19-14-7-6-11(12-9-16(18)17-10-12)8-15(14)20-13-4-2-3-5-13/h6-8,12-13H,2-5,9-10H2,1H3,(H,17,18)",HJORMJIFDVBMOB-UHFFFAOYSA-N,HJORMJIFDVBMOB,COc1ccc(C2CNC(=O)C2)cc1OC1CCCC1,O76074_WT;P01375_WT;P27815_WT;P43220_WT;Q07343_WT;Q08499_WT;Q92793_WT,P27815_WT;P43220_WT;Q92793_WT,P43220_WT;Q92793_WT,Q92793_WT,,,,inactive
Xl765,inactive,C12=CC=CC=C1N=C(C(=N2)NC3=CC(=CC(=C3)OC)OC)NS(C4=CC=C(C=C4)NC(=O)C5=CC=C(C(=C5)OC)C)(=O)=O,selleckchem,COc1cc(Nc2nc3ccccc3nc2NS(=O)(=O)c2ccc(NC(=O)c3ccc(C)c(OC)c3)cc2)cc(OC)c1,"InChI=1S/C31H29N5O6S/c1-19-9-10-20(15-28(19)42-4)31(37)33-21-11-13-25(14-12-21)43(38,39)36-30-29(34-26-7-5-6-8-27(26)35-30)32-22-16-23(40-2)18-24(17-22)41-3/h5-18H,1-4H3,(H,32,34)(H,33,37)(H,35,36)",HJSSPYJVWLTYHG-UHFFFAOYSA-N,HJSSPYJVWLTYHG,COc1cc(Nc2nc3ccccc3nc2NS(=O)(=O)c2ccc(NC(=O)c3ccc(C)c(OC)c3)cc2)cc(OC)c1,O00329_WT;P42336_WT;P42338_WT;P42345_WT;P48736_WT;P78527_WT,O00329_WT;P42336_WT;P42338_WT;P42345_WT;P48736_WT;P78527_WT,O00329_WT;P42336_WT;P48736_WT,P48736_WT,P48736_WT,,,inactive
Puerarin,inactive,O=c1c(-c2ccc(O)cc2)coc2c1ccc(O)c2C1O[C@H](CO)[C@@H](O)[C@H](O)[C@H]1O,spectrum,O=c1c(-c2ccc(O)cc2)coc2c(C3O[C@H](CO)[C@@H](O)[C@H](O)[C@H]3O)c(O)ccc12,"InChI=1S/C21H20O9/c22-7-14-17(26)18(27)19(28)21(30-14)15-13(24)6-5-11-16(25)12(8-29-20(11)15)9-1-3-10(23)4-2-9/h1-6,8,14,17-19,21-24,26-28H,7H2/t14-,17-,18+,19-,21?/m1/s1",HKEAFJYKMMKDOR-YWFAZRBLSA-N,HKEAFJYKMMKDOR,O=c1c(-c2ccc(O)cc2)coc2c(C3O[C@H](CO)[C@@H](O)[C@H](O)[C@H]3O)c(O)ccc12,O43570_WT;P43166_WT,,,,,,,inactive
Formononetin,inactive,COc1ccc(-c2coc3cc(O)ccc3c2=O)cc1,spectrum,COc1ccc(-c2coc3cc(O)ccc3c2=O)cc1,"InChI=1S/C16H12O4/c1-19-12-5-2-10(3-6-12)14-9-20-15-8-11(17)4-7-13(15)16(14)18/h2-9,17H,1H3",HKQYGTCOTHHOMP-UHFFFAOYSA-N,HKQYGTCOTHHOMP,COc1ccc(-c2coc3cc(O)ccc3c2=O)cc1,P10276_WT;P11511_WT;P11712_WT;P51450_WT,P11712_WT,P11712_WT,P11712_WT,,,,inactive
Estrone benzoate,inactive,C[C@]12CCC3c4c(cc(OC(=O)c5ccccc5)cc4)CCC3C1CCC2=O,spectrum,C[C@]12CCC3c4ccc(OC(=O)c5ccccc5)cc4CCC3C1CCC2=O,"InChI=1S/C25H26O3/c1-25-14-13-20-19-10-8-18(28-24(27)16-5-3-2-4-6-16)15-17(19)7-9-21(20)22(25)11-12-23(25)26/h2-6,8,10,15,20-22H,7,9,11-14H2,1H3/t20?,21?,22?,25-/m0/s1",HKUKRSLIEVXDMS-DJYNTIJESA-N,HKUKRSLIEVXDMS,C[C@]12CCC3c4ccc(OC(=O)c5ccccc5)cc4CCC3C1CCC2=O,,,,,,,,inactive
Levamisole hydrochloride,inactive,c1ccc([C@H]2CN3CCSC3=N2)cc1,spectrum,c1ccc([C@H]2CN3CCSC3=N2)cc1,"InChI=1S/C11H12N2S/c1-2-4-9(5-3-1)10-8-13-6-7-14-11(13)12-10/h1-5,10H,6-8H2/t10-/m1/s1",HLFSDGLLUJUHTE-SNVBAGLBSA-N,HLFSDGLLUJUHTE,c1ccc([C@H]2CN3CCSC3=N2)cc1,P03372_WT;P28482_WT,P03372_WT;P28482_WT,P03372_WT;P28482_WT,P28482_WT,P28482_WT,P28482_WT,,inactive
Salsolidine,inactive,COc1c(OC)cc2c(c1)CCNC2C,spectrum,COc1cc2c(cc1OC)C(C)NCC2,"InChI=1S/C12H17NO2/c1-8-10-7-12(15-3)11(14-2)6-9(10)4-5-13-8/h6-8,13H,4-5H2,1-3H3",HMYJLVDKPJHJCF-UHFFFAOYSA-N,HMYJLVDKPJHJCF,COc1cc2c(cc1OC)C(C)NCC2,,,,,,,,inactive
3alpha-ACETOXYDIHYDRODEOXYGEDUNIN,inactive,CC(=O)O[C@@H]1CC[C@@]2(C)C(C[C@@H](OC(C)=O)[C@@]3(C)C4=CC(=O)O[C@@H](c5cocc5)[C@]4(C)CCC23)C1(C)C,spectrum,CC(=O)O[C@@H]1CC[C@@]2(C)C(C[C@@H](OC(C)=O)[C@@]3(C)C4=CC(=O)O[C@@H](c5ccoc5)[C@]4(C)CCC23)C1(C)C,"InChI=1S/C30H40O7/c1-17(31)35-23-9-12-28(5)20-8-11-29(6)22(15-25(33)37-26(29)19-10-13-34-16-19)30(20,7)24(36-18(2)32)14-21(28)27(23,3)4/h10,13,15-16,20-21,23-24,26H,8-9,11-12,14H2,1-7H3/t20?,21?,23-,24-,26+,28-,29-,30-/m1/s1",HNFPPWVGLWDXQQ-FJPSVTAHSA-N,HNFPPWVGLWDXQQ,CC(=O)O[C@@H]1CC[C@@]2(C)C(C[C@@H](OC(C)=O)[C@@]3(C)C4=CC(=O)O[C@@H](c5ccoc5)[C@]4(C)CCC23)C1(C)C,Q9Y6L6_WT,,,,,,,inactive
Methapyrilene hydrochloride,inactive,CN(C)CCN(Cc1cccs1)c1ncccc1,spectrum,CN(C)CCN(Cc1cccs1)c1ccccn1,"InChI=1S/C14H19N3S/c1-16(2)9-10-17(12-13-6-5-11-18-13)14-7-3-4-8-15-14/h3-8,11H,9-10,12H2,1-2H3",HNJJXZKZRAWDPF-UHFFFAOYSA-N,HNJJXZKZRAWDPF,CN(C)CCN(Cc1cccs1)c1ccccn1,P08172_WT;P08913_WT;P10635_WT;P28223_WT;P28335_WT;P31645_WT;P35367_WT;P41595_WT,P31645_WT;P35367_WT,P35367_WT,P35367_WT,P35367_WT,,,inactive
Docusate sodium,inactive,CCCCC(CC)COC(=O)CC(C(=O)OCC(CC)CCCC)S(=O)(=O)O,spectrum,CCCCC(CC)COC(=O)CC(C(=O)OCC(CC)CCCC)S(=O)(=O)O,"InChI=1S/C20H38O7S/c1-5-9-11-16(7-3)14-26-19(21)13-18(28(23,24)25)20(22)27-15-17(8-4)12-10-6-2/h16-18H,5-15H2,1-4H3,(H,23,24,25)",HNSDLXPSAYFUHK-UHFFFAOYSA-N,HNSDLXPSAYFUHK,CCCCC(CC)COC(=O)CC(C(=O)OCC(CC)CCCC)S(=O)(=O)O,,,,,,,,inactive
Triciribine,inactive,[C@H]1([C@@H]([C@H](O[C@@H]1N2C3=C4C(=C2)C(=NN(C4=NC=N3)C)N)CO)O)O,selleckchem,CN1N=C(N)c2cn([C@H]3O[C@H](CO)[C@@H](O)[C@H]3O)c3ncnc1c23,"InChI=1S/C13H16N6O4/c1-18-11-7-5(10(14)17-18)2-19(12(7)16-4-15-11)13-9(22)8(21)6(3-20)23-13/h2,4,6,8-9,13,20-22H,3H2,1H3,(H2,14,17)/t6-,8-,9-,13+/m1/s1",HOGVTUZUJGHKPL-CUCYUNINSA-N,HOGVTUZUJGHKPL,CN1N=C(N)c2cn([C@H]3O[C@H](CO)[C@@H](O)[C@H]3O)c3ncnc1c23,P10276_WT;P42858_WT;P51450_WT;Q16665_WT,P51450_WT;Q16665_WT,,,,,,inactive
Cephalosporin c sodium,inactive,CC(=O)OCC1=C(C(=O)O)N2C(=O)[C@@H](NC(=O)CCCC(N)C(=O)O)C2SC1,spectrum,CC(=O)OCC1=C(C(=O)O)N2C(=O)C(NC(=O)CCCC(N)C(=O)O)C2SC1,"InChI=1S/C16H21N3O8S/c1-7(20)27-5-8-6-28-14-11(13(22)19(14)12(8)16(25)26)18-10(21)4-2-3-9(17)15(23)24/h9,11,14H,2-6,17H2,1H3,(H,18,21)(H,23,24)(H,25,26)",HOKIDJSKDBPKTQ-UHFFFAOYSA-N,HOKIDJSKDBPKTQ,CC(=O)OCC1=C(C(=O)O)N2C(=O)C(NC(=O)CCCC(N)C(=O)O)C2SC1,,,,,,,,inactive
Ifosfamide,antineoplastic,O=P1(NCCCl)OCCCN1CCCl,spectrum,O=P1(NCCCl)OCCCN1CCCl,"InChI=1S/C7H15Cl2N2O2P/c8-2-4-10-14(12)11(6-3-9)5-1-7-13-14/h1-7H2,(H,10,12)",HOMGKSMUEGBAAB-UHFFFAOYSA-N,HOMGKSMUEGBAAB,O=P1(NCCCl)OCCCN1CCCl,,,,,,,,antineoplastic
Clidinium bromide,inactive,C[N+]12CCC(CC1)C(OC(=O)C(O)(c1ccccc1)c1ccccc1)C2,spectrum,C[N+]12CCC(CC1)C(OC(=O)C(O)(c1ccccc1)c1ccccc1)C2,"InChI=1S/C22H26NO3/c1-23-14-12-17(13-15-23)20(16-23)26-21(24)22(25,18-8-4-2-5-9-18)19-10-6-3-7-11-19/h2-11,17,20,25H,12-16H2,1H3/q+1",HOOSGZJRQIVJSZ-UHFFFAOYSA-N,HOOSGZJRQIVJSZ,C[N+]12CCC(CC1)C(OC(=O)C(O)(c1ccccc1)c1ccccc1)C2,P08482_WT;P10980_WT;Q61143_WT,P08482_WT;P10980_WT;Q61143_WT,P08482_WT;P10980_WT;Q61143_WT,P08482_WT;P10980_WT,P08482_WT;P10980_WT,P08482_WT;P10980_WT,P08482_WT;P10980_WT,inactive
Guanadrel sulfate,inactive,N=C(N)NCC1COC2(CCCCC2)O1,spectrum,N=C(N)NCC1COC2(CCCCC2)O1,"InChI=1S/C10H19N3O2/c11-9(12)13-6-8-7-14-10(15-8)4-2-1-3-5-10/h8H,1-7H2,(H4,11,12,13)",HPBNRIOWIXYZFK-UHFFFAOYSA-N,HPBNRIOWIXYZFK,N=C(N)NCC1COC2(CCCCC2)O1,,,,,,,,inactive
Letrozole,inactive,N#Cc1ccc(C(c2ccc(C#N)cc2)n2cncn2)cc1,spectrum,N#Cc1ccc(C(c2ccc(C#N)cc2)n2cncn2)cc1,"InChI=1S/C17H11N5/c18-9-13-1-5-15(6-2-13)17(22-12-20-11-21-22)16-7-3-14(10-19)4-8-16/h1-8,11-12,17H",HPJKCIUCZWXJDR-UHFFFAOYSA-N,HPJKCIUCZWXJDR,N#Cc1ccc(C(c2ccc(C#N)cc2)n2cncn2)cc1,P11511_WT,P11511_WT,P11511_WT,P11511_WT,P11511_WT,,,inactive
Idazoxan hydrochloride,inactive,c1ccc2OC(C3=NCCN3)COc2c1,spectrum,c1ccc2c(c1)OCC(C1=NCCN1)O2,"InChI=1S/C11H12N2O2/c1-2-4-9-8(3-1)14-7-10(15-9)11-12-5-6-13-11/h1-4,10H,5-7H2,(H,12,13)",HPMRFMKYPGXPEP-UHFFFAOYSA-N,HPMRFMKYPGXPEP,c1ccc2c(c1)OCC(C1=NCCN1)O2,P08913_WT;P10635_WT;P18089_WT;P18825_WT;Q9Y2I1_WT,P08913_WT;P18089_WT;P18825_WT,P08913_WT;P18089_WT;P18825_WT,P08913_WT;P18089_WT;P18825_WT,P08913_WT,,,inactive
Mycophenolic acid,inactive,COc1c(C/C=C(\C)CCC(=O)O)c(O)c2C(=O)OCc2c1C,spectrum,COc1c(C)c2c(c(O)c1C/C=C(\C)CCC(=O)O)C(=O)OC2,"InChI=1S/C17H20O6/c1-9(5-7-13(18)19)4-6-11-15(20)14-12(8-23-17(14)21)10(2)16(11)22-3/h4,20H,5-8H2,1-3H3,(H,18,19)/b9-4+",HPNSFSBZBAHARI-RUDMXATFSA-N,HPNSFSBZBAHARI,COc1c(C)c2c(c(O)c1C/C=C(\C)CCC(=O)O)C(=O)OC2,P12268_WT;P20839_WT;Q16637_WT,P12268_WT;P20839_WT,P12268_WT;P20839_WT,P12268_WT,,,,inactive
Butacaine,inactive,CCCCN(CCCC)CCCOC(=O)c1ccc(N)cc1,spectrum,CCCCN(CCCC)CCCOC(=O)c1ccc(N)cc1,"InChI=1S/C18H30N2O2/c1-3-5-12-20(13-6-4-2)14-7-15-22-18(21)16-8-10-17(19)11-9-16/h8-11H,3-7,12-15,19H2,1-2H3",HQFWVSGBVLEQGA-UHFFFAOYSA-N,HQFWVSGBVLEQGA,CCCCN(CCCC)CCCOC(=O)c1ccc(N)cc1,P10635_WT,P10635_WT,P10635_WT,P10635_WT,P10635_WT,,,inactive
Triamcinolone diacetate,inactive,CC(=O)OCC(=O)[C@@]1(O)[C@H](OC(C)=O)CC2C3CCC4=CC(=O)C=C[C@]4(C)[C@@]3(F)[C@@H](O)C[C@@]21C,spectrum,CC(=O)OCC(=O)[C@@]1(O)[C@H](OC(C)=O)CC2C3CC=C4CC(=O)C=C[C@]4(C)[C@@]3(F)[C@@H](O)C[C@@]21C,"InChI=1S/C25H31FO8/c1-13(27)33-12-20(31)25(32)21(34-14(2)28)10-18-17-6-5-15-9-16(29)7-8-22(15,3)24(17,26)19(30)11-23(18,25)4/h5,7-8,17-19,21,30,32H,6,9-12H2,1-4H3/t17?,18?,19-,21+,22-,23-,24-,25+/m0/s1",HQIRMDPUQNLPCW-KUZKEXDLSA-N,HQIRMDPUQNLPCW,CC(=O)OCC(=O)[C@@]1(O)[C@H](OC(C)=O)CC2C3CC=C4CC(=O)C=C[C@]4(C)[C@@]3(F)[C@@H](O)C[C@@]21C,P03372_WT;P04150_WT;P10275_WT;P11511_WT;P51450_WT,P03372_WT;P04150_WT;P10275_WT;P11511_WT;P51450_WT,P03372_WT;P10275_WT,,,,,inactive
Cedryl acetate,inactive,CC(=O)O[C@]1(C)CC[C@@]23CC1C(C)(C)[C@@H]2CC[C@H]3C,spectrum,CC(=O)O[C@]1(C)CC[C@@]23CC1C(C)(C)[C@@H]2CC[C@H]3C,"InChI=1S/C17H28O2/c1-11-6-7-13-15(3,4)14-10-17(11,13)9-8-16(14,5)19-12(2)18/h11,13-14H,6-10H2,1-5H3/t11-,13+,14?,16-,17+/m1/s1",HQKQRXZEXPXXIG-VNHGCOAGSA-N,HQKQRXZEXPXXIG,CC(=O)O[C@]1(C)CC[C@@]23CC1C(C)(C)[C@@H]2CC[C@H]3C,,,,,,,,inactive
Clofoctol,inactive,CC(C)(C)CC(C)(C)c1cc(Cc2c(Cl)cc(Cl)cc2)c(O)cc1,spectrum,CC(C)(C)CC(C)(C)c1ccc(O)c(Cc2ccc(Cl)cc2Cl)c1,"InChI=1S/C21H26Cl2O/c1-20(2,3)13-21(4,5)16-7-9-19(24)15(11-16)10-14-6-8-17(22)12-18(14)23/h6-9,11-12,24H,10,13H2,1-5H3",HQVZOORKDNCGCK-UHFFFAOYSA-N,HQVZOORKDNCGCK,CC(C)(C)CC(C)(C)c1ccc(O)c(Cc2ccc(Cl)cc2Cl)c1,,,,,,,,inactive
Naftopidil,enhancer,COc1c(N2CCN(CC(O)COc3c4ccccc4ccc3)CC2)cccc1,spectrum,COc1ccccc1N1CCN(CC(O)COc2cccc3ccccc23)CC1,"InChI=1S/C24H28N2O3/c1-28-24-11-5-4-10-22(24)26-15-13-25(14-16-26)17-20(27)18-29-23-12-6-8-19-7-2-3-9-21(19)23/h2-12,20,27H,13-18H2,1H3",HRRBJVNMSRJFHQ-UHFFFAOYSA-N,HRRBJVNMSRJFHQ,COc1ccccc1N1CCN(CC(O)COc2cccc3ccccc23)CC1,P10635_WT;P15823_WT;P23944_WT;P25100_WT;P35348_WT;P35368_WT;P43140_WT;Q12809_WT,P15823_WT;P23944_WT;P25100_WT;P35348_WT;P35368_WT;P43140_WT,P23944_WT;P25100_WT;P35348_WT;P43140_WT,P25100_WT;P35348_WT,P25100_WT;P35348_WT,,,enhancer
Pronetalol hydrochloride,inactive,CC(C)NCC(O)c1cc2ccccc2cc1,spectrum,CC(C)NCC(O)c1ccc2ccccc2c1,"InChI=1S/C15H19NO/c1-11(2)16-10-15(17)14-8-7-12-5-3-4-6-13(12)9-14/h3-9,11,15-17H,10H2,1-2H3",HRSANNODOVBCST-UHFFFAOYSA-N,HRSANNODOVBCST,CC(C)NCC(O)c1ccc2ccccc2c1,P10275_WT,P10275_WT,P10275_WT,P10275_WT,P10275_WT,P10275_WT,,inactive
Khellin,inactive,COc1c2oc(C)cc(=O)c2c(OC)c2c1occ2,spectrum,COc1c2occc2c(OC)c2c(=O)cc(C)oc12,"InChI=1S/C14H12O5/c1-7-6-9(15)10-11(16-2)8-4-5-18-12(8)14(17-3)13(10)19-7/h4-6H,1-3H3",HSMPDPBYAYSOBC-UHFFFAOYSA-N,HSMPDPBYAYSOBC,COc1c2occc2c(OC)c2c(=O)cc(C)oc12,P05177_WT;P35869_WT,P05177_WT;P35869_WT,P05177_WT,,,,,inactive
Piceid,inactive,OC[C@H]1O[C@H](Oc2cc(O)cc(/C=C/c3ccc(O)cc3)c2)[C@H](O)[C@@H](O)[C@@H]1O,spectrum,OC[C@H]1O[C@H](Oc2cc(O)cc(C=Cc3ccc(O)cc3)c2)[C@H](O)[C@@H](O)[C@@H]1O,"InChI=1S/C20H22O8/c21-10-16-17(24)18(25)19(26)20(28-16)27-15-8-12(7-14(23)9-15)2-1-11-3-5-13(22)6-4-11/h1-9,16-26H,10H2/t16-,17-,18+,19-,20+/m1/s1",HSTZMXCBWJGKHG-OBKDMQGPSA-N,HSTZMXCBWJGKHG,OC[C@H]1O[C@H](Oc2cc(O)cc(C=Cc3ccc(O)cc3)c2)[C@H](O)[C@@H](O)[C@@H]1O,,,,,,,,inactive
Diltiazem hydrochloride,inactive,COc1ccc(C2Sc3ccccc3N(CCN(C)C)C(=O)C2OC(C)=O)cc1,spectrum,COc1ccc(C2Sc3ccccc3N(CCN(C)C)C(=O)C2OC(C)=O)cc1,"InChI=1S/C22H26N2O4S/c1-15(25)28-20-21(16-9-11-17(27-4)12-10-16)29-19-8-6-5-7-18(19)24(22(20)26)14-13-23(2)3/h5-12,20-21H,13-14H2,1-4H3",HSUGRBWQSSZJOP-UHFFFAOYSA-N,HSUGRBWQSSZJOP,COc1ccc(C2Sc3ccccc3N(CCN(C)C)C(=O)C2OC(C)=O)cc1,P22002_WT;P27732_WT;P51450_WT;P97697_WT;Q13698_WT,P22002_WT;P27732_WT,P27732_WT,,,,,inactive
Xylometazoline hydrochloride,inactive,Cc1c(CC2=NCCN2)c(C)cc(C(C)(C)C)c1,spectrum,Cc1cc(C(C)(C)C)cc(C)c1CC1=NCCN1,"InChI=1S/C16H24N2/c1-11-8-13(16(3,4)5)9-12(2)14(11)10-15-17-6-7-18-15/h8-9H,6-7,10H2,1-5H3,(H,17,18)",HUCJFAOMUPXHDK-UHFFFAOYSA-N,HUCJFAOMUPXHDK,Cc1cc(C(C)(C)C)cc(C)c1CC1=NCCN1,P08908_WT;P28221_WT;P28222_WT;P35348_WT;P63092_WT,P08908_WT;P28221_WT;P28222_WT;P35348_WT,P28221_WT;P28222_WT;P35348_WT,P28221_WT;P28222_WT,P28221_WT,P28221_WT,P28221_WT,inactive
Benzanthrone,inactive,O=C1c2c(cccc2)-c2cccc3cccc1c23,spectrum,O=C1c2ccccc2-c2cccc3cccc1c23,InChI=1S/C17H10O/c18-17-14-8-2-1-7-12(14)13-9-3-5-11-6-4-10-15(17)16(11)13/h1-10H,HUKPVYBUJRAUAG-UHFFFAOYSA-N,HUKPVYBUJRAUAG,O=C1c2ccccc2-c2cccc3cccc1c23,,,,,,,,inactive
Convallatoxin,inactive,C[C@@H]1O[C@@H](O[C@H]2CC[C@]3(C=O)C4CC[C@]5(C)[C@@H](C6=CC(=O)OC6)CC[C@]5(O)C4CC[C@]3(O)C2)[C@H](O)[C@H](O)[C@H]1O,spectrum,C[C@@H]1O[C@@H](O[C@H]2CC[C@]3(C=O)C4CC[C@]5(C)[C@@H](C6=CC(=O)OC6)CC[C@]5(O)C4CC[C@]3(O)C2)[C@H](O)[C@H](O)[C@H]1O,"InChI=1S/C29H42O10/c1-15-22(32)23(33)24(34)25(38-15)39-17-3-8-27(14-30)19-4-7-26(2)18(16-11-21(31)37-13-16)6-10-29(26,36)20(19)5-9-28(27,35)12-17/h11,14-15,17-20,22-25,32-36H,3-10,12-13H2,1-2H3/t15-,17-,18+,19?,20?,22-,23+,24+,25-,26+,27-,28-,29-/m0/s1",HULMNSIAKWANQO-OKPGQIJDSA-N,HULMNSIAKWANQO,C[C@@H]1O[C@@H](O[C@H]2CC[C@]3(C=O)C4CC[C@]5(C)[C@@H](C6=CC(=O)OC6)CC[C@]5(O)C4CC[C@]3(O)C2)[C@H](O)[C@H](O)[C@H]1O,Q16637_WT,Q16637_WT,,,,,,inactive
Kx2-391,reducer,C1=C(C=CC(=C1)C2=CC=C(N=C2)CC(NCC3=CC=CC=C3)=O)OCCN4CCOCC4,selleckchem,O=C(Cc1ccc(-c2ccc(OCCN3CCOCC3)cc2)cn1)NCc1ccccc1,"InChI=1S/C26H29N3O3/c30-26(28-19-21-4-2-1-3-5-21)18-24-9-6-23(20-27-24)22-7-10-25(11-8-22)32-17-14-29-12-15-31-16-13-29/h1-11,20H,12-19H2,(H,28,30)",HUNGUWOZPQBXGX-UHFFFAOYSA-N,HUNGUWOZPQBXGX,O=C(Cc1ccc(-c2ccc(OCCN3CCOCC3)cc2)cn1)NCc1ccccc1,P07948_WT;P12931_WT,P07948_WT;P12931_WT,P12931_WT,P12931_WT,,,,reducer
Mefexamide hydrochloride,inactive,CCN(CC)CCNC(=O)COc1ccc(OC)cc1,spectrum,CCN(CC)CCNC(=O)COc1ccc(OC)cc1,"InChI=1S/C15H24N2O3/c1-4-17(5-2)11-10-16-15(18)12-20-14-8-6-13(19-3)7-9-14/h6-9H,4-5,10-12H2,1-3H3,(H,16,18)",HUNIPYLVUPMFCZ-UHFFFAOYSA-N,HUNIPYLVUPMFCZ,CCN(CC)CCNC(=O)COc1ccc(OC)cc1,,,,,,,,inactive
Zaleplon,inactive,CCN(C(C)=O)c1cc(-c2ccnc3c(C#N)cnn23)ccc1,spectrum,CCN(C(C)=O)c1cccc(-c2ccnc3c(C#N)cnn23)c1,"InChI=1S/C17H15N5O/c1-3-21(12(2)23)15-6-4-5-13(9-15)16-7-8-19-17-14(10-18)11-20-22(16)17/h4-9,11H,3H2,1-2H3",HUNXMJYCHXQEGX-UHFFFAOYSA-N,HUNXMJYCHXQEGX,CCN(C(C)=O)c1cccc(-c2ccnc3c(C#N)cnn23)c1,,,,,,,,inactive
Diflunisal,inactive,O=C(O)c1cc(-c2c(F)cc(F)cc2)ccc1O,spectrum,O=C(O)c1cc(-c2ccc(F)cc2F)ccc1O,"InChI=1S/C13H8F2O3/c14-8-2-3-9(11(15)6-8)7-1-4-12(16)10(5-7)13(17)18/h1-6,16H,(H,17,18)",HUPFGZXOMWLGNK-UHFFFAOYSA-N,HUPFGZXOMWLGNK,O=C(O)c1cc(-c2ccc(F)cc2F)ccc1O,P03372_WT;Q4U2R8_WT,,,,,,,inactive
Haematommic acid. ethyl ester,inactive,CCOC(=O)c1c(O)c(C=O)c(O)cc1C,spectrum,CCOC(=O)c1c(C)cc(O)c(C=O)c1O,"InChI=1S/C11H12O5/c1-3-16-11(15)9-6(2)4-8(13)7(5-12)10(9)14/h4-5,13-14H,3H2,1-2H3",HUXJGSHUVDWZAM-UHFFFAOYSA-N,HUXJGSHUVDWZAM,CCOC(=O)c1c(C)cc(O)c(C=O)c1O,,,,,,,,inactive
Pha-793887,inactive,N1N=C(C2=C1C(N(C2)C(C3CCN(CC3)C)=O)(C)C)NC(CC(C)C)=O,selleckchem,CC(C)CC(=O)Nc1[nH]nc2c1CN(C(=O)C1CCN(C)CC1)C2(C)C,"InChI=1S/C19H31N5O2/c1-12(2)10-15(25)20-17-14-11-24(19(3,4)16(14)21-22-17)18(26)13-6-8-23(5)9-7-13/h12-13H,6-11H2,1-5H3,(H2,20,21,22,25)",HUXYBQXJVXOMKX-UHFFFAOYSA-N,HUXYBQXJVXOMKX,CC(C)CC(=O)Nc1[nH]nc2c1CN(C(=O)C1CCN(C)CC1)C2(C)C,O43427_WT;O60563_WT;O60583_WT;O75385_WT;O75909_WT;O94806_WT;O95067_WT;O96013_WT;O96020_WT;P11802_WT;P14635_WT;P18074_WT;P20248_WT;P24864_WT;P24941_WT;P49760_WT;P49840_WT;P49841_WT;P50613_WT;P50750_WT;P51946_WT;P51948_WT;P61024_WT;Q8TD08_WT;Q8TDN4_WT;Q9BZL6_WT;Q9NSD9_WT;Q9P289_WT;Q9UHB7_WT;Q86YS7_WT;Q00526_WT;Q00535_WT;Q00536_WT;Q12767_WT;Q14094_WT,O43427_WT;O60563_WT;O60583_WT;O94806_WT;O96020_WT;P11802_WT;P14635_WT;P18074_WT;P20248_WT;P24864_WT;P24941_WT;P49760_WT;P49840_WT;P49841_WT;P50613_WT;P50750_WT;P51946_WT;P51948_WT;P61024_WT;Q8TD08_WT;Q8TDN4_WT;Q9BZL6_WT;Q9NSD9_WT;Q9P289_WT;Q9UHB7_WT;Q86YS7_WT;Q00526_WT;Q00535_WT;Q12767_WT;Q14094_WT,O43427_WT;O94806_WT;O96020_WT;P11802_WT;P18074_WT;P24864_WT;P24941_WT;P49760_WT;P49840_WT;P49841_WT;P50613_WT;P51946_WT;P51948_WT;P61024_WT;Q8TDN4_WT;Q9NSD9_WT;Q9UHB7_WT;Q86YS7_WT;Q00526_WT;Q12767_WT;Q14094_WT,O43427_WT;O96020_WT;P18074_WT;P24864_WT;P49760_WT;P49840_WT;P49841_WT;P50613_WT;P51946_WT;P51948_WT;P61024_WT;Q8TDN4_WT;Q9NSD9_WT;Q9UHB7_WT;Q86YS7_WT;Q00526_WT;Q12767_WT;Q14094_WT,O96020_WT;P24864_WT;P49760_WT;P50613_WT;P51946_WT;P61024_WT;Q9NSD9_WT;Q00526_WT;Q12767_WT;Q14094_WT,Q9NSD9_WT,,inactive
Isoetharine mesylate,inactive,CCC(NC(C)C)C(O)c1cc(O)c(O)cc1,spectrum,CCC(NC(C)C)C(O)c1ccc(O)c(O)c1,"InChI=1S/C13H21NO3/c1-4-10(14-8(2)3)13(17)9-5-6-11(15)12(16)7-9/h5-8,10,13-17H,4H2,1-3H3",HUYWAWARQUIQLE-UHFFFAOYSA-N,HUYWAWARQUIQLE,CCC(NC(C)C)C(O)c1ccc(O)c(O)c1,P16473_WT,,,,,,,inactive
3-hydroxyflavone,inactive,O=c1c(O)c(-c2ccccc2)oc2c1cccc2,spectrum,O=c1c(O)c(-c2ccccc2)oc2ccccc12,"InChI=1S/C15H10O3/c16-13-11-8-4-5-9-12(11)18-15(14(13)17)10-6-2-1-3-7-10/h1-9,17H",HVQAJTFOCKOKIN-UHFFFAOYSA-N,HVQAJTFOCKOKIN,O=c1c(O)c(-c2ccccc2)oc2ccccc12,Q16678_WT,Q16678_WT,Q16678_WT,,,,,inactive
Cholesterol,inactive,CC(C)CCCC(C)[C@H]1CCC2C3CC=C4C[C@@H](O)CC[C@]4(C)C3CC[C@@]21C,spectrum,CC(C)CCCC(C)[C@H]1CCC2C3CC=C4C[C@@H](O)CC[C@]4(C)C3CC[C@@]21C,"InChI=1S/C27H46O/c1-18(2)7-6-8-19(3)23-11-12-24-22-10-9-20-17-21(28)13-15-26(20,4)25(22)14-16-27(23,24)5/h9,18-19,21-25,28H,6-8,10-17H2,1-5H3/t19?,21-,22?,23+,24?,25?,26-,27+/m0/s1",HVYWMOMLDIMFJA-RJLWFLQPSA-N,HVYWMOMLDIMFJA,CC(C)CCCC(C)[C@H]1CCC2C3CC=C4C[C@@H](O)CC[C@]4(C)C3CC[C@@]21C,P51449_WT;Q9Y6A2_WT,P51449_WT,P51449_WT,,,,,inactive
Pirenperone,inactive,Cc1c(CCN2CCC(C(=O)c3ccc(F)cc3)CC2)c(=O)n2ccccc2n1,spectrum,Cc1nc2ccccn2c(=O)c1CCN1CCC(C(=O)c2ccc(F)cc2)CC1,"InChI=1S/C23H24FN3O2/c1-16-20(23(29)27-12-3-2-4-21(27)25-16)11-15-26-13-9-18(10-14-26)22(28)17-5-7-19(24)8-6-17/h2-8,12,18H,9-11,13-15H2,1H3",HXCNRYXBZNHDNE-UHFFFAOYSA-N,HXCNRYXBZNHDNE,Cc1nc2ccccn2c(=O)c1CCN1CCC(C(=O)c2ccc(F)cc2)CC1,P14618_WT;P28335_WT,P14618_WT;P28335_WT,P14618_WT;P28335_WT,P14618_WT,P14618_WT,,,inactive
Darifenacin hydrobromide,inactive,NC(=O)C(c1ccccc1)(c1ccccc1)C1CCN(CCc2ccc3OCCc3c2)C1,spectrum,NC(=O)C(c1ccccc1)(c1ccccc1)C1CCN(CCc2ccc3c(c2)CCO3)C1,"InChI=1S/C28H30N2O2/c29-27(31)28(23-7-3-1-4-8-23,24-9-5-2-6-10-24)25-14-17-30(20-25)16-13-21-11-12-26-22(19-21)15-18-32-26/h1-12,19,25H,13-18,20H2,(H2,29,31)",HXGBXQDTNZMWGS-UHFFFAOYSA-N,HXGBXQDTNZMWGS,NC(=O)C(c1ccccc1)(c1ccccc1)C1CCN(CCc2ccc3c(c2)CCO3)C1,P07550_WT;P08172_WT;P08173_WT;P08483_WT;P08588_WT;P08912_WT;P10980_WT;P11229_WT;P20309_WT;Q12809_WT,P07550_WT;P08172_WT;P08173_WT;P08483_WT;P08588_WT;P08912_WT;P10980_WT;P11229_WT;P20309_WT,P07550_WT;P08172_WT;P08173_WT;P08483_WT;P08912_WT;P10980_WT;P11229_WT;P20309_WT,P07550_WT;P08173_WT;P08483_WT;P08912_WT;P11229_WT;P20309_WT,P08173_WT;P08483_WT;P08912_WT;P11229_WT;P20309_WT,P08483_WT;P08912_WT,,inactive
Albendazole,inactive,CCCSc1ccc2nc(NC(=O)OC)[nH]c2c1,spectrum,CCCSc1ccc2[nH]c(NC(=O)OC)nc2c1,"InChI=1S/C12H15N3O2S/c1-3-6-18-8-4-5-9-10(7-8)14-11(13-9)15-12(16)17-2/h4-5,7H,3,6H2,1-2H3,(H2,13,14,15,16)",HXHWSAZORRCQMX-UHFFFAOYSA-N,HXHWSAZORRCQMX,CCCSc1ccc2[nH]c(NC(=O)OC)nc2c1,O75496_WT;P04637_WT;P05177_WT;P18113_WT;P51450_WT;Q9NUW8_WT,P04637_WT;Q9NUW8_WT,Q9NUW8_WT,,,,,inactive
Acetyl hymetochrome,inactive,CC(=O)Oc1cc2c(cc1)c(C)cc(=O)o2,spectrum,CC(=O)Oc1ccc2c(C)cc(=O)oc2c1,"InChI=1S/C12H10O4/c1-7-5-12(14)16-11-6-9(15-8(2)13)3-4-10(7)11/h3-6H,1-2H3",HXVZGASCDAGAPS-UHFFFAOYSA-N,HXVZGASCDAGAPS,CC(=O)Oc1ccc2c(C)cc(=O)oc2c1,,,,,,,,inactive
Palmidrol,inactive,CCCCCCCCCCCCCCCC(=O)NCCO,spectrum,CCCCCCCCCCCCCCCC(=O)NCCO,"InChI=1S/C18H37NO2/c1-2-3-4-5-6-7-8-9-10-11-12-13-14-15-18(21)19-16-17-20/h20H,2-17H2,1H3,(H,19,21)",HXYVTAGFYLMHSO-UHFFFAOYSA-N,HXYVTAGFYLMHSO,CCCCCCCCCCCCCCCC(=O)NCCO,,,,,,,,inactive
Hesperadin,reducer,C1(=CC=C2C(=C1)/C(C(N2)=O)=C(\C3=CC=CC=C3)NC4=CC=C(C=C4)CN5CCCCC5)NS(CC)(=O)=O,selleckchem,CCS(=O)(=O)Nc1ccc2[nH]c(O)c(C(=Nc3ccc(CN4CCCCC4)cc3)c3ccccc3)c2c1,"InChI=1S/C29H32N4O3S/c1-2-37(35,36)32-24-15-16-26-25(19-24)27(29(34)31-26)28(22-9-5-3-6-10-22)30-23-13-11-21(12-14-23)20-33-17-7-4-8-18-33/h3,5-6,9-16,19,31-32,34H,2,4,7-8,17-18,20H2,1H3",HYHIYZMIFPJROG-UHFFFAOYSA-N,HYHIYZMIFPJROG,CCS(=O)(=O)Nc1ccc2[nH]c(O)c(C(=Nc3ccc(CN4CCCCC4)cc3)c3ccccc3)c2c1,O14965_WT;O75582_WT;O75676_WT;P07332_WT;P08922_WT;P29376_WT;P29597_WT;Q8IWQ3_WT;Q96GD4_WT;Q05397_WT;Q13131_WT;Q14289_WT;Q14680_WT,O14965_WT;O75582_WT;O75676_WT;P07332_WT;P08922_WT;P29376_WT;P29597_WT;Q8IWQ3_WT;Q96GD4_WT;Q05397_WT;Q13131_WT;Q14289_WT;Q14680_WT,O14965_WT;O75582_WT;O75676_WT;P08922_WT;P29376_WT;P29597_WT;Q8IWQ3_WT;Q96GD4_WT;Q05397_WT;Q13131_WT;Q14289_WT,O14965_WT;O75582_WT;Q96GD4_WT;Q13131_WT;Q14289_WT,,,,reducer
Nimesulide,inactive,CS(=O)(=O)Nc1c(Oc2ccccc2)cc([N+](=O)[O-])cc1,spectrum,CS(=O)(=O)Nc1ccc([N+](=O)[O-])cc1Oc1ccccc1,"InChI=1S/C13H12N2O5S/c1-21(18,19)14-12-8-7-10(15(16)17)9-13(12)20-11-5-3-2-4-6-11/h2-9,14H,1H3",HYWYRSMBCFDLJT-UHFFFAOYSA-N,HYWYRSMBCFDLJT,CS(=O)(=O)Nc1ccc([N+](=O)[O-])cc1Oc1ccccc1,,,,,,,,inactive
Tanshinone iia,inactive,Cc1coc2c1C(=O)C(=O)c1c-2ccc2c1CCCC2(C)C,spectrum,Cc1coc2c1C(=O)C(=O)c1c-2ccc2c1CCCC2(C)C,"InChI=1S/C19H18O3/c1-10-9-22-18-12-6-7-13-11(5-4-8-19(13,2)3)15(12)17(21)16(20)14(10)18/h6-7,9H,4-5,8H2,1-3H3",HYXITZLLTYIPOF-UHFFFAOYSA-N,HYXITZLLTYIPOF,Cc1coc2c1C(=O)C(=O)c1c-2ccc2c1CCCC2(C)C,O00748_WT;P27695_WT,P27695_WT,P27695_WT,P27695_WT,P27695_WT,P27695_WT,P27695_WT,inactive
Mefenamic acid,inactive,Cc1cccc(Nc2c(C(=O)O)cccc2)c1C,spectrum,Cc1cccc(Nc2ccccc2C(=O)O)c1C,"InChI=1S/C15H15NO2/c1-10-6-5-9-13(11(10)2)16-14-8-4-3-7-12(14)15(17)18/h3-9,16H,1-2H3,(H,17,18)",HYYBABOKPJLUIN-UHFFFAOYSA-N,HYYBABOKPJLUIN,Cc1cccc(Nc2ccccc2C(=O)O)c1C,P42330_WT;Q6XQN6_WT;Q9NUW8_WT;Q04828_WT,P42330_WT;Q6XQN6_WT;Q9NUW8_WT,Q6XQN6_WT;Q9NUW8_WT,Q6XQN6_WT;Q9NUW8_WT,Q6XQN6_WT,Q6XQN6_WT,Q6XQN6_WT,inactive
Agaric acid,inactive,CCCCCCCCCCCCCCCCC(C(=O)O)C(O)(CC(=O)O)C(=O)O,spectrum,CCCCCCCCCCCCCCCCC(C(=O)O)C(O)(CC(=O)O)C(=O)O,"InChI=1S/C22H40O7/c1-2-3-4-5-6-7-8-9-10-11-12-13-14-15-16-18(20(25)26)22(29,21(27)28)17-19(23)24/h18,29H,2-17H2,1H3,(H,23,24)(H,25,26)(H,27,28)",HZLCGUXUOFWCCN-UHFFFAOYSA-N,HZLCGUXUOFWCCN,CCCCCCCCCCCCCCCCC(C(=O)O)C(O)(CC(=O)O)C(=O)O,,,,,,,,inactive
Mizoribine,inactive,NC(=O)c1c(O)n([C@@H]2O[C@H](CO)[C@@H](O)[C@H]2O)cn1,spectrum,NC(=O)c1ncn([C@@H]2O[C@H](CO)[C@@H](O)[C@H]2O)c1O,"InChI=1S/C9H13N3O6/c10-7(16)4-8(17)12(2-11-4)9-6(15)5(14)3(1-13)18-9/h2-3,5-6,9,13-15,17H,1H2,(H2,10,16)/t3-,5-,6-,9-/m1/s1",HZQDCMWJEBCWBR-UUOKFMHZSA-N,HZQDCMWJEBCWBR,NC(=O)c1ncn([C@@H]2O[C@H](CO)[C@@H](O)[C@H]2O)c1O,Q16637_WT,Q16637_WT,Q16637_WT,,,,,inactive
Gsk1838705a,inactive,N1=C(N=C2C(=C1NC3=CC=CC(=C3C(=O)NC)F)C=CN2)NC4=C(C=C5C(=C4)N(CC5)C(=O)CN(C)C)OC,selleckchem,CNC(=O)c1c(F)cccc1Nc1nc(Nc2cc3c(cc2OC)CCN3C(=O)CN(C)C)nc2[nH]ccc12,"InChI=1S/C27H29FN8O3/c1-29-26(38)23-17(28)6-5-7-18(23)31-25-16-8-10-30-24(16)33-27(34-25)32-19-13-20-15(12-21(19)39-4)9-11-36(20)22(37)14-35(2)3/h5-8,10,12-13H,9,11,14H2,1-4H3,(H,29,38)(H3,30,31,32,33,34)",HZTYDQRUAWIZRE-UHFFFAOYSA-N,HZTYDQRUAWIZRE,CNC(=O)c1c(F)cccc1Nc1nc(Nc2cc3c(cc2OC)CCN3C(=O)CN(C)C)nc2[nH]ccc12,O14976_WT;O94806_WT;O96017_WT;P00533_L858R_T790M;P00533_T790M;P06213_WT;P07332_WT;P08069_WT;P08922_WT;P14616_WT;P16591_WT;P29376_WT;P30530_WT;P33981_WT;P45983_WT;P45984_WT;P45985_WT;P49674_WT;P49759_WT;P49760_WT;P51812_WT;P53350_WT;P53355_WT;P53779_WT;P98161_WT;Q5S007_G2019S;Q5S007_WT;Q8WTQ7_WT;Q9BXA7_WT;Q9BYT3_WT;Q9HAZ1_WT;Q9UM73_WT;Q9Y463_WT;Q56UN5_WT;Q05397_WT;Q14289_WT;Q15139_WT;Q15418_WT;Q15746_WT;Q15835_WT;Q16566_WT,O14976_WT;O96017_WT;P00533_L858R_T790M;P00533_T790M;P06213_WT;P07332_WT;P08069_WT;P08922_WT;P14616_WT;P16591_WT;P29376_WT;P30530_WT;P33981_WT;P45983_WT;P49759_WT;P49760_WT;P51812_WT;P53350_WT;P53779_WT;Q5S007_G2019S;Q9BYT3_WT;Q9HAZ1_WT;Q9UM73_WT;Q56UN5_WT;Q05397_WT;Q14289_WT;Q15746_WT,P00533_T790M;P06213_WT;P07332_WT;P08069_WT;P08922_WT;P14616_WT;P16591_WT;P29376_WT;P33981_WT;P49759_WT;P49760_WT;P53350_WT;Q9BYT3_WT;Q9HAZ1_WT;Q9UM73_WT;Q14289_WT;Q15746_WT,P06213_WT;P08069_WT;P08922_WT;P14616_WT;P16591_WT;P29376_WT;P49759_WT;P49760_WT;Q9UM73_WT;Q15746_WT,P06213_WT;P08069_WT;P14616_WT;P16591_WT;P29376_WT;Q9UM73_WT,P06213_WT;P29376_WT;Q9UM73_WT,Q9UM73_WT,inactive
Colchicine,reducer,COc1c(OC)c(OC)c2c(c1)CC[C@H](NC(C)=O)c1cc(=O)c(OC)ccc1-2,spectrum,COc1cc2c(c(OC)c1OC)-c1ccc(OC)c(=O)cc1[C@@H](NC(C)=O)CC2,"InChI=1S/C22H25NO6/c1-12(24)23-16-8-6-13-10-19(27-3)21(28-4)22(29-5)20(13)14-7-9-18(26-2)17(25)11-15(14)16/h7,9-11,16H,6,8H2,1-5H3,(H,23,24)/t16-/m0/s1",IAKHMKGGTNLKSZ-INIZCTEOSA-N,IAKHMKGGTNLKSZ,COc1cc2c(c(OC)c1OC)-c1ccc(OC)c(=O)cc1[C@@H](NC(C)=O)CC2,O75030_WT;O75496_WT;O75751_WT;P10635_WT,O75030_WT;O75496_WT;O75751_WT,O75030_WT;O75496_WT,,,,,reducer
Aspartame,inactive,COC(=O)[C@H](Cc1ccccc1)NC(=O)[C@@H](N)CC(=O)O,spectrum,COC(=O)C(Cc1ccccc1)NC(=O)C(N)CC(=O)O,"InChI=1S/C14H18N2O5/c1-21-14(20)11(7-9-5-3-2-4-6-9)16-13(19)10(15)8-12(17)18/h2-6,10-11H,7-8,15H2,1H3,(H,16,19)(H,17,18)",IAOZJIPTCAWIRG-UHFFFAOYSA-N,IAOZJIPTCAWIRG,COC(=O)C(Cc1ccccc1)NC(=O)C(N)CC(=O)O,,,,,,,,inactive
Azd7762,inactive,C1(=CC=CC(=C1)C2SC(=C(C=2)NC(N)=O)C(N[C@@H]3CNCCC3)=O)F,selleckchem,NC(=O)Nc1cc(-c2cccc(F)c2)sc1C(=O)N[C@H]1CCCNC1,"InChI=1S/C17H19FN4O2S/c18-11-4-1-3-10(7-11)14-8-13(22-17(19)24)15(25-14)16(23)21-12-5-2-6-20-9-12/h1,3-4,7-8,12,20H,2,5-6,9H2,(H,21,23)(H3,19,22,24)/t12-/m0/s1",IAYGCINLNONXHY-LBPRGKRZSA-N,IAYGCINLNONXHY,NC(=O)Nc1cc(-c2cccc(F)c2)sc1C(=O)N[C@H]1CCCNC1,O00444_WT;O14757_WT;O14976_WT;O15357_WT;O43741_WT;O75385_WT;O75676_WT;O94804_WT;O94905_WT;O95819_WT;O96013_WT;P00519_WT;P00533_WT;P06241_WT;P07332_WT;P07947_WT;P07948_WT;P07949_WT;P08631_WT;P09619_WT;P11274_WT;P12931_WT;P16591_WT;P27448_WT;P41240_WT;P42684_WT;P54619_WT;P62993_WT;Q2M2I8_WT;Q6ZSR9_WT;Q7KZI7_WT;Q8IVH8_WT;Q8WWW0_WT;Q9BUL8_WT;Q9H0K1_WT;Q9NSY1_WT;Q9NWQ8_WT;Q9NWZ3_WT;Q9UGJ0_WT;Q9UKE5_WT;Q9Y2K2_WT;Q9Y4K4_WT;Q9Y478_WT;Q96CW1_WT;Q96GD4_WT;Q96L34_WT;Q00526_WT;Q05397_WT;Q05655_WT;Q12851_WT;Q13043_WT;Q13131_WT;Q13163_WT;Q13188_WT;Q13705_WT;Q14289_WT;Q16584_WT;Q92918_WT,O14757_WT;O14976_WT;O15357_WT;O75385_WT;O94905_WT;O95819_WT;O96013_WT;P06241_WT;P07949_WT;P08631_WT;P11274_WT;P12931_WT;P16591_WT;P41240_WT;P62993_WT;Q2M2I8_WT;Q6ZSR9_WT;Q8WWW0_WT;Q9H0K1_WT;Q9NSY1_WT;Q9NWZ3_WT;Q9UKE5_WT;Q9Y2K2_WT;Q9Y4K4_WT;Q00526_WT;Q12851_WT;Q13043_WT;Q13163_WT;Q13188_WT;Q13705_WT;Q16584_WT;Q92918_WT,O14757_WT;O15357_WT;O94905_WT;O95819_WT;P07949_WT;P11274_WT;P16591_WT;Q2M2I8_WT;Q9H0K1_WT;Q9UKE5_WT;Q9Y2K2_WT;Q12851_WT;Q13043_WT;Q13188_WT;Q16584_WT;Q92918_WT,O14757_WT;O15357_WT;O94905_WT;P07949_WT;Q9H0K1_WT,O14757_WT;O94905_WT;Q9H0K1_WT,O94905_WT,,inactive
Miglitol,inactive,OCCN1C[C@@H](O)[C@@H](O)C(O)C1CO,spectrum,OCCN1C[C@@H](O)[C@@H](O)C(O)C1CO,"InChI=1S/C8H17NO5/c10-2-1-9-3-6(12)8(14)7(13)5(9)4-11/h5-8,10-14H,1-4H2/t5?,6-,7?,8-/m1/s1",IBAQFPQHRJAVAV-WMEPKMGJSA-N,IBAQFPQHRJAVAV,OCCN1C[C@@H](O)[C@@H](O)C(O)C1CO,P14410_WT;Q6P7A9_WT,,,,,,,inactive
Beclomethasone dipropionate,inactive,CCC(=O)OCC(=O)C1(OC(=O)CC)C(C)CC2C3CCC4=CC(=O)C=CC4(C)C3(Cl)C(O)CC21C,spectrum,CCC(=O)OCC(=O)C1(OC(=O)CC)C(C)CC2C3CC=C4CC(=O)C=CC4(C)C3(Cl)C(O)CC21C,"InChI=1S/C28H37ClO7/c1-6-23(33)35-15-22(32)28(36-24(34)7-2)16(3)12-20-19-9-8-17-13-18(30)10-11-25(17,4)27(19,29)21(31)14-26(20,28)5/h8,10-11,16,19-21,31H,6-7,9,12-15H2,1-5H3",IBIIDGIPJPTFBZ-UHFFFAOYSA-N,IBIIDGIPJPTFBZ,CCC(=O)OCC(=O)C1(OC(=O)CC)C(C)CC2C3CC=C4CC(=O)C=CC4(C)C3(Cl)C(O)CC21C,P04150_WT;P10275_WT,P04150_WT;P10275_WT,P04150_WT;P10275_WT,P04150_WT;P10275_WT,P04150_WT;P10275_WT,,,inactive
Nvp-bsk805,reducer,C1(=CC=C2C(=C1C3=CC(=C(C(=C3)F)CN4CCOCC4)F)N=C(C=N2)C5=CN(N=C5)C6CCNCC6).Cl.Cl,selleckchem,Fc1cc(-c2cccc3ncc(-c4cnn(C5CCNCC5)c4)nc23)cc(F)c1CN1CCOCC1,"InChI=1S/C27H28F2N6O/c28-23-12-18(13-24(29)22(23)17-34-8-10-36-11-9-34)21-2-1-3-25-27(21)33-26(15-31-25)19-14-32-35(16-19)20-4-6-30-7-5-20/h1-3,12-16,20,30H,4-11,17H2",IBPVXAOOVUAOKJ-UHFFFAOYSA-N,IBPVXAOOVUAOKJ,Fc1cc(-c2cccc3ncc(-c4cnn(C5CCNCC5)c4)nc23)cc(F)c1CN1CCOCC1,P00519_WT;P23458_WT;P29597_WT;P52333_WT,P00519_WT;P23458_WT,P00519_WT,,,,,reducer
Phenformin HCl,inactive,NC(N)=NC(N)=NCCc1ccccc1,selleckchem,N=C(N)N=C(N)NCCc1ccccc1,"InChI=1S/C10H15N5/c11-9(12)15-10(13)14-7-6-8-4-2-1-3-5-8/h1-5H,6-7H2,(H6,11,12,13,14,15)",ICFJFFQQTFMIBG-UHFFFAOYSA-N,ICFJFFQQTFMIBG,N=C(N)N=C(N)NCCc1ccccc1,,,,,,,,inactive
Chloropyramine hydrochloride,inactive,CN(C)CCN(Cc1ccc(Cl)cc1)c1ncccc1,spectrum,CN(C)CCN(Cc1ccc(Cl)cc1)c1ccccn1,"InChI=1S/C16H20ClN3/c1-19(2)11-12-20(16-5-3-4-10-18-16)13-14-6-8-15(17)9-7-14/h3-10H,11-13H2,1-2H3",ICKFFNBDFNZJSX-UHFFFAOYSA-N,ICKFFNBDFNZJSX,CN(C)CCN(Cc1ccc(Cl)cc1)c1ccccn1,P10635_WT;Q05397_WT,P10635_WT,P10635_WT,P10635_WT,,,,inactive
Urapidil hydrochloride,inactive,COc1c(N2CCN(CCCNc3cc(=O)n(C)c(=O)n3C)CC2)cccc1,spectrum,COc1ccccc1N1CCN(CCCNc2cc(=O)n(C)c(=O)n2C)CC1,"InChI=1S/C20H29N5O3/c1-22-18(15-19(26)23(2)20(22)27)21-9-6-10-24-11-13-25(14-12-24)16-7-4-5-8-17(16)28-3/h4-5,7-8,15,21H,6,9-14H2,1-3H3",ICMGLRUYEQNHPF-UHFFFAOYSA-N,ICMGLRUYEQNHPF,COc1ccccc1N1CCN(CCCNc2cc(=O)n(C)c(=O)n2C)CC1,P08908_WT;P28482_WT,P08908_WT;P28482_WT,P28482_WT,P28482_WT,,,,inactive
Oxolamine citrate,inactive,CCN(CC)CCc1nc(-c2ccccc2)no1,spectrum,CCN(CC)CCc1nc(-c2ccccc2)no1,"InChI=1S/C14H19N3O/c1-3-17(4-2)11-10-13-15-14(16-18-13)12-8-6-5-7-9-12/h5-9H,3-4,10-11H2,1-2H3",IDCHQQSVJAAUQQ-UHFFFAOYSA-N,IDCHQQSVJAAUQQ,CCN(CC)CCc1nc(-c2ccccc2)no1,P51450_WT,,,,,,,inactive
Enoxacin,inactive,CCn1cc(C(=O)O)c(=O)c2cc(F)c(N3CCNCC3)nc21,spectrum,CCn1cc(C(=O)O)c(=O)c2cc(F)c(N3CCNCC3)nc21,"InChI=1S/C15H17FN4O3/c1-2-19-8-10(15(22)23)12(21)9-7-11(16)14(18-13(9)19)20-5-3-17-4-6-20/h7-8,17H,2-6H2,1H3,(H,22,23)",IDYZIJYBMGIQMJ-UHFFFAOYSA-N,IDYZIJYBMGIQMJ,CCn1cc(C(=O)O)c(=O)c2cc(F)c(N3CCNCC3)nc21,Q15633_WT,Q15633_WT,Q15633_WT,,,,,inactive
Fusidic acid,inactive,CC(=O)O[C@H]1C[C@@]2(C)[C@@H](C[C@@H](O)C3[C@@]4(C)CC[C@@H](O)[C@@H](C)[C@@H]4CC[C@@]32C)/C1=C(/CCC=C(C)C)C(=O)O,spectrum,CC(=O)O[C@H]1C[C@@]2(C)[C@@H](C[C@@H](O)C3[C@]2(C)CC[C@H]2[C@H](C)[C@H](O)CC[C@]32C)/C1=C(/CCC=C(C)C)C(=O)O,"InChI=1S/C31H48O6/c1-17(2)9-8-10-20(28(35)36)26-22-15-24(34)27-29(5)13-12-23(33)18(3)21(29)11-14-30(27,6)31(22,7)16-25(26)37-19(4)32/h9,18,21-25,27,33-34H,8,10-16H2,1-7H3,(H,35,36)/b26-20+/t18-,21-,22-,23+,24+,25-,27?,29-,30-,31-/m0/s1",IECPWNUMDGFDKC-FRVBXGIOSA-N,IECPWNUMDGFDKC,CC(=O)O[C@H]1C[C@@]2(C)[C@@H](C[C@@H](O)C3[C@]2(C)CC[C@H]2[C@H](C)[C@H](O)CC[C@]32C)/C1=C(/CCC=C(C)C)C(=O)O,,,,,,,,inactive
Trimethoprim,inactive,COc1c(OC)c(OC)cc(Cc2cnc(N)nc2N)c1,spectrum,COc1cc(Cc2cnc(N)nc2N)cc(OC)c1OC,"InChI=1S/C14H18N4O3/c1-19-10-5-8(6-11(20-2)12(10)21-3)4-9-7-17-14(16)18-13(9)15/h5-7H,4H2,1-3H3,(H4,15,16,17,18)",IEDVJHCEMCRBQM-UHFFFAOYSA-N,IEDVJHCEMCRBQM,COc1cc(Cc2cnc(N)nc2N)cc(OC)c1OC,P00375_WT;P83916_WT,P83916_WT,P83916_WT,P83916_WT,P83916_WT,,,inactive
Lorglumide sodium,enhancer,CCCCCN(CCCCC)C(=O)C(CCC(=O)O)NC(=O)c1cc(Cl)c(Cl)cc1,spectrum,CCCCCN(CCCCC)C(=O)C(CCC(=O)O)NC(=O)c1ccc(Cl)c(Cl)c1,"InChI=1S/C22H32Cl2N2O4/c1-3-5-7-13-26(14-8-6-4-2)22(30)19(11-12-20(27)28)25-21(29)16-9-10-17(23)18(24)15-16/h9-10,15,19H,3-8,11-14H2,1-2H3,(H,25,29)(H,27,28)",IEKOTSCYBBDIJC-UHFFFAOYSA-N,IEKOTSCYBBDIJC,CCCCCN(CCCCC)C(=O)C(CCC(=O)O)NC(=O)c1ccc(Cl)c(Cl)c1,P30551_WT,P30551_WT,P30551_WT,,,,,enhancer
Prazosin hydrochloride,inactive,COc1cc2nc(N3CCN(C(=O)c4ccco4)CC3)nc(N)c2cc1OC,spectrum,COc1cc2nc(N3CCN(C(=O)c4ccco4)CC3)nc(N)c2cc1OC,"InChI=1S/C19H21N5O4/c1-26-15-10-12-13(11-16(15)27-2)21-19(22-17(12)20)24-7-5-23(6-8-24)18(25)14-4-3-9-28-14/h3-4,9-11H,5-8H2,1-2H3,(H2,20,21,22)",IENZQIKPVFGBNW-UHFFFAOYSA-N,IENZQIKPVFGBNW,COc1cc2nc(N3CCN(C(=O)c4ccco4)CC3)nc(N)c2cc1OC,P02665_WT;P15823_WT;P16083_WT;P18089_WT;P18825_WT;P23944_WT;P25100_WT;P28221_WT;P35348_WT;P35368_WT;P43140_WT,P02665_WT;P15823_WT;P16083_WT;P18825_WT;P23944_WT;P25100_WT;P28221_WT;P35348_WT;P35368_WT;P43140_WT,P02665_WT;P15823_WT;P16083_WT;P18825_WT;P23944_WT;P25100_WT;P28221_WT;P35348_WT;P35368_WT;P43140_WT,P02665_WT;P15823_WT;P16083_WT;P23944_WT;P25100_WT;P28221_WT;P35348_WT;P35368_WT;P43140_WT,P02665_WT;P15823_WT;P16083_WT;P23944_WT;P25100_WT;P28221_WT;P35348_WT;P35368_WT;P43140_WT,P02665_WT;P15823_WT;P23944_WT;P25100_WT;P28221_WT;P35348_WT;P35368_WT;P43140_WT,P02665_WT;P15823_WT;P23944_WT;P25100_WT;P28221_WT;P35348_WT;P35368_WT;P43140_WT,inactive
Norstictic acid,inactive,Cc1cc(O)c(C=O)c2c1C(=O)Oc1c(O2)c2c(C(=O)OC2O)c(O)c1C,spectrum,Cc1cc(O)c(C=O)c2c1C(=O)Oc1c(C)c(O)c3c(c1O2)C(O)OC3=O,"InChI=1S/C18H12O9/c1-5-3-8(20)7(4-19)14-9(5)16(22)26-13-6(2)12(21)10-11(15(13)25-14)18(24)27-17(10)23/h3-4,18,20-21,24H,1-2H3",IEVVSJFLBYOUCJ-UHFFFAOYSA-N,IEVVSJFLBYOUCJ,Cc1cc(O)c(C=O)c2c1C(=O)Oc1c(C)c(O)c3c(c1O2)C(O)OC3=O,Q9NPD5_WT;Q9Y6L6_WT,,,,,,,inactive
Cal-101,antineoplastic,C1=CC=C2C(=C1F)C(N(C(=N2)[C@@H](NC3=C4C(=NC=N3)NC=N4)CC)C5=CC=CC=C5)=O,selleckchem,CC[C@H](Nc1ncnc2[nH]cnc12)c1nc2cccc(F)c2c(=O)n1-c1ccccc1,"InChI=1S/C22H18FN7O/c1-2-15(28-20-18-19(25-11-24-18)26-12-27-20)21-29-16-10-6-9-14(23)17(16)22(31)30(21)13-7-4-3-5-8-13/h3-12,15H,2H2,1H3,(H2,24,25,26,27,28)/t15-/m0/s1",IFSDAJWBUCMOAH-HNNXBMFYSA-N,IFSDAJWBUCMOAH,CC[C@H](Nc1ncnc2[nH]cnc12)c1nc2cccc(F)c2c(=O)n1-c1ccccc1,O00329_WT;P42336_WT;P42338_WT;P48736_WT,O00329_WT;P48736_WT,O00329_WT,O00329_WT,O00329_WT,,,antineoplastic
4-nonylphenol,inactive,CCCCCCCCCc1ccc(O)cc1,spectrum,CCCCCCCCCc1ccc(O)cc1,"InChI=1S/C15H24O/c1-2-3-4-5-6-7-8-9-14-10-12-15(16)13-11-14/h10-13,16H,2-9H2,1H3",IGFHQQFPSIBGKE-UHFFFAOYSA-N,IGFHQQFPSIBGKE,CCCCCCCCCc1ccc(O)cc1,O55143_WT;P03372_WT;Q64518_WT,P03372_WT,,,,,,inactive
Resveratrol 4'-methyl ether,inactive,COc1ccc(/C=C/c2cc(O)cc(O)c2)cc1,spectrum,COc1ccc(/C=C/c2cc(O)cc(O)c2)cc1,"InChI=1S/C15H14O3/c1-18-15-6-4-11(5-7-15)2-3-12-8-13(16)10-14(17)9-12/h2-10,16-17H,1H3/b3-2+",IHVRWFJGOIWMGC-NSCUHMNNSA-N,IHVRWFJGOIWMGC,COc1ccc(/C=C/c2cc(O)cc(O)c2)cc1,P04798_WT,P04798_WT,,,,,,inactive
Bezafibrate,inactive,CC(C)(Oc1ccc(CCNC(=O)c2ccc(Cl)cc2)cc1)C(=O)O,spectrum,CC(C)(Oc1ccc(CCNC(=O)c2ccc(Cl)cc2)cc1)C(=O)O,"InChI=1S/C19H20ClNO4/c1-19(2,18(23)24)25-16-9-3-13(4-10-16)11-12-21-17(22)14-5-7-15(20)8-6-14/h3-10H,11-12H2,1-2H3,(H,21,22)(H,23,24)",IIBYAHWJQTYFKB-UHFFFAOYSA-N,IIBYAHWJQTYFKB,CC(C)(Oc1ccc(CCNC(=O)c2ccc(Cl)cc2)cc1)C(=O)O,P51450_WT;Q16637_WT,P51450_WT,P51450_WT,P51450_WT,,,,inactive
Risedronate sodium,inactive,O=P(O)(O)C(O)(Cc1cccnc1)P(=O)(O)O,spectrum,O=P(O)(O)C(O)(Cc1cccnc1)P(=O)(O)O,"InChI=1S/C7H11NO7P2/c9-7(16(10,11)12,17(13,14)15)4-6-2-1-3-8-5-6/h1-3,5,9H,4H2,(H2,10,11,12)(H2,13,14,15)",IIDJRNMFWXDHID-UHFFFAOYSA-N,IIDJRNMFWXDHID,O=P(O)(O)C(O)(Cc1cccnc1)P(=O)(O)O,O00481_WT;P14324_WT,O00481_WT;P14324_WT,O00481_WT;P14324_WT,P14324_WT,,,,inactive
Pheniramine maleate,inactive,CN(C)CCC(c1ccccc1)c1ncccc1,spectrum,CN(C)CCC(c1ccccc1)c1ccccn1,"InChI=1S/C16H20N2/c1-18(2)13-11-15(14-8-4-3-5-9-14)16-10-6-7-12-17-16/h3-10,12,15H,11,13H2,1-2H3",IJHNSHDBIRRJRN-UHFFFAOYSA-N,IJHNSHDBIRRJRN,CN(C)CCC(c1ccccc1)c1ccccn1,P25094_WT,P25094_WT,,,,,,inactive
Tegaserod maleate,inactive,CCCCCNC(=N)N/N=C/c1c[nH]c2c1cc(OC)cc2,spectrum,CCCCCN=C(N)NN=Cc1c[nH]c2ccc(OC)cc12,"InChI=1S/C16H23N5O/c1-3-4-5-8-18-16(17)21-20-11-12-10-19-15-7-6-13(22-2)9-14(12)15/h6-7,9-11,19H,3-5,8H2,1-2H3,(H3,17,18,21)",IKBKZGMPCYNSLU-UHFFFAOYSA-N,IKBKZGMPCYNSLU,CCCCCN=C(N)NN=Cc1c[nH]c2ccc(OC)cc12,P28221_WT;P28223_WT;P28335_WT;P34969_WT;P41595_WT;Q13639_WT,P28221_WT;P28223_WT;P28335_WT;P34969_WT;P41595_WT;Q13639_WT,P41595_WT;Q13639_WT,P41595_WT;Q13639_WT,P41595_WT;Q13639_WT,P41595_WT;Q13639_WT,,inactive
7-deacetoxy-7-oxokhivorin,inactive,CC(=O)O[C@H]1C[C@@H](OC(C)=O)C(C)(C)C2CC(=O)[C@]3(C)C(CC[C@@]4(C)[C@H](c5cocc5)OC(=O)[C@H]5O[C@]543)[C@]21C,spectrum,CC(=O)O[C@H]1C[C@@H](OC(C)=O)C(C)(C)C2CC(=O)[C@]3(C)C(CC[C@@]4(C)[C@H](c5ccoc5)OC(=O)C5O[C@]543)[C@]21C,"InChI=1S/C30H38O9/c1-15(31)36-21-13-22(37-16(2)32)28(6)18-8-10-27(5)23(17-9-11-35-14-17)38-25(34)24-30(27,39-24)29(18,7)20(33)12-19(28)26(21,3)4/h9,11,14,18-19,21-24H,8,10,12-13H2,1-7H3/t18?,19?,21-,22+,23+,24?,27+,28-,29+,30-/m1/s1",IKFXPERBVFYFMS-ZJDXODHGSA-N,IKFXPERBVFYFMS,CC(=O)O[C@H]1C[C@@H](OC(C)=O)C(C)(C)C2CC(=O)[C@]3(C)C(CC[C@@]4(C)[C@H](c5ccoc5)OC(=O)C5O[C@]543)[C@]21C,,,,,,,,inactive
Rutin,inactive,C[C@@H]1O[C@@H](OC[C@H]2OC(Oc3c(-c4cc(O)c(O)cc4)oc4c(c(O)cc(O)c4)c3=O)[C@H](O)[C@@H](O)[C@@H]2O)[C@H](O)[C@H](O)[C@H]1O,spectrum,C[C@@H]1O[C@@H](OC[C@H]2OC(Oc3c(-c4ccc(O)c(O)c4)oc4cc(O)cc(O)c4c3=O)[C@H](O)[C@@H](O)[C@@H]2O)[C@H](O)[C@H](O)[C@H]1O,"InChI=1S/C27H30O16/c1-8-17(32)20(35)22(37)26(40-8)39-7-15-18(33)21(36)23(38)27(42-15)43-25-19(34)16-13(31)5-10(28)6-14(16)41-24(25)9-2-3-11(29)12(30)4-9/h2-6,8,15,17-18,20-23,26-33,35-38H,7H2,1H3/t8-,15+,17-,18+,20+,21-,22+,23+,26+,27?/m0/s1",IKGXIBQEEMLURG-KUKMIBIMSA-N,IKGXIBQEEMLURG,C[C@@H]1O[C@@H](OC[C@H]2OC(Oc3c(-c4ccc(O)c(O)c4)oc4cc(O)cc(O)c4c3=O)[C@H](O)[C@@H](O)[C@@H]2O)[C@H](O)[C@H](O)[C@H]1O,P22303_WT,P22303_WT,P22303_WT,P22303_WT,,,,inactive
Baicalin,inactive,O=C(O)[C@H]1O[C@@H](Oc2c(O)c(O)c3c(=O)cc(-c4ccccc4)oc3c2)[C@H](O)[C@@H](O)[C@@H]1O,spectrum,O=C(O)C1O[C@@H](Oc2cc3oc(-c4ccccc4)cc(=O)c3c(O)c2O)[C@H](O)[C@@H](O)[C@@H]1O,"InChI=1S/C21H18O11/c22-9-6-10(8-4-2-1-3-5-8)30-11-7-12(14(23)15(24)13(9)11)31-21-18(27)16(25)17(26)19(32-21)20(28)29/h1-7,16-19,21,23-27H,(H,28,29)/t16-,17-,18+,19?,21+/m0/s1",IKIIZLYTISPENI-FBYGNRARSA-N,IKIIZLYTISPENI,O=C(O)C1O[C@@H](Oc2cc3oc(-c4ccccc4)cc(=O)c3c(O)c2O)[C@H](O)[C@@H](O)[C@@H]1O,,,,,,,,inactive
Clovanediol diacetate,inactive,CC(=O)OC1CCC23CC1(C)CCC2C(C)(C)CC3OC(C)=O,spectrum,CC(=O)OC1CCC23CC1(C)CCC2C(C)(C)CC3OC(C)=O,"InChI=1S/C19H30O4/c1-12(20)22-15-7-9-19-11-18(15,5)8-6-14(19)17(3,4)10-16(19)23-13(2)21/h14-16H,6-11H2,1-5H3",ILEDHMVFQOCEJU-UHFFFAOYSA-N,ILEDHMVFQOCEJU,CC(=O)OC1CCC23CC1(C)CCC2C(C)(C)CC3OC(C)=O,,,,,,,,inactive
Sclareolide,reducer,CC1(C)CCC[C@@]2(C)[C@H]1CC[C@@]1(C)OC(=O)C[C@H]21,spectrum,CC1(C)CCC[C@]2(C)[C@H]3CC(=O)O[C@]3(C)CC[C@@H]12,"InChI=1S/C16H26O2/c1-14(2)7-5-8-15(3)11(14)6-9-16(4)12(15)10-13(17)18-16/h11-12H,5-10H2,1-4H3/t11-,12+,15-,16+/m0/s1",IMKJGXCIJJXALX-SHUKQUCYSA-N,IMKJGXCIJJXALX,CC1(C)CCC[C@]2(C)[C@H]3CC(=O)O[C@]3(C)CC[C@@H]12,,,,,,,,reducer
Derrustone,inactive,COc1cc2c(c(OC)c1)c(=O)c(-c1ccc3OCOc3c1)co2,spectrum,COc1cc(OC)c2c(=O)c(-c3ccc4c(c3)OCO4)coc2c1,"InChI=1S/C18H14O6/c1-20-11-6-15(21-2)17-16(7-11)22-8-12(18(17)19)10-3-4-13-14(5-10)24-9-23-13/h3-8H,9H2,1-2H3",IMPPSJRGMZYGJW-UHFFFAOYSA-N,IMPPSJRGMZYGJW,COc1cc(OC)c2c(=O)c(-c3ccc4c(c3)OCO4)coc2c1,,,,,,,,inactive
Mestranol,inactive,C#C[C@]1(O)CCC2C3CCc4c(ccc(OC)c4)C3CC[C@@]21C,spectrum,C#C[C@]1(O)CCC2C3CCc4cc(OC)ccc4C3CC[C@@]21C,"InChI=1S/C21H26O2/c1-4-21(22)12-10-19-18-7-5-14-13-15(23-3)6-8-16(14)17(18)9-11-20(19,21)2/h1,6,8,13,17-19,22H,5,7,9-12H2,2-3H3/t17?,18?,19?,20-,21-/m0/s1",IMSSROKUHAOUJS-VYJKVFMHSA-N,IMSSROKUHAOUJS,C#C[C@]1(O)CCC2C3CCc4cc(OC)ccc4C3CC[C@@]21C,P03372_WT;P05177_WT;P31645_WT;Q9NUW8_WT,P03372_WT;P31645_WT;Q9NUW8_WT,P03372_WT;P31645_WT,P03372_WT;P31645_WT,P03372_WT,P03372_WT,P03372_WT,inactive
Dantrolene sodium,inactive,O=C1CN(/N=C/c2ccc(-c3ccc([N+](=O)[O-])cc3)o2)C(=O)N1,spectrum,O=c1[nH]c(O)cn1/N=C/c1ccc(-c2ccc([N+](=O)[O-])cc2)o1,"InChI=1S/C14H10N4O5/c19-13-8-17(14(20)16-13)15-7-11-5-6-12(23-11)9-1-3-10(4-2-9)18(21)22/h1-8,19H,(H,16,20)/b15-7+",IMVWGCIUSSJUAA-VIZOYTHASA-N,IMVWGCIUSSJUAA,O=c1[nH]c(O)cn1/N=C/c1ccc(-c2ccc([N+](=O)[O-])cc2)o1,,,,,,,,inactive
Metaxalone,inactive,Cc1cc(OCC2CNC(=O)O2)cc(C)c1,spectrum,Cc1cc(C)cc(OCC2CNC(=O)O2)c1,"InChI=1S/C12H15NO3/c1-8-3-9(2)5-10(4-8)15-7-11-6-13-12(14)16-11/h3-5,11H,6-7H2,1-2H3,(H,13,14)",IMWZZHHPURKASS-UHFFFAOYSA-N,IMWZZHHPURKASS,Cc1cc(C)cc(OCC2CNC(=O)O2)c1,,,,,,,,inactive
Wye-354,reducer,C1=C(C=CC(=C1)C2=NC3=C(C(=N2)N4CCOCC4)C=NN3C5CCN(CC5)C(=O)OC)NC(OC)=O,selleckchem,COC(=O)Nc1ccc(-c2nc(N3CCOCC3)c3cnn(C4CCN(C(=O)OC)CC4)c3n2)cc1,"InChI=1S/C24H29N7O5/c1-34-23(32)26-17-5-3-16(4-6-17)20-27-21(29-11-13-36-14-12-29)19-15-25-31(22(19)28-20)18-7-9-30(10-8-18)24(33)35-2/h3-6,15,18H,7-14H2,1-2H3,(H,26,32)",IMXHGCRIEAKIBU-UHFFFAOYSA-N,IMXHGCRIEAKIBU,COC(=O)Nc1ccc(-c2nc(N3CCOCC3)c3cnn(C4CCN(C(=O)OC)CC4)c3n2)cc1,P42336_WT;P42345_WT,P42345_WT,P42345_WT,P42345_WT,P42345_WT,,,reducer
Cromolyn sodium,inactive,O=C(O)c1cc(=O)c2c(cccc2OCC(O)COc2c3c(=O)cc(C(=O)O)oc3ccc2)o1,spectrum,O=C(O)c1cc(=O)c2c(OCC(O)COc3cccc4oc(C(=O)O)cc(=O)c34)cccc2o1,"InChI=1S/C23H16O11/c24-11(9-31-14-3-1-5-16-20(14)12(25)7-18(33-16)22(27)28)10-32-15-4-2-6-17-21(15)13(26)8-19(34-17)23(29)30/h1-8,11,24H,9-10H2,(H,27,28)(H,29,30)",IMZMKUWMOSJXDT-UHFFFAOYSA-N,IMZMKUWMOSJXDT,O=C(O)c1cc(=O)c2c(OCC(O)COc3cccc4oc(C(=O)O)cc(=O)c34)cccc2o1,P03372_WT;Q9HC97_WT;Q33BM1_WT,P03372_WT,,,,,,inactive
Primaquine phosphate,inactive,COc1cc(NC(C)CCCN)c2ncccc2c1,spectrum,COc1cc(NC(C)CCCN)c2ncccc2c1,"InChI=1S/C15H21N3O/c1-11(5-3-7-16)18-14-10-13(19-2)9-12-6-4-8-17-15(12)14/h4,6,8-11,18H,3,5,7,16H2,1-2H3",INDBQLZJXZLFIT-UHFFFAOYSA-N,INDBQLZJXZLFIT,COc1cc(NC(C)CCCN)c2ncccc2c1,P05164_WT;P05177_WT;P31645_WT;P34897_WT;P51450_WT,P05164_WT;P05177_WT;P31645_WT;P51450_WT,P31645_WT;P51450_WT,P31645_WT,,,,inactive
Dihydrofissinolide,inactive,COC(=O)C[C@H]1C(C)(C)[C@@H](OC(C)=O)[C@@H]2CC3C(CC[C@]4(C)C3CC(=O)O[C@H]4c3cocc3)[C@]1(C)C2=O,spectrum,COC(=O)C[C@H]1C(C)(C)[C@@H](OC(C)=O)C2CC3C(CC[C@]4(C)C3CC(=O)O[C@H]4c3ccoc3)[C@]1(C)C2=O,"InChI=1S/C29H38O8/c1-15(30)36-26-18-11-17-19(29(5,24(18)33)21(27(26,2)3)13-22(31)34-6)7-9-28(4)20(17)12-23(32)37-25(28)16-8-10-35-14-16/h8,10,14,17-21,25-26H,7,9,11-13H2,1-6H3/t17?,18?,19?,20?,21-,25-,26-,28+,29-/m0/s1",INDUNANCUDNZJY-NMXVYOOYSA-N,INDUNANCUDNZJY,COC(=O)C[C@H]1C(C)(C)[C@@H](OC(C)=O)C2CC3C(CC[C@]4(C)C3CC(=O)O[C@H]4c3ccoc3)[C@]1(C)C2=O,P08684_WT,,,,,,,inactive
Guanfacine hydrochloride,inactive,NC(N)=NC(=O)Cc1c(Cl)cccc1Cl,spectrum,N=C(N)NC(=O)Cc1c(Cl)cccc1Cl,"InChI=1S/C9H9Cl2N3O/c10-6-2-1-3-7(11)5(6)4-8(15)14-9(12)13/h1-3H,4H2,(H4,12,13,14,15)",INJOMKTZOLKMBF-UHFFFAOYSA-N,INJOMKTZOLKMBF,N=C(N)NC(=O)Cc1c(Cl)cccc1Cl,P08913_WT;P10635_WT;P18089_WT;P28482_WT;P33261_WT;P43140_WT;Q9Y2I1_WT,P08913_WT;P10635_WT;P18089_WT;P28482_WT;P33261_WT;Q9Y2I1_WT,P08913_WT;P28482_WT;Q9Y2I1_WT,P28482_WT;Q9Y2I1_WT,P28482_WT,,,inactive
Sanguinarine sulfate,inactive,C[n+]1c2c3cc4c(cc3ccc2c2ccc3c(OCO3)c2c1)OCO4,spectrum,C[n+]1cc2c3c(ccc2c2ccc4cc5c(cc4c21)OCO5)OCO3,"InChI=1S/C20H14NO4/c1-21-8-15-12(4-5-16-20(15)25-10-22-16)13-3-2-11-6-17-18(24-9-23-17)7-14(11)19(13)21/h2-8H,9-10H2,1H3/q+1",INVGWHRKADIJHF-UHFFFAOYSA-N,INVGWHRKADIJHF,C[n+]1cc2c3c(ccc2c2ccc4cc5c(cc4c21)OCO5)OCO3,,,,,,,,inactive
Sinomenine,inactive,COC1=C[C@@H]2[C@@H]3Cc4c(c(O)c(OC)cc4)[C@]2(CCN3C)CC1=O,spectrum,COC1=CC2[C@@H]3Cc4ccc(OC)c(O)c4[C@]2(CCN3C)CC1=O,"InChI=1S/C19H23NO4/c1-20-7-6-19-10-14(21)16(24-3)9-12(19)13(20)8-11-4-5-15(23-2)18(22)17(11)19/h4-5,9,12-13,22H,6-8,10H2,1-3H3/t12?,13-,19+/m0/s1",INYYVPJSBIVGPH-MALMCIGFSA-N,INYYVPJSBIVGPH,COC1=CC2[C@@H]3Cc4ccc(OC)c(O)c4[C@]2(CCN3C)CC1=O,Q9Y468_WT,Q9Y468_WT,Q9Y468_WT,,,,,inactive
Phloridzin,inactive,O=C(CCc1ccc(O)cc1)c1c(O)cc(O)cc1O[C@@H]1O[C@H](CO)[C@@H](O)[C@H](O)[C@H]1O,spectrum,O=C(CCc1ccc(O)cc1)c1c(O)cc(O)cc1O[C@@H]1O[C@H](CO)[C@@H](O)[C@H](O)[C@H]1O,"InChI=1S/C21H24O10/c22-9-16-18(27)19(28)20(29)21(31-16)30-15-8-12(24)7-14(26)17(15)13(25)6-3-10-1-4-11(23)5-2-10/h1-2,4-5,7-8,16,18-24,26-29H,3,6,9H2/t16-,18-,19+,20-,21-/m1/s1",IOUVKUPGCMBWBT-QNDFHXLGSA-N,IOUVKUPGCMBWBT,O=C(CCc1ccc(O)cc1)c1c(O)cc(O)cc1O[C@@H]1O[C@H](CO)[C@@H](O)[C@H](O)[C@H]1O,P13866_WT;P31639_WT;P53790_WT;P53792_WT;Q9NY91_WT,P13866_WT;P31639_WT;P53792_WT;Q9NY91_WT,P31639_WT;P53792_WT;Q9NY91_WT,Q9NY91_WT,,,,inactive
Ritodrine hydrochloride,inactive,CC(NCCc1ccc(O)cc1)C(O)c1ccc(O)cc1,spectrum,CC(NCCc1ccc(O)cc1)C(O)c1ccc(O)cc1,"InChI=1S/C17H21NO3/c1-12(17(21)14-4-8-16(20)9-5-14)18-11-10-13-2-6-15(19)7-3-13/h2-9,12,17-21H,10-11H2,1H3",IOVGROKTTNBUGK-UHFFFAOYSA-N,IOVGROKTTNBUGK,CC(NCCc1ccc(O)cc1)C(O)c1ccc(O)cc1,O60755_WT;P07550_WT;P10608_WT;P26255_WT,P07550_WT;P10608_WT;P26255_WT,P07550_WT;P10608_WT,P07550_WT;P10608_WT,P07550_WT,P07550_WT,P07550_WT,inactive
Thonzonium bromide,inactive,CCCCCCCCCCCCCCCC[N+](C)(C)CCN(Cc1ccc(OC)cc1)c1ncccn1,spectrum,CCCCCCCCCCCCCCCC[N+](C)(C)CCN(Cc1ccc(OC)cc1)c1ncccn1,"InChI=1S/C32H55N4O/c1-5-6-7-8-9-10-11-12-13-14-15-16-17-18-27-36(2,3)28-26-35(32-33-24-19-25-34-32)29-30-20-22-31(37-4)23-21-30/h19-25H,5-18,26-29H2,1-4H3/q+1",IOYZYMQFUSNATM-UHFFFAOYSA-N,IOYZYMQFUSNATM,CCCCCCCCCCCCCCCC[N+](C)(C)CCN(Cc1ccc(OC)cc1)c1ncccn1,,,,,,,,inactive
Theaflavin,inactive,O=c1c(O)cc([C@H]2Oc3cc(O)cc(O)c3C[C@H]2O)cc2c1c(O)c(O)cc2[C@H]1Oc2cc(O)cc(O)c2C[C@@H]1O,spectrum,O=c1c(O)cc([C@H]2Oc3cc(O)cc(O)c3C[C@H]2O)cc2c([C@H]3Oc4cc(O)cc(O)c4C[C@@H]3O)cc(O)c(O)c12,"InChI=1S/C29H24O12/c30-11-3-17(32)15-8-21(36)28(40-23(15)5-11)10-1-13-14(7-20(35)27(39)25(13)26(38)19(34)2-10)29-22(37)9-16-18(33)4-12(31)6-24(16)41-29/h1-7,21-22,28-33,35-37,39H,8-9H2,(H,34,38)/t21-,22+,28-,29-/m1/s1",IPMYMEWFZKHGAX-WCQFOESSSA-N,IPMYMEWFZKHGAX,O=c1c(O)cc([C@H]2Oc3cc(O)cc(O)c3C[C@H]2O)cc2c([C@H]3Oc4cc(O)cc(O)c4C[C@@H]3O)cc(O)c(O)c12,P10415_WT;P10636_WT,,,,,,,inactive
Balsalazide disodium,inactive,O=C(O)CCNC(=O)c1ccc(/N=N/c2cc(C(=O)O)c(O)cc2)cc1,spectrum,O=C(O)CCNC(=O)c1ccc(N=Nc2ccc(O)c(C(=O)O)c2)cc1,"InChI=1S/C17H15N3O6/c21-14-6-5-12(9-13(14)17(25)26)20-19-11-3-1-10(2-4-11)16(24)18-8-7-15(22)23/h1-6,9,21H,7-8H2,(H,18,24)(H,22,23)(H,25,26)",IPOKCKJONYRRHP-UHFFFAOYSA-N,IPOKCKJONYRRHP,O=C(O)CCNC(=O)c1ccc(N=Nc2ccc(O)c(C(=O)O)c2)cc1,,,,,,,,inactive
Perindopril erbumine,inactive,CCC[C@H](N[C@@H](C)C(=O)N1[C@H](C(=O)O)C[C@@H]2CCCC[C@@H]21)C(=O)OCC,spectrum,CCCC(NC(C)C(=O)N1C(C(=O)O)C[C@@H]2CCCC[C@@H]21)C(=O)OCC,"InChI=1S/C19H32N2O5/c1-4-8-14(19(25)26-5-2)20-12(3)17(22)21-15-10-7-6-9-13(15)11-16(21)18(23)24/h12-16,20H,4-11H2,1-3H3,(H,23,24)/t12?,13-,14?,15-,16?/m0/s1",IPVQLZZIHOAWMC-QNZGPFAYSA-N,IPVQLZZIHOAWMC,CCCC(NC(C)C(=O)N1C(C(=O)O)C[C@@H]2CCCC[C@@H]21)C(=O)OCC,P12821_WT,P12821_WT,P12821_WT,P12821_WT,P12821_WT,P12821_WT,,inactive
Ornidazole,inactive,Cc1ncc([N+](=O)[O-])n1CC(O)CCl,spectrum,Cc1ncc([N+](=O)[O-])n1CC(O)CCl,"InChI=1S/C7H10ClN3O3/c1-5-9-3-7(11(13)14)10(5)4-6(12)2-8/h3,6,12H,2,4H2,1H3",IPWKIXLWTCNBKN-UHFFFAOYSA-N,IPWKIXLWTCNBKN,Cc1ncc([N+](=O)[O-])n1CC(O)CCl,P04637_WT,,,,,,,inactive
Amprolium,inactive,CCCc1ncc(C[n+]2c(C)cccc2)c(N)n1,spectrum,CCCc1ncc(C[n+]2ccccc2C)c(N)n1,"InChI=1S/C14H19N4/c1-3-6-13-16-9-12(14(15)17-13)10-18-8-5-4-7-11(18)2/h4-5,7-9H,3,6,10H2,1-2H3,(H2,15,16,17)/q+1",IPZFPROOBOUEIG-UHFFFAOYSA-N,IPZFPROOBOUEIG,CCCc1ncc(C[n+]2ccccc2C)c(N)n1,,,,,,,,inactive
Oxelaidin citrate,inactive,CCN(CC)CCOCCOC(=O)C(CC)(CC)c1ccccc1,spectrum,CCN(CC)CCOCCOC(=O)C(CC)(CC)c1ccccc1,"InChI=1S/C20H33NO3/c1-5-20(6-2,18-12-10-9-11-13-18)19(22)24-17-16-23-15-14-21(7-3)8-4/h9-13H,5-8,14-17H2,1-4H3",IQADUMSPOQKAAO-UHFFFAOYSA-N,IQADUMSPOQKAAO,CCN(CC)CCOCCOC(=O)C(CC)(CC)c1ccccc1,,,,,,,,inactive
Ganciclovir,inactive,Nc1nc2c(ncn2COC(CO)CO)c(=O)[nH]1,spectrum,Nc1nc(=O)c2ncn(COC(CO)CO)c2[nH]1,"InChI=1S/C9H13N5O4/c10-9-12-7-6(8(17)13-9)11-3-14(7)4-18-5(1-15)2-16/h3,5,15-16H,1-2,4H2,(H3,10,12,13,17)",IRSCQMHQWWYFCW-UHFFFAOYSA-N,IRSCQMHQWWYFCW,Nc1nc(=O)c2ncn(COC(CO)CO)c2[nH]1,,,,,,,,inactive
Formestane,inactive,CC1=C2CCC3C4CCC(=O)[C@@]4(C)CCC3[C@@]2(C)CCC1=O,spectrum,CC1=C2CCC3C(CC[C@]4(C)C(=O)CCC34)[C@@]2(C)CCC1=O,"InChI=1S/C20H28O2/c1-12-14-5-4-13-15-6-7-18(22)20(15,3)10-8-16(13)19(14,2)11-9-17(12)21/h13,15-16H,4-11H2,1-3H3/t13?,15?,16?,19-,20-/m0/s1",ISMVMNHPEDSOTR-XNMTZQFCSA-N,ISMVMNHPEDSOTR,CC1=C2CCC3C(CC[C@]4(C)C(=O)CCC34)[C@@]2(C)CCC1=O,,,,,,,,inactive
Propoxur,inactive,CNC(=O)Oc1c(OC(C)C)cccc1,spectrum,CNC(=O)Oc1ccccc1OC(C)C,"InChI=1S/C11H15NO3/c1-8(2)14-9-6-4-5-7-10(9)15-11(13)12-3/h4-8H,1-3H3,(H,12,13)",ISRUGXGCCGIOQO-UHFFFAOYSA-N,ISRUGXGCCGIOQO,CNC(=O)Oc1ccccc1OC(C)C,,,,,,,,inactive
Monensin sodium,reducer,CC[C@@]1(C2O[C@@H](C3O[C@@](O)(CC)[C@H](C)C[C@@H]3C)C[C@@H]2C)CC[C@H]([C@]2(C)CCC3(C[C@H](O)[C@@H](C)[C@@H]([C@H](C)[C@@H](OC)[C@H](C)C(=O)O)O3)O2)O1,spectrum,CC[C@@]1(C2O[C@@H](C3O[C@@](O)(CC)[C@H](C)C[C@@H]3C)C[C@@H]2C)CC[C@H]([C@]2(C)CCC3(C[C@H](O)[C@@H](C)[C@@H]([C@H](C)[C@@H](OC)C(C)C(=O)O)O3)O2)O1,"InChI=1S/C37H64O10/c1-11-35(32-21(4)18-27(43-32)29-20(3)17-22(5)37(41,12-2)46-29)14-13-28(44-35)34(9)15-16-36(47-34)19-26(38)23(6)31(45-36)24(7)30(42-10)25(8)33(39)40/h20-32,38,41H,11-19H2,1-10H3,(H,39,40)/t20-,21-,22+,23+,24+,25?,26-,27+,28+,29?,30+,31-,32?,34-,35-,36?,37-/m0/s1",ITGPEIOMPWTSAR-LMMHUFPLSA-N,ITGPEIOMPWTSAR,CC[C@@]1(C2O[C@@H](C3O[C@@](O)(CC)[C@H](C)C[C@@H]3C)C[C@@H]2C)CC[C@H]([C@]2(C)CCC3(C[C@H](O)[C@@H](C)[C@@H]([C@H](C)[C@@H](OC)C(C)C(=O)O)O3)O2)O1,Q16637_WT,Q16637_WT,,,,,,reducer
Wz4002,inactive,C1(=CC(=C(C=C1)NC2=NC=C(C(=N2)OC3=CC(=CC=C3)NC(C=C)=O)Cl)OC)N4CCN(CC4)C,selleckchem,C=CC(=O)Nc1cccc(Oc2nc(Nc3ccc(N4CCN(C)CC4)cc3OC)ncc2Cl)c1,"InChI=1S/C25H27ClN6O3/c1-4-23(33)28-17-6-5-7-19(14-17)35-24-20(26)16-27-25(30-24)29-21-9-8-18(15-22(21)34-3)32-12-10-31(2)11-13-32/h4-9,14-16H,1,10-13H2,2-3H3,(H,28,33)(H,27,29,30)",ITTRLTNMFYIYPA-UHFFFAOYSA-N,ITTRLTNMFYIYPA,C=CC(=O)Nc1cccc(Oc2nc(Nc3ccc(N4CCN(C)CC4)cc3OC)ncc2Cl)c1,P00533_WT;P52333_WT,P00533_WT;P52333_WT,P00533_WT,P00533_WT,P00533_WT,,,inactive
Metoprolol tartrate,inactive,COCCc1ccc(OCC(O)CNC(C)C)cc1,spectrum,COCCc1ccc(OCC(O)CNC(C)C)cc1,"InChI=1S/C15H25NO3/c1-12(2)16-10-14(17)11-19-15-6-4-13(5-7-15)8-9-18-3/h4-7,12,14,16-17H,8-11H2,1-3H3",IUBSYMUCCVWXPE-UHFFFAOYSA-N,IUBSYMUCCVWXPE,COCCc1ccc(OCC(O)CNC(C)C)cc1,P07550_WT;P08588_WT;P34971_WT;Q9NUW8_WT,P07550_WT;P08588_WT;P34971_WT,P08588_WT;P34971_WT,P08588_WT,,,,inactive
Ptaeroxylin,inactive,CC1=CCc2c(cc3oc(C)cc(=O)c3c2O)OC1,spectrum,CC1=CCc2c(cc3oc(C)cc(=O)c3c2O)OC1,"InChI=1S/C15H14O4/c1-8-3-4-10-12(18-7-8)6-13-14(15(10)17)11(16)5-9(2)19-13/h3,5-6,17H,4,7H2,1-2H3",IUIHYYSAVUBPQO-UHFFFAOYSA-N,IUIHYYSAVUBPQO,CC1=CCc2c(cc3oc(C)cc(=O)c3c2O)OC1,,,,,,,,inactive
Thiopental sodium,inactive,CCCC(C)C1(CC)C(=O)N=C(S)NC1=O,spectrum,CCCC(C)C1(CC)C(=O)NC(=S)NC1=O,"InChI=1S/C11H18N2O2S/c1-4-6-7(3)11(5-2)8(14)12-10(16)13-9(11)15/h7H,4-6H2,1-3H3,(H2,12,13,14,15,16)",IUJDSEJGGMCXSG-UHFFFAOYSA-N,IUJDSEJGGMCXSG,CCCC(C)C1(CC)C(=O)NC(=S)NC1=O,,,,,,,,inactive
Piperacillin sodium,inactive,CCN1CCN(C(=O)NC(C(=O)N[C@@H]2C(=O)N3[C@@H](C(=O)O)C(C)(C)S[C@H]23)c2ccccc2)C(=O)C1=O,spectrum,CCN1CCN(C(=O)NC(C(=O)NC2C(=O)N3C(C(=O)O)C(C)(C)S[C@H]23)c2ccccc2)C(=O)C1=O,"InChI=1S/C23H27N5O7S/c1-4-26-10-11-27(19(32)18(26)31)22(35)25-13(12-8-6-5-7-9-12)16(29)24-14-17(30)28-15(21(33)34)23(2,3)36-20(14)28/h5-9,13-15,20H,4,10-11H2,1-3H3,(H,24,29)(H,25,35)(H,33,34)/t13?,14?,15?,20-/m1/s1",IVBHGBMCVLDMKU-FMWHZOFXSA-N,IVBHGBMCVLDMKU,CCN1CCN(C(=O)NC(C(=O)NC2C(=O)N3C(C(=O)O)C(C)(C)S[C@H]23)c2ccccc2)C(=O)C1=O,,,,,,,,inactive
Amg 900,inactive,C1=CC(=C(N=C1)OC2=CC=C(C=C2)NC3C4=C(C(=NN=3)C5SC=C(C=5)C)C=CC=C4)C6=NC(=NC=C6)N,selleckchem,Cc1csc(-c2nnc(Nc3ccc(Oc4ncccc4-c4ccnc(N)n4)cc3)c3ccccc23)c1,"InChI=1S/C28H21N7OS/c1-17-15-24(37-16-17)25-20-5-2-3-6-21(20)26(35-34-25)32-18-8-10-19(11-9-18)36-27-22(7-4-13-30-27)23-12-14-31-28(29)33-23/h2-16H,1H3,(H,32,35)(H2,29,31,33)",IVUGFMLRJOCGAS-UHFFFAOYSA-N,IVUGFMLRJOCGAS,Cc1csc(-c2nnc(Nc3ccc(Oc4ncccc4-c4ccnc(N)n4)cc3)c3ccccc23)c1,O14965_WT;O75385_WT;P07332_WT;Q9UQB9_WT;Q96EY7_WT;Q96GD4_WT;Q08345_WT;Q12851_WT;Q16539_WT;Q16832_WT,O14965_WT;O75385_WT;P07332_WT;Q9UQB9_WT;Q96GD4_WT;Q08345_WT;Q12851_WT;Q16832_WT,O14965_WT;Q9UQB9_WT;Q96GD4_WT,O14965_WT;Q9UQB9_WT;Q96GD4_WT,O14965_WT;Q9UQB9_WT,Q9UQB9_WT,,inactive
Pinacidil,inactive,CC(N/C(=N/C#N)Nc1ccncc1)C(C)(C)C,spectrum,CC(N=C(N=c1cc[nH]cc1)NC#N)C(C)(C)C,"InChI=1S/C13H19N5/c1-10(13(2,3)4)17-12(16-9-14)18-11-5-7-15-8-6-11/h5-8,10H,1-4H3,(H2,15,16,17,18)",IVVNZDGDKPTYHK-UHFFFAOYSA-N,IVVNZDGDKPTYHK,CC(N=C(N=c1cc[nH]cc1)NC#N)C(C)(C)C,O89049_WT,,,,,,,inactive
Ribavirin,inactive,NC(=O)c1nn([C@@H]2O[C@H](CO)[C@@H](O)[C@H]2O)cn1,spectrum,NC(=O)c1ncn([C@@H]2O[C@H](CO)[C@@H](O)[C@H]2O)n1,"InChI=1S/C8H12N4O5/c9-6(16)7-10-2-12(11-7)8-5(15)4(14)3(1-13)17-8/h2-5,8,13-15H,1H2,(H2,9,16)/t3-,4-,5-,8-/m1/s1",IWUCXVSUMQZMFG-AFCXAGJDSA-N,IWUCXVSUMQZMFG,NC(=O)c1ncn([C@@H]2O[C@H](CO)[C@@H](O)[C@H]2O)n1,P08684_WT,,,,,,,inactive
Levobunolol hydrochloride,inactive,CC(C)(C)NCC(O)COc1cccc2c1CCCC2=O,spectrum,CC(C)(C)NCC(O)COc1cccc2c1CCCC2=O,"InChI=1S/C17H25NO3/c1-17(2,3)18-10-12(19)11-21-16-9-5-6-13-14(16)7-4-8-15(13)20/h5-6,9,12,18-19H,4,7-8,10-11H2,1-3H3",IXHBTMCLRNMKHZ-UHFFFAOYSA-N,IXHBTMCLRNMKHZ,CC(C)(C)NCC(O)COc1cccc2c1CCCC2=O,P07550_WT;P08588_WT;P13945_WT;P51450_WT;Q99720_WT,P07550_WT;P08588_WT;P13945_WT;P51450_WT,P07550_WT;P08588_WT;P51450_WT,P07550_WT;P08588_WT;P51450_WT,P07550_WT;P08588_WT;P51450_WT,P07550_WT;P51450_WT,P07550_WT;P51450_WT,inactive
Gibberellic acid,inactive,C=C1C[C@]23C[C@@]1(O)CC[C@H]2[C@@]12C=C[C@H](O)[C@](C)(C(=O)O1)[C@H]2[C@@H]3C(=O)O,spectrum,C=C1C[C@]23C[C@@]1(O)CC[C@H]2[C@@]12C=C[C@H](O)[C@](C)(C(=O)O1)[C@H]2C3C(=O)O,"InChI=1S/C19H22O6/c1-9-7-17-8-18(9,24)5-3-10(17)19-6-4-11(20)16(2,15(23)25-19)13(19)12(17)14(21)22/h4,6,10-13,20,24H,1,3,5,7-8H2,2H3,(H,21,22)/t10-,11+,12?,13-,16+,17+,18+,19-/m1/s1",IXORZMNAPKEEDV-OAFPGJISSA-N,IXORZMNAPKEEDV,C=C1C[C@]23C[C@@]1(O)CC[C@H]2[C@@]12C=C[C@H](O)[C@](C)(C(=O)O1)[C@H]2C3C(=O)O,P19838_WT,P19838_WT,,,,,,inactive
Nelarabin,antineoplastic,COc1c2ncn(C3O[C@H](CO)[C@@H](O)[C@@H]3O)c2nc(N)n1,spectrum,COc1nc(N)nc2c1ncn2C1O[C@H](CO)[C@@H](O)[C@@H]1O,"InChI=1S/C11H15N5O5/c1-20-9-5-8(14-11(12)15-9)16(3-13-5)10-7(19)6(18)4(2-17)21-10/h3-4,6-7,10,17-19H,2H2,1H3,(H2,12,14,15)/t4-,6-,7+,10?/m1/s1",IXOXBSCIXZEQEQ-KBNQYOMWSA-N,IXOXBSCIXZEQEQ,COc1nc(N)nc2c1ncn2C1O[C@H](CO)[C@@H](O)[C@@H]1O,,,,,,,,antineoplastic
Primuletin,inactive,O=c1cc(-c2ccccc2)oc2c1c(O)ccc2,spectrum,O=c1cc(-c2ccccc2)oc2cccc(O)c12,"InChI=1S/C15H10O3/c16-11-7-4-8-13-15(11)12(17)9-14(18-13)10-5-2-1-3-6-10/h1-9,16H",IYBLVRRCNVHZQJ-UHFFFAOYSA-N,IYBLVRRCNVHZQJ,O=c1cc(-c2ccccc2)oc2cccc(O)c12,P05177_WT;P10275_WT;Q16678_WT,P05177_WT;Q16678_WT,,,,,,inactive
Bicuculline,inactive,CN1CCc2c(cc3OCOc3c2)[C@H]1C1OC(=O)c2c1ccc1c2OCO1,spectrum,CN1CCc2cc3c(cc2[C@H]1C1OC(=O)c2c1ccc1c2OCO1)OCO3,"InChI=1S/C20H17NO6/c1-21-5-4-10-6-14-15(25-8-24-14)7-12(10)17(21)18-11-2-3-13-19(26-9-23-13)16(11)20(22)27-18/h2-3,6-7,17-18H,4-5,8-9H2,1H3/t17-,18?/m0/s1",IYGYMKDQCDOMRE-ZENAZSQFSA-N,IYGYMKDQCDOMRE,CN1CCc2cc3c(cc2[C@H]1C1OC(=O)c2c1ccc1c2OCO1)OCO3,P33261_WT,P33261_WT,P33261_WT,,,,,inactive
Amiodarone hydrochloride,inactive,CCCCc1c(C(=O)c2cc(I)c(OCCN(CC)CC)c(I)c2)c2c(cccc2)o1,spectrum,CCCCc1oc2ccccc2c1C(=O)c1cc(I)c(OCCN(CC)CC)c(I)c1,"InChI=1S/C25H29I2NO3/c1-4-7-11-22-23(18-10-8-9-12-21(18)31-22)24(29)17-15-19(26)25(20(27)16-17)30-14-13-28(5-2)6-3/h8-10,12,15-16H,4-7,11,13-14H2,1-3H3",IYIKLHRQXLHMJQ-UHFFFAOYSA-N,IYIKLHRQXLHMJQ,CCCCc1oc2ccccc2c1C(=O)c1cc(I)c(OCCN(CC)CC)c(I)c1,P06241_WT;P08913_WT;P10827_WT;P10828_WT;P28335_WT;P35462_WT;P41595_WT;Q12809_WT;Q15125_WT;Q99720_WT,P08913_WT;P28335_WT;Q12809_WT;Q15125_WT;Q99720_WT,Q15125_WT;Q99720_WT,Q15125_WT,,,,inactive
Y-27632 2HCl,inactive,[C@@H]1(CC[C@@H](CC1)[C@@H](C)N)C(=O)NC2(C=CN=CC=2).Cl.Cl,selleckchem,C[C@@H](N)C1CCC(C(=O)Nc2ccncc2)CC1,"InChI=1S/C14H21N3O/c1-10(15)11-2-4-12(5-3-11)14(18)17-13-6-8-16-9-7-13/h6-12H,2-5,15H2,1H3,(H,16,17,18)/t10-,11?,12?/m1/s1",IYOZTVGMEWJPKR-VOMCLLRMSA-N,IYOZTVGMEWJPKR,C[C@@H](N)C1CCC(C(=O)Nc2ccncc2)CC1,O75116_WT;P51817_WT;Q5S007_WT;Q9HAZ1_WT;Q02156_WT;Q04759_WT;Q05655_WT;Q13464_WT;Q16513_WT;Q62868_WT,O75116_WT;Q04759_WT;Q13464_WT;Q16513_WT,Q04759_WT,,,,,inactive
Kaempferol,inactive,O=c1c(O)c(-c2ccc(O)cc2)oc2cc(O)cc(O)c12,spectrum,O=c1c(O)c(-c2ccc(O)cc2)oc2cc(O)cc(O)c12,"InChI=1S/C15H10O6/c16-8-3-1-7(2-4-8)15-14(20)13(19)12-10(18)5-9(17)6-11(12)21-15/h1-6,16-18,20H",IYRMWMYZSQPJKC-UHFFFAOYSA-N,IYRMWMYZSQPJKC,O=c1c(O)c(-c2ccc(O)cc2)oc2cc(O)cc(O)c12,O43570_WT;P04798_WT;P05177_WT;P27487_WT;P35869_WT;P37059_WT;P43166_WT;Q9NZ45_WT;Q16678_WT,O43570_WT;P35869_WT;P43166_WT;Q16678_WT,P35869_WT;P43166_WT;Q16678_WT,P35869_WT;P43166_WT,,,,inactive
Troxerutin,inactive,C[C@@H]1O[C@@H](OC[C@H]2OC(Oc3c(-c4cc(OCCO)c(OCCO)cc4)oc4c(c(O)cc(OCCO)c4)c3=O)[C@H](O)[C@@H](O)[C@@H]2O)[C@H](O)[C@H](O)[C@H]1O,spectrum,C[C@@H]1O[C@@H](OC[C@H]2OC(Oc3c(-c4ccc(OCCO)c(OCCO)c4)oc4cc(OCCO)cc(O)c4c3=O)[C@H](O)[C@@H](O)[C@@H]2O)[C@H](O)[C@H](O)[C@H]1O,"InChI=1S/C33H42O19/c1-14-23(38)26(41)28(43)32(49-14)48-13-21-24(39)27(42)29(44)33(51-21)52-31-25(40)22-17(37)11-16(45-7-4-34)12-20(22)50-30(31)15-2-3-18(46-8-5-35)19(10-15)47-9-6-36/h2-3,10-12,14,21,23-24,26-29,32-39,41-44H,4-9,13H2,1H3/t14-,21+,23-,24+,26+,27-,28+,29+,32+,33?/m0/s1",IYVFNTXFRYQLRP-IIXSESAUSA-N,IYVFNTXFRYQLRP,C[C@@H]1O[C@@H](OC[C@H]2OC(Oc3c(-c4ccc(OCCO)c(OCCO)c4)oc4cc(OCCO)cc(O)c4c3=O)[C@H](O)[C@@H](O)[C@@H]2O)[C@H](O)[C@H](O)[C@H]1O,,,,,,,,inactive
Pioglitazone hydrochloride,inactive,CCc1cnc(CCOc2ccc(CC3SC(=O)NC3=O)cc2)cc1,spectrum,CCc1ccc(CCOc2ccc(Cc3sc(=O)[nH]c3O)cc2)nc1,"InChI=1S/C19H20N2O3S/c1-2-13-3-6-15(20-12-13)9-10-24-16-7-4-14(5-8-16)11-17-18(22)21-19(23)25-17/h3-8,12,22H,2,9-11H2,1H3,(H,21,23)",IYYGBZJXHJSLEV-UHFFFAOYSA-N,IYYGBZJXHJSLEV,CCc1ccc(CCOc2ccc(Cc3sc(=O)[nH]c3O)cc2)nc1,P00918_WT;P03372_WT;P37231_WT,P00918_WT;P37231_WT,P37231_WT,,,,,inactive
Dipyridamole,inactive,OCCN(CCO)c1nc2c(nc(N(CCO)CCO)nc2N2CCCCC2)c(N2CCCCC2)n1,spectrum,OCCN(CCO)c1nc(N2CCCCC2)c2nc(N(CCO)CCO)nc(N3CCCCC3)c2n1,"InChI=1S/C24H40N8O4/c33-15-11-31(12-16-34)23-26-20-19(21(27-23)29-7-3-1-4-8-29)25-24(32(13-17-35)14-18-36)28-22(20)30-9-5-2-6-10-30/h33-36H,1-18H2",IZEKFCXSFNUWAM-UHFFFAOYSA-N,IZEKFCXSFNUWAM,OCCN(CCO)c1nc(N2CCCCC2)c2nc(N(CCO)CCO)nc(N3CCCCC3)c2n1,Q9HCR9_WT;Q86TP1_WT;Q99808_WT,Q99808_WT,Q99808_WT,Q99808_WT,Q99808_WT,,,inactive
Lathosterol,inactive,CC(C)CCCC(C)C1CCC2C3=CC[C@H]4C[C@@H](O)CC[C@]4(C)C3CC[C@@]21C,spectrum,CC(C)CCCC(C)C1CCC2C3=CC[C@H]4C[C@@H](O)CC[C@]4(C)C3CC[C@@]21C,"InChI=1S/C27H46O/c1-18(2)7-6-8-19(3)23-11-12-24-22-10-9-20-17-21(28)13-15-26(20,4)25(22)14-16-27(23,24)5/h10,18-21,23-25,28H,6-9,11-17H2,1-5H3/t19?,20-,21-,23?,24?,25?,26-,27+/m0/s1",IZVFFXVYBHFIHY-WXEMWYGHSA-N,IZVFFXVYBHFIHY,CC(C)CCCC(C)C1CCC2C3=CC[C@H]4C[C@@H](O)CC[C@]4(C)C3CC[C@@]21C,,,,,,,,inactive
Avocadyne acetate,inactive,C#CCCCCCCCCCCCC(O)CC(O)COC(C)=O,spectrum,C#CCCCCCCCCCCCC(O)CC(O)COC(C)=O,"InChI=1S/C19H34O4/c1-3-4-5-6-7-8-9-10-11-12-13-14-18(21)15-19(22)16-23-17(2)20/h1,18-19,21-22H,4-16H2,2H3",JAKAZHIACKJNNB-UHFFFAOYSA-N,JAKAZHIACKJNNB,C#CCCCCCCCCCCCC(O)CC(O)COC(C)=O,,,,,,,,inactive
Nu7441,inactive,O=c1cc(N2CCOCC2)oc2c1cccc2-c1cccc2c1sc1ccccc12,selleckchem,O=c1cc(N2CCOCC2)oc2c(-c3cccc4c3sc3ccccc34)cccc12,"InChI=1S/C25H19NO3S/c27-21-15-23(26-11-13-28-14-12-26)29-24-17(6-3-9-20(21)24)19-8-4-7-18-16-5-1-2-10-22(16)30-25(18)19/h1-10,15H,11-14H2",JAMULYFATHSZJM-UHFFFAOYSA-N,JAMULYFATHSZJM,O=c1cc(N2CCOCC2)oc2c(-c3cccc4c3sc3ccccc34)cccc12,O00329_WT;P42336_WT;P42338_WT;P48736_WT;P78527_WT,O00329_WT;P42336_WT;P42338_WT;P48736_WT;P78527_WT,O00329_WT;P42338_WT;P78527_WT,O00329_WT;P42338_WT;P78527_WT,,,,inactive
Desloratadine hydrochloride,inactive,Clc1ccc2C(=C3CCNCC3)c3ncccc3CCc2c1,spectrum,Clc1ccc2c(c1)CCc1cccnc1C2=C1CCNCC1,"InChI=1S/C19H19ClN2/c20-16-5-6-17-15(12-16)4-3-14-2-1-9-22-19(14)18(17)13-7-10-21-11-8-13/h1-2,5-6,9,12,21H,3-4,7-8,10-11H2",JAUOIFJMECXRGI-UHFFFAOYSA-N,JAUOIFJMECXRGI,Clc1ccc2c(c1)CCc1cccnc1C2=C1CCNCC1,P08172_WT;P08173_WT;P08912_WT;P11229_WT;P20309_WT;P28223_WT;P28335_WT;P31645_WT;P35367_WT;P41595_WT,P08172_WT;P08173_WT;P08912_WT;P11229_WT;P20309_WT;P28223_WT;P28335_WT;P31645_WT;P35367_WT;P41595_WT,P08172_WT;P28223_WT;P28335_WT;P35367_WT;P41595_WT,P28223_WT;P28335_WT;P35367_WT,P35367_WT,P35367_WT,,inactive
Atovaquone,inactive,O=C1C(O)=C([C@H]2CC[C@H](c3ccc(Cl)cc3)CC2)C(=O)c2c1cccc2,spectrum,Oc1c(C2=CCC(c3ccc(Cl)cc3)CC2)c(O)c2ccccc2c1O,"InChI=1S/C22H19ClO3/c23-16-11-9-14(10-12-16)13-5-7-15(8-6-13)19-20(24)17-3-1-2-4-18(17)21(25)22(19)26/h1-4,7,9-13,24-26H,5-6,8H2",JAUORDHNHDCTAS-UHFFFAOYSA-N,JAUORDHNHDCTAS,Oc1c(C2=CCC(c3ccc(Cl)cc3)CC2)c(O)c2ccccc2c1O,O75496_WT;Q63707_WT;Q92830_WT,O75496_WT;Q92830_WT,O75496_WT;Q92830_WT,,,,,inactive
Ambroxol hydrochloride,inactive,Nc1c(CNC2CCC(O)CC2)cc(Br)cc1Br,spectrum,Nc1c(Br)cc(Br)cc1CNC1CCC(O)CC1,"InChI=1S/C13H18Br2N2O/c14-9-5-8(13(16)12(15)6-9)7-17-10-1-3-11(18)4-2-10/h5-6,10-11,17-18H,1-4,7,16H2",JBDGDEWWOUBZPM-UHFFFAOYSA-N,JBDGDEWWOUBZPM,Nc1c(Br)cc(Br)cc1CNC1CCC(O)CC1,,,,,,,,inactive
Chrysarobin,inactive,Cc1cc2c(C(=O)c3c(cccc3O)C2)c(O)c1,spectrum,Cc1cc(O)c2c(O)c3c(O)cccc3cc2c1,"InChI=1S/C15H12O3/c1-8-5-10-7-9-3-2-4-11(16)13(9)15(18)14(10)12(17)6-8/h2-7,16-18H,1H3",JBGKVNQFVAJOGC-UHFFFAOYSA-N,JBGKVNQFVAJOGC,Cc1cc(O)c2c(O)c3c(O)cccc3cc2c1,,,,,,,,inactive
Chlorothiazide,inactive,NS(=O)(=O)c1cc2c(cc1Cl)N=CNS2(=O)=O,spectrum,NS(=O)(=O)c1cc2c(cc1Cl)N=CNS2(=O)=O,"InChI=1S/C7H6ClN3O4S2/c8-4-1-5-7(2-6(4)16(9,12)13)17(14,15)11-3-10-5/h1-3H,(H,10,11)(H2,9,12,13)",JBMKAUGHUNFTOL-UHFFFAOYSA-N,JBMKAUGHUNFTOL,NS(=O)(=O)c1cc2c(cc1Cl)N=CNS2(=O)=O,P11308_WT,,,,,,,inactive
Chlorambucil,antineoplastic,O=C(O)CCCc1ccc(N(CCCl)CCCl)cc1,spectrum,O=C(O)CCCc1ccc(N(CCCl)CCCl)cc1,"InChI=1S/C14H19Cl2NO2/c15-8-10-17(11-9-16)13-6-4-12(5-7-13)2-1-3-14(18)19/h4-7H,1-3,8-11H2,(H,18,19)",JCKYGMPEJWAADB-UHFFFAOYSA-N,JCKYGMPEJWAADB,O=C(O)CCCc1ccc(N(CCCl)CCCl)cc1,Q9NUW8_WT,,,,,,,antineoplastic
Lactulose,inactive,OC[C@H]1O[C@](O)(CO)[C@@H](O)[C@@H]1O[C@@H]1O[C@H](CO)[C@H](O)[C@H](O)[C@H]1O,spectrum,OC[C@H]1O[C@@H](O[C@@H]2[C@@H](CO)O[C@](O)(CO)[C@H]2O)[C@H](O)[C@@H](O)[C@H]1O,"InChI=1S/C12H22O11/c13-1-4-6(16)7(17)8(18)11(21-4)22-9-5(2-14)23-12(20,3-15)10(9)19/h4-11,13-20H,1-3H2/t4-,5-,6+,7+,8-,9-,10+,11+,12-/m1/s1",JCQLYHFGKNRPGE-FCVZTGTOSA-N,JCQLYHFGKNRPGE,OC[C@H]1O[C@@H](O[C@@H]2[C@@H](CO)O[C@](O)(CO)[C@H]2O)[C@H](O)[C@@H](O)[C@H]1O,,,,,,,,inactive
Sb 216763,inactive,C1=CC=CC2=C1N(C=C2C3=C(C(NC3=O)=O)C4=CC=C(C=C4Cl)Cl)C,selleckchem,Cn1cc(C2=C(c3ccc(Cl)cc3Cl)C(=O)NC2=O)c2ccccc21,"InChI=1S/C19H12Cl2N2O2/c1-23-9-13(11-4-2-3-5-15(11)23)17-16(18(24)22-19(17)25)12-7-6-10(20)8-14(12)21/h2-9H,1H3,(H,22,24,25)",JCSGFHVFHSKIJH-UHFFFAOYSA-N,JCSGFHVFHSKIJH,Cn1cc(C2=C(c3ccc(Cl)cc3Cl)C(=O)NC2=O)c2ccccc21,P49840_WT;P49841_WT,P49840_WT;P49841_WT,P49840_WT;P49841_WT,P49840_WT;P49841_WT,,,,inactive
Betamethasone 17.21-dipropionate,inactive,CCC(=O)OCC(=O)[C@@]1(OC(=O)CC)[C@@H](C)CC2C3CCC4=CC(=O)C=C[C@]4(C)C3(F)[C@@H](O)C[C@@]21C,spectrum,CCC(=O)OCC(=O)[C@@]1(OC(=O)CC)[C@@H](C)CC2C3CC=C4CC(=O)C=C[C@]4(C)C3(F)[C@@H](O)C[C@@]21C,"InChI=1S/C28H37FO7/c1-6-23(33)35-15-22(32)28(36-24(34)7-2)16(3)12-20-19-9-8-17-13-18(30)10-11-25(17,4)27(19,29)21(31)14-26(20,28)5/h8,10-11,16,19-21,31H,6-7,9,12-15H2,1-5H3/t16-,19?,20?,21-,25-,26-,27?,28-/m0/s1",JDUYIZFMBRCCHQ-YMSYXYNZSA-N,JDUYIZFMBRCCHQ,CCC(=O)OCC(=O)[C@@]1(OC(=O)CC)[C@@H](C)CC2C3CC=C4CC(=O)C=C[C@]4(C)C3(F)[C@@H](O)C[C@@]21C,P04150_WT;P10275_WT;P11511_WT,P04150_WT;P10275_WT;P11511_WT,P04150_WT;P10275_WT,P04150_WT;P10275_WT,P04150_WT,,,inactive
Berbamine hydrochloride,inactive,COc1cc2c3cc1Oc1c(OC)c(OC)cc4c1[C@@H](Cc1cccc(c1)Oc1cc(O)c(cc1)C[C@@H]3N(C)CC2)N(C)CC4,spectrum,COc1cc2c3cc1Oc1c(OC)c(OC)cc4c1[C@@H](Cc1cccc(c1)Oc1ccc(c(O)c1)C[C@@H]3N(C)CC2)N(C)CC4,"InChI=1S/C37H40N2O6/c1-38-13-11-23-18-32(41-3)33-21-28(23)29(38)17-24-9-10-27(20-31(24)40)44-26-8-6-7-22(15-26)16-30-35-25(12-14-39(30)2)19-34(42-4)36(43-5)37(35)45-33/h6-10,15,18-21,29-30,40H,11-14,16-17H2,1-5H3/t29-,30+/m0/s1",JEKDOWMTUCHNIR-XZWHSSHBSA-N,JEKDOWMTUCHNIR,COc1cc2c3cc1Oc1c(OC)c(OC)cc4c1[C@@H](Cc1cccc(c1)Oc1ccc(c(O)c1)C[C@@H]3N(C)CC2)N(C)CC4,,,,,,,,inactive
Methoxyvone,inactive,COc1cc2c(c(C)c1)c(=O)cc(-c1ccccc1)o2,spectrum,COc1cc(C)c2c(=O)cc(-c3ccccc3)oc2c1,"InChI=1S/C17H14O3/c1-11-8-13(19-2)9-16-17(11)14(18)10-15(20-16)12-6-4-3-5-7-12/h3-10H,1-2H3",JETSDIPTVSZMLI-UHFFFAOYSA-N,JETSDIPTVSZMLI,COc1cc(C)c2c(=O)cc(-c3ccccc3)oc2c1,,,,,,,,inactive
Bithionate sodium,inactive,Oc1c(Sc2c(O)c(Cl)cc(Cl)c2)cc(Cl)cc1Cl,spectrum,Oc1c(Cl)cc(Cl)cc1Sc1cc(Cl)cc(Cl)c1O,"InChI=1S/C12H6Cl4O2S/c13-5-1-7(15)11(17)9(3-5)19-10-4-6(14)2-8(16)12(10)18/h1-4,17-18H",JFIOVJDNOJYLKP-UHFFFAOYSA-N,JFIOVJDNOJYLKP,Oc1c(Cl)cc(Cl)cc1Sc1cc(Cl)cc(Cl)c1O,P0DMS8_WT;P00533_WT;P18089_WT;P28482_WT;P29274_WT;Q96QE3_WT;Q16539_WT,,,,,,,inactive
Cefuroxime sodium,inactive,CO/N=C(/C(=O)NC1C(=O)N2C(C(=O)O)=C(COC(N)=O)CSC12)c1ccco1,spectrum,CON=C(C(=O)NC1C(=O)N2C(C(=O)O)=C(COC(N)=O)CSC12)c1ccco1,"InChI=1S/C16H16N4O8S/c1-26-19-9(8-3-2-4-27-8)12(21)18-10-13(22)20-11(15(23)24)7(5-28-16(17)25)6-29-14(10)20/h2-4,10,14H,5-6H2,1H3,(H2,17,25)(H,18,21)(H,23,24)",JFPVXVDWJQMJEE-UHFFFAOYSA-N,JFPVXVDWJQMJEE,CON=C(C(=O)NC1C(=O)N2C(C(=O)O)=C(COC(N)=O)CSC12)c1ccco1,,,,,,,,inactive
beta-AMYRIN,inactive,CC1(C)CC[C@]2(C)CC[C@]3(C)C(=CCC4[C@@]5(C)CC[C@H](O)C(C)(C)C5CC[C@]43C)C2C1,spectrum,CC1(C)CC[C@]2(C)CC[C@]3(C)C(=CCC4[C@@]5(C)CC[C@H](O)C(C)(C)C5CC[C@]43C)C2C1,"InChI=1S/C30H50O/c1-25(2)15-16-27(5)17-18-29(7)20(21(27)19-25)9-10-23-28(6)13-12-24(31)26(3,4)22(28)11-14-30(23,29)8/h9,21-24,31H,10-19H2,1-8H3/t21?,22?,23?,24-,27+,28-,29+,30+/m0/s1",JFSHUTJDVKUMTJ-KOMNAURRSA-N,JFSHUTJDVKUMTJ,CC1(C)CC[C@]2(C)CC[C@]3(C)C(=CCC4[C@@]5(C)CC[C@H](O)C(C)(C)C5CC[C@]43C)C2C1,,,,,,,,inactive
Pik-93,inactive,C1(=C(C=C(C=C1)C2SC(=NC=2C)NC(C)=O)S(=O)(=O)NCCO)Cl,selleckchem,CC(=O)Nc1nc(C)c(-c2ccc(Cl)c(S(=O)(=O)NCCO)c2)s1,"InChI=1S/C14H16ClN3O4S2/c1-8-13(23-14(17-8)18-9(2)20)10-3-4-11(15)12(7-10)24(21,22)16-5-6-19/h3-4,7,16,19H,5-6H2,1-2H3,(H,17,18,20)",JFVNFXCESCXMBC-UHFFFAOYSA-N,JFVNFXCESCXMBC,CC(=O)Nc1nc(C)c(-c2ccc(Cl)c(S(=O)(=O)NCCO)c2)s1,O00329_WT;P42336_WT;P42338_WT;P48736_WT;P78527_WT;Q8NEB9_WT;Q9UBF8_WT,O00329_WT;P42336_WT;P48736_WT;P78527_WT;Q8NEB9_WT;Q9UBF8_WT,P42336_WT;P48736_WT;P78527_WT;Q9UBF8_WT,P48736_WT;Q9UBF8_WT,,,,inactive
Mk-2461,inactive,C12=C(C(C3=C(C=C1)C=CC(=C3)NS(N(C[C@H]4OCCOC4)C)(=O)=O)=O)C=C(C=N2)C5=CN(N=C5)C,selleckchem,CN(C[C@@H]1COCCO1)S(=O)(=O)Nc1ccc2ccc3ncc(-c4cnn(C)c4)cc3c(=O)c2c1,"InChI=1S/C24H25N5O5S/c1-28-13-18(12-26-28)17-9-22-23(25-11-17)6-4-16-3-5-19(10-21(16)24(22)30)27-35(31,32)29(2)14-20-15-33-7-8-34-20/h3-6,9-13,20,27H,7-8,14-15H2,1-2H3/t20-/m1/s1",JGEBLDKNWBUGRZ-HXUWFJFHSA-N,JGEBLDKNWBUGRZ,CN(C[C@@H]1COCCO1)S(=O)(=O)Nc1ccc2ccc3ncc(-c4cnn(C)c4)cc3c(=O)c2c1,O14965_WT;O60674_WT;P04629_WT;P07949_WT;P08581_WT;P09619_WT;P11362_WT;P17948_WT;P21802_WT;P22607_WT;P35916_WT;P35968_WT;P36888_WT;P82979_WT;Q9Y616_WT;Q04912_WT;Q12866_WT;Q16620_WT,O14965_WT;O60674_WT;P04629_WT;P08581_WT;P11362_WT;P17948_WT;P21802_WT;P22607_WT;P35916_WT;P35968_WT;P36888_WT;P82979_WT;Q04912_WT;Q12866_WT;Q16620_WT,P04629_WT;P08581_WT;P11362_WT;P17948_WT;P21802_WT;P22607_WT;P35916_WT;P35968_WT;P36888_WT;P82979_WT;Q04912_WT;Q12866_WT;Q16620_WT,P08581_WT;P17948_WT;P36888_WT;Q12866_WT,,,,inactive
Adiphenine hydrochloride,inactive,CCN(CC)CCOC(=O)C(c1ccccc1)c1ccccc1,spectrum,CCN(CC)CCOC(=O)C(c1ccccc1)c1ccccc1,"InChI=1S/C20H25NO2/c1-3-21(4-2)15-16-23-20(22)19(17-11-7-5-8-12-17)18-13-9-6-10-14-18/h5-14,19H,3-4,15-16H2,1-2H3",JGOAIQNSOGZNBX-UHFFFAOYSA-N,JGOAIQNSOGZNBX,CCN(CC)CCOC(=O)C(c1ccccc1)c1ccccc1,P97697_WT;Q16637_WT,,,,,,,inactive
Penicillin g potassium,inactive,CC1(C)S[C@@H]2[C@H](NC(=O)Cc3ccccc3)C(=O)N2[C@H]1C(=O)O,spectrum,CC1(C)S[C@@H]2C(NC(=O)Cc3ccccc3)C(=O)N2C1C(=O)O,"InChI=1S/C16H18N2O4S/c1-16(2)12(15(21)22)18-13(20)11(14(18)23-16)17-10(19)8-9-6-4-3-5-7-9/h3-7,11-12,14H,8H2,1-2H3,(H,17,19)(H,21,22)/t11?,12?,14-/m1/s1",JGSARLDLIJGVTE-ORHYLEIMSA-N,JGSARLDLIJGVTE,CC1(C)S[C@@H]2C(NC(=O)Cc3ccccc3)C(=O)N2C1C(=O)O,,,,,,,,inactive
Decoquinate,inactive,CCCCCCCCCCOc1cc2c(cc1OCC)ncc(C(=O)OCC)c2O,spectrum,CCCCCCCCCCOc1cc2c(=O)c(C(=O)OCC)c[nH]c2cc1OCC,"InChI=1S/C24H35NO5/c1-4-7-8-9-10-11-12-13-14-30-21-15-18-20(16-22(21)28-5-2)25-17-19(23(18)26)24(27)29-6-3/h15-17H,4-14H2,1-3H3,(H,25,26)",JHAYEQICABJSTP-UHFFFAOYSA-N,JHAYEQICABJSTP,CCCCCCCCCCOc1cc2c(=O)c(C(=O)OCC)c[nH]c2cc1OCC,,,,,,,,inactive
Lobaric acid,inactive,CCCCCc1c2Oc3c(C(=O)Oc2cc(O)c1C(=O)O)c(C(=O)CCCC)cc(OC)c3,spectrum,CCCCCc1c2c(cc(O)c1C(=O)O)OC(=O)c1c(cc(OC)cc1C(=O)CCCC)O2,"InChI=1S/C25H28O8/c1-4-6-8-9-15-21(24(28)29)18(27)13-20-23(15)32-19-12-14(31-3)11-16(17(26)10-7-5-2)22(19)25(30)33-20/h11-13,27H,4-10H2,1-3H3,(H,28,29)",JHEWMLHQNRHTQX-UHFFFAOYSA-N,JHEWMLHQNRHTQX,CCCCCc1c2c(cc(O)c1C(=O)O)OC(=O)c1c(cc(OC)cc1C(=O)CCCC)O2,P18031_WT;Q9Y6L6_WT,,,,,,,inactive
Demeclocycline hydrochloride,inactive,CN(C)[C@@H]1C(O)=C(C(N)=O)C(=O)[C@@]2(O)C(O)=C3C(=O)c4c(O)ccc(Cl)c4[C@@H](O)[C@H]3C[C@@H]12,spectrum,CN(C)C1C(=O)C(C(N)=O)C(=O)[C@@]2(O)C(=O)C3C(=O)c4c(O)ccc(Cl)c4[C@@H](O)[C@H]3C[C@@H]12,"InChI=1S/C21H21ClN2O8/c1-24(2)14-7-5-6-10(16(27)12-9(25)4-3-8(22)11(12)15(6)26)18(29)21(7,32)19(30)13(17(14)28)20(23)31/h3-4,6-7,10,13-15,25-26,32H,5H2,1-2H3,(H2,23,31)/t6-,7-,10?,13?,14?,15-,21-/m0/s1",JHOHXJYRVSLQCB-AXDJKGOZSA-N,JHOHXJYRVSLQCB,CN(C)C1C(=O)C(C(N)=O)C(=O)[C@@]2(O)C(=O)C3C(=O)c4c(O)ccc(Cl)c4[C@@H](O)[C@H]3C[C@@H]12,,,,,,,,inactive
Chlorthalidone,inactive,NS(=O)(=O)c1cc(C2(O)NC(=O)c3c2cccc3)ccc1Cl,spectrum,NS(=O)(=O)c1cc(C2(O)NC(=O)c3ccccc32)ccc1Cl,"InChI=1S/C14H11ClN2O4S/c15-11-6-5-8(7-12(11)22(16,20)21)14(19)10-4-2-1-3-9(10)13(18)17-14/h1-7,19H,(H,17,18)(H2,16,20,21)",JIVPVXMEBJLZRO-UHFFFAOYSA-N,JIVPVXMEBJLZRO,NS(=O)(=O)c1cc(C2(O)NC(=O)c3ccccc32)ccc1Cl,O43570_WT;P00915_WT;P00918_WT;P22748_WT;P35218_WT;P43166_WT;Q9D6N1_WT;Q9Y2D0_WT;Q16790_WT,O43570_WT;P00918_WT;P22748_WT;P43166_WT;Q9D6N1_WT;Q9Y2D0_WT;Q16790_WT,O43570_WT;P43166_WT;Q9D6N1_WT;Q9Y2D0_WT;Q16790_WT,O43570_WT;P43166_WT;Q9D6N1_WT;Q9Y2D0_WT;Q16790_WT,O43570_WT;P43166_WT;Q9Y2D0_WT,P43166_WT,,inactive
Cyproheptadine hydrochloride,inactive,CN1CCC(=C2c3c(C=Cc4c2cccc4)cccc3)CC1,spectrum,CN1CCC(=C2c3ccccc3C=Cc3ccccc32)CC1,"InChI=1S/C21H21N/c1-22-14-12-18(13-15-22)21-19-8-4-2-6-16(19)10-11-17-7-3-5-9-20(17)21/h2-11H,12-15H2,1H3",JJCFRYNCJDLXIK-UHFFFAOYSA-N,JJCFRYNCJDLXIK,CN1CCC(=C2c3ccccc3C=Cc3ccccc32)CC1,O55192_WT;P08172_WT;P08173_WT;P08482_WT;P08912_WT;P08913_WT;P11229_WT;P14416_WT;P14842_WT;P15823_WT;P18089_WT;P18825_WT;P19327_WT;P20309_WT;P21728_WT;P23975_WT;P25021_WT;P25100_WT;P28223_WT;P28335_WT;P32305_WT;P34968_WT;P34969_WT;P35462_WT;P41595_WT;P43140_WT;P50406_WT;P61168_WT;P61169_WT,O55192_WT;P08172_WT;P08173_WT;P08482_WT;P08912_WT;P08913_WT;P11229_WT;P14416_WT;P14842_WT;P15823_WT;P18089_WT;P19327_WT;P20309_WT;P21728_WT;P25021_WT;P25100_WT;P28223_WT;P28335_WT;P32305_WT;P34968_WT;P34969_WT;P35462_WT;P41595_WT;P43140_WT;P50406_WT;P61168_WT;P61169_WT,P08172_WT;P08173_WT;P08482_WT;P08912_WT;P11229_WT;P14842_WT;P15823_WT;P18089_WT;P19327_WT;P20309_WT;P25100_WT;P28223_WT;P28335_WT;P32305_WT;P34968_WT;P35462_WT;P41595_WT,P08172_WT;P08173_WT;P08482_WT;P08912_WT;P11229_WT;P14842_WT;P18089_WT;P20309_WT;P28223_WT;P28335_WT;P34968_WT;P35462_WT;P41595_WT,P08173_WT;P08912_WT;P11229_WT;P14842_WT;P28223_WT;P28335_WT;P41595_WT,P14842_WT;P28223_WT;P28335_WT,P28223_WT,inactive
Dibekacin,inactive,NC[C@@H]1CC[C@@H](N)[C@@H](O[C@@H]2[C@@H](N)C[C@@H](N)[C@H](O[C@H]3O[C@H](CO)[C@@H](O)[C@H](N)[C@H]3O)[C@H]2O)O1,spectrum,NC[C@@H]1CC[C@@H](N)[C@@H](O[C@H]2[C@H](O)[C@@H](O[C@H]3O[C@H](CO)[C@@H](O)[C@H](N)[C@H]3O)[C@H](N)C[C@@H]2N)O1,"InChI=1S/C18H37N5O8/c19-4-6-1-2-7(20)17(28-6)30-15-8(21)3-9(22)16(14(15)27)31-18-13(26)11(23)12(25)10(5-24)29-18/h6-18,24-27H,1-5,19-23H2/t6-,7+,8-,9+,10+,11-,12+,13+,14-,15+,16-,17+,18+/m0/s1",JJCQSGDBDPYCEO-XVZSLQNASA-N,JJCQSGDBDPYCEO,NC[C@@H]1CC[C@@H](N)[C@@H](O[C@H]2[C@H](O)[C@@H](O[C@H]3O[C@H](CO)[C@@H](O)[C@H](N)[C@H]3O)[C@H](N)C[C@@H]2N)O1,,,,,,,,inactive
Estropipate,inactive,C[C@]12CCC3c4ccc(OS(=O)(=O)O)cc4CCC3C1CCC2=O,spectrum,C[C@]12CCC3c4ccc(OS(=O)(=O)O)cc4CCC3C1CCC2=O,"InChI=1S/C18H22O5S/c1-18-9-8-14-13-5-3-12(23-24(20,21)22)10-11(13)2-4-15(14)16(18)6-7-17(18)19/h3,5,10,14-16H,2,4,6-9H2,1H3,(H,20,21,22)/t14?,15?,16?,18-/m0/s1",JKKFKPJIXZFSSB-GUZDXLFXSA-N,JKKFKPJIXZFSSB,C[C@]12CCC3c4ccc(OS(=O)(=O)O)cc4CCC3C1CCC2=O,P03372_WT;P33527_WT;Q9Y6L6_WT,P03372_WT;Q9Y6L6_WT,P03372_WT;Q9Y6L6_WT,P03372_WT,,,,inactive
Amifostine,inactive,NCCCNCCSP(=O)(O)O,spectrum,NCCCNCCSP(=O)(O)O,"InChI=1S/C5H15N2O3PS/c6-2-1-3-7-4-5-12-11(8,9)10/h7H,1-6H2,(H2,8,9,10)",JKOQGQFVAUAYPM-UHFFFAOYSA-N,JKOQGQFVAUAYPM,NCCCNCCSP(=O)(O)O,P08482_WT,P08482_WT,P08482_WT,P08482_WT,,,,inactive
Abscisic acid,inactive,CC1=CC(=O)CC(C)(C)C1(O)/C=C/C(C)=C\C(=O)O,spectrum,CC1=CC(=O)CC(C)(C)C1(O)/C=C/C(C)=C\C(=O)O,"InChI=1S/C15H20O4/c1-10(7-13(17)18)5-6-15(19)11(2)8-12(16)9-14(15,3)4/h5-8,19H,9H2,1-4H3,(H,17,18)/b6-5+,10-7-",JLIDBLDQVAYHNE-LXGGSRJLSA-N,JLIDBLDQVAYHNE,CC1=CC(=O)CC(C)(C)C1(O)/C=C/C(C)=C\C(=O)O,P16473_WT,P16473_WT,P16473_WT,,,,,inactive
Sulfamethoxazole,inactive,Cc1cc(NS(=O)(=O)c2ccc(N)cc2)no1,spectrum,Cc1cc(NS(=O)(=O)c2ccc(N)cc2)no1,"InChI=1S/C10H11N3O3S/c1-7-6-10(12-16-7)13-17(14,15)9-4-2-8(11)3-5-9/h2-6H,11H2,1H3,(H,12,13)",JLKIGFTWXXRPMT-UHFFFAOYSA-N,JLKIGFTWXXRPMT,Cc1cc(NS(=O)(=O)c2ccc(N)cc2)no1,,,,,,,,inactive
Tolbutamide,inactive,CCCCNC(=O)NS(=O)(=O)c1ccc(C)cc1,spectrum,CCCCNC(=O)NS(=O)(=O)c1ccc(C)cc1,"InChI=1S/C12H18N2O3S/c1-3-4-9-13-12(15)14-18(16,17)11-7-5-10(2)6-8-11/h5-8H,3-4,9H2,1-2H3,(H2,13,14,15)",JLRGJRBPOGGCBT-UHFFFAOYSA-N,JLRGJRBPOGGCBT,CCCCNC(=O)NS(=O)(=O)c1ccc(C)cc1,,,,,,,,inactive
alpha-TOXICAROL,reducer,COc1cc2c(cc1OC)C1C(=O)c3c(OC1CO2)c1c(cc3O)OC(C)(C)C=C1,spectrum,COc1cc2c(cc1OC)C1C(=O)c3c(O)cc4c(c3OC1CO2)C=CC(C)(C)O4,"InChI=1S/C23H22O7/c1-23(2)6-5-11-15(30-23)8-13(24)20-21(25)19-12-7-16(26-3)17(27-4)9-14(12)28-10-18(19)29-22(11)20/h5-9,18-19,24H,10H2,1-4H3",JLTNCZQNGBLBGO-UHFFFAOYSA-N,JLTNCZQNGBLBGO,COc1cc2c(cc1OC)C1C(=O)c3c(O)cc4c(c3OC1CO2)C=CC(C)(C)O4,Q9NUW8_WT;Q96QE3_WT,,,,,,,reducer
Lindane,inactive,Cl[C@H]1[C@H](Cl)[C@@H](Cl)[C@@H](Cl)[C@H](Cl)[C@H]1Cl,spectrum,Cl[C@H]1[C@H](Cl)[C@@H](Cl)[C@@H](Cl)[C@H](Cl)[C@H]1Cl,"InChI=1S/C6H6Cl6/c7-1-2(8)4(10)6(12)5(11)3(1)9/h1-6H/t1-,2-,3-,4+,5+,6+",JLYXXMFPNIAWKQ-GNIYUCBRSA-N,JLYXXMFPNIAWKQ,Cl[C@H]1[C@H](Cl)[C@@H](Cl)[C@@H](Cl)[C@H](Cl)[C@H]1Cl,P24046_WT;P28472_WT,P24046_WT;P28472_WT,P24046_WT;P28472_WT,P28472_WT,P28472_WT,P28472_WT,P28472_WT,inactive
Closantel,inactive,Cc1c(NC(=O)c2c(O)c(I)cc(I)c2)cc(Cl)c(C(C#N)c2ccc(Cl)cc2)c1,spectrum,Cc1cc(C(C#N)c2ccc(Cl)cc2)c(Cl)cc1NC(=O)c1cc(I)cc(I)c1O,"InChI=1S/C22H14Cl2I2N2O2/c1-11-6-15(17(10-27)12-2-4-13(23)5-3-12)18(24)9-20(11)28-22(30)16-7-14(25)8-19(26)21(16)29/h2-9,17,29H,1H3,(H,28,30)",JMPFSEBWVLAJKM-UHFFFAOYSA-N,JMPFSEBWVLAJKM,Cc1cc(C(C#N)c2ccc(Cl)cc2)c(Cl)cc1NC(=O)c1cc(I)cc(I)c1O,P0DMS8_WT;P00533_WT;P06241_WT;P24557_WT;Q16539_WT,P0DMS8_WT;P24557_WT,P0DMS8_WT;P24557_WT,,,,,inactive
Sulfathiazole,inactive,Nc1ccc(S(=O)(=O)Nc2nccs2)cc1,spectrum,Nc1ccc(S(=O)(=O)Nc2nccs2)cc1,"InChI=1S/C9H9N3O2S2/c10-7-1-3-8(4-2-7)16(13,14)12-9-11-5-6-15-9/h1-6H,10H2,(H,11,12)",JNMRHUJNCSQMMB-UHFFFAOYSA-N,JNMRHUJNCSQMMB,Nc1ccc(S(=O)(=O)Nc2nccs2)cc1,,,,,,,,inactive
Penciclovir,inactive,Nc1nc2c(ncn2CCC(CO)CO)c(=O)[nH]1,spectrum,Nc1nc(=O)c2ncn(CCC(CO)CO)c2[nH]1,"InChI=1S/C10H15N5O3/c11-10-13-8-7(9(18)14-10)12-5-15(8)2-1-6(3-16)4-17/h5-6,16-17H,1-4H2,(H3,11,13,14,18)",JNTOCHDNEULJHD-UHFFFAOYSA-N,JNTOCHDNEULJHD,Nc1nc(=O)c2ncn(CCC(CO)CO)c2[nH]1,P51450_WT;Q9NUW8_WT,P51450_WT,P51450_WT,,,,,inactive
Vulpinic acid,inactive,COC(=O)/C(=C1\OC(=O)C(c2ccccc2)=C1O)c1ccccc1,spectrum,COC(=O)/C(=C1\OC(=O)C(c2ccccc2)C1=O)c1ccccc1,"InChI=1S/C19H14O5/c1-23-18(21)15(13-10-6-3-7-11-13)17-16(20)14(19(22)24-17)12-8-4-2-5-9-12/h2-11,14H,1H3/b17-15-",JOFTYVPERBCMPJ-ICFOKQHNSA-N,JOFTYVPERBCMPJ,COC(=O)/C(=C1\OC(=O)C(c2ccccc2)C1=O)c1ccccc1,,,,,,,,inactive
Bez235,reducer,C12=CN=C3C(=C1N(C(N2C)=O)C4=CC=C(C=C4)C(C#N)(C)C)C=C(C=C3)C5=CC6=C(N=C5)C=CC=C6,selleckchem,Cn1c(=O)n(-c2ccc(C(C)(C)C#N)cc2)c2c3cc(-c4cnc5ccccc5c4)ccc3ncc21,"InChI=1S/C30H23N5O/c1-30(2,18-31)22-9-11-23(12-10-22)35-28-24-15-19(21-14-20-6-4-5-7-25(20)32-16-21)8-13-26(24)33-17-27(28)34(3)29(35)36/h4-17H,1-3H3",JOGKUKXHTYWRGZ-UHFFFAOYSA-N,JOGKUKXHTYWRGZ,Cn1c(=O)n(-c2ccc(C(C)(C)C#N)cc2)c2c3cc(-c4cnc5ccccc5c4)ccc3ncc21,O00329_WT;O00443_WT;O00750_WT;O14757_WT;P07333_WT;P08581_WT;P29376_WT;P35557_WT;P42336_WT;P42338_WT;P42345_WT;P48736_WT;P50613_WT;P53667_WT;Q8NEB9_WT;Q9HAZ1_WT;Q9NUW8_WT;Q9UBN7_WT;Q9UM73_WT;Q9Y4K4_WT;Q12851_WT;Q13315_WT;Q16236_WT,O00329_WT;O00443_WT;O00750_WT;O14757_WT;P35557_WT;P42336_WT;P42338_WT;P42345_WT;P48736_WT;Q9HAZ1_WT;Q9NUW8_WT;Q9UBN7_WT;Q12851_WT;Q13315_WT,O00329_WT;O00443_WT;O00750_WT;O14757_WT;P35557_WT;P42336_WT;P42338_WT;P42345_WT;P48736_WT;Q9HAZ1_WT;Q9NUW8_WT;Q9UBN7_WT;Q12851_WT;Q13315_WT,O00329_WT;P42336_WT;P42345_WT;P48736_WT;Q9UBN7_WT;Q13315_WT,P42336_WT;P48736_WT;Q9UBN7_WT;Q13315_WT,Q9UBN7_WT,,reducer
Pipemidic acid,inactive,CCn1cc(C(=O)O)c(=O)c2c1nc(N1CCNCC1)nc2,spectrum,CCn1cc(C(=O)O)c(=O)c2cnc(N3CCNCC3)nc21,"InChI=1S/C14H17N5O3/c1-2-18-8-10(13(21)22)11(20)9-7-16-14(17-12(9)18)19-5-3-15-4-6-19/h7-8,15H,2-6H2,1H3,(H,21,22)",JOHZPMXAZQZXHR-UHFFFAOYSA-N,JOHZPMXAZQZXHR,CCn1cc(C(=O)O)c(=O)c2cnc(N3CCNCC3)nc21,P10275_WT,P10275_WT,P10275_WT,P10275_WT,P10275_WT,P10275_WT,P10275_WT,inactive
Tg101348,antineoplastic,C1(=CC=C(C=C1)NC2=NC(=C(C=N2)C)NC3=CC=CC(=C3)S(NC(C)(C)C)(=O)=O)OCCN4CCCC4,selleckchem,Cc1cnc(Nc2ccc(OCCN3CCCC3)cc2)nc1Nc1cccc(S(=O)(=O)NC(C)(C)C)c1,"InChI=1S/C27H36N6O3S/c1-20-19-28-26(30-21-10-12-23(13-11-21)36-17-16-33-14-5-6-15-33)31-25(20)29-22-8-7-9-24(18-22)37(34,35)32-27(2,3)4/h7-13,18-19,32H,5-6,14-17H2,1-4H3,(H2,28,29,30,31)",JOOXLOJCABQBSG-UHFFFAOYSA-N,JOOXLOJCABQBSG,Cc1cnc(Nc2ccc(OCCN3CCCC3)cc2)nc1Nc1cccc(S(=O)(=O)NC(C)(C)C)c1,O00238_WT;O00444_WT;O14578_WT;O14730_WT;O14920_WT;O14976_WT;O15075_WT;O15111_WT;O15146_WT;O15197_WT;O43283_WT;O43293_WT;O60285_WT;O60674_WT;O60885_WT;O75385_WT;O75676_WT;O75716_WT;O94768_WT;O95782_WT;P00519_E255K;P00519_F317L;P00519_H396P;P00519_M351T;P00519_Q252H;P00519_T315I;P00519_WT;P00519_Y253F;P00533_L858R_T790M;P00533_T790M;P04629_WT;P06213_WT;P06239_WT;P06241_WT;P07332_WT;P07333_WT;P07947_WT;P07948_WT;P07949_M918T;P07949_V804L;P07949_V804M;P07949_WT;P08922_WT;P09619_WT;P09769_WT;P10721_A829P;P10721_D816H;P10721_D816V;P10721_L576P;P10721_V559D;P10721_WT;P11362_WT;P12931_WT;P19784_WT;P21709_WT;P21802_WT;P22607_G697C;P22607_WT;P23458_WT;P27448_WT;P29597_WT;P30291_WT;P30530_WT;P32298_WT;P33981_WT;P35590_WT;P36888_D835H;P36888_D835Y;P36888_K663Q;P36888_N841I;P36888_R834Q;P36888_WT;P42684_WT;P42685_WT;P45983_WT;P45984_WT;P50613_WT;P51451_WT;P51617_WT;P51956_WT;P53350_WT;P53355_WT;P53667_WT;P53779_WT;P57059_WT;P63010_WT;P68400_WT;P78356_WT;P78362_WT;Q2M2I8_WT;Q5S007_WT;Q6P3R8_WT;Q6P5Z2_WT;Q6PHR2_WT;Q6ZSR9_WT;Q8IU85_WT;Q8IYT8_WT;Q8N568_WT;Q8NE63_WT;Q8TD08_WT;Q8TD19_WT;Q8TDX7_WT;Q9BRS2_WT;Q9BYT3_WT;Q9C098_WT;Q9H2G2_WT;Q9H093_WT;Q9HBH9_WT;Q9HC98_WT;Q9NQS7_WT;Q9NRH2_WT;Q9NRP7_WT;Q9NSY1_WT;Q9NYL2_WT;Q9P0L2_WT;Q9P2K8_S808G;Q9P2K8_WT;Q9UEE5_WT;Q9UHD2_WT;Q9UIK4_WT;Q9UK32_WT;Q9UL54_WT;Q9UM73_WT;Q9UPE1_WT;Q9UQB9_WT;Q9UQM7_WT;Q9Y2U5_WT;Q9Y616_WT;Q52WX2_WT;Q56UN5_WT;Q58F21_WT;Q86TW2_WT;Q86YV6_WT;Q86Z02_WT;Q96D53_WT;Q96L34_WT;Q96SB4_WT;Q00537_WT;Q04771_WT;Q05397_WT;Q06187_WT;Q07912_WT;Q08881_WT;Q12866_WT;Q13163_WT;Q13164_WT;Q13470_WT;Q13523_WT;Q13555_WT;Q13557_WT;Q14164_WT;Q14289_WT;Q15418_WT;Q15746_WT;Q15831_WT;Q16816_WT;Q16832_WT;Q99755_WT,O14578_WT;O14730_WT;O14976_WT;O15075_WT;O15197_WT;O43293_WT;O60285_WT;O60674_WT;O60885_WT;O75385_WT;O75676_WT;O75716_WT;O94768_WT;P00519_E255K;P00519_F317L;P00519_H396P;P00519_M351T;P00519_Q252H;P00519_T315I;P00519_WT;P00519_Y253F;P06239_WT;P06241_WT;P07947_WT;P07949_M918T;P07949_V804L;P07949_V804M;P07949_WT;P09619_WT;P09769_WT;P10721_A829P;P10721_D816H;P10721_D816V;P10721_L576P;P10721_V559D;P10721_WT;P11362_WT;P12931_WT;P19784_WT;P23458_WT;P27448_WT;P29597_WT;P30530_WT;P32298_WT;P36888_D835H;P36888_D835Y;P36888_K663Q;P36888_N841I;P36888_R834Q;P36888_WT;P42685_WT;P50613_WT;P51617_WT;P53350_WT;P53355_WT;P53779_WT;P57059_WT;P63010_WT;P78356_WT;P78362_WT;Q6P5Z2_WT;Q6PHR2_WT;Q6ZSR9_WT;Q8IYT8_WT;Q8NE63_WT;Q8TDX7_WT;Q9BRS2_WT;Q9BYT3_WT;Q9C098_WT;Q9H093_WT;Q9HC98_WT;Q9NRH2_WT;Q9NSY1_WT;Q9P2K8_S808G;Q9P2K8_WT;Q9UIK4_WT;Q9UPE1_WT;Q9UQM7_WT;Q56UN5_WT;Q86TW2_WT;Q86YV6_WT;Q96D53_WT;Q96SB4_WT;Q04771_WT;Q05397_WT;Q07912_WT;Q13164_WT;Q14289_WT;Q15831_WT;Q99755_WT,O14730_WT;O14976_WT;O43293_WT;O60285_WT;O60674_WT;O75716_WT;O94768_WT;P00519_E255K;P00519_H396P;P00519_M351T;P00519_Q252H;P00519_WT;P00519_Y253F;P06239_WT;P06241_WT;P07949_V804L;P07949_V804M;P09619_WT;P09769_WT;P10721_A829P;P10721_V559D;P12931_WT;P36888_D835H;P36888_D835Y;P36888_K663Q;P36888_N841I;P36888_R834Q;P36888_WT;P53355_WT;P57059_WT;Q8IYT8_WT;Q9C098_WT;Q9H093_WT;Q9UIK4_WT;Q56UN5_WT;Q05397_WT;Q07912_WT;Q99755_WT,O43293_WT;O60674_WT;P36888_D835H;P36888_D835Y;P36888_K663Q;P36888_N841I;P36888_R834Q;P36888_WT;P53355_WT;Q9C098_WT;Q9UIK4_WT;Q56UN5_WT,O43293_WT;O60674_WT;P36888_D835H;P36888_D835Y,O43293_WT;O60674_WT,O60674_WT,antineoplastic
Genkwanin,inactive,COc1cc2c(c(O)c1)c(=O)cc(-c1ccc(O)cc1)o2,spectrum,COc1cc(O)c2c(=O)cc(-c3ccc(O)cc3)oc2c1,"InChI=1S/C16H12O5/c1-20-11-6-12(18)16-13(19)8-14(21-15(16)7-11)9-2-4-10(17)5-3-9/h2-8,17-18H,1H3",JPMYFOBNRRGFNO-UHFFFAOYSA-N,JPMYFOBNRRGFNO,COc1cc(O)c2c(=O)cc(-c3ccc(O)cc3)oc2c1,Q9HBH9_WT,,,,,,,inactive
5alpha-CHOLESTAN-3beta-OL-6-ONE,inactive,CC(C)CCCC(C)C1CCC2C3CC(=O)[C@H]4C[C@@H](O)CC[C@]4(C)C3CC[C@]12C,spectrum,CC(C)CCCC(C)C1CCC2C3CC(=O)C4C[C@@H](O)CC[C@]4(C)C3CC[C@]12C,"InChI=1S/C27H46O2/c1-17(2)7-6-8-18(3)21-9-10-22-20-16-25(29)24-15-19(28)11-13-27(24,5)23(20)12-14-26(21,22)4/h17-24,28H,6-16H2,1-5H3/t18?,19-,20?,21?,22?,23?,24?,26+,27+/m0/s1",JQMQKOQOLPGBBE-XFEHHWMLSA-N,JQMQKOQOLPGBBE,CC(C)CCCC(C)C1CCC2C3CC(=O)C4C[C@@H](O)CC[C@]4(C)C3CC[C@]12C,,,,,,,,inactive
Lomerizine hydrochloride,inactive,COc1ccc(CN2CCN(C(c3ccc(F)cc3)c3ccc(F)cc3)CC2)c(OC)c1OC,spectrum,COc1ccc(CN2CCN(C(c3ccc(F)cc3)c3ccc(F)cc3)CC2)c(OC)c1OC,"InChI=1S/C27H30F2N2O3/c1-32-24-13-8-21(26(33-2)27(24)34-3)18-30-14-16-31(17-15-30)25(19-4-9-22(28)10-5-19)20-6-11-23(29)12-7-20/h4-13,25H,14-18H2,1-3H3",JQSAYKKFZOSZGJ-UHFFFAOYSA-N,JQSAYKKFZOSZGJ,COc1ccc(CN2CCN(C(c3ccc(F)cc3)c3ccc(F)cc3)CC2)c(OC)c1OC,P03372_WT,,,,,,,inactive
Chrysin dimethyl ether,inactive,COc1cc2c(c(OC)c1)c(=O)cc(-c1ccccc1)o2,spectrum,COc1cc(OC)c2c(=O)cc(-c3ccccc3)oc2c1,"InChI=1S/C17H14O4/c1-19-12-8-15(20-2)17-13(18)10-14(21-16(17)9-12)11-6-4-3-5-7-11/h3-10H,1-2H3",JRFZSUMZAUHNSL-UHFFFAOYSA-N,JRFZSUMZAUHNSL,COc1cc(OC)c2c(=O)cc(-c3ccccc3)oc2c1,,,,,,,,inactive
Amsacrine,reducer,COc1cc(NS(C)(=O)=O)ccc1Cc1c2ccccc2nc2c1cccc2,spectrum,COc1cc(NS(C)(=O)=O)ccc1Cc1c2ccccc2nc2ccccc12,"InChI=1S/C22H20N2O3S/c1-27-22-14-16(24-28(2,25)26)12-11-15(22)13-19-17-7-3-5-9-20(17)23-21-10-6-4-8-18(19)21/h3-12,14,24H,13H2,1-2H3",JRNUZHHDXNSOMO-UHFFFAOYSA-N,JRNUZHHDXNSOMO,COc1cc(NS(C)(=O)=O)ccc1Cc1c2ccccc2nc2ccccc12,Q9NUW8_WT,Q9NUW8_WT,Q9NUW8_WT,,,,,reducer
Osi-027,inactive,N1C=NN2C(C=1N)=C(N=C2[C@@H]3CC[C@H](CC3)C(=O)O)C4NC5=C(C=4)C=CC=C5OC,selleckchem,COc1cccc2cc(-c3nc(C4CCC(C(=O)O)CC4)n4ncnc(N)c34)[nH]c12,"InChI=1S/C21H22N6O3/c1-30-15-4-2-3-13-9-14(25-16(13)15)17-18-19(22)23-10-24-27(18)20(26-17)11-5-7-12(8-6-11)21(28)29/h2-4,9-12,25H,5-8H2,1H3,(H,28,29)(H2,22,23,24)",JROFGZPOBKIAEW-UHFFFAOYSA-N,JROFGZPOBKIAEW,COc1cccc2cc(-c3nc(C4CCC(C(=O)O)CC4)n4ncnc(N)c34)[nH]c12,P07947_WT;P07949_WT;P36896_WT;P36897_WT,P07947_WT;P07949_WT,P07947_WT;P07949_WT,,,,,inactive
Entacapone,inactive,CCN(CC)C(=O)/C(C#N)=C/c1cc([N+](=O)[O-])c(O)c(O)c1,spectrum,CCN(CC)C(=O)C(C#N)=Cc1cc(O)c(O)c([N+](=O)[O-])c1,"InChI=1S/C14H15N3O5/c1-3-16(4-2)14(20)10(8-15)5-9-6-11(17(21)22)13(19)12(18)7-9/h5-7,18-19H,3-4H2,1-2H3",JRURYQJSLYLRLN-UHFFFAOYSA-N,JRURYQJSLYLRLN,CCN(CC)C(=O)C(C#N)=Cc1cc(O)c(O)c([N+](=O)[O-])c1,P21964_WT;P22734_WT,P21964_WT;P22734_WT,P22734_WT,,,,,inactive
Jnj-38877605,inactive,N1=CC=CC2=C1C=CC(=C2)C(C3N4C(=NN=3)C=CC(=N4)C5C=NN(C=5)C)(F)F,selleckchem,Cn1cc(-c2ccc3nnc(C(F)(F)c4ccc5ncccc5c4)n3n2)cn1,"InChI=1S/C19H13F2N7/c1-27-11-13(10-23-27)16-6-7-17-24-25-18(28(17)26-16)19(20,21)14-4-5-15-12(9-14)3-2-8-22-15/h2-11H,1H3",JRWCBEOAFGHNNU-UHFFFAOYSA-N,JRWCBEOAFGHNNU,Cn1cc(-c2ccc3nnc(C(F)(F)c4ccc5ncccc5c4)n3n2)cn1,P08581_WT;P16083_WT;Q6ZTR7_WT;Q8TBX8_WT,P08581_WT;Q6ZTR7_WT,P08581_WT;Q6ZTR7_WT,P08581_WT,P08581_WT,P08581_WT,,inactive
Quinapril hydrochloride,inactive,CCOC(=O)[C@H](CCc1ccccc1)N[C@@H](C)C(=O)N1Cc2c(cccc2)C[C@H]1C(=O)O,spectrum,CCOC(=O)C(CCc1ccccc1)NC(C)C(=O)N1Cc2ccccc2CC1C(=O)O,"InChI=1S/C25H30N2O5/c1-3-32-25(31)21(14-13-18-9-5-4-6-10-18)26-17(2)23(28)27-16-20-12-8-7-11-19(20)15-22(27)24(29)30/h4-12,17,21-22,26H,3,13-16H2,1-2H3,(H,29,30)",JSDRRTOADPPCHY-UHFFFAOYSA-N,JSDRRTOADPPCHY,CCOC(=O)C(CCc1ccccc1)NC(C)C(=O)N1Cc2ccccc2CC1C(=O)O,P12821_WT;Q9NUW8_WT,P12821_WT;Q9NUW8_WT,,,,,,inactive
Lamivudine,inactive,Nc1nc(=O)n(C2CSC(CO)O2)cc1,spectrum,Nc1ccn(C2CSC(CO)O2)c(=O)n1,"InChI=1S/C8H11N3O3S/c9-5-1-2-11(8(13)10-5)6-4-15-7(3-12)14-6/h1-2,6-7,12H,3-4H2,(H2,9,10,13)",JTEGQNOMFQHVDC-UHFFFAOYSA-N,JTEGQNOMFQHVDC,Nc1ccn(C2CSC(CO)O2)c(=O)n1,P38532_WT;Q03431_WT,P38532_WT;Q03431_WT,Q03431_WT,Q03431_WT,Q03431_WT,,,inactive
Isopropamide iodide,inactive,CC(C)[N+](C)(CCC(C(N)=O)(c1ccccc1)c1ccccc1)C(C)C,spectrum,CC(C)[N+](C)(CCC(C(N)=O)(c1ccccc1)c1ccccc1)C(C)C,"InChI=1S/C23H32N2O/c1-18(2)25(5,19(3)4)17-16-23(22(24)26,20-12-8-6-9-13-20)21-14-10-7-11-15-21/h6-15,18-19H,16-17H2,1-5H3,(H-,24,26)/p+1",JTPUMZTWMWIVPA-UHFFFAOYSA-O,JTPUMZTWMWIVPA,CC(C)[N+](C)(CCC(C(N)=O)(c1ccccc1)c1ccccc1)C(C)C,,,,,,,,inactive
Tiapride hydrochloride,inactive,CCN(CC)CCNC(=O)c1cc(S(C)(=O)=O)ccc1OC,spectrum,CCN(CC)CCNC(=O)c1cc(S(C)(=O)=O)ccc1OC,"InChI=1S/C15H24N2O4S/c1-5-17(6-2)10-9-16-15(18)13-11-12(22(4,19)20)7-8-14(13)21-3/h7-8,11H,5-6,9-10H2,1-4H3,(H,16,18)",JTVPZMFULRWINT-UHFFFAOYSA-N,JTVPZMFULRWINT,CCN(CC)CCNC(=O)c1cc(S(C)(=O)=O)ccc1OC,P14416_WT;P35462_WT;P83916_WT,P83916_WT,P83916_WT,,,,,inactive
2'.4'-dihydroxychalcone,inactive,O=C(/C=C/c1ccccc1)c1c(O)cc(O)cc1,spectrum,O=C(/C=C/c1ccccc1)c1ccc(O)cc1O,"InChI=1S/C15H12O3/c16-12-7-8-13(15(18)10-12)14(17)9-6-11-4-2-1-3-5-11/h1-10,16,18H/b9-6+",JUMSUVHHUVPSOY-RMKNXTFCSA-N,JUMSUVHHUVPSOY,O=C(/C=C/c1ccccc1)c1ccc(O)cc1O,,,,,,,,inactive
Ritanserin,inactive,Cc1c(CCN2CCC(=C(c3ccc(F)cc3)c3ccc(F)cc3)CC2)c(=O)n2ccsc2n1,spectrum,Cc1nc2sccn2c(=O)c1CCN1CCC(=C(c2ccc(F)cc2)c2ccc(F)cc2)CC1,"InChI=1S/C27H25F2N3OS/c1-18-24(26(33)32-16-17-34-27(32)30-18)12-15-31-13-10-21(11-14-31)25(19-2-6-22(28)7-3-19)20-4-8-23(29)9-5-20/h2-9,16-17H,10-15H2,1H3",JUQLTPCYUFPYKE-UHFFFAOYSA-N,JUQLTPCYUFPYKE,Cc1nc2sccn2c(=O)c1CCN1CCC(=C(c2ccc(F)cc2)c2ccc(F)cc2)CC1,P08908_WT;P14618_WT;P14842_WT;P28223_WT;P28335_WT;P32305_WT;P34969_WT;P43140_WT;P61169_WT,P08908_WT;P14618_WT;P14842_WT;P28223_WT;P28335_WT;P32305_WT;P34969_WT;P43140_WT;P61169_WT,P14618_WT;P14842_WT;P28223_WT;P28335_WT;P32305_WT;P34969_WT;P43140_WT;P61169_WT,P14618_WT;P14842_WT;P28223_WT;P28335_WT;P32305_WT;P61169_WT,P14618_WT;P14842_WT;P28223_WT;P28335_WT,P28223_WT;P28335_WT,P28223_WT,inactive
Cyclobenzaprine hydrochloride,inactive,CN(C)CCC=C1c2c(C=Cc3c1cccc3)cccc2,spectrum,CN(C)CCC=C1c2ccccc2C=Cc2ccccc21,"InChI=1S/C20H21N/c1-21(2)15-7-12-20-18-10-5-3-8-16(18)13-14-17-9-4-6-11-19(17)20/h3-6,8-14H,7,15H2,1-2H3",JURKNVYFZMSNLP-UHFFFAOYSA-N,JURKNVYFZMSNLP,CN(C)CCC=C1c2ccccc2C=Cc2ccccc21,P07949_WT;P08482_WT;P97697_WT,P07949_WT;P08482_WT,P08482_WT,,,,,inactive
Azd2014,reducer,C1=C(N=C2C(=C1)C(=NC(=N2)N3[C@H](COCC3)C)N4[C@H](COCC4)C)C5=CC(=CC=C5)C(NC)=O,selleckchem,CNC(=O)c1cccc(-c2ccc3c(N4CCOC[C@@H]4C)nc(N4CCOC[C@@H]4C)nc3n2)c1,"InChI=1S/C25H30N6O3/c1-16-14-33-11-9-30(16)23-20-7-8-21(18-5-4-6-19(13-18)24(32)26-3)27-22(20)28-25(29-23)31-10-12-34-15-17(31)2/h4-8,13,16-17H,9-12,14-15H2,1-3H3,(H,26,32)/t16-,17-/m0/s1",JUSFANSTBFGBAF-IRXDYDNUSA-N,JUSFANSTBFGBAF,CNC(=O)c1cccc(-c2ccc3c(N4CCOC[C@@H]4C)nc(N4CCOC[C@@H]4C)nc3n2)c1,P16930_WT;P42336_WT;P42345_WT;P62495_WT;Q01813_WT,P16930_WT;P42336_WT;P42345_WT;P62495_WT,P16930_WT;P42336_WT;P42345_WT;P62495_WT,P42345_WT;P62495_WT,P42345_WT,P42345_WT,,reducer
Rotenone,reducer,C=C(C)[C@H]1Cc2c(ccc3c2O[C@@H]2COc4cc(OC)c(OC)cc4[C@@H]2C3=O)O1,spectrum,C=C(C)[C@H]1Cc2c(ccc3c2O[C@@H]2COc4cc(OC)c(OC)cc4C2C3=O)O1,"InChI=1S/C23H22O6/c1-11(2)16-8-14-15(28-16)6-5-12-22(24)21-13-7-18(25-3)19(26-4)9-17(13)27-10-20(21)29-23(12)14/h5-7,9,16,20-21H,1,8,10H2,2-4H3/t16-,20-,21?/m1/s1",JUVIOZPCNVVQFO-KDWTUPFUSA-N,JUVIOZPCNVVQFO,C=C(C)[C@H]1Cc2c(ccc3c2O[C@@H]2COc4cc(OC)c(OC)cc4C2C3=O)O1,P03372_WT;P03905_WT;P10275_WT;P18113_WT;P42345_WT;P50406_WT;P51450_WT;Q9NUW8_WT;Q96RI1_WT;Q16236_WT;Q16637_WT,P03372_WT;P03905_WT;P10275_WT;P18113_WT;P42345_WT;P51450_WT;Q9NUW8_WT;Q16236_WT,P03372_WT;P03905_WT;P10275_WT;P18113_WT;P42345_WT;P51450_WT;Q9NUW8_WT;Q16236_WT,P03372_WT;P03905_WT;P10275_WT;Q16236_WT,P03905_WT;P10275_WT;Q16236_WT,,,reducer
Tg101209,reducer,C1=C(C=C(C=C1)NC2=NC(=NC=C2C)NC3=CC=C(C=C3)N4CCN(CC4)C)S(NC(C)(C)C)(=O)=O,selleckchem,Cc1cnc(Nc2ccc(N3CCN(C)CC3)cc2)nc1Nc1cccc(S(=O)(=O)NC(C)(C)C)c1,"InChI=1S/C26H35N7O2S/c1-19-18-27-25(29-20-9-11-22(12-10-20)33-15-13-32(5)14-16-33)30-24(19)28-21-7-6-8-23(17-21)36(34,35)31-26(2,3)4/h6-12,17-18,31H,13-16H2,1-5H3,(H2,27,28,29,30)",JVDOKQYTTYUYDV-UHFFFAOYSA-N,JVDOKQYTTYUYDV,Cc1cnc(Nc2ccc(N3CCN(C)CC3)cc2)nc1Nc1cccc(S(=O)(=O)NC(C)(C)C)c1,O60674_WT;O60885_WT;P30291_WT;P36888_WT;Q9UM73_WT;Q58F21_WT,O60674_WT;O60885_WT;P30291_WT;P36888_WT;Q58F21_WT,O60674_WT;P36888_WT,O60674_WT;P36888_WT,O60674_WT,,,reducer
Mitotane,antineoplastic,Clc1ccc(C(c2c(Cl)cccc2)C(Cl)Cl)cc1,spectrum,Clc1ccc(C(c2ccccc2Cl)C(Cl)Cl)cc1,"InChI=1S/C14H10Cl4/c15-10-7-5-9(6-8-10)13(14(17)18)11-3-1-2-4-12(11)16/h1-8,13-14H",JWBOIMRXGHLCPP-UHFFFAOYSA-N,JWBOIMRXGHLCPP,Clc1ccc(C(c2ccccc2Cl)C(Cl)Cl)cc1,P23975_WT;P33261_WT;P50406_WT;Q01959_WT,,,,,,,antineoplastic
Moxalactam disodium,inactive,CO[C@@]1(NC(=O)C(C(=O)O)c2ccc(O)cc2)C(=O)N2C(C(=O)O)=C(CSc3nnnn3C)CO[C@@H]21,spectrum,CO[C@@]1(NC(=O)C(C(=O)O)c2ccc(O)cc2)C(=O)N2C(C(=O)O)=C(CSc3nnnn3C)CO[C@@H]21,"InChI=1S/C20H20N6O9S/c1-25-19(22-23-24-25)36-8-10-7-35-18-20(34-2,17(33)26(18)13(10)16(31)32)21-14(28)12(15(29)30)9-3-5-11(27)6-4-9/h3-6,12,18,27H,7-8H2,1-2H3,(H,21,28)(H,29,30)(H,31,32)/t12?,18-,20+/m1/s1",JWCSIUVGFCSJCK-CAVRMKNVSA-N,JWCSIUVGFCSJCK,CO[C@@]1(NC(=O)C(C(=O)O)c2ccc(O)cc2)C(=O)N2C(C(=O)O)=C(CSc3nnnn3C)CO[C@@H]21,P03372_WT,P03372_WT,P03372_WT,,,,,inactive
Propafenone hydrochloride,inactive,CCCNCC(O)COc1c(C(=O)CCc2ccccc2)cccc1,spectrum,CCCNCC(O)COc1ccccc1C(=O)CCc1ccccc1,"InChI=1S/C21H27NO3/c1-2-14-22-15-18(23)16-25-21-11-7-6-10-19(21)20(24)13-12-17-8-4-3-5-9-17/h3-11,18,22-23H,2,12-16H2,1H3",JWHAUXFOSRPERK-UHFFFAOYSA-N,JWHAUXFOSRPERK,CCCNCC(O)COc1ccccc1C(=O)CCc1ccccc1,P07550_WT;P08183_WT;P08588_WT;P10635_WT;P13945_WT;P28223_WT;P28335_WT;P41595_WT,P07550_WT;P08588_WT;P28335_WT;P41595_WT,P07550_WT;P41595_WT,,,,,inactive
Neratinib,antineoplastic,C1(=C(C=C2C(=C1)N=CC(=C2NC3=CC=C(C(=C3)Cl)OCC4=NC=CC=C4)C#N)NC(/C=C/CN(C)C)=O)OCC,selleckchem,CCOc1cc2ncc(C#N)c(Nc3ccc(OCc4ccccn4)c(Cl)c3)c2cc1NC(=O)/C=C/CN(C)C,"InChI=1S/C30H29ClN6O3/c1-4-39-28-16-25-23(15-26(28)36-29(38)9-7-13-37(2)3)30(20(17-32)18-34-25)35-21-10-11-27(24(31)14-21)40-19-22-8-5-6-12-33-22/h5-12,14-16,18H,4,13,19H2,1-3H3,(H,34,35)(H,36,38)/b9-7+",JWNPDZNEKVCWMY-VQHVLOKHSA-N,JWNPDZNEKVCWMY,CCOc1cc2ncc(C#N)c(Nc3ccc(OCc4ccccn4)c(Cl)c3)c2cc1NC(=O)/C=C/CN(C)C,O00506_WT;O14733_WT;O14976_WT;O43283_WT;O95819_WT;O96017_WT;P00533_A750P;P00533_G719C;P00533_G719S;P00533_L858R;P00533_L858R_T790M;P00533_L861Q;P00533_P753S;P00533_T790M;P00533_WT;P04626_WT;P06239_WT;P07332_WT;P07333_WT;P07947_WT;P08631_WT;P16591_WT;P21860_WT;P26373_WT;P27348_WT;P30530_WT;P35557_WT;P35590_WT;P36507_WT;P36578_WT;P41240_WT;P42766_WT;P46779_WT;P49674_WT;P51451_WT;P51955_WT;P57059_WT;P98161_WT;Q3MIX3_WT;Q8IVH8_WT;Q8N4C8_WT;Q9BYT3_WT;Q9H2G2_WT;Q9H093_WT;Q9P2K8_S808G;Q9P2K8_WT;Q9P289_WT;Q9UEE5_WT;Q9UKE5_WT;Q9Y2U5_WT;Q9Y4K4_WT;Q9Y6E0_WT;Q9Y6R4_WT;Q56UN5_WT;Q02750_WT;Q02878_WT;Q06187_WT;Q07912_WT;Q12851_WT;Q12852_WT;Q12866_WT;Q13043_WT;Q13153_WT;Q13163_WT;Q13177_WT;Q13188_WT;Q15139_WT;Q15303_WT;Q92918_WT;Q99759_WT,O00506_WT;O14976_WT;P00533_A750P;P00533_G719C;P00533_G719S;P00533_L858R;P00533_L858R_T790M;P00533_L861Q;P00533_P753S;P00533_T790M;P00533_WT;P04626_WT;P06239_WT;P07947_WT;P21860_WT;P26373_WT;P27348_WT;P30530_WT;P35557_WT;P36578_WT;P42766_WT;P46779_WT;P49674_WT;P51451_WT;P51955_WT;P57059_WT;Q8IVH8_WT;Q8N4C8_WT;Q9H2G2_WT;Q9H093_WT;Q9P2K8_S808G;Q9P2K8_WT;Q9P289_WT;Q9UKE5_WT;Q9Y4K4_WT;Q9Y6E0_WT;Q56UN5_WT;Q02750_WT;Q02878_WT;Q13043_WT;Q13153_WT;Q13163_WT;Q13177_WT;Q13188_WT;Q15303_WT;Q92918_WT;Q99759_WT,O00506_WT;P00533_A750P;P00533_G719C;P00533_G719S;P00533_L858R;P00533_L858R_T790M;P00533_L861Q;P00533_P753S;P00533_T790M;P00533_WT;P04626_WT;P07947_WT;P21860_WT;P26373_WT;P36578_WT;P42766_WT;P46779_WT;P51451_WT;Q8N4C8_WT;Q9H2G2_WT;Q9P2K8_S808G;Q9P2K8_WT;Q9P289_WT;Q9Y4K4_WT;Q9Y6E0_WT;Q56UN5_WT;Q02750_WT;Q02878_WT;Q13163_WT;Q13177_WT;Q13188_WT;Q15303_WT;Q92918_WT,O00506_WT;P00533_A750P;P00533_G719C;P00533_G719S;P00533_L858R;P00533_L858R_T790M;P00533_L861Q;P00533_P753S;P00533_T790M;P00533_WT;P04626_WT;P21860_WT;P26373_WT;Q8N4C8_WT;Q9Y4K4_WT;Q9Y6E0_WT;Q56UN5_WT;Q02750_WT;Q02878_WT;Q15303_WT,P00533_A750P;P00533_G719C;P00533_G719S;P00533_L858R;P00533_L861Q;P00533_P753S;P00533_T790M;P00533_WT;P04626_WT;P21860_WT;P26373_WT;Q9Y4K4_WT;Q9Y6E0_WT;Q02878_WT;Q15303_WT,P00533_A750P;P00533_G719C;P00533_G719S;P00533_L858R;P00533_L861Q;P00533_P753S;P00533_T790M;P00533_WT;Q9Y4K4_WT;Q15303_WT,P00533_A750P;P00533_G719C;P00533_G719S;P00533_L858R;P00533_L861Q;P00533_P753S,antineoplastic
Flumethazone pivalate,inactive,C[C@@H]1CC2C3C[C@H](F)C4=CC(=O)C=C[C@]4(C)[C@@]3(F)[C@@H](O)C[C@]2(C)[C@@]1(O)C(=O)COC(=O)C(C)(C)C,spectrum,C[C@@H]1CC2C3C[C@H](F)C4=CC(=O)C=C[C@]4(C)[C@@]3(F)[C@@H](O)C[C@]2(C)[C@@]1(O)C(=O)COC(=O)C(C)(C)C,"InChI=1S/C27H36F2O6/c1-14-9-16-17-11-19(28)18-10-15(30)7-8-24(18,5)26(17,29)20(31)12-25(16,6)27(14,34)21(32)13-35-22(33)23(2,3)4/h7-8,10,14,16-17,19-20,31,34H,9,11-13H2,1-6H3/t14-,16?,17?,19+,20+,24+,25+,26+,27+/m1/s1",JWRMHDSINXPDHB-DCPWPRNHSA-N,JWRMHDSINXPDHB,C[C@@H]1CC2C3C[C@H](F)C4=CC(=O)C=C[C@]4(C)[C@@]3(F)[C@@H](O)C[C@]2(C)[C@@]1(O)C(=O)COC(=O)C(C)(C)C,,,,,,,,inactive
Isoproterenol hydrochloride,inactive,CC(C)NCC(O)c1ccc(O)c(O)c1,spectrum,CC(C)NCC(O)c1ccc(O)c(O)c1,"InChI=1S/C11H17NO3/c1-7(2)12-6-11(15)8-3-4-9(13)10(14)5-8/h3-5,7,11-15H,6H2,1-2H3",JWZZKOKVBUJMES-UHFFFAOYSA-N,JWZZKOKVBUJMES,CC(C)NCC(O)c1ccc(O)c(O)c1,P07550_WT;P08588_WT;P10608_WT;P13945_WT;P16473_WT;P18090_WT;P26255_WT;P34971_WT;P43220_WT;P59533_WT;P59534_WT;P59535_WT;P59536_WT;P59537_WT;P59538_WT;P59539_WT;P59540_WT;P59541_WT;P59542_WT;P59543_WT;P59544_WT;P59551_WT;P83916_WT;Q7RTR8_WT;Q9NYV7_WT;Q9NYV8_WT;Q9NYV9_WT;Q9NYW0_WT;Q9NYW1_WT;Q9NYW2_WT;Q9NYW3_WT;Q9NYW4_WT;Q9NYW5_WT;Q9NYW6_WT;Q9NYW7_WT;Q16665_WT,P07550_WT;P08588_WT;P10608_WT;P13945_WT;P18090_WT;P26255_WT;P34971_WT;P43220_WT;P59533_WT;P59534_WT;P59535_WT;P59536_WT;P59537_WT;P59538_WT;P59539_WT;P59540_WT;P59541_WT;P59542_WT;P59543_WT;P59544_WT;P59551_WT;P83916_WT;Q7RTR8_WT;Q9NYV7_WT;Q9NYV8_WT;Q9NYV9_WT;Q9NYW0_WT;Q9NYW1_WT;Q9NYW2_WT;Q9NYW3_WT;Q9NYW4_WT;Q9NYW5_WT;Q9NYW6_WT;Q9NYW7_WT,P07550_WT;P08588_WT;P10608_WT;P13945_WT;P26255_WT;P43220_WT;P59533_WT;P59534_WT;P59535_WT;P59536_WT;P59537_WT;P59538_WT;P59539_WT;P59540_WT;P59541_WT;P59542_WT;P59543_WT;P59544_WT;P59551_WT;P83916_WT;Q7RTR8_WT;Q9NYV7_WT;Q9NYV8_WT;Q9NYV9_WT;Q9NYW0_WT;Q9NYW1_WT;Q9NYW2_WT;Q9NYW3_WT;Q9NYW4_WT;Q9NYW5_WT;Q9NYW6_WT;Q9NYW7_WT,P08588_WT;P10608_WT;P13945_WT;P43220_WT;P59533_WT;P59534_WT;P59535_WT;P59536_WT;P59537_WT;P59538_WT;P59539_WT;P59540_WT;P59541_WT;P59542_WT;P59543_WT;P59544_WT;P59551_WT;P83916_WT;Q7RTR8_WT;Q9NYV7_WT;Q9NYV8_WT;Q9NYV9_WT;Q9NYW0_WT;Q9NYW1_WT;Q9NYW2_WT;Q9NYW3_WT;Q9NYW4_WT;Q9NYW5_WT;Q9NYW6_WT;Q9NYW7_WT,P08588_WT;P10608_WT;P43220_WT;P59533_WT;P59534_WT;P59535_WT;P59536_WT;P59537_WT;P59538_WT;P59539_WT;P59540_WT;P59541_WT;P59542_WT;P59543_WT;P59544_WT;P59551_WT;Q7RTR8_WT;Q9NYV7_WT;Q9NYV8_WT;Q9NYV9_WT;Q9NYW0_WT;Q9NYW1_WT;Q9NYW2_WT;Q9NYW3_WT;Q9NYW4_WT;Q9NYW5_WT;Q9NYW6_WT;Q9NYW7_WT,P10608_WT,P10608_WT,inactive
Malathion,inactive,CCOC(=O)CC(SP(=S)(OC)OC)C(=O)OCC,spectrum,CCOC(=O)CC(SP(=S)(OC)OC)C(=O)OCC,"InChI=1S/C10H19O6PS2/c1-5-15-9(11)7-8(10(12)16-6-2)19-17(18,13-3)14-4/h8H,5-7H2,1-4H3",JXSJBGJIGXNWCI-UHFFFAOYSA-N,JXSJBGJIGXNWCI,CCOC(=O)CC(SP(=S)(OC)OC)C(=O)OCC,Q9NUW8_WT,Q9NUW8_WT,Q9NUW8_WT,Q9NUW8_WT,,,,inactive
Asiatic acid,inactive,C[C@@H]1[C@H]2C3=CCC4[C@@]5(C)C[C@@H](O)[C@H](O)[C@@](C)(CO)C5CC[C@@]4(C)[C@]3(C)CC[C@@]2(C(=O)O)CC[C@H]1C,spectrum,C[C@H]1[C@H](C)CC[C@]2(C(=O)O)CC[C@]3(C)C(=CCC4[C@@]5(C)C[C@@H](O)[C@H](O)[C@@](C)(CO)C5CC[C@]43C)[C@H]12,"InChI=1S/C30H48O5/c1-17-9-12-30(25(34)35)14-13-28(5)19(23(30)18(17)2)7-8-22-26(3)15-20(32)24(33)27(4,16-31)21(26)10-11-29(22,28)6/h7,17-18,20-24,31-33H,8-16H2,1-6H3,(H,34,35)/t17-,18+,20-,21?,22?,23+,24+,26+,27+,28-,29-,30+/m1/s1",JXSVIVRDWWRQRT-BJZQJJFASA-N,JXSVIVRDWWRQRT,C[C@H]1[C@H](C)CC[C@]2(C(=O)O)CC[C@]3(C)C(=CCC4[C@@]5(C)C[C@@H](O)[C@H](O)[C@@](C)(CO)C5CC[C@]43C)[C@H]12,,,,,,,,inactive
Hydrocortisone,inactive,C[C@]12C[C@H](O)C3C(CCC4=CC(=O)CC[C@@]43C)C1CC[C@]2(O)C(=O)CO,spectrum,C[C@]12CCC(=O)C=C1CCC1C2[C@@H](O)C[C@@]2(C)C1CC[C@]2(O)C(=O)CO,"InChI=1S/C21H30O5/c1-19-7-5-13(23)9-12(19)3-4-14-15-6-8-21(26,17(25)11-22)20(15,2)10-16(24)18(14)19/h9,14-16,18,22,24,26H,3-8,10-11H2,1-2H3/t14?,15?,16-,18?,19-,20-,21-/m0/s1",JYGXADMDTFJGBT-YDAVOWJHSA-N,JYGXADMDTFJGBT,C[C@]12CCC(=O)C=C1CCC1C2[C@@H](O)C[C@@]2(C)C1CC[C@]2(O)C(=O)CO,P04150_WT;P04278_WT;P06536_WT;P06537_WT;P08185_WT;P08235_WT;P19838_WT;Q16637_WT;Q16665_WT,P04150_WT;P06536_WT;P06537_WT;P08185_WT;P08235_WT;P19838_WT;Q16665_WT,P04150_WT;P06537_WT;P08185_WT;P08235_WT;P19838_WT,P04150_WT;P08185_WT;P08235_WT;P19838_WT,P08235_WT,P08235_WT,P08235_WT,inactive
Nadifloxacin,inactive,CC1CCc2c(N3CCC(O)CC3)c(F)cc3c2n1cc(C(=O)O)c3=O,spectrum,CC1CCc2c(N3CCC(O)CC3)c(F)cc3c(=O)c(C(=O)O)cn1c23,"InChI=1S/C19H21FN2O4/c1-10-2-3-12-16-13(18(24)14(19(25)26)9-22(10)16)8-15(20)17(12)21-6-4-11(23)5-7-21/h8-11,23H,2-7H2,1H3,(H,25,26)",JYJTVFIEFKZWCJ-UHFFFAOYSA-N,JYJTVFIEFKZWCJ,CC1CCc2c(N3CCC(O)CC3)c(F)cc3c(=O)c(C(=O)O)cn1c23,,,,,,,,inactive
13-methyl-4.4-bisnor-8.11.13-podocarpatrien-3-one,inactive,Cc1cc2c(cc1)[C@@]1(C)CCC(=O)C[C@@H]1CC2,spectrum,Cc1ccc2c(c1)CC[C@H]1CC(=O)CC[C@]21C,"InChI=1S/C16H20O/c1-11-3-6-15-12(9-11)4-5-13-10-14(17)7-8-16(13,15)2/h3,6,9,13H,4-5,7-8,10H2,1-2H3/t13-,16-/m0/s1",JZECOIINDLDHBV-BBRMVZONSA-N,JZECOIINDLDHBV,Cc1ccc2c(c1)CC[C@H]1CC(=O)CC[C@]21C,,,,,,,,inactive
Niflumic acid,inactive,O=C(O)c1c(Nc2cccc(C(F)(F)F)c2)nccc1,spectrum,O=C(O)c1cccnc1Nc1cccc(C(F)(F)F)c1,"InChI=1S/C13H9F3N2O2/c14-13(15,16)8-3-1-4-9(7-8)18-11-10(12(19)20)5-2-6-17-11/h1-7H,(H,17,18)(H,19,20)",JZFPYUNJRRFVQU-UHFFFAOYSA-N,JZFPYUNJRRFVQU,O=C(O)c1cccnc1Nc1cccc(C(F)(F)F)c1,P02766_WT;P14618_WT;P35354_WT,P02766_WT;P14618_WT,P14618_WT,P14618_WT,,,,inactive
Pindolol,inactive,CC(C)NCC(O)COc1cccc2c1cc[nH]2,spectrum,CC(C)NCC(O)COc1cccc2[nH]ccc12,"InChI=1S/C14H20N2O2/c1-10(2)16-8-11(17)9-18-14-5-3-4-13-12(14)6-7-15-13/h3-7,10-11,15-17H,8-9H2,1-2H3",JZQKKSLKJUAGIC-UHFFFAOYSA-N,JZQKKSLKJUAGIC,CC(C)NCC(O)COc1cccc2[nH]ccc12,P07550_WT;P08588_WT;P08908_WT;P13945_WT;P19327_WT;P28482_WT;P28564_WT,P07550_WT;P08588_WT;P08908_WT;P13945_WT;P19327_WT;P28482_WT;P28564_WT,P07550_WT;P08588_WT;P08908_WT;P19327_WT;P28564_WT,P07550_WT;P08588_WT;P19327_WT,P07550_WT;P08588_WT,P07550_WT;P08588_WT,P07550_WT,inactive
Hydrochlorothiazide,inactive,NS(=O)(=O)c1cc2c(cc1Cl)NCNS2(=O)=O,spectrum,NS(=O)(=O)c1cc2c(cc1Cl)NCNS2(=O)=O,"InChI=1S/C7H8ClN3O4S2/c8-4-1-5-7(2-6(4)16(9,12)13)17(14,15)11-3-10-5/h1-2,10-11H,3H2,(H2,9,12,13)",JZUFKLXOESDKRF-UHFFFAOYSA-N,JZUFKLXOESDKRF,NS(=O)(=O)c1cc2c(cc1Cl)NCNS2(=O)=O,P00915_WT;P00918_WT,P00918_WT,,,,,,inactive
Cypermethrin,inactive,CC1(C)C(C=C(Cl)Cl)C1C(=O)OC(C#N)c1cc(Oc2ccccc2)ccc1,spectrum,CC1(C)C(C=C(Cl)Cl)C1C(=O)OC(C#N)c1cccc(Oc2ccccc2)c1,"InChI=1S/C22H19Cl2NO3/c1-22(2)17(12-19(23)24)20(22)21(26)28-18(13-25)14-7-6-10-16(11-14)27-15-8-4-3-5-9-15/h3-12,17-18,20H,1-2H3",KAATUXNTWXVJKI-UHFFFAOYSA-N,KAATUXNTWXVJKI,CC1(C)C(C=C(Cl)Cl)C1C(=O)OC(C#N)c1cccc(Oc2ccccc2)c1,,,,,,,,inactive
Isoflupredone acetate,inactive,CC(=O)OCC(=O)[C@@]1(O)CCC2C3CCC4=CC(=O)C=C[C@]4(C)[C@@]3(F)[C@@H](O)C[C@@]21C,spectrum,CC(=O)OCC(=O)[C@@]1(O)CCC2C3CC=C4CC(=O)C=C[C@]4(C)[C@@]3(F)[C@@H](O)C[C@@]21C,"InChI=1S/C23H29FO6/c1-13(25)30-12-19(28)22(29)9-7-16-17-5-4-14-10-15(26)6-8-20(14,2)23(17,24)18(27)11-21(16,22)3/h4,6,8,16-18,27,29H,5,7,9-12H2,1-3H3/t16?,17?,18-,20-,21-,22-,23-/m0/s1",KAJQOJBJABVIDU-JORUCDAYSA-N,KAJQOJBJABVIDU,CC(=O)OCC(=O)[C@@]1(O)CCC2C3CC=C4CC(=O)C=C[C@]4(C)[C@@]3(F)[C@@H](O)C[C@@]21C,P03372_WT;P04150_WT;P10275_WT;P11511_WT,P03372_WT;P04150_WT;P10275_WT;P11511_WT,P03372_WT;P04150_WT;P10275_WT;P11511_WT,P04150_WT;P10275_WT;P11511_WT,,,,inactive
Nafronyl oxalate,inactive,CCN(CC)CCOC(=O)C(Cc1cccc2c1cccc2)CC1CCCO1,spectrum,CCN(CC)CCOC(=O)C(Cc1cccc2ccccc12)CC1CCCO1,"InChI=1S/C24H33NO3/c1-3-25(4-2)14-16-28-24(26)21(18-22-12-8-15-27-22)17-20-11-7-10-19-9-5-6-13-23(19)20/h5-7,9-11,13,21-22H,3-4,8,12,14-18H2,1-2H3",KBAFPSLPKGSANY-UHFFFAOYSA-N,KBAFPSLPKGSANY,CCN(CC)CCOC(=O)C(Cc1cccc2ccccc12)CC1CCCO1,P03372_WT;P08684_WT;P28223_WT,P28223_WT,,,,,,inactive
Limonin,inactive,CC1(C)O[C@H]2CC(=O)OC[C@@]23[C@H]1CC(=O)[C@]1(C)[C@@H]3CC[C@@]2(C)[C@H](c3cocc3)OC(=O)[C@H]3O[C@]321,spectrum,CC1(C)O[C@H]2CC(=O)OC[C@]23[C@H]2CC[C@@]4(C)[C@H](c5ccoc5)OC(=O)C5O[C@]54[C@]2(C)C(=O)C[C@@H]13,"InChI=1S/C26H30O8/c1-22(2)15-9-16(27)24(4)14(25(15)12-31-18(28)10-17(25)33-22)5-7-23(3)19(13-6-8-30-11-13)32-21(29)20-26(23,24)34-20/h6,8,11,14-15,17,19-20H,5,7,9-10,12H2,1-4H3/t14-,15-,17-,19-,20?,23-,24-,25+,26+/m0/s1",KBDSLGBFQAGHBE-QDTQPDKMSA-N,KBDSLGBFQAGHBE,CC1(C)O[C@H]2CC(=O)OC[C@]23[C@H]2CC[C@@]4(C)[C@H](c5ccoc5)OC(=O)C5O[C@]54[C@]2(C)C(=O)C[C@@H]13,,,,,,,,inactive
Ph-797804,inactive,C1(=C(C=CC(=C1)C(=O)NC)C)N2C(=CC(=C(C2=O)Br)OCC3=CC=C(C=C3F)F)C,selleckchem,CNC(=O)c1ccc(C)c(-n2c(C)cc(OCc3ccc(F)cc3F)c(Br)c2=O)c1,"InChI=1S/C22H19BrF2N2O3/c1-12-4-5-14(21(28)26-3)9-18(12)27-13(2)8-19(20(23)22(27)29)30-11-15-6-7-16(24)10-17(15)25/h4-10H,11H2,1-3H3,(H,26,28)",KCAJXIDMCNPGHZ-UHFFFAOYSA-N,KCAJXIDMCNPGHZ,CNC(=O)c1ccc(C)c(-n2c(C)cc(OCc3ccc(F)cc3F)c(Br)c2=O)c1,Q7RTN6_WT;Q15759_WT;Q16539_WT,Q15759_WT;Q16539_WT,Q16539_WT,Q16539_WT,Q16539_WT,,,inactive
2-benzoyl-5-methoxybenzoquinone,inactive,COC1=CC(=O)C(C(=O)c2ccccc2)=CC1=O,spectrum,COC1=CC(=O)C(C(=O)c2ccccc2)=CC1=O,"InChI=1S/C14H10O4/c1-18-13-8-11(15)10(7-12(13)16)14(17)9-5-3-2-4-6-9/h2-8H,1H3",KCINGKZYPYEEGX-UHFFFAOYSA-N,KCINGKZYPYEEGX,COC1=CC(=O)C(C(=O)c2ccccc2)=CC1=O,,,,,,,,inactive
Proparacaine hydrochloride,inactive,CCCOc1c(N)cc(C(=O)OCCN(CC)CC)cc1,spectrum,CCCOc1ccc(C(=O)OCCN(CC)CC)cc1N,"InChI=1S/C16H26N2O3/c1-4-10-20-15-8-7-13(12-14(15)17)16(19)21-11-9-18(5-2)6-3/h7-8,12H,4-6,9-11,17H2,1-3H3",KCLANYCVBBTKTO-UHFFFAOYSA-N,KCLANYCVBBTKTO,CCCOc1ccc(C(=O)OCCN(CC)CC)cc1N,Q99720_WT,Q99720_WT,,,,,,inactive
Trisodium ethylenediamine tetracetate,inactive,O=C(O)CN(CCN(CC(=O)O)CC(=O)O)CC(=O)O.[Na+].[Na+].[Na+],spectrum,O=C(O)CN(CCN(CC(=O)O)CC(=O)O)CC(=O)O,"InChI=1S/C10H16N2O8/c13-7(14)3-11(4-8(15)16)1-2-12(5-9(17)18)6-10(19)20/h1-6H2,(H,13,14)(H,15,16)(H,17,18)(H,19,20)",KCXVZYZYPLLWCC-UHFFFAOYSA-N,KCXVZYZYPLLWCC,O=C(O)CN(CCN(CC(=O)O)CC(=O)O)CC(=O)O,P03372_WT,,,,,,,inactive
Ch5424802,antineoplastic,C1(=CC=C2C(=C1)NC3=C2C(C4=C(C3(C)C)C=C(C(=C4)CC)N5CCC(CC5)N6CCOCC6)=O)C#N,selleckchem,CCc1cc2c(cc1N1CCC(N3CCOCC3)CC1)C(C)(C)c1[nH]c3cc(C#N)ccc3c1C2=O,"InChI=1S/C30H34N4O2/c1-4-20-16-23-24(17-26(20)34-9-7-21(8-10-34)33-11-13-36-14-12-33)30(2,3)29-27(28(23)35)22-6-5-19(18-31)15-25(22)32-29/h5-6,15-17,21,32H,4,7-14H2,1-3H3",KDGFLJKFZUIJMX-UHFFFAOYSA-N,KDGFLJKFZUIJMX,CCc1cc2c(cc1N1CCC(N3CCOCC3)CC1)C(C)(C)c1[nH]c3cc(C#N)ccc3c1C2=O,O14976_WT;O60885_WT;P07949_WT;P21709_WT;P46020_WT;P78368_WT;Q9BZF1_WT;Q9UM73_WT;Q96SB4_WT;Q15067_WT,O14976_WT;O60885_WT;P07949_WT;P21709_WT;Q9BZF1_WT;Q9UM73_WT;Q96SB4_WT;Q15067_WT,Q9UM73_WT,Q9UM73_WT,Q9UM73_WT,Q9UM73_WT,,antineoplastic
Jnj-7706621,inactive,C1(=CC=C(C=C1)NC2N=C(N(N=2)C(C3=C(C=CC=C3F)F)=O)N)S(N)(=O)=O,selleckchem,Nc1nc(Nc2ccc(S(N)(=O)=O)cc2)nn1C(=O)c1c(F)cccc1F,"InChI=1S/C15H12F2N6O3S/c16-10-2-1-3-11(17)12(10)13(24)23-14(18)21-15(22-23)20-8-4-6-9(7-5-8)27(19,25)26/h1-7H,(H2,19,25,26)(H3,18,20,21,22)",KDKUVYLMPJIGKA-UHFFFAOYSA-N,KDKUVYLMPJIGKA,Nc1nc(Nc2ccc(S(N)(=O)=O)cc2)nn1C(=O)c1c(F)cccc1F,O00444_WT;O00506_WT;O14965_WT;O60285_WT;O60674_WT;O75116_WT;O75716_WT;O94804_WT;P00519_M351T;P00519_T315I;P06493_WT;P08581_WT;P09619_WT;P10721_V559D_T670I;P11362_WT;P11802_WT;P21127_WT;P21802_WT;P22607_G697C;P22607_WT;P23458_WT;P24941_WT;P27448_WT;P29597_WT;P33981_WT;P35590_WT;P35968_WT;P36888_D835H;P36888_D835Y;P45985_WT;P49759_WT;P49760_WT;P49761_WT;P49840_WT;P49841_WT;P50613_WT;P50750_WT;P52333_WT;P53667_WT;P53779_WT;P78368_WT;Q2M2I8_WT;Q5S007_WT;Q7L7X3_WT;Q8IVH8_WT;Q8NFD2_WT;Q9H2G2_WT;Q9H093_WT;Q9HAZ1_WT;Q9NSY1_WT;Q9P0L2_WT;Q9P286_WT;Q9P289_WT;Q9UQ88_WT;Q9UQB9_WT;Q9Y6E0_WT;Q86UE8_WT;Q96GD4_WT;Q96L34_WT;Q00526_WT;Q00535_WT;Q00536_WT;Q00537_WT;Q02763_WT;Q04912_WT;Q13043_WT;Q13164_WT;Q13188_WT;Q13464_WT;Q13470_WT;Q13873_WT;Q15349_WT;Q16659_WT;Q92918_WT,O00444_WT;O14965_WT;O60285_WT;O75116_WT;O75716_WT;O94804_WT;P00519_T315I;P06493_WT;P11802_WT;P21127_WT;P23458_WT;P24941_WT;P29597_WT;P33981_WT;P35590_WT;P49761_WT;P49840_WT;P50750_WT;P52333_WT;Q2M2I8_WT;Q5S007_WT;Q7L7X3_WT;Q9H2G2_WT;Q9H093_WT;Q9NSY1_WT;Q9P289_WT;Q9UQ88_WT;Q9UQB9_WT;Q9Y6E0_WT;Q96GD4_WT;Q00526_WT;Q00535_WT;Q00536_WT;Q00537_WT;Q04912_WT;Q13043_WT;Q13188_WT;Q13464_WT;Q92918_WT,O14965_WT;O75116_WT;P00519_T315I;P06493_WT;P23458_WT;P24941_WT;P29597_WT;Q5S007_WT;Q7L7X3_WT;Q9H2G2_WT;Q9H093_WT;Q9UQB9_WT;Q96GD4_WT;Q00535_WT;Q00536_WT;Q13188_WT,P06493_WT;P23458_WT;P24941_WT;Q7L7X3_WT;Q9H093_WT;Q00535_WT;Q00536_WT,P06493_WT;P24941_WT,P24941_WT,,inactive
Clindamycin hydrochloride,inactive,CCC[C@@H]1C[C@@H](C(=O)N[C@@H](C2O[C@H](SC)[C@H](O)[C@@H](O)[C@H]2O)[C@H](C)Cl)N(C)C1,spectrum,CCC[C@@H]1CC(C(=O)N[C@@H](C2O[C@H](SC)[C@H](O)[C@@H](O)[C@H]2O)[C@H](C)Cl)N(C)C1,"InChI=1S/C18H33ClN2O5S/c1-5-6-10-7-11(21(3)8-10)17(25)20-12(9(2)19)16-14(23)13(22)15(24)18(26-16)27-4/h9-16,18,22-24H,5-8H2,1-4H3,(H,20,25)/t9-,10+,11?,12+,13-,14+,15+,16?,18+/m0/s1",KDLRVYVGXIQJDK-YYHSTFDQSA-N,KDLRVYVGXIQJDK,CCC[C@@H]1CC(C(=O)N[C@@H](C2O[C@H](SC)[C@H](O)[C@@H](O)[C@H]2O)[C@H](C)Cl)N(C)C1,P04150_WT,,,,,,,inactive
Norethindrone acetate,inactive,C#C[C@]1(OC(C)=O)CCC2C3CCC4=CC(=O)CC[C@@H]4C3CC[C@@]21C,spectrum,C#C[C@]1(OC(C)=O)CCC2C3CC=C4CC(=O)CCC4C3CC[C@@]21C,"InChI=1S/C22H28O3/c1-4-22(25-14(2)23)12-10-20-19-7-5-15-13-16(24)6-8-17(15)18(19)9-11-21(20,22)3/h1,5,17-20H,6-13H2,2-3H3/t17?,18?,19?,20?,21-,22-/m0/s1",KDYGOTULHKNOFI-OGKXSSEESA-N,KDYGOTULHKNOFI,C#C[C@]1(OC(C)=O)CCC2C3CC=C4CC(=O)CCC4C3CC[C@@]21C,P03372_WT;P10275_WT,P03372_WT;P10275_WT,P03372_WT;P10275_WT,P10275_WT,,,,inactive
Acecainide hydrochloride,inactive,CCN(CC)CCNC(=O)c1ccc(NC(C)=O)cc1,spectrum,CCN(CC)CCNC(=O)c1ccc(NC(C)=O)cc1,"InChI=1S/C15H23N3O2/c1-4-18(5-2)11-10-16-15(20)13-6-8-14(9-7-13)17-12(3)19/h6-9H,4-5,10-11H2,1-3H3,(H,16,20)(H,17,19)",KEECCEWTUVWFCV-UHFFFAOYSA-N,KEECCEWTUVWFCV,CCN(CC)CCNC(=O)c1ccc(NC(C)=O)cc1,P08684_WT,P08684_WT,,,,,,inactive
Cefuroxime axetil,inactive,CO/N=C(/C(=O)NC1C(=O)N2C(C(=O)OC(C)OC(C)=O)=C(COC(N)=O)CSC12)c1ccco1,spectrum,CON=C(C(=O)NC1C(=O)N2C(C(=O)OC(C)OC(C)=O)=C(COC(N)=O)CSC12)c1ccco1,"InChI=1S/C20H22N4O10S/c1-9(25)33-10(2)34-19(28)15-11(7-32-20(21)29)8-35-18-14(17(27)24(15)18)22-16(26)13(23-30-3)12-5-4-6-31-12/h4-6,10,14,18H,7-8H2,1-3H3,(H2,21,29)(H,22,26)",KEJCWVGMRLCZQQ-UHFFFAOYSA-N,KEJCWVGMRLCZQQ,CON=C(C(=O)NC1C(=O)N2C(C(=O)OC(C)OC(C)=O)=C(COC(N)=O)CSC12)c1ccco1,,,,,,,,inactive
Betamethasone sodium phosphate,inactive,C[C@H]1CC2C3CCC4=CC(=O)C=C[C@]4(C)[C@@]3(F)[C@@H](O)C[C@]2(C)[C@@]1(O)C(=O)COP(=O)(O)O,spectrum,C[C@H]1CC2C3CC=C4CC(=O)C=C[C@]4(C)[C@@]3(F)[C@@H](O)C[C@]2(C)[C@@]1(O)C(=O)COP(=O)(O)O,"InChI=1S/C22H30FO8P/c1-12-8-16-15-5-4-13-9-14(24)6-7-19(13,2)21(15,23)17(25)10-20(16,3)22(12,27)18(26)11-31-32(28,29)30/h4,6-7,12,15-17,25,27H,5,8-11H2,1-3H3,(H2,28,29,30)/t12-,15?,16?,17-,19-,20-,21-,22-/m0/s1",KFIVXMBRXYMIEJ-REKGUKDCSA-N,KFIVXMBRXYMIEJ,C[C@H]1CC2C3CC=C4CC(=O)C=C[C@]4(C)[C@@]3(F)[C@@H](O)C[C@]2(C)[C@@]1(O)C(=O)COP(=O)(O)O,O75496_WT;P04150_WT;P10275_WT;P11511_WT;Q16236_WT,P04150_WT;P10275_WT;P11511_WT;Q16236_WT,P04150_WT;P10275_WT;Q16236_WT,P04150_WT;P10275_WT;Q16236_WT,P04150_WT;P10275_WT,P10275_WT,,inactive
Gsk690693,reducer,C12=C(C(=CN=C1C#CC(C)(O)C)OC[C@@H]3CNCCC3)N(C(=N2)C4C(=NON=4)N)CC,selleckchem,CCn1c(-c2nonc2N)nc2c(C#CC(C)(C)O)ncc(OC[C@H]3CCCNC3)c21,"InChI=1S/C21H27N7O3/c1-4-28-18-15(30-12-13-6-5-9-23-10-13)11-24-14(7-8-21(2,3)29)16(18)25-20(28)17-19(22)27-31-26-17/h11,13,23,29H,4-6,9-10,12H2,1-3H3,(H2,22,27)/t13-/m0/s1",KGPGFQWBCSZGEL-ZDUSSCGKSA-N,KGPGFQWBCSZGEL,CCn1c(-c2nonc2N)nc2c(C#CC(C)(C)O)ncc(OC[C@H]3CCCNC3)c21,O14578_WT;O43293_WT;O60285_WT;O75116_WT;O75582_WT;O75676_WT;O94806_WT;O95835_WT;O96013_WT;P05771_WT;P10721_D816H;P10721_D816V;P11309_WT;P13861_WT;P17252_WT;P17612_WT;P22694_WT;P24723_WT;P27448_WT;P31749_WT;P31751_WT;P41743_WT;P49760_WT;P49841_WT;P51817_WT;Q6P5Z2_WT;Q7KZI7_WT;Q7L7X3_WT;Q8WTQ7_WT;Q9C098_WT;Q9H2X6_WT;Q9H093_WT;Q9H422_WT;Q9H773_WT;Q9NQU5_WT;Q9NRM7_WT;Q9P1W9_WT;Q9P286_WT;Q9UGJ0_WT;Q9Y2U5_WT;Q9Y243_WT;Q56UN5_WT;Q86V86_WT;Q86Z02_WT;Q02156_WT;Q04759_WT;Q05655_WT;Q09137_WT;Q13153_WT;Q13177_WT;Q13217_WT;Q13237_WT;Q13464_WT;Q13976_WT;Q14680_WT;Q15835_WT;Q16512_WT;Q16566_WT;Q99759_WT,O43293_WT;O75116_WT;O95835_WT;O96013_WT;P05771_WT;P10721_D816V;P13861_WT;P17612_WT;P22694_WT;P24723_WT;P27448_WT;P31749_WT;P31751_WT;P41743_WT;P49841_WT;P51817_WT;Q6P5Z2_WT;Q9C098_WT;Q9H093_WT;Q9H422_WT;Q9NQU5_WT;Q9NRM7_WT;Q9P286_WT;Q9UGJ0_WT;Q9Y243_WT;Q56UN5_WT;Q02156_WT;Q04759_WT;Q05655_WT;Q09137_WT;Q13177_WT;Q13217_WT;Q13237_WT;Q13976_WT;Q16512_WT,O43293_WT;O95835_WT;O96013_WT;P05771_WT;P13861_WT;P17612_WT;P22694_WT;P24723_WT;P31749_WT;P31751_WT;P51817_WT;Q6P5Z2_WT;Q9H093_WT;Q9NQU5_WT;Q9P286_WT;Q9UGJ0_WT;Q9Y243_WT;Q56UN5_WT;Q02156_WT;Q04759_WT;Q05655_WT;Q09137_WT;Q13217_WT;Q13237_WT;Q13976_WT;Q16512_WT,O96013_WT;P05771_WT;P17612_WT;P22694_WT;P24723_WT;P31749_WT;P51817_WT;Q6P5Z2_WT;Q9NQU5_WT;Q9P286_WT;Q9Y243_WT;Q02156_WT;Q04759_WT;Q05655_WT;Q13237_WT,P24723_WT;P31749_WT;P51817_WT;Q6P5Z2_WT;Q9P286_WT;Q9Y243_WT;Q02156_WT;Q04759_WT;Q13237_WT,P24723_WT;Q13237_WT,,reducer
2-hydroxy-5epoxy-tetrahydrocaryophyllene,inactive,CC1(C)CC2C1CCC1(C)OC1CCC2(C)O,spectrum,CC1(C)CC2C1CCC1(C)OC1CCC2(C)O,"InChI=1S/C15H26O2/c1-13(2)9-11-10(13)5-8-15(4)12(17-15)6-7-14(11,3)16/h10-12,16H,5-9H2,1-4H3",KGYCKUADVHYVLM-UHFFFAOYSA-N,KGYCKUADVHYVLM,CC1(C)CC2C1CCC1(C)OC1CCC2(C)O,,,,,,,,inactive
Bisacodyl,enhancer,CC(=O)Oc1ccc(C(c2ccc(OC(C)=O)cc2)c2ncccc2)cc1,spectrum,CC(=O)Oc1ccc(C(c2ccc(OC(C)=O)cc2)c2ccccn2)cc1,"InChI=1S/C22H19NO4/c1-15(24)26-19-10-6-17(7-11-19)22(21-5-3-4-14-23-21)18-8-12-20(13-9-18)27-16(2)25/h3-14,22H,1-2H3",KHOITXIGCFIULA-UHFFFAOYSA-N,KHOITXIGCFIULA,CC(=O)Oc1ccc(C(c2ccc(OC(C)=O)cc2)c2ccccn2)cc1,P04637_WT;P10275_WT;Q9Y2T6_WT,P04637_WT,,,,,,enhancer
Lumiracoxib,inactive,Cc1cc(CC(=O)O)c(Nc2c(Cl)cccc2F)cc1,spectrum,Cc1ccc(Nc2c(F)cccc2Cl)c(CC(=O)O)c1,"InChI=1S/C15H13ClFNO2/c1-9-5-6-13(10(7-9)8-14(19)20)18-15-11(16)3-2-4-12(15)17/h2-7,18H,8H2,1H3,(H,19,20)",KHPKQFYUPIUARC-UHFFFAOYSA-N,KHPKQFYUPIUARC,Cc1ccc(Nc2c(F)cccc2Cl)c(CC(=O)O)c1,P23219_WT;P35354_WT;Q05769_WT,P23219_WT;P35354_WT;Q05769_WT,P23219_WT;Q05769_WT,P23219_WT,P23219_WT,,,inactive
Tenylidone,inactive,O=C1/C(=C/c2cccs2)CCC/C1=C\c1cccs1,spectrum,O=C1/C(=C/c2cccs2)CCC/C1=C\c1cccs1,"InChI=1S/C16H14OS2/c17-16-12(10-14-6-2-8-18-14)4-1-5-13(16)11-15-7-3-9-19-15/h2-3,6-11H,1,4-5H2/b12-10+,13-11+",KHXBULXCCPIELT-DCIPZJNNSA-N,KHXBULXCCPIELT,O=C1/C(=C/c2cccs2)CCC/C1=C\c1cccs1,,,,,,,,inactive
Topiramate,inactive,CC1(C)O[C@@H]2CO[C@@]3(COS(N)(=O)=O)OC(C)(C)O[C@H]3[C@@H]2O1,spectrum,CC1(C)O[C@@H]2[C@@H](CO[C@@]3(COS(N)(=O)=O)OC(C)(C)O[C@@H]23)O1,"InChI=1S/C12H21NO8S/c1-10(2)18-7-5-16-12(6-17-22(13,14)15)9(8(7)19-10)20-11(3,4)21-12/h7-9H,5-6H2,1-4H3,(H2,13,14,15)/t7-,8-,9+,12+/m1/s1",KJADKKWYZYXHBB-XBWDGYHZSA-N,KJADKKWYZYXHBB,CC1(C)O[C@@H]2[C@@H](CO[C@@]3(COS(N)(=O)=O)OC(C)(C)O[C@@H]23)O1,O43570_WT;P00915_WT;P00918_WT;P23280_WT;P35218_WT;P43166_WT;Q8N1Q1_WT;Q9D6N1_WT;Q9Y2D0_WT;Q99N23_WT,O43570_WT;P00915_WT;P00918_WT;P23280_WT;P35218_WT;P43166_WT;Q8N1Q1_WT;Q9D6N1_WT;Q9Y2D0_WT;Q99N23_WT,O43570_WT;P23280_WT;P35218_WT;P43166_WT;Q8N1Q1_WT;Q9D6N1_WT;Q9Y2D0_WT;Q99N23_WT,O43570_WT;P43166_WT;Q9Y2D0_WT,O43570_WT;P43166_WT,P43166_WT,,inactive
Phenolphthalein,inactive,O=C1OC(c2ccc(O)cc2)(c2ccc(O)cc2)c2c1cccc2,spectrum,O=C1OC(c2ccc(O)cc2)(c2ccc(O)cc2)c2ccccc21,"InChI=1S/C20H14O4/c21-15-9-5-13(6-10-15)20(14-7-11-16(22)12-8-14)18-4-2-1-3-17(18)19(23)24-20/h1-12,21-22H",KJFMBFZCATUALV-UHFFFAOYSA-N,KJFMBFZCATUALV,O=C1OC(c2ccc(O)cc2)(c2ccc(O)cc2)c2ccccc21,Q16637_WT,,,,,,,inactive
4'-methoxychalcone,inactive,COc1ccc(C(=O)/C=C/c2ccccc2)cc1,spectrum,COc1ccc(C(=O)/C=C/c2ccccc2)cc1,"InChI=1S/C16H14O2/c1-18-15-10-8-14(9-11-15)16(17)12-7-13-5-3-2-4-6-13/h2-12H,1H3/b12-7+",KJHHAPASNNVTSN-KPKJPENVSA-N,KJHHAPASNNVTSN,COc1ccc(C(=O)/C=C/c2ccccc2)cc1,P27338_WT,P27338_WT,,,,,,inactive
L-buthionine sulfoximine,inactive,CCCCS(=N)(=O)CCC(N)C(=O)O,spectrum,CCCCS(=N)(=O)CCC(N)C(=O)O,"InChI=1S/C8H18N2O3S/c1-2-3-5-14(10,13)6-4-7(9)8(11)12/h7,10H,2-6,9H2,1H3,(H,11,12)",KJQFBVYMGADDTQ-UHFFFAOYSA-N,KJQFBVYMGADDTQ,CCCCS(=N)(=O)CCC(N)C(=O)O,,,,,,,,inactive
Mundulone,reducer,COc1c2C=CC(C)(C)Oc2ccc1-c1coc2cc3c(cc2c1=O)CC(O)C(C)(C)O3,spectrum,COc1c(-c2coc3cc4c(cc3c2=O)CC(O)C(C)(C)O4)ccc2c1C=CC(C)(C)O2,"InChI=1S/C26H26O6/c1-25(2)9-8-16-19(31-25)7-6-15(24(16)29-5)18-13-30-21-12-20-14(10-17(21)23(18)28)11-22(27)26(3,4)32-20/h6-10,12-13,22,27H,11H2,1-5H3",KJTDZAHLWHEULN-UHFFFAOYSA-N,KJTDZAHLWHEULN,COc1c(-c2coc3cc4c(cc3c2=O)CC(O)C(C)(C)O4)ccc2c1C=CC(C)(C)O2,Q9NUW8_WT;Q16637_WT,Q9NUW8_WT,Q9NUW8_WT,Q9NUW8_WT,,,,reducer
Lapachol,inactive,CC(C)=CCC1=C(O)C(=O)c2c(cccc2)C1=O,spectrum,C=C(C)C=Cc1c(O)c(O)c2ccccc2c1O,"InChI=1S/C15H14O3/c1-9(2)7-8-12-13(16)10-5-3-4-6-11(10)14(17)15(12)18/h3-8,16-18H,1H2,2H3",KKMSFCOCDJAGRO-UHFFFAOYSA-N,KKMSFCOCDJAGRO,C=C(C)C=Cc1c(O)c(O)c2ccccc2c1O,P18113_WT;P37231_WT,P18113_WT,,,,,,inactive
Thioridazine hydrochloride,inactive,CSc1cc2c(cc1)Sc1c(cccc1)N2CCC1CCCCN1C,spectrum,CSc1ccc2c(c1)N(CCC1CCCCN1C)c1ccccc1S2,"InChI=1S/C21H26N2S2/c1-22-13-6-5-7-16(22)12-14-23-18-8-3-4-9-20(18)25-21-11-10-17(24-2)15-19(21)23/h3-4,8-11,15-16H,5-7,12-14H2,1-2H3",KLBQZWRITKRQQV-UHFFFAOYSA-N,KLBQZWRITKRQQV,CSc1ccc2c(c1)N(CCC1CCCCN1C)c1ccccc1S2,P08172_WT;P08173_WT;P08482_WT;P08912_WT;P08913_WT;P10635_WT;P11229_WT;P14416_WT;P15823_WT;P18089_WT;P18825_WT;P18901_WT;P19327_WT;P20309_WT;P21728_WT;P21917_WT;P25021_WT;P25100_WT;P28223_WT;P28335_WT;P31390_WT;P31645_WT;P34969_WT;P35367_WT;P35462_WT;P41595_WT;P43140_WT;P50406_WT;P61169_WT;Q9R0C9_WT;Q12809_WT;Q99720_WT,P08172_WT;P08173_WT;P08482_WT;P08912_WT;P08913_WT;P11229_WT;P14416_WT;P15823_WT;P18089_WT;P18825_WT;P18901_WT;P19327_WT;P20309_WT;P21728_WT;P25100_WT;P28223_WT;P28335_WT;P31390_WT;P34969_WT;P35367_WT;P35462_WT;P41595_WT;P43140_WT;P50406_WT;P61169_WT;Q12809_WT;Q99720_WT,P08172_WT;P08173_WT;P08912_WT;P08913_WT;P11229_WT;P14416_WT;P15823_WT;P18825_WT;P18901_WT;P19327_WT;P20309_WT;P25100_WT;P28223_WT;P28335_WT;P34969_WT;P35367_WT;P35462_WT;P43140_WT;P50406_WT;P61169_WT;Q12809_WT,P08173_WT;P08912_WT;P11229_WT;P14416_WT;P15823_WT;P25100_WT;P35367_WT;P35462_WT;P43140_WT;P61169_WT,P08912_WT;P11229_WT;P14416_WT;P15823_WT;P25100_WT;P35462_WT;P43140_WT;P61169_WT,,,inactive
Molindone hydrochloride,inactive,CCc1c(C)[nH]c2c1C(=O)C(CN1CCOCC1)CC2,spectrum,CCc1c(C)[nH]c2c1C(=O)C(CN1CCOCC1)CC2,"InChI=1S/C16H24N2O2/c1-3-13-11(2)17-14-5-4-12(16(19)15(13)14)10-18-6-8-20-9-7-18/h12,17H,3-10H2,1-2H3",KLPWJLBORRMFGK-UHFFFAOYSA-N,KLPWJLBORRMFGK,CCc1c(C)[nH]c2c1C(=O)C(CN1CCOCC1)CC2,P34969_WT;P61169_WT,P34969_WT;P61169_WT,P61169_WT,,,,,inactive
Theaflavin monogallates,inactive,O=C(O[C@@H]1Cc2c(O)cc(O)cc2O[C@@H]1c1cc2c(c(O)c(O)cc2[C@H]2Oc3cc(O)cc(O)c3C[C@H]2O)c(=O)c(O)c1)c1cc(O)c(O)c(O)c1,spectrum,O=C(O[C@@H]1Cc2c(O)cc(O)cc2O[C@@H]1c1cc(=O)c(O)c2c(O)c(O)cc([C@H]3Oc4cc(O)cc(O)c4C[C@H]3O)c2c1)c1cc(O)c(O)c(O)c1,"InChI=1S/C36H28O16/c37-14-5-20(39)18-10-26(45)35(51-27(18)7-14)17-9-25(44)33(48)30-16(17)1-12(2-24(43)32(30)47)34-29(11-19-21(40)6-15(38)8-28(19)50-34)52-36(49)13-3-22(41)31(46)23(42)4-13/h1-9,26,29,34-35,37-42,44-46,48H,10-11H2,(H,43,47)/t26-,29-,34-,35-/m1/s1",KMJPKUVSXFVQGZ-WQLSNUALSA-N,KMJPKUVSXFVQGZ,O=C(O[C@@H]1Cc2c(O)cc(O)cc2O[C@@H]1c1cc(=O)c(O)c2c(O)c(O)cc([C@H]3Oc4cc(O)cc(O)c4C[C@H]3O)c2c1)c1cc(O)c(O)c(O)c1,,,,,,,,inactive
Cinchonidine,inactive,C=C[C@H]1C[N@]2CC[C@H]1C[C@H]2[C@H](O)c1ccnc2c1cccc2,spectrum,C=C[C@H]1C[N@]2CC[C@H]1C[C@H]2[C@H](O)c1ccnc2ccccc12,"InChI=1S/C19H22N2O/c1-2-13-12-21-10-8-14(13)11-18(21)19(22)16-7-9-20-17-6-4-3-5-15(16)17/h2-7,9,13-14,18-19,22H,1,8,10-12H2/t13-,14-,18-,19+/m0/s1",KMPWYEUPVWOPIM-KODHJQJWSA-N,KMPWYEUPVWOPIM,C=C[C@H]1C[N@]2CC[C@H]1C[C@H]2[C@H](O)c1ccnc2ccccc12,,,,,,,,inactive
Clofibrate,inactive,CCOC(=O)C(C)(C)Oc1ccc(Cl)cc1,spectrum,CCOC(=O)C(C)(C)Oc1ccc(Cl)cc1,"InChI=1S/C12H15ClO3/c1-4-15-11(14)12(2,3)16-10-7-5-9(13)6-8-10/h5-8H,4H2,1-3H3",KNHUKKLJHYUCFP-UHFFFAOYSA-N,KNHUKKLJHYUCFP,CCOC(=O)C(C)(C)Oc1ccc(Cl)cc1,,,,,,,,inactive
Methysergide maleate,inactive,CC[C@@H](CO)NC(=O)[C@@H]1C=C2c3c4c(cn(C)c4ccc3)C[C@H]2N(C)C1,spectrum,CC[C@@H](CO)NC(=O)C1C=C2c3cccc4c3c(cn4C)C[C@H]2N(C)C1,"InChI=1S/C21H27N3O2/c1-4-15(12-25)22-21(26)14-8-17-16-6-5-7-18-20(16)13(10-23(18)2)9-19(17)24(3)11-14/h5-8,10,14-15,19,25H,4,9,11-12H2,1-3H3,(H,22,26)/t14?,15-,19+/m0/s1",KPJZHOPZRAFDTN-DZNRSUDRSA-N,KPJZHOPZRAFDTN,CC[C@@H](CO)NC(=O)C1C=C2c3cccc4c3c(cn4C)C[C@H]2N(C)C1,P08908_WT;P10275_WT;P14416_WT;P14842_WT;P19327_WT;P21728_WT;P28223_WT;P28335_WT;P28564_WT;P32305_WT;P33261_WT;P34969_WT;P35462_WT;P41595_WT;P50406_WT;Q99720_WT,P08908_WT;P10275_WT;P14842_WT;P19327_WT;P28223_WT;P28335_WT;P28564_WT;P32305_WT;P33261_WT;P34969_WT;P35462_WT;P41595_WT;P50406_WT,P10275_WT;P14842_WT;P19327_WT;P28223_WT;P28335_WT;P32305_WT;P34969_WT;P41595_WT,P10275_WT;P14842_WT;P28223_WT;P28335_WT;P32305_WT;P41595_WT,P10275_WT;P14842_WT;P28223_WT;P28335_WT;P41595_WT,P10275_WT;P14842_WT;P28223_WT;P28335_WT,,inactive
Ciprofibrate,inactive,CC(C)(Oc1ccc(C2CC2(Cl)Cl)cc1)C(=O)O,spectrum,CC(C)(Oc1ccc(C2CC2(Cl)Cl)cc1)C(=O)O,"InChI=1S/C13H14Cl2O3/c1-12(2,11(16)17)18-9-5-3-8(4-6-9)10-7-13(10,14)15/h3-6,10H,7H2,1-2H3,(H,16,17)",KPSRODZRAIWAKH-UHFFFAOYSA-N,KPSRODZRAIWAKH,CC(C)(Oc1ccc(C2CC2(Cl)Cl)cc1)C(=O)O,Q07869_WT,,,,,,,inactive
Triptophenolide,inactive,CC(C)c1ccc2c(c1O)CC[C@H]1C3=C(CC[C@]21C)C(=O)OC3,spectrum,CC(C)c1ccc2c(c1O)CC[C@H]1C3=C(CC[C@]21C)C(=O)OC3,"InChI=1S/C20H24O3/c1-11(2)12-4-6-16-14(18(12)21)5-7-17-15-10-23-19(22)13(15)8-9-20(16,17)3/h4,6,11,17,21H,5,7-10H2,1-3H3/t17-,20+/m0/s1",KPXIBWGPZSPABK-FXAWDEMLSA-N,KPXIBWGPZSPABK,CC(C)c1ccc2c(c1O)CC[C@H]1C3=C(CC[C@]21C)C(=O)OC3,P10275_WT;P15207_WT,,,,,,,inactive
Baclofen,enhancer,NCC(CC(=O)O)c1ccc(Cl)cc1,spectrum,NCC(CC(=O)O)c1ccc(Cl)cc1,"InChI=1S/C10H12ClNO2/c11-9-3-1-7(2-4-9)8(6-12)5-10(13)14/h1-4,8H,5-6,12H2,(H,13,14)",KPYSYYIEGFHWSV-UHFFFAOYSA-N,KPYSYYIEGFHWSV,NCC(CC(=O)O)c1ccc(Cl)cc1,P0DMS8_WT;P08684_WT;P10635_WT,P0DMS8_WT;P08684_WT,P0DMS8_WT;P08684_WT,,,,,enhancer
Pik-293,inactive,C1(N(C(C2=C(N=1)C=CC=C2C)=O)C3=C(C=CC=C3)C)CN4N=CC5=C4N=CN=C5N,selleckchem,Cc1ccccc1-n1c(Cn2ncc3c(N)ncnc32)nc2cccc(C)c2c1=O,"InChI=1S/C22H19N7O/c1-13-6-3-4-9-17(13)29-18(27-16-8-5-7-14(2)19(16)22(29)30)11-28-21-15(10-26-28)20(23)24-12-25-21/h3-10,12H,11H2,1-2H3,(H2,23,24,25)",KQDBVHKNIYROHU-UHFFFAOYSA-N,KQDBVHKNIYROHU,Cc1ccccc1-n1c(Cn2ncc3c(N)ncnc32)nc2cccc(C)c2c1=O,O00329_WT,O00329_WT,,,,,,inactive
Sumatriptan succinate,inactive,CNS(=O)(=O)Cc1ccc2[nH]cc(CCN(C)C)c2c1,spectrum,CNS(=O)(=O)Cc1ccc2[nH]cc(CCN(C)C)c2c1,"InChI=1S/C14H21N3O2S/c1-15-20(18,19)10-11-4-5-14-13(8-11)12(9-16-14)6-7-17(2)3/h4-5,8-9,15-16H,6-7,10H2,1-3H3",KQKPFRSPSRPDEB-UHFFFAOYSA-N,KQKPFRSPSRPDEB,CNS(=O)(=O)Cc1ccc2[nH]cc(CCN(C)C)c2c1,P08908_WT;P19327_WT;P28221_WT;P28222_WT;P28335_WT;P28564_WT;P28565_WT;P30939_WT;P46098_WT;P47898_WT;Q64264_WT,P28221_WT;P28222_WT;P28335_WT;P28564_WT;P28565_WT;P30939_WT;P46098_WT,P28221_WT;P28222_WT;P28564_WT;P28565_WT;P30939_WT;P46098_WT,P28221_WT;P28564_WT;P30939_WT;P46098_WT,P28221_WT;P46098_WT,,,inactive
Salinomycin. sodium,inactive,CC[C@@H](C(=O)[C@@H](C)[C@@H](O)[C@H](C)[C@@H]1O[C@@H]([C@@H](CC)C(=O)O)CC[C@@H]1C)[C@H]1OC2(C=C[C@@H](O)[C@]3(CC[C@@](C)([C@H]4CC[C@](O)(CC)[C@H](C)O4)O3)O2)[C@H](C)C[C@@H]1C,spectrum,CCC(C(=O)C(C)[C@@H](O)[C@H](C)[C@@H]1O[C@@H](C(CC)C(=O)O)CC[C@@H]1C)[C@H]1OC2(C=C[C@@H](O)[C@]3(CC[C@@](C)([C@H]4CC[C@](O)(CC)[C@H](C)O4)O3)O2)[C@H](C)C[C@@H]1C,"InChI=1S/C42H70O11/c1-11-29(38(46)47)31-15-14-23(4)36(50-31)27(8)34(44)26(7)35(45)30(12-2)37-24(5)22-25(6)41(51-37)19-16-32(43)42(53-41)21-20-39(10,52-42)33-17-18-40(48,13-3)28(9)49-33/h16,19,23-34,36-37,43-44,48H,11-15,17-18,20-22H2,1-10H3,(H,46,47)/t23-,24-,25+,26?,27-,28-,29?,30?,31+,32+,33+,34+,36+,37-,39-,40+,41?,42-/m0/s1",KQXDHUJYNAXLNZ-RPZMSKETSA-N,KQXDHUJYNAXLNZ,CCC(C(=O)C(C)[C@@H](O)[C@H](C)[C@@H]1O[C@@H](C(CC)C(=O)O)CC[C@@H]1C)[C@H]1OC2(C=C[C@@H](O)[C@]3(CC[C@@](C)([C@H]4CC[C@](O)(CC)[C@H](C)O4)O3)O2)[C@H](C)C[C@@H]1C,O75874_WT;P04150_WT;P13569_WT;P18113_WT;P25094_WT;Q9NUW8_WT;Q96QE3_WT,P04150_WT,,,,,,inactive
Penbutolol sulfate,inactive,CC(C)(C)NC[C@H](O)COc1c(C2CCCC2)cccc1,spectrum,CC(C)(C)NC[C@H](O)COc1ccccc1C1CCCC1,"InChI=1S/C18H29NO2/c1-18(2,3)19-12-15(20)13-21-17-11-7-6-10-16(17)14-8-4-5-9-14/h6-7,10-11,14-15,19-20H,4-5,8-9,12-13H2,1-3H3/t15-/m0/s1",KQXKVJAGOJTNJS-HNNXBMFYSA-N,KQXKVJAGOJTNJS,CC(C)(C)NC[C@H](O)COc1ccccc1C1CCCC1,P19327_WT,P19327_WT,P19327_WT,P19327_WT,P19327_WT,P19327_WT,,inactive
Amitriptyline hydrochloride,inactive,CN(C)CCC=C1c2c(cccc2)CCc2c1cccc2,spectrum,CN(C)CCC=C1c2ccccc2CCc2ccccc21,"InChI=1S/C20H23N/c1-21(2)15-7-12-20-18-10-5-3-8-16(18)13-14-17-9-4-6-11-19(17)20/h3-6,8-12H,7,13-15H2,1-2H3",KRMDCWKBEZIMAB-UHFFFAOYSA-N,KRMDCWKBEZIMAB,CN(C)CCC=C1c2ccccc2CCc2ccccc21,P08172_WT;P08173_WT;P08482_WT;P08912_WT;P08913_WT;P11229_WT;P14416_WT;P15823_WT;P18089_WT;P18825_WT;P20309_WT;P21728_WT;P21918_WT;P23975_WT;P25021_WT;P25100_WT;P28223_WT;P28335_WT;P31390_WT;P31645_WT;P35367_WT;P35462_WT;P41595_WT;P43140_WT;P50406_WT;Q99720_WT,P08172_WT;P08173_WT;P08482_WT;P08912_WT;P08913_WT;P11229_WT;P14416_WT;P15823_WT;P18089_WT;P18825_WT;P20309_WT;P21728_WT;P21918_WT;P25100_WT;P28223_WT;P28335_WT;P31390_WT;P31645_WT;P35367_WT;P35462_WT;P41595_WT;P43140_WT;P50406_WT,P08172_WT;P08173_WT;P08912_WT;P11229_WT;P15823_WT;P18089_WT;P18825_WT;P20309_WT;P21728_WT;P25100_WT;P28223_WT;P28335_WT;P31390_WT;P31645_WT;P35367_WT;P41595_WT;P43140_WT;P50406_WT,P08173_WT;P08912_WT;P11229_WT;P18089_WT;P18825_WT;P20309_WT;P28223_WT;P28335_WT;P31390_WT;P31645_WT;P35367_WT;P43140_WT,P08173_WT;P08912_WT;P11229_WT;P18089_WT;P28223_WT;P28335_WT;P31390_WT;P31645_WT;P35367_WT;P43140_WT,P08173_WT;P31390_WT;P35367_WT,P31390_WT,inactive
Dyphylline,inactive,Cn1c(=O)c2c(ncn2CC(O)CO)n(C)c1=O,spectrum,Cn1c(=O)c2c(ncn2CC(O)CO)n(C)c1=O,"InChI=1S/C10H14N4O4/c1-12-8-7(9(17)13(2)10(12)18)14(5-11-8)3-6(16)4-15/h5-6,15-16H,3-4H2,1-2H3",KSCFJBIXMNOVSH-UHFFFAOYSA-N,KSCFJBIXMNOVSH,Cn1c(=O)c2c(ncn2CC(O)CO)n(C)c1=O,P03372_WT,P03372_WT,P03372_WT,,,,,inactive
Dabigatran etexilate mesylate,inactive,CCCCCCOC(=O)/N=C(\N)c1ccc(NCc2nc3c(ccc(C(=O)N(CCC(=O)OCC)c4ncccc4)c3)n2C)cc1,spectrum,CCCCCCOC(=O)N=C(N)c1ccc(NCc2nc3cc(C(=O)N(CCC(=O)OCC)c4ccccn4)ccc3n2C)cc1,"InChI=1S/C34H41N7O5/c1-4-6-7-10-21-46-34(44)39-32(35)24-12-15-26(16-13-24)37-23-30-38-27-22-25(14-17-28(27)40(30)3)33(43)41(20-18-31(42)45-5-2)29-11-8-9-19-36-29/h8-9,11-17,19,22,37H,4-7,10,18,20-21,23H2,1-3H3,(H2,35,39,44)",KSGXQBZTULBEEQ-UHFFFAOYSA-N,KSGXQBZTULBEEQ,CCCCCCOC(=O)N=C(N)c1ccc(NCc2nc3cc(C(=O)N(CCC(=O)OCC)c4ccccn4)ccc3n2C)cc1,P00734_WT,P00734_WT,P00734_WT,P00734_WT,P00734_WT,,,inactive
Dicumarol,inactive,O=c1oc2ccccc2c(O)c1Cc1c(O)c2c(cccc2)oc1=O,spectrum,O=c1c(Cc2c(O)oc3ccccc3c2=O)c(O)oc2ccccc12,"InChI=1S/C19H12O6/c20-16-10-5-1-3-7-14(10)24-18(22)12(16)9-13-17(21)11-6-2-4-8-15(11)25-19(13)23/h1-8,22-23H,9H2",KSKRYQVHJQRUNC-UHFFFAOYSA-N,KSKRYQVHJQRUNC,O=c1c(Cc2c(O)oc3ccccc3c2=O)c(O)oc2ccccc12,P05982_WT;P11712_WT;P15559_WT,P05982_WT;P11712_WT,P05982_WT;P11712_WT,P05982_WT;P11712_WT,P05982_WT,P05982_WT,,inactive
Lofexidine  hydrochloride,inactive,CC(Oc1c(Cl)cccc1Cl)C1=NCCN1,spectrum,CC(Oc1c(Cl)cccc1Cl)C1=NCCN1,"InChI=1S/C11H12Cl2N2O/c1-7(11-14-5-6-15-11)16-10-8(12)3-2-4-9(10)13/h2-4,7H,5-6H2,1H3,(H,14,15)",KSMAGQUYOIHWFS-UHFFFAOYSA-N,KSMAGQUYOIHWFS,CC(Oc1c(Cl)cccc1Cl)C1=NCCN1,P08908_WT;P08913_WT;P18089_WT;P18825_WT;Q4G017_WT,P08908_WT;P08913_WT;P18089_WT;P18825_WT;Q4G017_WT,P08913_WT;P18089_WT;P18825_WT;Q4G017_WT,P08913_WT;P18825_WT;Q4G017_WT,P08913_WT;P18825_WT;Q4G017_WT,P18825_WT,,inactive
3.7-epoxycaryophyllan-6-ol,inactive,CC1(C)CC2C1CCC1(C)OC2(C)CCC1O,spectrum,CC1(C)CC2C1CCC1(C)OC2(C)CCC1O,"InChI=1S/C15H26O2/c1-13(2)9-11-10(13)5-7-15(4)12(16)6-8-14(11,3)17-15/h10-12,16H,5-9H2,1-4H3",KSMZUKWIDPCGBS-UHFFFAOYSA-N,KSMZUKWIDPCGBS,CC1(C)CC2C1CCC1(C)OC2(C)CCC1O,,,,,,,,inactive
Crizotinib,antineoplastic,C1(=CC(=C(N=C1)N)O[C@@H](C2=C(C=CC(=C2Cl)F)Cl)C)C3=CN(N=C3)C4CCNCC4,selleckchem,C[C@@H](Oc1cc(-c2cnn(C3CCNCC3)c2)cnc1N)c1c(Cl)ccc(F)c1Cl,"InChI=1S/C21H22Cl2FN5O/c1-12(19-16(22)2-3-17(24)20(19)23)30-18-8-13(9-27-21(18)25)14-10-28-29(11-14)15-4-6-26-7-5-15/h2-3,8-12,15,26H,4-7H2,1H3,(H2,25,27)/t12-/m1/s1",KTEIFNKAUNYNJU-GFCCVEGCSA-N,KTEIFNKAUNYNJU,C[C@@H](Oc1cc(-c2cnn(C3CCNCC3)c2)cnc1N)c1c(Cl)ccc(F)c1Cl,O00238_WT;O00444_WT;O14936_WT;O14965_WT;O15075_WT;O15146_WT;O15197_WT;O43283_WT;O43353_WT;O60674_WT;O94806_WT;P0C264_WT;P00519_E255K;P00519_F317L;P00519_H396P;P00519_M351T;P00519_Q252H;P00519_T315I;P00519_WT;P00519_Y253F;P04629_WT;P06213_WT;P06239_WT;P07332_WT;P07947_WT;P08069_WT;P08581_M1250T;P08581_WT;P08581_Y1235D;P08922_WT;P09769_WT;P10721_V559D_T670I;P12931_WT;P14616_WT;P16591_WT;P21127_WT;P21709_WT;P23443_WT;P23458_WT;P29317_WT;P29320_WT;P29322_WT;P29376_WT;P30530_WT;P35557_WT;P35590_WT;P36639_WT;P36888_D835H;P36888_D835Y;P36888_K663Q;P36888_N841I;P36896_WT;P42681_WT;P42684_WT;P42685_WT;P50613_WT;P51451_WT;P51617_WT;P53667_WT;P54760_WT;P54762_WT;P54764_WT;P97793_WT;P98161_WT;Q6Q0C0_WT;Q6XUX3_WT;Q7KZI7_WT;Q8IVH8_WT;Q8N568_WT;Q8NB16_WT;Q8NFD2_WT;Q8TD19_WT;Q8TDR2_WT;Q9H0K1_WT;Q9H2G2_WT;Q9H2K8_WT;Q9H093_WT;Q9NSY1_WT;Q9UF33_WT;Q9UL54_WT;Q9UM73_WT;Q9UQ88_WT;Q9Y2U5_WT;Q9Y4K4_WT;Q9Y616_WT;Q56UN5_WT;Q59H18_WT;Q96GD4_WT;Q96PF2_WT;Q02763_WT;Q02858_WT;Q04771_WT;Q04912_WT;Q05397_WT;Q06418_WT;Q07912_WT;Q08345_WT;Q08881_WT;Q12851_WT;Q12852_WT;Q12866_WT;Q13043_WT;Q13164_WT;Q13188_WT;Q13470_WT;Q14289_WT;Q15139_WT;Q15375_WT;Q15569_WT;Q16288_WT;Q16620_WT;Q62190_WT;Q99759_WT,O00238_WT;O00444_WT;O14936_WT;O15146_WT;O15197_WT;O43283_WT;O60674_WT;P0C264_WT;P00519_E255K;P00519_H396P;P00519_M351T;P00519_Q252H;P00519_T315I;P00519_Y253F;P06239_WT;P07332_WT;P08069_WT;P08581_M1250T;P08581_WT;P08581_Y1235D;P08922_WT;P16591_WT;P21709_WT;P29317_WT;P29322_WT;P29376_WT;P30530_WT;P35557_WT;P35590_WT;P36888_D835Y;P51617_WT;P54762_WT;P97793_WT;Q6Q0C0_WT;Q8IVH8_WT;Q8NB16_WT;Q9H0K1_WT;Q9H2G2_WT;Q9H093_WT;Q9UF33_WT;Q9UM73_WT;Q9Y2U5_WT;Q9Y4K4_WT;Q59H18_WT;Q96GD4_WT;Q02763_WT;Q04912_WT;Q12851_WT;Q12852_WT;Q12866_WT;Q14289_WT;Q16288_WT;Q62190_WT;Q99759_WT,O00444_WT;O15197_WT;O60674_WT;P00519_H396P;P00519_M351T;P00519_Q252H;P00519_T315I;P00519_Y253F;P08581_M1250T;P08581_WT;P08581_Y1235D;P08922_WT;P16591_WT;P29376_WT;P30530_WT;P97793_WT;Q6Q0C0_WT;Q9H2G2_WT;Q9UF33_WT;Q9UM73_WT;Q9Y2U5_WT;Q9Y4K4_WT;Q96GD4_WT;Q04912_WT;Q12866_WT;Q62190_WT,P00519_T315I;P08581_M1250T;P08581_WT;P08581_Y1235D;P08922_WT;P29376_WT;P30530_WT;Q12866_WT,P08581_M1250T;P08581_WT;P08581_Y1235D;P08922_WT;P30530_WT;Q12866_WT,P08581_M1250T;P08581_Y1235D,P08581_M1250T,antineoplastic
Piperidolate hydrochloride,inactive,CCN1CCCC(OC(=O)C(c2ccccc2)c2ccccc2)C1,spectrum,CCN1CCCC(OC(=O)C(c2ccccc2)c2ccccc2)C1,"InChI=1S/C21H25NO2/c1-2-22-15-9-14-19(16-22)24-21(23)20(17-10-5-3-6-11-17)18-12-7-4-8-13-18/h3-8,10-13,19-20H,2,9,14-16H2,1H3",KTHVBAZBLKXIHZ-UHFFFAOYSA-N,KTHVBAZBLKXIHZ,CCN1CCCC(OC(=O)C(c2ccccc2)c2ccccc2)C1,,,,,,,,inactive
Imatinib,antineoplastic,N1=C(N=C(C=C1)C2=CC=CN=C2)NC3=CC(=CC=C3C)NC(=O)C4=CC=C(C=C4)CN5CCN(CC5)C,selleckchem,Cc1ccc(NC(=O)c2ccc(CN3CCN(C)CC3)cc2)cc1Nc1nccc(-c2cccnc2)n1,"InChI=1S/C29H31N7O/c1-21-5-10-25(18-27(21)34-29-31-13-11-26(33-29)24-4-3-12-30-19-24)32-28(37)23-8-6-22(7-9-23)20-36-16-14-35(2)15-17-36/h3-13,18-19H,14-17,20H2,1-2H3,(H,32,37)(H,31,33,34)",KTUFNOKKBVMGRW-UHFFFAOYSA-N,KTUFNOKKBVMGRW,Cc1ccc(NC(=O)c2ccc(CN3CCN(C)CC3)cc2)cc1Nc1nccc(-c2cccnc2)n1,O00571_WT;O15357_WT;O43570_WT;P00519_E255K;P00519_F317I;P00519_F317L;P00519_F359V;P00519_H396P;P00519_M351T;P00519_Q252H;P00519_WT;P00519_Y253F;P00520_WT;P00915_WT;P00918_WT;P06239_WT;P07333_WT;P07451_WT;P07948_WT;P09619_WT;P10721_A829P;P10721_D816H;P10721_D816V;P10721_L576P;P10721_N822K;P10721_V559D;P10721_V559D_V654A;P10721_WT;P11274_WT;P16083_WT;P16234_WT;P23280_WT;P24557_WT;P42684_WT;P43166_WT;P51451_WT;P62993_WT;Q9ULX7_WT;Q96FL8_WT;Q99N23_WT;Q05030_WT;Q08345_WT;Q16790_WT;Q16832_WT,O15357_WT;P00519_E255K;P00519_F317I;P00519_F317L;P00519_F359V;P00519_H396P;P00519_M351T;P00519_Q252H;P00519_WT;P00519_Y253F;P00915_WT;P00918_WT;P06239_WT;P07333_WT;P09619_WT;P10721_A829P;P10721_L576P;P10721_N822K;P10721_V559D;P10721_V559D_V654A;P10721_WT;P11274_WT;P16083_WT;P16234_WT;P24557_WT;P42684_WT;P43166_WT;P62993_WT;Q96FL8_WT;Q99N23_WT;Q05030_WT;Q08345_WT;Q16790_WT;Q16832_WT,O15357_WT;P00519_F317I;P00519_F317L;P00519_F359V;P00519_H396P;P00519_M351T;P00519_Q252H;P00519_WT;P00519_Y253F;P00915_WT;P00918_WT;P06239_WT;P07333_WT;P09619_WT;P10721_A829P;P10721_L576P;P10721_N822K;P10721_V559D;P10721_V559D_V654A;P11274_WT;P16083_WT;P16234_WT;P42684_WT;P62993_WT;Q96FL8_WT;Q99N23_WT;Q08345_WT;Q16790_WT;Q16832_WT,P00519_F317L;P00519_F359V;P00519_M351T;P00519_Q252H;P00918_WT;P09619_WT;P10721_A829P;P10721_L576P;P10721_N822K;P10721_V559D;P11274_WT;P42684_WT;P62993_WT;Q08345_WT,P10721_N822K;P11274_WT,P10721_N822K,,antineoplastic
Azd8055,reducer,C1(=C(C=CC(=C1)C2=NC3=C(C=C2)C(=NC(=N3)N4[C@H](COCC4)C)N5[C@H](COCC5)C)OC)CO,selleckchem,COc1ccc(-c2ccc3c(N4CCOC[C@@H]4C)nc(N4CCOC[C@@H]4C)nc3n2)cc1CO,"InChI=1S/C25H31N5O4/c1-16-14-33-10-8-29(16)24-20-5-6-21(18-4-7-22(32-3)19(12-18)13-31)26-23(20)27-25(28-24)30-9-11-34-15-17(30)2/h4-7,12,16-17,31H,8-11,13-15H2,1-3H3/t16-,17-/m0/s1",KVLFRAWTRWDEDF-IRXDYDNUSA-N,KVLFRAWTRWDEDF,COc1ccc(-c2ccc3c(N4CCOC[C@@H]4C)nc(N4CCOC[C@@H]4C)nc3n2)cc1CO,P42345_WT;Q9NZN8_WT,P42345_WT;Q9NZN8_WT,P42345_WT;Q9NZN8_WT,P42345_WT,P42345_WT,,,reducer
Heteropeucenin. methyl ether,inactive,COc1c(CC=C(C)C)c2c(c(O)c1)c(=O)cc(C)o2,spectrum,COc1cc(O)c2c(=O)cc(C)oc2c1CC=C(C)C,"InChI=1S/C16H18O4/c1-9(2)5-6-11-14(19-4)8-13(18)15-12(17)7-10(3)20-16(11)15/h5,7-8,18H,6H2,1-4H3",KVNRDSLYCOJCRD-UHFFFAOYSA-N,KVNRDSLYCOJCRD,COc1cc(O)c2c(=O)cc(C)oc2c1CC=C(C)C,,,,,,,,inactive
Olanzapine,inactive,Cc1cc2c(Nc3ccccc3N=C2N2CCN(C)CC2)s1,spectrum,Cc1cc2c(s1)Nc1ccccc1N=C2N1CCN(C)CC1,"InChI=1S/C17H20N4S/c1-12-11-13-16(21-9-7-20(2)8-10-21)18-14-5-3-4-6-15(14)19-17(13)22-12/h3-6,11,19H,7-10H2,1-2H3",KVWDHTXUZHCGIO-UHFFFAOYSA-N,KVWDHTXUZHCGIO,Cc1cc2c(s1)Nc1ccccc1N=C2N1CCN(C)CC1,P07305_WT;P08172_WT;P08173_WT;P08482_WT;P08912_WT;P08913_WT;P11229_WT;P14416_WT;P14842_WT;P15823_WT;P18089_WT;P18825_WT;P18901_WT;P19020_WT;P19327_WT;P20309_WT;P21728_WT;P21917_WT;P21918_WT;P25100_WT;P28223_WT;P28335_WT;P28482_WT;P28564_WT;P30729_WT;P31390_WT;P31645_WT;P34969_WT;P35348_WT;P35367_WT;P35462_WT;P41595_WT;P43140_WT;P50406_WT;P55789_WT;P61169_WT;Q9WTR4_WT;Q12809_WT,P07305_WT;P08172_WT;P08173_WT;P08482_WT;P08912_WT;P11229_WT;P14416_WT;P14842_WT;P15823_WT;P18089_WT;P18825_WT;P18901_WT;P19020_WT;P20309_WT;P21728_WT;P21917_WT;P21918_WT;P25100_WT;P28223_WT;P28335_WT;P28482_WT;P30729_WT;P31390_WT;P34969_WT;P35348_WT;P35367_WT;P35462_WT;P41595_WT;P43140_WT;P50406_WT;P61169_WT;Q12809_WT,P07305_WT;P08482_WT;P08912_WT;P11229_WT;P14416_WT;P14842_WT;P15823_WT;P18825_WT;P18901_WT;P19020_WT;P21728_WT;P21917_WT;P21918_WT;P25100_WT;P28223_WT;P28335_WT;P30729_WT;P31390_WT;P35348_WT;P35367_WT;P35462_WT;P41595_WT;P43140_WT;P50406_WT;P61169_WT,P07305_WT;P08482_WT;P08912_WT;P11229_WT;P14416_WT;P14842_WT;P21917_WT;P28223_WT;P28335_WT;P31390_WT;P35367_WT;P41595_WT;P50406_WT;P61169_WT,P07305_WT;P14842_WT;P28223_WT;P31390_WT;P35367_WT;P41595_WT;P50406_WT,P07305_WT;P31390_WT;P35367_WT,P31390_WT,inactive
Dihydrojasmonic acid. methyl ester,inactive,CCCCCC1C(=O)CCC1CC(=O)OC,spectrum,CCCCCC1C(=O)CCC1CC(=O)OC,"InChI=1S/C13H22O3/c1-3-4-5-6-11-10(7-8-12(11)14)9-13(15)16-2/h10-11H,3-9H2,1-2H3",KVWWIYGFBYDJQC-UHFFFAOYSA-N,KVWWIYGFBYDJQC,CCCCCC1C(=O)CCC1CC(=O)OC,,,,,,,,inactive
Tapentadol hydrochloride,inactive,CC[C@H](c1cc(O)ccc1)[C@@H](C)CN(C)C,spectrum,CCC(c1cccc(O)c1)[C@@H](C)CN(C)C,"InChI=1S/C14H23NO/c1-5-14(11(2)10-15(3)4)12-7-6-8-13(16)9-12/h6-9,11,14,16H,5,10H2,1-4H3/t11-,14?/m0/s1",KWTWDQCKEHXFFR-ZSOXZCCMSA-N,KWTWDQCKEHXFFR,CCC(c1cccc(O)c1)[C@@H](C)CN(C)C,P35372_WT,,,,,,,inactive
Solasodine,inactive,C[C@H]1C2[C@H](C[C@H]3C4CC=C5C[C@@H](O)CC[C@]5(C)C4CC[C@]23C)O[C@]12CC[C@@H](C)CN2,spectrum,C[C@@H]1CC[C@@]2(NC1)O[C@H]1C[C@H]3C4CC=C5C[C@@H](O)CC[C@]5(C)C4CC[C@]3(C)C1[C@@H]2C,"InChI=1S/C27H43NO2/c1-16-7-12-27(28-15-16)17(2)24-23(30-27)14-22-20-6-5-18-13-19(29)8-10-25(18,3)21(20)9-11-26(22,24)4/h5,16-17,19-24,28-29H,6-15H2,1-4H3/t16-,17+,19+,20?,21?,22+,23+,24?,25+,26+,27-/m1/s1",KWVISVAMQJWJSZ-SNCAVQOYSA-N,KWVISVAMQJWJSZ,C[C@@H]1CC[C@@]2(NC1)O[C@H]1C[C@H]3C4CC=C5C[C@@H](O)CC[C@]5(C)C4CC[C@]3(C)C1[C@@H]2C,Q99720_WT,Q99720_WT,,,,,,inactive
3-deshydroxysappanol trimethyl ether,inactive,COc1cc2c(cc1)[C@@H](O)[C@H](Cc1ccc(OC)c(OC)c1)CO2,spectrum,COc1ccc2c(c1)OC[C@@H](Cc1ccc(OC)c(OC)c1)[C@@H]2O,"InChI=1S/C19H22O5/c1-21-14-5-6-15-17(10-14)24-11-13(19(15)20)8-12-4-7-16(22-2)18(9-12)23-3/h4-7,9-10,13,19-20H,8,11H2,1-3H3/t13-,19+/m1/s1",KXFFLWDYUNIJNU-YJYMSZOUSA-N,KXFFLWDYUNIJNU,COc1ccc2c(c1)OC[C@@H](Cc1ccc(OC)c(OC)c1)[C@@H]2O,,,,,,,,inactive
Deoxycholic acid,inactive,CC(CCC(=O)O)[C@H]1CCC2C3CC[C@@H]4C[C@H](O)CC[C@]4(C)C3C[C@H](O)[C@@]21C,spectrum,CC(CCC(=O)O)[C@H]1CCC2C3CC[C@@H]4C[C@H](O)CC[C@]4(C)C3C[C@H](O)[C@@]21C,"InChI=1S/C24H40O4/c1-14(4-9-22(27)28)18-7-8-19-17-6-5-15-12-16(25)10-11-23(15,2)20(17)13-21(26)24(18,19)3/h14-21,25-26H,4-13H2,1-3H3,(H,27,28)/t14?,15-,16-,17?,18-,19?,20?,21+,23+,24-/m1/s1",KXGVEGMKQFWNSR-XBEHKFBISA-N,KXGVEGMKQFWNSR,CC(CCC(=O)O)[C@H]1CCC2C3CC[C@@H]4C[C@H](O)CC[C@]4(C)C3C[C@H](O)[C@@]21C,P11511_WT,P11511_WT,,,,,,inactive
Oxolinic acid,inactive,CCn1cc(C(=O)O)c(=O)c2cc3c(cc21)OCO3,spectrum,CCn1cc(C(=O)O)c(=O)c2cc3c(cc21)OCO3,"InChI=1S/C13H11NO5/c1-2-14-5-8(13(16)17)12(15)7-3-10-11(4-9(7)14)19-6-18-10/h3-5H,2,6H2,1H3,(H,16,17)",KYGZCKSPAKDVKC-UHFFFAOYSA-N,KYGZCKSPAKDVKC,CCn1cc(C(=O)O)c(=O)c2cc3c(cc21)OCO3,P83916_WT,P83916_WT,P83916_WT,P83916_WT,P83916_WT,,,inactive
Proxyphylline,inactive,CC(O)Cn1cnc2c1c(=O)n(C)c(=O)n2C,spectrum,CC(O)Cn1cnc2c1c(=O)n(C)c(=O)n2C,"InChI=1S/C10H14N4O3/c1-6(15)4-14-5-11-8-7(14)9(16)13(3)10(17)12(8)2/h5-6,15H,4H2,1-3H3",KYHQZNGJUGFTGR-UHFFFAOYSA-N,KYHQZNGJUGFTGR,CC(O)Cn1cnc2c1c(=O)n(C)c(=O)n2C,P51450_WT,,,,,,,inactive
Desvenlafaxine succinate,inactive,CN(C)CC(c1ccc(O)cc1)C1(O)CCCCC1,spectrum,CN(C)CC(c1ccc(O)cc1)C1(O)CCCCC1,"InChI=1S/C16H25NO2/c1-17(2)12-15(13-6-8-14(18)9-7-13)16(19)10-4-3-5-11-16/h6-9,15,18-19H,3-5,10-12H2,1-2H3",KYYIDSXMWOZKMP-UHFFFAOYSA-N,KYYIDSXMWOZKMP,CN(C)CC(c1ccc(O)cc1)C1(O)CCCCC1,P31645_WT;P31652_WT;P43140_WT,P31645_WT;P31652_WT;P43140_WT,P31645_WT;P43140_WT,P31645_WT,,,,inactive
beta-SITOSTEROL,inactive,CCC(CCC(C)[C@H]1CCC2C3CC=C4C[C@@H](O)CC[C@]4(C)C3CC[C@@]21C)C(C)C,spectrum,CCC(CCC(C)[C@H]1CCC2C3CC=C4C[C@@H](O)CC[C@]4(C)C3CC[C@@]21C)C(C)C,"InChI=1S/C29H50O/c1-7-21(19(2)3)9-8-20(4)25-12-13-26-24-11-10-22-18-23(30)14-16-28(22,5)27(24)15-17-29(25,26)6/h10,19-21,23-27,30H,7-9,11-18H2,1-6H3/t20?,21?,23-,24?,25+,26?,27?,28-,29+/m0/s1",KZJWDPNRJALLNS-LRWZISJQSA-N,KZJWDPNRJALLNS,CCC(CCC(C)[C@H]1CCC2C3CC=C4C[C@@H](O)CC[C@]4(C)C3CC[C@@]21C)C(C)C,Q9NUW8_WT,Q9NUW8_WT,Q9NUW8_WT,Q9NUW8_WT,Q9NUW8_WT,Q9NUW8_WT,,inactive
Apigenin,inactive,O=c1cc(-c2ccc(O)cc2)oc2c1c(O)cc(O)c2,spectrum,O=c1cc(-c2ccc(O)cc2)oc2cc(O)cc(O)c12,"InChI=1S/C15H10O5/c16-9-3-1-8(2-4-9)13-7-12(19)15-11(18)5-10(17)6-14(15)20-13/h1-7,16-18H",KZNIFHPLKGYRTM-UHFFFAOYSA-N,KZNIFHPLKGYRTM,O=c1cc(-c2ccc(O)cc2)oc2cc(O)cc(O)c12,P04798_WT;P05177_WT;P14061_WT;P22303_WT;P27487_WT;P68400_WT;Q9HBH9_WT;Q16678_WT;Q92731_WT;Q99714_WT,P22303_WT;P27487_WT;Q9HBH9_WT;Q16678_WT;Q92731_WT,P22303_WT;Q16678_WT,P22303_WT;Q16678_WT,,,,inactive
Nicorandil,inactive,O=C(NCCO[N+](=O)[O-])c1cnccc1,spectrum,O=C(NCCO[N+](=O)[O-])c1cccnc1,"InChI=1S/C8H9N3O4/c12-8(7-2-1-3-9-6-7)10-4-5-15-11(13)14/h1-3,6H,4-5H2,(H,10,12)",LBHIOVVIQHSOQN-UHFFFAOYSA-N,LBHIOVVIQHSOQN,O=C(NCCO[N+](=O)[O-])c1cccnc1,,,,,,,,inactive
3-acetylgedunol,inactive,CC(=O)O[C@H]1CC[C@@]2(C)C(C[C@@H](OC(C)=O)[C@]3(C)C2CC[C@@]2(C)[C@H](c4cocc4)OC(=O)[C@H]4O[C@]423)C1(C)C,spectrum,CC(=O)O[C@H]1CC[C@@]2(C)C(C[C@@H](OC(C)=O)[C@]3(C)C2CC[C@@]2(C)[C@H](c4ccoc4)OC(=O)C4O[C@]423)C1(C)C,"InChI=1S/C30H40O8/c1-16(31)35-21-9-11-27(5)19-8-12-28(6)23(18-10-13-34-15-18)37-25(33)24-30(28,38-24)29(19,7)22(36-17(2)32)14-20(27)26(21,3)4/h10,13,15,19-24H,8-9,11-12,14H2,1-7H3/t19?,20?,21-,22+,23-,24?,27+,28-,29-,30+/m0/s1",LCTHKUJMKQOYDY-OYDJTCRYSA-N,LCTHKUJMKQOYDY,CC(=O)O[C@H]1CC[C@@]2(C)C(C[C@@H](OC(C)=O)[C@]3(C)C2CC[C@@]2(C)[C@H](c4ccoc4)OC(=O)C4O[C@]423)C1(C)C,,,,,,,,inactive
Mk-5108,inactive,N1=C(C=CC=C1C[C@]2(CC[C@H](CC2)OC3=C(C(=CC=C3)Cl)F)C(=O)O)NC4SC=CN=4,selleckchem,O=C(O)[C@]1(Cc2cccc(Nc3nccs3)n2)CC[C@@H](Oc2cccc(Cl)c2F)CC1,"InChI=1S/C22H21ClFN3O3S/c23-16-4-2-5-17(19(16)24)30-15-7-9-22(10-8-15,20(28)29)13-14-3-1-6-18(26-14)27-21-25-11-12-31-21/h1-6,11-12,15H,7-10,13H2,(H,28,29)(H,25,26,27)/t15-,22-",LCVIRAZGMYMNNT-VVONHTQRSA-N,LCVIRAZGMYMNNT,O=C(O)[C@]1(Cc2cccc(Nc3nccs3)n2)CC[C@@H](Oc2cccc(Cl)c2F)CC1,O00444_WT;O14965_WT;O15357_WT;O60674_WT;P00519_WT;P07949_WT;P11274_WT;P29317_WT;P36896_WT;P42680_WT;P42684_WT;P42685_WT;P62993_WT;Q9UQB9_WT;Q9Y616_WT;Q96GD4_WT;Q04771_WT;Q07912_WT;Q13470_WT;Q13882_WT;Q14289_WT,O00444_WT;O14965_WT;O15357_WT;O60674_WT;P00519_WT;P11274_WT;P29317_WT;P42684_WT;P62993_WT;Q9UQB9_WT;Q9Y616_WT;Q96GD4_WT;Q04771_WT;Q13470_WT,O14965_WT;O60674_WT;P00519_WT;P11274_WT;P42684_WT;P62993_WT;Q9UQB9_WT;Q9Y616_WT;Q13470_WT,O14965_WT;O60674_WT;P11274_WT;P62993_WT;Q9UQB9_WT;Q9Y616_WT;Q13470_WT,O14965_WT;Q13470_WT,O14965_WT,O14965_WT,inactive
Diaveridine,inactive,COc1ccc(Cc2cnc(N)nc2N)cc1OC,spectrum,COc1ccc(Cc2cnc(N)nc2N)cc1OC,"InChI=1S/C13H16N4O2/c1-18-10-4-3-8(6-11(10)19-2)5-9-7-16-13(15)17-12(9)14/h3-4,6-7H,5H2,1-2H3,(H4,14,15,16,17)",LDBTVAXGKYIFHO-UHFFFAOYSA-N,LDBTVAXGKYIFHO,COc1ccc(Cc2cnc(N)nc2N)cc1OC,P00374_WT,,,,,,,inactive
Cinromide,inactive,CCNC(=O)/C=C/c1cc(Br)ccc1,spectrum,CCNC(=O)/C=C/c1cccc(Br)c1,"InChI=1S/C11H12BrNO/c1-2-13-11(14)7-6-9-4-3-5-10(12)8-9/h3-8H,2H2,1H3,(H,13,14)/b7-6+",LDCXGZCEMNMWIL-VOTSOKGWSA-N,LDCXGZCEMNMWIL,CCNC(=O)/C=C/c1cccc(Br)c1,,,,,,,,inactive
Minaprine hydrochloride,inactive,Cc1c(NCCN2CCOCC2)nnc(-c2ccccc2)c1,spectrum,Cc1cc(-c2ccccc2)nnc1NCCN1CCOCC1,"InChI=1S/C17H22N4O/c1-14-13-16(15-5-3-2-4-6-15)19-20-17(14)18-7-8-21-9-11-22-12-10-21/h2-6,13H,7-12H2,1H3,(H,18,20)",LDMWSLGGVTVJPG-UHFFFAOYSA-N,LDMWSLGGVTVJPG,Cc1cc(-c2ccccc2)nnc1NCCN1CCOCC1,Q9NUW8_WT,Q9NUW8_WT,Q9NUW8_WT,Q9NUW8_WT,,,,inactive
Bupivacaine hydrochloride,inactive,CCCCN1CCCCC1C(=O)Nc1c(C)cccc1C,spectrum,CCCCN1CCCCC1C(=O)Nc1c(C)cccc1C,"InChI=1S/C18H28N2O/c1-4-5-12-20-13-7-6-11-16(20)18(21)19-17-14(2)9-8-10-15(17)3/h8-10,16H,4-7,11-13H2,1-3H3,(H,19,21)",LEBVLXFERQHONN-UHFFFAOYSA-N,LEBVLXFERQHONN,CCCCN1CCCCC1C(=O)Nc1c(C)cccc1C,P10635_WT,,,,,,,inactive
Econazole nitrate,inactive,Clc1ccc(COC(Cn2ccnc2)c2c(Cl)cc(Cl)cc2)cc1,spectrum,Clc1ccc(COC(Cn2ccnc2)c2ccc(Cl)cc2Cl)cc1,"InChI=1S/C18H15Cl3N2O/c19-14-3-1-13(2-4-14)11-24-18(10-23-8-7-22-12-23)16-6-5-15(20)9-17(16)21/h1-9,12,18H,10-11H2",LEZWWPYKPKIXLL-UHFFFAOYSA-N,LEZWWPYKPKIXLL,Clc1ccc(COC(Cn2ccnc2)c2ccc(Cl)cc2Cl)cc1,O75385_WT;P05093_WT;P05177_WT;P07900_WT;P08173_WT;P08684_WT;P10635_WT;P11511_WT;P11712_WT;P20309_WT;P24557_WT;P31645_WT;P33261_WT;P41143_WT;Q9UNU6_WT;Q01959_WT;Q16850_WT,O75385_WT;P05177_WT;P07900_WT;P10635_WT;P11511_WT;P11712_WT;P24557_WT;P31645_WT;P33261_WT;Q9UNU6_WT;Q16850_WT,P11511_WT;P24557_WT;P33261_WT;Q16850_WT,P24557_WT,,,,inactive
Ki8751,inactive,C1=CN=C2C(=C1OC3=CC=C(C(=C3)F)NC(NC4=CC=C(C=C4F)F)=O)C=C(C(=C2)OC)OC,selleckchem,COc1cc2nccc(Oc3ccc(NC(=O)Nc4ccc(F)cc4F)c(F)c3)c2cc1OC,"InChI=1S/C24H18F3N3O4/c1-32-22-11-15-20(12-23(22)33-2)28-8-7-21(15)34-14-4-6-19(17(27)10-14)30-24(31)29-18-5-3-13(25)9-16(18)26/h3-12H,1-2H3,(H2,29,30,31)",LFKQSJNCVRGFCC-UHFFFAOYSA-N,LFKQSJNCVRGFCC,COc1cc2nccc(Oc3ccc(NC(=O)Nc4ccc(F)cc4F)c(F)c3)c2cc1OC,P10721_WT;P16234_WT;P21802_WT,P10721_WT;P16234_WT;P21802_WT,P10721_WT;P16234_WT,,,,,inactive
Alexidine hydrochloride,inactive,CCCCC(CC)CNC(=N)NC(=N)NCCCCCCNC(=N)NC(=N)NCC(CC)CCCC,spectrum,CCCCC(CC)CN=C(N)N=C(N)NCCCCCCN=C(N)N=C(N)NCC(CC)CCCC,"InChI=1S/C26H56N10/c1-5-9-15-21(7-3)19-33-25(29)35-23(27)31-17-13-11-12-14-18-32-24(28)36-26(30)34-20-22(8-4)16-10-6-2/h21-22H,5-20H2,1-4H3,(H5,27,29,31,33,35)(H5,28,30,32,34,36)",LFVVNPBBFUSSHL-UHFFFAOYSA-N,LFVVNPBBFUSSHL,CCCCC(CC)CN=C(N)N=C(N)NCCCCCCN=C(N)N=C(N)NCC(CC)CCCC,,,,,,,,inactive
Gentian violet,inactive,CN(C)c1ccc(C(=C2C=CC(=[N+](C)C)C=C2)c2ccc(N(C)C)cc2)cc1,spectrum,CN(C)c1ccc(C(=C2C=CC(=[N+](C)C)C=C2)c2ccc(N(C)C)cc2)cc1,"InChI=1S/C25H30N3/c1-26(2)22-13-7-19(8-14-22)25(20-9-15-23(16-10-20)27(3)4)21-11-17-24(18-12-21)28(5)6/h7-18H,1-6H3/q+1",LGLFFNDHMLKUMI-UHFFFAOYSA-N,LGLFFNDHMLKUMI,CN(C)c1ccc(C(=C2C=CC(=[N+](C)C)C=C2)c2ccc(N(C)C)cc2)cc1,P00533_WT;P05067_WT;P08172_WT;P08173_WT;P08912_WT;P08913_WT;P10275_WT;P10635_WT;P11229_WT;P11511_WT;P18089_WT;P18113_WT;P18825_WT;P21452_WT;P24855_WT;P35462_WT;P37840_WT;P41145_WT;Q96QE3_WT,P05067_WT;P37840_WT,,,,,,inactive
Gdc-0941,inactive,C1(=CC=CC2=C1C=NN2)C3=NC(=C4C(=N3)C=C(S4)CN5CCN(CC5)S(=O)(=O)C)N6CCOCC6,selleckchem,CS(=O)(=O)N1CCN(Cc2cc3nc(-c4cccc5[nH]ncc45)nc(N4CCOCC4)c3s2)CC1,"InChI=1S/C23H27N7O3S2/c1-35(31,32)30-7-5-28(6-8-30)15-16-13-20-21(34-16)23(29-9-11-33-12-10-29)26-22(25-20)17-3-2-4-19-18(17)14-24-27-19/h2-4,13-14H,5-12,15H2,1H3,(H,24,27)",LHNIIDJUOCFXAP-UHFFFAOYSA-N,LHNIIDJUOCFXAP,CS(=O)(=O)N1CCN(Cc2cc3nc(-c4cccc5[nH]ncc45)nc(N4CCOCC4)c3s2)CC1,O00329_WT;O00750_WT;O75747_WT;P06703_WT;P23458_WT;P31749_WT;P36888_D835Y;P42336_C420R;P42336_E542K;P42336_E545A;P42336_E545K;P42336_H1047L;P42336_H1047Y;P42336_I800L;P42336_M1043I;P42336_Q546K;P42336_WT;P42338_WT;P42345_WT;P48736_WT;P49760_WT;P53779_WT;Q9BVS4_WT;Q9H2X6_WT;Q9H422_WT;Q9NUW8_WT;Q86YV6_WT,O00329_WT;O00750_WT;O75747_WT;P06703_WT;P31749_WT;P42336_C420R;P42336_E542K;P42336_E545A;P42336_E545K;P42336_H1047L;P42336_H1047Y;P42336_I800L;P42336_M1043I;P42336_Q546K;P42336_WT;P42338_WT;P42345_WT;P48736_WT;Q9NUW8_WT,O00329_WT;P06703_WT;P31749_WT;P42336_C420R;P42336_E542K;P42336_E545A;P42336_E545K;P42336_H1047L;P42336_H1047Y;P42336_I800L;P42336_M1043I;P42336_Q546K;P42336_WT;P42338_WT;P48736_WT,O00329_WT;P06703_WT;P42336_C420R;P42336_E542K;P42336_E545A;P42336_E545K;P42336_H1047L;P42336_H1047Y;P42336_I800L;P42336_M1043I;P42336_Q546K;P42336_WT,O00329_WT;P06703_WT;P42336_C420R;P42336_E542K;P42336_E545A;P42336_E545K;P42336_H1047L;P42336_H1047Y;P42336_I800L;P42336_M1043I;P42336_Q546K;P42336_WT,P42336_C420R;P42336_E542K;P42336_E545A;P42336_E545K;P42336_Q546K;P42336_WT,P42336_E545A,inactive
Bucetin,inactive,CCOc1ccc(NC(=O)CC(C)O)cc1,spectrum,CCOc1ccc(NC(=O)CC(C)O)cc1,"InChI=1S/C12H17NO3/c1-3-16-11-6-4-10(5-7-11)13-12(15)8-9(2)14/h4-7,9,14H,3,8H2,1-2H3,(H,13,15)",LIAWQASKBFCRNR-UHFFFAOYSA-N,LIAWQASKBFCRNR,CCOc1ccc(NC(=O)CC(C)O)cc1,,,,,,,,inactive
Wp1130,reducer,C1(=CC=CC(=N1)/C=C(/C(N[C@H](C2=CC=CC=C2)CCC)=O)C#N)Br,selleckchem,CCC[C@H](NC(=O)/C(C#N)=C/c1cccc(Br)n1)c1ccccc1,"InChI=1S/C19H18BrN3O/c1-2-7-17(14-8-4-3-5-9-14)23-19(24)15(13-21)12-16-10-6-11-18(20)22-16/h3-6,8-12,17H,2,7H2,1H3,(H,23,24)/b15-12+/t17-/m0/s1",LIDOPKHSVQTSJY-VMEIHUARSA-N,LIDOPKHSVQTSJY,CCC[C@H](NC(=O)/C(C#N)=C/c1cccc(Br)n1)c1ccccc1,,,,,,,,reducer
Incb28060,antineoplastic,C(C1C(=CC(=CC=1)C2C=NC3N(N=2)C(=CN=3)CC4C=C5C=CC=NC(=CC=4)5)F)(=O)NC,selleckchem,CNC(=O)c1ccc(-c2cnc3ncc(Cc4ccc5ncccc5c4)n3n2)cc1F,"InChI=1S/C23H17FN6O/c1-25-22(31)18-6-5-16(11-19(18)24)21-13-28-23-27-12-17(30(23)29-21)10-14-4-7-20-15(9-14)3-2-8-26-20/h2-9,11-13H,10H2,1H3,(H,25,31)",LIOLIMKSCNQPLV-UHFFFAOYSA-N,LIOLIMKSCNQPLV,CNC(=O)c1ccc(-c2cnc3ncc(Cc4ccc5ncccc5c4)n3n2)cc1F,P08581_WT,P08581_WT,P08581_WT,P08581_WT,P08581_WT,P08581_WT,P08581_WT,antineoplastic
Chloramphenicol sodium succinate,inactive,O=C(O)CCC(=O)OC[C@@H](NC(=O)C(Cl)Cl)[C@H](O)c1ccc([N+](=O)[O-])cc1,spectrum,O=C(O)CCC(=O)OC[C@@H](NC(=O)C(Cl)Cl)[C@H](O)c1ccc([N+](=O)[O-])cc1,"InChI=1S/C15H16Cl2N2O8/c16-14(17)15(24)18-10(7-27-12(22)6-5-11(20)21)13(23)8-1-3-9(4-2-8)19(25)26/h1-4,10,13-14,23H,5-7H2,(H,18,24)(H,20,21)/t10-,13-/m1/s1",LIRCDOVJWUGTMW-ZWNOBZJWSA-N,LIRCDOVJWUGTMW,O=C(O)CCC(=O)OC[C@@H](NC(=O)C(Cl)Cl)[C@H](O)c1ccc([N+](=O)[O-])cc1,,,,,,,,inactive
Gsk1120212,antineoplastic,C1(N(C(=C2C(=C1C)N(C(N(C2=O)C3CC3)=O)C4=CC(=CC=C4)NC(C)=O)NC5=CC=C(C=C5F)I)C)=O,selleckchem,CC(=O)Nc1cccc(-n2c(=O)n(C3CC3)c(=O)c3c(Nc4ccc(I)cc4F)n(C)c(=O)c(C)c32)c1,"InChI=1S/C26H23FIN5O4/c1-13-22-21(23(31(3)24(13)35)30-20-10-7-15(28)11-19(20)27)25(36)33(17-8-9-17)26(37)32(22)18-6-4-5-16(12-18)29-14(2)34/h4-7,10-12,17,30H,8-9H2,1-3H3,(H,29,34)",LIRYPHYGHXZJBZ-UHFFFAOYSA-N,LIRYPHYGHXZJBZ,CC(=O)Nc1cccc(-n2c(=O)n(C3CC3)c(=O)c3c(Nc4ccc(I)cc4F)n(C)c(=O)c(C)c32)c1,P08183_WT;P36507_WT;Q02750_WT,P08183_WT;P36507_WT;Q02750_WT,P36507_WT;Q02750_WT,P36507_WT;Q02750_WT,P36507_WT,,,antineoplastic
Hydroquinidine,inactive,CC[C@H]1CN2CCC1C[C@@H]2[C@@H](O)c1ccnc2c1cc(OC)cc2,spectrum,CC[C@H]1CN2CCC1C[C@@H]2[C@@H](O)c1ccnc2ccc(OC)cc12,"InChI=1S/C20H26N2O2/c1-3-13-12-22-9-7-14(13)10-19(22)20(23)16-6-8-21-18-5-4-15(24-2)11-17(16)18/h4-6,8,11,13-14,19-20,23H,3,7,9-10,12H2,1-2H3/t13-,14?,19+,20-/m0/s1",LJOQGZACKSYWCH-NBGVHYBESA-N,LJOQGZACKSYWCH,CC[C@H]1CN2CCC1C[C@@H]2[C@@H](O)c1ccnc2ccc(OC)cc12,P08684_WT;P10635_WT,,,,,,,inactive
Amikacin sulfate,inactive,NCC[C@@H](O)C(=O)N[C@@H]1C[C@H](N)[C@@H](O[C@H]2O[C@H](CN)[C@@H](O)[C@H](O)[C@H]2O)[C@H](O)[C@H]1O[C@H]1O[C@H](CO)[C@@H](O)[C@H](N)C1O,spectrum,NCCC(O)C(=O)N[C@@H]1C[C@H](N)[C@@H](O[C@H]2O[C@H](CN)[C@@H](O)[C@H](O)[C@H]2O)[C@H](O)[C@H]1O[C@H]1O[C@H](CO)[C@@H](O)[C@H](N)C1O,"InChI=1S/C22H43N5O13/c23-2-1-8(29)20(36)27-7-3-6(25)18(39-22-16(34)15(33)13(31)9(4-24)37-22)17(35)19(7)40-21-14(32)11(26)12(30)10(5-28)38-21/h6-19,21-22,28-35H,1-5,23-26H2,(H,27,36)/t6-,7+,8?,9+,10+,11-,12+,13+,14?,15-,16+,17-,18+,19-,21+,22+/m0/s1",LKCWBDHBTVXHDL-GVDUHLPPSA-N,LKCWBDHBTVXHDL,NCCC(O)C(=O)N[C@@H]1C[C@H](N)[C@@H](O[C@H]2O[C@H](CN)[C@@H](O)[C@H](O)[C@H]2O)[C@H](O)[C@H]1O[C@H]1O[C@H](CO)[C@@H](O)[C@H](N)C1O,,,,,,,,inactive
Bicalutamide,reducer,CC(O)(CS(=O)(=O)c1ccc(F)cc1)C(=O)Nc1ccc(C#N)c(C(F)(F)F)c1,spectrum,CC(O)(CS(=O)(=O)c1ccc(F)cc1)C(=O)Nc1ccc(C#N)c(C(F)(F)F)c1,"InChI=1S/C18H14F4N2O4S/c1-17(26,10-29(27,28)14-6-3-12(19)4-7-14)16(25)24-13-5-2-11(9-23)15(8-13)18(20,21)22/h2-8,26H,10H2,1H3,(H,24,25)",LKJPYSCBVHEWIU-UHFFFAOYSA-N,LKJPYSCBVHEWIU,CC(O)(CS(=O)(=O)c1ccc(F)cc1)C(=O)Nc1ccc(C#N)c(C(F)(F)F)c1,O89049_WT;P10275_WT;P15207_WT;P19091_WT;P83916_WT,P10275_WT;P83916_WT,P83916_WT,,,,,reducer
Sinensetin,inactive,COc1c(OC)cc(-c2cc(=O)c3c(OC)c(OC)c(OC)cc3o2)cc1,spectrum,COc1ccc(-c2cc(=O)c3c(OC)c(OC)c(OC)cc3o2)cc1OC,"InChI=1S/C20H20O7/c1-22-13-7-6-11(8-15(13)23-2)14-9-12(21)18-16(27-14)10-17(24-3)19(25-4)20(18)26-5/h6-10H,1-5H3",LKMNXYDUQXAUCZ-UHFFFAOYSA-N,LKMNXYDUQXAUCZ,COc1ccc(-c2cc(=O)c3c(OC)c(OC)c(OC)cc3o2)cc1OC,,,,,,,,inactive
Gitoxin,inactive,C[C@H]1OC(O[C@H]2[C@@H](O)CC(O[C@H]3[C@@H](O)C[C@H](O[C@H]4CC[C@]5(C)C6CC[C@]7(C)[C@@H](C8=CC(=O)OC8)[C@@H](O)C[C@]7(O)[C@@H]6CC[C@@H]5C4)O[C@@H]3C)O[C@@H]2C)C[C@H](O)C1O,spectrum,C[C@H]1OC(O[C@H]2[C@@H](O)CC(O[C@H]3[C@@H](O)C[C@H](O[C@H]4CC[C@]5(C)C6CC[C@]7(C)[C@@H](C8=CC(=O)OC8)[C@@H](O)C[C@]7(O)[C@@H]6CC[C@@H]5C4)O[C@@H]3C)O[C@@H]2C)C[C@H](O)C1O,"InChI=1S/C41H64O14/c1-19-36(47)27(42)14-33(50-19)54-38-21(3)52-34(16-29(38)44)55-37-20(2)51-32(15-28(37)43)53-24-8-10-39(4)23(13-24)6-7-26-25(39)9-11-40(5)35(22-12-31(46)49-18-22)30(45)17-41(26,40)48/h12,19-21,23-30,32-38,42-45,47-48H,6-11,13-18H2,1-5H3/t19-,20-,21-,23-,24+,25?,26-,27+,28+,29+,30+,32+,33?,34?,35+,36?,37-,38-,39+,40-,41+/m1/s1",LKRDZKPBAOKJBT-OEYNLDBRSA-N,LKRDZKPBAOKJBT,C[C@H]1OC(O[C@H]2[C@@H](O)CC(O[C@H]3[C@@H](O)C[C@H](O[C@H]4CC[C@]5(C)C6CC[C@]7(C)[C@@H](C8=CC(=O)OC8)[C@@H](O)C[C@]7(O)[C@@H]6CC[C@@H]5C4)O[C@@H]3C)O[C@@H]2C)C[C@H](O)C1O,,,,,,,,inactive
Ftaxilide,inactive,Cc1cccc(C)c1NC(=O)c1c(C(=O)O)cccc1,spectrum,Cc1cccc(C)c1NC(=O)c1ccccc1C(=O)O,"InChI=1S/C16H15NO3/c1-10-6-5-7-11(2)14(10)17-15(18)12-8-3-4-9-13(12)16(19)20/h3-9H,1-2H3,(H,17,18)(H,19,20)",LLECMGGNFBKPRH-UHFFFAOYSA-N,LLECMGGNFBKPRH,Cc1cccc(C)c1NC(=O)c1ccccc1C(=O)O,,,,,,,,inactive
Phytonadione,inactive,CC1=C(C/C=C(\C)CCC[C@H](C)CCC[C@H](C)CCCC(C)C)C(=O)c2c(cccc2)C1=O,spectrum,CC(C=Cc1c(C)c(O)c2ccccc2c1O)=CCC[C@H](C)CCC[C@H](C)CCCC(C)C,"InChI=1S/C31H46O2/c1-22(2)12-9-13-23(3)14-10-15-24(4)16-11-17-25(5)20-21-27-26(6)30(32)28-18-7-8-19-29(28)31(27)33/h7-8,17-24,32-33H,9-16H2,1-6H3/t23-,24-/m1/s1",LLVIVPAPYJXADK-DNQXCXABSA-N,LLVIVPAPYJXADK,CC(C=Cc1c(C)c(O)c2ccccc2c1O)=CCC[C@H](C)CCC[C@H](C)CCCC(C)C,,,,,,,,inactive
Cp-724714,inactive,C1(=CC=C2C(=C1)C(=NC=N2)NC3=CC=C(C(=C3)C)OC4=CC=C(N=C4)C)/C=C/CNC(COC)=O,selleckchem,COCC(=O)NCC=Cc1ccc2ncnc(Nc3ccc(Oc4ccc(C)nc4)c(C)c3)c2c1,"InChI=1S/C27H27N5O3/c1-18-13-21(8-11-25(18)35-22-9-6-19(2)29-15-22)32-27-23-14-20(7-10-24(23)30-17-31-27)5-4-12-28-26(33)16-34-3/h4-11,13-15,17H,12,16H2,1-3H3,(H,28,33)(H,30,31,32)",LLVZBTWPGQVVLW-UHFFFAOYSA-N,LLVZBTWPGQVVLW,COCC(=O)NCC=Cc1ccc2ncnc(Nc3ccc(Oc4ccc(C)nc4)c(C)c3)c2c1,P00533_A750P;P00533_G719C;P00533_L858R;P00533_L861Q;P00533_WT;P04626_WT;P68370_WT;Q9HBH9_WT;Q15303_WT,P00533_G719C;P00533_L858R;P00533_L861Q;P00533_WT;P04626_WT;P68370_WT;Q15303_WT,P00533_G719C;P00533_L861Q;P04626_WT,P00533_G719C,,,,inactive
Azathioprine,inactive,Cn1cnc([N+](=O)[O-])c1Sc1c2ncnc-2nc[nH]1,spectrum,Cn1cnc([N+](=O)[O-])c1Sc1ncnc2[nH]cnc12,"InChI=1S/C9H7N7O2S/c1-15-4-14-7(16(17)18)9(15)19-8-5-6(11-2-10-5)12-3-13-8/h2-4H,1H3,(H,10,11,12,13)",LMEKQMALGUDUQG-UHFFFAOYSA-N,LMEKQMALGUDUQG,Cn1cnc([N+](=O)[O-])c1Sc1ncnc2[nH]cnc12,,,,,,,,inactive
Trichlormethiazide,inactive,NS(=O)(=O)c1cc2c(cc1Cl)NC(C(Cl)Cl)NS2(=O)=O,spectrum,NS(=O)(=O)c1cc2c(cc1Cl)NC(C(Cl)Cl)NS2(=O)=O,"InChI=1S/C8H8Cl3N3O4S2/c9-3-1-4-6(2-5(3)19(12,15)16)20(17,18)14-8(13-4)7(10)11/h1-2,7-8,13-14H,(H2,12,15,16)",LMJSLTNSBFUCMU-UHFFFAOYSA-N,LMJSLTNSBFUCMU,NS(=O)(=O)c1cc2c(cc1Cl)NC(C(Cl)Cl)NS2(=O)=O,O43570_WT;P00915_WT;P00918_WT;P22748_WT;P35218_WT;P43166_WT;Q9D6N1_WT;Q9Y2D0_WT;Q16790_WT,O43570_WT;P00918_WT;P43166_WT;Q9Y2D0_WT;Q16790_WT,P00918_WT;P43166_WT;Q16790_WT,P43166_WT,P43166_WT,,,inactive
Metaproterenol,inactive,CC(C)NCC(O)c1cc(O)cc(O)c1,spectrum,CC(C)NCC(O)c1cc(O)cc(O)c1,"InChI=1S/C11H17NO3/c1-7(2)12-6-11(15)8-3-9(13)5-10(14)4-8/h3-5,7,11-15H,6H2,1-2H3",LMOINURANNBYCM-UHFFFAOYSA-N,LMOINURANNBYCM,CC(C)NCC(O)c1cc(O)cc(O)c1,,,,,,,,inactive
Haloperidol,inactive,O=C(CCCN1CCC(O)(c2ccc(Cl)cc2)CC1)c1ccc(F)cc1,spectrum,O=C(CCCN1CCC(O)(c2ccc(Cl)cc2)CC1)c1ccc(F)cc1,"InChI=1S/C21H23ClFNO2/c22-18-7-5-17(6-8-18)21(26)11-14-24(15-12-21)13-1-2-20(25)16-3-9-19(23)10-4-16/h3-10,26H,1-2,11-15H2",LNEPOXFFQSENCJ-UHFFFAOYSA-N,LNEPOXFFQSENCJ,O=C(CCCN1CCC(O)(c2ccc(Cl)cc2)CC1)c1ccc(F)cc1,P07305_WT;P10980_WT;P14416_WT;P14842_WT;P15823_WT;P18089_WT;P18825_WT;P18901_WT;P19020_WT;P21728_WT;P21917_WT;P21918_WT;P25100_WT;P28223_WT;P30729_WT;P31390_WT;P32305_WT;P34969_WT;P35348_WT;P35367_WT;P35462_WT;P43140_WT;P61169_WT;P62744_WT;Q5BJF2_WT;Q5U3Y7_WT;Q9R0C9_WT;Q12809_WT;Q15125_WT;Q62666_WT;Q99720_WT,P10980_WT;P14416_WT;P14842_WT;P15823_WT;P18901_WT;P19020_WT;P21728_WT;P21917_WT;P21918_WT;P25100_WT;P28223_WT;P30729_WT;P32305_WT;P35348_WT;P35462_WT;P43140_WT;P61169_WT;P62744_WT;Q5BJF2_WT;Q5U3Y7_WT;Q9R0C9_WT;Q12809_WT;Q15125_WT;Q99720_WT,P14416_WT;P14842_WT;P15823_WT;P19020_WT;P21728_WT;P21917_WT;P21918_WT;P25100_WT;P30729_WT;P35348_WT;P35462_WT;P43140_WT;P61169_WT;P62744_WT;Q5BJF2_WT;Q5U3Y7_WT;Q9R0C9_WT;Q12809_WT;Q99720_WT,P14416_WT;P15823_WT;P19020_WT;P21917_WT;P30729_WT;P35348_WT;P35462_WT;P43140_WT;P61169_WT;P62744_WT;Q9R0C9_WT;Q99720_WT,P14416_WT;P15823_WT;P19020_WT;P21917_WT;P35462_WT;P61169_WT;Q9R0C9_WT;Q99720_WT,P14416_WT;P61169_WT,,inactive
At9283,reducer,N(C(=O)NC1C(=NNC=1)C2NC3C(N=2)=CC(=CC=3)CN4CCOCC4)C5CC5,selleckchem,O=C(Nc1c[nH]nc1-c1nc2cc(CN3CCOCC3)ccc2[nH]1)NC1CC1,"InChI=1S/C19H23N7O2/c27-19(21-13-2-3-13)24-16-10-20-25-17(16)18-22-14-4-1-12(9-15(14)23-18)11-26-5-7-28-8-6-26/h1,4,9-10,13H,2-3,5-8,11H2,(H,20,25)(H,22,23)(H2,21,24,27)",LOLPPWBBNUVNQZ-UHFFFAOYSA-N,LOLPPWBBNUVNQZ,O=C(Nc1c[nH]nc1-c1nc2cc(CN3CCOCC3)ccc2[nH]1)NC1CC1,A7MCY6_WT;O00238_WT;O00311_WT;O00444_WT;O14757_WT;O14965_WT;O15197_WT;O43683_WT;O43741_WT;O60583_WT;O60674_WT;O75676_WT;O75822_WT;O94804_WT;O94806_WT;O95782_WT;O95819_WT;O95835_WT;O96013_WT;P00519_WT;P06239_WT;P06241_WT;P07947_WT;P07949_WT;P08581_WT;P08631_WT;P11274_WT;P11362_WT;P12931_WT;P16234_WT;P16591_WT;P17948_WT;P19784_WT;P21802_WT;P22607_WT;P22612_WT;P22694_WT;P23443_WT;P23458_WT;P24941_WT;P29597_WT;P35916_WT;P35968_WT;P36888_WT;P36894_WT;P36896_WT;P36897_WT;P37023_WT;P42680_WT;P43405_WT;P45983_WT;P45984_WT;P49840_WT;P49841_WT;P51812_WT;P52333_WT;P53779_WT;P54619_WT;P61962_WT;P63010_WT;P67870_WT;P98161_WT;Q2M2I8_WT;Q6JQN1_WT;Q6PHR2_WT;Q6ZSR9_WT;Q8IW41_WT;Q8WZ60_WT;Q9BZL6_WT;Q9H0K1_WT;Q9H2G2_WT;Q9H6S1_WT;Q9NQS7_WT;Q9NQU5_WT;Q9NSY1_WT;Q9UEE5_WT;Q9UGJ0_WT;Q9UHD2_WT;Q9UK32_WT;Q9UKE5_WT;Q9Y2U5_WT;Q9Y478_WT;Q32MK0_WT;Q86TW2_WT;Q96GD4_WT;Q00534_WT;Q00536_WT;Q04771_WT;Q06187_WT;Q12866_WT;Q13131_WT;Q13163_WT;Q13873_WT;Q13882_WT;Q14164_WT;Q15118_WT;Q15131_WT;Q15139_WT;Q15349_WT;Q15375_WT;Q15418_WT;Q16584_WT;Q92630_WT;Q92844_WT;Q92918_WT;Q99759_WT,O00238_WT;O00444_WT;O14757_WT;O14965_WT;O15197_WT;O43683_WT;O43741_WT;O60583_WT;O60674_WT;O75676_WT;O75822_WT;O94804_WT;O95782_WT;O95819_WT;O95835_WT;O96013_WT;P00519_WT;P07949_WT;P08581_WT;P11274_WT;P11362_WT;P16234_WT;P16591_WT;P17948_WT;P19784_WT;P21802_WT;P22607_WT;P22612_WT;P23443_WT;P29597_WT;P35916_WT;P35968_WT;P36888_WT;P36897_WT;P37023_WT;P42680_WT;P43405_WT;P45983_WT;P49840_WT;P49841_WT;P51812_WT;P52333_WT;P54619_WT;P63010_WT;P67870_WT;P98161_WT;Q2M2I8_WT;Q6JQN1_WT;Q6PHR2_WT;Q6ZSR9_WT;Q8WZ60_WT;Q9BZL6_WT;Q9H0K1_WT;Q9H6S1_WT;Q9NQS7_WT;Q9NQU5_WT;Q9NSY1_WT;Q9UEE5_WT;Q9UGJ0_WT;Q9UHD2_WT;Q9UK32_WT;Q9Y2U5_WT;Q9Y478_WT;Q32MK0_WT;Q96GD4_WT;Q00534_WT;Q00536_WT;Q04771_WT;Q12866_WT;Q13131_WT;Q13163_WT;Q13873_WT;Q13882_WT;Q14164_WT;Q15118_WT;Q15131_WT;Q15139_WT;Q15349_WT;Q15375_WT;Q16584_WT;Q92844_WT;Q92918_WT,O00238_WT;O00444_WT;O14757_WT;O14965_WT;O15197_WT;O43683_WT;O43741_WT;O60674_WT;O75676_WT;O75822_WT;O94804_WT;O95782_WT;O95835_WT;P07949_WT;P08581_WT;P11362_WT;P16234_WT;P17948_WT;P19784_WT;P21802_WT;P22607_WT;P22612_WT;P35916_WT;P35968_WT;P36888_WT;P36897_WT;P37023_WT;P49840_WT;P49841_WT;P52333_WT;P54619_WT;P63010_WT;P98161_WT;Q2M2I8_WT;Q6PHR2_WT;Q6ZSR9_WT;Q8WZ60_WT;Q9H0K1_WT;Q9H6S1_WT;Q9NQS7_WT;Q9NSY1_WT;Q9UEE5_WT;Q9UGJ0_WT;Q9UK32_WT;Q9Y478_WT;Q96GD4_WT;Q00536_WT;Q04771_WT;Q12866_WT;Q13131_WT;Q13163_WT;Q13873_WT;Q15118_WT;Q15131_WT;Q15139_WT;Q15349_WT;Q15375_WT;Q16584_WT,O00238_WT;O00444_WT;O14965_WT;O15197_WT;O43741_WT;O60674_WT;O95782_WT;P07949_WT;P08581_WT;P11362_WT;P16234_WT;P17948_WT;P21802_WT;P22607_WT;P22612_WT;P35916_WT;P35968_WT;P37023_WT;P49840_WT;P49841_WT;P52333_WT;P63010_WT;P98161_WT;Q2M2I8_WT;Q6ZSR9_WT;Q9H0K1_WT;Q9NQS7_WT;Q9UEE5_WT;Q9UK32_WT;Q96GD4_WT;Q12866_WT;Q15118_WT;Q15131_WT;Q15139_WT;Q15349_WT;Q15375_WT,O60674_WT;P08581_WT;P21802_WT;P22612_WT;P35916_WT;P49840_WT;P49841_WT;P52333_WT;Q12866_WT;Q15131_WT;Q15349_WT;Q15375_WT,O60674_WT;P21802_WT;P22612_WT;P35916_WT;P52333_WT;Q12866_WT;Q15349_WT,,reducer
Trimebutine maleate,inactive,CCC(COC(=O)c1cc(OC)c(OC)c(OC)c1)(c1ccccc1)N(C)C,spectrum,CCC(COC(=O)c1cc(OC)c(OC)c(OC)c1)(c1ccccc1)N(C)C,"InChI=1S/C22H29NO5/c1-7-22(23(2)3,17-11-9-8-10-12-17)15-28-21(24)16-13-18(25-4)20(27-6)19(14-16)26-5/h8-14H,7,15H2,1-6H3",LORDFXWUHHSAQU-UHFFFAOYSA-N,LORDFXWUHHSAQU,CCC(COC(=O)c1cc(OC)c(OC)c(OC)c1)(c1ccccc1)N(C)C,,,,,,,,inactive
Quinidine gluconate,inactive,C=C[C@H]1C[N@]2CC[C@H]1C[C@@H]2[C@@H](O)c1c2cc(OC)ccc2ncc1,spectrum,C=C[C@H]1C[N@]2CC[C@H]1C[C@@H]2[C@@H](O)c1ccnc2ccc(OC)cc12,"InChI=1S/C20H24N2O2/c1-3-13-12-22-9-7-14(13)10-19(22)20(23)16-6-8-21-18-5-4-15(24-2)11-17(16)18/h3-6,8,11,13-14,19-20,23H,1,7,9-10,12H2,2H3/t13-,14-,19+,20-/m0/s1",LOUPRKONTZGTKE-LHHVKLHASA-N,LOUPRKONTZGTKE,C=C[C@H]1C[N@]2CC[C@H]1C[C@@H]2[C@@H](O)c1ccnc2ccc(OC)cc12,O08966_WT;P03372_WT;P10634_WT;P10635_WT;P10828_WT;Q12809_WT,O08966_WT;P10635_WT;P10828_WT,P10635_WT;P10828_WT,,,,,inactive
Flufenamic acid,enhancer,O=C(O)c1c(Nc2cccc(C(F)(F)F)c2)cccc1,spectrum,O=C(O)c1ccccc1Nc1cccc(C(F)(F)F)c1,"InChI=1S/C14H10F3NO2/c15-14(16,17)9-4-3-5-10(8-9)18-12-7-2-1-6-11(12)13(19)20/h1-8,18H,(H,19,20)",LPEPZBJOKDYZAD-UHFFFAOYSA-N,LPEPZBJOKDYZAD,O=C(O)c1ccccc1Nc1cccc(C(F)(F)F)c1,P02766_WT;P42330_WT;Q6XQN6_WT,P02766_WT;Q6XQN6_WT,Q6XQN6_WT,Q6XQN6_WT,Q6XQN6_WT,Q6XQN6_WT,Q6XQN6_WT,enhancer
Ouabain,inactive,C[C@@H]1O[C@@H](O[C@H]2C[C@@H](O)[C@]3(CO)C4C(CC[C@]3(O)C2)[C@@]2(O)CC[C@H](C3=CC(=O)OC3)[C@@]2(C)C[C@H]4O)[C@H](O)[C@H](O)[C@H]1O,spectrum,C[C@@H]1O[C@@H](O[C@H]2C[C@@H](O)[C@]3(CO)C4C(CC[C@]3(O)C2)[C@@]2(O)CC[C@H](C3=CC(=O)OC3)[C@@]2(C)C[C@H]4O)[C@H](O)[C@H](O)[C@H]1O,"InChI=1S/C29H44O12/c1-13-22(34)23(35)24(36)25(40-13)41-15-8-19(32)28(12-30)21-17(3-5-27(28,37)9-15)29(38)6-4-16(14-7-20(33)39-11-14)26(29,2)10-18(21)31/h7,13,15-19,21-25,30-32,34-38H,3-6,8-12H2,1-2H3/t13-,15-,16+,17?,18+,19+,21?,22-,23+,24+,25-,26+,27-,28+,29-/m0/s1",LPMXVESGRSUGHW-XPXORLBYSA-N,LPMXVESGRSUGHW,C[C@@H]1O[C@@H](O[C@H]2C[C@@H](O)[C@]3(CO)C4C(CC[C@]3(O)C2)[C@@]2(O)CC[C@H](C3=CC(=O)OC3)[C@@]2(C)C[C@H]4O)[C@H](O)[C@H](O)[C@H]1O,O15118_WT;P10635_WT;P19838_WT;P51151_WT;Q13887_WT;Q16637_WT;Q16665_WT,O15118_WT;P10635_WT;P19838_WT;P51151_WT;Q13887_WT;Q16637_WT;Q16665_WT,P10635_WT;Q16665_WT,,,,,inactive
7.4'-dimethoxyisoflavone,inactive,COc1ccc(-c2coc3c(ccc(OC)c3)c2=O)cc1,spectrum,COc1ccc(-c2coc3cc(OC)ccc3c2=O)cc1,"InChI=1S/C17H14O4/c1-19-12-5-3-11(4-6-12)15-10-21-16-9-13(20-2)7-8-14(16)17(15)18/h3-10H,1-2H3",LPNBCGIVZXHHHO-UHFFFAOYSA-N,LPNBCGIVZXHHHO,COc1ccc(-c2coc3cc(OC)ccc3c2=O)cc1,,,,,,,,inactive
Chrysophanol,inactive,Cc1cc2c(C(=O)c3c(O)cccc3C2=O)c(O)c1,spectrum,Cc1cc(O)c2c(c1)C(=O)c1cccc(O)c1C2=O,"InChI=1S/C15H10O4/c1-7-5-9-13(11(17)6-7)15(19)12-8(14(9)18)3-2-4-10(12)16/h2-6,16-17H,1H3",LQGUBLBATBMXHT-UHFFFAOYSA-N,LQGUBLBATBMXHT,Cc1cc(O)c2c(c1)C(=O)c1cccc(O)c1C2=O,,,,,,,,inactive
Cloxacillin sodium,inactive,Cc1c(C(=O)N[C@@H]2C(=O)N3[C@@H](C(=O)O)C(C)(C)S[C@H]23)c(-c2c(Cl)cccc2)no1,spectrum,Cc1onc(-c2ccccc2Cl)c1C(=O)NC1C(=O)N2C(C(=O)O)C(C)(C)S[C@H]12,"InChI=1S/C19H18ClN3O5S/c1-8-11(12(22-28-8)9-6-4-5-7-10(9)20)15(24)21-13-16(25)23-14(18(26)27)19(2,3)29-17(13)23/h4-7,13-14,17H,1-3H3,(H,21,24)(H,26,27)/t13?,14?,17-/m1/s1",LQOLIRLGBULYKD-MQBCKMQZSA-N,LQOLIRLGBULYKD,Cc1onc(-c2ccccc2Cl)c1C(=O)NC1C(=O)N2C(C(=O)O)C(C)(C)S[C@H]12,Q92830_WT,Q92830_WT,,,,,,inactive
Cintriamide,inactive,COc1cc(/C=C/C(N)=O)cc(OC)c1OC,spectrum,COc1cc(/C=C/C(N)=O)cc(OC)c1OC,"InChI=1S/C12H15NO4/c1-15-9-6-8(4-5-11(13)14)7-10(16-2)12(9)17-3/h4-7H,1-3H3,(H2,13,14)/b5-4+",LRLKZVMLJBNNPE-SNAWJCMRSA-N,LRLKZVMLJBNNPE,COc1cc(/C=C/C(N)=O)cc(OC)c1OC,,,,,,,,inactive
Nvp-adw742,reducer,C12=C(N=CN=C1N)N(C=C2C3=CC(=CC=C3)OCC4=CC=CC=C4)[C@@H]5C[C@H](C5)CN6CCCC6,selleckchem,Nc1ncnc2c1c(-c1cccc(OCc3ccccc3)c1)cn2[C@H]1C[C@H](CN2CCCC2)C1,"InChI=1S/C28H31N5O/c29-27-26-25(22-9-6-10-24(15-22)34-18-20-7-2-1-3-8-20)17-33(28(26)31-19-30-27)23-13-21(14-23)16-32-11-4-5-12-32/h1-3,6-10,15,17,19,21,23H,4-5,11-14,16,18H2,(H2,29,30,31)/t21-,23-",LSFLAQVDISHMNB-AFARHQOCSA-N,LSFLAQVDISHMNB,Nc1ncnc2c1c(-c1cccc(OCc3ccccc3)c1)cn2[C@H]1C[C@H](CN2CCCC2)C1,P00519_WT;P06213_WT;P06239_WT;P06241_WT;P07948_WT;P08069_WT;P17948_WT;P23443_WT;P36888_WT;P51451_WT;Q05397_WT,P06213_WT;P06239_WT;P08069_WT;P23443_WT;P36888_WT;P51451_WT,P06213_WT;P36888_WT,P36888_WT,,,,reducer
Epicatechin monogallate,inactive,O=C(O[C@@H]1Cc2c(cc(O)cc2O)O[C@@H]1c1cc(O)c(O)cc1)c1cc(O)c(O)c(O)c1,spectrum,O=C(O[C@@H]1Cc2c(O)cc(O)cc2O[C@@H]1c1ccc(O)c(O)c1)c1cc(O)c(O)c(O)c1,"InChI=1S/C22H18O10/c23-11-6-14(25)12-8-19(32-22(30)10-4-16(27)20(29)17(28)5-10)21(31-18(12)7-11)9-1-2-13(24)15(26)3-9/h1-7,19,21,23-29H,8H2/t19-,21-/m1/s1",LSHVYAFMTMFKBA-TZIWHRDSSA-N,LSHVYAFMTMFKBA,O=C(O[C@@H]1Cc2c(O)cc(O)cc2O[C@@H]1c1ccc(O)c(O)c1)c1cc(O)c(O)c(O)c1,P10415_WT;P28074_WT;P52209_WT;Q9UBT6_WT;Q14576_WT,P10415_WT;P28074_WT;Q9UBT6_WT;Q14576_WT,,,,,,inactive
Fenoterol hydrobromide,inactive,CC(Cc1ccc(O)cc1)NCC(O)c1cc(O)cc(O)c1,spectrum,CC(Cc1ccc(O)cc1)NCC(O)c1cc(O)cc(O)c1,"InChI=1S/C17H21NO4/c1-11(6-12-2-4-14(19)5-3-12)18-10-17(22)13-7-15(20)9-16(21)8-13/h2-5,7-9,11,17-22H,6,10H2,1H3",LSLYOANBFKQKPT-UHFFFAOYSA-N,LSLYOANBFKQKPT,CC(Cc1ccc(O)cc1)NCC(O)c1cc(O)cc(O)c1,P07550_WT;P10608_WT;Q9GZV3_WT,P07550_WT;Q9GZV3_WT,Q9GZV3_WT,Q9GZV3_WT,Q9GZV3_WT,Q9GZV3_WT,Q9GZV3_WT,inactive
Ampiroxicam,inactive,CCOC(=O)OC(C)OC1=C(C(=O)Nc2ncccc2)N(C)S(=O)(=O)c2c1cccc2,spectrum,CCOC(=O)OC(C)OC1=C(C(=O)Nc2ccccn2)N(C)S(=O)(=O)c2ccccc21,"InChI=1S/C20H21N3O7S/c1-4-28-20(25)30-13(2)29-18-14-9-5-6-10-15(14)31(26,27)23(3)17(18)19(24)22-16-11-7-8-12-21-16/h5-13H,4H2,1-3H3,(H,21,22,24)",LSNWBKACGXCGAJ-UHFFFAOYSA-N,LSNWBKACGXCGAJ,CCOC(=O)OC(C)OC1=C(C(=O)Nc2ccccn2)N(C)S(=O)(=O)c2ccccc21,P03372_WT,P03372_WT,,,,,,inactive
PD153035 HCl,inactive,C1(=C(C=C2C(=C1)C(=NC=N2)NC3=CC(=CC=C3)Br)OC)OC.Cl,selleckchem,COc1cc2ncnc(Nc3cccc(Br)c3)c2cc1OC,"InChI=1S/C16H14BrN3O2/c1-21-14-7-12-13(8-15(14)22-2)18-9-19-16(12)20-11-5-3-4-10(17)6-11/h3-9H,1-2H3,(H,18,19,20)",LSPANGZZENHZNJ-UHFFFAOYSA-N,LSPANGZZENHZNJ,COc1cc2ncnc(Nc3cccc(Br)c3)c2cc1OC,O14976_WT;P00519_WT;P00533_WT;P04626_WT;P05177_WT;P11712_WT;P28482_WT;Q9BUB5_WT;Q15303_WT,O14976_WT;P00519_WT;P00533_WT;P04626_WT;P28482_WT;Q15303_WT,O14976_WT;P00519_WT;P00533_WT;Q15303_WT,P00519_WT,,,,inactive
Amoxicillin,inactive,CC1(C)S[C@@H]2[C@H](NC(=O)[C@H](N)c3ccc(O)cc3)C(=O)N2[C@H]1C(=O)O,spectrum,CC1(C)S[C@@H]2C(NC(=O)C(N)c3ccc(O)cc3)C(=O)N2C1C(=O)O,"InChI=1S/C16H19N3O5S/c1-16(2)11(15(23)24)19-13(22)10(14(19)25-16)18-12(21)9(17)7-3-5-8(20)6-4-7/h3-6,9-11,14,20H,17H2,1-2H3,(H,18,21)(H,23,24)/t9?,10?,11?,14-/m1/s1",LSQZJLSUYDQPKJ-FOQMGDCRSA-N,LSQZJLSUYDQPKJ,CC1(C)S[C@@H]2C(NC(=O)C(N)c3ccc(O)cc3)C(=O)N2C1C(=O)O,,,,,,,,inactive
Brivanib alaninate,inactive,C12=C(C(=C(C=C1)OC3=NC=NN4C3=C(C(=C4)OC[C@@H](C)OC([C@@H](N)C)=O)C)F)C=C(N2)C,selleckchem,Cc1cc2c(F)c(Oc3ncnn4cc(OC[C@@H](C)OC(=O)C(C)N)c(C)c34)ccc2[nH]1,"InChI=1S/C22H24FN5O4/c1-11-7-15-16(27-11)5-6-17(19(15)23)32-21-20-13(3)18(8-28(20)26-10-25-21)30-9-12(2)31-22(29)14(4)24/h5-8,10,12,14,27H,9,24H2,1-4H3/t12-,14?/m1/s1",LTEJRLHKIYCEOX-PUODRLBUSA-N,LTEJRLHKIYCEOX,Cc1cc2c(F)c(Oc3ncnn4cc(OC[C@@H](C)OC(=O)C(C)N)c(C)c34)ccc2[nH]1,P08684_WT;Q9H093_WT,Q9H093_WT,Q9H093_WT,Q9H093_WT,Q9H093_WT,Q9H093_WT,,inactive
Digoxin,inactive,C[C@H]1O[C@@H](O[C@H]2[C@@H](O)C[C@H](O[C@H]3[C@@H](O)C[C@H](O[C@H]4CC[C@]5(C)C6C[C@@H](O)[C@]7(C)[C@@H](C8=CC(=O)OC8)CC[C@]7(O)C6CC[C@@H]5C4)O[C@@H]3C)O[C@@H]2C)C[C@H](O)[C@@H]1O,spectrum,C[C@H]1O[C@@H](O[C@H]2[C@@H](O)C[C@H](O[C@H]3[C@@H](O)C[C@H](O[C@H]4CC[C@]5(C)C6C[C@@H](O)[C@]7(C)[C@@H](C8=CC(=O)OC8)CC[C@]7(O)C6CC[C@@H]5C4)O[C@@H]3C)O[C@@H]2C)C[C@H](O)[C@@H]1O,"InChI=1S/C41H64O14/c1-19-36(47)28(42)15-34(50-19)54-38-21(3)52-35(17-30(38)44)55-37-20(2)51-33(16-29(37)43)53-24-8-10-39(4)23(13-24)6-7-26-27(39)14-31(45)40(5)25(9-11-41(26,40)48)22-12-32(46)49-18-22/h12,19-21,23-31,33-38,42-45,47-48H,6-11,13-18H2,1-5H3/t19-,20-,21-,23-,24+,25-,26?,27?,28+,29+,30+,31-,33+,34+,35+,36-,37-,38-,39+,40+,41+/m1/s1",LTMHDMANZUZIPE-QVYPYPLASA-N,LTMHDMANZUZIPE,C[C@H]1O[C@@H](O[C@H]2[C@@H](O)C[C@H](O[C@H]3[C@@H](O)C[C@H](O[C@H]4CC[C@]5(C)C6C[C@@H](O)[C@]7(C)[C@@H](C8=CC(=O)OC8)CC[C@]7(O)C6CC[C@@H]5C4)O[C@@H]3C)O[C@@H]2C)C[C@H](O)[C@@H]1O,O15118_WT;O35913_WT;P05023_WT;P51151_WT;Q06710_WT;Q16665_WT,O15118_WT;O35913_WT;P05023_WT;P51151_WT;Q16665_WT,,,,,,inactive
Linagliptin,inactive,CC#CCn1c(N2CCC[C@@H](N)C2)nc2c1c(=O)n(Cc1nc(C)c3ccccc3n1)c(=O)n2C,spectrum,CC#CCn1c(N2CCC[C@@H](N)C2)nc2c1c(=O)n(Cc1nc(C)c3ccccc3n1)c(=O)n2C,"InChI=1S/C25H28N8O2/c1-4-5-13-32-21-22(29-24(32)31-12-8-9-17(26)14-31)30(3)25(35)33(23(21)34)15-20-27-16(2)18-10-6-7-11-19(18)28-20/h6-7,10-11,17H,8-9,12-15,26H2,1-3H3/t17-/m1/s1",LTXREWYXXSTFRX-QGZVFWFLSA-N,LTXREWYXXSTFRX,CC#CCn1c(N2CCC[C@@H](N)C2)nc2c1c(=O)n(Cc1nc(C)c3ccccc3n1)c(=O)n2C,P11229_WT;P27487_WT;P97321_WT;Q12884_WT,P11229_WT;P27487_WT;Q12884_WT,P27487_WT;Q12884_WT,P27487_WT,P27487_WT,P27487_WT,,inactive
Androsta-1.4-dien-3.17-dione,inactive,C[C@]12C=CC(=O)C=C1CCC1C2CC[C@]2(C)C(=O)CCC12,spectrum,C[C@]12C=CC(=O)C=C1CCC1C2CC[C@]2(C)C(=O)CCC12,"InChI=1S/C19H24O2/c1-18-9-7-13(20)11-12(18)3-4-14-15-5-6-17(21)19(15,2)10-8-16(14)18/h7,9,11,14-16H,3-6,8,10H2,1-2H3/t14?,15?,16?,18-,19-/m0/s1",LUJVUUWNAPIQQI-WFZCBACDSA-N,LUJVUUWNAPIQQI,C[C@]12C=CC(=O)C=C1CCC1C2CC[C@]2(C)C(=O)CCC12,P11511_WT,P11511_WT,,,,,,inactive
Bms-599626,inactive,C1(CN[C@@H](CO1)COC(NC2=CN3C(=C2C)C(=NC=N3)NC4=CC5=C(C=C4)N(N=C5)CC6=CC(=CC=C6)F)=O).Cl,selleckchem,Cc1c(NC(=O)OC[C@@H]2COCCN2)cn2ncnc(Nc3ccc4c(cnn4Cc4cccc(F)c4)c3)c12,"InChI=1S/C27H27FN8O3/c1-17-23(34-27(37)39-15-22-14-38-8-7-29-22)13-36-25(17)26(30-16-32-36)33-21-5-6-24-19(10-21)11-31-35(24)12-18-3-2-4-20(28)9-18/h2-6,9-11,13,16,22,29H,7-8,12,14-15H2,1H3,(H,34,37)(H,30,32,33)/t22-/m0/s1",LUJZZYWHBDHDQX-QFIPXVFZSA-N,LUJZZYWHBDHDQX,Cc1c(NC(=O)OC[C@@H]2COCCN2)cn2ncnc(Nc3ccc4c(cnn4Cc4cccc(F)c4)c3)c12,P00533_WT;P04626_WT;Q15303_WT,P00533_WT;P04626_WT;Q15303_WT,P00533_WT;P04626_WT,P00533_WT;P04626_WT,,,,inactive
Resveratrol,inactive,Oc1ccc(/C=C/c2cc(O)cc(O)c2)cc1,spectrum,Oc1ccc(C=Cc2cc(O)cc(O)c2)cc1,"InChI=1S/C14H12O3/c15-12-5-3-10(4-6-12)1-2-11-7-13(16)9-14(17)8-11/h1-9,15-17H",LUKBXSAWLPMMSZ-UHFFFAOYSA-N,LUKBXSAWLPMMSZ,Oc1ccc(C=Cc2cc(O)cc(O)c2)cc1,O43570_WT;O75762_WT;P02766_WT;P03372_WT;P16083_WT;P27487_WT;P42336_WT;P42338_WT;Q9NUW8_WT;Q9ULX7_WT,P03372_WT;P27487_WT;P42336_WT;Q9NUW8_WT,P03372_WT;P27487_WT;Q9NUW8_WT,P27487_WT,P27487_WT,P27487_WT,P27487_WT,inactive
Dihydroergotamine mesylate,inactive,CN1C[C@H](C(=O)N[C@]2(C)O[C@@]3(O)[C@@H]4CCCN4C(=O)[C@H](Cc4ccccc4)N3C2=O)C[C@@H]2c3c4c(c[nH]c4ccc3)C[C@H]21,spectrum,CN1CC(C(=O)N[C@]2(C)O[C@@]3(O)[C@@H]4CCCN4C(=O)C(Cc4ccccc4)N3C2=O)C[C@@H]2c3cccc4[nH]cc(c34)C[C@H]21,"InChI=1S/C33H37N5O5/c1-32(35-29(39)21-15-23-22-10-6-11-24-28(22)20(17-34-24)16-25(23)36(2)18-21)31(41)38-26(14-19-8-4-3-5-9-19)30(40)37-13-7-12-27(37)33(38,42)43-32/h3-6,8-11,17,21,23,25-27,34,42H,7,12-16,18H2,1-2H3,(H,35,39)/t21?,23-,25-,26?,27+,32-,33+/m1/s1",LUZRJRNZXALNLM-IPNFMWJESA-N,LUZRJRNZXALNLM,CN1CC(C(=O)N[C@]2(C)O[C@@]3(O)[C@@H]4CCCN4C(=O)C(Cc4ccccc4)N3C2=O)C[C@@H]2c3cccc4[nH]cc(c34)C[C@H]21,P08913_WT;P14416_WT;P15823_WT;P18089_WT;P18825_WT;P19327_WT;P25100_WT;P28223_WT;P28335_WT;P28564_WT;P35363_WT;P35462_WT;P41595_WT;P43140_WT;P50406_WT,P08913_WT;P14416_WT;P15823_WT;P18089_WT;P18825_WT;P19327_WT;P25100_WT;P28223_WT;P28335_WT;P28564_WT;P35462_WT;P41595_WT;P43140_WT;P50406_WT,P08913_WT;P14416_WT;P15823_WT;P18089_WT;P18825_WT;P19327_WT;P25100_WT;P28223_WT;P28335_WT;P28564_WT;P35462_WT;P41595_WT;P43140_WT;P50406_WT,P08913_WT;P14416_WT;P15823_WT;P18089_WT;P18825_WT;P19327_WT;P25100_WT;P28223_WT;P28564_WT;P35462_WT;P41595_WT;P43140_WT;P50406_WT,P08913_WT;P14416_WT;P15823_WT;P18089_WT;P18825_WT;P19327_WT;P28223_WT;P28564_WT;P35462_WT;P41595_WT;P43140_WT;P50406_WT,P08913_WT;P18089_WT;P19327_WT;P28564_WT;P35462_WT;P50406_WT,P08913_WT;P19327_WT;P28564_WT,inactive
Dipyrone,inactive,Cc1c(N(C)CS(=O)(=O)O)c(=O)n(-c2ccccc2)n1C,spectrum,Cc1c(N(C)CS(=O)(=O)O)c(=O)n(-c2ccccc2)n1C,"InChI=1S/C13H17N3O4S/c1-10-12(14(2)9-21(18,19)20)13(17)16(15(10)3)11-7-5-4-6-8-11/h4-8H,9H2,1-3H3,(H,18,19,20)",LVWZTYCIRDMTEY-UHFFFAOYSA-N,LVWZTYCIRDMTEY,Cc1c(N(C)CS(=O)(=O)O)c(=O)n(-c2ccccc2)n1C,,,,,,,,inactive
Dacomitinib,antineoplastic,C(/C=C/C(NC1=C(C=C2C(=C1)C(=NC=N2)NC3=CC(=C(C=C3)F)Cl)OC)=O)N4CCCCC4,selleckchem,COc1cc2ncnc(Nc3ccc(F)c(Cl)c3)c2cc1NC(=O)/C=C/CN1CCCCC1,"InChI=1S/C24H25ClFN5O2/c1-33-22-14-20-17(24(28-15-27-20)29-16-7-8-19(26)18(25)12-16)13-21(22)30-23(32)6-5-11-31-9-3-2-4-10-31/h5-8,12-15H,2-4,9-11H2,1H3,(H,30,32)(H,27,28,29)/b6-5+",LVXJQMNHJWSHET-AATRIKPKSA-N,LVXJQMNHJWSHET,COc1cc2ncnc(Nc3ccc(F)c(Cl)c3)c2cc1NC(=O)/C=C/CN1CCCCC1,O14976_WT;O43353_WT;P00533_WT;P04626_WT;P07947_WT;P12931_WT;Q15303_WT,O14976_WT;P00533_WT;P04626_WT;P07947_WT;P12931_WT;Q15303_WT,P00533_WT;P04626_WT;Q15303_WT,P00533_WT,P00533_WT,,,antineoplastic
Carteolol hydrochloride,inactive,CC(C)(C)NCC(O)COc1cccc2c1CCC(=O)N2,spectrum,CC(C)(C)NCC(O)COc1cccc2c1CCC(=O)N2,"InChI=1S/C16H24N2O3/c1-16(2,3)17-9-11(19)10-21-14-6-4-5-13-12(14)7-8-15(20)18-13/h4-6,11,17,19H,7-10H2,1-3H3,(H,18,20)",LWAFSWPYPHEXKX-UHFFFAOYSA-N,LWAFSWPYPHEXKX,CC(C)(C)NCC(O)COc1cccc2c1CCC(=O)N2,P08588_WT;P51450_WT,P08588_WT,P08588_WT,P08588_WT,P08588_WT,P08588_WT,,inactive
Gardenin b,inactive,COc1ccc(-c2cc(=O)c3c(O)c(OC)c(OC)c(OC)c3o2)cc1,spectrum,COc1ccc(-c2cc(=O)c3c(O)c(OC)c(OC)c(OC)c3o2)cc1,"InChI=1S/C19H18O7/c1-22-11-7-5-10(6-8-11)13-9-12(20)14-15(21)17(23-2)19(25-4)18(24-3)16(14)26-13/h5-9,21H,1-4H3",LXEVSYZNYDZSOB-UHFFFAOYSA-N,LXEVSYZNYDZSOB,COc1ccc(-c2cc(=O)c3c(O)c(OC)c(OC)c(OC)c3o2)cc1,P00352_WT,P00352_WT,,,,,,inactive
Galangin 3-o-methyl ether,inactive,COc1c(-c2ccccc2)oc2cc(O)cc(O)c2c1=O,spectrum,COc1c(-c2ccccc2)oc2cc(O)cc(O)c2c1=O,"InChI=1S/C16H12O5/c1-20-16-14(19)13-11(18)7-10(17)8-12(13)21-15(16)9-5-3-2-4-6-9/h2-8,17-18H,1H3",LYISDADPVOHJBJ-UHFFFAOYSA-N,LYISDADPVOHJBJ,COc1c(-c2ccccc2)oc2cc(O)cc(O)c2c1=O,,,,,,,,inactive
Levonorgestrel,inactive,C#C[C@]1(O)CCC2C3CCC4=CC(=O)CC[C@@H]4C3CC[C@@]21CC,spectrum,C#C[C@]1(O)CCC2C3CC=C4CC(=O)CCC4C3CC[C@@]21CC,"InChI=1S/C21H28O2/c1-3-20-11-9-17-16-8-6-15(22)13-14(16)5-7-18(17)19(20)10-12-21(20,23)4-2/h2,5,16-19,23H,3,6-13H2,1H3/t16?,17?,18?,19?,20-,21-/m0/s1",LYRBZVWRTAFWPO-AYSFWYFTSA-N,LYRBZVWRTAFWPO,C#C[C@]1(O)CCC2C3CC=C4CC(=O)CCC4C3CC[C@@]21CC,P03372_WT;P04150_WT;P04278_WT;P10275_WT;Q9UNA4_WT,P03372_WT;P04150_WT;P04278_WT;P10275_WT,P04278_WT;P10275_WT,P04278_WT;P10275_WT,P04278_WT;P10275_WT,P04278_WT,,inactive
Adapalene,inactive,COc1ccc(-c2ccc3cc(C(=O)O)ccc3c2)cc1C12CC3CC(CC(C3)C1)C2,spectrum,COc1ccc(-c2ccc3cc(C(=O)O)ccc3c2)cc1C12CC3CC(CC(C3)C1)C2,"InChI=1S/C28H28O3/c1-31-26-7-6-23(21-2-3-22-12-24(27(29)30)5-4-20(22)11-21)13-25(26)28-14-17-8-18(15-28)10-19(9-17)16-28/h2-7,11-13,17-19H,8-10,14-16H2,1H3,(H,29,30)",LZCDAPDGXCYOEH-UHFFFAOYSA-N,LZCDAPDGXCYOEH,COc1ccc(-c2ccc3cc(C(=O)O)ccc3c2)cc1C12CC3CC(CC(C3)C1)C2,P03372_WT;P10276_WT;P10826_WT;P13631_WT,P10276_WT;P10826_WT;P13631_WT,P10276_WT;P10826_WT;P13631_WT,P10276_WT;P10826_WT;P13631_WT,P10826_WT,,,inactive
Methscopolamine bromide,inactive,C[N+]1(C)C2CC(OC(=O)[C@@H](CO)c3ccccc3)CC1C1OC12,spectrum,C[N+]1(C)C2CC(OC(=O)C(CO)c3ccccc3)CC1C1OC12,"InChI=1S/C18H24NO4/c1-19(2)14-8-12(9-15(19)17-16(14)23-17)22-18(21)13(10-20)11-6-4-3-5-7-11/h3-7,12-17,20H,8-10H2,1-2H3/q+1",LZCOQTDXKCNBEE-UHFFFAOYSA-N,LZCOQTDXKCNBEE,C[N+]1(C)C2CC(OC(=O)C(CO)c3ccccc3)CC1C1OC12,O94925_WT;P08172_WT;P08173_WT;P08482_WT;P08483_WT;P08912_WT;P10980_WT;P11229_WT;P20309_WT;P83916_WT;Q61143_WT,P08172_WT;P08173_WT;P08482_WT;P08483_WT;P08912_WT;P10980_WT;P11229_WT;P20309_WT;P83916_WT;Q61143_WT,P08172_WT;P08173_WT;P08482_WT;P08483_WT;P08912_WT;P10980_WT;P11229_WT;P20309_WT;P83916_WT;Q61143_WT,P08172_WT;P08173_WT;P08482_WT;P08483_WT;P08912_WT;P10980_WT;P11229_WT;P20309_WT;P83916_WT;Q61143_WT,P08172_WT;P08173_WT;P08483_WT;P08912_WT;P10980_WT;P11229_WT;P20309_WT;P83916_WT,P08172_WT;P08173_WT;P08483_WT;P08912_WT;P10980_WT;P11229_WT;P20309_WT,P08172_WT;P08173_WT;P08483_WT;P08912_WT;P10980_WT;P11229_WT;P20309_WT,inactive
Enalaprilat,inactive,C[C@H](N[C@@H](CCc1ccccc1)C(=O)O)C(=O)N1CCC[C@H]1C(=O)O,spectrum,CC(NC(CCc1ccccc1)C(=O)O)C(=O)N1CCCC1C(=O)O,"InChI=1S/C18H24N2O5/c1-12(16(21)20-11-5-8-15(20)18(24)25)19-14(17(22)23)10-9-13-6-3-2-4-7-13/h2-4,6-7,12,14-15,19H,5,8-11H2,1H3,(H,22,23)(H,24,25)",LZFZMUMEGBBDTC-UHFFFAOYSA-N,LZFZMUMEGBBDTC,CC(NC(CCc1ccccc1)C(=O)O)C(=O)N1CCCC1C(=O)O,P00797_WT;P09470_WT;P12821_WT;P47820_WT;Q5EGZ1_WT,P00797_WT;P09470_WT;P12821_WT;P47820_WT;Q5EGZ1_WT,P00797_WT;P09470_WT;P12821_WT;P47820_WT;Q5EGZ1_WT,P00797_WT;P09470_WT;P12821_WT;P47820_WT;Q5EGZ1_WT,P00797_WT;P12821_WT;P47820_WT;Q5EGZ1_WT,P00797_WT;P12821_WT;Q5EGZ1_WT,Q5EGZ1_WT,inactive
Boldine,inactive,COc1c(O)cc2CC3c4c(-c2c1)c(OC)c(O)cc4CCN3C,spectrum,COc1cc2c(cc1O)CC1c3c(cc(O)c(OC)c3-2)CCN1C,"InChI=1S/C19H21NO4/c1-20-5-4-10-7-15(22)19(24-3)18-12-9-16(23-2)14(21)8-11(12)6-13(20)17(10)18/h7-9,13,21-22H,4-6H2,1-3H3",LZJRNLRASBVRRX-UHFFFAOYSA-N,LZJRNLRASBVRRX,COc1cc2c(cc1O)CC1c3c(cc(O)c(OC)c3-2)CCN1C,P15823_WT;P18901_WT;P43140_WT;P61169_WT,P43140_WT,P43140_WT,P43140_WT,P43140_WT,,,inactive
At7867,inactive,C1(=CC=C(C=C1)C2(C3=CC=C(C=C3)C4=CNN=C4)CCNCC2)Cl,selleckchem,Clc1ccc(C2(c3ccc(-c4cn[nH]c4)cc3)CCNCC2)cc1,"InChI=1S/C20H20ClN3/c21-19-7-5-18(6-8-19)20(9-11-22-12-10-20)17-3-1-15(2-4-17)16-13-23-24-14-16/h1-8,13-14,22H,9-12H2,(H,23,24)",LZMOSYUFVYJEPY-UHFFFAOYSA-N,LZMOSYUFVYJEPY,Clc1ccc(C2(c3ccc(-c4cn[nH]c4)cc3)CCNCC2)cc1,,,,,,,,inactive
Bumetanide,inactive,CCCCNc1cc(C(=O)O)cc(S(N)(=O)=O)c1Oc1ccccc1,spectrum,CCCCNc1cc(C(=O)O)cc(S(N)(=O)=O)c1Oc1ccccc1,"InChI=1S/C17H20N2O5S/c1-2-3-9-19-14-10-12(17(20)21)11-15(25(18,22)23)16(14)24-13-7-5-4-6-8-13/h4-8,10-11,19H,2-3,9H2,1H3,(H,20,21)(H2,18,22,23)",MAEIEVLCKWDQJH-UHFFFAOYSA-N,MAEIEVLCKWDQJH,CCCCNc1cc(C(=O)O)cc(S(N)(=O)=O)c1Oc1ccccc1,P04150_WT,P04150_WT,,,,,,inactive
Benzonatate,inactive,CCCCNc1ccc(C(=O)OCCOCCOCCOCCOCCOCCOCCOCCOCCOC)cc1,spectrum,CCCCNc1ccc(C(=O)OCCOCCOCCOCCOCCOCCOCCOCCOCCOC)cc1,"InChI=1S/C30H53NO11/c1-3-4-9-31-29-7-5-28(6-8-29)30(32)42-27-26-41-25-24-40-23-22-39-21-20-38-19-18-37-17-16-36-15-14-35-13-12-34-11-10-33-2/h5-8,31H,3-4,9-27H2,1-2H3",MAFMQEKGGFWBAB-UHFFFAOYSA-N,MAFMQEKGGFWBAB,CCCCNc1ccc(C(=O)OCCOCCOCCOCCOCCOCCOCCOCCOCCOC)cc1,,,,,,,,inactive
Azelastine hydrochloride,inactive,CN1CCCC(n2nc(Cc3ccc(Cl)cc3)c3c(cccc3)c2=O)CC1,spectrum,CN1CCCC(n2nc(Cc3ccc(Cl)cc3)c3ccccc3c2=O)CC1,"InChI=1S/C22H24ClN3O/c1-25-13-4-5-18(12-14-25)26-22(27)20-7-3-2-6-19(20)21(24-26)15-16-8-10-17(23)11-9-16/h2-3,6-11,18H,4-5,12-15H2,1H3",MBUVEWMHONZEQD-UHFFFAOYSA-N,MBUVEWMHONZEQD,CN1CCCC(n2nc(Cc3ccc(Cl)cc3)c3ccccc3c2=O)CC1,P28335_WT;P35348_WT;P35367_WT;P35368_WT;P41595_WT;P43140_WT;Q9Y5N1_WT;Q12809_WT,P35348_WT;P35367_WT;P35368_WT;P41595_WT;P43140_WT;Q9Y5N1_WT;Q12809_WT,P35348_WT;P35367_WT;P35368_WT;P41595_WT;P43140_WT,P35367_WT;P41595_WT,P35367_WT,P35367_WT,,inactive
Abacavir sulfate,inactive,Nc1nc(NC2CC2)c2ncn(C3C=C[C@@H](CO)C3)c2n1,spectrum,Nc1nc(NC2CC2)c2ncn(C3C=C[C@@H](CO)C3)c2n1,"InChI=1S/C14H18N6O/c15-14-18-12(17-9-2-3-9)11-13(19-14)20(7-16-11)10-4-1-8(5-10)6-21/h1,4,7-10,21H,2-3,5-6H2,(H3,15,17,18,19)/t8-,10?/m1/s1",MCGSCOLBFJQGHM-HNHGDDPOSA-N,MCGSCOLBFJQGHM,Nc1nc(NC2CC2)c2ncn(C3C=C[C@@H](CO)C3)c2n1,,,,,,,,inactive
Methyl 7-desoxypurpurogallin-7-carboxylate trimethyl ether,inactive,COC(=O)c1cc2c(c(OC)c(OC)cc2)c(=O)c(OC)c1,spectrum,COC(=O)c1cc(OC)c(=O)c2c(OC)c(OC)ccc2c1,"InChI=1S/C16H16O6/c1-19-11-6-5-9-7-10(16(18)22-4)8-12(20-2)14(17)13(9)15(11)21-3/h5-8H,1-4H3",MCWFXQXXVFZOIE-UHFFFAOYSA-N,MCWFXQXXVFZOIE,COC(=O)c1cc(OC)c(=O)c2c(OC)c(OC)ccc2c1,,,,,,,,inactive
Penfluridol,inactive,OC1(c2ccc(Cl)c(C(F)(F)F)c2)CCN(CCCC(c2ccc(F)cc2)c2ccc(F)cc2)CC1,spectrum,OC1(c2ccc(Cl)c(C(F)(F)F)c2)CCN(CCCC(c2ccc(F)cc2)c2ccc(F)cc2)CC1,"InChI=1S/C28H27ClF5NO/c29-26-12-7-21(18-25(26)28(32,33)34)27(36)13-16-35(17-14-27)15-1-2-24(19-3-8-22(30)9-4-19)20-5-10-23(31)11-6-20/h3-12,18,24,36H,1-2,13-17H2",MDLAAYDRRZXJIF-UHFFFAOYSA-N,MDLAAYDRRZXJIF,OC1(c2ccc(Cl)c(C(F)(F)F)c2)CCN(CCCC(c2ccc(F)cc2)c2ccc(F)cc2)CC1,P08908_WT;P13945_WT;P14416_WT;P18089_WT;P18825_WT;P21728_WT;P21918_WT;P23975_WT;P25100_WT;P28223_WT;P28335_WT;P34969_WT;P35372_WT;P35462_WT;P41595_WT,P14416_WT;P21728_WT;P21918_WT;P34969_WT;P35462_WT;P41595_WT,,,,,,inactive
Dichlorophen,inactive,Oc1c(Cc2c(O)ccc(Cl)c2)cc(Cl)cc1,spectrum,Oc1ccc(Cl)cc1Cc1cc(Cl)ccc1O,"InChI=1S/C13H10Cl2O2/c14-10-1-3-12(16)8(6-10)5-9-7-11(15)2-4-13(9)17/h1-4,6-7,16-17H,5H2",MDNWOSOZYLHTCG-UHFFFAOYSA-N,MDNWOSOZYLHTCG,Oc1ccc(Cl)cc1Cc1cc(Cl)ccc1O,,,,,,,,inactive
Chir-98014,inactive,C1=C(C=C(C(=C1)C2=NC(=NC=C2N3C=CN=C3)NCCNC4=CC=C(C(=N4)N)[N+](=O)[O-])Cl)Cl,selleckchem,Nc1nc(NCCNc2ncc(-n3ccnc3)c(-c3ccc(Cl)cc3Cl)n2)ccc1[N+](=O)[O-],"InChI=1S/C20H17Cl2N9O2/c21-12-1-2-13(14(22)9-12)18-16(30-8-7-24-11-30)10-27-20(29-18)26-6-5-25-17-4-3-15(31(32)33)19(23)28-17/h1-4,7-11H,5-6H2,(H3,23,25,28)(H,26,27,29)",MDZCSIDIPDZWKL-UHFFFAOYSA-N,MDZCSIDIPDZWKL,Nc1nc(NCCNc2ncc(-n3ccnc3)c(-c3ccc(Cl)cc3Cl)n2)ccc1[N+](=O)[O-],P49840_WT;P49841_WT,P49840_WT;P49841_WT,P49840_WT;P49841_WT,P49840_WT;P49841_WT,P49840_WT;P49841_WT,P49841_WT,P49841_WT,inactive
Ergocalciferol,inactive,C=C1CC[C@H](O)C/C1=C/C=C1\CCC[C@]2(C)C([C@H](C)/C=C/[C@H](C)C(C)C)CC[C@@H]12,spectrum,C=C1CC[C@H](O)C/C1=C/C=C1\CCC[C@]2(C)C([C@H](C)/C=C/[C@H](C)C(C)C)CC[C@@H]12,"InChI=1S/C28H44O/c1-19(2)20(3)9-10-22(5)26-15-16-27-23(8-7-17-28(26,27)6)12-13-24-18-25(29)14-11-21(24)4/h9-10,12-13,19-20,22,25-27,29H,4,7-8,11,14-18H2,1-3,5-6H3/b10-9+,23-12+,24-13-/t20-,22+,25-,26?,27-,28+/m0/s1",MECHNRXZTMCUDQ-CIFSABHRSA-N,MECHNRXZTMCUDQ,C=C1CC[C@H](O)C/C1=C/C=C1\CCC[C@]2(C)C([C@H](C)/C=C/[C@H](C)C(C)C)CC[C@@H]12,P10275_WT,P10275_WT,P10275_WT,P10275_WT,P10275_WT,P10275_WT,,inactive
Atenolol,inactive,CC(C)NCC(O)COc1ccc(CC(N)=O)cc1,spectrum,CC(C)NCC(O)COc1ccc(CC(N)=O)cc1,"InChI=1S/C14H22N2O3/c1-10(2)16-8-12(17)9-19-13-5-3-11(4-6-13)7-14(15)18/h3-6,10,12,16-17H,7-9H2,1-2H3,(H2,15,18)",METKIMKYRPQLGS-UHFFFAOYSA-N,METKIMKYRPQLGS,CC(C)NCC(O)COc1ccc(CC(N)=O)cc1,P0DMS8_WT;P08588_WT;Q9NUW8_WT,P0DMS8_WT;Q9NUW8_WT,P0DMS8_WT;Q9NUW8_WT,P0DMS8_WT,P0DMS8_WT,P0DMS8_WT,,inactive
Drospirenone,inactive,C[C@]12CCC3C(C1[C@@H]1C[C@@H]1[C@@]21CCC(=O)O1)[C@H]1C[C@H]1C1=CC(=O)CC[C@@]13C,spectrum,C[C@]12CCC(=O)C=C1C1C[C@@H]1C1C2CC[C@@]2(C)C1[C@@H]1C[C@@H]1[C@@]21CCC(=O)O1,"InChI=1S/C24H30O3/c1-22-6-3-12(25)9-17(22)13-10-14(13)20-16(22)4-7-23(2)21(20)15-11-18(15)24(23)8-5-19(26)27-24/h9,13-16,18,20-21H,3-8,10-11H2,1-2H3/t13?,14-,15+,16?,18-,20?,21?,22+,23-,24-/m0/s1",METQSPRSQINEEU-OIRDFSHLSA-N,METQSPRSQINEEU,C[C@]12CCC(=O)C=C1C1C[C@@H]1C1C2CC[C@@]2(C)C1[C@@H]1C[C@@H]1[C@@]21CCC(=O)O1,P06401_WT;P08235_WT;P10275_WT,P06401_WT;P08235_WT,P06401_WT;P08235_WT,P08235_WT,P08235_WT,,,inactive
Dioxybenzone,inactive,COc1cc(O)c(C(=O)c2c(O)cccc2)cc1,spectrum,COc1ccc(C(=O)c2ccccc2O)c(O)c1,"InChI=1S/C14H12O4/c1-18-9-6-7-11(13(16)8-9)14(17)10-4-2-3-5-12(10)15/h2-8,15-16H,1H3",MEZZCSHVIGVWFI-UHFFFAOYSA-N,MEZZCSHVIGVWFI,COc1ccc(C(=O)c2ccccc2O)c(O)c1,P05177_WT;P33261_WT,P05177_WT,P05177_WT,,,,,inactive
Pp242,reducer,N1=CN=C2C(=C1N)C(=NN2C(C)C)C3NC4=C(C=3)C=C(C=C4)O,selleckchem,CC(C)n1nc(-c2cc3cc(O)ccc3[nH]2)c2c(N)ncnc21,"InChI=1S/C16H16N6O/c1-8(2)22-16-13(15(17)18-7-19-16)14(21-22)12-6-9-5-10(23)3-4-11(9)20-12/h3-8,20,23H,1-2H3,(H2,17,18,19)",MFAQYJIYDMLAIM-UHFFFAOYSA-N,MFAQYJIYDMLAIM,CC(C)n1nc(-c2cc3cc(O)ccc3[nH]2)c2c(N)ncnc21,O00238_WT;O00329_WT;O00443_WT;O00444_WT;O00750_WT;O14976_WT;O43293_WT;O43353_WT;O60331_WT;O60674_WT;O75676_WT;O75747_WT;O94804_WT;P00519_E255K;P00519_F317L;P00519_H396P;P00519_M351T;P00519_Q252H;P00519_T315I;P00519_WT;P00519_Y253F;P00533_A750P;P00533_L858R_T790M;P03372_WT;P06239_WT;P06241_WT;P07947_WT;P07948_WT;P07949_M918T;P07949_V804L;P07949_V804M;P07949_WT;P08631_WT;P09619_WT;P09769_WT;P10721_D816V;P10721_L576P;P10721_V559D;P10721_WT;P11362_WT;P11511_WT;P12931_WT;P15056_WT;P15735_WT;P16234_WT;P18113_WT;P19784_WT;P21709_WT;P21802_WT;P21860_WT;P22607_G697C;P22607_WT;P23458_WT;P24723_WT;P27037_WT;P29317_WT;P29320_WT;P29322_WT;P29323_WT;P29597_WT;P33981_WT;P35557_WT;P35916_WT;P36507_WT;P36888_D835H;P36888_D835Y;P36894_WT;P36896_WT;P36897_WT;P37023_WT;P37173_WT;P42336_C420R;P42336_E542K;P42336_E545A;P42336_E545K;P42336_H1047L;P42336_H1047Y;P42336_I800L;P42336_M1043I;P42336_Q546K;P42336_WT;P42338_WT;P42345_WT;P42681_WT;P42685_WT;P45985_WT;P46734_WT;P48729_WT;P48730_WT;P48736_WT;P49674_WT;P49759_WT;P51451_WT;P51812_WT;P51813_WT;P52333_WT;P53355_WT;P54764_WT;P57059_WT;P57078_WT;P78527_WT;Q5S007_WT;Q6XUX3_WT;Q7L7X3_WT;Q8IWQ3_WT;Q8N4C8_WT;Q8NEV4_WT;Q8TBX8_WT;Q8TDC3_WT;Q8TDR2_WT;Q8WU08_WT;Q9C098_WT;Q9H0K1_WT;Q9H2G2_WT;Q9H2K8_WT;Q9H2X6_WT;Q9H422_WT;Q9HAZ1_WT;Q9HBH9_WT;Q9NUW8_WT;Q9P1W9_WT;Q9P286_WT;Q9UBE8_WT;Q9UBF8_WT;Q9UF33_WT;Q9UIK4_WT;Q9UK32_WT;Q9UKE5_WT;Q9UL54_WT;Q9Y2U5_WT;Q32MK0_WT;Q56UN5_WT;Q59H18_WT;Q86Z02_WT;Q02156_WT;Q02750_WT;Q04771_WT;Q08345_WT;Q09013_WT;Q12851_WT;Q13163_WT;Q13237_WT;Q13705_WT;Q13873_WT;Q14680_WT;Q15569_WT;Q15746_WT;Q15835_WT;Q92630_WT;Q99759_WT,O00238_WT;O00329_WT;O00444_WT;O00750_WT;O43293_WT;O43353_WT;O60331_WT;O60674_WT;O75676_WT;O75747_WT;O94804_WT;P00519_E255K;P00519_F317L;P00519_H396P;P00519_M351T;P00519_Q252H;P00519_WT;P03372_WT;P06239_WT;P06241_WT;P07947_WT;P07949_M918T;P07949_WT;P08631_WT;P09619_WT;P09769_WT;P10721_D816V;P10721_L576P;P10721_V559D;P12931_WT;P16234_WT;P18113_WT;P21709_WT;P21802_WT;P21860_WT;P23458_WT;P27037_WT;P29322_WT;P35557_WT;P35916_WT;P36507_WT;P36894_WT;P36896_WT;P36897_WT;P37023_WT;P37173_WT;P42336_C420R;P42336_E542K;P42336_E545A;P42336_E545K;P42336_I800L;P42336_Q546K;P42336_WT;P42345_WT;P46734_WT;P48736_WT;P49674_WT;P51451_WT;P51812_WT;P52333_WT;P53355_WT;P57078_WT;P78527_WT;Q7L7X3_WT;Q8IWQ3_WT;Q8N4C8_WT;Q8TDC3_WT;Q9H2G2_WT;Q9H422_WT;Q9NUW8_WT;Q9P1W9_WT;Q9UF33_WT;Q9UIK4_WT;Q9UKE5_WT;Q56UN5_WT;Q86Z02_WT;Q02156_WT;Q02750_WT;Q04771_WT;Q09013_WT;Q12851_WT;Q13163_WT;Q13705_WT;Q13873_WT;Q14680_WT;Q15569_WT;Q92630_WT,O00238_WT;O00329_WT;O00444_WT;O43293_WT;O43353_WT;O60331_WT;O60674_WT;O94804_WT;P00519_E255K;P00519_H396P;P00519_M351T;P07949_M918T;P07949_WT;P09619_WT;P18113_WT;P21709_WT;P27037_WT;P36894_WT;P36896_WT;P37023_WT;P42345_WT;P46734_WT;P49674_WT;P52333_WT;P53355_WT;P78527_WT;Q8IWQ3_WT;Q8TDC3_WT;Q9H2G2_WT;Q9NUW8_WT;Q9UIK4_WT;Q56UN5_WT;Q02156_WT;Q02750_WT;Q04771_WT;Q13163_WT;Q13705_WT;Q13873_WT;Q92630_WT,O00238_WT;O60331_WT;O60674_WT;P07949_M918T;P07949_WT;P27037_WT;P37023_WT;P42345_WT;P49674_WT;Q8TDC3_WT;Q56UN5_WT;Q02156_WT;Q04771_WT;Q13163_WT;Q13705_WT,O00238_WT;P07949_M918T;P37023_WT;P42345_WT;Q56UN5_WT;Q02156_WT;Q04771_WT;Q13163_WT;Q13705_WT,O00238_WT;P37023_WT;P42345_WT,,reducer
Procaine hydrochloride,inactive,CCN(CC)CCOC(=O)c1ccc(N)cc1,spectrum,CCN(CC)CCOC(=O)c1ccc(N)cc1,"InChI=1S/C13H20N2O2/c1-3-15(4-2)9-10-17-13(16)11-5-7-12(14)8-6-11/h5-8H,3-4,9-10,14H2,1-2H3",MFDFERRIHVXMIY-UHFFFAOYSA-N,MFDFERRIHVXMIY,CCN(CC)CCOC(=O)c1ccc(N)cc1,,,,,,,,inactive
Sitagliptin monophosphate monohydrate,inactive,N[C@@H](CC(=O)N1CCn2c(nnc2C(F)(F)F)C1)Cc1cc(F)c(F)cc1F,spectrum,N[C@@H](CC(=O)N1CCn2c(nnc2C(F)(F)F)C1)Cc1cc(F)c(F)cc1F,"InChI=1S/C16H15F6N5O/c17-10-6-12(19)11(18)4-8(10)3-9(23)5-14(28)26-1-2-27-13(7-26)24-25-15(27)16(20,21)22/h4,6,9H,1-3,5,7,23H2/t9-/m1/s1",MFFMDFFZMYYVKS-SECBINFHSA-N,MFFMDFFZMYYVKS,N[C@@H](CC(=O)N1CCn2c(nnc2C(F)(F)F)C1)Cc1cc(F)c(F)cc1F,P14740_WT;P27487_WT;P28843_WT,P14740_WT;P27487_WT;P28843_WT,P14740_WT;P27487_WT;P28843_WT,P14740_WT;P27487_WT,,,,inactive
Granisetron hydrochloride,inactive,CN1C2CCCC1CC(NC(=O)c1nn(C)c3c1cccc3)C2,spectrum,CN1C2CCCC1CC(NC(=O)c1nn(C)c3ccccc13)C2,"InChI=1S/C18H24N4O/c1-21-13-6-5-7-14(21)11-12(10-13)19-18(23)17-15-8-3-4-9-16(15)22(2)20-17/h3-4,8-9,12-14H,5-7,10-11H2,1-2H3,(H,19,23)",MFWNKCLOYSRHCJ-UHFFFAOYSA-N,MFWNKCLOYSRHCJ,CN1C2CCCC1CC(NC(=O)c1nn(C)c3ccccc13)C2,O95264_WT;P46098_WT,O95264_WT;P46098_WT,O95264_WT;P46098_WT,O95264_WT;P46098_WT,O95264_WT;P46098_WT,O95264_WT;P46098_WT,O95264_WT;P46098_WT,inactive
Cortisone,inactive,C[C@]12CC(=O)C3C(CCC4=CC(=O)CC[C@@]43C)C1CC[C@]2(O)C(=O)CO,spectrum,C[C@]12CCC(=O)C=C1CCC1C2C(=O)C[C@@]2(C)C1CC[C@]2(O)C(=O)CO,"InChI=1S/C21H28O5/c1-19-7-5-13(23)9-12(19)3-4-14-15-6-8-21(26,17(25)11-22)20(15,2)10-16(24)18(14)19/h9,14-15,18,22,26H,3-8,10-11H2,1-2H3/t14?,15?,18?,19-,20-,21-/m0/s1",MFYSYFVPBJMHGN-BDQMTFAOSA-N,MFYSYFVPBJMHGN,C[C@]12CCC(=O)C=C1CCC1C2C(=O)C[C@@]2(C)C1CC[C@]2(O)C(=O)CO,P04278_WT;P08185_WT,P08185_WT,,,,,,inactive
Hycanthone,inactive,CCN(CC)CCNc1ccc(CO)c2c1c(=O)c1c(cccc1)s2,spectrum,CCN(CC)CCNc1ccc(CO)c2sc3ccccc3c(=O)c12,"InChI=1S/C20H24N2O2S/c1-3-22(4-2)12-11-21-16-10-9-14(13-23)20-18(16)19(24)15-7-5-6-8-17(15)25-20/h5-10,21,23H,3-4,11-13H2,1-2H3",MFZWMTSUNYWVBU-UHFFFAOYSA-N,MFZWMTSUNYWVBU,CCN(CC)CCNc1ccc(CO)c2sc3ccccc3c(=O)c12,P03372_WT;P05177_WT;P27695_WT;P35869_WT;Q9NUW8_WT,P05177_WT;P27695_WT,P27695_WT,,,,,inactive
Violastyrene,inactive,COc1cc(C/C=C/c2ccccc2)c(OC)cc1O,spectrum,COc1cc(C/C=C/c2ccccc2)c(OC)cc1O,"InChI=1S/C17H18O3/c1-19-16-12-15(18)17(20-2)11-14(16)10-6-9-13-7-4-3-5-8-13/h3-9,11-12,18H,10H2,1-2H3/b9-6+",MGFYJNMOZGSGMU-RMKNXTFCSA-N,MGFYJNMOZGSGMU,COc1cc(C/C=C/c2ccccc2)c(OC)cc1O,,,,,,,,inactive
Nalidixic acid,inactive,CCn1cc(C(=O)O)c(=O)c2ccc(C)nc21,spectrum,CCn1cc(C(=O)O)c(=O)c2ccc(C)nc21,"InChI=1S/C12H12N2O3/c1-3-14-6-9(12(16)17)10(15)8-5-4-7(2)13-11(8)14/h4-6H,3H2,1-2H3,(H,16,17)",MHWLWQUZZRMNGJ-UHFFFAOYSA-N,MHWLWQUZZRMNGJ,CCn1cc(C(=O)O)c(=O)c2ccc(C)nc21,P03372_WT,P03372_WT,,,,,,inactive
Diffractaic acid,inactive,COc1c(C)c(OC)c(C(=O)Oc2cc(C)c(C(=O)O)c(O)c2C)c(C)c1,spectrum,COc1cc(C)c(C(=O)Oc2cc(C)c(C(=O)O)c(O)c2C)c(OC)c1C,"InChI=1S/C20H22O7/c1-9-8-14(11(3)17(21)15(9)19(22)23)27-20(24)16-10(2)7-13(25-5)12(4)18(16)26-6/h7-8,21H,1-6H3,(H,22,23)",MIJKZXWOOXIEEU-UHFFFAOYSA-N,MIJKZXWOOXIEEU,COc1cc(C)c(C(=O)Oc2cc(C)c(C(=O)O)c(O)c2C)c(OC)c1C,P55789_WT,,,,,,,inactive
Oleanoic acid,inactive,CC1(C)CC[C@]2(C(=O)O)CC[C@]3(C)C(=CCC4[C@@]5(C)CC[C@@H](O)C(C)(C)C5CC[C@]43C)C2C1,spectrum,CC1(C)CC[C@]2(C(=O)O)CC[C@]3(C)C(=CCC4[C@@]5(C)CC[C@@H](O)C(C)(C)C5CC[C@]43C)C2C1,"InChI=1S/C30H48O3/c1-25(2)14-16-30(24(32)33)17-15-28(6)19(20(30)18-25)8-9-22-27(5)12-11-23(31)26(3,4)21(27)10-13-29(22,28)7/h8,20-23,31H,9-18H2,1-7H3,(H,32,33)/t20?,21?,22?,23-,27+,28-,29-,30+/m1/s1",MIJYXULNPSFWEK-LGSDIRQTSA-N,MIJYXULNPSFWEK,CC1(C)CC[C@]2(C(=O)O)CC[C@]3(C)C(=CCC4[C@@]5(C)CC[C@@H](O)C(C)(C)C5CC[C@]43C)C2C1,O60218_WT;P13726_WT;P23141_WT;P30305_WT,P13726_WT;P23141_WT,P13726_WT,P13726_WT,P13726_WT,,,inactive
Harpagoside,inactive,O=C(/C=C/c1ccccc1)O[C@H]1C[C@@H](O)[C@]2(O)C=CO[C@@H](O[C@@H]3O[C@H](CO)[C@@H](O)[C@H](O)[C@H]3O)[C@H]12,spectrum,O=C(/C=C/c1ccccc1)O[C@H]1C[C@@H](O)[C@]2(O)C=CO[C@@H](O[C@@H]3O[C@H](CO)[C@@H](O)[C@H](O)[C@H]3O)[C@H]12,"InChI=1S/C23H28O11/c24-11-14-18(27)19(28)20(29)22(33-14)34-21-17-13(10-15(25)23(17,30)8-9-31-21)32-16(26)7-6-12-4-2-1-3-5-12/h1-9,13-15,17-22,24-25,27-30H,10-11H2/b7-6+/t13-,14+,15+,17-,18+,19-,20+,21-,22-,23+/m0/s1",MIJZLCBQIPIUJI-PCPISVKQSA-N,MIJZLCBQIPIUJI,O=C(/C=C/c1ccccc1)O[C@H]1C[C@@H](O)[C@]2(O)C=CO[C@@H](O[C@@H]3O[C@H](CO)[C@@H](O)[C@H](O)[C@H]3O)[C@H]12,,,,,,,,inactive
Mupirocin,inactive,C/C(=C\C(=O)OCCCCCCCCC(=O)O)C[C@@H]1OC[C@H](C[C@@H]2O[C@H]2[C@@H](C)[C@H](C)O)[C@@H](O)[C@H]1O,spectrum,C/C(=C\C(=O)OCCCCCCCCC(=O)O)C[C@@H]1OC[C@H](C[C@@H]2O[C@H]2[C@@H](C)[C@H](C)O)[C@@H](O)[C@H]1O,"InChI=1S/C26H44O9/c1-16(13-23(30)33-11-9-7-5-4-6-8-10-22(28)29)12-20-25(32)24(31)19(15-34-20)14-21-26(35-21)17(2)18(3)27/h13,17-21,24-27,31-32H,4-12,14-15H2,1-3H3,(H,28,29)/b16-13+/t17-,18-,19-,20-,21-,24+,25-,26-/m0/s1",MINDHVHHQZYEEK-HBBNESRFSA-N,MINDHVHHQZYEEK,C/C(=C\C(=O)OCCCCCCCCC(=O)O)C[C@@H]1OC[C@H](C[C@@H]2O[C@H]2[C@@H](C)[C@H](C)O)[C@@H](O)[C@H]1O,P41252_WT,P41252_WT,P41252_WT,P41252_WT,P41252_WT,P41252_WT,P41252_WT,inactive
Mexeneone,inactive,COc1cc(O)c(C(=O)c2ccc(C)cc2)cc1,spectrum,COc1ccc(C(=O)c2ccc(C)cc2)c(O)c1,"InChI=1S/C15H14O3/c1-10-3-5-11(6-4-10)15(17)13-8-7-12(18-2)9-14(13)16/h3-9,16H,1-2H3",MJVGBKJNTFCUJM-UHFFFAOYSA-N,MJVGBKJNTFCUJM,COc1ccc(C(=O)c2ccc(C)cc2)c(O)c1,P11511_WT,,,,,,,inactive
Acyclovir,inactive,Nc1nc2c(ncn2COCCO)c(=O)[nH]1,spectrum,Nc1nc(=O)c2ncn(COCCO)c2[nH]1,"InChI=1S/C8H11N5O3/c9-8-11-6-5(7(15)12-8)10-3-13(6)4-16-2-1-14/h3,14H,1-2,4H2,(H3,9,11,12,15)",MKUXAQIIEYXACX-UHFFFAOYSA-N,MKUXAQIIEYXACX,Nc1nc(=O)c2ncn(COCCO)c2[nH]1,P46063_WT;Q9NUW8_WT,Q9NUW8_WT,,,,,,inactive
Flutamide,inactive,CC(C)C(=O)Nc1cc(C(F)(F)F)c([N+](=O)[O-])cc1,spectrum,CC(C)C(=O)Nc1ccc([N+](=O)[O-])c(C(F)(F)F)c1,"InChI=1S/C11H11F3N2O3/c1-6(2)10(17)15-7-3-4-9(16(18)19)8(5-7)11(12,13)14/h3-6H,1-2H3,(H,15,17)",MKXKFYHWDHIYRV-UHFFFAOYSA-N,MKXKFYHWDHIYRV,CC(C)C(=O)Nc1ccc([N+](=O)[O-])c(C(F)(F)F)c1,P05177_WT,,,,,,,inactive
Dextromethorphan hydrobromide,inactive,COc1cc2c(cc1)C[C@H]1[C@H]3CCCC[C@@]23CCN1C,spectrum,COc1ccc2c(c1)[C@]13CCCC[C@@H]1[C@H](C2)N(C)CC3,"InChI=1S/C18H25NO/c1-19-10-9-18-8-4-3-5-15(18)17(19)11-13-6-7-14(20-2)12-16(13)18/h6-7,12,15,17H,3-5,8-11H2,1-2H3/t15-,17+,18+/m1/s1",MKXZASYAUGDDCJ-NJAFHUGGSA-N,MKXZASYAUGDDCJ,COc1ccc2c(c1)[C@]13CCCC[C@@H]1[C@H](C2)N(C)CC3,P31645_WT;Q99720_WT,P31645_WT,P31645_WT,P31645_WT,P31645_WT,P31645_WT,,inactive
Sorafenib,reducer,C1(=CC=C(C=C1C(F)(F)F)NC(NC2=CC=C(C=C2)OC3=CC=NC(=C3)C(NC)=O)=O)Cl.C4=CC(=CC=C4S(O)(=O)=O)C,selleckchem,CNC(=O)c1cc(Oc2ccc(NC(=O)Nc3ccc(Cl)c(C(F)(F)F)c3)cc2)ccn1,"InChI=1S/C21H16ClF3N4O3/c1-26-19(30)18-11-15(8-9-27-18)32-14-5-2-12(3-6-14)28-20(31)29-13-4-7-17(22)16(10-13)21(23,24)25/h2-11H,1H3,(H,26,30)(H2,28,29,31)",MLDQJTXFUGDVEO-UHFFFAOYSA-N,MLDQJTXFUGDVEO,CNC(=O)c1cc(Oc2ccc(NC(=O)Nc3ccc(Cl)c(C(F)(F)F)c3)cc2)ccn1,O15146_WT;O15197_WT;O43318_WT;O94804_WT;P00519_F317L;P00519_M351T;P00519_Q252H;P00519_T315I;P00519_WT;P00519_Y253F;P00520_WT;P04049_WT;P04049_Y340D_Y341D_V492E;P07333_WT;P07949_M918T;P07949_V804L;P07949_V804M;P07949_WT;P09619_WT;P10398_WT;P10721_A829P;P10721_D816H;P10721_D816V;P10721_L576P;P10721_V559D;P10721_V559D_T670I;P10721_V559D_V654A;P10721_WT;P15056_V600E;P15056_WT;P16234_WT;P17948_WT;P23443_WT;P28028_WT;P28335_WT;P34913_WT;P35590_WT;P35916_WT;P35918_WT;P35968_WT;P36888_D835H;P36888_D835Y;P36888_K663Q;P36888_N841I;P36888_R834Q;P36888_WT;P41595_WT;P42685_WT;P48729_WT;P49336_WT;P50613_WT;Q8IVW4_WT;Q8NE63_WT;Q8TD08_WT;Q9BUB5_WT;Q9BWU1_WT;Q9H2X6_WT;Q9H422_WT;Q9HBH9_WT;Q9NYL2_WT;Q9UBE8_WT;Q9UF33_WT;Q9UL54_WT;Q9UQB9_WT;Q56UN5_WT;Q59H18_WT;Q96GD4_WT;Q00534_WT;Q08345_WT;Q13163_WT;Q15759_WT;Q16288_WT;Q16539_WT;Q16832_WT;Q92772_WT,O15146_WT;O15197_WT;O94804_WT;P00519_M351T;P00519_T315I;P00520_WT;P04049_WT;P07333_WT;P07949_M918T;P07949_V804L;P07949_V804M;P07949_WT;P09619_WT;P10398_WT;P10721_A829P;P10721_D816V;P10721_L576P;P10721_V559D;P10721_V559D_T670I;P10721_V559D_V654A;P10721_WT;P15056_V600E;P15056_WT;P16234_WT;P17948_WT;P28028_WT;P34913_WT;P35590_WT;P35916_WT;P35918_WT;P35968_WT;P36888_D835H;P36888_D835Y;P36888_K663Q;P36888_N841I;P36888_R834Q;P36888_WT;P41595_WT;P49336_WT;P50613_WT;Q8NE63_WT;Q8TD08_WT;Q9BUB5_WT;Q9BWU1_WT;Q9HBH9_WT;Q9NYL2_WT;Q56UN5_WT;Q59H18_WT;Q96GD4_WT;Q00534_WT;Q08345_WT;Q13163_WT;Q15759_WT;Q16539_WT;Q16832_WT;Q92772_WT,P04049_WT;P07333_WT;P07949_M918T;P07949_V804L;P07949_V804M;P07949_WT;P09619_WT;P10398_WT;P10721_A829P;P10721_L576P;P10721_V559D;P10721_V559D_T670I;P10721_WT;P15056_WT;P16234_WT;P17948_WT;P34913_WT;P35590_WT;P35916_WT;P35918_WT;P35968_WT;P36888_D835H;P36888_D835Y;P36888_K663Q;P36888_N841I;P36888_R834Q;P36888_WT;P41595_WT;Q8NE63_WT;Q8TD08_WT;Q9NYL2_WT;Q56UN5_WT;Q08345_WT;Q16832_WT,P07333_WT;P07949_M918T;P07949_V804M;P07949_WT;P10398_WT;P10721_A829P;P10721_L576P;P10721_V559D;P10721_V559D_T670I;P17948_WT;P34913_WT;P35918_WT;P35968_WT;P36888_D835H;P36888_K663Q;P36888_N841I;P36888_R834Q;Q8NE63_WT;Q9NYL2_WT;Q08345_WT;Q16832_WT,P07949_M918T;P10398_WT;P36888_K663Q;Q8NE63_WT;Q9NYL2_WT;Q08345_WT;Q16832_WT,Q08345_WT,,reducer
Sb590885,inactive,N1C(=C(NC=1C2=CC=C(C=C2)OCCN(C)C)C3=CC=C4C(=C3)CCC/4=N/O)C5=CC=NC=C5,selleckchem,CN(C)CCOc1ccc(-c2nc(-c3ccc4c(c3)CCC4=NO)c(-c3ccncc3)[nH]2)cc1,"InChI=1S/C27H27N5O2/c1-32(2)15-16-34-22-7-3-19(4-8-22)27-29-25(18-11-13-28-14-12-18)26(30-27)21-5-9-23-20(17-21)6-10-24(23)31-33/h3-5,7-9,11-14,17,33H,6,10,15-16H2,1-2H3,(H,29,30)",MLSAQOINCGAULQ-UHFFFAOYSA-N,MLSAQOINCGAULQ,CN(C)CCOc1ccc(-c2nc(-c3ccc4c(c3)CCC4=NO)c(-c3ccncc3)[nH]2)cc1,O94804_WT;P04049_WT;P15056_WT,P15056_WT,P15056_WT,P15056_WT,,,,inactive
Cefazolin sodium,inactive,Cc1nnc(SCC2=C(C(=O)O)N3C(=O)[C@@H](NC(=O)Cn4cnnn4)[C@H]3SC2)s1,spectrum,Cc1nnc(SCC2=C(C(=O)O)N3C(=O)C(NC(=O)Cn4cnnn4)[C@H]3SC2)s1,"InChI=1S/C14H14N8O4S3/c1-6-17-18-14(29-6)28-4-7-3-27-12-9(11(24)22(12)10(7)13(25)26)16-8(23)2-21-5-15-19-20-21/h5,9,12H,2-4H2,1H3,(H,16,23)(H,25,26)/t9?,12-/m1/s1",MLYYVTUWGNIJIB-FFFFSGIJSA-N,MLYYVTUWGNIJIB,Cc1nnc(SCC2=C(C(=O)O)N3C(=O)C(NC(=O)Cn4cnnn4)[C@H]3SC2)s1,Q4U2R8_WT;Q8TCC7_WT,Q4U2R8_WT,,,,,,inactive
Aceclofenac,inactive,O=C(O)COC(=O)Cc1c(Nc2c(Cl)cccc2Cl)cccc1,spectrum,O=C(O)COC(=O)Cc1ccccc1Nc1c(Cl)cccc1Cl,"InChI=1S/C16H13Cl2NO4/c17-11-5-3-6-12(18)16(11)19-13-7-2-1-4-10(13)8-15(22)23-9-14(20)21/h1-7,19H,8-9H2,(H,20,21)",MNIPYSSQXLZQLJ-UHFFFAOYSA-N,MNIPYSSQXLZQLJ,O=C(O)COC(=O)Cc1ccccc1Nc1c(Cl)cccc1Cl,,,,,,,,inactive
N-acetylmuramic acid,inactive,CC(=O)N[C@H]1[C@H](O)O[C@H](CO)[C@@H](O)[C@@H]1OC(C)C(=O)O,spectrum,CC(=O)N[C@@H]1[C@@H](OC(C)C(=O)O)[C@H](O)[C@@H](CO)O[C@H]1O,"InChI=1S/C11H19NO8/c1-4(10(16)17)19-9-7(12-5(2)14)11(18)20-6(3-13)8(9)15/h4,6-9,11,13,15,18H,3H2,1-2H3,(H,12,14)(H,16,17)/t4?,6-,7-,8-,9-,11-/m1/s1",MNLRQHMNZILYPY-QZNGJICXSA-N,MNLRQHMNZILYPY,CC(=O)N[C@@H]1[C@@H](OC(C)C(=O)O)[C@H](O)[C@@H](CO)O[C@H]1O,,,,,,,,inactive
Progesterone,inactive,CC(=O)[C@H]1CCC2C3CCC4=CC(=O)CC[C@]4(C)C3CC[C@@]21C,spectrum,CC(=O)C1CCC2C3CC=C4CC(=O)CC[C@]4(C)C3CC[C@]12C,"InChI=1S/C21H30O2/c1-13(22)17-6-7-18-16-5-4-14-12-15(23)8-10-20(14,2)19(16)9-11-21(17,18)3/h4,16-19H,5-12H2,1-3H3/t16?,17?,18?,19?,20-,21+/m0/s1",MNRHZPCIEGLWGK-KKINBUFLSA-N,MNRHZPCIEGLWGK,CC(=O)C1CCC2C3CC=C4CC(=O)CC[C@]4(C)C3CC[C@]12C,P10275_WT;P11511_WT;P19091_WT;Q9R0C9_WT,P10275_WT;P11511_WT;P19091_WT;Q9R0C9_WT,P10275_WT;P19091_WT,P10275_WT,P10275_WT,,,inactive
Piroxicam,inactive,CN1C(C(=O)Nc2ncccc2)=C(O)c2c(cccc2)S1(=O)=O,spectrum,CN1C(C(=O)Nc2ccccn2)C(=O)c2ccccc2S1(=O)=O,"InChI=1S/C15H13N3O4S/c1-18-13(15(20)17-12-8-4-5-9-16-12)14(19)10-6-2-3-7-11(10)23(18,21)22/h2-9,13H,1H3,(H,16,17,20)",MNSCVRXKDINXEY-UHFFFAOYSA-N,MNSCVRXKDINXEY,CN1C(C(=O)Nc2ccccn2)C(=O)c2ccccc2S1(=O)=O,,,,,,,,inactive
Chir-124,reducer,C1(C(=C(C2=C(N1)C=CC(=C2)Cl)N[C@H]3C4CCN(C3)CC4)C5=NC6=C(N5)C=CC=C6)=O,selleckchem,O=c1[nH]c2ccc(Cl)cc2c(N[C@@H]2CN3CCC2CC3)c1-c1nc2ccccc2[nH]1,"InChI=1S/C23H22ClN5O/c24-14-5-6-16-15(11-14)21(25-19-12-29-9-7-13(19)8-10-29)20(23(30)28-16)22-26-17-3-1-2-4-18(17)27-22/h1-6,11,13,19H,7-10,12H2,(H,26,27)(H2,25,28,30)/t19-/m1/s1",MOVBBVMDHIRCTG-LJQANCHMSA-N,MOVBBVMDHIRCTG,O=c1[nH]c2ccc(Cl)cc2c(N[C@@H]2CN3CCC2CC3)c1-c1nc2ccccc2[nH]1,O14757_WT,O14757_WT,O14757_WT,O14757_WT,O14757_WT,O14757_WT,O14757_WT,reducer
Isosorbide dinitrate,inactive,O=[N+]([O-])O[C@H]1CO[C@H]2[C@@H]1OC[C@H]2O[N+](=O)[O-],spectrum,O=[N+]([O-])O[C@H]1CO[C@H]2[C@@H]1OC[C@H]2O[N+](=O)[O-],"InChI=1S/C6H8N2O8/c9-7(10)15-3-1-13-6-4(16-8(11)12)2-14-5(3)6/h3-6H,1-2H2/t3-,4+,5-,6-/m1/s1",MOYKHGMNXAOIAT-JGWLITMVSA-N,MOYKHGMNXAOIAT,O=[N+]([O-])O[C@H]1CO[C@H]2[C@@H]1OC[C@H]2O[N+](=O)[O-],,,,,,,,inactive
Ibandronate sodium,inactive,CCCCCN(C)CCC(O)(P(=O)(O)O)P(=O)(O)O,spectrum,CCCCCN(C)CCC(O)(P(=O)(O)O)P(=O)(O)O,"InChI=1S/C9H23NO7P2/c1-3-4-5-7-10(2)8-6-9(11,18(12,13)14)19(15,16)17/h11H,3-8H2,1-2H3,(H2,12,13,14)(H2,15,16,17)",MPBVHIBUJCELCL-UHFFFAOYSA-N,MPBVHIBUJCELCL,CCCCCN(C)CCC(O)(P(=O)(O)O)P(=O)(O)O,P14324_WT;Q02769_WT,P14324_WT,P14324_WT,,,,,inactive
18alpha-GLYCYRRHETINIC ACID,inactive,CC1(C)C2CC[C@]3(C)C(C(=O)C=C4[C@H]5C[C@@](C)(C(=O)O)CC[C@]5(C)CC[C@]43C)[C@@]2(C)CC[C@@H]1O,spectrum,CC1(C)C2CC[C@]3(C)C(C(=O)C=C4C5C[C@@](C)(C(=O)O)CC[C@]5(C)CC[C@]43C)[C@@]2(C)CC[C@@H]1O,"InChI=1S/C30H46O4/c1-25(2)21-8-11-30(7)23(28(21,5)10-9-22(25)32)20(31)16-18-19-17-27(4,24(33)34)13-12-26(19,3)14-15-29(18,30)6/h16,19,21-23,32H,8-15,17H2,1-7H3,(H,33,34)/t19?,21?,22-,23?,26+,27-,28-,29+,30+/m0/s1",MPDGHEJMBKOTSU-WFJWTYAKSA-N,MPDGHEJMBKOTSU,CC1(C)C2CC[C@]3(C)C(C(=O)C=C4C5C[C@@](C)(C(=O)O)CC[C@]5(C)CC[C@]43C)[C@@]2(C)CC[C@@H]1O,P16232_WT;P24723_WT;P28845_WT;P50172_WT;P50233_WT;P80365_WT;Q9CPU0_WT;Q9NPD5_WT;Q9Y6L6_WT,P16232_WT;P24723_WT;P28845_WT;P50172_WT;P80365_WT;Q9CPU0_WT,P16232_WT;P28845_WT;P50172_WT;P80365_WT,P28845_WT;P50172_WT;P80365_WT,P50172_WT;P80365_WT,P80365_WT,,inactive
Tilorone,inactive,CCN(CC)CCOc1cc2c(cc1)-c1ccc(OCCN(CC)CC)cc1C2=O,spectrum,CCN(CC)CCOc1ccc2c(c1)C(=O)c1cc(OCCN(CC)CC)ccc1-2,"InChI=1S/C25H34N2O3/c1-5-26(6-2)13-15-29-19-9-11-21-22-12-10-20(30-16-14-27(7-3)8-4)18-24(22)25(28)23(21)17-19/h9-12,17-18H,5-8,13-16H2,1-4H3",MPMFCABZENCRHV-UHFFFAOYSA-N,MPMFCABZENCRHV,CCN(CC)CCOc1ccc2c(c1)C(=O)c1cc(OCCN(CC)CC)ccc1-2,Q05941_WT,Q05941_WT,Q05941_WT,,,,,inactive
Capobenic acid,inactive,COc1c(OC)c(OC)cc(C(=O)NCCCCCC(=O)O)c1,spectrum,COc1cc(C(=O)NCCCCCC(=O)O)cc(OC)c1OC,"InChI=1S/C16H23NO6/c1-21-12-9-11(10-13(22-2)15(12)23-3)16(20)17-8-6-4-5-7-14(18)19/h9-10H,4-8H2,1-3H3,(H,17,20)(H,18,19)",MPTXLVRHYGBOQY-UHFFFAOYSA-N,MPTXLVRHYGBOQY,COc1cc(C(=O)NCCCCCC(=O)O)cc(OC)c1OC,P28482_WT,P28482_WT,P28482_WT,,,,,inactive
Linifanib,inactive,C12=CC=CC(=C1C(=NN2)N)C3=CC=C(C=C3)NC(=O)NC4=C(C=CC(=C4)C)F,selleckchem,Cc1ccc(F)c(NC(=O)Nc2ccc(-c3cccc4[nH]nc(N)c34)cc2)c1,"InChI=1S/C21H18FN5O/c1-12-5-10-16(22)18(11-12)25-21(28)24-14-8-6-13(7-9-14)15-3-2-4-17-19(15)20(23)27-26-17/h2-11H,1H3,(H3,23,26,27)(H2,24,25,28)",MPVGZUGXCQEXTM-UHFFFAOYSA-N,MPVGZUGXCQEXTM,Cc1ccc(F)c(NC(=O)Nc2ccc(-c3cccc4[nH]nc(N)c34)cc2)c1,O00238_WT;O15146_WT;O15197_WT;O75116_WT;O94804_WT;P07333_WT;P07949_M918T;P07949_V804L;P07949_V804M;P07949_WT;P08581_M1250T;P09619_WT;P10721_A829P;P10721_D816V;P10721_L576P;P10721_V559D;P10721_V559D_T670I;P10721_V559D_V654A;P10721_WT;P16234_WT;P17948_WT;P23443_WT;P29376_WT;P30085_WT;P30530_WT;P35590_WT;P35916_WT;P35968_WT;P36888_D835H;P36888_D835Y;P36888_K663Q;P36888_N841I;P36888_R834Q;P36888_WT;P42685_WT;P45984_WT;P49336_WT;P78362_WT;Q7L7X3_WT;Q8NE63_WT;Q8WU08_WT;Q9BWU1_WT;Q9H2G2_WT;Q9H2K8_WT;Q9HAZ1_WT;Q9HBH9_WT;Q9NY57_WT;Q9UF33_WT;Q9UQB9_WT;Q9Y4K4_WT;Q56UN5_WT;Q96GD4_WT;Q02763_WT;Q08345_WT;Q12866_WT;Q14004_WT;Q15375_WT;Q15759_WT;Q16288_WT;Q16620_WT;Q92918_WT;Q99835_WT,O15146_WT;O15197_WT;P07333_WT;P07949_M918T;P07949_V804M;P09619_WT;P10721_A829P;P10721_D816V;P10721_L576P;P10721_V559D;P10721_V559D_T670I;P10721_V559D_V654A;P10721_WT;P16234_WT;P17948_WT;P30085_WT;P30530_WT;P35590_WT;P35916_WT;P35968_WT;P36888_D835H;P36888_D835Y;P36888_K663Q;P36888_N841I;P36888_R834Q;P36888_WT;P42685_WT;P49336_WT;P78362_WT;Q8NE63_WT;Q9BWU1_WT;Q9H2K8_WT;Q9NY57_WT;Q9UQB9_WT;Q56UN5_WT;Q02763_WT;Q08345_WT;Q14004_WT;Q15375_WT;Q16288_WT;Q99835_WT,O15146_WT;O15197_WT;P07333_WT;P07949_V804M;P09619_WT;P10721_A829P;P10721_D816V;P10721_L576P;P10721_V559D;P10721_V559D_T670I;P10721_V559D_V654A;P10721_WT;P16234_WT;P17948_WT;P30085_WT;P35916_WT;P35968_WT;P36888_D835H;P36888_D835Y;P36888_K663Q;P36888_N841I;P36888_R834Q;P36888_WT;P49336_WT;Q8NE63_WT;Q9BWU1_WT;Q9UQB9_WT;Q08345_WT;Q14004_WT;Q99835_WT,O15146_WT;P07333_WT;P09619_WT;P10721_A829P;P10721_L576P;P10721_V559D;P10721_V559D_T670I;P10721_V559D_V654A;P10721_WT;P16234_WT;P17948_WT;P30085_WT;P35916_WT;P35968_WT;P36888_D835H;P36888_D835Y;P36888_K663Q;P36888_N841I;P36888_R834Q;P36888_WT,P07333_WT;P10721_L576P;P10721_V559D;P10721_V559D_T670I;P16234_WT;P17948_WT;P30085_WT;P35968_WT;P36888_D835H;P36888_K663Q;P36888_N841I;P36888_WT,P10721_L576P;P10721_V559D;P36888_D835H;P36888_K663Q;P36888_N841I,,inactive
7-hydroxyflavone,inactive,O=c1cc(-c2ccccc2)oc2c1ccc(O)c2,spectrum,O=c1cc(-c2ccccc2)oc2cc(O)ccc12,"InChI=1S/C15H10O3/c16-11-6-7-12-13(17)9-14(18-15(12)8-11)10-4-2-1-3-5-10/h1-9,16H",MQGPSCMMNJKMHQ-UHFFFAOYSA-N,MQGPSCMMNJKMHQ,O=c1cc(-c2ccccc2)oc2cc(O)ccc12,P05177_WT;P11511_WT;Q16678_WT,P05177_WT;P11511_WT;Q16678_WT,P11511_WT,P11511_WT,,,,inactive
Amorolfine hydrochloride,inactive,CCC(C)(C)c1ccc(CC(C)CN2C[C@H](C)O[C@H](C)C2)cc1,spectrum,CCC(C)(C)c1ccc(CC(C)CN2C[C@@H](C)O[C@@H](C)C2)cc1,"InChI=1S/C21H35NO/c1-7-21(5,6)20-10-8-19(9-11-20)12-16(2)13-22-14-17(3)23-18(4)15-22/h8-11,16-18H,7,12-15H2,1-6H3/t16?,17-,18+",MQHLMHIZUIDKOO-AYHJJNSGSA-N,MQHLMHIZUIDKOO,CCC(C)(C)c1ccc(CC(C)CN2C[C@@H](C)O[C@@H](C)C2)cc1,,,,,,,,inactive
Dapsone,inactive,Nc1ccc(S(=O)(=O)c2ccc(N)cc2)cc1,spectrum,Nc1ccc(S(=O)(=O)c2ccc(N)cc2)cc1,"InChI=1S/C12H12N2O2S/c13-9-1-5-11(6-2-9)17(15,16)12-7-3-10(14)4-8-12/h1-8H,13-14H2",MQJKPEGWNLWLTK-UHFFFAOYSA-N,MQJKPEGWNLWLTK,Nc1ccc(S(=O)(=O)c2ccc(N)cc2)cc1,P03372_WT;P05164_WT;P11712_WT;P50406_WT,P03372_WT;P50406_WT,,,,,,inactive
Xl147,inactive,C1=CC=C2C(=C1)N=C(C(=N2)NS(=O)(=O)C3=CC=C(C=C3)C)NC4=CC5C(C=C4)=NSN=5,selleckchem,Cc1ccc(S(=O)(=O)Nc2nc3ccccc3nc2Nc2ccc3nsnc3c2)cc1,"InChI=1S/C21H16N6O2S2/c1-13-6-9-15(10-7-13)31(28,29)27-21-20(23-16-4-2-3-5-17(16)24-21)22-14-8-11-18-19(12-14)26-30-25-18/h2-12H,1H3,(H,22,23)(H,24,27)",MQMKRQLTIWPEDM-UHFFFAOYSA-N,MQMKRQLTIWPEDM,Cc1ccc(S(=O)(=O)Nc2nc3ccccc3nc2Nc2ccc3nsnc3c2)cc1,O00329_WT;P42336_WT;P42338_WT;P48736_WT,O00329_WT;P42336_WT;P48736_WT,O00329_WT;P42336_WT;P48736_WT,P48736_WT,,,,inactive
Fenofibric acid,inactive,CC(C)(Oc1ccc(C(=O)c2ccc(Cl)cc2)cc1)C(=O)O,spectrum,CC(C)(Oc1ccc(C(=O)c2ccc(Cl)cc2)cc1)C(=O)O,"InChI=1S/C17H15ClO4/c1-17(2,16(20)21)22-14-9-5-12(6-10-14)15(19)11-3-7-13(18)8-4-11/h3-10H,1-2H3,(H,20,21)",MQOBSOSZFYZQOK-UHFFFAOYSA-N,MQOBSOSZFYZQOK,CC(C)(Oc1ccc(C(=O)c2ccc(Cl)cc2)cc1)C(=O)O,,,,,,,,inactive
Azithromycin,inactive,CC[C@H]1OC(=O)[C@H](C)[C@@H](O[C@H]2C[C@@](C)(OC)[C@@H](O)[C@H](C)O2)[C@H](C)[C@@H](O[C@@H]2O[C@H](C)C[C@H](N(C)C)[C@H]2O)[C@](C)(O)C[C@@H](C)CN(C)[C@H](C)[C@@H](O)[C@]1(C)O,spectrum,CC[C@H]1OC(=O)C(C)[C@@H](O[C@H]2C[C@@](C)(OC)[C@@H](O)[C@H](C)O2)[C@H](C)[C@@H](O[C@@H]2O[C@H](C)C[C@H](N(C)C)[C@H]2O)[C@](C)(O)C[C@@H](C)CN(C)[C@H](C)[C@@H](O)[C@]1(C)O,"InChI=1S/C38H72N2O12/c1-15-27-38(10,46)31(42)24(6)40(13)19-20(2)17-36(8,45)33(52-35-29(41)26(39(11)12)16-21(3)48-35)22(4)30(23(5)34(44)50-27)51-28-18-37(9,47-14)32(43)25(7)49-28/h20-33,35,41-43,45-46H,15-19H2,1-14H3/t20-,21-,22+,23?,24-,25+,26+,27-,28+,29-,30+,31-,32+,33-,35+,36-,37-,38-/m1/s1",MQTOSJVFKKJCRP-PVFNQHCDSA-N,MQTOSJVFKKJCRP,CC[C@H]1OC(=O)C(C)[C@@H](O[C@H]2C[C@@](C)(OC)[C@@H](O)[C@H](C)O2)[C@H](C)[C@@H](O[C@@H]2O[C@H](C)C[C@H](N(C)C)[C@H]2O)[C@](C)(O)C[C@@H](C)CN(C)[C@H](C)[C@@H](O)[C@]1(C)O,P03372_WT,P03372_WT,P03372_WT,,,,,inactive
Lupeol,inactive,C=C(C)[C@@H]1CC[C@]2(C)CC[C@]3(C)[C@@H](CCC4[C@@]5(C)CC[C@H](O)C(C)(C)C5CC[C@]43C)C12,spectrum,C=C(C)[C@@H]1CC[C@]2(C)CC[C@]3(C)[C@@H](CCC4[C@@]5(C)CC[C@H](O)C(C)(C)C5CC[C@]43C)C12,"InChI=1S/C30H50O/c1-19(2)20-11-14-27(5)17-18-29(7)21(25(20)27)9-10-23-28(6)15-13-24(31)26(3,4)22(28)12-16-30(23,29)8/h20-25,31H,1,9-18H2,2-8H3/t20-,21-,22?,23?,24-,25?,27+,28-,29+,30+/m0/s1",MQYXUWHLBZFQQO-IUZORJNNSA-N,MQYXUWHLBZFQQO,C=C(C)[C@@H]1CC[C@]2(C)CC[C@]3(C)[C@@H](CCC4[C@@]5(C)CC[C@H](O)C(C)(C)C5CC[C@]43C)C12,P23141_WT,P23141_WT,,,,,,inactive
Phentolamine hydrochloride,inactive,Cc1ccc(N(CC2=NCCN2)c2cc(O)ccc2)cc1,spectrum,Cc1ccc(N(CC2=NCCN2)c2cccc(O)c2)cc1,"InChI=1S/C17H19N3O/c1-13-5-7-14(8-6-13)20(12-17-18-9-10-19-17)15-3-2-4-16(21)11-15/h2-8,11,21H,9-10,12H2,1H3,(H,18,19)",MRBDMNSDAVCSSF-UHFFFAOYSA-N,MRBDMNSDAVCSSF,Cc1ccc(N(CC2=NCCN2)c2cccc(O)c2)cc1,P08913_WT;P15823_WT;P18089_WT;P18825_WT;P22909_WT;P23944_WT;P25100_WT;P28223_WT;P28335_WT;P35348_WT;P35368_WT;P43140_WT;Q9Y2I1_WT;Q12809_WT;Q99720_WT,P08913_WT;P15823_WT;P18089_WT;P18825_WT;P22909_WT;P23944_WT;P25100_WT;P28223_WT;P28335_WT;P35348_WT;P35368_WT;P43140_WT;Q9Y2I1_WT;Q12809_WT,P08913_WT;P15823_WT;P18089_WT;P18825_WT;P22909_WT;P23944_WT;P25100_WT;P35348_WT;P35368_WT;P43140_WT;Q9Y2I1_WT,P18089_WT;P18825_WT;P22909_WT;P25100_WT;P35348_WT;P35368_WT;P43140_WT;Q9Y2I1_WT,P22909_WT;P35348_WT;P43140_WT,P35348_WT,,inactive
Nobiletin,inactive,COc1c(OC)cc(-c2cc(=O)c3c(o2)c(OC)c(OC)c(OC)c3OC)cc1,spectrum,COc1ccc(-c2cc(=O)c3c(OC)c(OC)c(OC)c(OC)c3o2)cc1OC,"InChI=1S/C21H22O8/c1-23-13-8-7-11(9-15(13)24-2)14-10-12(22)16-17(25-3)19(26-4)21(28-6)20(27-5)18(16)29-14/h7-10H,1-6H3",MRIAQLRQZPPODS-UHFFFAOYSA-N,MRIAQLRQZPPODS,COc1ccc(-c2cc(=O)c3c(OC)c(OC)c(OC)c(OC)c3o2)cc1OC,,,,,,,,inactive
7-deacetylkhivorin,inactive,CC(=O)O[C@H]1C[C@@H](OC(C)=O)C(C)(C)C2C[C@@H](O)[C@]3(C)C(CC[C@@]4(C)[C@H](c5cocc5)OC(=O)[C@H]5O[C@]543)[C@]21C,spectrum,CC(=O)O[C@H]1C[C@@H](OC(C)=O)C(C)(C)C2C[C@@H](O)[C@]3(C)C(CC[C@@]4(C)[C@H](c5ccoc5)OC(=O)C5O[C@]543)[C@]21C,"InChI=1S/C30H40O9/c1-15(31)36-21-13-22(37-16(2)32)28(6)18-8-10-27(5)23(17-9-11-35-14-17)38-25(34)24-30(27,39-24)29(18,7)20(33)12-19(28)26(21,3)4/h9,11,14,18-24,33H,8,10,12-13H2,1-7H3/t18?,19?,20-,21-,22+,23+,24?,27+,28-,29+,30-/m1/s1",MRMHZWKIOFZZID-AUXGQDCESA-N,MRMHZWKIOFZZID,CC(=O)O[C@H]1C[C@@H](OC(C)=O)C(C)(C)C2C[C@@H](O)[C@]3(C)C(CC[C@@]4(C)[C@H](c5ccoc5)OC(=O)C5O[C@]543)[C@]21C,Q9Y6L6_WT,,,,,,,inactive
Tetracycline hydrochloride,inactive,CN(C)[C@@H]1C(O)=C(C(N)=O)C(=O)[C@@]2(O)C(O)=C3C(=O)c4c(O)cccc4[C@@](C)(O)[C@H]3C[C@@H]12,spectrum,CN(C)C1C(=O)C(C(N)=O)C(=O)[C@@]2(O)C(=O)C3C(=O)c4c(O)cccc4[C@@](C)(O)[C@H]3C[C@@H]12,"InChI=1S/C22H24N2O8/c1-21(31)8-5-4-6-11(25)12(8)16(26)13-9(21)7-10-15(24(2)3)17(27)14(20(23)30)19(29)22(10,32)18(13)28/h4-6,9-10,13-15,25,31-32H,7H2,1-3H3,(H2,23,30)/t9-,10-,13?,14?,15?,21+,22-/m0/s1",MUHBBHLZPHKTTR-VUMGMMBSSA-N,MUHBBHLZPHKTTR,CN(C)C1C(=O)C(C(N)=O)C(=O)[C@@]2(O)C(=O)C3C(=O)c4c(O)cccc4[C@@](C)(O)[C@H]3C[C@@H]12,,,,,,,,inactive
Testosterone,inactive,C[C@]12CCC3C(CCC4=CC(=O)CC[C@@]43C)C1CC[C@@H]2O,spectrum,C[C@]12CCC(=O)C=C1CCC1C2CC[C@@]2(C)C1CC[C@@H]2O,"InChI=1S/C19H28O2/c1-18-9-7-13(20)11-12(18)3-4-14-15-5-6-17(21)19(15,2)10-8-16(14)18/h11,14-17,21H,3-10H2,1-2H3/t14?,15?,16?,17-,18-,19-/m0/s1",MUMGGOZAMZWBJJ-PPORCNLBSA-N,MUMGGOZAMZWBJJ,C[C@]12CCC(=O)C=C1CCC1C2CC[C@@]2(C)C1CC[C@@H]2O,P04278_WT;P08185_WT;P10275_WT;P11511_WT;P15207_WT;P16473_WT;P19091_WT;Q9H255_WT;Q13936_WT,P04278_WT;P08185_WT;P10275_WT;P15207_WT;P16473_WT;P19091_WT;Q9H255_WT;Q13936_WT,P04278_WT;P10275_WT;P15207_WT;P16473_WT;P19091_WT;Q9H255_WT;Q13936_WT,P04278_WT;P10275_WT;P15207_WT;P19091_WT;Q9H255_WT,P04278_WT;P10275_WT;P15207_WT;P19091_WT;Q9H255_WT,P04278_WT;P19091_WT;Q9H255_WT,Q9H255_WT,inactive
Cx-4945,inactive,O=C(O)c1cc2c(cc1)c1c(ccnc1)c(Nc1cc(Cl)ccc1)n2,selleckchem,O=C(O)c1ccc2c(c1)nc(Nc1cccc(Cl)c1)c1ccncc12,"InChI=1S/C19H12ClN3O2/c20-12-2-1-3-13(9-12)22-18-15-6-7-21-10-16(15)14-5-4-11(19(24)25)8-17(14)23-18/h1-10H,(H,22,23)(H,24,25)",MUOKSQABCJCOPU-UHFFFAOYSA-N,MUOKSQABCJCOPU,O=C(O)c1ccc2c(c1)nc(Nc1cccc(Cl)c1)c1ccncc12,O43293_WT;O94804_WT;P07947_WT;P11309_WT;P14635_WT;P19784_WT;P36888_WT;P49759_WT;P49760_WT;P49761_WT;P53350_WT;P61962_WT;P68400_WT;Q8WZ60_WT;Q9H2G2_WT;Q9H422_WT;Q9P1W9_WT;Q9UGJ0_WT;Q9UHD2_WT;Q9UPZ9_WT;Q9Y463_WT;Q00535_WT;Q13627_WT;Q14094_WT;Q16644_WT,O43293_WT;O94804_WT;P11309_WT;P14635_WT;P19784_WT;P36888_WT;P49759_WT;P49760_WT;P49761_WT;P61962_WT;P68400_WT;Q8WZ60_WT;Q9H2G2_WT;Q9H422_WT;Q9P1W9_WT;Q9UHD2_WT;Q9Y463_WT;Q13627_WT;Q14094_WT;Q16644_WT,O43293_WT;O94804_WT;P19784_WT;P36888_WT;P49759_WT;P49760_WT;P49761_WT;P61962_WT;P68400_WT;Q8WZ60_WT;Q9H422_WT;Q9UHD2_WT;Q9Y463_WT;Q13627_WT;Q16644_WT,O43293_WT;P19784_WT;P49759_WT;P49760_WT;P49761_WT;P61962_WT;P68400_WT;Q8WZ60_WT;Q9Y463_WT;Q16644_WT,P19784_WT;P49760_WT;Q8WZ60_WT;Q9Y463_WT,Q8WZ60_WT,,inactive
Birb 796,inactive,C1=C(C2=C(C(=C1)OCCN3CCOCC3)C=CC=C2)NC(NC4=CC(=NN4C5=CC=C(C=C5)C)C(C)(C)C)=O,selleckchem,Cc1ccc(-n2nc(C(C)(C)C)cc2NC(=O)Nc2ccc(OCCN3CCOCC3)c3ccccc23)cc1,"InChI=1S/C31H37N5O3/c1-22-9-11-23(12-10-22)36-29(21-28(34-36)31(2,3)4)33-30(37)32-26-13-14-27(25-8-6-5-7-24(25)26)39-20-17-35-15-18-38-19-16-35/h5-14,21H,15-20H2,1-4H3,(H2,32,33,37)",MVCOAUNKQVWQHZ-UHFFFAOYSA-N,MVCOAUNKQVWQHZ,Cc1ccc(-n2nc(C(C)(C)C)cc2NC(=O)Nc2ccc(OCCN3CCOCC3)c3ccccc23)cc1,O15264_WT;O43318_WT;O94804_WT;O95819_WT;P00519_T315I;P01375_WT;P04629_WT;P04792_WT;P07949_M918T;P07949_WT;P08183_WT;P10721_L576P;P10721_N822K;P10721_V559D;P10721_V559D_T670I;P10721_WT;P17948_WT;P29320_WT;P29322_WT;P29323_WT;P35590_WT;P36888_K663Q;P42685_WT;P45984_WT;P47811_WT;P49336_WT;P53778_WT;P53779_WT;Q8N4C8_WT;Q9BWU1_WT;Q9H2G2_WT;Q9NYL2_WT;Q9UF33_WT;Q9UKE5_WT;Q9Y5S2_WT;Q02763_WT;Q08345_WT;Q14289_WT;Q15375_WT;Q15759_WT;Q16288_WT;Q16539_WT;Q16620_WT;Q16832_WT,O15264_WT;O43318_WT;O94804_WT;O95819_WT;P00519_T315I;P01375_WT;P04792_WT;P07949_M918T;P10721_L576P;P10721_N822K;P10721_V559D;P10721_V559D_T670I;P29322_WT;P35590_WT;P45984_WT;P47811_WT;P49336_WT;P53778_WT;P53779_WT;Q8N4C8_WT;Q9BWU1_WT;Q9H2G2_WT;Q9UKE5_WT;Q02763_WT;Q08345_WT;Q15759_WT;Q16288_WT;Q16539_WT;Q16832_WT,O15264_WT;O94804_WT;P00519_T315I;P04792_WT;P35590_WT;P45984_WT;P47811_WT;P53778_WT;Q9UKE5_WT;Q02763_WT;Q08345_WT;Q16539_WT;Q16832_WT,O94804_WT;P35590_WT;P45984_WT;P47811_WT;P53778_WT;Q02763_WT;Q08345_WT;Q16539_WT;Q16832_WT,O94804_WT;P35590_WT;P45984_WT;P47811_WT;Q08345_WT,P47811_WT;Q08345_WT,P47811_WT,inactive
Prilocaine hydrochloride,inactive,CCCNC(C)C(=O)Nc1c(C)cccc1,spectrum,CCCNC(C)C(=O)Nc1ccccc1C,"InChI=1S/C13H20N2O/c1-4-9-14-11(3)13(16)15-12-8-6-5-7-10(12)2/h5-8,11,14H,4,9H2,1-3H3,(H,15,16)",MVFGUOIZUNYYSO-UHFFFAOYSA-N,MVFGUOIZUNYYSO,CCCNC(C)C(=O)Nc1ccccc1C,,,,,,,,inactive
Dichlorisone acetate,inactive,CC(=O)OCC(=O)[C@@]1(O)CCC2C3CCC4=CC(=O)C=C[C@]4(C)[C@@]3(Cl)[C@@H](Cl)C[C@@]21C,spectrum,CC(=O)OCC(=O)[C@@]1(O)CCC2C3CC=C4CC(=O)C=C[C@]4(C)[C@@]3(Cl)[C@@H](Cl)C[C@@]21C,"InChI=1S/C23H28Cl2O5/c1-13(26)30-12-19(28)22(29)9-7-16-17-5-4-14-10-15(27)6-8-20(14,2)23(17,25)18(24)11-21(16,22)3/h4,6,8,16-18,29H,5,7,9-12H2,1-3H3/t16?,17?,18-,20-,21-,22-,23-/m0/s1",MVHXUCZGVIIWIV-JORUCDAYSA-N,MVHXUCZGVIIWIV,CC(=O)OCC(=O)[C@@]1(O)CCC2C3CC=C4CC(=O)C=C[C@]4(C)[C@@]3(Cl)[C@@H](Cl)C[C@@]21C,,,,,,,,inactive
Ast-1306,inactive,C(C=C)(=O)NC1(=CC2=C(N=CN=C(C=C1)2)NC3C=C(C(=CC=3)OCC4C=C(C=CC=4)F)Cl).C5=CC(=CC=C5S(O)(=O)=O)C,selleckchem,C=CC(=O)Nc1ccc2ncnc(Nc3ccc(OCc4cccc(F)c4)c(Cl)c3)c2c1,"InChI=1S/C24H18ClFN4O2/c1-2-23(31)29-17-6-8-21-19(11-17)24(28-14-27-21)30-18-7-9-22(20(25)12-18)32-13-15-4-3-5-16(26)10-15/h2-12,14H,1,13H2,(H,29,31)(H,27,28,30)",MVZGYPSXNDCANY-UHFFFAOYSA-N,MVZGYPSXNDCANY,C=CC(=O)Nc1ccc2ncnc(Nc3ccc(OCc4cccc(F)c4)c(Cl)c3)c2c1,P00533_WT,P00533_WT,P00533_WT,P00533_WT,P00533_WT,P00533_WT,P00533_WT,inactive
Zileuton,inactive,CC(c1cc2ccccc2s1)N(O)C(N)=O,spectrum,CC(c1cc2ccccc2s1)N(O)C(N)=O,"InChI=1S/C11H12N2O2S/c1-7(13(15)11(12)14)10-6-8-4-2-3-5-9(8)16-10/h2-7,15H,1H3,(H2,12,14)",MWLSOWXNZPKENC-UHFFFAOYSA-N,MWLSOWXNZPKENC,CC(c1cc2ccccc2s1)N(O)C(N)=O,O14684_WT;P09917_WT;P09960_WT;P12527_WT;P16050_WT;P34913_WT;P48999_WT;Q15722_WT,P48999_WT,,,,,,inactive
Bufexamac,inactive,CCCCOc1ccc(CC(=O)NO)cc1,spectrum,CCCCOc1ccc(CC(=O)NO)cc1,"InChI=1S/C12H17NO3/c1-2-3-8-16-11-6-4-10(5-7-11)9-12(14)13-15/h4-7,15H,2-3,8-9H2,1H3,(H,13,14)",MXJWRABVEGLYDG-UHFFFAOYSA-N,MXJWRABVEGLYDG,CCCCOc1ccc(CC(=O)NO)cc1,P12527_WT;P28838_WT,P12527_WT;P28838_WT,,,,,,inactive
Piperine,enhancer,O=C(/C=C/C=C/c1ccc2OCOc2c1)N1CCCCC1,spectrum,O=C(/C=C/C=C/c1ccc2c(c1)OCO2)N1CCCCC1,"InChI=1S/C17H19NO3/c19-17(18-10-4-1-5-11-18)7-3-2-6-14-8-9-15-16(12-14)21-13-20-15/h2-3,6-9,12H,1,4-5,10-11,13H2/b6-2+,7-3+",MXXWOMGUGJBKIW-YPCIICBESA-N,MXXWOMGUGJBKIW,O=C(/C=C/C=C/c1ccc2c(c1)OCO2)N1CCCCC1,P11511_WT;P21396_WT;P35869_WT,,,,,,,enhancer
Lobeline hydrochloride,inactive,CN1C(CC(=O)c2ccccc2)CCCC1CC(O)c1ccccc1,spectrum,CN1C(CC(=O)c2ccccc2)CCCC1CC(O)c1ccccc1,"InChI=1S/C22H27NO2/c1-23-19(15-21(24)17-9-4-2-5-10-17)13-8-14-20(23)16-22(25)18-11-6-3-7-12-18/h2-7,9-12,19-21,24H,8,13-16H2,1H3",MXYUKLILVYORSK-UHFFFAOYSA-N,MXYUKLILVYORSK,CN1C(CC(=O)c2ccccc2)CCCC1CC(O)c1ccccc1,P10635_WT;Q8BRU6_WT,P10635_WT,,,,,,inactive
Ciprofloxacin,inactive,O=C(O)c1cn(C2CC2)c2cc(N3CCNCC3)c(F)cc2c1=O,spectrum,O=C(O)c1cn(C2CC2)c2cc(N3CCNCC3)c(F)cc2c1=O,"InChI=1S/C17H18FN3O3/c18-13-7-11-14(8-15(13)20-5-3-19-4-6-20)21(10-1-2-10)9-12(16(11)22)17(23)24/h7-10,19H,1-6H2,(H,23,24)",MYSWGUAQZAJSOK-UHFFFAOYSA-N,MYSWGUAQZAJSOK,O=C(O)c1cn(C2CC2)c2cc(N3CCNCC3)c(F)cc2c1=O,Q9QYN8_WT,Q9QYN8_WT,Q9QYN8_WT,Q9QYN8_WT,Q9QYN8_WT,Q9QYN8_WT,Q9QYN8_WT,inactive
Dichloroprop,inactive,CC(Oc1c(Cl)cc(Cl)cc1)C(=O)O,spectrum,CC(Oc1ccc(Cl)cc1Cl)C(=O)O,"InChI=1S/C9H8Cl2O3/c1-5(9(12)13)14-8-3-2-6(10)4-7(8)11/h2-5H,1H3,(H,12,13)",MZHCENGPTKEIGP-UHFFFAOYSA-N,MZHCENGPTKEIGP,CC(Oc1ccc(Cl)cc1Cl)C(=O)O,,,,,,,,inactive
Agelasine,inactive,CC1=CCC[C@@H]2C1(C)CCC(C)[C@@]2(C)CC/C(C)=C/Cn1c[n+](C)c2c1ncnc2N,spectrum,CC1=CCC[C@@H]2C1(C)CCC(C)[C@@]2(C)CC/C(C)=C/Cn1c[n+](C)c2c(N)ncnc21,"InChI=1S/C26H40N5/c1-18(12-15-31-17-30(6)22-23(27)28-16-29-24(22)31)10-13-25(4)20(3)11-14-26(5)19(2)8-7-9-21(25)26/h8,12,16-17,20-21H,7,9-11,13-15H2,1-6H3,(H2,27,28,29)/q+1/b18-12+/t20?,21-,25+,26?/m0/s1",NALGSOQQUZLOIK-BFDNYIELSA-N,NALGSOQQUZLOIK,CC1=CCC[C@@H]2C1(C)CCC(C)[C@@]2(C)CC/C(C)=C/Cn1c[n+](C)c2c(N)ncnc21,,,,,,,,inactive
Ritonavir,inactive,CC(C)c1nc(CN(C)C(=O)N[C@H](C(=O)N[C@@H](Cc2ccccc2)C[C@H](O)[C@H](Cc2ccccc2)NC(=O)OCc2cncs2)C(C)C)cs1,spectrum,CC(C)c1nc(CN(C)C(=O)NC(C(=O)N[C@@H](Cc2ccccc2)C[C@H](O)[C@H](Cc2ccccc2)NC(=O)OCc2cncs2)C(C)C)cs1,"InChI=1S/C37H48N6O5S2/c1-24(2)33(42-36(46)43(5)20-29-22-49-35(40-29)25(3)4)34(45)39-28(16-26-12-8-6-9-13-26)18-32(44)31(17-27-14-10-7-11-15-27)41-37(47)48-21-30-19-38-23-50-30/h6-15,19,22-25,28,31-33,44H,16-18,20-21H2,1-5H3,(H,39,45)(H,41,47)(H,42,46)/t28-,31-,32-,33?/m0/s1",NCDNCNXCDXHOMX-BWGGSIGWSA-N,NCDNCNXCDXHOMX,CC(C)c1nc(CN(C)C(=O)NC(C(=O)N[C@@H](Cc2ccccc2)C[C@H](O)[C@H](Cc2ccccc2)NC(=O)OCc2cncs2)C(C)C)cs1,P08684_WT;P20815_WT;P24557_WT,P08684_WT;P20815_WT;P24557_WT,P24557_WT,,,,,inactive
Sulfasalazine,inactive,O=C(O)c1cc(/N=N/c2ccc(S(=O)(=O)Nc3ncccc3)cc2)ccc1O,spectrum,O=C(O)c1cc(N=Nc2ccc(S(=O)(=O)Nc3ccccn3)cc2)ccc1O,"InChI=1S/C18H14N4O5S/c23-16-9-6-13(11-15(16)18(24)25)21-20-12-4-7-14(8-5-12)28(26,27)22-17-3-1-2-10-19-17/h1-11,23H,(H,19,22)(H,24,25)",NCEXYHBECQHGNR-UHFFFAOYSA-N,NCEXYHBECQHGNR,O=C(O)c1cc(N=Nc2ccc(S(=O)(=O)Nc3ccccn3)cc2)ccc1O,P08183_WT;Q9Y6L6_WT;Q16665_WT,Q16665_WT,,,,,,inactive
Prasterone acetate,inactive,CC(=O)O[C@H]1CC[C@@]2(C)C(=CCC3C4CCC(=O)[C@@]4(C)CCC32)C1,spectrum,CC(=O)O[C@H]1CC[C@@]2(C)C(=CCC3C2CC[C@]2(C)C(=O)CCC32)C1,"InChI=1S/C21H30O3/c1-13(22)24-15-8-10-20(2)14(12-15)4-5-16-17-6-7-19(23)21(17,3)11-9-18(16)20/h4,15-18H,5-12H2,1-3H3/t15-,16?,17?,18?,20-,21-/m0/s1",NCMZQTLCXHGLOK-KJBVPOJVSA-N,NCMZQTLCXHGLOK,CC(=O)O[C@H]1CC[C@@]2(C)C(=CCC3C2CC[C@]2(C)C(=O)CCC32)C1,P03372_WT,P03372_WT,P03372_WT,,,,,inactive
Natamycin,inactive,CC1C/C=C/C=C/C=C/C=C/C(O[C@@H]2O[C@H](C)[C@@H](O)[C@H](N)[C@@H]2O)CC2OC(O)(CC(O)CC3OC3/C=C/C(=O)O1)CC(O)C2C(=O)O,spectrum,CC1C/C=C/C=C/C=C/C=C/C(O[C@@H]2O[C@H](C)[C@@H](O)[C@H](N)[C@@H]2O)CC2OC(O)(CC(O)CC3OC3/C=C/C(=O)O1)CC(O)C2C(=O)O,"InChI=1S/C33H47NO13/c1-18-10-8-6-4-3-5-7-9-11-21(45-32-30(39)28(34)29(38)19(2)44-32)15-25-27(31(40)41)22(36)17-33(42,47-25)16-20(35)14-24-23(46-24)12-13-26(37)43-18/h3-9,11-13,18-25,27-30,32,35-36,38-39,42H,10,14-17,34H2,1-2H3,(H,40,41)/b4-3+,7-5+,8-6+,11-9+,13-12+/t18?,19-,20?,21?,22?,23?,24?,25?,27?,28+,29-,30+,32+,33?/m1/s1",NCXMLFZGDNKEPB-ZTCXGQLRSA-N,NCXMLFZGDNKEPB,CC1C/C=C/C=C/C=C/C=C/C(O[C@@H]2O[C@H](C)[C@@H](O)[C@H](N)[C@@H]2O)CC2OC(O)(CC(O)CC3OC3/C=C/C(=O)O1)CC(O)C2C(=O)O,Q9NUW8_WT;Q16637_WT,Q9NUW8_WT,Q9NUW8_WT,Q9NUW8_WT,Q9NUW8_WT,Q9NUW8_WT,,inactive
Albuterol,inactive,CC(C)(C)NCC(O)c1ccc(O)c(CO)c1,spectrum,CC(C)(C)NCC(O)c1ccc(O)c(CO)c1,"InChI=1S/C13H21NO3/c1-13(2,3)14-7-12(17)9-4-5-11(16)10(6-9)8-15/h4-6,12,14-17H,7-8H2,1-3H3",NDAUXUAQIAJITI-UHFFFAOYSA-N,NDAUXUAQIAJITI,CC(C)(C)NCC(O)c1ccc(O)c(CO)c1,P07550_WT;P16473_WT;P43220_WT,P43220_WT,P43220_WT,P43220_WT,,,,inactive
Indapamide,inactive,CC1Cc2c(cccc2)N1NC(=O)c1ccc(Cl)c(S(N)(=O)=O)c1,spectrum,CC1Cc2ccccc2N1NC(=O)c1ccc(Cl)c(S(N)(=O)=O)c1,"InChI=1S/C16H16ClN3O3S/c1-10-8-11-4-2-3-5-14(11)20(10)19-16(21)12-6-7-13(17)15(9-12)24(18,22)23/h2-7,9-10H,8H2,1H3,(H,19,21)(H2,18,22,23)",NDDAHWYSQHTHNT-UHFFFAOYSA-N,NDDAHWYSQHTHNT,CC1Cc2ccccc2N1NC(=O)c1ccc(Cl)c(S(N)(=O)=O)c1,O43570_WT;P00918_WT;P22748_WT;P23280_WT;P35218_WT;P43166_WT;Q8N1Q1_WT;Q9D6N1_WT;Q9ULX7_WT;Q9Y2D0_WT;Q16637_WT;Q16790_WT,O43570_WT;P00918_WT;P22748_WT;P23280_WT;P43166_WT;Q8N1Q1_WT;Q9D6N1_WT;Q9ULX7_WT;Q9Y2D0_WT;Q16790_WT,Q9D6N1_WT;Q9ULX7_WT;Q16790_WT,Q9D6N1_WT,,,,inactive
Benzthiazide,inactive,NS(=O)(=O)c1cc2c(cc1Cl)N=C(CSCc1ccccc1)NS2(=O)=O,spectrum,NS(=O)(=O)c1cc2c(cc1Cl)N=C(CSCc1ccccc1)NS2(=O)=O,"InChI=1S/C15H14ClN3O4S3/c16-11-6-12-14(7-13(11)25(17,20)21)26(22,23)19-15(18-12)9-24-8-10-4-2-1-3-5-10/h1-7H,8-9H2,(H,18,19)(H2,17,20,21)",NDTSRXAMMQDVSW-UHFFFAOYSA-N,NDTSRXAMMQDVSW,NS(=O)(=O)c1cc2c(cc1Cl)N=C(CSCc1ccccc1)NS2(=O)=O,,,,,,,,inactive
Nalbuphine hydrochloride,inactive,Oc1ccc2C[C@H]3N(CC4CCC4)CC[C@]45c2c1OC4[C@@H](O)CC[C@@]35O,spectrum,Oc1ccc2c3c1OC1[C@@H](O)CC[C@@]4(O)[C@@H](C2)N(CC2CCC2)CC[C@]314,"InChI=1S/C21H27NO4/c23-14-5-4-13-10-16-21(25)7-6-15(24)19-20(21,17(13)18(14)26-19)8-9-22(16)11-12-2-1-3-12/h4-5,12,15-16,19,23-25H,1-3,6-11H2/t15-,16+,19?,20-,21+/m0/s1",NETZHAKZCGBWSS-XDWDPSITSA-N,NETZHAKZCGBWSS,Oc1ccc2c3c1OC1[C@@H](O)CC[C@@]4(O)[C@@H](C2)N(CC2CCC2)CC[C@]314,P14618_WT;P35372_WT;P41143_WT;P41145_WT,P14618_WT;P35372_WT;P41145_WT,P14618_WT;P35372_WT;P41145_WT,P14618_WT;P35372_WT,P14618_WT,,,inactive
Cetylpyridinium chloride,reducer,CCCCCCCCCCCCCCCC[n+]1ccccc1,spectrum,CCCCCCCCCCCCCCCC[n+]1ccccc1,"InChI=1S/C21H38N/c1-2-3-4-5-6-7-8-9-10-11-12-13-14-16-19-22-20-17-15-18-21-22/h15,17-18,20-21H,2-14,16,19H2,1H3/q+1",NEUSVAOJNUQRTM-UHFFFAOYSA-N,NEUSVAOJNUQRTM,CCCCCCCCCCCCCCCC[n+]1ccccc1,P06241_WT;P08172_WT;P08173_WT;P08912_WT;P08913_WT;P11229_WT;P18825_WT;P20309_WT;P28335_WT;Q9NUW8_WT,P06241_WT;P08172_WT;P08173_WT;P08912_WT;P08913_WT;P11229_WT;P20309_WT,P08172_WT;P08173_WT;P08912_WT;P11229_WT;P20309_WT,P08912_WT;P11229_WT;P20309_WT,P08912_WT,,,reducer
Actein,inactive,CC(=O)O[C@@H]1C[C@@]23C[C@@]24CC[C@H](O[C@@H]2OC[C@@H](O)[C@H](O)[C@H]2O)C(C)(C)C4CCC3[C@]2(C)C[C@@H]3OC4(C[C@@H](C)[C@@H]3[C@@]12C)O[C@H](O)[C@]1(C)O[C@H]41,spectrum,CC(=O)O[C@@H]1C[C@@]23C[C@@]24CC[C@H](O[C@@H]2OC[C@@H](O)[C@H](O)[C@H]2O)C(C)(C)C4CCC3[C@]2(C)C[C@@H]3OC4(C[C@@H](C)[C@@H]3[C@@]12C)O[C@H](O)[C@]1(C)O[C@H]41,"InChI=1S/C37H56O11/c1-17-12-37(29-34(7,47-29)30(42)48-37)46-20-13-32(5)22-9-8-21-31(3,4)23(45-28-27(41)26(40)19(39)15-43-28)10-11-35(21)16-36(22,35)14-24(44-18(2)38)33(32,6)25(17)20/h17,19-30,39-42H,8-16H2,1-7H3/t17-,19-,20+,21?,22?,23+,24-,25+,26+,27-,28+,29+,30+,32+,33-,34-,35-,36+,37?/m1/s1",NEWMWGLPJQHSSQ-GLQYJHRBSA-N,NEWMWGLPJQHSSQ,CC(=O)O[C@@H]1C[C@@]23C[C@@]24CC[C@H](O[C@@H]2OC[C@@H](O)[C@H](O)[C@H]2O)C(C)(C)C4CCC3[C@]2(C)C[C@@H]3OC4(C[C@@H](C)[C@@H]3[C@@]12C)O[C@H](O)[C@]1(C)O[C@H]41,,,,,,,,inactive
Phenindione,inactive,O=C1c2c(cccc2)C(=O)C1c1ccccc1,spectrum,O=C1c2ccccc2C(=O)C1c1ccccc1,"InChI=1S/C15H10O2/c16-14-11-8-4-5-9-12(11)15(17)13(14)10-6-2-1-3-7-10/h1-9,13H",NFBAXHOPROOJAW-UHFFFAOYSA-N,NFBAXHOPROOJAW,O=C1c2ccccc2C(=O)C1c1ccccc1,,,,,,,,inactive
Dienestrol,inactive,C/C=C(C(=C/C)/c1ccc(O)cc1)\c1ccc(O)cc1,spectrum,CC=C(C(=CC)c1ccc(O)cc1)c1ccc(O)cc1,"InChI=1S/C18H18O2/c1-3-17(13-5-9-15(19)10-6-13)18(4-2)14-7-11-16(20)12-8-14/h3-12,19-20H,1-2H3",NFDFQCUYFHCNBW-UHFFFAOYSA-N,NFDFQCUYFHCNBW,CC=C(C(=CC)c1ccc(O)cc1)c1ccc(O)cc1,P03372_WT;P11712_WT,P03372_WT,P03372_WT,,,,,inactive
Cearoin,inactive,COc1cc(O)c(C(=O)c2ccccc2)cc1O,spectrum,COc1cc(O)c(C(=O)c2ccccc2)cc1O,"InChI=1S/C14H12O4/c1-18-13-8-11(15)10(7-12(13)16)14(17)9-5-3-2-4-6-9/h2-8,15-16H,1H3",NFJVELXCUBWAFL-UHFFFAOYSA-N,NFJVELXCUBWAFL,COc1cc(O)c(C(=O)c2ccccc2)cc1O,P08684_WT,,,,,,,inactive
Torsemide,inactive,Cc1cccc(Nc2c(S(=O)(=O)NC(=O)NC(C)C)cncc2)c1,spectrum,Cc1cccc(Nc2ccncc2S(=O)(=O)NC(=O)NC(C)C)c1,"InChI=1S/C16H20N4O3S/c1-11(2)18-16(21)20-24(22,23)15-10-17-8-7-14(15)19-13-6-4-5-12(3)9-13/h4-11H,1-3H3,(H,17,19)(H2,18,20,21)",NGBFQHCMQULJNZ-UHFFFAOYSA-N,NGBFQHCMQULJNZ,Cc1cccc(Nc2ccncc2S(=O)(=O)NC(=O)NC(C)C)c1,,,,,,,,inactive
"Deoxysappanone b 7,4'-dimethyl ether",reducer,COc1cc2c(cc1)C(=O)C(Cc1cc(O)c(OC)cc1)CO2,spectrum-validation,COc1ccc2c(c1)OCC(Cc1ccc(OC)c(O)c1)C2=O,"InChI=1S/C18H18O5/c1-21-13-4-5-14-17(9-13)23-10-12(18(14)20)7-11-3-6-16(22-2)15(19)8-11/h3-6,8-9,12,19H,7,10H2,1-2H3",NGCXNVIQHUCZIT-UHFFFAOYSA-N,NGCXNVIQHUCZIT,COc1ccc2c(c1)OCC(Cc1ccc(OC)c(O)c1)C2=O,Q9NUW8_WT,,,,,,,reducer
Salicin,inactive,OCc1c(O[C@@H]2O[C@H](CO)[C@@H](O)[C@H](O)[C@H]2O)cccc1,spectrum,OCc1ccccc1O[C@@H]1O[C@H](CO)[C@@H](O)[C@H](O)[C@H]1O,"InChI=1S/C13H18O7/c14-5-7-3-1-2-4-8(7)19-13-12(18)11(17)10(16)9(6-15)20-13/h1-4,9-18H,5-6H2/t9-,10-,11+,12-,13-/m1/s1",NGFMICBWJRZIBI-UJPOAAIJSA-N,NGFMICBWJRZIBI,OCc1ccccc1O[C@@H]1O[C@H](CO)[C@@H](O)[C@H](O)[C@H]1O,Q9NUW8_WT,,,,,,,inactive
Fasudil hydrochloride,inactive,O=S(=O)(c1cccc2cnccc12)N1CCCNCC1,spectrum,O=S(=O)(c1cccc2cnccc12)N1CCCNCC1,"InChI=1S/C14H17N3O2S/c18-20(19,17-9-2-6-15-8-10-17)14-4-1-3-12-11-16-7-5-13(12)14/h1,3-5,7,11,15H,2,6,8-10H2",NGOGFTYYXHNFQH-UHFFFAOYSA-N,NGOGFTYYXHNFQH,O=S(=O)(c1cccc2cnccc12)N1CCCNCC1,O75116_WT;P10635_WT;P51817_WT;Q9HAZ1_WT;Q04759_WT;Q13464_WT;Q16512_WT,P10635_WT;P51817_WT,P51817_WT,,,,,inactive
R406,reducer,C1(=C(C=C(C=C1OC)NC2=NC(=C(C=N2)F)NC3=NC4=C(C=C3)OC(C(N4)=O)(C)C)OC)OC.C5=CC=CC(=C5)S(O)(=O)=O,selleckchem,COc1cc(Nc2ncc(F)c(Nc3ccc4c(n3)NC(=O)C(C)(C)O4)n2)cc(OC)c1OC,"InChI=1S/C22H23FN6O5/c1-22(2)20(30)28-19-13(34-22)6-7-16(27-19)26-18-12(23)10-24-21(29-18)25-11-8-14(31-3)17(33-5)15(9-11)32-4/h6-10H,1-5H3,(H3,24,25,26,27,28,29,30)",NHHQJBCNYHBUSI-UHFFFAOYSA-N,NHHQJBCNYHBUSI,COc1cc(Nc2ncc(F)c(Nc3ccc4c(n3)NC(=O)C(C)(C)O4)n2)cc(OC)c1OC,A7MCY6_WT;O00238_WT;O00311_WT;O00444_WT;O14578_WT;O14730_WT;O14920_WT;O14965_WT;O14976_WT;O15111_WT;O15146_WT;O15197_WT;O15530_WT;O43293_WT;O43318_WT;O43353_WT;O60285_WT;O60331_WT;O60674_WT;O75116_WT;O75385_WT;O75582_WT;O75676_WT;O75716_WT;O75822_WT;O75914_WT;O94768_WT;O94804_WT;O96013_WT;P0C264_WT;P00519_E255K;P00519_H396P;P00519_M351T;P00519_Q252H;P00519_T315I;P00519_WT;P00533_A750P;P00533_L858R;P00533_L858R_T790M;P00533_L861Q;P00533_P753S;P00533_T790M;P00533_WT;P04049_WT;P04626_WT;P04629_WT;P05129_WT;P05532_WT;P06213_WT;P06239_WT;P06241_WT;P06493_WT;P07332_WT;P07333_WT;P07947_WT;P07948_WT;P07949_M918T;P07949_V804L;P07949_V804M;P07949_WT;P08581_M1250T;P08581_WT;P08581_Y1235D;P08631_WT;P08922_WT;P09619_WT;P09769_WT;P10721_A829P;P10721_D816H;P10721_D816V;P10721_L576P;P10721_V559D;P10721_V559D_T670I;P10721_V559D_V654A;P10721_WT;P11362_WT;P12931_WT;P15056_V600E;P15056_WT;P16234_WT;P16591_WT;P17612_WT;P17948_WT;P19525_WT;P19623_WT;P19784_WT;P21709_WT;P21802_WT;P22455_WT;P22607_G697C;P22607_WT;P22694_WT;P23443_WT;P23458_WT;P24941_WT;P29317_WT;P29320_WT;P29323_WT;P29376_WT;P29597_WT;P30291_WT;P30530_WT;P32298_WT;P35580_WT;P35590_WT;P35916_WT;P35968_WT;P36888_D835H;P36888_D835Y;P36888_K663Q;P36888_N841I;P36888_R834Q;P36888_WT;P37173_WT;P41240_WT;P42681_WT;P42684_WT;P42685_WT;P43403_WT;P43405_WT;P45983_WT;P45984_WT;P45985_WT;P46734_WT;P49841_WT;P51451_WT;P51617_WT;P51813_WT;P51955_WT;P51956_WT;P51957_WT;P52333_WT;P52564_WT;P53355_WT;P53667_WT;P53778_WT;P53779_WT;P54646_WT;P54756_WT;P54760_WT;P54762_WT;P54764_WT;P57059_WT;P57078_WT;P63167_WT;P67870_WT;P68400_WT;P80192_WT;Q2M2I8_WT;Q5S007_G2019S;Q5S007_WT;Q6P3R8_WT;Q6P5Z2_WT;Q6PHR2_WT;Q7KZI7_WT;Q7L7X3_WT;Q8IU85_WT;Q8IY84_WT;Q8IYT8_WT;Q8NFD2_WT;Q8NG66_WT;Q8TBX8_WT;Q8TD08_WT;Q8TD19_WT;Q8TDX7_WT;Q9BRS2_WT;Q9BUB5_WT;Q9BXA7_WT;Q9BYT3_WT;Q9BZL6_WT;Q9C098_WT;Q9H0K1_WT;Q9H2G2_WT;Q9H2X6_WT;Q9H3Y6_WT;Q9H4B4_WT;Q9H6S1_WT;Q9H093_WT;Q9HAZ1_WT;Q9HBH9_WT;Q9HC98_WT;Q9NQS7_WT;Q9NQU5_WT;Q9NRP7_WT;Q9NWZ3_WT;Q9NYY3_WT;Q9P0L2_WT;Q9P2K8_S808G;Q9P2K8_WT;Q9P286_WT;Q9UBF8_WT;Q9UEE5_WT;Q9UF33_WT;Q9UHD2_WT;Q9UIK4_WT;Q9UKI8_WT;Q9UL54_WT;Q9UM73_WT;Q9UPE1_WT;Q9UQB9_WT;Q9Y2U5_WT;Q9Y6R4_WT;Q9Y616_WT;Q52WX2_WT;Q56UN5_WT;Q59H18_WT;Q86TW2_WT;Q86UE8_WT;Q86YV6_WT;Q86Z02_WT;Q96D53_WT;Q96FJ2_WT;Q96GD4_WT;Q96L34_WT;Q96NX5_WT;Q96PY6_WT;Q00537_WT;Q02750_WT;Q02763_WT;Q02779_WT;Q05397_WT;Q06187_WT;Q07912_WT;Q08345_WT;Q08881_WT;Q12851_WT;Q12866_WT;Q13131_WT;Q13153_WT;Q13163_WT;Q13177_WT;Q13470_WT;Q13555_WT;Q13627_WT;Q13882_WT;Q14012_WT;Q14164_WT;Q14289_WT;Q15118_WT;Q15303_WT;Q15375_WT;Q15569_WT;Q15835_WT;Q16288_WT;Q16512_WT;Q16584_WT;Q16620_WT;Q92630_WT;Q92844_WT;Q99759_WT,O00311_WT;O00444_WT;O14730_WT;O14920_WT;O14965_WT;O14976_WT;O15111_WT;O15146_WT;O15197_WT;O15530_WT;O43293_WT;O43318_WT;O60285_WT;O60331_WT;O60674_WT;O75385_WT;O75676_WT;O75716_WT;O75822_WT;O94768_WT;O94804_WT;O96013_WT;P0C264_WT;P00519_E255K;P00519_H396P;P00533_A750P;P00533_L858R;P00533_L858R_T790M;P00533_L861Q;P00533_T790M;P00533_WT;P04626_WT;P05129_WT;P05532_WT;P06239_WT;P06241_WT;P07332_WT;P07333_WT;P07947_WT;P07948_WT;P07949_M918T;P07949_V804L;P07949_V804M;P07949_WT;P08581_M1250T;P08631_WT;P08922_WT;P09619_WT;P09769_WT;P10721_A829P;P10721_D816H;P10721_D816V;P10721_L576P;P10721_V559D;P10721_V559D_T670I;P10721_WT;P11362_WT;P12931_WT;P15056_WT;P16234_WT;P16591_WT;P17948_WT;P19525_WT;P19784_WT;P21709_WT;P21802_WT;P22607_G697C;P22607_WT;P23458_WT;P24941_WT;P29317_WT;P29597_WT;P30530_WT;P35580_WT;P35590_WT;P35916_WT;P35968_WT;P36888_D835H;P36888_D835Y;P36888_K663Q;P36888_N841I;P36888_R834Q;P36888_WT;P41240_WT;P42681_WT;P42685_WT;P43403_WT;P43405_WT;P45983_WT;P45984_WT;P45985_WT;P46734_WT;P49841_WT;P51451_WT;P51617_WT;P51813_WT;P51955_WT;P51956_WT;P52333_WT;P53355_WT;P53778_WT;P53779_WT;P54764_WT;P57059_WT;P57078_WT;P63167_WT;P67870_WT;P68400_WT;P80192_WT;Q5S007_G2019S;Q5S007_WT;Q6P3R8_WT;Q6P5Z2_WT;Q6PHR2_WT;Q7KZI7_WT;Q8IYT8_WT;Q8NG66_WT;Q8TBX8_WT;Q8TD19_WT;Q8TDX7_WT;Q9BUB5_WT;Q9H0K1_WT;Q9H2G2_WT;Q9H4B4_WT;Q9H093_WT;Q9HAZ1_WT;Q9HBH9_WT;Q9HC98_WT;Q9NQS7_WT;Q9NQU5_WT;Q9NRP7_WT;Q9NWZ3_WT;Q9NYY3_WT;Q9P0L2_WT;Q9P2K8_S808G;Q9P2K8_WT;Q9P286_WT;Q9UEE5_WT;Q9UF33_WT;Q9UHD2_WT;Q9UIK4_WT;Q9UQB9_WT;Q9Y2U5_WT;Q9Y616_WT;Q52WX2_WT;Q56UN5_WT;Q59H18_WT;Q86TW2_WT;Q96D53_WT;Q96GD4_WT;Q96L34_WT;Q02763_WT;Q02779_WT;Q05397_WT;Q06187_WT;Q07912_WT;Q08345_WT;Q08881_WT;Q12866_WT;Q13163_WT;Q13470_WT;Q14164_WT;Q14289_WT;Q15118_WT;Q15375_WT;Q16584_WT;Q92844_WT;Q99759_WT,O00311_WT;O00444_WT;O14920_WT;O15530_WT;O43293_WT;O43318_WT;O60285_WT;O60674_WT;O75385_WT;O75716_WT;O75822_WT;O94768_WT;O94804_WT;P00533_L858R_T790M;P00533_T790M;P05532_WT;P06239_WT;P06241_WT;P07947_WT;P07948_WT;P07949_M918T;P07949_V804L;P07949_V804M;P07949_WT;P08922_WT;P09619_WT;P09769_WT;P10721_A829P;P10721_D816H;P10721_D816V;P10721_L576P;P10721_V559D;P10721_V559D_T670I;P10721_WT;P12931_WT;P16234_WT;P16591_WT;P17948_WT;P19784_WT;P21709_WT;P21802_WT;P22607_G697C;P22607_WT;P23458_WT;P30530_WT;P35590_WT;P35916_WT;P35968_WT;P36888_D835H;P36888_D835Y;P36888_K663Q;P36888_N841I;P36888_R834Q;P36888_WT;P42685_WT;P43403_WT;P43405_WT;P45983_WT;P45984_WT;P51451_WT;P51617_WT;P52333_WT;P53355_WT;P53779_WT;P57059_WT;P63167_WT;P67870_WT;P68400_WT;P80192_WT;Q5S007_G2019S;Q5S007_WT;Q6P3R8_WT;Q6P5Z2_WT;Q8IYT8_WT;Q8TDX7_WT;Q9H2G2_WT;Q9H4B4_WT;Q9H093_WT;Q9HBH9_WT;Q9HC98_WT;Q9NQS7_WT;Q9NWZ3_WT;Q9NYY3_WT;Q9P2K8_S808G;Q9P2K8_WT;Q9P286_WT;Q9UEE5_WT;Q9UIK4_WT;Q9UQB9_WT;Q9Y2U5_WT;Q9Y616_WT;Q52WX2_WT;Q56UN5_WT;Q86TW2_WT;Q96D53_WT;Q96L34_WT;Q02779_WT;Q07912_WT;Q08345_WT;Q13163_WT;Q13470_WT;Q14289_WT;Q15118_WT;Q15375_WT;Q16584_WT,O00311_WT;O00444_WT;O15530_WT;O60674_WT;O75385_WT;O94768_WT;P07948_WT;P07949_M918T;P07949_V804L;P07949_V804M;P08922_WT;P09619_WT;P10721_A829P;P10721_D816H;P10721_D816V;P10721_L576P;P10721_V559D;P10721_V559D_T670I;P10721_WT;P12931_WT;P17948_WT;P19784_WT;P22607_WT;P23458_WT;P35916_WT;P36888_D835H;P36888_D835Y;P36888_K663Q;P36888_N841I;P36888_R834Q;P36888_WT;P42685_WT;P43403_WT;P51451_WT;P51617_WT;P53779_WT;P80192_WT;Q5S007_G2019S;Q6P3R8_WT;Q8IYT8_WT;Q8TDX7_WT;Q9H2G2_WT;Q9H4B4_WT;Q9HC98_WT;Q9NQS7_WT;Q9P2K8_S808G;Q9P2K8_WT;Q86TW2_WT;Q02779_WT;Q13470_WT;Q14289_WT;Q15118_WT;Q16584_WT,O00311_WT;O60674_WT;O94768_WT;P07949_M918T;P07949_V804L;P07949_V804M;P09619_WT;P10721_A829P;P10721_D816H;P10721_D816V;P10721_L576P;P10721_V559D;P12931_WT;P35916_WT;P36888_D835H;P36888_D835Y;P36888_K663Q;P36888_N841I;P36888_R834Q;P36888_WT;P51617_WT;P80192_WT;Q9H4B4_WT;Q9HC98_WT;Q9P2K8_S808G;Q9P2K8_WT;Q02779_WT,P07949_V804L;P07949_V804M;P10721_D816V;P36888_D835H;P36888_D835Y;P36888_K663Q;P36888_N841I,P36888_D835H;P36888_D835Y;P36888_K663Q,reducer
Sulfisoxazole,inactive,Cc1noc(NS(=O)(=O)c2ccc(N)cc2)c1C,spectrum,Cc1noc(NS(=O)(=O)c2ccc(N)cc2)c1C,"InChI=1S/C11H13N3O3S/c1-7-8(2)13-17-11(7)14-18(15,16)10-5-3-9(12)4-6-10/h3-6,14H,12H2,1-2H3",NHUHCSRWZMLRLA-UHFFFAOYSA-N,NHUHCSRWZMLRLA,Cc1noc(NS(=O)(=O)c2ccc(N)cc2)c1C,P26684_WT,,,,,,,inactive
Sulfaquinoxaline sodium,inactive,Nc1ccc(S(=O)(=O)Nc2nc3ccccc3nc2)cc1,spectrum,Nc1ccc(S(=O)(=O)Nc2cnc3ccccc3n2)cc1,"InChI=1S/C14H12N4O2S/c15-10-5-7-11(8-6-10)21(19,20)18-14-9-16-12-3-1-2-4-13(12)17-14/h1-9H,15H2,(H,17,18)",NHZLNPMOSADWGC-UHFFFAOYSA-N,NHZLNPMOSADWGC,Nc1ccc(S(=O)(=O)Nc2cnc3ccccc3n2)cc1,,,,,,,,inactive
Pipobroman,antineoplastic,O=C(CCBr)N1CCN(C(=O)CCBr)CC1,spectrum,O=C(CCBr)N1CCN(C(=O)CCBr)CC1,InChI=1S/C10H16Br2N2O2/c11-3-1-9(15)13-5-7-14(8-6-13)10(16)2-4-12/h1-8H2,NJBFOOCLYDNZJN-UHFFFAOYSA-N,NJBFOOCLYDNZJN,O=C(CCBr)N1CCN(C(=O)CCBr)CC1,P00352_WT;P08684_WT,P08684_WT,P08684_WT,,,,,antineoplastic
Rufloxacin hydrochloride,inactive,CN1CCN(c2c(F)cc3c(=O)c(C(=O)O)cn4CCSc2c34)CC1,spectrum,CN1CCN(c2c(F)cc3c(=O)c(C(=O)O)cn4c3c2SCC4)CC1,"InChI=1S/C17H18FN3O3S/c1-19-2-4-20(5-3-19)14-12(18)8-10-13-16(14)25-7-6-21(13)9-11(15(10)22)17(23)24/h8-9H,2-7H2,1H3,(H,23,24)",NJCJBUHJQLFDSW-UHFFFAOYSA-N,NJCJBUHJQLFDSW,CN1CCN(c2c(F)cc3c(=O)c(C(=O)O)cn4c3c2SCC4)CC1,,,,,,,,inactive
Chlorindione,inactive,O=C1c2c(cccc2)C(=O)C1c1ccc(Cl)cc1,spectrum,O=C1c2ccccc2C(=O)C1c1ccc(Cl)cc1,"InChI=1S/C15H9ClO2/c16-10-7-5-9(6-8-10)13-14(17)11-3-1-2-4-12(11)15(13)18/h1-8,13H",NJDUWAXIURWWLN-UHFFFAOYSA-N,NJDUWAXIURWWLN,O=C1c2ccccc2C(=O)C1c1ccc(Cl)cc1,,,,,,,,inactive
Tamoxifen citrate,inactive,CC/C(=C(\c1ccccc1)c1ccc(OCCN(C)C)cc1)c1ccccc1,spectrum,CC/C(=C(\c1ccccc1)c1ccc(OCCN(C)C)cc1)c1ccccc1,"InChI=1S/C26H29NO/c1-4-25(21-11-7-5-8-12-21)26(22-13-9-6-10-14-22)23-15-17-24(18-16-23)28-20-19-27(2)3/h5-18H,4,19-20H2,1-3H3/b26-25-",NKANXQFJJICGDU-QPLCGJKRSA-N,NKANXQFJJICGDU,CC/C(=C(\c1ccccc1)c1ccc(OCCN(C)C)cc1)c1ccccc1,P03372_WT;P06401_WT;P11474_WT;P20813_WT;P24557_WT;P28335_WT;P35462_WT;P62508_WT;Q9BY08_WT;Q15125_WT;Q92731_WT;Q99720_WT,P03372_WT;P06401_WT;P11474_WT;P62508_WT;Q9BY08_WT;Q15125_WT;Q92731_WT;Q99720_WT,P62508_WT;Q9BY08_WT;Q15125_WT;Q99720_WT,Q9BY08_WT;Q15125_WT;Q99720_WT,Q9BY08_WT;Q15125_WT,Q9BY08_WT,,inactive
Avocadene acetate,inactive,C=CCCCCCCCCCCCC(O)CC(O)COC(C)=O,spectrum,C=CCCCCCCCCCCCC(O)CC(O)COC(C)=O,"InChI=1S/C19H36O4/c1-3-4-5-6-7-8-9-10-11-12-13-14-18(21)15-19(22)16-23-17(2)20/h3,18-19,21-22H,1,4-16H2,2H3",NLBYRERHXBTBBR-UHFFFAOYSA-N,NLBYRERHXBTBBR,C=CCCCCCCCCCCCC(O)CC(O)COC(C)=O,,,,,,,,inactive
Tobramycin,inactive,NC[C@H]1O[C@H](O[C@@H]2[C@@H](N)C[C@@H](N)[C@H](O[C@H]3O[C@H](CO)[C@@H](O)[C@H](N)[C@H]3O)[C@H]2O)[C@H](N)C[C@@H]1O,spectrum,NC[C@H]1O[C@H](O[C@H]2[C@H](O)[C@@H](O[C@H]3O[C@H](CO)[C@@H](O)[C@H](N)[C@H]3O)[C@H](N)C[C@@H]2N)[C@H](N)C[C@@H]1O,"InChI=1S/C18H37N5O9/c19-3-9-8(25)2-7(22)17(29-9)31-15-5(20)1-6(21)16(14(15)28)32-18-13(27)11(23)12(26)10(4-24)30-18/h5-18,24-28H,1-4,19-23H2/t5-,6+,7+,8-,9+,10+,11-,12+,13+,14-,15+,16-,17+,18+/m0/s1",NLVFBUXFDBBNBW-PBSUHMDJSA-N,NLVFBUXFDBBNBW,NC[C@H]1O[C@H](O[C@H]2[C@H](O)[C@@H](O[C@H]3O[C@H](CO)[C@@H](O)[C@H](N)[C@H]3O)[C@H](N)C[C@@H]2N)[C@H](N)C[C@@H]1O,,,,,,,,inactive
Butylated hydroxytoluene,inactive,Cc1cc(C(C)(C)C)c(O)c(C(C)(C)C)c1,spectrum,Cc1cc(C(C)(C)C)c(O)c(C(C)(C)C)c1,"InChI=1S/C15H24O/c1-10-8-11(14(2,3)4)13(16)12(9-10)15(5,6)7/h8-9,16H,1-7H3",NLZUEZXRPGMBCV-UHFFFAOYSA-N,NLZUEZXRPGMBCV,Cc1cc(C(C)(C)C)c(O)c(C(C)(C)C)c1,P00918_WT,,,,,,,inactive
Epiafzelechin trimethyl ether,inactive,COc1ccc([C@H]2Oc3c(C[C@H]2O)c(OC)cc(OC)c3)cc1,spectrum,COc1ccc([C@H]2Oc3cc(OC)cc(OC)c3C[C@H]2O)cc1,"InChI=1S/C18H20O5/c1-20-12-6-4-11(5-7-12)18-15(19)10-14-16(22-3)8-13(21-2)9-17(14)23-18/h4-9,15,18-19H,10H2,1-3H3/t15-,18-/m1/s1",NMLBREXWQRPOJH-CRAIPNDOSA-N,NMLBREXWQRPOJH,COc1ccc([C@H]2Oc3cc(OC)cc(OC)c3C[C@H]2O)cc1,,,,,,,,inactive
Azacitidine,antineoplastic,Nc1nc(=O)n([C@@H]2O[C@H](CO)[C@@H](O)[C@H]2O)cn1,spectrum,Nc1ncn([C@@H]2O[C@H](CO)[C@@H](O)[C@H]2O)c(=O)n1,"InChI=1S/C8H12N4O5/c9-7-10-2-12(8(16)11-7)6-5(15)4(14)3(1-13)17-6/h2-6,13-15H,1H2,(H2,9,11,16)/t3-,4-,5-,6-/m1/s1",NMUSYJAQQFHJEW-KVTDHHQDSA-N,NMUSYJAQQFHJEW,Nc1ncn([C@@H]2O[C@H](CO)[C@@H](O)[C@H]2O)c(=O)n1,P26358_WT,P26358_WT,,,,,,antineoplastic
Lidocaine hydrochloride,enhancer,CCN(CC)CC(=O)Nc1c(C)cccc1C,spectrum,CCN(CC)CC(=O)Nc1c(C)cccc1C,"InChI=1S/C14H22N2O/c1-5-16(6-2)10-13(17)15-14-11(3)8-7-9-12(14)4/h7-9H,5-6,10H2,1-4H3,(H,15,17)",NNJVILVZKWQKPM-UHFFFAOYSA-N,NNJVILVZKWQKPM,CCN(CC)CC(=O)Nc1c(C)cccc1C,O94925_WT,,,,,,,enhancer
Etodolac,inactive,CCc1c2[nH]c3c(CCOC3(CC)CC(=O)O)c2ccc1,spectrum,CCc1cccc2c3c([nH]c12)C(CC)(CC(=O)O)OCC3,"InChI=1S/C17H21NO3/c1-3-11-6-5-7-12-13-8-9-21-17(4-2,10-14(19)20)16(13)18-15(11)12/h5-7,18H,3-4,8-10H2,1-2H3,(H,19,20)",NNYBQONXHNTVIJ-UHFFFAOYSA-N,NNYBQONXHNTVIJ,CCc1cccc2c3c([nH]c12)C(CC)(CC(=O)O)OCC3,,,,,,,,inactive
Difloxacin hydrochloride,inactive,CN1CCN(c2c(F)cc3c(=O)c(C(=O)O)cn(-c4ccc(F)cc4)c3c2)CC1,spectrum,CN1CCN(c2cc3c(cc2F)c(=O)c(C(=O)O)cn3-c2ccc(F)cc2)CC1,"InChI=1S/C21H19F2N3O3/c1-24-6-8-25(9-7-24)19-11-18-15(10-17(19)23)20(27)16(21(28)29)12-26(18)14-4-2-13(22)3-5-14/h2-5,10-12H,6-9H2,1H3,(H,28,29)",NOCJXYPHIIZEHN-UHFFFAOYSA-N,NOCJXYPHIIZEHN,CN1CCN(c2cc3c(cc2F)c(=O)c(C(=O)O)cn3-c2ccc(F)cc2)CC1,,,,,,,,inactive
Pseudo-anisatin,inactive,C[C@H]1C[C@@H](O)[C@]2(O)[C@@]13CC(=O)OC[C@@]2(C)[C@](C)(O)C(=O)C3,spectrum,C[C@H]1C[C@@H](O)[C@]2(O)[C@@]13CC(=O)OC[C@@]2(C)[C@](C)(O)C(=O)C3,"InChI=1S/C15H22O6/c1-8-4-9(16)15(20)12(2)7-21-11(18)6-14(8,15)5-10(17)13(12,3)19/h8-9,16,19-20H,4-7H2,1-3H3/t8-,9+,12-,13+,14-,15+/m0/s1",NOHXYGXFTACADH-JHLBFKOCSA-N,NOHXYGXFTACADH,C[C@H]1C[C@@H](O)[C@]2(O)[C@@]13CC(=O)OC[C@@]2(C)[C@](C)(O)C(=O)C3,,,,,,,,inactive
Nialamide,inactive,O=C(CCNNC(=O)c1ccncc1)NCc1ccccc1,spectrum,O=C(CCNNC(=O)c1ccncc1)NCc1ccccc1,"InChI=1S/C16H18N4O2/c21-15(18-12-13-4-2-1-3-5-13)8-11-19-20-16(22)14-6-9-17-10-7-14/h1-7,9-10,19H,8,11-12H2,(H,18,21)(H,20,22)",NOIIUHRQUVNIDD-UHFFFAOYSA-N,NOIIUHRQUVNIDD,O=C(CCNNC(=O)c1ccncc1)NCc1ccccc1,,,,,,,,inactive
Flunixin meglumine,inactive,Cc1c(C(F)(F)F)cccc1Nc1c(C(=O)O)cccn1,spectrum,Cc1c(Nc2ncccc2C(=O)O)cccc1C(F)(F)F,"InChI=1S/C14H11F3N2O2/c1-8-10(14(15,16)17)5-2-6-11(8)19-12-9(13(20)21)4-3-7-18-12/h2-7H,1H3,(H,18,19)(H,20,21)",NOOCSNJCXJYGPE-UHFFFAOYSA-N,NOOCSNJCXJYGPE,Cc1c(Nc2ncccc2C(=O)O)cccc1C(F)(F)F,,,,,,,,inactive
Acepromazine maleate,inactive,CC(=O)c1cc2c(cc1)Sc1c(cccc1)N2CCCN(C)C,spectrum,CC(=O)c1ccc2c(c1)N(CCCN(C)C)c1ccccc1S2,"InChI=1S/C19H22N2OS/c1-14(22)15-9-10-19-17(13-15)21(12-6-11-20(2)3)16-7-4-5-8-18(16)23-19/h4-5,7-10,13H,6,11-12H2,1-3H3",NOSIYYJFMPDDSA-UHFFFAOYSA-N,NOSIYYJFMPDDSA,CC(=O)c1ccc2c(c1)N(CCCN(C)C)c1ccccc1S2,,,,,,,,inactive
12-hydroxy-4.4-bisnor-4.8.11.13-podocarpatetraen-3-one,inactive,C[C@]12CCC(=O)C=C1CCc1c2cc(O)cc1,spectrum,C[C@]12CCC(=O)C=C1CCc1ccc(O)cc12,"InChI=1S/C15H16O2/c1-15-7-6-13(17)8-11(15)4-2-10-3-5-12(16)9-14(10)15/h3,5,8-9,16H,2,4,6-7H2,1H3/t15-/m0/s1",NPJWANZASAIMBS-HNNXBMFYSA-N,NPJWANZASAIMBS,C[C@]12CCC(=O)C=C1CCc1ccc(O)cc12,,,,,,,,inactive
Etomidate,inactive,CCOC(=O)c1cncn1[C@H](C)c1ccccc1,spectrum,CCOC(=O)c1cncn1[C@H](C)c1ccccc1,"InChI=1S/C14H16N2O2/c1-3-18-14(17)13-9-15-10-16(13)11(2)12-7-5-4-6-8-12/h4-11H,3H2,1-2H3/t11-/m1/s1",NPUKDXXFDDZOKR-LLVKDONJSA-N,NPUKDXXFDDZOKR,CCOC(=O)c1cncn1[C@H](C)c1ccccc1,P08684_WT;P15538_WT;P19099_WT,P15538_WT;P19099_WT,P15538_WT;P19099_WT,P15538_WT;P19099_WT,P15538_WT;P19099_WT,P15538_WT;P19099_WT,P15538_WT;P19099_WT,inactive
Bromindione,inactive,O=C1c2c(cccc2)C(=O)C1c1ccc(Br)cc1,spectrum,O=C1c2ccccc2C(=O)C1c1ccc(Br)cc1,"InChI=1S/C15H9BrO2/c16-10-7-5-9(6-8-10)13-14(17)11-3-1-2-4-12(11)15(13)18/h1-8,13H",NPUZIGSOEWMFKK-UHFFFAOYSA-N,NPUZIGSOEWMFKK,O=C1c2ccccc2C(=O)C1c1ccc(Br)cc1,,,,,,,,inactive
Triclabendazole,inactive,CSc1nc2c(cc(Oc3c(Cl)c(Cl)ccc3)c(Cl)c2)[nH]1,spectrum,CSc1nc2cc(Cl)c(Oc3cccc(Cl)c3Cl)cc2[nH]1,"InChI=1S/C14H9Cl3N2OS/c1-21-14-18-9-5-8(16)12(6-10(9)19-14)20-11-4-2-3-7(15)13(11)17/h2-6H,1H3,(H,18,19)",NQPDXQQQCQDHHW-UHFFFAOYSA-N,NQPDXQQQCQDHHW,CSc1nc2cc(Cl)c(Oc3cccc(Cl)c3Cl)cc2[nH]1,,,,,,,,inactive
Teniposide,antineoplastic,COc1cc([C@@H]2c3cc4c(cc3C(O[C@@H]3O[C@@H]5CO[C@@H](c6cccs6)OC5[C@H](O)[C@H]3O)C3COC(=O)[C@@H]32)OCO4)cc(OC)c1O,spectrum,COc1cc([C@@H]2c3cc4c(cc3C(O[C@@H]3O[C@@H]5CO[C@@H](c6cccs6)OC5[C@H](O)[C@H]3O)C3COC(=O)C32)OCO4)cc(OC)c1O,"InChI=1S/C32H32O13S/c1-37-19-6-13(7-20(38-2)25(19)33)23-14-8-17-18(42-12-41-17)9-15(14)28(16-10-39-30(36)24(16)23)44-32-27(35)26(34)29-21(43-32)11-40-31(45-29)22-4-3-5-46-22/h3-9,16,21,23-24,26-29,31-35H,10-12H2,1-2H3/t16?,21-,23-,24?,26-,27-,28?,29?,31-,32+/m1/s1",NRUKOCRGYNPUPR-PSTBMQDWSA-N,NRUKOCRGYNPUPR,COc1cc([C@@H]2c3cc4c(cc3C(O[C@@H]3O[C@@H]5CO[C@@H](c6cccs6)OC5[C@H](O)[C@H]3O)C3COC(=O)C32)OCO4)cc(OC)c1O,P04637_WT;P18113_WT;Q9NUW8_WT;Q9Y6Q9_WT;Q15788_WT;Q16637_WT,Q9NUW8_WT;Q9Y6Q9_WT;Q15788_WT,Q9NUW8_WT;Q9Y6Q9_WT;Q15788_WT,Q9NUW8_WT,,,,antineoplastic
Quinine ethyl carbonate,inactive,C=C[C@H]1C[N@]2CC[C@H]1C[C@@H]2[C@@H](OC(=O)OCC)c1ccnc2c1cc(OC)cc2,spectrum,C=C[C@H]1C[N@]2CC[C@H]1C[C@@H]2[C@@H](OC(=O)OCC)c1ccnc2ccc(OC)cc12,"InChI=1S/C23H28N2O4/c1-4-15-14-25-11-9-16(15)12-21(25)22(29-23(26)28-5-2)18-8-10-24-20-7-6-17(27-3)13-19(18)20/h4,6-8,10,13,15-16,21-22H,1,5,9,11-12,14H2,2-3H3/t15-,16-,21+,22-/m0/s1",NSBRKSWSLRQPJW-FRMGNDQPSA-N,NSBRKSWSLRQPJW,C=C[C@H]1C[N@]2CC[C@H]1C[C@@H]2[C@@H](OC(=O)OCC)c1ccnc2ccc(OC)cc12,,,,,,,,inactive
Ribostamycin sulfate,inactive,NC[C@H]1O[C@H](O[C@H]2C(O[C@@H]3O[C@H](CO)[C@@H](O)[C@H]3O)[C@@H](O)[C@H](N)C[C@@H]2N)[C@H](N)[C@@H](O)[C@@H]1O,spectrum,NC[C@H]1O[C@H](O[C@H]2C(O[C@@H]3O[C@H](CO)[C@@H](O)[C@H]3O)[C@@H](O)[C@H](N)C[C@@H]2N)[C@H](N)[C@@H](O)[C@@H]1O,"InChI=1S/C17H34N4O10/c18-2-6-10(24)12(26)8(21)16(28-6)30-14-5(20)1-4(19)9(23)15(14)31-17-13(27)11(25)7(3-22)29-17/h4-17,22-27H,1-3,18-21H2/t4-,5+,6-,7-,8-,9+,10-,11-,12-,13-,14-,15?,16-,17+/m1/s1",NSKGQURZWSPSBC-VCUPSGBRSA-N,NSKGQURZWSPSBC,NC[C@H]1O[C@H](O[C@H]2C(O[C@@H]3O[C@H](CO)[C@@H](O)[C@H]3O)[C@@H](O)[C@H](N)C[C@@H]2N)[C@H](N)[C@@H](O)[C@@H]1O,,,,,,,,inactive
Editol,inactive,CC(O)CN(CCN(CC(C)O)CC(C)O)CC(C)O,spectrum,CC(O)CN(CCN(CC(C)O)CC(C)O)CC(C)O,"InChI=1S/C14H32N2O4/c1-11(17)7-15(8-12(2)18)5-6-16(9-13(3)19)10-14(4)20/h11-14,17-20H,5-10H2,1-4H3",NSOXQYCFHDMMGV-UHFFFAOYSA-N,NSOXQYCFHDMMGV,CC(O)CN(CCN(CC(C)O)CC(C)O)CC(C)O,P03372_WT,,,,,,,inactive
2.3-dihydroxy-4-methoxy-4'-ethoxybenzophenone,inactive,CCOc1ccc(C(=O)c2c(O)c(O)c(OC)cc2)cc1,spectrum,CCOc1ccc(C(=O)c2ccc(OC)c(O)c2O)cc1,"InChI=1S/C16H16O5/c1-3-21-11-6-4-10(5-7-11)14(17)12-8-9-13(20-2)16(19)15(12)18/h4-9,18-19H,3H2,1-2H3",NTAHJPYHXKMYBL-UHFFFAOYSA-N,NTAHJPYHXKMYBL,CCOc1ccc(C(=O)c2ccc(OC)c(O)c2O)cc1,,,,,,,,inactive
7.2'-dihydroxyflavone,inactive,O=c1cc(-c2ccccc2O)oc2c1ccc(O)c2,spectrum,O=c1cc(-c2ccccc2O)oc2cc(O)ccc12,"InChI=1S/C15H10O4/c16-9-5-6-11-13(18)8-15(19-14(11)7-9)10-3-1-2-4-12(10)17/h1-8,16-17H",NUGPQONICGTVNA-UHFFFAOYSA-N,NUGPQONICGTVNA,O=c1cc(-c2ccccc2O)oc2cc(O)ccc12,,,,,,,,inactive
Morantel citrate,inactive,Cc1c(/C=C/C2=NCCCN2C)scc1,spectrum,Cc1ccsc1C=CC1=NCCCN1C,"InChI=1S/C12H16N2S/c1-10-6-9-15-11(10)4-5-12-13-7-3-8-14(12)2/h4-6,9H,3,7-8H2,1-2H3",NVEPPWDVLBMNMB-UHFFFAOYSA-N,NVEPPWDVLBMNMB,Cc1ccsc1C=CC1=NCCCN1C,,,,,,,,inactive
Pp-121,reducer,C1(=CN=C2C(=C1)C=CN2)C3=NN(C4=C3C(=NC=N4)N)C5CCCC5,selleckchem,Nc1ncnc2c1c(-c1cnc3[nH]ccc3c1)nn2C1CCCC1,"InChI=1S/C17H17N7/c18-15-13-14(11-7-10-5-6-19-16(10)20-8-11)23-24(12-3-1-2-4-12)17(13)22-9-21-15/h5-9,12H,1-4H2,(H,19,20)(H2,18,21,22)",NVRXTLZYXZNATH-UHFFFAOYSA-N,NVRXTLZYXZNATH,Nc1ncnc2c1c(-c1cnc3[nH]ccc3c1)nn2C1CCCC1,O00329_WT;O75116_WT;O94806_WT;O95819_WT;O96013_WT;P00519_WT;P00533_WT;P06239_WT;P06241_WT;P07333_WT;P07949_WT;P08069_WT;P08631_WT;P09619_WT;P11362_WT;P12931_WT;P16234_WT;P17612_WT;P17948_WT;P27448_WT;P29376_WT;P35557_WT;P35968_WT;P42336_WT;P42345_WT;P48729_WT;P53667_WT;P54760_WT;P78527_WT;Q5S007_WT;Q9HAZ1_WT;Q9UBF8_WT;Q9UM73_WT;Q02750_WT;Q04759_WT;Q04771_WT;Q04912_WT;Q06418_WT;Q07912_WT;Q12851_WT;Q13464_WT,O00329_WT;O75116_WT;O94806_WT;P00519_WT;P00533_WT;P06239_WT;P06241_WT;P07949_WT;P08631_WT;P11362_WT;P12931_WT;P17948_WT;P29376_WT;P35968_WT;P42336_WT;P42345_WT;P48729_WT;P53667_WT;P54760_WT;P78527_WT;Q5S007_WT;Q9UBF8_WT;Q04771_WT;Q04912_WT;Q13464_WT,O75116_WT;P00519_WT;P06241_WT;P07949_WT;P08631_WT;P12931_WT;P17948_WT;P35968_WT;P42336_WT;P42345_WT;P48729_WT;P78527_WT;Q5S007_WT;Q9UBF8_WT;Q04771_WT,P00519_WT;P07949_WT;P08631_WT;P12931_WT;P35968_WT;P42345_WT,P07949_WT;P08631_WT;P35968_WT,P07949_WT,,reducer
Betaxalol hydrochloride,inactive,CC(C)NCC(O)COc1ccc(CCOCC2CC2)cc1,spectrum,CC(C)NCC(O)COc1ccc(CCOCC2CC2)cc1,"InChI=1S/C18H29NO3/c1-14(2)19-11-17(20)13-22-18-7-5-15(6-8-18)9-10-21-12-16-3-4-16/h5-8,14,16-17,19-20H,3-4,9-13H2,1-2H3",NWIUTZDMDHAVTP-UHFFFAOYSA-N,NWIUTZDMDHAVTP,CC(C)NCC(O)COc1ccc(CCOCC2CC2)cc1,P08588_WT;P11712_WT;P18090_WT,P08588_WT;P18090_WT,P08588_WT;P18090_WT,P08588_WT;P18090_WT,P08588_WT;P18090_WT,P08588_WT;P18090_WT,,inactive
Citropten,inactive,COc1cc2c(ccc(=O)o2)c(OC)c1,spectrum,COc1cc(OC)c2ccc(=O)oc2c1,"InChI=1S/C11H10O4/c1-13-7-5-9(14-2)8-3-4-11(12)15-10(8)6-7/h3-6H,1-2H3",NXJCRELRQHZBQA-UHFFFAOYSA-N,NXJCRELRQHZBQA,COc1cc(OC)c2ccc(=O)oc2c1,Q9Y468_WT,Q9Y468_WT,Q9Y468_WT,,,,,inactive
Dipyrocetyl,inactive,CC(=O)Oc1cccc(C(=O)O)c1OC(C)=O,spectrum,CC(=O)Oc1cccc(C(=O)O)c1OC(C)=O,"InChI=1S/C11H10O6/c1-6(12)16-9-5-3-4-8(11(14)15)10(9)17-7(2)13/h3-5H,1-2H3,(H,14,15)",NYIZXMGNIUSNKL-UHFFFAOYSA-N,NYIZXMGNIUSNKL,CC(=O)Oc1cccc(C(=O)O)c1OC(C)=O,P28482_WT,P28482_WT,P28482_WT,,,,,inactive
Rifaximin,enhancer,CO[C@H]1/C=C/O[C@@]2(C)Oc3c(C)c(O)c4c(O)c(NC(=O)/C(C)=C\C=C\[C@H](C)[C@H](O)[C@@H](C)C(O)[C@@H](C)[C@H](OC(C)=O)[C@@H]1C)c1c(nc5cc(C)ccn51)c4c3C2=O,spectrum,CO[C@H]1/C=C/O[C@@]2(C)Oc3c(C)c(O)c4c(O)c(c5c(nc6cc(C)ccn65)c4c3C2=O)NC(=O)C(C)=CC=CC(C)[C@H](O)[C@@H](C)C(O)[C@@H](C)[C@H](OC(C)=O)[C@@H]1C,"InChI=1S/C43H51N3O11/c1-19-14-16-46-28(18-19)44-32-29-30-37(50)25(7)40-31(29)41(52)43(9,57-40)55-17-15-27(54-10)22(4)39(56-26(8)47)24(6)36(49)23(5)35(48)20(2)12-11-13-21(3)42(53)45-33(34(32)46)38(30)51/h11-18,20,22-24,27,35-36,39,48-51H,1-10H3,(H,45,53)/b12-11?,17-15+,21-13?/t20?,22-,23-,24-,27+,35+,36?,39-,43+/m1/s1",NZCRJKRKKOLAOJ-HPBIKMJXSA-N,NZCRJKRKKOLAOJ,CO[C@H]1/C=C/O[C@@]2(C)Oc3c(C)c(O)c4c(O)c(c5c(nc6cc(C)ccn65)c4c3C2=O)NC(=O)C(C)=CC=CC(C)[C@H](O)[C@@H](C)C(O)[C@@H](C)[C@H](OC(C)=O)[C@@H]1C,,,,,,,,enhancer
Tranilast,inactive,COc1ccc(/C=C/C(=O)Nc2c(C(=O)O)cccc2)cc1OC,spectrum,COc1ccc(/C=C/C(=O)Nc2ccccc2C(=O)O)cc1OC,"InChI=1S/C18H17NO5/c1-23-15-9-7-12(11-16(15)24-2)8-10-17(20)19-14-6-4-3-5-13(14)18(21)22/h3-11H,1-2H3,(H,19,20)(H,21,22)/b10-8+",NZHGWWWHIYHZNX-CSKARUKUSA-N,NZHGWWWHIYHZNX,COc1ccc(/C=C/C(=O)Nc2ccccc2C(=O)O)cc1OC,P11511_WT;P51151_WT;Q16637_WT,P11511_WT,,,,,,inactive
Pimethixene maleate,inactive,CN1CCC(=C2c3c(cccc3)Sc3c2cccc3)CC1,spectrum,CN1CCC(=C2c3ccccc3Sc3ccccc32)CC1,"InChI=1S/C19H19NS/c1-20-12-10-14(11-13-20)19-15-6-2-4-8-17(15)21-18-9-5-3-7-16(18)19/h2-9H,10-13H2,1H3",NZLVRVYNQYGMAB-UHFFFAOYSA-N,NZLVRVYNQYGMAB,CN1CCC(=C2c3ccccc3Sc3ccccc32)CC1,P14842_WT,P14842_WT,P14842_WT,P14842_WT,P14842_WT,P14842_WT,,inactive
Visnagin,inactive,COc1c2c(=O)cc(C)oc2cc2c1cco2,spectrum,COc1c2ccoc2cc2oc(C)cc(=O)c12,"InChI=1S/C13H10O4/c1-7-5-9(14)12-11(17-7)6-10-8(3-4-16-10)13(12)15-2/h3-6H,1-2H3",NZVQLVGOZRELTG-UHFFFAOYSA-N,NZVQLVGOZRELTG,COc1c2ccoc2cc2oc(C)cc(=O)c12,,,,,,,,inactive
Dibenzoylmethane,inactive,O=C(CC(=O)c1ccccc1)c1ccccc1,spectrum,O=C(CC(=O)c1ccccc1)c1ccccc1,"InChI=1S/C15H12O2/c16-14(12-7-3-1-4-8-12)11-15(17)13-9-5-2-6-10-13/h1-10H,11H2",NZZIMKJIVMHWJC-UHFFFAOYSA-N,NZZIMKJIVMHWJC,O=C(CC(=O)c1ccccc1)c1ccccc1,,,,,,,,inactive
Sotrastaurin,inactive,N1C(C(=C(C1=O)C2N=C(N=C3C=CC=CC=23)N4CCN(CC4)C)C5=CNC6C=CC=CC5=6)=O,selleckchem,CN1CCN(c2nc(C3=C(c4c[nH]c5ccccc45)C(=O)NC3=O)c3ccccc3n2)CC1,"InChI=1S/C25H22N6O2/c1-30-10-12-31(13-11-30)25-27-19-9-5-3-7-16(19)22(28-25)21-20(23(32)29-24(21)33)17-14-26-18-8-4-2-6-15(17)18/h2-9,14,26H,10-13H2,1H3,(H,29,32,33)",OAVGBZOFDPFGPJ-UHFFFAOYSA-N,OAVGBZOFDPFGPJ,CN1CCN(c2nc(C3=C(c4c[nH]c5ccccc45)C(=O)NC3=O)c3ccccc3n2)CC1,O00141_WT;O95819_WT;P05129_WT;P05771_WT;P11309_WT;P16591_WT;P17252_WT;P23443_WT;P24723_WT;P24941_WT;P31749_WT;P34947_WT;P35916_WT;P35968_WT;P41743_WT;P49840_WT;P49841_WT;P51812_WT;P53350_WT;P68404_WT;Q8N4C8_WT;Q9H2G2_WT;Q9HBY8_WT;Q9P1W9_WT;Q9UKE5_WT;Q9Y4K4_WT;Q86V86_WT;Q02156_WT;Q04759_WT;Q04912_WT;Q05513_WT;Q05655_WT;Q13131_WT;Q13188_WT;Q13555_WT;Q13557_WT;Q13976_WT;Q16513_WT,P05129_WT;P05771_WT;P11309_WT;P17252_WT;P23443_WT;P24723_WT;P24941_WT;P51812_WT;P53350_WT;P68404_WT;Q8N4C8_WT;Q9H2G2_WT;Q9P1W9_WT;Q9UKE5_WT;Q9Y4K4_WT;Q02156_WT;Q04759_WT;Q04912_WT;Q05513_WT;Q05655_WT;Q13188_WT;Q13555_WT;Q13557_WT;Q16513_WT,P05129_WT;P05771_WT;P17252_WT;P24723_WT;P53350_WT;Q8N4C8_WT;Q9P1W9_WT;Q9UKE5_WT;Q02156_WT;Q04759_WT;Q05655_WT;Q13555_WT;Q13557_WT,P05129_WT;P05771_WT;P17252_WT;P24723_WT;Q8N4C8_WT;Q9P1W9_WT;Q02156_WT;Q04759_WT;Q05655_WT,P05771_WT;P17252_WT;P24723_WT;Q9P1W9_WT;Q02156_WT;Q04759_WT;Q05655_WT,Q9P1W9_WT;Q05655_WT,,inactive
Salvinorin a,inactive,COC(=O)[C@@H]1C[C@H](OC(C)=O)C(=O)[C@H]2[C@@]1(C)CC[C@H]1C(=O)O[C@H](c3cocc3)C[C@]21C,spectrum,COC(=O)C1CC(OC(C)=O)C(=O)C2[C@@]1(C)CCC1C(=O)O[C@H](c3ccoc3)C[C@@]12C,"InChI=1S/C23H28O8/c1-12(24)30-16-9-15(20(26)28-4)22(2)7-5-14-21(27)31-17(13-6-8-29-11-13)10-23(14,3)19(22)18(16)25/h6,8,11,14-17,19H,5,7,9-10H2,1-4H3/t14?,15?,16?,17-,19?,22-,23-/m0/s1",OBSYBRPAKCASQB-DEXCXCDCSA-N,OBSYBRPAKCASQB,COC(=O)C1CC(OC(C)=O)C(=O)C2[C@@]1(C)CCC1C(=O)O[C@H](c3ccoc3)C[C@@]12C,P34975_WT;P41145_WT,P34975_WT;P41145_WT,P34975_WT;P41145_WT,P34975_WT;P41145_WT,P41145_WT,,,inactive
Pha-680632,inactive,C1(=CC=C(C=C1)C(=O)NC2C3=C(NN=2)CN(C3)C(=O)NC4=C(C=CC=C4CC)CC)N5CCN(CC5)C,selleckchem,CCc1cccc(CC)c1NC(=O)N1Cc2[nH]nc(NC(=O)c3ccc(N4CCN(C)CC4)cc3)c2C1,"InChI=1S/C28H35N7O2/c1-4-19-7-6-8-20(5-2)25(19)29-28(37)35-17-23-24(18-35)31-32-26(23)30-27(36)21-9-11-22(12-10-21)34-15-13-33(3)14-16-34/h6-12H,4-5,13-18H2,1-3H3,(H,29,37)(H2,30,31,32,36)",OBWNXGOQPLDDPS-UHFFFAOYSA-N,OBWNXGOQPLDDPS,CCc1cccc(CC)c1NC(=O)N1Cc2[nH]nc(NC(=O)c3ccc(N4CCN(C)CC4)cc3)c2C1,O14965_WT;Q9UQB9_WT;Q96GD4_WT,O14965_WT;Q9UQB9_WT;Q96GD4_WT,O14965_WT,O14965_WT,O14965_WT,,,inactive
Carbenoxolone sodium,inactive,CC1(C)C2CC[C@]3(C)C(C(=O)C=C4[C@@H]5C[C@@](C)(C(=O)O)CC[C@]5(C)CC[C@]43C)[C@@]2(C)CC[C@@H]1OC(=O)CCC(=O)O,spectrum,CC1(C)C2CC[C@]3(C)C(C(=O)C=C4C5C[C@@](C)(C(=O)O)CC[C@]5(C)CC[C@]43C)[C@@]2(C)CC[C@@H]1OC(=O)CCC(=O)O,"InChI=1S/C34H50O7/c1-29(2)23-10-13-34(7)27(32(23,5)12-11-24(29)41-26(38)9-8-25(36)37)22(35)18-20-21-19-31(4,28(39)40)15-14-30(21,3)16-17-33(20,34)6/h18,21,23-24,27H,8-17,19H2,1-7H3,(H,36,37)(H,39,40)/t21?,23?,24-,27?,30+,31-,32-,33+,34+/m0/s1",OBZHEBDUNPOCJG-ZBUYESKWSA-N,OBZHEBDUNPOCJG,CC1(C)C2CC[C@]3(C)C(C(=O)C=C4C5C[C@@](C)(C(=O)O)CC[C@]5(C)CC[C@]43C)[C@@]2(C)CC[C@@H]1OC(=O)CCC(=O)O,P28845_WT;P50172_WT;P51661_WT;P80365_WT,P50172_WT;P51661_WT;P80365_WT,P51661_WT,,,,,inactive
Bifonazole,inactive,c1ccc(-c2ccc(C(c3ccccc3)n3ccnc3)cc2)cc1,spectrum,c1ccc(-c2ccc(C(c3ccccc3)n3ccnc3)cc2)cc1,"InChI=1S/C22H18N2/c1-3-7-18(8-4-1)19-11-13-21(14-12-19)22(24-16-15-23-17-24)20-9-5-2-6-10-20/h1-17,22H",OCAPBUJLXMYKEJ-UHFFFAOYSA-N,OCAPBUJLXMYKEJ,c1ccc(-c2ccc(C(c3ccccc3)n3ccnc3)cc2)cc1,P05093_WT;P08684_WT;P11511_WT;Q16850_WT,P05093_WT;P08684_WT,,,,,,inactive
Meclizine hydrochloride,inactive,Cc1cccc(CN2CCN(C(c3ccccc3)c3ccc(Cl)cc3)CC2)c1,spectrum,Cc1cccc(CN2CCN(C(c3ccccc3)c3ccc(Cl)cc3)CC2)c1,"InChI=1S/C25H27ClN2/c1-20-6-5-7-21(18-20)19-27-14-16-28(17-15-27)25(22-8-3-2-4-9-22)23-10-12-24(26)13-11-23/h2-13,18,25H,14-17,19H2,1H3",OCJYIGYOJCODJL-UHFFFAOYSA-N,OCJYIGYOJCODJL,Cc1cccc(CN2CCN(C(c3ccccc3)c3ccc(Cl)cc3)CC2)c1,,,,,,,,inactive
Hmn-214,reducer,C1=CC=CC(=C1N(S(C2=CC=C(C=C2)OC)(=O)=O)C(C)=O)/C=C/C3=CC=N(C=C3)=O,selleckchem,COc1ccc(S(=O)(=O)N(C(C)=O)c2ccccc2/C=C/c2cc[n+]([O-])cc2)cc1,"InChI=1S/C22H20N2O5S/c1-17(25)24(30(27,28)21-11-9-20(29-2)10-12-21)22-6-4-3-5-19(22)8-7-18-13-15-23(26)16-14-18/h3-16H,1-2H3/b8-7+",OCKHRKSTDPOHEN-BQYQJAHWSA-N,OCKHRKSTDPOHEN,COc1ccc(S(=O)(=O)N(C(C)=O)c2ccccc2/C=C/c2cc[n+]([O-])cc2)cc1,,,,,,,,reducer
Simazine,inactive,CCNc1nc(NCC)nc(Cl)n1,spectrum,CCNc1nc(Cl)nc(NCC)n1,"InChI=1S/C7H12ClN5/c1-3-9-6-11-5(8)12-7(13-6)10-4-2/h3-4H2,1-2H3,(H2,9,10,11,12,13)",ODCWYMIRDDJXKW-UHFFFAOYSA-N,ODCWYMIRDDJXKW,CCNc1nc(Cl)nc(NCC)n1,,,,,,,,inactive
Strophanthidin,inactive,C[C@]12CCC3C(CC[C@]4(O)C[C@@H](O)CC[C@]34C=O)[C@@]1(O)CCC2C1=CC(=O)OC1,spectrum,C[C@]12CCC3C(CC[C@]4(O)C[C@@H](O)CC[C@]34C=O)[C@@]1(O)CCC2C1=CC(=O)OC1,"InChI=1S/C23H32O6/c1-20-6-3-17-18(4-8-22(27)11-15(25)2-7-21(17,22)13-24)23(20,28)9-5-16(20)14-10-19(26)29-12-14/h10,13,15-18,25,27-28H,2-9,11-12H2,1H3/t15-,16?,17?,18?,20+,21-,22-,23-/m0/s1",ODJLBQGVINUMMR-VJHNTTCYSA-N,ODJLBQGVINUMMR,C[C@]12CCC3C(CC[C@]4(O)C[C@@H](O)CC[C@]34C=O)[C@@]1(O)CCC2C1=CC(=O)OC1,Q16665_WT,,,,,,,inactive
Floxuridine,antineoplastic,O=c1[nH]c(=O)n(C2C[C@@H](O)[C@@H](CO)O2)cc1F,spectrum,O=c1[nH]c(=O)n(C2C[C@@H](O)[C@@H](CO)O2)cc1F,"InChI=1S/C9H11FN2O5/c10-4-2-12(9(16)11-8(4)15)7-1-5(14)6(3-13)17-7/h2,5-7,13-14H,1,3H2,(H,11,15,16)/t5-,6-,7?/m1/s1",ODKNJVUHOIMIIZ-CQMSUOBXSA-N,ODKNJVUHOIMIIZ,O=c1[nH]c(=O)n(C2C[C@@H](O)[C@@H](CO)O2)cc1F,P04637_WT;P07607_WT;P18113_WT;P25094_WT;Q9NUW8_WT;Q16637_WT,P07607_WT;P25094_WT;Q9NUW8_WT,P07607_WT;P25094_WT;Q9NUW8_WT,P07607_WT;P25094_WT,P07607_WT;P25094_WT,P07607_WT,P07607_WT,antineoplastic
Khivorin,inactive,CC(=O)O[C@H]1C[C@@H](OC(C)=O)C(C)(C)C2C[C@@H](OC(C)=O)[C@]3(C)C(CC[C@@]4(C)[C@H](c5cocc5)OC(=O)[C@H]5O[C@]543)[C@]21C,spectrum,CC(=O)O[C@H]1C[C@@H](OC(C)=O)C(C)(C)C2C[C@@H](OC(C)=O)[C@]3(C)C(CC[C@@]4(C)[C@H](c5ccoc5)OC(=O)C5O[C@]543)[C@]21C,"InChI=1S/C32H42O10/c1-16(33)38-22-14-23(39-17(2)34)30(7)20-9-11-29(6)25(19-10-12-37-15-19)41-27(36)26-32(29,42-26)31(20,8)24(40-18(3)35)13-21(30)28(22,4)5/h10,12,15,20-26H,9,11,13-14H2,1-8H3/t20?,21?,22-,23+,24-,25+,26?,29+,30-,31+,32-/m1/s1",ODLCLZLDYDHRGT-FDGCKWFSSA-N,ODLCLZLDYDHRGT,CC(=O)O[C@H]1C[C@@H](OC(C)=O)C(C)(C)C2C[C@@H](OC(C)=O)[C@]3(C)C(CC[C@@]4(C)[C@H](c5ccoc5)OC(=O)C5O[C@]543)[C@]21C,,,,,,,,inactive
Doxepin hydrochloride,inactive,CN(C)CC/C=C1/c2c(cccc2)COc2c1cccc2,spectrum,CN(C)CC/C=C1/c2ccccc2COc2ccccc21,"InChI=1S/C19H21NO/c1-20(2)13-7-11-17-16-9-4-3-8-15(16)14-21-19-12-6-5-10-18(17)19/h3-6,8-12H,7,13-14H2,1-2H3/b17-11-",ODQWQRRAPPTVAG-BOPFTXTBSA-N,ODQWQRRAPPTVAG,CN(C)CC/C=C1/c2ccccc2COc2ccccc21,P08172_WT;P08173_WT;P08482_WT;P08912_WT;P08913_WT;P11229_WT;P15823_WT;P18089_WT;P18825_WT;P20309_WT;P21728_WT;P23975_WT;P25100_WT;P28223_WT;P28335_WT;P31645_WT;P35367_WT;P35462_WT;P41595_WT;P43140_WT;P50406_WT;Q99720_WT,P08172_WT;P08173_WT;P08912_WT;P11229_WT;P15823_WT;P18089_WT;P20309_WT;P23975_WT;P25100_WT;P28223_WT;P28335_WT;P31645_WT;P35367_WT;P41595_WT;P43140_WT;P50406_WT,P08173_WT;P08912_WT;P11229_WT;P15823_WT;P18089_WT;P20309_WT;P23975_WT;P25100_WT;P28223_WT;P28335_WT;P31645_WT;P35367_WT;P41595_WT;P43140_WT,P08173_WT;P08912_WT;P23975_WT;P28223_WT;P31645_WT;P35367_WT;P41595_WT,P35367_WT,P35367_WT,P35367_WT,inactive
Racecadotril,inactive,CC(=O)SCC(Cc1ccccc1)C(=O)NCC(=O)OCc1ccccc1,spectrum,CC(=O)SCC(Cc1ccccc1)C(=O)NCC(=O)OCc1ccccc1,"InChI=1S/C21H23NO4S/c1-16(23)27-15-19(12-17-8-4-2-5-9-17)21(25)22-13-20(24)26-14-18-10-6-3-7-11-18/h2-11,19H,12-15H2,1H3,(H,22,25)",ODUOJXZPIYUATO-UHFFFAOYSA-N,ODUOJXZPIYUATO,CC(=O)SCC(Cc1ccccc1)C(=O)NCC(=O)OCc1ccccc1,P10635_WT;P33261_WT,P33261_WT,,,,,,inactive
Dichlorvos,inactive,COP(=O)(OC)OC=C(Cl)Cl,spectrum,COP(=O)(OC)OC=C(Cl)Cl,"InChI=1S/C4H7Cl2O4P/c1-8-11(7,9-2)10-3-4(5)6/h3H,1-2H3",OEBRKCOSUFCWJD-UHFFFAOYSA-N,OEBRKCOSUFCWJD,COP(=O)(OC)OC=C(Cl)Cl,,,,,,,,inactive
Nateglinide,inactive,CC(C)[C@H]1CC[C@H](C(=O)N[C@@H](Cc2ccccc2)C(=O)O)CC1,spectrum,CC(C)C1CCC(C(=O)NC(Cc2ccccc2)C(=O)O)CC1,"InChI=1S/C19H27NO3/c1-13(2)15-8-10-16(11-9-15)18(21)20-17(19(22)23)12-14-6-4-3-5-7-14/h3-7,13,15-17H,8-12H2,1-2H3,(H,20,21)(H,22,23)",OELFLUMRDSZNSF-UHFFFAOYSA-N,OELFLUMRDSZNSF,CC(C)C1CCC(C(=O)NC(Cc2ccccc2)C(=O)O)CC1,,,,,,,,inactive
beta-CAROTENE,inactive,CC1=C(/C=C/C(C)=C/C=C/C(C)=C/C=C/C=C(C)/C=C/C=C(C)/C=C/C2=C(C)CCCC2(C)C)C(C)(C)CCC1,spectrum,CC1=C(/C=C/C(C)=C/C=C/C(C)=C/C=C/C=C(C)/C=C/C=C(C)/C=C/C2=C(C)CCCC2(C)C)C(C)(C)CCC1,"InChI=1S/C40H56/c1-31(19-13-21-33(3)25-27-37-35(5)23-15-29-39(37,7)8)17-11-12-18-32(2)20-14-22-34(4)26-28-38-36(6)24-16-30-40(38,9)10/h11-14,17-22,25-28H,15-16,23-24,29-30H2,1-10H3/b12-11+,19-13+,20-14+,27-25+,28-26+,31-17+,32-18+,33-21+,34-22+",OENHQHLEOONYIE-JLTXGRSLSA-N,OENHQHLEOONYIE,CC1=C(/C=C/C(C)=C/C=C/C(C)=C/C=C/C=C(C)/C=C/C=C(C)/C=C/C2=C(C)CCCC2(C)C)C(C)(C)CCC1,Q9Y6L6_WT,,,,,,,inactive
Ipratropium bromide,reducer,CC(C)[N+]1(C)C2CC[C@H]1C[C@@H](OC(=O)C(CO)c1ccccc1)C2,spectrum,CC(C)[N+]1(C)C2CC[C@H]1C[C@@H](OC(=O)C(CO)c1ccccc1)C2,"InChI=1S/C20H30NO3/c1-14(2)21(3)16-9-10-17(21)12-18(11-16)24-20(23)19(13-22)15-7-5-4-6-8-15/h4-8,14,16-19,22H,9-13H2,1-3H3/q+1/t16-,17?,18+,19?,21?/m0/s1",OEXHQOGQTVQTAT-QQLIVEQCSA-N,OEXHQOGQTVQTAT,CC(C)[N+]1(C)C2CC[C@H]1C[C@@H](OC(=O)C(CO)c1ccccc1)C2,P08172_WT;P08173_WT;P08482_WT;P08483_WT;P08912_WT;P10980_WT;P11229_WT;P20309_WT;Q61143_WT,P08172_WT;P08173_WT;P08482_WT;P08483_WT;P08912_WT;P10980_WT;P11229_WT;P20309_WT;Q61143_WT,P08172_WT;P08173_WT;P08482_WT;P08483_WT;P08912_WT;P10980_WT;P11229_WT;P20309_WT;Q61143_WT,P08172_WT;P08173_WT;P08482_WT;P08483_WT;P08912_WT;P10980_WT;P11229_WT;P20309_WT,P08172_WT;P08173_WT;P08482_WT;P08483_WT;P08912_WT;P10980_WT;P11229_WT;P20309_WT,P08172_WT;P08173_WT;P08482_WT;P08483_WT;P08912_WT;P10980_WT;P11229_WT;P20309_WT,P08172_WT;P08173_WT;P08482_WT;P08483_WT;P10980_WT;P20309_WT,reducer
Deoxysappanone b 7.3'-dimethyl ether,inactive,COc1cc2c(cc1)C(=O)C(Cc1ccc(O)c(OC)c1)CO2,spectrum,COc1ccc2c(c1)OCC(Cc1ccc(O)c(OC)c1)C2=O,"InChI=1S/C18H18O5/c1-21-13-4-5-14-16(9-13)23-10-12(18(14)20)7-11-3-6-15(19)17(8-11)22-2/h3-6,8-9,12,19H,7,10H2,1-2H3",OFAYBXSZQCUARK-UHFFFAOYSA-N,OFAYBXSZQCUARK,COc1ccc2c(c1)OCC(Cc1ccc(O)c(OC)c1)C2=O,,,,,,,,inactive
FlUMAZENIL,inactive,CCOC(=O)c1c2CN(C)C(=O)c3c(ccc(F)c3)-n2cn1,spectrum,CCOC(=O)c1ncn2c1CN(C)C(=O)c1cc(F)ccc1-2,"InChI=1S/C15H14FN3O3/c1-3-22-15(21)13-12-7-18(2)14(20)10-6-9(16)4-5-11(10)19(12)8-17-13/h4-6,8H,3,7H2,1-2H3",OFBIFZUFASYYRE-UHFFFAOYSA-N,OFBIFZUFASYYRE,CCOC(=O)c1ncn2c1CN(C)C(=O)c1cc(F)ccc1-2,P14867_WT;P31644_WT;P34903_WT;P47869_WT;P48169_WT;Q16445_WT,P14867_WT;P31644_WT;P34903_WT;P47869_WT;P48169_WT;Q16445_WT,P14867_WT;P31644_WT;P34903_WT;P47869_WT;P48169_WT,P14867_WT;P31644_WT;P34903_WT;P47869_WT;P48169_WT,P14867_WT;P31644_WT;P34903_WT;P47869_WT;P48169_WT,P14867_WT;P31644_WT;P34903_WT;P47869_WT;P48169_WT,P14867_WT;P31644_WT;P47869_WT,inactive
Testosterone propionate,inactive,CCC(=O)O[C@H]1CCC2C3CCC4=CC(=O)CC[C@]4(C)C3CC[C@@]21C,spectrum,CCC(=O)O[C@H]1CCC2C3CC=C4CC(=O)CC[C@]4(C)C3CC[C@@]21C,"InChI=1S/C22H32O3/c1-4-20(24)25-19-8-7-17-16-6-5-14-13-15(23)9-11-21(14,2)18(16)10-12-22(17,19)3/h5,16-19H,4,6-13H2,1-3H3/t16?,17?,18?,19-,21-,22-/m0/s1",OFMVEGGTEFSSGL-PPRDLICTSA-N,OFMVEGGTEFSSGL,CCC(=O)O[C@H]1CCC2C3CC=C4CC(=O)CC[C@]4(C)C3CC[C@@]21C,P03372_WT;P10275_WT;P11511_WT,P03372_WT;P10275_WT,P03372_WT;P10275_WT,P03372_WT;P10275_WT,P10275_WT,P10275_WT,P10275_WT,inactive
Friedelin,inactive,C[C@H]1C(=O)CCC2[C@]3(C)CC[C@@]4(C)C5CC(C)(C)CC[C@]5(C)CC[C@]4(C)C3CC[C@@]21C,spectrum,CC1C(=O)CCC2[C@]3(C)CC[C@@]4(C)C5CC(C)(C)CC[C@]5(C)CC[C@]4(C)C3CC[C@]12C,"InChI=1S/C30H50O/c1-20-21(31)9-10-22-27(20,5)12-11-23-28(22,6)16-18-30(8)24-19-25(2,3)13-14-26(24,4)15-17-29(23,30)7/h20,22-24H,9-19H2,1-8H3/t20?,22?,23?,24?,26-,27-,28+,29-,30+/m1/s1",OFMXGFHWLZPCFL-FPLNXRRSSA-N,OFMXGFHWLZPCFL,CC1C(=O)CCC2[C@]3(C)CC[C@@]4(C)C5CC(C)(C)CC[C@]5(C)CC[C@]4(C)C3CC[C@]12C,,,,,,,,inactive
Oxaprozin,inactive,O=C(O)CCc1nc(-c2ccccc2)c(-c2ccccc2)o1,spectrum,O=C(O)CCc1nc(-c2ccccc2)c(-c2ccccc2)o1,"InChI=1S/C18H15NO3/c20-16(21)12-11-15-19-17(13-7-3-1-4-8-13)18(22-15)14-9-5-2-6-10-14/h1-10H,11-12H2,(H,20,21)",OFPXSFXSNFPTHF-UHFFFAOYSA-N,OFPXSFXSNFPTHF,O=C(O)CCc1nc(-c2ccccc2)c(-c2ccccc2)o1,P01031_WT;P23219_WT;P35354_WT,P35354_WT,,,,,,inactive
Carisoprodol,inactive,CCCC(C)(COC(N)=O)COC(=O)NC(C)C,spectrum,CCCC(C)(COC(N)=O)COC(=O)NC(C)C,"InChI=1S/C12H24N2O4/c1-5-6-12(4,7-17-10(13)15)8-18-11(16)14-9(2)3/h9H,5-8H2,1-4H3,(H2,13,15)(H,14,16)",OFZCIYFFPZCNJE-UHFFFAOYSA-N,OFZCIYFFPZCNJE,CCCC(C)(COC(N)=O)COC(=O)NC(C)C,P16473_WT;P83916_WT,P83916_WT,P83916_WT,P83916_WT,P83916_WT,,,inactive
Batyl alcohol,inactive,CCCCCCCCCCCCCCCCCCOCC(O)CO,spectrum,CCCCCCCCCCCCCCCCCCOCC(O)CO,"InChI=1S/C21H44O3/c1-2-3-4-5-6-7-8-9-10-11-12-13-14-15-16-17-18-24-20-21(23)19-22/h21-23H,2-20H2,1H3",OGBUMNBNEWYMNJ-UHFFFAOYSA-N,OGBUMNBNEWYMNJ,CCCCCCCCCCCCCCCCCCOCC(O)CO,P04150_WT;P11511_WT,,,,,,,inactive
Carvedilol,inactive,COc1c(OCCNCC(O)COc2cccc3c2c2c(cccc2)[nH]3)cccc1,spectrum,COc1ccccc1OCCNCC(O)COc1cccc2[nH]c3ccccc3c12,"InChI=1S/C24H26N2O4/c1-28-21-10-4-5-11-22(21)29-14-13-25-15-17(27)16-30-23-12-6-9-20-24(23)18-7-2-3-8-19(18)26-20/h2-12,17,25-27H,13-16H2,1H3",OGHNVEJMJSYVRP-UHFFFAOYSA-N,OGHNVEJMJSYVRP,COc1ccccc1OCCNCC(O)COc1cccc2[nH]c3ccccc3c12,P07550_WT;P08588_WT;P08913_WT;P13945_WT;P14416_WT;P15823_WT;P18089_WT;P18090_WT;P18825_WT;P19327_WT;P23975_WT;P25100_WT;P28223_WT;P28335_WT;P28564_WT;P31645_WT;P34971_WT;P35462_WT;P41595_WT;P43140_WT;Q01959_WT,P07550_WT;P08588_WT;P08913_WT;P13945_WT;P14416_WT;P15823_WT;P18089_WT;P18090_WT;P18825_WT;P19327_WT;P25100_WT;P28223_WT;P28335_WT;P31645_WT;P34971_WT;P41595_WT;P43140_WT,P07550_WT;P08588_WT;P08913_WT;P13945_WT;P14416_WT;P15823_WT;P18089_WT;P18090_WT;P18825_WT;P19327_WT;P25100_WT;P28335_WT;P34971_WT;P41595_WT;P43140_WT,P07550_WT;P08588_WT;P13945_WT;P15823_WT;P18090_WT;P19327_WT;P25100_WT;P34971_WT;P41595_WT;P43140_WT,P07550_WT;P08588_WT;P13945_WT;P15823_WT;P18090_WT;P19327_WT;P25100_WT;P34971_WT;P43140_WT,P07550_WT;P08588_WT;P15823_WT;P18090_WT;P25100_WT;P34971_WT,P07550_WT;P08588_WT;P18090_WT;P34971_WT,inactive
Norfloxacin,inactive,CCn1cc(C(=O)O)c(=O)c2cc(F)c(N3CCNCC3)cc21,spectrum,CCn1cc(C(=O)O)c(=O)c2cc(F)c(N3CCNCC3)cc21,"InChI=1S/C16H18FN3O3/c1-2-19-9-11(16(22)23)15(21)10-7-12(17)14(8-13(10)19)20-5-3-18-4-6-20/h7-9,18H,2-6H2,1H3,(H,22,23)",OGJPXUAPXNRGGI-UHFFFAOYSA-N,OGJPXUAPXNRGGI,CCn1cc(C(=O)O)c(=O)c2cc(F)c(N3CCNCC3)cc21,,,,,,,,inactive
Zm-447439,inactive,O1CCN(CC1)CCCOC2=C(C=C3C(=C2)N=CN=C3NC4=CC=C(C=C4)NC(=O)C5=CC=CC=C5)OC,selleckchem,COc1cc2c(Nc3ccc(NC(=O)c4ccccc4)cc3)ncnc2cc1OCCCN1CCOCC1,"InChI=1S/C29H31N5O4/c1-36-26-18-24-25(19-27(26)38-15-5-12-34-13-16-37-17-14-34)30-20-31-28(24)32-22-8-10-23(11-9-22)33-29(35)21-6-3-2-4-7-21/h2-4,6-11,18-20H,5,12-17H2,1H3,(H,33,35)(H,30,31,32)",OGNYUTNQZVRGMN-UHFFFAOYSA-N,OGNYUTNQZVRGMN,COc1cc2c(Nc3ccc(NC(=O)c4ccccc4)cc3)ncnc2cc1OCCCN1CCOCC1,O14965_WT;O75116_WT;P00533_WT;P06239_WT;P06241_WT;P07949_WT;P16234_WT;P29376_WT;P35968_WT;P36507_WT;Q9Y4K4_WT;Q96GD4_WT;Q02750_WT;Q07912_WT,O14965_WT;P00533_WT;P06239_WT;P06241_WT;P07949_WT;P36507_WT;Q9Y4K4_WT;Q96GD4_WT;Q02750_WT;Q07912_WT,P06239_WT;P06241_WT;P07949_WT;Q9Y4K4_WT;Q96GD4_WT,,,,,inactive
Alendronate sodium,inactive,NCCCC(O)(P(=O)(O)O)P(=O)(O)O,spectrum,NCCCC(O)(P(=O)(O)O)P(=O)(O)O,"InChI=1S/C4H13NO7P2/c5-3-1-2-4(6,13(7,8)9)14(10,11)12/h6H,1-3,5H2,(H2,7,8,9)(H2,10,11,12)",OGSPWJRAVKPPFI-UHFFFAOYSA-N,OGSPWJRAVKPPFI,NCCCC(O)(P(=O)(O)O)P(=O)(O)O,P14324_WT,,,,,,,inactive
Avocadyne,inactive,C#CCCCCCCCCCCCC(O)CC(O)CO,spectrum,C#CCCCCCCCCCCCC(O)CC(O)CO,"InChI=1S/C17H32O3/c1-2-3-4-5-6-7-8-9-10-11-12-13-16(19)14-17(20)15-18/h1,16-20H,3-15H2",OHLQBKZXSJYBMK-UHFFFAOYSA-N,OHLQBKZXSJYBMK,C#CCCCCCCCCCCCC(O)CC(O)CO,,,,,,,,inactive
Dehydrocholate sodium,inactive,C[C@H](CCC(=O)O)[C@H]1CCC2C3C(=O)CC4CC(=O)CC[C@]4(C)C3CC(=O)[C@@]21C,spectrum,C[C@H](CCC(=O)O)[C@H]1CCC2C3C(=O)CC4CC(=O)CC[C@]4(C)C3CC(=O)[C@@]21C,"InChI=1S/C24H34O5/c1-13(4-7-21(28)29)16-5-6-17-22-18(12-20(27)24(16,17)3)23(2)9-8-15(25)10-14(23)11-19(22)26/h13-14,16-18,22H,4-12H2,1-3H3,(H,28,29)/t13-,14?,16-,17?,18?,22?,23+,24-/m1/s1",OHXPGWPVLFPUSM-NDGTYXLASA-N,OHXPGWPVLFPUSM,C[C@H](CCC(=O)O)[C@H]1CCC2C3C(=O)CC4CC(=O)CC[C@]4(C)C3CC(=O)[C@@]21C,,,,,,,,inactive
Prednisolone,enhancer,C[C@]12C[C@H](O)C3C(CCC4=CC(=O)C=C[C@@]43C)C1CC[C@]2(O)C(=O)CO,spectrum,C[C@]12C=CC(=O)C=C1CCC1C2[C@@H](O)C[C@@]2(C)C1CC[C@]2(O)C(=O)CO,"InChI=1S/C21H28O5/c1-19-7-5-13(23)9-12(19)3-4-14-15-6-8-21(26,17(25)11-22)20(15,2)10-16(24)18(14)19/h5,7,9,14-16,18,22,24,26H,3-4,6,8,10-11H2,1-2H3/t14?,15?,16-,18?,19-,20-,21-/m0/s1",OIGNJSKKLXVSLS-YDAVOWJHSA-N,OIGNJSKKLXVSLS,C[C@]12C=CC(=O)C=C1CCC1C2[C@@H](O)C[C@@]2(C)C1CC[C@]2(O)C(=O)CO,P04150_WT;P05231_WT;P06536_WT;P06537_WT;P08185_WT;P08235_WT;P15104_WT;P78536_WT;Q8TDU6_WT,P04150_WT;P05231_WT;P06536_WT;P06537_WT;P08185_WT;P08235_WT;P15104_WT;P78536_WT;Q8TDU6_WT,P04150_WT;P05231_WT;P06536_WT;P06537_WT;P08185_WT;P08235_WT;P15104_WT;P78536_WT,P04150_WT;P05231_WT;P06537_WT;P08185_WT;P08235_WT;P78536_WT,P05231_WT;P06537_WT,,,enhancer
Adenosine,enhancer,Nc1ncnc2c1ncn2[C@@H]1O[C@H](CO)[C@@H](O)[C@H]1O,spectrum,Nc1ncnc2c1ncn2[C@@H]1O[C@H](CO)[C@@H](O)[C@H]1O,"InChI=1S/C10H13N5O4/c11-8-5-9(13-2-12-8)15(3-14-5)10-7(18)6(17)4(1-16)19-10/h2-4,6-7,10,16-18H,1H2,(H2,11,12,13)/t4-,6-,7-,10-/m1/s1",OIRDTQYFTABQOQ-KQYNXXCUSA-N,OIRDTQYFTABQOQ,Nc1ncnc2c1ncn2[C@@H]1O[C@H](CO)[C@@H](O)[C@H]1O,P0DMS8_WT;P25099_WT;P27487_WT;P28647_WT;P29274_WT;P30542_WT;P30543_WT;Q9NUW8_WT,P0DMS8_WT;P25099_WT;P27487_WT;P28647_WT;P30542_WT;P30543_WT,P25099_WT;P27487_WT;P30543_WT,P25099_WT;P30543_WT,P25099_WT,,,inactive
Vidarabine,inactive,Nc1ncnc2c1ncn2[C@@H]1O[C@H](CO)[C@@H](O)[C@@H]1O,spectrum,Nc1ncnc2c1ncn2[C@@H]1O[C@H](CO)[C@@H](O)[C@@H]1O,"InChI=1S/C10H13N5O4/c11-8-5-9(13-2-12-8)15(3-14-5)10-7(18)6(17)4(1-16)19-10/h2-4,6-7,10,16-18H,1H2,(H2,11,12,13)/t4-,6-,7+,10-/m1/s1",OIRDTQYFTABQOQ-UHTZMRCNSA-N,OIRDTQYFTABQOQ,Nc1ncnc2c1ncn2[C@@H]1O[C@H](CO)[C@@H](O)[C@@H]1O,P0DMS8_WT;P25099_WT;P27487_WT;P28647_WT;P29274_WT;P30542_WT;P30543_WT;Q9NUW8_WT,P0DMS8_WT;P25099_WT;P27487_WT;P28647_WT;P30542_WT;P30543_WT,P25099_WT;P27487_WT;P30543_WT,P25099_WT;P30543_WT,P25099_WT,,,inactive
Iopanic acid,inactive,CCC(Cc1c(I)c(N)c(I)cc1I)C(=O)O,spectrum,CCC(Cc1c(I)cc(I)c(N)c1I)C(=O)O,"InChI=1S/C11H12I3NO2/c1-2-5(11(16)17)3-6-7(12)4-8(13)10(15)9(6)14/h4-5H,2-3,15H2,1H3,(H,16,17)",OIRFJRBSRORBCM-UHFFFAOYSA-N,OIRFJRBSRORBCM,CCC(Cc1c(I)cc(I)c(N)c1I)C(=O)O,P51450_WT,P51450_WT,P51450_WT,P51450_WT,,,,inactive
Carbinoxamine maleate,inactive,CN(C)CCOC(c1ccc(Cl)cc1)c1ncccc1,spectrum,CN(C)CCOC(c1ccc(Cl)cc1)c1ccccn1,"InChI=1S/C16H19ClN2O/c1-19(2)11-12-20-16(15-5-3-4-10-18-15)13-6-8-14(17)9-7-13/h3-10,16H,11-12H2,1-2H3",OJFSXZCBGQGRNV-UHFFFAOYSA-N,OJFSXZCBGQGRNV,CN(C)CCOC(c1ccc(Cl)cc1)c1ccccn1,,,,,,,,inactive
Bromhexine hydrochloride,inactive,CN(Cc1c(N)c(Br)cc(Br)c1)C1CCCCC1,spectrum,CN(Cc1cc(Br)cc(Br)c1N)C1CCCCC1,"InChI=1S/C14H20Br2N2/c1-18(12-5-3-2-4-6-12)9-10-7-11(15)8-13(16)14(10)17/h7-8,12H,2-6,9,17H2,1H3",OJGDCBLYJGHCIH-UHFFFAOYSA-N,OJGDCBLYJGHCIH,CN(Cc1cc(Br)cc(Br)c1N)C1CCCCC1,P10635_WT;Q99720_WT,P10635_WT;Q99720_WT,Q99720_WT,,,,,inactive
Lincomycin hydrochloride,inactive,CCC[C@@H]1C[C@@H](C(=O)N[C@@H]([C@H](C)O)[C@H]2O[C@H](SC)[C@H](O)[C@@H](O)[C@H]2O)N(C)C1,spectrum,CCC[C@@H]1CC(C(=O)N[C@H]([C@H]2O[C@H](SC)[C@H](O)[C@@H](O)[C@H]2O)[C@H](C)O)N(C)C1,"InChI=1S/C18H34N2O6S/c1-5-6-10-7-11(20(3)8-10)17(25)19-12(9(2)21)16-14(23)13(22)15(24)18(26-16)27-4/h9-16,18,21-24H,5-8H2,1-4H3,(H,19,25)/t9-,10+,11?,12-,13-,14+,15+,16+,18+/m0/s1",OJMMVQQUTAEWLP-KMZPAILGSA-N,OJMMVQQUTAEWLP,CCC[C@@H]1CC(C(=O)N[C@H]([C@H]2O[C@H](SC)[C@H](O)[C@@H](O)[C@H]2O)[C@H](C)O)N(C)C1,,,,,,,,inactive
Chloralose,enhancer,OCC(O)[C@H]1O[C@@H]2O[C@H](C(Cl)(Cl)Cl)O[C@@H]2[C@H]1O,spectrum,OCC(O)[C@H]1O[C@@H]2O[C@H](C(Cl)(Cl)Cl)O[C@@H]2[C@H]1O,"InChI=1S/C8H11Cl3O6/c9-8(10,11)7-16-5-3(14)4(2(13)1-12)15-6(5)17-7/h2-7,12-14H,1H2/t2?,3-,4+,5+,6+,7+/m0/s1",OJYGBLRPYBAHRT-YCNXOVPFSA-N,OJYGBLRPYBAHRT,OCC(O)[C@H]1O[C@@H]2O[C@H](C(Cl)(Cl)Cl)O[C@@H]2[C@H]1O,P03372_WT,P03372_WT,,,,,,enhancer
Methyl robustone,inactive,COc1c2c(=O)c(-c3ccc4OCOc4c3)coc2cc2c1C=CC(C)(C)O2,spectrum,COc1c2c(cc3occ(-c4ccc5c(c4)OCO5)c(=O)c13)OC(C)(C)C=C2,"InChI=1S/C22H18O6/c1-22(2)7-6-13-16(28-22)9-18-19(21(13)24-3)20(23)14(10-25-18)12-4-5-15-17(8-12)27-11-26-15/h4-10H,11H2,1-3H3",OKBNMQXBQLZQEM-UHFFFAOYSA-N,OKBNMQXBQLZQEM,COc1c2c(cc3occ(-c4ccc5c(c4)OCO5)c(=O)c13)OC(C)(C)C=C2,,,,,,,,inactive
Ezetimibe,inactive,O=C1[C@H](CCC(O)c2ccc(F)cc2)[C@@H](c2ccc(O)cc2)N1c1ccc(F)cc1,spectrum,O=C1C(CCC(O)c2ccc(F)cc2)[C@@H](c2ccc(O)cc2)N1c1ccc(F)cc1,"InChI=1S/C24H21F2NO3/c25-17-5-1-15(2-6-17)22(29)14-13-21-23(16-3-11-20(28)12-4-16)27(24(21)30)19-9-7-18(26)8-10-19/h1-12,21-23,28-29H,13-14H2/t21?,22?,23-/m1/s1",OLNTVTPDXPETLC-XPPIMPSXSA-N,OLNTVTPDXPETLC,O=C1C(CCC(O)c2ccc(F)cc2)[C@@H](c2ccc(O)cc2)N1c1ccc(F)cc1,P21554_WT;Q6T3U3_WT,P21554_WT;Q6T3U3_WT,,,,,,inactive
Cefamandole sodium,inactive,Cn1nnnc1SCC1=C(C(=O)O)N2C(=O)C(NC(=O)C(O)c3ccccc3)C2SC1,spectrum,Cn1nnnc1SCC1=C(C(=O)O)N2C(=O)C(NC(=O)C(O)c3ccccc3)C2SC1,"InChI=1S/C18H18N6O5S2/c1-23-18(20-21-22-23)31-8-10-7-30-16-11(15(27)24(16)12(10)17(28)29)19-14(26)13(25)9-5-3-2-4-6-9/h2-6,11,13,16,25H,7-8H2,1H3,(H,19,26)(H,28,29)",OLVCFLKTBJRLHI-UHFFFAOYSA-N,OLVCFLKTBJRLHI,Cn1nnnc1SCC1=C(C(=O)O)N2C(=O)C(NC(=O)C(O)c3ccccc3)C2SC1,P08684_WT;P35236_WT;Q4U2R8_WT;Q8TCC7_WT,P08684_WT;P35236_WT;Q4U2R8_WT;Q8TCC7_WT,P08684_WT;Q4U2R8_WT;Q8TCC7_WT,Q4U2R8_WT,,,,inactive
Deoxyadenosine,reducer,Nc1ncnc2c1ncn2C1C[C@H](O)[C@@H](CO)O1,spectrum,Nc1ncnc2c1ncn2C1C[C@H](O)[C@@H](CO)O1,"InChI=1S/C10H13N5O3/c11-9-8-10(13-3-12-9)15(4-14-8)7-1-5(17)6(2-16)18-7/h3-7,16-17H,1-2H2,(H2,11,12,13)/t5-,6+,7?/m0/s1",OLXZPDWKRNYJJZ-GFCOJPQKSA-N,OLXZPDWKRNYJJZ,Nc1ncnc2c1ncn2C1C[C@H](O)[C@@H](CO)O1,,,,,,,,reducer
4'-methoxyflavone,inactive,COc1ccc(-c2cc(=O)c3c(cccc3)o2)cc1,spectrum,COc1ccc(-c2cc(=O)c3ccccc3o2)cc1,"InChI=1S/C16H12O3/c1-18-12-8-6-11(7-9-12)16-10-14(17)13-4-2-3-5-15(13)19-16/h2-10H,1H3",OMICQBVLCVRFGN-UHFFFAOYSA-N,OMICQBVLCVRFGN,COc1ccc(-c2cc(=O)c3ccccc3o2)cc1,O95271_WT,O95271_WT,O95271_WT,,,,,inactive
Ci-1033,inactive,C1(=C(C=C2C(=C1)C(=NC=N2)NC3=CC(=C(C=C3)F)Cl)OCCCN4CCOCC4)NC(C=C)=O,selleckchem,C=CC(=O)Nc1cc2c(Nc3ccc(F)c(Cl)c3)ncnc2cc1OCCCN1CCOCC1,"InChI=1S/C24H25ClFN5O3/c1-2-23(32)30-21-13-17-20(14-22(21)34-9-3-6-31-7-10-33-11-8-31)27-15-28-24(17)29-16-4-5-19(26)18(25)12-16/h2,4-5,12-15H,1,3,6-11H2,(H,30,32)(H,27,28,29)",OMZCMEYTWSXEPZ-UHFFFAOYSA-N,OMZCMEYTWSXEPZ,C=CC(=O)Nc1cc2c(Nc3ccc(F)c(Cl)c3)ncnc2cc1OCCCN1CCOCC1,O14733_WT;O14976_WT;O15197_WT;O43353_WT;P00519_F317L;P00519_H396P;P00519_M351T;P00519_Q252H;P00519_T315I;P00519_WT;P00519_Y253F;P00533_A750P;P00533_G719C;P00533_G719S;P00533_L858R;P00533_L858R_T790M;P00533_L861Q;P00533_P753S;P00533_T790M;P00533_WT;P04626_WT;P06239_WT;P07948_WT;P07949_M918T;P08581_Y1235D;P10721_A829P;P10721_D816H;P11274_WT;P11511_WT;P21860_WT;P29322_WT;P35557_WT;P36888_D835Y;P36888_R834Q;P37173_WT;P42681_WT;P42684_WT;P51451_WT;P51617_WT;P52333_WT;P68370_WT;Q5S007_WT;Q9BUB5_WT;Q9UF33_WT;Q9Y2K2_WT;Q56UN5_WT;Q06187_WT;Q08345_WT;Q12851_WT;Q13163_WT;Q15303_WT,O14733_WT;O14976_WT;P00519_H396P;P00519_Q252H;P00533_A750P;P00533_G719C;P00533_G719S;P00533_L858R;P00533_L858R_T790M;P00533_L861Q;P00533_P753S;P00533_T790M;P00533_WT;P04626_WT;P21860_WT;P51451_WT;P68370_WT;Q9BUB5_WT;Q9UF33_WT;Q13163_WT;Q15303_WT,P00533_A750P;P00533_G719C;P00533_G719S;P00533_L858R;P00533_L858R_T790M;P00533_L861Q;P00533_P753S;P00533_T790M;P00533_WT;P04626_WT;P51451_WT;P68370_WT;Q9UF33_WT;Q13163_WT;Q15303_WT,P00533_A750P;P00533_G719C;P00533_G719S;P00533_L858R;P00533_L858R_T790M;P00533_L861Q;P00533_P753S;P00533_T790M;P00533_WT;P04626_WT;P68370_WT;Q15303_WT,P00533_A750P;P00533_G719C;P00533_G719S;P00533_L858R;P00533_L858R_T790M;P00533_L861Q;P00533_P753S;P00533_T790M;P00533_WT,P00533_A750P;P00533_G719C;P00533_G719S;P00533_L858R;P00533_L858R_T790M;P00533_L861Q;P00533_P753S;P00533_T790M;P00533_WT,P00533_A750P;P00533_G719C;P00533_G719S;P00533_L858R;P00533_L858R_T790M;P00533_L861Q;P00533_P753S;P00533_T790M;P00533_WT,inactive
Xl-184,antineoplastic,COc1cc2nccc(Oc3ccc(NC(=O)C4(C(=O)Nc5ccc(F)cc5)CC4)cc3)c2cc1OC,selleckchem,COc1cc2nccc(Oc3ccc(NC(=O)C4(C(=O)Nc5ccc(F)cc5)CC4)cc3)c2cc1OC,"InChI=1S/C28H24FN3O5/c1-35-24-15-21-22(16-25(24)36-2)30-14-11-23(21)37-20-9-7-19(8-10-20)32-27(34)28(12-13-28)26(33)31-18-5-3-17(29)4-6-18/h3-11,14-16H,12-13H2,1-2H3,(H,31,33)(H,32,34)",ONIQOQHATWINJY-UHFFFAOYSA-N,ONIQOQHATWINJY,COc1cc2nccc(Oc3ccc(NC(=O)C4(C(=O)Nc5ccc(F)cc5)CC4)cc3)c2cc1OC,O43353_WT;P00533_WT;P07949_WT;P08581_WT;P10721_WT;P11274_WT;P11362_WT;P12931_WT;P17948_WT;P29317_WT;P30530_WT;P35916_WT;P35968_WT;P36888_WT;P42684_WT;P42685_WT;Q02763_WT;Q04912_WT;Q08345_WT;Q16832_WT,P00533_WT;P07949_WT;P08581_WT;P10721_WT;P11362_WT;P12931_WT;P17948_WT;P30530_WT;P35916_WT;P35968_WT;P36888_WT;Q02763_WT;Q04912_WT;Q08345_WT,P07949_WT;P08581_WT;P10721_WT;P11362_WT;P17948_WT;P30530_WT;P35916_WT;P35968_WT;P36888_WT;Q02763_WT;Q04912_WT,P08581_WT;P10721_WT;P11362_WT;P17948_WT;P30530_WT;P35916_WT;P35968_WT;Q02763_WT,P10721_WT;P30530_WT;P35916_WT;P35968_WT,,,antineoplastic
Suxibuzone,inactive,CCCCC1(COC(=O)CCC(=O)O)C(=O)N(c2ccccc2)N(c2ccccc2)C1=O,spectrum,CCCCC1(COC(=O)CCC(=O)O)C(=O)N(c2ccccc2)N(c2ccccc2)C1=O,"InChI=1S/C24H26N2O6/c1-2-3-16-24(17-32-21(29)15-14-20(27)28)22(30)25(18-10-6-4-7-11-18)26(23(24)31)19-12-8-5-9-13-19/h4-13H,2-3,14-17H2,1H3,(H,27,28)",ONWXNHPOAGOMTG-UHFFFAOYSA-N,ONWXNHPOAGOMTG,CCCCC1(COC(=O)CCC(=O)O)C(=O)N(c2ccccc2)N(c2ccccc2)C1=O,Q9NUW8_WT,Q9NUW8_WT,Q9NUW8_WT,Q9NUW8_WT,Q9NUW8_WT,Q9NUW8_WT,,inactive
Avocadynofuran,inactive,C#CCCCCCCCCCCCc1ccco1,spectrum,C#CCCCCCCCCCCCc1ccco1,"InChI=1S/C17H26O/c1-2-3-4-5-6-7-8-9-10-11-12-14-17-15-13-16-18-17/h1,13,15-16H,3-12,14H2",ONYOTXAYIZRIPJ-UHFFFAOYSA-N,ONYOTXAYIZRIPJ,C#CCCCCCCCCCCCc1ccco1,,,,,,,,inactive
Aee788,reducer,C1=NC(=C2C(=N1)NC(=C2)C3=CC=C(C=C3)CN4CCN(CC4)CC)N[C@@H](C5=CC=CC=C5)C,selleckchem,CCN1CCN(Cc2ccc(-c3cc4c(N[C@H](C)c5ccccc5)ncnc4[nH]3)cc2)CC1,"InChI=1S/C27H32N6/c1-3-32-13-15-33(16-14-32)18-21-9-11-23(12-10-21)25-17-24-26(28-19-29-27(24)31-25)30-20(2)22-7-5-4-6-8-22/h4-12,17,19-20H,3,13-16,18H2,1-2H3,(H2,28,29,30,31)/t20-/m1/s1",OONFNUWBHFSNBT-HXUWFJFHSA-N,OONFNUWBHFSNBT,CCN1CCN(Cc2ccc(-c3cc4c(N[C@H](C)c5ccccc5)ncnc4[nH]3)cc2)CC1,O15357_WT;P00533_WT;P07947_WT;P07949_WT;P11274_WT;P17948_WT;P35968_WT;P53667_WT;P62993_WT,P00533_WT;P07947_WT;P17948_WT;P35968_WT,P00533_WT;P07947_WT;P17948_WT;P35968_WT,P07947_WT,,,,reducer
Euparin,inactive,C=C(C)c1cc2cc(C(C)=O)c(O)cc2o1,spectrum,C=C(C)c1cc2cc(C(C)=O)c(O)cc2o1,"InChI=1S/C13H12O3/c1-7(2)12-5-9-4-10(8(3)14)11(15)6-13(9)16-12/h4-6,15H,1H2,2-3H3",OPUFDNZTKHPZHM-UHFFFAOYSA-N,OPUFDNZTKHPZHM,C=C(C)c1cc2cc(C(C)=O)c(O)cc2o1,,,,,,,,inactive
Spaglumic acid,inactive,CC(=O)N[C@@H](CC(=O)O)C(=O)N[C@@H](CCC(=O)O)C(=O)O,spectrum,CC(=O)NC(CC(=O)O)C(=O)NC(CCC(=O)O)C(=O)O,"InChI=1S/C11H16N2O8/c1-5(14)12-7(4-9(17)18)10(19)13-6(11(20)21)2-3-8(15)16/h6-7H,2-4H2,1H3,(H,12,14)(H,13,19)(H,15,16)(H,17,18)(H,20,21)",OPVPGKGADVGKTG-UHFFFAOYSA-N,OPVPGKGADVGKTG,CC(=O)NC(CC(=O)O)C(=O)NC(CCC(=O)O)C(=O)O,,,,,,,,inactive
Mebendazole,reducer,COC(=O)Nc1nc2cc(C(=O)c3ccccc3)ccc2[nH]1,spectrum,COC(=O)Nc1nc2cc(C(=O)c3ccccc3)ccc2[nH]1,"InChI=1S/C16H13N3O3/c1-22-16(21)19-15-17-12-8-7-11(9-13(12)18-15)14(20)10-5-3-2-4-6-10/h2-9H,1H3,(H2,17,18,19,21)",OPXLLQIJSORQAM-UHFFFAOYSA-N,OPXLLQIJSORQAM,COC(=O)Nc1nc2cc(C(=O)c3ccccc3)ccc2[nH]1,O75496_WT;P04637_WT;P18113_WT;P51450_WT;Q9NUW8_WT,O75496_WT;P04637_WT;Q9NUW8_WT,,,,,,reducer
Deguelin(-),reducer,COc1c(OC)cc2c(c1)OC[C@H]1Oc3c(ccc4c3C=CC(C)(C)O4)C(=O)[C@@H]21,spectrum,COc1cc2c(cc1OC)C1C(=O)c3ccc4c(c3O[C@@H]1CO2)C=CC(C)(C)O4,"InChI=1S/C23H22O6/c1-23(2)8-7-12-15(29-23)6-5-13-21(24)20-14-9-17(25-3)18(26-4)10-16(14)27-11-19(20)28-22(12)13/h5-10,19-20H,11H2,1-4H3/t19-,20?/m1/s1",ORDAZKGHSNRHTD-FIWHBWSRSA-N,ORDAZKGHSNRHTD,COc1cc2c(cc1OC)C1C(=O)c3ccc4c(c3O[C@@H]1CO2)C=CC(C)(C)O4,P10635_WT;P51450_WT;Q9NUW8_WT;Q16637_WT,P10635_WT;P51450_WT;Q9NUW8_WT,P10635_WT;Q9NUW8_WT,,,,,reducer
Ceftazidime,inactive,CC(C)(O/N=C(\C(=O)N[C@@H]1C(=O)N2C(C(=O)[O-])=C(C[n+]3ccccc3)CSC12)c1csc(N)n1)C(=O)O,spectrum,CC(C)(ON=C(C(=O)NC1C(=O)N2C(C(=O)O)=C(C[n+]3ccccc3)CSC12)c1csc(N)n1)C(=O)O,"InChI=1S/C22H22N6O7S2/c1-22(2,20(33)34)35-26-13(12-10-37-21(23)24-12)16(29)25-14-17(30)28-15(19(31)32)11(9-36-18(14)28)8-27-6-4-3-5-7-27/h3-7,10,14,18H,8-9H2,1-2H3,(H4-,23,24,25,29,31,32,33,34)/p+1",ORFOPKXBNMVMKC-UHFFFAOYSA-O,ORFOPKXBNMVMKC,CC(C)(ON=C(C(=O)NC1C(=O)N2C(C(=O)O)=C(C[n+]3ccccc3)CSC12)c1csc(N)n1)C(=O)O,,,,,,,,inactive
Fluorometholone,inactive,CC(=O)[C@@]1(O)CCC2C3C[C@H](C)C4=CC(=O)C=CC4(C)[C@@]3(F)[C@@H](O)C[C@@]21C,spectrum,CC(=O)[C@@]1(O)CCC2C3CC(C)=C4CC(=O)C=CC4(C)[C@@]3(F)[C@@H](O)C[C@@]21C,"InChI=1S/C22H29FO4/c1-12-9-17-15-6-8-21(27,13(2)24)20(15,4)11-18(26)22(17,23)19(3)7-5-14(25)10-16(12)19/h5,7,15,17-18,26-27H,6,8-11H2,1-4H3/t15?,17?,18-,19?,20-,21-,22-/m0/s1",ORJMOWYWYBXFBE-APHLUWJDSA-N,ORJMOWYWYBXFBE,CC(=O)[C@@]1(O)CCC2C3CC(C)=C4CC(=O)C=CC4(C)[C@@]3(F)[C@@H](O)C[C@@]21C,P10275_WT;P11511_WT,P10275_WT;P11511_WT,P10275_WT;P11511_WT,P10275_WT;P11511_WT,P10275_WT;P11511_WT,P10275_WT,,inactive
Pregnenolone,inactive,CC(=O)[C@H]1CCC2C3CC=C4C[C@@H](O)CC[C@]4(C)C3CC[C@@]21C,spectrum,CC(=O)C1CCC2C3CC=C4C[C@@H](O)CC[C@]4(C)C3CC[C@]12C,"InChI=1S/C21H32O2/c1-13(22)17-6-7-18-16-5-4-14-12-15(23)8-10-20(14,2)19(16)9-11-21(17,18)3/h4,15-19,23H,5-12H2,1-3H3/t15-,16?,17?,18?,19?,20-,21+/m0/s1",ORNBQBCIOKFOEO-SBYZJYLQSA-N,ORNBQBCIOKFOEO,CC(=O)C1CCC2C3CC=C4C[C@@H](O)CC[C@]4(C)C3CC[C@]12C,P03372_WT;P04278_WT,P04278_WT,P04278_WT,,,,,inactive
Nifedipine,enhancer,COC(=O)C1=C(C)NC(C)=C(C(=O)OC)C1c1c([N+](=O)[O-])cccc1,spectrum,COC(=O)C1=C(C)N=C(C)C(C(=O)OC)C1c1ccccc1[N+](=O)[O-],"InChI=1S/C17H18N2O6/c1-9-13(16(20)24-3)15(14(10(2)18-9)17(21)25-4)11-7-5-6-8-12(11)19(22)23/h5-8,13,15H,1-4H3",OSUCQKNXQBPLDG-UHFFFAOYSA-N,OSUCQKNXQBPLDG,COC(=O)C1=C(C)N=C(C)C(C(=O)OC)C1c1ccccc1[N+](=O)[O-],,,,,,,,enhancer
Thioguanosine,inactive,Nc1nc2c(ncn2C2O[C@H](CO)[C@@H](O)[C@H]2O)c(=S)[nH]1,spectrum,Nc1nc(=S)c2ncn(C3O[C@H](CO)[C@@H](O)[C@H]3O)c2[nH]1,"InChI=1S/C10H13N5O4S/c11-10-13-7-4(8(20)14-10)12-2-15(7)9-6(18)5(17)3(1-16)19-9/h2-3,5-6,9,16-18H,1H2,(H3,11,13,14,20)/t3-,5-,6-,9?/m1/s1",OTDJAMXESTUWLO-LZGMGDPASA-N,OTDJAMXESTUWLO,Nc1nc(=S)c2ncn(C3O[C@H](CO)[C@@H](O)[C@H]3O)c2[nH]1,P06746_WT,P06746_WT,,,,,,inactive
Tenoxicam,inactive,CN1C(C(=O)Nc2ncccc2)=C(O)c2c(ccs2)S1(=O)=O,spectrum,CN1C(C(=O)Nc2ccccn2)C(=O)c2sccc2S1(=O)=O,"InChI=1S/C13H11N3O4S2/c1-16-10(13(18)15-9-4-2-3-6-14-9)11(17)12-8(5-7-21-12)22(16,19)20/h2-7,10H,1H3,(H,14,15,18)",OTGJPAOGHQFBMI-UHFFFAOYSA-N,OTGJPAOGHQFBMI,CN1C(C(=O)Nc2ccccn2)C(=O)c2sccc2S1(=O)=O,P04150_WT,P04150_WT,P04150_WT,,,,,inactive
Thiamphenicol,inactive,CS(=O)(=O)c1ccc([C@@H](O)[C@@H](CO)NC(=O)C(Cl)Cl)cc1,spectrum,CS(=O)(=O)c1ccc([C@@H](O)[C@@H](CO)NC(=O)C(Cl)Cl)cc1,"InChI=1S/C12H15Cl2NO5S/c1-21(19,20)8-4-2-7(3-5-8)10(17)9(6-16)15-12(18)11(13)14/h2-5,9-11,16-17H,6H2,1H3,(H,15,18)/t9-,10-/m1/s1",OTVAEFIXJLOWRX-NXEZZACHSA-N,OTVAEFIXJLOWRX,CS(=O)(=O)c1ccc([C@@H](O)[C@@H](CO)NC(=O)C(Cl)Cl)cc1,,,,,,,,inactive
Tolazamide,inactive,Cc1ccc(S(=O)(=O)NC(=O)NN2CCCCCC2)cc1,spectrum,Cc1ccc(S(=O)(=O)NC(=O)NN2CCCCCC2)cc1,"InChI=1S/C14H21N3O3S/c1-12-6-8-13(9-7-12)21(19,20)16-14(18)15-17-10-4-2-3-5-11-17/h6-9H,2-5,10-11H2,1H3,(H2,15,16,18)",OUDSBRTVNLOZBN-UHFFFAOYSA-N,OUDSBRTVNLOZBN,Cc1ccc(S(=O)(=O)NC(=O)NN2CCCCCC2)cc1,P00352_WT,P00352_WT,,,,,,inactive
Azd-0530,inactive,CN1CCN(CCOc2cc3c(c(OC4CCOCC4)c2)c(Nc2c(Cl)ccc4c2OCO4)ncn3)CC1,selleckchem,CN1CCN(CCOc2cc(OC3CCOCC3)c3c(Nc4c(Cl)ccc5c4OCO5)ncnc3c2)CC1,"InChI=1S/C27H32ClN5O5/c1-32-6-8-33(9-7-32)10-13-35-19-14-21-24(23(15-19)38-18-4-11-34-12-5-18)27(30-16-29-21)31-25-20(28)2-3-22-26(25)37-17-36-22/h2-3,14-16,18H,4-13,17H2,1H3,(H,29,30,31)",OUKYUETWWIPKQR-UHFFFAOYSA-N,OUKYUETWWIPKQR,CN1CCN(CCOc2cc(OC3CCOCC3)c3c(Nc4c(Cl)ccc5c4OCO5)ncnc3c2)CC1,O00238_WT;O14976_WT;O15357_WT;O43353_WT;P00519_WT;P06239_WT;P06241_WT;P07947_WT;P07948_WT;P07949_WT;P08631_WT;P09619_WT;P09769_WT;P10721_WT;P11274_WT;P12931_WT;P21709_WT;P29317_WT;P36888_WT;P36894_WT;P36896_WT;P36897_WT;P42684_WT;P54764_WT;P62993_WT;Q8NI60_WT;Q9NWQ8_WT;Q01130_WT;Q04771_WT;Q13882_WT,O00238_WT;O14976_WT;O15357_WT;O43353_WT;P00519_WT;P06239_WT;P06241_WT;P07947_WT;P07948_WT;P07949_WT;P08631_WT;P10721_WT;P11274_WT;P12931_WT;P21709_WT;P36888_WT;P36894_WT;P36896_WT;P36897_WT;P42684_WT;P62993_WT;Q8NI60_WT;Q9NWQ8_WT;Q01130_WT;Q04771_WT,O00238_WT;O15357_WT;O43353_WT;P00519_WT;P06239_WT;P06241_WT;P07947_WT;P11274_WT;P12931_WT;P21709_WT;P36894_WT;P42684_WT;P62993_WT;Q9NWQ8_WT;Q04771_WT,O00238_WT;O15357_WT;O43353_WT;P06239_WT;P07947_WT;P11274_WT;P21709_WT;Q04771_WT,O15357_WT;O43353_WT;P06239_WT;P07947_WT;Q04771_WT,O43353_WT,,inactive
Sns-032,reducer,C1(=CN=C(O1)CSC2=CN=C(S2)NC(=O)C3CCNCC3)C(C)(C)C,selleckchem,CC(C)(C)c1cnc(CSc2cnc(NC(=O)C3CCNCC3)s2)o1,"InChI=1S/C17H24N4O2S2/c1-17(2,3)12-8-19-13(23-12)10-24-14-9-20-16(25-14)21-15(22)11-4-6-18-7-5-11/h8-9,11,18H,4-7,10H2,1-3H3,(H,20,21,22)",OUSFTKFNBAZUKL-UHFFFAOYSA-N,OUSFTKFNBAZUKL,CC(C)(C)c1cnc(CSc2cnc(NC(=O)C3CCNCC3)s2)o1,O14936_WT;O60563_WT;O60583_WT;O75909_WT;O76039_WT;O94921_WT;P06493_WT;P11802_WT;P21127_WT;P24864_WT;P24941_WT;P49336_WT;P49674_WT;P49759_WT;P49840_WT;P49841_WT;P50613_WT;P50750_WT;P51825_WT;P51946_WT;P51948_WT;P61024_WT;Q8TD08_WT;Q9BWU1_WT;Q9H1R3_WT;Q9HAZ1_WT;Q9NRP7_WT;Q9NYV4_WT;Q9P0R6_WT;Q9UEE5_WT;Q9UHB7_WT;Q9UPZ9_WT;Q9UQ88_WT;Q9Y463_WT;Q96Q40_WT;Q00526_WT;Q00534_WT;Q00535_WT;Q00536_WT;Q00537_WT;Q03111_WT;Q07002_WT;Q14004_WT;Q16659_WT;Q92772_WT,O60563_WT;O60583_WT;O75909_WT;O76039_WT;P21127_WT;P24864_WT;P24941_WT;P49840_WT;P49841_WT;P50613_WT;P50750_WT;P51825_WT;Q8TD08_WT;Q9NRP7_WT;Q9NYV4_WT;Q9P0R6_WT;Q9UHB7_WT;Q9UPZ9_WT;Q9UQ88_WT;Q9Y463_WT;Q00526_WT;Q00534_WT;Q00536_WT;Q00537_WT;Q03111_WT;Q07002_WT,O60563_WT;O60583_WT;O76039_WT;P21127_WT;P24864_WT;P24941_WT;P49840_WT;P50613_WT;P50750_WT;P51825_WT;Q9P0R6_WT;Q9UHB7_WT;Q9UQ88_WT;Q00526_WT;Q00536_WT;Q00537_WT;Q03111_WT;Q07002_WT,O60563_WT;O60583_WT;O76039_WT;P51825_WT;Q9P0R6_WT;Q9UHB7_WT;Q00536_WT;Q00537_WT;Q03111_WT,O60563_WT;O76039_WT;P51825_WT;Q03111_WT,O76039_WT;Q03111_WT,,reducer
Ethoxzolamide,inactive,CCOc1ccc2nc(S(N)(=O)=O)sc2c1,spectrum,CCOc1ccc2nc(S(N)(=O)=O)sc2c1,"InChI=1S/C9H10N2O3S2/c1-2-14-6-3-4-7-8(5-6)15-9(11-7)16(10,12)13/h3-5H,2H2,1H3,(H2,10,12,13)",OUZWUKMCLIBBOG-UHFFFAOYSA-N,OUZWUKMCLIBBOG,CCOc1ccc2nc(S(N)(=O)=O)sc2c1,O43570_WT;P00915_WT;P00918_WT;P22748_WT;P23280_WT;P35218_WT;P43166_WT;Q8N1Q1_WT;Q9D6N1_WT;Q9ULX7_WT;Q9Y2D0_WT;Q99N23_WT;Q16790_WT,O43570_WT;P00915_WT;P00918_WT;P22748_WT;P23280_WT;P35218_WT;P43166_WT;Q8N1Q1_WT;Q9D6N1_WT;Q9ULX7_WT;Q9Y2D0_WT;Q99N23_WT;Q16790_WT,O43570_WT;P00915_WT;P00918_WT;P22748_WT;P23280_WT;P35218_WT;P43166_WT;Q8N1Q1_WT;Q9D6N1_WT;Q9ULX7_WT;Q9Y2D0_WT;Q99N23_WT;Q16790_WT,O43570_WT;P00915_WT;P00918_WT;P35218_WT;P43166_WT;Q8N1Q1_WT;Q9ULX7_WT;Q9Y2D0_WT,P00918_WT;P43166_WT;Q9ULX7_WT,P43166_WT;Q9ULX7_WT,P43166_WT,inactive
Folic acid,inactive,Nc1nc(=O)c2nc(CNc3ccc(C(=O)N[C@@H](CCC(=O)O)C(=O)O)cc3)cnc2[nH]1,spectrum,Nc1nc(=O)c2nc(CNc3ccc(C(=O)NC(CCC(=O)O)C(=O)O)cc3)cnc2[nH]1,"InChI=1S/C19H19N7O6/c20-19-25-15-14(17(30)26-19)23-11(8-22-15)7-21-10-3-1-9(2-4-10)16(29)24-12(18(31)32)5-6-13(27)28/h1-4,8,12,21H,5-7H2,(H,24,29)(H,27,28)(H,31,32)(H3,20,22,25,26,30)",OVBPIULPVIDEAO-UHFFFAOYSA-N,OVBPIULPVIDEAO,Nc1nc(=O)c2nc(CNc3ccc(C(=O)NC(CCC(=O)O)C(=O)O)cc3)cnc2[nH]1,,,,,,,,inactive
At7519,reducer,C1=C(C(=C(C=C1)Cl)C(NC2=CNN=C2C(=O)NC3CCNCC3)=O)Cl,selleckchem,O=C(NC1CCNCC1)c1[nH]ncc1NC(=O)c1c(Cl)cccc1Cl,"InChI=1S/C16H17Cl2N5O2/c17-10-2-1-3-11(18)13(10)15(24)22-12-8-20-23-14(12)16(25)21-9-4-6-19-7-5-9/h1-3,8-9,19H,4-7H2,(H,20,23)(H,21,25)(H,22,24)",OVPNQJVDAFNBDN-UHFFFAOYSA-N,OVPNQJVDAFNBDN,O=C(NC1CCNCC1)c1[nH]ncc1NC(=O)c1c(Cl)cccc1Cl,O14936_WT;O60563_WT;O60583_WT;O75909_WT;O76039_WT;O94921_WT;O95067_WT;O96020_WT;P06454_WT;P06493_WT;P11802_WT;P14635_WT;P20248_WT;P20794_WT;P21127_WT;P24864_WT;P24941_WT;P49761_WT;P49840_WT;P49841_WT;P50613_WT;P50750_WT;P57678_WT;Q7L7X3_WT;Q8TD08_WT;Q9H2K8_WT;Q9NYV4_WT;Q9UHB7_WT;Q9UL54_WT;Q9UPZ9_WT;Q9UQ88_WT;Q9Y463_WT;Q96Q40_WT;Q00526_WT;Q00535_WT;Q00536_WT;Q00537_WT;Q07002_WT;Q13164_WT;Q13627_WT;Q14004_WT;Q14094_WT;Q14247_WT,O14936_WT;O60563_WT;O60583_WT;O75909_WT;O76039_WT;O94921_WT;O96020_WT;P06454_WT;P11802_WT;P20794_WT;P21127_WT;P24864_WT;P24941_WT;P49840_WT;P49841_WT;P50613_WT;P50750_WT;P57678_WT;Q8TD08_WT;Q9NYV4_WT;Q9UHB7_WT;Q9UL54_WT;Q9UPZ9_WT;Q9UQ88_WT;Q9Y463_WT;Q96Q40_WT;Q00526_WT;Q00536_WT;Q00537_WT;Q07002_WT;Q13164_WT;Q13627_WT;Q14004_WT;Q14094_WT;Q14247_WT,O14936_WT;O60563_WT;O60583_WT;O75909_WT;O76039_WT;O94921_WT;P06454_WT;P11802_WT;P20794_WT;P21127_WT;P24864_WT;P24941_WT;P49840_WT;P49841_WT;P50613_WT;P50750_WT;P57678_WT;Q9UHB7_WT;Q9UPZ9_WT;Q9UQ88_WT;Q96Q40_WT;Q00526_WT;Q00536_WT;Q00537_WT;Q07002_WT;Q14094_WT;Q14247_WT,O14936_WT;O60563_WT;O60583_WT;O76039_WT;O94921_WT;P06454_WT;P21127_WT;P49840_WT;P49841_WT;P50613_WT;P50750_WT;Q9UHB7_WT;Q9UPZ9_WT;Q9UQ88_WT;Q00536_WT;Q00537_WT;Q07002_WT;Q14247_WT,O60563_WT;O60583_WT;O76039_WT;P06454_WT;P21127_WT;P50613_WT;P50750_WT;Q9UPZ9_WT;Q9UQ88_WT;Q00536_WT;Q00537_WT;Q14247_WT,O76039_WT;P06454_WT;P50613_WT;Q00537_WT;Q14247_WT,,reducer
Acetylglucosamine,inactive,CC(=O)N[C@H]1[C@H](O)O[C@H](CO)[C@@H](O)[C@@H]1O,spectrum,CC(=O)N[C@@H]1[C@@H](O)[C@H](O)[C@@H](CO)O[C@H]1O,"InChI=1S/C8H15NO6/c1-3(11)9-5-7(13)6(12)4(2-10)15-8(5)14/h4-8,10,12-14H,2H2,1H3,(H,9,11)/t4-,5-,6-,7-,8-/m1/s1",OVRNDRQMDRJTHS-FMDGEEDCSA-N,OVRNDRQMDRJTHS,CC(=O)N[C@@H]1[C@@H](O)[C@H](O)[C@@H](CO)O[C@H]1O,,,,,,,,inactive
On-01910,reducer,C1(=C(C=C(C=C1OC)OC)OC)/C=C/S(CC2=CC=C(C(=C2)NCC(O[Na])=O)OC)(=O)=O,selleckchem,COc1cc(OC)c(/C=C/S(=O)(=O)Cc2ccc(OC)c(NCC(=O)O)c2)c(OC)c1,"InChI=1S/C21H25NO8S/c1-27-15-10-19(29-3)16(20(11-15)30-4)7-8-31(25,26)13-14-5-6-18(28-2)17(9-14)22-12-21(23)24/h5-11,22H,12-13H2,1-4H3,(H,23,24)/b8-7+",OWBFCJROIKNMGD-BQYQJAHWSA-N,OWBFCJROIKNMGD,COc1cc(OC)c(/C=C/S(=O)(=O)Cc2ccc(OC)c(NCC(=O)O)c2)c(OC)c1,P08581_WT;P49761_WT;P53350_WT,P49761_WT;P53350_WT,P49761_WT;P53350_WT,P53350_WT,P53350_WT,,,reducer
Climbazole,inactive,CC(C)(C)C(=O)C(Oc1ccc(Cl)cc1)n1ccnc1,spectrum,CC(C)(C)C(=O)C(Oc1ccc(Cl)cc1)n1ccnc1,"InChI=1S/C15H17ClN2O2/c1-15(2,3)13(19)14(18-9-8-17-10-18)20-12-6-4-11(16)5-7-12/h4-10,14H,1-3H3",OWEGWHBOCFMBLP-UHFFFAOYSA-N,OWEGWHBOCFMBLP,CC(C)(C)C(=O)C(Oc1ccc(Cl)cc1)n1ccnc1,P03372_WT,P03372_WT,P03372_WT,,,,,inactive
Diphenylpyraline hydrochloride,inactive,CN1CCC(OC(c2ccccc2)c2ccccc2)CC1,spectrum,CN1CCC(OC(c2ccccc2)c2ccccc2)CC1,"InChI=1S/C19H23NO/c1-20-14-12-18(13-15-20)21-19(16-8-4-2-5-9-16)17-10-6-3-7-11-17/h2-11,18-19H,12-15H2,1H3",OWQUZNMMYNAXSL-UHFFFAOYSA-N,OWQUZNMMYNAXSL,CN1CCC(OC(c2ccccc2)c2ccccc2)CC1,P23977_WT,,,,,,,inactive
Buflomedil hydrochloride,inactive,COc1cc(OC)c(C(=O)CCCN2CCCC2)c(OC)c1,spectrum,COc1cc(OC)c(C(=O)CCCN2CCCC2)c(OC)c1,"InChI=1S/C17H25NO4/c1-20-13-11-15(21-2)17(16(12-13)22-3)14(19)7-6-10-18-8-4-5-9-18/h11-12H,4-10H2,1-3H3",OWYLAEYXIQKAOL-UHFFFAOYSA-N,OWYLAEYXIQKAOL,COc1cc(OC)c(C(=O)CCCN2CCCC2)c(OC)c1,Q15125_WT,Q15125_WT,Q15125_WT,,,,,inactive
Quercitrin,inactive,CC1O[C@@H](Oc2c(-c3cc(O)c(O)cc3)oc3c(c(O)cc(O)c3)c2=O)[C@H](O)[C@H](O)[C@H]1O,spectrum,CC1O[C@@H](Oc2c(-c3ccc(O)c(O)c3)oc3cc(O)cc(O)c3c2=O)[C@H](O)[C@H](O)[C@H]1O,"InChI=1S/C21H20O11/c1-7-15(26)17(28)18(29)21(30-7)32-20-16(27)14-12(25)5-9(22)6-13(14)31-19(20)8-2-3-10(23)11(24)4-8/h2-7,15,17-18,21-26,28-29H,1H3/t7?,15-,17+,18+,21-/m0/s1",OXGUCUVFOIWWQJ-IWSUUXMFSA-N,OXGUCUVFOIWWQJ,CC1O[C@@H](Oc2c(-c3ccc(O)c(O)c3)oc3cc(O)cc(O)c3c2=O)[C@H](O)[C@H](O)[C@H]1O,O43570_WT;P15121_WT;P22748_WT;P43166_WT,O43570_WT;P15121_WT;P22748_WT;P43166_WT,O43570_WT;P22748_WT;P43166_WT,P43166_WT,P43166_WT,,,inactive
Apotoxicarol,inactive,COc1cc2c(cc1OC)-c1c(CO2)oc2cc(O)cc(O)c2c1=O,spectrum,COc1cc2c(cc1OC)-c1c(oc3cc(O)cc(O)c3c1=O)CO2,"InChI=1S/C18H14O7/c1-22-12-5-9-11(6-13(12)23-2)24-7-15-16(9)18(21)17-10(20)3-8(19)4-14(17)25-15/h3-6,19-20H,7H2,1-2H3",OYRKSWWBFPVHGY-UHFFFAOYSA-N,OYRKSWWBFPVHGY,COc1cc2c(cc1OC)-c1c(oc3cc(O)cc(O)c3c1=O)CO2,,,,,,,,inactive
Trospium chloride,inactive,O=C(OC1CC2CCC(C1)[N+]21CCCC1)C(O)(c1ccccc1)c1ccccc1,spectrum,O=C(OC1CC2CCC(C1)[N+]21CCCC1)C(O)(c1ccccc1)c1ccccc1,"InChI=1S/C25H30NO3/c27-24(25(28,19-9-3-1-4-10-19)20-11-5-2-6-12-20)29-23-17-21-13-14-22(18-23)26(21)15-7-8-16-26/h1-6,9-12,21-23,28H,7-8,13-18H2/q+1",OYYDSUSKLWTMMQ-UHFFFAOYSA-N,OYYDSUSKLWTMMQ,O=C(OC1CC2CCC(C1)[N+]21CCCC1)C(O)(c1ccccc1)c1ccccc1,P08172_WT;P08173_WT;P08912_WT;P11229_WT;P20309_WT,P08172_WT;P08173_WT;P08912_WT;P11229_WT;P20309_WT,P08172_WT;P08173_WT;P08912_WT;P11229_WT;P20309_WT,P08172_WT;P08173_WT;P08912_WT;P11229_WT;P20309_WT,P08172_WT;P08173_WT;P08912_WT;P11229_WT;P20309_WT,P08172_WT;P08173_WT;P20309_WT,,inactive
As-252424,inactive,C1(=CC(=C(C=C1)C2OC(=CC=2)/C=C3\SC(NC3=O)=O)O)F,selleckchem,O=C1NC(=O)/C(=C/c2ccc(-c3ccc(F)cc3O)o2)S1,"InChI=1S/C14H8FNO4S/c15-7-1-3-9(10(17)5-7)11-4-2-8(20-11)6-12-13(18)16-14(19)21-12/h1-6,17H,(H,16,18,19)/b12-6-",OYYVWNDMOQPMGE-SDQBBNPISA-N,OYYVWNDMOQPMGE,O=C1NC(=O)/C(=C/c2ccc(-c3ccc(F)cc3O)o2)S1,P11309_WT;P42336_WT;P48736_WT;Q9P1W9_WT,P11309_WT;P48736_WT;Q9P1W9_WT,P11309_WT;P48736_WT,P48736_WT,,,,inactive
Naftifine hydrochloride,inactive,CN(C/C=C/c1ccccc1)Cc1cccc2c1cccc2,spectrum,CN(C/C=C/c1ccccc1)Cc1cccc2ccccc12,"InChI=1S/C21H21N/c1-22(16-8-11-18-9-3-2-4-10-18)17-20-14-7-13-19-12-5-6-15-21(19)20/h2-15H,16-17H2,1H3/b11-8+",OZGNYLLQHRPOBR-DHZHZOJOSA-N,OZGNYLLQHRPOBR,CN(C/C=C/c1ccccc1)Cc1cccc2ccccc12,P10276_WT;P10635_WT;P33261_WT;Q99720_WT,P10635_WT,,,,,,inactive
Gallamine triethiodide,inactive,CC[N+](CC)(CC)CCOc1c(OCC[N+](CC)(CC)CC)c(OCC[N+](CC)(CC)CC)ccc1,spectrum,CC[N+](CC)(CC)CCOc1cccc(OCC[N+](CC)(CC)CC)c1OCC[N+](CC)(CC)CC,"InChI=1S/C30H60N3O3/c1-10-31(11-2,12-3)22-25-34-28-20-19-21-29(35-26-23-32(13-4,14-5)15-6)30(28)36-27-24-33(16-7,17-8)18-9/h19-21H,10-18,22-27H2,1-9H3/q+3",OZLPUNFFCJDMJD-UHFFFAOYSA-N,OZLPUNFFCJDMJD,CC[N+](CC)(CC)CCOc1cccc(OCC[N+](CC)(CC)CC)c1OCC[N+](CC)(CC)CC,P08172_WT,,,,,,,inactive
Bromocriptine mesylate,inactive,CC(C)CC1C(=O)N2CCC[C@H]2C2(O)O[C@](NC(=O)C3C=C4c5c6c(c(Br)[nH]c6ccc5)C[C@H]4N(C)C3)(C(C)C)C(=O)N12,spectrum,CC(C)CC1C(=O)N2CCC[C@H]2C2(O)O[C@](NC(=O)C3C=C4c5cccc6[nH]c(Br)c(c56)C[C@H]4N(C)C3)(C(C)C)C(=O)N12,"InChI=1S/C32H40BrN5O5/c1-16(2)12-24-29(40)37-11-7-10-25(37)32(42)38(24)30(41)31(43-32,17(3)4)35-28(39)18-13-20-19-8-6-9-22-26(19)21(27(33)34-22)14-23(20)36(5)15-18/h6,8-9,13,16-18,23-25,34,42H,7,10-12,14-15H2,1-5H3,(H,35,39)/t18?,23-,24?,25+,31-,32?/m1/s1",OZVBMTJYIDMWIL-NXIPCUEUSA-N,OZVBMTJYIDMWIL,CC(C)CC1C(=O)N2CCC[C@H]2C2(O)O[C@](NC(=O)C3C=C4c5cccc6[nH]c(Br)c(c56)C[C@H]4N(C)C3)(C(C)C)C(=O)N12,P08684_WT;P08908_WT;P08913_WT;P14416_WT;P15823_WT;P18089_WT;P18825_WT;P19327_WT;P25100_WT;P28223_WT;P28564_WT;P35462_WT;P41595_WT;P43140_WT;P50406_WT;P61169_WT,P08908_WT;P08913_WT;P14416_WT;P15823_WT;P18089_WT;P18825_WT;P19327_WT;P25100_WT;P28223_WT;P28564_WT;P35462_WT;P41595_WT;P43140_WT;P50406_WT;P61169_WT,P08908_WT;P08913_WT;P14416_WT;P15823_WT;P18089_WT;P19327_WT;P25100_WT;P28223_WT;P28564_WT;P35462_WT;P41595_WT;P43140_WT;P50406_WT;P61169_WT,P08908_WT;P08913_WT;P14416_WT;P15823_WT;P18089_WT;P19327_WT;P25100_WT;P28223_WT;P41595_WT;P43140_WT;P50406_WT;P61169_WT,P08913_WT;P15823_WT;P19327_WT;P28223_WT;P41595_WT;P43140_WT;P61169_WT,P15823_WT;P28223_WT,,inactive
Ketorolac tromethamine,inactive,O=C(c1ccccc1)c1ccc2C(C(=O)O)CCn12,spectrum,O=C(c1ccccc1)c1ccc2n1CCC2C(=O)O,"InChI=1S/C15H13NO3/c17-14(10-4-2-1-3-5-10)13-7-6-12-11(15(18)19)8-9-16(12)13/h1-7,11H,8-9H2,(H,18,19)",OZWKMVRBQXNZKK-UHFFFAOYSA-N,OZWKMVRBQXNZKK,O=C(c1ccccc1)c1ccc2n1CCC2C(=O)O,O09114_WT;P23219_WT;P35354_WT,O09114_WT;P23219_WT;P35354_WT,P23219_WT,P23219_WT,,,,inactive
Alprenolol,inactive,C=CCc1c(OCC(O)CNC(C)C)cccc1,spectrum,C=CCc1ccccc1OCC(O)CNC(C)C,"InChI=1S/C15H23NO2/c1-4-7-13-8-5-6-9-15(13)18-11-14(17)10-16-12(2)3/h4-6,8-9,12,14,16-17H,1,7,10-11H2,2-3H3",PAZJSJFMUHDSTF-UHFFFAOYSA-N,PAZJSJFMUHDSTF,C=CCc1ccccc1OCC(O)CNC(C)C,P03372_WT;P07550_WT;P08588_WT;P08908_WT;P13945_WT;P19327_WT,P03372_WT;P07550_WT;P08588_WT;P08908_WT;P13945_WT;P19327_WT,P03372_WT;P07550_WT;P08588_WT,P07550_WT;P08588_WT,P07550_WT,P07550_WT,,inactive
Hexestrol,inactive,CCC(c1ccc(O)cc1)C(CC)c1ccc(O)cc1,spectrum,CCC(c1ccc(O)cc1)C(CC)c1ccc(O)cc1,"InChI=1S/C18H22O2/c1-3-17(13-5-9-15(19)10-6-13)18(4-2)14-7-11-16(20)12-8-14/h5-12,17-20H,3-4H2,1-2H3",PBBGSZCBWVPOOL-UHFFFAOYSA-N,PBBGSZCBWVPOOL,CCC(c1ccc(O)cc1)C(CC)c1ccc(O)cc1,P03372_WT;Q9NUW8_WT,P03372_WT;Q9NUW8_WT,P03372_WT,P03372_WT,P03372_WT,P03372_WT,P03372_WT,inactive
Sulfabenzamide,inactive,Nc1ccc(S(=O)(=O)NC(=O)c2ccccc2)cc1,spectrum,Nc1ccc(S(=O)(=O)NC(=O)c2ccccc2)cc1,"InChI=1S/C13H12N2O3S/c14-11-6-8-12(9-7-11)19(17,18)15-13(16)10-4-2-1-3-5-10/h1-9H,14H2,(H,15,16)",PBCZLFBEBARBBI-UHFFFAOYSA-N,PBCZLFBEBARBBI,Nc1ccc(S(=O)(=O)NC(=O)c2ccccc2)cc1,,,,,,,,inactive
Canrenoic acid. potassium salt,inactive,C[C@]12CCC3C(C=CC4=CC(=O)CC[C@@]43C)C1CC[C@@]2(O)CCC(=O)O,spectrum,C[C@]12CCC(=O)C=C1C=CC1C2CC[C@@]2(C)C1CC[C@@]2(O)CCC(=O)O,"InChI=1S/C22H30O4/c1-20-9-5-15(23)13-14(20)3-4-16-17(20)6-10-21(2)18(16)7-11-22(21,26)12-8-19(24)25/h3-4,13,16-18,26H,5-12H2,1-2H3,(H,24,25)/t16?,17?,18?,20-,21-,22+/m0/s1",PBKZPPIHUVSDNM-GMTJQTPWSA-N,PBKZPPIHUVSDNM,C[C@]12CCC(=O)C=C1C=CC1C2CC[C@@]2(C)C1CC[C@@]2(O)CCC(=O)O,Q9NUW8_WT,Q9NUW8_WT,,,,,,inactive
Phthalylsulfathiazole,inactive,O=C(O)c1c(C(=O)Nc2ccc(S(=O)(=O)Nc3nccs3)cc2)cccc1,spectrum,O=C(O)c1ccccc1C(=O)Nc1ccc(S(=O)(=O)Nc2nccs2)cc1,"InChI=1S/C17H13N3O5S2/c21-15(13-3-1-2-4-14(13)16(22)23)19-11-5-7-12(8-6-11)27(24,25)20-17-18-9-10-26-17/h1-10H,(H,18,20)(H,19,21)(H,22,23)",PBMSWVPMRUJMPE-UHFFFAOYSA-N,PBMSWVPMRUJMPE,O=C(O)c1ccccc1C(=O)Nc1ccc(S(=O)(=O)Nc2nccs2)cc1,P08684_WT,P08684_WT,P08684_WT,P08684_WT,P08684_WT,P08684_WT,,inactive
Sinapic acid,inactive,COc1c(O)c(OC)cc(/C=C/C(=O)O)c1,spectrum,COc1cc(C=CC(=O)O)cc(OC)c1O,"InChI=1S/C11H12O5/c1-15-8-5-7(3-4-10(12)13)6-9(16-2)11(8)14/h3-6,14H,1-2H3,(H,12,13)",PCMORTLOPMLEFB-UHFFFAOYSA-N,PCMORTLOPMLEFB,COc1cc(C=CC(=O)O)cc(OC)c1O,,,,,,,,inactive
Dequalinium chloride,reducer,Cc1[n+](CCCCCCCCCC[n+]2c(C)cc(N)c3c2cccc3)c2c(cccc2)c(N)c1,spectrum,Cc1cc(N)c2ccccc2[n+]1CCCCCCCCCC[n+]1c(C)cc(N)c2ccccc21,"InChI=1S/C30H38N4/c1-23-21-27(31)25-15-9-11-17-29(25)33(23)19-13-7-5-3-4-6-8-14-20-34-24(2)22-28(32)26-16-10-12-18-30(26)34/h9-12,15-18,21-22,31-32H,3-8,13-14,19-20H2,1-2H3/p+2",PCSWXVJAIHCTMO-UHFFFAOYSA-P,PCSWXVJAIHCTMO,Cc1cc(N)c2ccccc2[n+]1CCCCCCCCCC[n+]1c(C)cc(N)c2ccccc21,P70605_WT,P70605_WT,,,,,,reducer
Lovastatin,inactive,CC[C@H](C)C(=O)O[C@H]1C[C@@H](C)C=C2C=C[C@H](C)[C@H](CC[C@@H]3C[C@@H](O)CC(=O)O3)[C@H]21,spectrum,CCC(C)C(=O)O[C@H]1C[C@@H](C)C=C2C=C[C@H](C)[C@H](CC[C@@H]3C[C@@H](O)CC(=O)O3)[C@H]21,"InChI=1S/C24H36O5/c1-5-15(3)24(27)29-21-11-14(2)10-17-7-6-16(4)20(23(17)21)9-8-19-12-18(25)13-22(26)28-19/h6-7,10,14-16,18-21,23,25H,5,8-9,11-13H2,1-4H3/t14-,15?,16-,18+,19+,20-,21-,23-/m0/s1",PCZOHLXUXFIOCF-SGFUJYLFSA-N,PCZOHLXUXFIOCF,CCC(C)C(=O)O[C@H]1C[C@@H](C)C=C2C=C[C@H](C)[C@H](CC[C@@H]3C[C@@H](O)CC(=O)O3)[C@H]21,P04035_WT;P51450_WT;P51639_WT;Q01237_WT,P04035_WT;P51639_WT;Q01237_WT,P04035_WT;P51639_WT;Q01237_WT,P04035_WT;P51639_WT;Q01237_WT,P04035_WT;P51639_WT,P04035_WT;P51639_WT,,inactive
Triacetylresveratrol,inactive,CC(=O)Oc1ccc(/C=C/c2cc(OC(C)=O)cc(OC(C)=O)c2)cc1,spectrum,CC(=O)Oc1ccc(/C=C/c2cc(OC(C)=O)cc(OC(C)=O)c2)cc1,"InChI=1S/C20H18O6/c1-13(21)24-18-8-6-16(7-9-18)4-5-17-10-19(25-14(2)22)12-20(11-17)26-15(3)23/h4-12H,1-3H3/b5-4+",PDAYUJSOJIMKIS-SNAWJCMRSA-N,PDAYUJSOJIMKIS,CC(=O)Oc1ccc(/C=C/c2cc(OC(C)=O)cc(OC(C)=O)c2)cc1,,,,,,,,inactive
Pf-04217903,inactive,C12=CC=CN=C1C=CC(=C2)CN3C4=C(N=N3)N=CC(=N4)C5=CN(N=C5)CCO,selleckchem,OCCn1cc(-c2cnc3nnn(Cc4ccc5ncccc5c4)c3n2)cn1,"InChI=1S/C19H16N8O/c28-7-6-26-12-15(9-22-26)17-10-21-18-19(23-17)27(25-24-18)11-13-3-4-16-14(8-13)2-1-5-20-16/h1-5,8-10,12,28H,6-7,11H2",PDMUGYOXRHVNMO-UHFFFAOYSA-N,PDMUGYOXRHVNMO,OCCn1cc(-c2cnc3nnn(Cc4ccc5ncccc5c4)c3n2)cn1,P08581_WT,P08581_WT,P08581_WT,P08581_WT,P08581_WT,P08581_WT,,inactive
Bms 794833,inactive,N1=C(C(=C(C=C1)OC2=CC=C(C=C2F)NC(C3=CNC=C(C3=O)C4=CC=C(C=C4)F)=O)Cl)N,selleckchem,Nc1nccc(Oc2ccc(NC(=O)c3c[nH]cc(-c4ccc(F)cc4)c3=O)cc2F)c1Cl,"InChI=1S/C23H15ClF2N4O3/c24-20-19(7-8-29-22(20)27)33-18-6-5-14(9-17(18)26)30-23(32)16-11-28-10-15(21(16)31)12-1-3-13(25)4-2-12/h1-11H,(H2,27,29)(H,28,31)(H,30,32)",PDYXPCKITKHFOZ-UHFFFAOYSA-N,PDYXPCKITKHFOZ,Nc1nccc(Oc2ccc(NC(=O)c3c[nH]cc(-c4ccc(F)cc4)c3=O)cc2F)c1Cl,P08581_WT;P35968_WT,P08581_WT;P35968_WT,P08581_WT;P35968_WT,P08581_WT;P35968_WT,P08581_WT,P08581_WT,,inactive
Pachyrrhizin,inactive,COc1c(-c2cc3c(cc4occc4c3)oc2=O)cc2OCOc2c1,spectrum,COc1cc2c(cc1-c1cc3cc4ccoc4cc3oc1=O)OCO2,"InChI=1S/C19H12O6/c1-21-16-8-18-17(23-9-24-18)6-12(16)13-5-11-4-10-2-3-22-14(10)7-15(11)25-19(13)20/h2-8H,9H2,1H3",PENSQRMNZZWMGV-UHFFFAOYSA-N,PENSQRMNZZWMGV,COc1cc2c(cc1-c1cc3cc4ccoc4cc3oc1=O)OCO2,P08684_WT,,,,,,,inactive
Sar131675,inactive,C12C(N(C(=C(C1=O)C(NC)=O)N)CC)=NC(=CC=2)C#C[C@](O)(C)COC,selleckchem,CCn1c(N)c(C(=O)NC)c(=O)c2ccc(C#C[C@@](C)(O)COC)nc21,"InChI=1S/C18H22N4O4/c1-5-22-15(19)13(17(24)20-3)14(23)12-7-6-11(21-16(12)22)8-9-18(2,25)10-26-4/h6-7,25H,5,10,19H2,1-4H3,(H,20,24)/t18-/m1/s1",PFMPOBVAYMTUOX-GOSISDBHSA-N,PFMPOBVAYMTUOX,CCn1c(N)c(C(=O)NC)c(=O)c2ccc(C#C[C@@](C)(O)COC)nc21,P35916_WT;P35968_WT;P36888_WT,P35916_WT;P35968_WT;P36888_WT,P35916_WT;P35968_WT,P35916_WT,P35916_WT,,,inactive
Spermine,inactive,NCCCNCCCCNCCCN,spectrum,NCCCNCCCCNCCCN,"InChI=1S/C10H26N4/c11-5-3-9-13-7-1-2-8-14-10-4-6-12/h13-14H,1-12H2",PFNFFQXMRSDOHW-UHFFFAOYSA-N,PFNFFQXMRSDOHW,NCCCNCCCCNCCCN,P22748_WT;P23280_WT;P35218_WT;P43166_WT;Q9ULX7_WT;Q9Y2D0_WT,P22748_WT,P22748_WT,P22748_WT,,,,inactive
Bacampicillin hydrochloride,inactive,CCOC(=O)OC(C)OC(=O)C1N2C(=O)C(NC(=O)[C@H](N)c3ccccc3)C2SC1(C)C,spectrum,CCOC(=O)OC(C)OC(=O)C1N2C(=O)C(NC(=O)C(N)c3ccccc3)C2SC1(C)C,"InChI=1S/C21H27N3O7S/c1-5-29-20(28)31-11(2)30-19(27)15-21(3,4)32-18-14(17(26)24(15)18)23-16(25)13(22)12-9-7-6-8-10-12/h6-11,13-15,18H,5,22H2,1-4H3,(H,23,25)",PFOLLRNADZZWEX-UHFFFAOYSA-N,PFOLLRNADZZWEX,CCOC(=O)OC(C)OC(=O)C1N2C(=O)C(NC(=O)C(N)c3ccccc3)C2SC1(C)C,,,,,,,,inactive
Cianidanol,enhancer,Oc1cc2c(C[C@H](O)[C@@H](c3cc(O)c(O)cc3)O2)c(O)c1,spectrum,Oc1cc(O)c2c(c1)O[C@H](c1ccc(O)c(O)c1)[C@@H](O)C2,"InChI=1S/C15H14O6/c16-8-4-11(18)9-6-13(20)15(21-14(9)5-8)7-1-2-10(17)12(19)3-7/h1-5,13,15-20H,6H2/t13-,15+/m0/s1",PFTAWBLQPZVEMU-DZGCQCFKSA-N,PFTAWBLQPZVEMU,Oc1cc(O)c2c(c1)O[C@H](c1ccc(O)c(O)c1)[C@@H](O)C2,P43166_WT,,,,,,,inactive
Epicatechin,inactive,Oc1cc2c(C[C@@H](O)[C@@H](c3cc(O)c(O)cc3)O2)c(O)c1,spectrum,Oc1cc(O)c2c(c1)O[C@H](c1ccc(O)c(O)c1)[C@H](O)C2,"InChI=1S/C15H14O6/c16-8-4-11(18)9-6-13(20)15(21-14(9)5-8)7-1-2-10(17)12(19)3-7/h1-5,13,15-20H,6H2/t13-,15-/m1/s1",PFTAWBLQPZVEMU-UKRRQHHQSA-N,PFTAWBLQPZVEMU,Oc1cc(O)c2c(c1)O[C@H](c1ccc(O)c(O)c1)[C@H](O)C2,P43166_WT,,,,,,,inactive
Uridine triphosphate trisodium,inactive,O=c1ccn([C@@H]2O[C@H](COP(=O)(O)OP(=O)(O)OP(=O)(O)O)[C@@H](O)[C@H]2O)c(=O)[nH]1,spectrum,O=c1ccn([C@@H]2O[C@H](COP(=O)(O)OP(=O)(O)OP(=O)(O)O)[C@@H](O)[C@H]2O)c(=O)[nH]1,"InChI=1S/C9H15N2O15P3/c12-5-1-2-11(9(15)10-5)8-7(14)6(13)4(24-8)3-23-28(19,20)26-29(21,22)25-27(16,17)18/h1-2,4,6-8,13-14H,3H2,(H,19,20)(H,21,22)(H,10,12,15)(H2,16,17,18)/t4-,6-,7-,8-/m1/s1",PGAVKCOVUIYSFO-XVFCMESISA-N,PGAVKCOVUIYSFO,O=c1ccn([C@@H]2O[C@H](COP(=O)(O)OP(=O)(O)OP(=O)(O)O)[C@@H](O)[C@H]2O)c(=O)[nH]1,P41231_WT;P41232_WT;P51582_WT;Q15077_WT,P41231_WT;P41232_WT;P51582_WT,P51582_WT,,,,,inactive
Neomycin sulfate,inactive,NC[C@@H]1O[C@H](O[C@@H]2[C@@H](CO)OC(O[C@@H]3[C@@H](O)[C@H](N)C[C@H](N)[C@H]3OC3O[C@H](CN)[C@@H](O)[C@H](O)[C@H]3N)[C@@H]2O)[C@H](N)[C@@H](O)[C@@H]1O,spectrum,NC[C@@H]1O[C@H](O[C@@H]2[C@@H](CO)OC(O[C@@H]3[C@@H](O)[C@H](N)C[C@H](N)[C@H]3OC3O[C@H](CN)[C@@H](O)[C@H](O)[C@H]3N)[C@@H]2O)[C@H](N)[C@@H](O)[C@@H]1O,"InChI=1S/C23H46N6O13/c24-2-7-13(32)15(34)10(28)21(37-7)40-18-6(27)1-5(26)12(31)20(18)42-23-17(36)19(9(4-30)39-23)41-22-11(29)16(35)14(33)8(3-25)38-22/h5-23,30-36H,1-4,24-29H2/t5-,6+,7-,8+,9-,10-,11-,12+,13-,14-,15-,16-,17-,18-,19-,20-,21?,22-,23?/m1/s1",PGBHMTALBVVCIT-JZFNLLFKSA-N,PGBHMTALBVVCIT,NC[C@@H]1O[C@H](O[C@@H]2[C@@H](CO)OC(O[C@@H]3[C@@H](O)[C@H](N)C[C@H](N)[C@H]3OC3O[C@H](CN)[C@@H](O)[C@H](O)[C@H]3N)[C@@H]2O)[C@H](N)[C@@H](O)[C@@H]1O,Q8NER1_WT,,,,,,,inactive
Hederagenin,inactive,CC1(C)CC[C@]2(C(=O)O)CC[C@]3(C)C(=CCC4[C@@]5(C)CC[C@H](O)[C@@](C)(CO)C5CC[C@]43C)C2C1,spectrum,CC1(C)CC[C@]2(C(=O)O)CC[C@]3(C)C(=CCC4[C@@]5(C)CC[C@H](O)[C@@](C)(CO)C5CC[C@]43C)C2C1,"InChI=1S/C30H48O4/c1-25(2)13-15-30(24(33)34)16-14-28(5)19(20(30)17-25)7-8-22-26(3)11-10-23(32)27(4,18-31)21(26)9-12-29(22,28)6/h7,20-23,31-32H,8-18H2,1-6H3,(H,33,34)/t20?,21?,22?,23-,26-,27-,28+,29+,30-/m0/s1",PGOYMURMZNDHNS-NJMHOMCLSA-N,PGOYMURMZNDHNS,CC1(C)CC[C@]2(C(=O)O)CC[C@]3(C)C(=CCC4[C@@]5(C)CC[C@H](O)[C@@](C)(CO)C5CC[C@]43C)C2C1,P13726_WT;Q9NPD5_WT,P13726_WT,P13726_WT,P13726_WT,P13726_WT,P13726_WT,P13726_WT,inactive
Trazodone hydrochloride,inactive,O=c1n(CCCN2CCN(c3cc(Cl)ccc3)CC2)nc2ccccn12,spectrum,O=c1n(CCCN2CCN(c3cccc(Cl)c3)CC2)nc2ccccn12,"InChI=1S/C19H22ClN5O/c20-16-5-3-6-17(15-16)23-13-11-22(12-14-23)8-4-10-25-19(26)24-9-2-1-7-18(24)21-25/h1-3,5-7,9,15H,4,8,10-14H2",PHLBKPHSAVXXEF-UHFFFAOYSA-N,PHLBKPHSAVXXEF,O=c1n(CCCN2CCN(c3cccc(Cl)c3)CC2)nc2ccccn12,P08908_WT;P08913_WT;P14842_WT;P15823_WT;P18089_WT;P18825_WT;P19327_WT;P25100_WT;P28223_WT;P28335_WT;P31645_WT;P35367_WT;P41595_WT;P43140_WT,P14842_WT;P15823_WT;P18089_WT;P19327_WT;P25100_WT;P28223_WT;P28335_WT;P31645_WT;P35367_WT;P41595_WT;P43140_WT,P14842_WT;P15823_WT;P28335_WT;P41595_WT;P43140_WT,P14842_WT,,,,inactive
Nortriptyline hydrochloride,inactive,CNCCC=C1c2c(cccc2)CCc2c1cccc2,spectrum,CNCCC=C1c2ccccc2CCc2ccccc21,"InChI=1S/C19H21N/c1-20-14-6-11-19-17-9-4-2-7-15(17)12-13-16-8-3-5-10-18(16)19/h2-5,7-11,20H,6,12-14H2,1H3",PHVGLTMQBUFIQQ-UHFFFAOYSA-N,PHVGLTMQBUFIQQ,CNCCC=C1c2ccccc2CCc2ccccc21,P08172_WT;P08173_WT;P08482_WT;P08912_WT;P08913_WT;P11229_WT;P15823_WT;P18089_WT;P18825_WT;P20309_WT;P21728_WT;P23975_WT;P25100_WT;P28223_WT;P28335_WT;P31390_WT;P31645_WT;P35367_WT;P35462_WT;P41595_WT;P43140_WT;P50406_WT,P08172_WT;P08173_WT;P08912_WT;P11229_WT;P15823_WT;P18089_WT;P18825_WT;P20309_WT;P23975_WT;P25100_WT;P28223_WT;P28335_WT;P31390_WT;P31645_WT;P35367_WT;P35462_WT;P41595_WT;P43140_WT;P50406_WT,P08173_WT;P08912_WT;P11229_WT;P18089_WT;P18825_WT;P20309_WT;P23975_WT;P28223_WT;P28335_WT;P31390_WT;P31645_WT;P35367_WT,P08912_WT;P23975_WT;P28223_WT;P28335_WT;P31390_WT;P31645_WT;P35367_WT,P23975_WT;P31390_WT;P31645_WT,P31390_WT,P31390_WT,inactive
Ticlopidine hydrochloride,inactive,Clc1c(CN2CCc3c(ccs3)C2)cccc1,spectrum,Clc1ccccc1CN1CCc2sccc2C1,"InChI=1S/C14H14ClNS/c15-13-4-2-1-3-11(13)9-16-7-5-14-12(10-16)6-8-17-14/h1-4,6,8H,5,7,9-10H2",PHWBOXQYWZNQIN-UHFFFAOYSA-N,PHWBOXQYWZNQIN,Clc1ccccc1CN1CCc2sccc2C1,P08913_WT;P18089_WT;P18825_WT;P20813_WT;Q16637_WT;Q99720_WT,P08913_WT;P18089_WT;Q16637_WT;Q99720_WT,Q16637_WT,Q16637_WT,Q16637_WT,,,inactive
Ponatinib,antineoplastic,C1C=NN2C(C=1)=NC=C2C#CC3=C(C=CC(=C3)C(=O)NC4=CC(=C(C=C4)CN5CCN(CC5)C)C(F)(F)F)C,selleckchem,Cc1ccc(C(=O)Nc2ccc(CN3CCN(C)CC3)c(C(F)(F)F)c2)cc1C#Cc1cnc2cccnn12,"InChI=1S/C29H27F3N6O/c1-20-5-6-22(16-21(20)8-10-25-18-33-27-4-3-11-34-38(25)27)28(39)35-24-9-7-23(26(17-24)29(30,31)32)19-37-14-12-36(2)13-15-37/h3-7,9,11,16-18H,12-15,19H2,1-2H3,(H,35,39)",PHXJVRSECIGDHY-UHFFFAOYSA-N,PHXJVRSECIGDHY,Cc1ccc(C(=O)Nc2ccc(CN3CCN(C)CC3)c(C(F)(F)F)c2)cc1C#Cc1cnc2cccnn12,O15357_WT;O43353_WT;O60674_WT;O95819_WT;P00519_WT;P00533_WT;P06239_WT;P06241_WT;P07333_WT;P07947_WT;P07948_WT;P07949_WT;P08631_WT;P09769_WT;P10721_WT;P11274_WT;P11362_WT;P12931_WT;P16234_WT;P17612_WT;P17948_WT;P21802_WT;P22455_WT;P22607_WT;P23458_WT;P29317_WT;P35968_WT;P36888_WT;P41240_WT;P42684_WT;P42685_WT;P49137_WT;P51617_WT;P54753_WT;P54756_WT;P62993_WT;Q8TF42_WT;Q9NWQ8_WT;Q9NYL2_WT;Q9UKE5_WT;Q9Y572_WT;Q00537_WT;Q08345_WT;Q12809_WT;Q12851_WT;Q13233_WT;Q13470_WT;Q13546_WT;Q14289_WT;Q15746_WT;Q16539_WT;Q16832_WT;Q92499_WT;Q92918_WT,O15357_WT;O43353_WT;O60674_WT;O95819_WT;P00519_WT;P06239_WT;P06241_WT;P07333_WT;P07947_WT;P07948_WT;P07949_WT;P08631_WT;P09769_WT;P10721_WT;P11274_WT;P11362_WT;P12931_WT;P16234_WT;P17948_WT;P21802_WT;P22455_WT;P22607_WT;P23458_WT;P29317_WT;P35968_WT;P36888_WT;P41240_WT;P42684_WT;P42685_WT;P54756_WT;P62993_WT;Q8TF42_WT;Q9NWQ8_WT;Q9NYL2_WT;Q9Y572_WT;Q08345_WT;Q12851_WT;Q13470_WT;Q13546_WT;Q14289_WT;Q15746_WT;Q16539_WT;Q16832_WT;Q92499_WT,O15357_WT;O43353_WT;P00519_WT;P06239_WT;P06241_WT;P07333_WT;P07947_WT;P07948_WT;P07949_WT;P08631_WT;P09769_WT;P10721_WT;P11274_WT;P11362_WT;P12931_WT;P16234_WT;P17948_WT;P21802_WT;P22455_WT;P22607_WT;P23458_WT;P29317_WT;P35968_WT;P36888_WT;P42684_WT;P42685_WT;P54756_WT;P62993_WT;Q8TF42_WT;Q9NWQ8_WT;Q9NYL2_WT;Q9Y572_WT;Q08345_WT;Q12851_WT;Q13470_WT;Q13546_WT;Q15746_WT;Q16832_WT;Q92499_WT,O15357_WT;O43353_WT;P00519_WT;P06239_WT;P07333_WT;P07947_WT;P07948_WT;P07949_WT;P10721_WT;P11362_WT;P12931_WT;P16234_WT;P17948_WT;P21802_WT;P22455_WT;P22607_WT;P29317_WT;P35968_WT;P36888_WT;P42684_WT;P54756_WT;P62993_WT;Q8TF42_WT;Q9Y572_WT;Q08345_WT;Q13546_WT,P00519_WT;P07333_WT;P07948_WT;P11362_WT;P12931_WT;P16234_WT;P17948_WT;P21802_WT;P22455_WT;P35968_WT;P36888_WT;P54756_WT;Q9Y572_WT,P00519_WT;P07948_WT;P11362_WT;P16234_WT;P21802_WT;P35968_WT,,antineoplastic
Physostigmine salicylate,inactive,CNC(=O)Oc1cc2c(cc1)N(C)[C@H]1N(C)CC[C@@]21C,spectrum,CNC(=O)Oc1ccc2c(c1)[C@]1(C)CCN(C)[C@@H]1N2C,"InChI=1S/C15H21N3O2/c1-15-7-8-17(3)13(15)18(4)12-6-5-10(9-11(12)15)20-14(19)16-2/h5-6,9,13H,7-8H2,1-4H3,(H,16,19)/t13-,15+/m1/s1",PIJVFDBKTWXHHD-HIFRSBDPSA-N,PIJVFDBKTWXHHD,CNC(=O)Oc1ccc2c(c1)[C@]1(C)CCN(C)[C@@H]1N2C,P03372_WT;P06276_WT;P10635_WT;P21836_WT;P22303_WT;P37136_WT;Q9JKC1_WT;Q03311_WT,P03372_WT;P21836_WT;P22303_WT;P37136_WT;Q9JKC1_WT;Q03311_WT,P03372_WT;P21836_WT;P37136_WT;Q9JKC1_WT,P03372_WT;P37136_WT;Q9JKC1_WT,P03372_WT;P37136_WT,P37136_WT,,inactive
Dinaciclib,reducer,C1C[C@H](N(CC1)C2C=C(N3C(N=2)=C(C=N3)CC)NCC4=CC=C[N+](=C4)[O-])CCO,selleckchem,CCc1cnn2c(NCc3ccc[n+]([O-])c3)cc(N3CCCC[C@H]3CCO)nc12,"InChI=1S/C21H28N6O2/c1-2-17-14-23-27-19(22-13-16-6-5-9-25(29)15-16)12-20(24-21(17)27)26-10-4-3-7-18(26)8-11-28/h5-6,9,12,14-15,18,22,28H,2-4,7-8,10-11,13H2,1H3/t18-/m0/s1",PIMQWRZWLQKKBJ-SFHVURJKSA-N,PIMQWRZWLQKKBJ,CCc1cnn2c(NCc3ccc[n+]([O-])c3)cc(N3CCCC[C@H]3CCO)nc12,O43427_WT;O60563_WT;O60583_WT;O75909_WT;P06493_WT;P11802_WT;P14635_WT;P18074_WT;P20248_WT;P24864_WT;P24941_WT;P42330_WT;P49336_WT;P49759_WT;P50613_WT;P50750_WT;P51825_WT;P51946_WT;P51948_WT;Q8TDN4_WT;Q9HAZ1_WT;Q9NYV4_WT;Q9P0R6_WT;Q9P289_WT;Q9UHB7_WT;Q9UPZ9_WT;Q9Y376_WT;Q9Y463_WT;Q86YS7_WT;Q00534_WT;Q00535_WT;Q00536_WT;Q00537_WT;Q00613_WT;Q12767_WT;Q14004_WT;Q14094_WT;Q14839_WT;Q15831_WT,O43427_WT;O60563_WT;O60583_WT;O75909_WT;P06493_WT;P20248_WT;P24864_WT;P24941_WT;P42330_WT;P49336_WT;P50750_WT;P51825_WT;Q8TDN4_WT;Q9NYV4_WT;Q9P289_WT;Q9UHB7_WT;Q9UPZ9_WT;Q86YS7_WT;Q00534_WT;Q00535_WT;Q00536_WT;Q00613_WT;Q12767_WT;Q14004_WT;Q14094_WT;Q14839_WT,O43427_WT;O60563_WT;O60583_WT;O75909_WT;P06493_WT;P24864_WT;P24941_WT;P49336_WT;P50750_WT;P51825_WT;Q8TDN4_WT;Q9NYV4_WT;Q9P289_WT;Q9UHB7_WT;Q86YS7_WT;Q00534_WT;Q00535_WT;Q00613_WT;Q12767_WT;Q14004_WT;Q14094_WT;Q14839_WT,O43427_WT;O60563_WT;O60583_WT;O75909_WT;P24864_WT;P24941_WT;P49336_WT;P50750_WT;P51825_WT;Q8TDN4_WT;Q9NYV4_WT;Q9UHB7_WT;Q86YS7_WT;Q00534_WT;Q00613_WT;Q12767_WT;Q14004_WT;Q14094_WT;Q14839_WT,O60563_WT;P49336_WT;P50750_WT;P51825_WT;Q8TDN4_WT;Q9UHB7_WT;Q86YS7_WT;Q00613_WT;Q14094_WT;Q14839_WT,P51825_WT;Q14094_WT;Q14839_WT,,reducer
Picrotoxinin,inactive,C=C(C)[C@H]1[C@@H]2C(=O)O[C@H]1[C@H]1OC(=O)[C@@]34O[C@@H]3C[C@]2(O)[C@@]14C,spectrum,C=C(C)[C@H]1C2C(=O)O[C@H]1[C@H]1OC(=O)[C@@]34O[C@@H]3C[C@]2(O)[C@@]14C,"InChI=1S/C15H16O6/c1-5(2)7-8-11(16)19-9(7)10-13(3)14(8,18)4-6-15(13,21-6)12(17)20-10/h6-10,18H,1,4H2,2-3H3/t6-,7+,8?,9-,10-,13-,14-,15+/m1/s1",PIMZUZSSNYHVCU-HWKGEHFDSA-N,PIMZUZSSNYHVCU,C=C(C)[C@H]1C2C(=O)O[C@H]1[C@H]1OC(=O)[C@@]34O[C@@H]3C[C@]2(O)[C@@]14C,,,,,,,,inactive
Methylatropine nitrate,inactive,C[N+]1(C)C2CCC1CC(OC(=O)C(CO)c1ccccc1)C2,spectrum,C[N+]1(C)C2CCC1CC(OC(=O)C(CO)c1ccccc1)C2,"InChI=1S/C18H26NO3/c1-19(2)14-8-9-15(19)11-16(10-14)22-18(21)17(12-20)13-6-4-3-5-7-13/h3-7,14-17,20H,8-12H2,1-2H3/q+1",PIPAJLPNWZMYQA-UHFFFAOYSA-N,PIPAJLPNWZMYQA,C[N+]1(C)C2CCC1CC(OC(=O)C(CO)c1ccccc1)C2,P08172_WT;P08482_WT;P08483_WT;P10980_WT;Q16637_WT;Q61143_WT,P08172_WT;P08482_WT;P08483_WT;P10980_WT;Q16637_WT;Q61143_WT,P08172_WT;P08482_WT;P08483_WT;P10980_WT;Q61143_WT,P08172_WT;P08482_WT;P08483_WT;P10980_WT,P08172_WT;P08482_WT;P08483_WT;P10980_WT,P08482_WT;P08483_WT;P10980_WT,,inactive
Dovitinib,inactive,C1=CC=C(C2=C1NC(C(=C2N)C3NC4=C(N=3)C=CC(=C4)N5CCN(CC5)C)=O)F,selleckchem,CN1CCN(c2ccc3[nH]c(-c4c(N)c5c(F)cccc5[nH]c4=O)nc3c2)CC1,"InChI=1S/C21H21FN6O/c1-27-7-9-28(10-8-27)12-5-6-14-16(11-12)25-20(24-14)18-19(23)17-13(22)3-2-4-15(17)26-21(18)29/h2-6,11H,7-10H2,1H3,(H,24,25)(H3,23,26,29)",PIQCTGMSNWUMAF-UHFFFAOYSA-N,PIQCTGMSNWUMAF,CN1CCN(c2ccc3[nH]c(-c4c(N)c5c(F)cccc5[nH]c4=O)nc3c2)CC1,O14730_WT;O14976_WT;O15146_WT;O15197_WT;O43283_WT;O43318_WT;O60285_WT;O75385_WT;O75676_WT;O75914_WT;O94804_WT;O95819_WT;P00519_E255K;P00519_H396P;P00519_M351T;P00519_Q252H;P00519_T315I;P00519_WT;P00519_Y253F;P00533_L858R_T790M;P04629_WT;P06239_WT;P06241_WT;P07333_WT;P07947_WT;P07948_WT;P07949_M918T;P07949_V804L;P07949_V804M;P07949_WT;P09619_WT;P09769_WT;P10721_A829P;P10721_D816H;P10721_L576P;P10721_V559D;P10721_V559D_T670I;P10721_V559D_V654A;P10721_WT;P11362_WT;P12931_WT;P16234_WT;P17948_WT;P21802_WT;P22607_G697C;P22607_WT;P23443_WT;P23458_WT;P29597_WT;P32298_WT;P35916_WT;P35968_WT;P36507_WT;P36888_D835H;P36888_D835Y;P36888_K663Q;P36888_N841I;P36888_R834Q;P36888_WT;P49841_WT;P51451_WT;P51617_WT;P54619_WT;P54646_WT;P57058_WT;P63010_WT;P63167_WT;P78356_WT;Q2M2I8_WT;Q5S007_G2019S;Q5S007_WT;Q6P5Z2_WT;Q6PHR2_WT;Q6ZSR9_WT;Q8IVH8_WT;Q8IY84_WT;Q8IYT8_WT;Q8N4C8_WT;Q8NFD2_WT;Q9BRS2_WT;Q9BVS4_WT;Q9H1R3_WT;Q9H2G2_WT;Q9H093_WT;Q9NRM7_WT;Q9NSY1_WT;Q9NYY3_WT;Q9P2K8_S808G;Q9P2K8_WT;Q9P289_WT;Q9UEE5_WT;Q9UEW8_WT;Q9UKE5_WT;Q9UPE1_WT;Q9Y2H9_WT;Q9Y2U5_WT;Q9Y4K4_WT;Q9Y6E0_WT;Q32MK0_WT;Q56UN5_WT;Q86YV6_WT;Q96BR1_WT;Q96GD4_WT;Q96L34_WT;Q96NX5_WT;Q00536_WT;Q02750_WT;Q04912_WT;Q08881_WT;Q13043_WT;Q13131_WT;Q13188_WT;Q13523_WT;Q13546_WT;Q14164_WT;Q15208_WT;Q15349_WT;Q16288_WT;Q16620_WT;Q16816_WT;Q92772_WT;Q92918_WT,O15197_WT;O43283_WT;O60285_WT;O95819_WT;P00519_H396P;P00519_M351T;P00519_Q252H;P00519_T315I;P00519_Y253F;P04629_WT;P06239_WT;P07333_WT;P07949_M918T;P07949_V804L;P07949_V804M;P07949_WT;P09619_WT;P09769_WT;P10721_A829P;P10721_D816H;P10721_L576P;P10721_V559D;P10721_V559D_T670I;P10721_V559D_V654A;P10721_WT;P11362_WT;P16234_WT;P17948_WT;P22607_WT;P23443_WT;P32298_WT;P35916_WT;P35968_WT;P36888_D835H;P36888_D835Y;P36888_K663Q;P36888_N841I;P36888_R834Q;P36888_WT;P51451_WT;P63010_WT;P78356_WT;Q2M2I8_WT;Q6P5Z2_WT;Q6ZSR9_WT;Q8IYT8_WT;Q8N4C8_WT;Q8NFD2_WT;Q9BVS4_WT;Q9H1R3_WT;Q9H2G2_WT;Q9H093_WT;Q9NSY1_WT;Q9P2K8_S808G;Q9P2K8_WT;Q9UKE5_WT;Q9UPE1_WT;Q9Y2H9_WT;Q9Y2U5_WT;Q32MK0_WT;Q56UN5_WT;Q86YV6_WT;Q96GD4_WT;Q96NX5_WT;Q04912_WT;Q08881_WT;Q15349_WT;Q16288_WT;Q92772_WT;Q92918_WT,P00519_H396P;P00519_Q252H;P07333_WT;P07949_M918T;P07949_V804L;P07949_V804M;P07949_WT;P09619_WT;P10721_A829P;P10721_L576P;P10721_V559D;P10721_V559D_T670I;P10721_V559D_V654A;P10721_WT;P11362_WT;P16234_WT;P17948_WT;P22607_WT;P32298_WT;P35916_WT;P35968_WT;P36888_D835H;P36888_D835Y;P36888_K663Q;P36888_N841I;P36888_R834Q;P36888_WT;P51451_WT;Q8IYT8_WT;Q8N4C8_WT;Q8NFD2_WT;Q9H1R3_WT;Q9NSY1_WT;Q9UKE5_WT;Q9Y2H9_WT;Q9Y2U5_WT;Q32MK0_WT;Q56UN5_WT;Q86YV6_WT;Q92918_WT,P07949_V804L;P07949_V804M;P07949_WT;P09619_WT;P10721_L576P;P10721_V559D;P10721_V559D_T670I;P10721_V559D_V654A;P10721_WT;P11362_WT;P35916_WT;P36888_D835H;P36888_D835Y;P36888_K663Q;P36888_N841I;P36888_R834Q;P36888_WT;Q8N4C8_WT;Q9UKE5_WT;Q32MK0_WT;Q56UN5_WT,P09619_WT;P10721_L576P;P10721_V559D;P10721_V559D_V654A;P10721_WT;P36888_D835H;P36888_D835Y;P36888_K663Q;P36888_N841I;P36888_R834Q;P36888_WT;Q32MK0_WT,P10721_L576P;P10721_V559D_V654A;P36888_K663Q;P36888_WT;Q32MK0_WT,,inactive
Sb 415286,inactive,C1(C(=C(C(N1)=O)NC2=CC(=C(C=C2)O)Cl)C3=C(C=CC=C3)[N+](=O)[O-])=O,selleckchem,O=C1NC(=O)C(c2ccccc2[N+](=O)[O-])C1=Nc1ccc(O)c(Cl)c1,"InChI=1S/C16H10ClN3O5/c17-10-7-8(5-6-12(10)21)18-14-13(15(22)19-16(14)23)9-3-1-2-4-11(9)20(24)25/h1-7,13,21H,(H,19,22,23)",PIWVARUFOMADFY-UHFFFAOYSA-N,PIWVARUFOMADFY,O=C1NC(=O)C(c2ccccc2[N+](=O)[O-])C1=Nc1ccc(O)c(Cl)c1,,,,,,,,inactive
6.2'-dimethoxyflavone,inactive,COc1cc2c(cc1)oc(-c1ccccc1OC)cc2=O,spectrum,COc1ccc2oc(-c3ccccc3OC)cc(=O)c2c1,"InChI=1S/C17H14O4/c1-19-11-7-8-16-13(9-11)14(18)10-17(21-16)12-5-3-4-6-15(12)20-2/h3-10H,1-2H3",PJJFYUAXYSKODT-UHFFFAOYSA-N,PJJFYUAXYSKODT,COc1ccc2oc(-c3ccccc3OC)cc(=O)c2c1,,,,,,,,inactive
Linsitinib,inactive,C1=C(C=C2C(=C1)C=CC(=N2)C3=CC=CC=C3)C4=C5N(C(=N4)[C@H]6C[C@@](C6)(C)O)C=CN=C5N,selleckchem,C[C@]1(O)C[C@@H](c2nc(-c3ccc4ccc(-c5ccccc5)nc4c3)c3c(N)nccn32)C1,"InChI=1S/C26H23N5O/c1-26(32)14-19(15-26)25-30-22(23-24(27)28-11-12-31(23)25)18-8-7-17-9-10-20(29-21(17)13-18)16-5-3-2-4-6-16/h2-13,19,32H,14-15H2,1H3,(H2,27,28)/t19-,26+",PKCDDUHJAFVJJB-VLZXCDOPSA-N,PKCDDUHJAFVJJB,C[C@]1(O)C[C@@H](c2nc(-c3ccc4ccc(-c5ccccc5)nc4c3)c3c(N)nccn32)C1,O95835_WT;P00519_WT;P06213_WT;P06239_WT;P06241_WT;P07948_WT;P07949_WT;P08069_WT;P17948_WT;P35557_WT;P35916_WT;P36888_WT;P51451_WT;Q3MIX3_WT;Q9UNQ0_WT;Q9Y4A5_WT;Q9Y4K4_WT;Q02750_WT;Q12851_WT;Q13464_WT;Q15303_WT;Q15759_WT,O95835_WT;P06213_WT;P08069_WT;P35916_WT;Q3MIX3_WT;Q9UNQ0_WT;Q9Y4A5_WT;Q12851_WT;Q15759_WT,P06213_WT;P08069_WT;Q9Y4A5_WT;Q12851_WT;Q15759_WT,P06213_WT;P08069_WT;Q9Y4A5_WT;Q15759_WT,Q9Y4A5_WT,Q9Y4A5_WT,,inactive
Rolitetracycline,inactive,CN(C)[C@@H]1C(O)=C(C(=O)NCN2CCCC2)C(=O)[C@@]2(O)C(O)=C3C(=O)c4c(O)cccc4[C@@](C)(O)[C@H]3C[C@@H]12,spectrum,CN(C)C1C(=O)C(C(=O)NCN2CCCC2)C(=O)[C@@]2(O)C(=O)C3C(=O)c4c(O)cccc4[C@@](C)(O)[C@H]3C[C@@H]12,"InChI=1S/C27H33N3O8/c1-26(37)13-7-6-8-16(31)17(13)21(32)18-14(26)11-15-20(29(2)3)22(33)19(24(35)27(15,38)23(18)34)25(36)28-12-30-9-4-5-10-30/h6-8,14-15,18-20,31,37-38H,4-5,9-12H2,1-3H3,(H,28,36)/t14-,15-,18?,19?,20?,26+,27-/m0/s1",PLDZOHPIBZVDLQ-ILMOPSLOSA-N,PLDZOHPIBZVDLQ,CN(C)C1C(=O)C(C(=O)NCN2CCCC2)C(=O)[C@@]2(O)C(=O)C3C(=O)c4c(O)cccc4[C@@](C)(O)[C@H]3C[C@@H]12,,,,,,,,inactive
Furazolidone,inactive,O=C1OCCN1/N=C/c1ccc([N+](=O)[O-])o1,spectrum,O=C1OCCN1/N=C/c1ccc([N+](=O)[O-])o1,"InChI=1S/C8H7N3O5/c12-8-10(3-4-15-8)9-5-6-1-2-7(16-6)11(13)14/h1-2,5H,3-4H2/b9-5+",PLHJDBGFXBMTGZ-WEVVVXLNSA-N,PLHJDBGFXBMTGZ,O=C1OCCN1/N=C/c1ccc([N+](=O)[O-])o1,P03372_WT,P03372_WT,,,,,,inactive
Deacetoxy-7-oxogedunin,inactive,CC1(C)C(=O)C=C[C@@]2(C)C1CC(=O)[C@]1(C)C2CC[C@@]2(C)[C@H](c3cocc3)OC(=O)[C@H]3O[C@]321,spectrum,CC1(C)C(=O)C=C[C@@]2(C)C1CC(=O)[C@]1(C)C2CC[C@@]2(C)[C@H](c3ccoc3)OC(=O)C3O[C@]321,"InChI=1S/C26H30O6/c1-22(2)16-12-18(28)25(5)15(23(16,3)9-7-17(22)27)6-10-24(4)19(14-8-11-30-13-14)31-21(29)20-26(24,25)32-20/h7-9,11,13,15-16,19-20H,6,10,12H2,1-5H3/t15?,16?,19-,20?,23+,24-,25-,26+/m0/s1",PMISPNORJONCHB-VDFSLFOSSA-N,PMISPNORJONCHB,CC1(C)C(=O)C=C[C@@]2(C)C1CC(=O)[C@]1(C)C2CC[C@@]2(C)[C@H](c3ccoc3)OC(=O)C3O[C@]321,,,,,,,,inactive
Tideglusib,inactive,S1N(C(N(C1=O)CC2C=CC=CC=2)=O)C3C=CC=C4C=CC=CC=34,selleckchem,O=c1sn(-c2cccc3ccccc23)c(=O)n1Cc1ccccc1,"InChI=1S/C19H14N2O2S/c22-18-20(13-14-7-2-1-3-8-14)19(23)24-21(18)17-12-6-10-15-9-4-5-11-16(15)17/h1-12H,13H2",PMJIHLSCWIDGMD-UHFFFAOYSA-N,PMJIHLSCWIDGMD,O=c1sn(-c2cccc3ccccc23)c(=O)n1Cc1ccccc1,P49841_WT,P49841_WT,,,,,,inactive
Peruvoside,inactive,CO[C@@H]1[C@@H](O)[C@H](C)O[C@H](O[C@H]2CC[C@]3(C=O)C4CC[C@]5(C)[C@@H](C6=CC(=O)OC6)CC[C@]5(O)C4CC[C@@H]3C2)[C@H]1O,spectrum,CO[C@H]1[C@H](O)[C@@H](O[C@H]2CC[C@]3(C=O)C4CC[C@]5(C)[C@@H](C6=CC(=O)OC6)CC[C@]5(O)C4CC[C@@H]3C2)O[C@@H](C)[C@@H]1O,"InChI=1S/C30H44O9/c1-16-24(33)26(36-3)25(34)27(38-16)39-19-6-10-29(15-31)18(13-19)4-5-22-21(29)7-9-28(2)20(8-11-30(22,28)35)17-12-23(32)37-14-17/h12,15-16,18-22,24-27,33-35H,4-11,13-14H2,1-3H3/t16-,18+,19-,20+,21?,22?,24-,25-,26+,27+,28+,29+,30-/m0/s1",PMTSPAGBAFCORP-WUHAFPOOSA-N,PMTSPAGBAFCORP,CO[C@H]1[C@H](O)[C@@H](O[C@H]2CC[C@]3(C=O)C4CC[C@]5(C)[C@@H](C6=CC(=O)OC6)CC[C@]5(O)C4CC[C@@H]3C2)O[C@@H](C)[C@@H]1O,Q16637_WT,Q16637_WT,,,,,,inactive
Fenthion,inactive,COP(=S)(OC)Oc1ccc(SC)c(C)c1,spectrum,COP(=S)(OC)Oc1ccc(SC)c(C)c1,"InChI=1S/C10H15O3PS2/c1-8-7-9(5-6-10(8)16-4)13-14(15,11-2)12-3/h5-7H,1-4H3",PNVJTZOFSHSLTO-UHFFFAOYSA-N,PNVJTZOFSHSLTO,COP(=S)(OC)Oc1ccc(SC)c(C)c1,,,,,,,,inactive
Venlafaxine hydrochloride,inactive,COc1ccc(C(CN(C)C)C2(O)CCCCC2)cc1,spectrum,COc1ccc(C(CN(C)C)C2(O)CCCCC2)cc1,"InChI=1S/C17H27NO2/c1-18(2)13-16(17(19)11-5-4-6-12-17)14-7-9-15(20-3)10-8-14/h7-10,16,19H,4-6,11-13H2,1-3H3",PNVNVHUZROJLTJ-UHFFFAOYSA-N,PNVNVHUZROJLTJ,COc1ccc(C(CN(C)C)C2(O)CCCCC2)cc1,P04150_WT;P23975_WT;P23977_WT;P31645_WT;P31652_WT;P43140_WT;Q9WTR4_WT;Q63380_WT,P04150_WT;P31645_WT;P31652_WT;P43140_WT,P31645_WT;P31652_WT,,,,,inactive
Flurandrenolide,inactive,CC1(C)O[C@@H]2CC3C4C[C@H](F)C5=CC(=O)CC[C@]5(C)C4[C@@H](O)C[C@]3(C)[C@]2(C(=O)CO)O1,spectrum,CC1(C)O[C@@H]2CC3C4C[C@H](F)C5=CC(=O)CC[C@]5(C)C4[C@@H](O)C[C@]3(C)[C@]2(C(=O)CO)O1,"InChI=1S/C24H33FO6/c1-21(2)30-19-9-14-13-8-16(25)15-7-12(27)5-6-22(15,3)20(13)17(28)10-23(14,4)24(19,31-21)18(29)11-26/h7,13-14,16-17,19-20,26,28H,5-6,8-11H2,1-4H3/t13?,14?,16-,17-,19+,20?,22-,23-,24+/m0/s1",POPFMWWJOGLOIF-KYSSJFEUSA-N,POPFMWWJOGLOIF,CC1(C)O[C@@H]2CC3C4C[C@H](F)C5=CC(=O)CC[C@]5(C)C4[C@@H](O)C[C@]3(C)[C@]2(C(=O)CO)O1,P04150_WT;Q16637_WT,P04150_WT,P04150_WT,P04150_WT,P04150_WT,P04150_WT,,inactive
Danazol,inactive,C#C[C@]1(O)CCC2C3CCC4=Cc5c(cno5)C[C@]4(C)C3CC[C@@]21C,spectrum,C#C[C@]1(O)CCC2C3CCC4=Cc5oncc5C[C@]4(C)C3CC[C@@]21C,"InChI=1S/C22H27NO2/c1-4-22(24)10-8-18-16-6-5-15-11-19-14(13-23-25-19)12-20(15,2)17(16)7-9-21(18,22)3/h1,11,13,16-18,24H,5-10,12H2,2-3H3/t16?,17?,18?,20-,21-,22-/m0/s1",POZRVZJJTULAOH-GSQPBCFPSA-N,POZRVZJJTULAOH,C#C[C@]1(O)CCC2C3CCC4=Cc5oncc5C[C@]4(C)C3CC[C@@]21C,P03372_WT;P04278_WT;P10275_WT;P15207_WT;P51589_WT,P04278_WT;P10275_WT;P15207_WT;P51589_WT,P04278_WT;P10275_WT;P15207_WT;P51589_WT,P04278_WT;P10275_WT;P15207_WT;P51589_WT,P04278_WT;P10275_WT;P15207_WT,,,inactive
Betamethasone acetate,inactive,CC(=O)OCC(=O)[C@@]1(O)[C@@H](C)CC2C3CCC4=CC(=O)C=C[C@]4(C)[C@@]3(F)[C@@H](O)C[C@@]21C,spectrum,CC(=O)OCC(=O)[C@@]1(O)[C@@H](C)CC2C3CC=C4CC(=O)C=C[C@]4(C)[C@@]3(F)[C@@H](O)C[C@@]21C,"InChI=1S/C24H31FO6/c1-13-9-18-17-6-5-15-10-16(27)7-8-21(15,3)23(17,25)19(28)11-22(18,4)24(13,30)20(29)12-31-14(2)26/h5,7-8,13,17-19,28,30H,6,9-12H2,1-4H3/t13-,17?,18?,19-,21-,22-,23-,24-/m0/s1",PPDWQLSRZNCMRA-DKNQJTFPSA-N,PPDWQLSRZNCMRA,CC(=O)OCC(=O)[C@@]1(O)[C@@H](C)CC2C3CC=C4CC(=O)C=C[C@]4(C)[C@@]3(F)[C@@H](O)C[C@@]21C,P04150_WT;P10275_WT;P11511_WT,P04150_WT;P10275_WT;P11511_WT,P04150_WT;P10275_WT;P11511_WT,P04150_WT;P10275_WT;P11511_WT,P04150_WT,,,inactive
Ronidazole,inactive,Cn1c([N+](=O)[O-])cnc1COC(N)=O,spectrum,Cn1c([N+](=O)[O-])cnc1COC(N)=O,"InChI=1S/C6H8N4O4/c1-9-4(3-14-6(7)11)8-2-5(9)10(12)13/h2H,3H2,1H3,(H2,7,11)",PQFRTXSWDXZRRS-UHFFFAOYSA-N,PQFRTXSWDXZRRS,Cn1c([N+](=O)[O-])cnc1COC(N)=O,,,,,,,,inactive
Miltefosine,inactive,CCCCCCCCCCCCCCCCOP(=O)([O-])OCC[N+](C)(C)C,spectrum,CCCCCCCCCCCCCCCCOP(=O)(O)OCC[N+](C)(C)C,"InChI=1S/C21H46NO4P/c1-5-6-7-8-9-10-11-12-13-14-15-16-17-18-20-25-27(23,24)26-21-19-22(2,3)4/h5-21H2,1-4H3/p+1",PQLXHQMOHUQAKB-UHFFFAOYSA-O,PQLXHQMOHUQAKB,CCCCCCCCCCCCCCCCOP(=O)(O)OCC[N+](C)(C)C,,,,,,,,inactive
Madecassic acid,inactive,C[C@@H]1[C@H]2C3=CCC4[C@@]5(C)C[C@@H](O)[C@H](O)[C@@](C)(CO)C5[C@H](O)C[C@@]4(C)[C@]3(C)CC[C@@]2(C(=O)O)CC[C@H]1C,spectrum,C[C@H]1[C@H](C)CC[C@]2(C(=O)O)CC[C@]3(C)C(=CCC4[C@@]5(C)C[C@@H](O)[C@H](O)[C@@](C)(CO)C5[C@H](O)C[C@]43C)[C@H]12,"InChI=1S/C30H48O6/c1-16-9-10-30(25(35)36)12-11-28(5)18(22(30)17(16)2)7-8-21-26(3)13-20(33)24(34)27(4,15-31)23(26)19(32)14-29(21,28)6/h7,16-17,19-24,31-34H,8-15H2,1-6H3,(H,35,36)/t16-,17+,19-,20-,21?,22+,23?,24+,26-,27+,28-,29-,30+/m1/s1",PRAUVHZJPXOEIF-VGKQSNDQSA-N,PRAUVHZJPXOEIF,C[C@H]1[C@H](C)CC[C@]2(C(=O)O)CC[C@]3(C)C(=CCC4[C@@]5(C)C[C@@H](O)[C@H](O)[C@@](C)(CO)C5[C@H](O)C[C@]43C)[C@H]12,,,,,,,,inactive
Colchiceine,inactive,COc1c(OC)c(OC)c2c(c1)CC[C@H](NC(C)=O)c1cc(=O)c(O)ccc1-2,spectrum,COc1cc2c(c(OC)c1OC)-c1ccc(=O)c(O)cc1[C@@H](NC(C)=O)CC2,"InChI=1S/C21H23NO6/c1-11(23)22-15-7-5-12-9-18(26-2)20(27-3)21(28-4)19(12)13-6-8-16(24)17(25)10-14(13)15/h6,8-10,15H,5,7H2,1-4H3,(H,22,23)(H,24,25)/t15-/m0/s1",PRGILOMAMBLWNG-HNNXBMFYSA-N,PRGILOMAMBLWNG,COc1cc2c(c(OC)c1OC)-c1ccc(=O)c(O)cc1[C@@H](NC(C)=O)CC2,,,,,,,,inactive
Epiestriol,inactive,CC12CCC3c4c(cc(O)cc4)CCC3C1C[C@H](O)[C@@H]2O,spectrum,CC12CCC3c4ccc(O)cc4CCC3C1C[C@H](O)[C@@H]2O,"InChI=1S/C18H24O3/c1-18-7-6-13-12-5-3-11(19)8-10(12)2-4-14(13)15(18)9-16(20)17(18)21/h3,5,8,13-17,19-21H,2,4,6-7,9H2,1H3/t13?,14?,15?,16-,17-,18?/m0/s1",PROQIPRRNZUXQM-WRECPOHLSA-N,PROQIPRRNZUXQM,CC12CCC3c4ccc(O)cc4CCC3C1C[C@H](O)[C@@H]2O,P03372_WT;P04278_WT;Q03431_WT;Q92731_WT,P03372_WT;P04278_WT;Q92731_WT,P03372_WT;Q92731_WT,Q92731_WT,Q92731_WT,Q92731_WT,,inactive
Losartan,inactive,CCCCc1nc(Cl)c(CO)n1Cc1ccc(-c2ccccc2-c2nnn[nH]2)cc1,spectrum,CCCCc1nc(Cl)c(CO)n1Cc1ccc(-c2ccccc2-c2nn[nH]n2)cc1,"InChI=1S/C22H23ClN6O/c1-2-3-8-20-24-21(23)19(14-30)29(20)13-15-9-11-16(12-10-15)17-6-4-5-7-18(17)22-25-27-28-26-22/h4-7,9-12,30H,2-3,8,13-14H2,1H3,(H,25,26,27,28)",PSIFNNKUMBGKDQ-UHFFFAOYSA-N,PSIFNNKUMBGKDQ,CCCCc1nc(Cl)c(CO)n1Cc1ccc(-c2ccccc2-c2nn[nH]n2)cc1,P03372_WT;P04150_WT;P12821_WT;P25095_WT;P29089_WT;P30556_WT;P50052_WT;Q9Y6L6_WT,P03372_WT;P04150_WT;P12821_WT;P25095_WT;P29089_WT;P30556_WT;Q9Y6L6_WT,P03372_WT;P12821_WT;P25095_WT;P29089_WT;P30556_WT,P12821_WT;P25095_WT;P29089_WT;P30556_WT,P30556_WT,,,inactive
Thymopentin,inactive,CC(C)[C@H](NC(=O)[C@H](CC(=O)O)NC(=O)[C@H](CCCCN)NC(=O)[C@@H](N)CCCNC(=N)N)C(=O)N[C@@H](Cc1ccc(O)cc1)C(=O)O,spectrum,CC(C)C(NC(=O)C(CC(=O)O)NC(=O)C(CCCCN)NC(=O)C(N)CCCN=C(N)N)C(=O)NC(Cc1ccc(O)cc1)C(=O)O,"InChI=1S/C30H49N9O9/c1-16(2)24(28(46)38-22(29(47)48)14-17-8-10-18(40)11-9-17)39-27(45)21(15-23(41)42)37-26(44)20(7-3-4-12-31)36-25(43)19(32)6-5-13-35-30(33)34/h8-11,16,19-22,24,40H,3-7,12-15,31-32H2,1-2H3,(H,36,43)(H,37,44)(H,38,46)(H,39,45)(H,41,42)(H,47,48)(H4,33,34,35)",PSWFFKRAVBDQEG-UHFFFAOYSA-N,PSWFFKRAVBDQEG,CC(C)C(NC(=O)C(CC(=O)O)NC(=O)C(CCCCN)NC(=O)C(N)CCCN=C(N)N)C(=O)NC(Cc1ccc(O)cc1)C(=O)O,,,,,,,,inactive
Nylidrin hydrochloride,inactive,CC(CCc1ccccc1)NC(C)C(O)c1ccc(O)cc1,spectrum,CC(CCc1ccccc1)NC(C)C(O)c1ccc(O)cc1,"InChI=1S/C19H25NO2/c1-14(8-9-16-6-4-3-5-7-16)20-15(2)19(22)17-10-12-18(21)13-11-17/h3-7,10-15,19-22H,8-9H2,1-2H3",PTGXAUBQBSGPKF-UHFFFAOYSA-N,PTGXAUBQBSGPKF,CC(CCc1ccccc1)NC(C)C(O)c1ccc(O)cc1,P19838_WT,P19838_WT,P19838_WT,P19838_WT,P19838_WT,,,inactive
Midodrine hydrochloride,inactive,COc1cc(C(O)CNC(=O)CN)c(OC)cc1,spectrum,COc1ccc(OC)c(C(O)CNC(=O)CN)c1,"InChI=1S/C12H18N2O4/c1-17-8-3-4-11(18-2)9(5-8)10(15)7-14-12(16)6-13/h3-5,10,15H,6-7,13H2,1-2H3,(H,14,16)",PTKSEFOSCHHMPD-UHFFFAOYSA-N,PTKSEFOSCHHMPD,COc1ccc(OC)c(C(O)CNC(=O)CN)c1,,,,,,,,inactive
Dibucaine hydrochloride,inactive,CCCCOc1cc(C(=O)NCCN(CC)CC)c2ccccc2n1,spectrum,CCCCOc1cc(C(=O)NCCN(CC)CC)c2ccccc2n1,"InChI=1S/C20H29N3O2/c1-4-7-14-25-19-15-17(16-10-8-9-11-18(16)22-19)20(24)21-12-13-23(5-2)6-3/h8-11,15H,4-7,12-14H2,1-3H3,(H,21,24)",PUFQVTATUTYEAL-UHFFFAOYSA-N,PUFQVTATUTYEAL,CCCCOc1cc(C(=O)NCCN(CC)CC)c2ccccc2n1,Q16637_WT,,,,,,,inactive
Carprofen,inactive,CC(C(=O)O)c1cc2c(cc1)c1c(ccc(Cl)c1)[nH]2,spectrum,CC(C(=O)O)c1ccc2c(c1)[nH]c1ccc(Cl)cc12,"InChI=1S/C15H12ClNO2/c1-8(15(18)19)9-2-4-11-12-7-10(16)3-5-13(12)17-14(11)6-9/h2-8,17H,1H3,(H,18,19)",PUXBGTOOZJQSKH-UHFFFAOYSA-N,PUXBGTOOZJQSKH,CC(C(=O)O)c1ccc2c(c1)[nH]c1ccc(Cl)cc12,P01031_WT,,,,,,,inactive
Kasugamycin hydrochloride,inactive,C[C@H]1O[C@H](O[C@@H]2[C@@H](O)[C@@H](O)[C@H](O)[C@H](O)[C@H]2O)[C@@H](N)C[C@@H]1NC(=N)C(=O)O,spectrum,C[C@H]1O[C@H](O[C@H]2[C@H](O)[C@@H](O)[C@@H](O)[C@H](O)[C@@H]2O)[C@@H](N)C[C@@H]1N=C(N)C(=O)O,"InChI=1S/C14H25N3O9/c1-3-5(17-12(16)13(23)24)2-4(15)14(25-3)26-11-9(21)7(19)6(18)8(20)10(11)22/h3-11,14,18-22H,2,15H2,1H3,(H2,16,17)(H,23,24)/t3-,4+,5+,6-,7+,8+,9-,10+,11+,14-/m1/s1",PVTHJAPFENJVNC-MHRBZPPQSA-N,PVTHJAPFENJVNC,C[C@H]1O[C@H](O[C@H]2[C@H](O)[C@@H](O)[C@@H](O)[C@H](O)[C@@H]2O)[C@@H](N)C[C@@H]1N=C(N)C(=O)O,P03372_WT,P03372_WT,P03372_WT,P03372_WT,P03372_WT,,,inactive
Cefpiramide,inactive,Cc1cc(O)c(C(=O)N[C@@H](C(=O)N[C@@H]2C(=O)N3C(C(=O)O)=C(CSc4nnnn4C)CSC23)c2ccc(O)cc2)cn1,spectrum,Cc1cc(=O)c(C(=O)NC(C(=O)NC2C(=O)N3C(C(=O)O)=C(CSc4nnnn4C)CSC23)c2ccc(O)cc2)c[nH]1,"InChI=1S/C25H24N8O7S2/c1-11-7-16(35)15(8-26-11)20(36)27-17(12-3-5-14(34)6-4-12)21(37)28-18-22(38)33-19(24(39)40)13(9-41-23(18)33)10-42-25-29-30-31-32(25)2/h3-8,17-18,23,34H,9-10H2,1-2H3,(H,26,35)(H,27,36)(H,28,37)(H,39,40)",PWAUCHMQEXVFJR-UHFFFAOYSA-N,PWAUCHMQEXVFJR,Cc1cc(=O)c(C(=O)NC(C(=O)NC2C(=O)N3C(C(=O)O)=C(CSc4nnnn4C)CSC23)c2ccc(O)cc2)c[nH]1,,,,,,,,inactive
Lufenuron,inactive,O=C(NC(=O)c1c(F)cccc1F)Nc1c(Cl)cc(OC(F)(F)C(F)C(F)(F)F)c(Cl)c1,spectrum,O=C(NC(=O)c1c(F)cccc1F)Nc1cc(Cl)c(OC(F)(F)C(F)C(F)(F)F)cc1Cl,"InChI=1S/C17H8Cl2F8N2O3/c18-6-5-11(32-17(26,27)14(22)16(23,24)25)7(19)4-10(6)28-15(31)29-13(30)12-8(20)2-1-3-9(12)21/h1-5,14H,(H2,28,29,30,31)",PWPJGUXAGUPAHP-UHFFFAOYSA-N,PWPJGUXAGUPAHP,O=C(NC(=O)c1c(F)cccc1F)Nc1cc(Cl)c(OC(F)(F)C(F)C(F)(F)F)cc1Cl,,,,,,,,inactive
Promethazine hydrochloride,inactive,CC(CN1c2c(cccc2)Sc2c1cccc2)N(C)C,spectrum,CC(CN1c2ccccc2Sc2ccccc21)N(C)C,"InChI=1S/C17H20N2S/c1-13(18(2)3)12-19-14-8-4-6-10-16(14)20-17-11-7-5-9-15(17)19/h4-11,13H,12H2,1-3H3",PWWVAXIEGOYWEE-UHFFFAOYSA-N,PWWVAXIEGOYWEE,CC(CN1c2ccccc2Sc2ccccc21)N(C)C,P08172_WT;P08173_WT;P08482_WT;P08912_WT;P08913_WT;P10635_WT;P11229_WT;P14416_WT;P15823_WT;P18089_WT;P18825_WT;P20309_WT;P25100_WT;P28223_WT;P28335_WT;P28482_WT;P35367_WT;P35462_WT;P41595_WT;P43140_WT;P55789_WT;Q99720_WT,P08172_WT;P08173_WT;P08482_WT;P08912_WT;P11229_WT;P14416_WT;P15823_WT;P18089_WT;P20309_WT;P25100_WT;P28223_WT;P28335_WT;P28482_WT;P35367_WT;P41595_WT;P43140_WT;Q99720_WT,P08172_WT;P08173_WT;P08912_WT;P11229_WT;P15823_WT;P18089_WT;P20309_WT;P28223_WT;P28335_WT;P28482_WT;P35367_WT;P41595_WT;P43140_WT,P08172_WT;P08173_WT;P08912_WT;P11229_WT;P15823_WT;P20309_WT;P28223_WT;P28335_WT;P35367_WT,P08173_WT;P08912_WT;P11229_WT;P20309_WT;P28335_WT;P35367_WT,P08173_WT,,inactive
Quinestrol,inactive,C#C[C@]1(O)CCC2C3CCc4c(ccc(OC5CCCC5)c4)C3CC[C@@]21C,spectrum,C#C[C@]1(O)CCC2C3CCc4cc(OC5CCCC5)ccc4C3CC[C@@]21C,"InChI=1S/C25H32O2/c1-3-25(26)15-13-23-22-10-8-17-16-19(27-18-6-4-5-7-18)9-11-20(17)21(22)12-14-24(23,25)2/h1,9,11,16,18,21-23,26H,4-8,10,12-15H2,2H3/t21?,22?,23?,24-,25-/m0/s1",PWZUUYSISTUNDW-BOSQQAFTSA-N,PWZUUYSISTUNDW,C#C[C@]1(O)CCC2C3CCc4cc(OC5CCCC5)ccc4C3CC[C@@]21C,P03372_WT,P03372_WT,P03372_WT,,,,,inactive
Chloramphenicol palmitate,inactive,CCCCCCCCCCCCCCCC(=O)OC[C@H](NC(=O)C(Cl)Cl)[C@H](O)c1ccc([N+](=O)[O-])cc1,spectrum,CCCCCCCCCCCCCCCC(=O)OC[C@H](NC(=O)C(Cl)Cl)[C@H](O)c1ccc([N+](=O)[O-])cc1,"InChI=1S/C27H42Cl2N2O6/c1-2-3-4-5-6-7-8-9-10-11-12-13-14-15-24(32)37-20-23(30-27(34)26(28)29)25(33)21-16-18-22(19-17-21)31(35)36/h16-19,23,25-26,33H,2-15,20H2,1H3,(H,30,34)/t23-,25+/m0/s1",PXKHGMGELZGJQE-UKILVPOCSA-N,PXKHGMGELZGJQE,CCCCCCCCCCCCCCCC(=O)OC[C@H](NC(=O)C(Cl)Cl)[C@H](O)c1ccc([N+](=O)[O-])cc1,,,,,,,,inactive
Helenine,inactive,C=C1C(=O)O[C@@H]2C[C@@]3(C)CCC[C@H](C)C3=C[C@H]12,spectrum,C=C1C(=O)O[C@@H]2C[C@@]3(C)CCC[C@H](C)C3=C[C@H]12,"InChI=1S/C15H20O2/c1-9-5-4-6-15(3)8-13-11(7-12(9)15)10(2)14(16)17-13/h7,9,11,13H,2,4-6,8H2,1,3H3/t9-,11+,13+,15+/m0/s1",PXOYOCNNSUAQNS-AGNJHWRGSA-N,PXOYOCNNSUAQNS,C=C1C(=O)O[C@@H]2C[C@@]3(C)CCC[C@H](C)C3=C[C@H]12,,,,,,,,inactive
Medrysone,inactive,CC(=O)[C@H]1CCC2C3C[C@H](C)C4=CC(=O)CC[C@]4(C)C3[C@@H](O)C[C@@]21C,spectrum,CC(=O)C1CCC2C3CC(C)=C4CC(=O)CC[C@]4(C)C3[C@@H](O)C[C@]12C,"InChI=1S/C22H32O3/c1-12-9-15-17-6-5-16(13(2)23)22(17,4)11-19(25)20(15)21(3)8-7-14(24)10-18(12)21/h15-17,19-20,25H,5-11H2,1-4H3/t15?,16?,17?,19-,20?,21-,22+/m0/s1",PYBNSXOYOSNUHV-HNHXENLRSA-N,PYBNSXOYOSNUHV,CC(=O)C1CCC2C3CC(C)=C4CC(=O)CC[C@]4(C)C3[C@@H](O)C[C@]12C,P04150_WT;P10275_WT;P11511_WT,P04150_WT;P10275_WT;P11511_WT,P04150_WT;P10275_WT;P11511_WT,P10275_WT,,,,inactive
Zm 336372,inactive,C1(=CC=CC(=C1)C(NC2=CC(=C(C=C2)C)NC(C3=CC=C(C=C3)O)=O)=O)N(C)C,selleckchem,Cc1ccc(NC(=O)c2cccc(N(C)C)c2)cc1NC(=O)c1ccc(O)cc1,"InChI=1S/C23H23N3O3/c1-15-7-10-18(24-23(29)17-5-4-6-19(13-17)26(2)3)14-21(15)25-22(28)16-8-11-20(27)12-9-16/h4-14,27H,1-3H3,(H,24,29)(H,25,28)",PYEFPDQFAZNXLI-UHFFFAOYSA-N,PYEFPDQFAZNXLI,Cc1ccc(NC(=O)c2cccc(N(C)C)c2)cc1NC(=O)c1ccc(O)cc1,P04049_WT;P04049_Y340D_Y341D_V492E;P06239_WT;P06240_WT;P15056_V600E;P15056_WT;Q16539_WT,P04049_WT;P04049_Y340D_Y341D_V492E;P15056_V600E;P15056_WT;Q16539_WT,P04049_WT;P04049_Y340D_Y341D_V492E,P04049_WT;P04049_Y340D_Y341D_V492E,,,,inactive
Lamotrigine,inactive,Nc1nnc(-c2c(Cl)c(Cl)ccc2)c(N)n1,spectrum,Nc1nnc(-c2cccc(Cl)c2Cl)c(N)n1,"InChI=1S/C9H7Cl2N5/c10-5-3-1-2-4(6(5)11)7-8(12)14-9(13)16-15-7/h1-3H,(H4,12,13,14,16)",PYZRQGJRPPTADH-UHFFFAOYSA-N,PYZRQGJRPPTADH,Nc1nnc(-c2cccc(Cl)c2Cl)c(N)n1,,,,,,,,inactive
Enilconazole sulfate,inactive,C=CCOC(Cn1ccnc1)c1c(Cl)cc(Cl)cc1,spectrum,C=CCOC(Cn1ccnc1)c1ccc(Cl)cc1Cl,"InChI=1S/C14H14Cl2N2O/c1-2-7-19-14(9-18-6-5-17-10-18)12-4-3-11(15)8-13(12)16/h2-6,8,10,14H,1,7,9H2",PZBPKYOVPCNPJY-UHFFFAOYSA-N,PZBPKYOVPCNPJY,C=CCOC(Cn1ccnc1)c1ccc(Cl)cc1Cl,P05177_WT;P08684_WT;P11511_WT;P11712_WT;P33261_WT,P05177_WT;P08684_WT;P11712_WT;P33261_WT,P05177_WT;P33261_WT,P33261_WT,,,,inactive
Milrinone,inactive,Cc1c(-c2ccncc2)cc(C#N)c(=O)[nH]1,spectrum,Cc1[nH]c(=O)c(C#N)cc1-c1ccncc1,"InChI=1S/C12H9N3O/c1-8-11(9-2-4-14-5-3-9)6-10(7-13)12(16)15-8/h2-6H,1H3,(H,15,16)",PZRHRDRVRGEVNW-UHFFFAOYSA-N,PZRHRDRVRGEVNW,Cc1[nH]c(=O)c(C#N)cc1-c1ccncc1,O76074_WT;Q9NUW8_WT;Q13370_WT,Q9NUW8_WT;Q13370_WT,Q9NUW8_WT,,,,,inactive
Derrusnin,inactive,COc1cc(OC)c2c(OC)c(-c3cc4c(cc3)OCO4)c(=O)oc2c1,spectrum,COc1cc(OC)c2c(OC)c(-c3ccc4c(c3)OCO4)c(=O)oc2c1,"InChI=1S/C19H16O7/c1-21-11-7-14(22-2)17-15(8-11)26-19(20)16(18(17)23-3)10-4-5-12-13(6-10)25-9-24-12/h4-8H,9H2,1-3H3",PZYZNVLXKYMURF-UHFFFAOYSA-N,PZYZNVLXKYMURF,COc1cc(OC)c2c(OC)c(-c3ccc4c(c3)OCO4)c(=O)oc2c1,,,,,,,,inactive
Bgj398,reducer,N(C(=O)NC1C(=C(C=C(C=1Cl)OC)OC)Cl)(C)C2N=CN=C(C=2)NC3C=CC(=CC=3)N4CCN(CC4)CC,selleckchem,CCN1CCN(c2ccc(Nc3cc(N(C)C(=O)Nc4c(Cl)c(OC)cc(OC)c4Cl)ncn3)cc2)CC1,"InChI=1S/C26H31Cl2N7O3/c1-5-34-10-12-35(13-11-34)18-8-6-17(7-9-18)31-21-15-22(30-16-29-21)33(2)26(36)32-25-23(27)19(37-3)14-20(38-4)24(25)28/h6-9,14-16H,5,10-13H2,1-4H3,(H,32,36)(H,29,30,31)",QADPYRIHXKWUSV-UHFFFAOYSA-N,QADPYRIHXKWUSV,CCN1CCN(c2ccc(Nc3cc(N(C)C(=O)Nc4c(Cl)c(OC)cc(OC)c4Cl)ncn3)cc2)CC1,P07948_WT;P11362_WT;P21802_WT;P22455_WT;P22607_WT;P35968_WT;Q03142_WT;Q99835_WT,P11362_WT;P21802_WT;P22455_WT;P22607_WT;Q99835_WT,P11362_WT;P21802_WT;P22455_WT;P22607_WT;Q99835_WT,P11362_WT;P21802_WT;P22607_WT,P11362_WT;P21802_WT;P22607_WT,P11362_WT;P21802_WT;P22607_WT,P11362_WT,reducer
Estradiol acetate,inactive,CC(=O)OC1CCC2C3CCc4c(ccc(O)c4)C3CCC12C,spectrum,CC(=O)OC1CCC2C3CCc4cc(O)ccc4C3CCC12C,"InChI=1S/C20H26O3/c1-12(21)23-19-8-7-18-17-5-3-13-11-14(22)4-6-15(13)16(17)9-10-20(18,19)2/h4,6,11,16-19,22H,3,5,7-10H2,1-2H3",QAHOQNJVHDHYRN-UHFFFAOYSA-N,QAHOQNJVHDHYRN,CC(=O)OC1CCC2C3CCc4cc(O)ccc4C3CCC12C,,,,,,,,inactive
Kinetin,inactive,c1coc(CNc2ncnc3c2nc[nH]3)c1,spectrum,c1coc(CNc2ncnc3[nH]cnc23)c1,"InChI=1S/C10H9N5O/c1-2-7(16-3-1)4-11-9-8-10(13-5-12-8)15-6-14-9/h1-3,5-6H,4H2,(H2,11,12,13,14,15)",QANMHLXAZMSUEX-UHFFFAOYSA-N,QANMHLXAZMSUEX,c1coc(CNc2ncnc3[nH]cnc23)c1,,,,,,,,inactive
Tiletamine hydrochloride,inactive,CCNC1(c2cccs2)CCCCC1=O,spectrum,CCNC1(c2cccs2)CCCCC1=O,"InChI=1S/C12H17NOS/c1-2-13-12(11-7-5-9-15-11)8-4-3-6-10(12)14/h5,7,9,13H,2-4,6,8H2,1H3",QAXBVGVYDCAVLV-UHFFFAOYSA-N,QAXBVGVYDCAVLV,CCNC1(c2cccs2)CCCCC1=O,,,,,,,,inactive
Gossypol,inactive,Cc1cc2c(C(C)C)c(O)c(O)c(C=O)c2c(O)c1-c1c(O)c2c(C=O)c(O)c(O)c(C(C)C)c2cc1C,spectrum,Cc1cc2c(C(C)C)c(O)c(O)c(C=O)c2c(O)c1-c1c(C)cc2c(C(C)C)c(O)c(O)c(C=O)c2c1O,"InChI=1S/C30H30O8/c1-11(2)19-15-7-13(5)21(27(35)23(15)17(9-31)25(33)29(19)37)22-14(6)8-16-20(12(3)4)30(38)26(34)18(10-32)24(16)28(22)36/h7-12,33-38H,1-6H3",QBKSWRVVCFFDOT-UHFFFAOYSA-N,QBKSWRVVCFFDOT,Cc1cc2c(C(C)C)c(O)c(O)c(C=O)c2c(O)c1-c1c(C)cc2c(C(C)C)c(O)c(O)c(C=O)c2c1O,P06746_WT;P10415_WT;P15121_WT;Q07817_WT;Q07820_WT;Q12797_WT;Q92934_WT,Q12797_WT,,,,,,inactive
Danthron,inactive,O=C1c2c(C(=O)c3c1cccc3O)c(O)ccc2,spectrum,O=C1c2cccc(O)c2C(=O)c2c(O)cccc21,"InChI=1S/C14H8O4/c15-9-5-1-3-7-11(9)14(18)12-8(13(7)17)4-2-6-10(12)16/h1-6,15-16H",QBPFLULOKWLNNW-UHFFFAOYSA-N,QBPFLULOKWLNNW,O=C1c2cccc(O)c2C(=O)c2c(O)cccc21,,,,,,,,inactive
Clioquinol,inactive,Oc1c2ncccc2c(Cl)cc1I,spectrum,Oc1c(I)cc(Cl)c2cccnc12,"InChI=1S/C9H5ClINO/c10-6-4-7(11)9(13)8-5(6)2-1-3-12-8/h1-4,13H",QCDFBFJGMNKBDO-UHFFFAOYSA-N,QCDFBFJGMNKBDO,Oc1c(I)cc(Cl)c2cccnc12,P05177_WT;P35869_WT;P51450_WT,P05177_WT,P05177_WT,,,,,inactive
Pilocarpine nitrate,inactive,CC[C@@H]1C(=O)OC[C@@H]1Cc1cncn1C,spectrum,CCC1C(=O)OC[C@@H]1Cc1cncn1C,"InChI=1S/C11H16N2O2/c1-3-10-8(6-15-11(10)14)4-9-5-12-7-13(9)2/h5,7-8,10H,3-4,6H2,1-2H3/t8-,10?/m0/s1",QCHFTSOMWOSFHM-PEHGTWAWSA-N,QCHFTSOMWOSFHM,CCC1C(=O)OC[C@@H]1Cc1cncn1C,O75496_WT;O89049_WT;P28482_WT,P28482_WT,P28482_WT,P28482_WT,P28482_WT,P28482_WT,,inactive
3beta-HYDROXYISOALLOSPIROST-9(11)-ENE,inactive,CC1CCC2(OC1)OC1CC3C4CCC5C[C@@H](O)CCC5(C)C4=CCC3(C)C1[C@@H]2C,spectrum,CC1CCC2(OC1)OC1CC3C4CCC5C[C@@H](O)CCC5(C)C4=CCC3(C)C1[C@@H]2C,"InChI=1S/C27H42O3/c1-16-7-12-27(29-15-16)17(2)24-23(30-27)14-22-20-6-5-18-13-19(28)8-10-25(18,3)21(20)9-11-26(22,24)4/h9,16-20,22-24,28H,5-8,10-15H2,1-4H3/t16?,17-,18?,19-,20?,22?,23?,24?,25?,26?,27?/m0/s1",QCVKYDNFSXDPSW-PVXCIBCQSA-N,QCVKYDNFSXDPSW,CC1CCC2(OC1)OC1CC3C4CCC5C[C@@H](O)CCC5(C)C4=CCC3(C)C1[C@@H]2C,,,,,,,,inactive
Gsk1059615,reducer,C1(=CC=C2C(=C1)C(=CC=N2)C3=CC=NC=C3)/C=C4/C(NC(S4)=O)=O,selleckchem,O=C1NC(=O)/C(=C/c2ccc3nccc(-c4ccncc4)c3c2)S1,"InChI=1S/C18H11N3O2S/c22-17-16(24-18(23)21-17)10-11-1-2-15-14(9-11)13(5-8-20-15)12-3-6-19-7-4-12/h1-10H,(H,21,22,23)/b16-10-",QDITZBLZQQZVEE-YBEGLDIGSA-N,QDITZBLZQQZVEE,O=C1NC(=O)/C(=C/c2ccc3nccc(-c4ccncc4)c3c2)S1,O75676_WT;O75822_WT;O94804_WT;O95782_WT;P11309_WT;P19784_WT;P42336_WT;P49759_WT;P49760_WT;P61962_WT;P67870_WT;P78368_WT;Q2M2I8_WT;Q6ZSR9_WT;Q7L7X3_WT;Q8TBX8_WT;Q8WZ60_WT;Q9NPF4_WT;Q9NSY1_WT;Q9Y3C4_WT;Q96S44_WT;Q13627_WT;Q14657_WT,O75822_WT;O95782_WT;P11309_WT;P19784_WT;P42336_WT;P49759_WT;P49760_WT;P67870_WT;Q2M2I8_WT;Q6ZSR9_WT;Q7L7X3_WT;Q8WZ60_WT;Q9NPF4_WT;Q9Y3C4_WT;Q96S44_WT;Q13627_WT;Q14657_WT,O75822_WT;O95782_WT;P19784_WT;P42336_WT;P49759_WT;P49760_WT;P67870_WT;Q2M2I8_WT;Q6ZSR9_WT;Q7L7X3_WT;Q8WZ60_WT;Q9NPF4_WT;Q9Y3C4_WT;Q96S44_WT;Q14657_WT,O75822_WT;P19784_WT;P42336_WT;P49759_WT;P49760_WT;P67870_WT;Q7L7X3_WT;Q8WZ60_WT,O75822_WT;P42336_WT;P49760_WT;Q7L7X3_WT;Q8WZ60_WT,P42336_WT;P49760_WT;Q7L7X3_WT,P49760_WT,reducer
Wortmannin,inactive,C1(C2C3[C@]([C@H](O1)COC)(C4=C(C(C=3OC=2)=O)[C@@]5(CCC([C@@](C[C@@H]4OC(=O)C)5C)=O)[H])C)=O,selleckchem,COC[C@H]1OC(=O)c2coc3c2[C@@]1(C)C1=C(C3=O)[C@@H]2CCC(=O)[C@@]2(C)C[C@@H]1OC(C)=O,"InChI=1S/C23H24O8/c1-10(24)30-13-7-22(2)12(5-6-14(22)25)16-18(13)23(3)15(9-28-4)31-21(27)11-8-29-20(17(11)23)19(16)26/h8,12-13,15H,5-7,9H2,1-4H3/t12-,13-,15+,22-,23-/m0/s1",QDLHCMPXEPAAMD-BCXCVGBNSA-N,QDLHCMPXEPAAMD,COC[C@H]1OC(=O)c2coc3c2[C@@]1(C)C1=C(C3=O)[C@@H]2CCC(=O)[C@@]2(C)C[C@@H]1OC(C)=O,O00329_WT;P07900_WT;P14618_WT;P42336_WT;P42338_WT;P42345_WT;P48736_WT;P78527_WT;Q9H4B4_WT;Q16665_WT,O00329_WT;P14618_WT;P42336_WT;P42338_WT;P48736_WT;P78527_WT;Q9H4B4_WT;Q16665_WT,O00329_WT;P14618_WT;P42336_WT;P42338_WT;P48736_WT,O00329_WT;P14618_WT;P42336_WT;P42338_WT;P48736_WT,O00329_WT;P14618_WT;P42336_WT,P14618_WT,,inactive
S-isocorydine,inactive,COc1ccc2C[C@H]3c4c(c(OC)c(OC)cc4CCN3C)-c2c1O,spectrum,COc1ccc2c(c1O)-c1c(OC)c(OC)cc3c1[C@H](C2)N(C)CC3,"InChI=1S/C20H23NO4/c1-21-8-7-12-10-15(24-3)20(25-4)18-16(12)13(21)9-11-5-6-14(23-2)19(22)17(11)18/h5-6,10,13,22H,7-9H2,1-4H3/t13-/m0/s1",QELDJEKNFOQJOY-ZDUSSCGKSA-N,QELDJEKNFOQJOY,COc1ccc2c(c1O)-c1c(OC)c(OC)cc3c1[C@H](C2)N(C)CC3,,,,,,,,inactive
Reserpine,inactive,COC(=O)[C@H]1[C@H]2C[C@@H]3c4c(CCN3C[C@H]2C[C@@H](OC(=O)c2cc(OC)c(OC)c(OC)c2)[C@@H]1OC)c1ccc(OC)cc1[nH]4,spectrum,COC(=O)C1[C@H]2C[C@@H]3c4[nH]c5cc(OC)ccc5c4CCN3C[C@H]2C[C@@H](OC(=O)c2cc(OC)c(OC)c(OC)c2)[C@@H]1OC,"InChI=1S/C33H40N2O9/c1-38-19-7-8-20-21-9-10-35-16-18-13-27(44-32(36)17-11-25(39-2)30(41-4)26(12-17)40-3)31(42-5)28(33(37)43-6)22(18)15-24(35)29(21)34-23(20)14-19/h7-8,11-12,14,18,22,24,27-28,31,34H,9-10,13,15-16H2,1-6H3/t18-,22+,24-,27-,28?,31+/m1/s1",QEVHRUUCFGRFIF-QVNODVLKSA-N,QEVHRUUCFGRFIF,COC(=O)C1[C@H]2C[C@@H]3c4[nH]c5cc(OC)ccc5c4CCN3C[C@H]2C[C@@H](OC(=O)c2cc(OC)c(OC)c(OC)c2)[C@@H]1OC,P03372_WT;Q8BRU6_WT;Q05940_WT;Q12809_WT,Q8BRU6_WT;Q05940_WT,Q8BRU6_WT;Q05940_WT,Q8BRU6_WT;Q05940_WT,Q8BRU6_WT,Q8BRU6_WT,,inactive
Telatinib,inactive,N1=C(C2=C(C(=N1)OCC3=CC(=NC=C3)C(=O)NC)OC=C2)NC4=CC=C(C=C4)Cl,selleckchem,CNC(=O)c1cc(COc2nnc(Nc3ccc(Cl)cc3)c3ccoc23)ccn1,"InChI=1S/C20H16ClN5O3/c1-22-19(27)16-10-12(6-8-23-16)11-29-20-17-15(7-9-28-17)18(25-26-20)24-14-4-2-13(21)3-5-14/h2-10H,11H2,1H3,(H,22,27)(H,24,25)",QFCXANHHBCGMAS-UHFFFAOYSA-N,QFCXANHHBCGMAS,CNC(=O)c1cc(COc2nnc(Nc3ccc(Cl)cc3)c3ccoc23)ccn1,P09619_WT;P10721_WT;P35916_WT;P35968_WT;P55160_WT;Q9NYL2_WT;Q13418_WT,P10721_WT;P35916_WT;P35968_WT;P55160_WT;Q13418_WT,P10721_WT;P35916_WT;P35968_WT;P55160_WT;Q13418_WT,P10721_WT;P35916_WT;P35968_WT;P55160_WT;Q13418_WT,P10721_WT;P35916_WT;P35968_WT,P10721_WT,,inactive
Pd98059,inactive,C1=CC=C2C(=C1)C(C=C(O2)C3=CC=CC(=C3N)OC)=O,selleckchem,COc1cccc(-c2cc(=O)c3ccccc3o2)c1N,"InChI=1S/C16H13NO3/c1-19-14-8-4-6-11(16(14)17)15-9-12(18)10-5-2-3-7-13(10)20-15/h2-9H,17H2,1H3",QFWCYNPOPKQOKV-UHFFFAOYSA-N,QFWCYNPOPKQOKV,COc1cccc(-c2cc(=O)c3ccccc3o2)c1N,P05177_WT;P40225_WT,P05177_WT,,,,,,inactive
Amodiaquine dihydrochloride,inactive,CCN(CC)Cc1ccc(Nc2ccnc3cc(Cl)ccc23)cc1O,spectrum,CCN(CC)Cc1ccc(Nc2ccnc3cc(Cl)ccc23)cc1O,"InChI=1S/C20H22ClN3O/c1-3-24(4-2)13-14-5-7-16(12-20(14)25)23-18-9-10-22-19-11-15(21)6-8-17(18)19/h5-12,25H,3-4,13H2,1-2H3,(H,22,23)",QGFYFOHMBDMGBZ-UHFFFAOYSA-N,QGFYFOHMBDMGBZ,CCN(CC)Cc1ccc(Nc2ccnc3cc(Cl)ccc23)cc1O,,,,,,,,inactive
Saxagliptin,inactive,N#C[C@@H]1C[C@@H]2C[C@@H]2N1C(=O)[C@@H](N)[C@]12CC3CC(C[C@@](O)(C3)C1)C2,spectrum,N#C[C@@H]1C[C@@H]2C[C@@H]2N1C(=O)C(N)[C@]12CC3CC(C[C@@](O)(C3)C1)C2,"InChI=1S/C18H25N3O2/c19-8-13-2-12-3-14(12)21(13)16(22)15(20)17-4-10-1-11(5-17)7-18(23,6-10)9-17/h10-15,23H,1-7,9,20H2/t10?,11?,12-,13+,14+,15?,17-,18-/m1/s1",QGJUIPDUBHWZPV-XAOBETMYSA-N,QGJUIPDUBHWZPV,N#C[C@@H]1C[C@@H]2C[C@@H]2N1C(=O)C(N)[C@]12CC3CC(C[C@@](O)(C3)C1)C2,P27487_WT;Q6V1X1_WT;Q86TI2_WT,P27487_WT;Q6V1X1_WT;Q86TI2_WT,P27487_WT;Q86TI2_WT,P27487_WT,,,,inactive
Retinyl acetate,inactive,CC(=O)OC/C=C(C)/C=C/C=C(C)/C=C/C1=C(C)CCCC1(C)C,spectrum,CC(=O)OC/C=C(C)/C=C/C=C(C)/C=C/C1=C(C)CCCC1(C)C,"InChI=1S/C22H32O2/c1-17(9-7-10-18(2)14-16-24-20(4)23)12-13-21-19(3)11-8-15-22(21,5)6/h7,9-10,12-14H,8,11,15-16H2,1-6H3/b10-7+,13-12+,17-9+,18-14+",QGNJRVVDBSJHIZ-QHLGVNSISA-N,QGNJRVVDBSJHIZ,CC(=O)OC/C=C(C)/C=C/C=C(C)/C=C/C1=C(C)CCCC1(C)C,,,,,,,,inactive
Clinafoxacin hydrochloride,inactive,NC1CCN(c2c(Cl)c3c(cc2F)c(=O)c(C(=O)O)cn3C2CC2)C1,spectrum,NC1CCN(c2c(F)cc3c(=O)c(C(=O)O)cn(C4CC4)c3c2Cl)C1,"InChI=1S/C17H17ClFN3O3/c18-13-14-10(5-12(19)15(13)21-4-3-8(20)6-21)16(23)11(17(24)25)7-22(14)9-1-2-9/h5,7-9H,1-4,6,20H2,(H,24,25)",QGPKADBNRMWEQR-UHFFFAOYSA-N,QGPKADBNRMWEQR,NC1CCN(c2c(F)cc3c(=O)c(C(=O)O)cn(C4CC4)c3c2Cl)C1,,,,,,,,inactive
Norethindrone,inactive,C#C[C@]1(O)CCC2C3CCC4=CC(=O)CC[C@@H]4C3CC[C@@]21C,spectrum,C#C[C@]1(O)CCC2C3CC=C4CC(=O)CCC4C3CC[C@@]21C,"InChI=1S/C20H26O2/c1-3-20(22)11-9-18-17-6-4-13-12-14(21)5-7-15(13)16(17)8-10-19(18,20)2/h1,4,15-18,22H,5-12H2,2H3/t15?,16?,17?,18?,19-,20-/m0/s1",QGQUHXSBTSDAML-RZXUBOOQSA-N,QGQUHXSBTSDAML,C#C[C@]1(O)CCC2C3CC=C4CC(=O)CCC4C3CC[C@@]21C,P03372_WT;P10275_WT,P03372_WT;P10275_WT,P03372_WT;P10275_WT,P03372_WT;P10275_WT,P10275_WT,P10275_WT,,inactive
Epiandrosterone,inactive,C[C@]12CCC3C(CC[C@H]4C[C@@H](O)CC[C@]34C)C1CCC2=O,spectrum,C[C@]12CCC3C(CC[C@H]4C[C@@H](O)CC[C@]34C)C1CCC2=O,"InChI=1S/C19H30O2/c1-18-9-7-13(20)11-12(18)3-4-14-15-5-6-17(21)19(15,2)10-8-16(14)18/h12-16,20H,3-11H2,1-2H3/t12-,13-,14?,15?,16?,18-,19-/m0/s1",QGXBDMJGAMFCBF-FMLJXKFRSA-N,QGXBDMJGAMFCBF,C[C@]12CCC3C(CC[C@H]4C[C@@H](O)CC[C@]34C)C1CCC2=O,O54939_WT;P04278_WT;P37058_WT,O54939_WT;P04278_WT,O54939_WT;P04278_WT,,,,,inactive
Sb 202190,inactive,C1=C(C=CC(=C1)C2N=C(NC=2C3=CC=NC=C3)C4=CC=C(C=C4)O)F,selleckchem,Oc1ccc(-c2nc(-c3ccc(F)cc3)c(-c3ccncc3)[nH]2)cc1,"InChI=1S/C20H14FN3O/c21-16-5-1-13(2-6-16)18-19(14-9-11-22-12-10-14)24-20(23-18)15-3-7-17(25)8-4-15/h1-12,25H,(H,23,24)",QHKYPYXTTXKZST-UHFFFAOYSA-N,QHKYPYXTTXKZST,Oc1ccc(-c2nc(-c3ccc(F)cc3)c(-c3ccncc3)[nH]2)cc1,O14976_WT;O15264_WT;O43353_WT;P00533_G719C;P09917_WT;P11344_WT;P15056_V600E;P22694_WT;P33261_WT;P45984_WT;P47871_WT;P48730_WT;P49674_WT;P53779_WT;Q6DT37_WT;Q9UBE8_WT;Q9UK32_WT;Q15418_WT;Q15759_WT;Q16539_WT,O14976_WT;O15264_WT;O43353_WT;P09917_WT;P11344_WT;P45984_WT;P47871_WT;P48730_WT;P49674_WT;P53779_WT;Q9UBE8_WT;Q9UK32_WT;Q15418_WT;Q15759_WT;Q16539_WT,O15264_WT;P09917_WT;P11344_WT;P47871_WT;P53779_WT;Q9UBE8_WT;Q15759_WT;Q16539_WT,P11344_WT;Q9UBE8_WT;Q16539_WT,,,,inactive
Orbifloxacin,inactive,C[C@H]1CN(c2c(F)c3c(c(F)c2F)c(=O)c(C(=O)O)cn3C2CC2)C[C@@H](C)N1,spectrum,C[C@@H]1CN(c2c(F)c(F)c3c(=O)c(C(=O)O)cn(C4CC4)c3c2F)C[C@H](C)N1,"InChI=1S/C19H20F3N3O3/c1-8-5-24(6-9(2)23-8)17-14(21)13(20)12-16(15(17)22)25(10-3-4-10)7-11(18(12)26)19(27)28/h7-10,23H,3-6H2,1-2H3,(H,27,28)/t8-,9+",QIPQASLPWJVQMH-DTORHVGOSA-N,QIPQASLPWJVQMH,C[C@@H]1CN(c2c(F)c(F)c3c(=O)c(C(=O)O)cn(C4CC4)c3c2F)C[C@H](C)N1,,,,,,,,inactive
Tryptophan,inactive,NC(Cc1c[nH]c2c1cccc2)C(=O)O,spectrum,NC(Cc1c[nH]c2ccccc12)C(=O)O,"InChI=1S/C11H12N2O2/c12-9(11(14)15)5-7-6-13-10-4-2-1-3-8(7)10/h1-4,6,9,13H,5,12H2,(H,14,15)",QIVBCDIJIAJPQS-UHFFFAOYSA-N,QIVBCDIJIAJPQS,NC(Cc1c[nH]c2ccccc12)C(=O)O,,,,,,,,inactive
Astaxanthin,inactive,CC1=C(/C=C/C(C)=C/C=C/C(C)=C/C=C/C=C(C)/C=C/C=C(C)/C=C/C2=C(C)C(=O)C(O)CC2(C)C)C(C)(C)CC(O)C1=O,spectrum,CC(=C/C=C/C(C)=C/C=C/C=C(C)/C=C/C=C(C)CC=C1C(C)C(=O)C(=O)CC1(C)C)CC=C1C(C)C(=O)C(=O)CC1(C)C,"InChI=1S/C40H52O4/c1-27(17-13-19-29(3)21-23-33-31(5)37(43)35(41)25-39(33,7)8)15-11-12-16-28(2)18-14-20-30(4)22-24-34-32(6)38(44)36(42)26-40(34,9)10/h11-20,23-24,31-32H,21-22,25-26H2,1-10H3/b12-11+,17-13+,18-14+,27-15+,28-16+,29-19?,30-20?,33-23?,34-24?",QJKAJTLWEOMUGZ-VAEXFMDASA-N,QJKAJTLWEOMUGZ,CC(=C/C=C/C(C)=C/C=C/C=C(C)/C=C/C=C(C)CC=C1C(C)C(=O)C(=O)CC1(C)C)CC=C1C(C)C(=O)C(=O)CC1(C)C,O94925_WT,,,,,,,inactive
3-HYDROXY-4-(SUCCIN-2-YL)-CARYOLANE delta-LACTONE,inactive,CC1(C)CC2C1CC[C@]1(C)CCC3C(C(=O)O)CC(=O)O[C@@]32C1,spectrum,CC1(C)CC2C1CC[C@]1(C)CCC3C(C(=O)O)CC(=O)O[C@@]32C1,"InChI=1S/C19H28O4/c1-17(2)9-14-13(17)5-7-18(3)6-4-12-11(16(21)22)8-15(20)23-19(12,14)10-18/h11-14H,4-10H2,1-3H3,(H,21,22)/t11?,12?,13?,14?,18-,19-/m0/s1",QKVNMVAISCKGFO-NYWNYWLFSA-N,QKVNMVAISCKGFO,CC1(C)CC2C1CC[C@]1(C)CCC3C(C(=O)O)CC(=O)O[C@@]32C1,,,,,,,,inactive
Wye-125132,reducer,C1(=NC(=NC2=C1C=NN2C3CCC4(CC3)OCCO4)C5=CC=C(C=C5)NC(=O)NC)N6CC7CCC(O7)C6,selleckchem,CNC(=O)Nc1ccc(-c2nc(N3CC4CCC(C3)O4)c3cnn(C4CCC5(CC4)OCCO5)c3n2)cc1,"InChI=1S/C27H33N7O4/c1-28-26(35)30-18-4-2-17(3-5-18)23-31-24(33-15-20-6-7-21(16-33)38-20)22-14-29-34(25(22)32-23)19-8-10-27(11-9-19)36-12-13-37-27/h2-5,14,19-21H,6-13,15-16H2,1H3,(H2,28,30,35)",QLHHRYZMBGPBJG-UHFFFAOYSA-N,QLHHRYZMBGPBJG,CNC(=O)Nc1ccc(-c2nc(N3CC4CCC(C3)O4)c3cnn(C4CCC5(CC4)OCCO5)c3n2)cc1,P42345_WT,P42345_WT,P42345_WT,P42345_WT,P42345_WT,P42345_WT,P42345_WT,reducer
Strychnine,inactive,O=C1CC2OCC=C3CN4CC[C@]56c7c(cccc7)N1C5[C@H]2[C@H]3CC46,spectrum,O=C1CC2OCC=C3CN4CC[C@]56c7ccccc7N1C5[C@H]2[C@H]3CC46,"InChI=1S/C21H22N2O2/c24-18-10-16-19-13-9-17-21(6-7-22(17)11-12(13)5-8-25-16)14-3-1-2-4-15(14)23(18)20(19)21/h1-5,13,16-17,19-20H,6-11H2/t13-,16?,17?,19-,20?,21+/m0/s1",QMGVPVSNSZLJIA-OFYMUHMXSA-N,QMGVPVSNSZLJIA,O=C1CC2OCC=C3CN4CC[C@]56c7ccccc7N1C5[C@H]2[C@H]3CC46,P07727_WT;P23415_WT;P59540_WT,P07727_WT;P23415_WT,P07727_WT;P23415_WT,P07727_WT,,,,inactive
Pyrvinium pamoate,reducer,Cc1cc(/C=C/c2ccc3cc(N(C)C)ccc3[n+]2C)c(C)n1-c1ccccc1,spectrum,Cc1cc(/C=C/c2ccc3cc(N(C)C)ccc3[n+]2C)c(C)n1-c1ccccc1,"InChI=1S/C26H28N3/c1-19-17-21(20(2)29(19)24-9-7-6-8-10-24)11-13-23-14-12-22-18-25(27(3)4)15-16-26(22)28(23)5/h6-18H,1-5H3/q+1",QMHSXPLYMTVAMK-UHFFFAOYSA-N,QMHSXPLYMTVAMK,Cc1cc(/C=C/c2ccc3cc(N(C)C)ccc3[n+]2C)c(C)n1-c1ccccc1,P10275_WT,,,,,,,reducer
Astragaloside iv,inactive,CC(C)(O)[C@@H]1CC[C@](C)([C@H]2[C@@H](O)C[C@@]3(C)C4C[C@H](O[C@@H]5O[C@H](CO)[C@@H](O)[C@H](O)[C@H]5O)C5C(C)(C)[C@@H](O[C@@H]6OC[C@@H](O)[C@H](O)[C@H]6O)CC[C@@]56C[C@@]46CC[C@]23C)O1,spectrum,CC(C)(O)[C@@H]1CC[C@](C)([C@H]2[C@@H](O)C[C@@]3(C)C4C[C@H](O[C@@H]5O[C@H](CO)[C@@H](O)[C@H](O)[C@H]5O)C5C(C)(C)[C@@H](O[C@@H]6OC[C@@H](O)[C@H](O)[C@H]6O)CC[C@@]56C[C@@]46CC[C@]23C)O1,"InChI=1S/C41H68O14/c1-35(2)24(54-33-29(48)26(45)20(44)17-51-33)9-11-41-18-40(41)13-12-37(5)31(39(7)10-8-25(55-39)36(3,4)50)19(43)15-38(37,6)23(40)14-21(32(35)41)52-34-30(49)28(47)27(46)22(16-42)53-34/h19-34,42-50H,8-18H2,1-7H3/t19-,20+,21-,22+,23?,24-,25-,26-,27+,28-,29+,30+,31-,32?,33-,34+,37+,38-,39+,40-,41+/m0/s1",QMNWISYXSJWHRY-XWJCTJPOSA-N,QMNWISYXSJWHRY,CC(C)(O)[C@@H]1CC[C@](C)([C@H]2[C@@H](O)C[C@@]3(C)C4C[C@H](O[C@@H]5O[C@H](CO)[C@@H](O)[C@H](O)[C@H]5O)C5C(C)(C)[C@@H](O[C@@H]6OC[C@@H](O)[C@H](O)[C@H]6O)CC[C@@]56C[C@@]46CC[C@]23C)O1,,,,,,,,inactive
Methacycline hydrochloride,inactive,C=C1c2c(C(=O)C3=C(O)[C@]4(O)C(=O)C(C(N)=O)=C(O)[C@@H](N(C)C)[C@@H]4[C@@H](O)[C@H]13)c(O)ccc2,spectrum,C=C1c2cccc(O)c2C(=O)C2C(=O)[C@]3(O)C(=O)C(C(N)=O)C(=O)C(N(C)C)[C@@H]3[C@@H](O)[C@H]12,"InChI=1S/C22H22N2O8/c1-7-8-5-4-6-9(25)11(8)16(26)12-10(7)17(27)14-15(24(2)3)18(28)13(21(23)31)20(30)22(14,32)19(12)29/h4-6,10,12-15,17,25,27,32H,1H2,2-3H3,(H2,23,31)/t10-,12?,13?,14-,15?,17+,22+/m1/s1",QNJKSUYWBCNWFI-LMVSLLPKSA-N,QNJKSUYWBCNWFI,C=C1c2cccc(O)c2C(=O)C2C(=O)[C@]3(O)C(=O)C(C(N)=O)C(=O)C(N(C)C)[C@@H]3[C@@H](O)[C@H]12,Q9Y468_WT,,,,,,,inactive
Lornoxicam,inactive,CN1C(C(=O)Nc2ncccc2)=C(O)c2c(cc(Cl)s2)S1(=O)=O,spectrum,CN1C(C(=O)Nc2ccccn2)C(=O)c2sc(Cl)cc2S1(=O)=O,"InChI=1S/C13H10ClN3O4S2/c1-17-10(13(19)16-9-4-2-3-5-15-9)11(18)12-7(23(17,20)21)6-8(14)22-12/h2-6,10H,1H3,(H,15,16,19)",QOFQTBTZCJVITI-UHFFFAOYSA-N,QOFQTBTZCJVITI,CN1C(C(=O)Nc2ccccn2)C(=O)c2sc(Cl)cc2S1(=O)=O,,,,,,,,inactive
Hecogenin,inactive,CC1CCC2(OC1)OC1CC3C4CC[C@H]5C[C@@H](O)CC[C@]5(C)C4CC(=O)[C@]3(C)C1C2C,spectrum,CC1CCC2(OC1)OC1CC3C4CC[C@H]5C[C@@H](O)CC[C@]5(C)C4CC(=O)[C@]3(C)C1C2C,"InChI=1S/C27H42O4/c1-15-7-10-27(30-14-15)16(2)24-22(31-27)12-21-19-6-5-17-11-18(28)8-9-25(17,3)20(19)13-23(29)26(21,24)4/h15-22,24,28H,5-14H2,1-4H3/t15?,16?,17-,18-,19?,20?,21?,22?,24?,25-,26+,27?/m0/s1",QOLRLLFJMZLYQJ-QVZLHOKISA-N,QOLRLLFJMZLYQJ,CC1CCC2(OC1)OC1CC3C4CC[C@H]5C[C@@H](O)CC[C@]5(C)C4CC(=O)[C@]3(C)C1C2C,,,,,,,,inactive
Xanthyletin,inactive,CC1(C)C=Cc2c(cc3oc(=O)ccc3c2)O1,spectrum,CC1(C)C=Cc2cc3ccc(=O)oc3cc2O1,"InChI=1S/C14H12O3/c1-14(2)6-5-10-7-9-3-4-13(15)16-11(9)8-12(10)17-14/h3-8H,1-2H3",QOTBQNVNUBKJMS-UHFFFAOYSA-N,QOTBQNVNUBKJMS,CC1(C)C=Cc2cc3ccc(=O)oc3cc2O1,,,,,,,,inactive
Pentetic acid,inactive,O=C(O)CN(CCN(CC(=O)O)CC(=O)O)CCN(CC(=O)O)CC(=O)O,spectrum,O=C(O)CN(CCN(CC(=O)O)CC(=O)O)CCN(CC(=O)O)CC(=O)O,"InChI=1S/C14H23N3O10/c18-10(19)5-15(1-3-16(6-11(20)21)7-12(22)23)2-4-17(8-13(24)25)9-14(26)27/h1-9H2,(H,18,19)(H,20,21)(H,22,23)(H,24,25)(H,26,27)",QPCDCPDFJACHGM-UHFFFAOYSA-N,QPCDCPDFJACHGM,O=C(O)CN(CCN(CC(=O)O)CC(=O)O)CCN(CC(=O)O)CC(=O)O,Q9NUW8_WT,Q9NUW8_WT,,,,,,inactive
Phenazopyridine hydrochloride,inactive,Nc1ccc(/N=N/c2ccccc2)c(N)n1,spectrum,Nc1ccc(N=Nc2ccccc2)c(N)n1,"InChI=1S/C11H11N5/c12-10-7-6-9(11(13)14-10)16-15-8-4-2-1-3-5-8/h1-7H,(H4,12,13,14)",QPFYXYFORQJZEC-UHFFFAOYSA-N,QPFYXYFORQJZEC,Nc1ccc(N=Nc2ccccc2)c(N)n1,P05177_WT;P10276_WT;P11511_WT;P18113_WT;Q16665_WT,,,,,,,inactive
Sulfamerazine,inactive,Cc1ccnc(NS(=O)(=O)c2ccc(N)cc2)n1,spectrum,Cc1ccnc(NS(=O)(=O)c2ccc(N)cc2)n1,"InChI=1S/C11H12N4O2S/c1-8-6-7-13-11(14-8)15-18(16,17)10-4-2-9(12)3-5-10/h2-7H,12H2,1H3,(H,13,14,15)",QPPBRPIAZZHUNT-UHFFFAOYSA-N,QPPBRPIAZZHUNT,Cc1ccnc(NS(=O)(=O)c2ccc(N)cc2)n1,P11712_WT,P11712_WT,P11712_WT,P11712_WT,P11712_WT,,,inactive
Olsalazine sodium,inactive,O=C(O)c1cc(/N=N/c2cc(C(=O)O)c(O)cc2)ccc1O,spectrum,O=C(O)c1cc(N=Nc2ccc(O)c(C(=O)O)c2)ccc1O,"InChI=1S/C14H10N2O6/c17-11-3-1-7(5-9(11)13(19)20)15-16-8-2-4-12(18)10(6-8)14(21)22/h1-6,17-18H,(H,19,20)(H,21,22)",QQBDLJCYGRGAKP-UHFFFAOYSA-N,QQBDLJCYGRGAKP,O=C(O)c1cc(N=Nc2ccc(O)c(C(=O)O)c2)ccc1O,,,,,,,,inactive
Itopride  hydrochloride,inactive,COc1c(OC)cc(C(=O)NCc2ccc(OCCN(C)C)cc2)cc1,spectrum,COc1ccc(C(=O)NCc2ccc(OCCN(C)C)cc2)cc1OC,"InChI=1S/C20H26N2O4/c1-22(2)11-12-26-17-8-5-15(6-9-17)14-21-20(23)16-7-10-18(24-3)19(13-16)25-4/h5-10,13H,11-12,14H2,1-4H3,(H,21,23)",QQQIECGTIMUVDS-UHFFFAOYSA-N,QQQIECGTIMUVDS,COc1ccc(C(=O)NCc2ccc(OCCN(C)C)cc2)cc1OC,,,,,,,,inactive
Apiole,inactive,C=CCc1cc(OC)c2OCOc2c1OC,spectrum,C=CCc1cc(OC)c2c(c1OC)OCO2,"InChI=1S/C12H14O4/c1-4-5-8-6-9(13-2)11-12(10(8)14-3)16-7-15-11/h4,6H,1,5,7H2,2-3H3",QQRSPHJOOXUALR-UHFFFAOYSA-N,QQRSPHJOOXUALR,C=CCc1cc(OC)c2c(c1OC)OCO2,,,,,,,,inactive
Tae684,reducer,C1=CC(=CC(=C1NC2=NC=C(C(=N2)NC3=C(C=CC=C3)S(=O)(=O)C(C)C)Cl)OC)N4CCC(CC4)N5CCN(CC5)C,selleckchem,COc1cc(N2CCC(N3CCN(C)CC3)CC2)ccc1Nc1ncc(Cl)c(Nc2ccccc2S(=O)(=O)C(C)C)n1,"InChI=1S/C30H40ClN7O3S/c1-21(2)42(39,40)28-8-6-5-7-26(28)33-29-24(31)20-32-30(35-29)34-25-10-9-23(19-27(25)41-4)37-13-11-22(12-14-37)38-17-15-36(3)16-18-38/h5-10,19-22H,11-18H2,1-4H3,(H2,32,33,34,35)",QQWUGDVOUVUTOY-UHFFFAOYSA-N,QQWUGDVOUVUTOY,COc1cc(N2CCC(N3CCN(C)CC3)CC2)ccc1Nc1ncc(Cl)c(Nc2ccccc2S(=O)(=O)C(C)C)n1,O00238_WT;O00444_WT;O14757_WT;O14936_WT;O14965_WT;O14976_WT;O15075_WT;O15146_WT;O15197_WT;O15530_WT;O43283_WT;O43293_WT;O43318_WT;O60285_WT;O60674_WT;O75116_WT;O75385_WT;O75460_WT;O75716_WT;O75914_WT;O94804_WT;O94806_WT;O95747_WT;O95819_WT;O96013_WT;O96017_WT;P0C264_WT;P00519_E255K;P00519_F317I;P00519_F317L;P00519_H396P;P00519_M351T;P00519_Q252H;P00519_T315I;P00519_WT;P00519_Y253F;P00533_A750P;P00533_L858R;P00533_L858R_T790M;P00533_L861Q;P00533_P753S;P00533_T790M;P00533_WT;P04626_WT;P04629_WT;P06213_WT;P06239_WT;P06241_WT;P06493_WT;P07332_WT;P07333_WT;P07947_WT;P07948_WT;P07949_M918T;P07949_V804L;P07949_V804M;P07949_WT;P08069_WT;P08581_M1250T;P08581_WT;P08581_Y1235D;P08631_WT;P08922_WT;P09619_WT;P09769_WT;P10721_A829P;P10721_D816H;P10721_D816V;P10721_L576P;P10721_V559D;P10721_V559D_T670I;P10721_WT;P11362_WT;P11802_WT;P12931_WT;P14616_WT;P15735_WT;P16234_WT;P16591_WT;P17948_WT;P19623_WT;P21709_WT;P21802_WT;P22455_WT;P22607_G697C;P22607_WT;P23458_WT;P24941_WT;P27361_WT;P27448_WT;P28482_WT;P29317_WT;P29376_WT;P29597_WT;P30291_WT;P30530_WT;P33981_WT;P34947_WT;P35557_WT;P35590_WT;P35916_WT;P35968_WT;P36507_WT;P36888_D835H;P36888_D835Y;P36888_K663Q;P36888_N841I;P36888_R834Q;P36888_WT;P36894_WT;P36896_WT;P36897_WT;P37023_WT;P37173_WT;P42680_WT;P42681_WT;P42684_WT;P42685_WT;P43405_WT;P45983_WT;P45984_WT;P45985_WT;P46734_WT;P49759_WT;P49760_WT;P49761_WT;P50613_WT;P51451_WT;P51617_WT;P51812_WT;P52333_WT;P53350_WT;P53667_WT;P53779_WT;P54646_WT;P54760_WT;P54762_WT;P54764_WT;P57058_WT;P57059_WT;P80192_WT;P98161_WT;Q2M2I8_WT;Q5S007_G2019S;Q5S007_WT;Q6PHR2_WT;Q6XUX3_WT;Q6ZN16_WT;Q7KZI7_WT;Q7L7X3_WT;Q8IU85_WT;Q8IVH8_WT;Q8IWQ3_WT;Q8IYT8_WT;Q8N4C8_WT;Q8N5S9_WT;Q8N568_WT;Q8NE63_WT;Q8NEV4_WT;Q8TD08_WT;Q8TD19_WT;Q8TDC3_WT;Q8TDR2_WT;Q8WTQ7_WT;Q8WU08_WT;Q8WXR4_WT;Q9BXA7_WT;Q9BYT3_WT;Q9BZL6_WT;Q9C098_WT;Q9H0K1_WT;Q9H2G2_WT;Q9H2K8_WT;Q9H3Y6_WT;Q9H4B4_WT;Q9H093_WT;Q9HAZ1_WT;Q9HBH9_WT;Q9NRH2_WT;Q9NWZ3_WT;Q9NY57_WT;Q9P0L2_WT;Q9P286_WT;Q9P289_WT;Q9UBF8_WT;Q9UEW8_WT;Q9UF33_WT;Q9UHD2_WT;Q9UIK4_WT;Q9UK32_WT;Q9UL54_WT;Q9UM73_WT;Q9UQB9_WT;Q9UQM7_WT;Q9Y2H1_WT;Q9Y2U5_WT;Q9Y4K4_WT;Q9Y616_WT;Q52WX2_WT;Q86UX6_WT;Q96D53_WT;Q96GD4_WT;Q96L34_WT;Q96PF2_WT;Q96RR4_WT;Q00535_WT;Q00536_WT;Q00537_WT;Q02750_WT;Q02763_WT;Q04771_WT;Q04912_WT;Q05397_WT;Q06187_WT;Q07912_WT;Q08345_WT;Q08881_WT;Q12851_WT;Q12852_WT;Q12866_WT;Q13043_WT;Q13131_WT;Q13163_WT;Q13164_WT;Q13188_WT;Q13237_WT;Q13464_WT;Q13470_WT;Q13555_WT;Q13557_WT;Q13563_WT;Q13882_WT;Q13976_WT;Q14012_WT;Q14289_WT;Q14680_WT;Q15139_WT;Q15208_WT;Q15303_WT;Q15349_WT;Q15375_WT;Q15418_WT;Q15746_WT;Q15835_WT;Q16512_WT;Q16513_WT;Q16566_WT;Q16584_WT;Q16620_WT;Q16816_WT;Q92918_WT;Q99759_WT,O00238_WT;O00444_WT;O14757_WT;O14965_WT;O14976_WT;O15075_WT;O15146_WT;O15530_WT;O43283_WT;O43318_WT;O60285_WT;O60674_WT;O75116_WT;O75385_WT;O75460_WT;O75914_WT;O94804_WT;O94806_WT;O95747_WT;O96017_WT;P0C264_WT;P00519_E255K;P00519_F317I;P00519_F317L;P00519_H396P;P00519_M351T;P00519_Q252H;P00519_T315I;P00519_WT;P00519_Y253F;P00533_A750P;P00533_L858R;P00533_L858R_T790M;P00533_L861Q;P00533_P753S;P00533_T790M;P00533_WT;P04626_WT;P06213_WT;P06239_WT;P07333_WT;P07947_WT;P07948_WT;P07949_M918T;P07949_V804L;P07949_V804M;P07949_WT;P08069_WT;P08581_M1250T;P08581_WT;P08581_Y1235D;P08922_WT;P09619_WT;P09769_WT;P10721_A829P;P10721_D816H;P10721_D816V;P10721_L576P;P10721_V559D;P10721_V559D_T670I;P10721_WT;P11362_WT;P12931_WT;P14616_WT;P15735_WT;P16591_WT;P17948_WT;P19623_WT;P21709_WT;P21802_WT;P22455_WT;P22607_G697C;P22607_WT;P23458_WT;P27448_WT;P28482_WT;P29376_WT;P29597_WT;P30530_WT;P33981_WT;P35557_WT;P35590_WT;P35916_WT;P36888_D835H;P36888_D835Y;P36888_K663Q;P36888_N841I;P36888_R834Q;P36888_WT;P36894_WT;P36896_WT;P36897_WT;P37023_WT;P37173_WT;P42680_WT;P42685_WT;P45983_WT;P45984_WT;P45985_WT;P46734_WT;P49759_WT;P49760_WT;P49761_WT;P50613_WT;P51451_WT;P51617_WT;P51812_WT;P52333_WT;P53350_WT;P53779_WT;P54646_WT;P57059_WT;P98161_WT;Q5S007_G2019S;Q5S007_WT;Q6PHR2_WT;Q6XUX3_WT;Q7KZI7_WT;Q7L7X3_WT;Q8IU85_WT;Q8IVH8_WT;Q8IWQ3_WT;Q8IYT8_WT;Q8N5S9_WT;Q8N568_WT;Q8NEV4_WT;Q8TD08_WT;Q8TDC3_WT;Q8TDR2_WT;Q8WU08_WT;Q8WXR4_WT;Q9BXA7_WT;Q9BYT3_WT;Q9BZL6_WT;Q9C098_WT;Q9H0K1_WT;Q9H2G2_WT;Q9H2K8_WT;Q9H3Y6_WT;Q9H093_WT;Q9HAZ1_WT;Q9HBH9_WT;Q9NRH2_WT;Q9NWZ3_WT;Q9NY57_WT;Q9P0L2_WT;Q9UEW8_WT;Q9UF33_WT;Q9UK32_WT;Q9UM73_WT;Q9UQB9_WT;Q9Y2U5_WT;Q9Y4K4_WT;Q9Y616_WT;Q52WX2_WT;Q86UX6_WT;Q96D53_WT;Q96GD4_WT;Q96L34_WT;Q96PF2_WT;Q96RR4_WT;Q02763_WT;Q04771_WT;Q05397_WT;Q06187_WT;Q07912_WT;Q08345_WT;Q08881_WT;Q12851_WT;Q12852_WT;Q12866_WT;Q13131_WT;Q13163_WT;Q13164_WT;Q13188_WT;Q13464_WT;Q13470_WT;Q13555_WT;Q13557_WT;Q13563_WT;Q13882_WT;Q14289_WT;Q14680_WT;Q15139_WT;Q15303_WT;Q15349_WT;Q15375_WT;Q15746_WT;Q16513_WT;Q16566_WT;Q16816_WT;Q92918_WT,O00238_WT;O00444_WT;O14757_WT;O14965_WT;O14976_WT;O15075_WT;O43283_WT;O60285_WT;O75385_WT;O75914_WT;O94804_WT;O94806_WT;O95747_WT;O96017_WT;P0C264_WT;P00519_F317I;P00519_F317L;P00519_M351T;P00519_Q252H;P00519_T315I;P00533_A750P;P00533_L858R;P00533_L858R_T790M;P00533_L861Q;P00533_T790M;P00533_WT;P06213_WT;P06239_WT;P07333_WT;P07947_WT;P08069_WT;P08581_M1250T;P08922_WT;P10721_D816V;P10721_L576P;P10721_V559D;P10721_WT;P11362_WT;P14616_WT;P15735_WT;P16591_WT;P21709_WT;P22607_WT;P27448_WT;P29376_WT;P30530_WT;P33981_WT;P35590_WT;P35916_WT;P36888_D835H;P36888_D835Y;P36888_K663Q;P36888_N841I;P36888_R834Q;P36888_WT;P36896_WT;P37023_WT;P42685_WT;P49759_WT;P49760_WT;P51451_WT;P51617_WT;P51812_WT;P52333_WT;P53350_WT;P53779_WT;P54646_WT;P57059_WT;P98161_WT;Q5S007_G2019S;Q5S007_WT;Q6PHR2_WT;Q6XUX3_WT;Q7KZI7_WT;Q7L7X3_WT;Q8IVH8_WT;Q8IYT8_WT;Q8N5S9_WT;Q8N568_WT;Q8NEV4_WT;Q8WU08_WT;Q8WXR4_WT;Q9BXA7_WT;Q9BYT3_WT;Q9BZL6_WT;Q9C098_WT;Q9H0K1_WT;Q9H2G2_WT;Q9H2K8_WT;Q9H093_WT;Q9HAZ1_WT;Q9NWZ3_WT;Q9NY57_WT;Q9P0L2_WT;Q9UK32_WT;Q9UM73_WT;Q9UQB9_WT;Q52WX2_WT;Q86UX6_WT;Q96D53_WT;Q96L34_WT;Q96PF2_WT;Q96RR4_WT;Q02763_WT;Q04771_WT;Q05397_WT;Q06187_WT;Q07912_WT;Q08881_WT;Q12852_WT;Q12866_WT;Q13131_WT;Q13164_WT;Q13464_WT;Q13470_WT;Q13555_WT;Q13557_WT;Q13563_WT;Q13882_WT;Q14289_WT;Q15139_WT;Q15303_WT;Q15349_WT;Q16566_WT;Q16816_WT,O00238_WT;O00444_WT;O14965_WT;O14976_WT;O15075_WT;O60285_WT;O75385_WT;O75914_WT;O96017_WT;P00519_T315I;P00533_L858R_T790M;P00533_T790M;P07947_WT;P08069_WT;P08922_WT;P10721_D816V;P14616_WT;P15735_WT;P16591_WT;P27448_WT;P29376_WT;P30530_WT;P35590_WT;P36888_D835H;P36888_D835Y;P36888_K663Q;P36888_N841I;P42685_WT;P49759_WT;P51812_WT;P57059_WT;Q5S007_G2019S;Q5S007_WT;Q6PHR2_WT;Q8IYT8_WT;Q8N568_WT;Q8WU08_WT;Q9BXA7_WT;Q9BYT3_WT;Q9C098_WT;Q9H0K1_WT;Q9H2G2_WT;Q9H093_WT;Q9NY57_WT;Q9P0L2_WT;Q9UM73_WT;Q52WX2_WT;Q96L34_WT;Q96PF2_WT;Q96RR4_WT;Q04771_WT;Q05397_WT;Q07912_WT;Q08881_WT;Q12866_WT;Q13131_WT;Q13470_WT;Q13882_WT;Q14289_WT;Q16566_WT;Q16816_WT,O00238_WT;O00444_WT;O14976_WT;O75385_WT;O96017_WT;P00533_L858R_T790M;P00533_T790M;P08069_WT;P08922_WT;P14616_WT;P16591_WT;P29376_WT;P36888_D835H;P36888_D835Y;P36888_K663Q;P42685_WT;Q5S007_G2019S;Q5S007_WT;Q8IYT8_WT;Q9BYT3_WT;Q9H093_WT;Q9UM73_WT;Q05397_WT;Q07912_WT;Q13470_WT;Q14289_WT,O00238_WT;O00444_WT;O75385_WT;P08069_WT;P08922_WT;P16591_WT;P29376_WT;P36888_D835Y;Q5S007_G2019S;Q5S007_WT;Q8IYT8_WT;Q9H093_WT;Q9UM73_WT;Q05397_WT;Q07912_WT;Q13470_WT;Q14289_WT,O00238_WT;O75385_WT;P08922_WT;P29376_WT;Q5S007_G2019S,reducer
Oxiconazole nitrate,inactive,Clc1cc(Cl)c(CO/N=C(\Cn2ccnc2)c2c(Cl)cc(Cl)cc2)cc1,spectrum,Clc1ccc(CO/N=C(\Cn2ccnc2)c2ccc(Cl)cc2Cl)c(Cl)c1,"InChI=1S/C18H13Cl4N3O/c19-13-2-1-12(16(21)7-13)10-26-24-18(9-25-6-5-23-11-25)15-4-3-14(20)8-17(15)22/h1-8,11H,9-10H2/b24-18+",QRJJEGAJXVEBNE-HKOYGPOVSA-N,QRJJEGAJXVEBNE,Clc1ccc(CO/N=C(\Cn2ccnc2)c2ccc(Cl)cc2Cl)c(Cl)c1,P0DMS8_WT;P08684_WT;P24557_WT;P31645_WT;P33261_WT,P08684_WT;P33261_WT,P33261_WT,,,,,inactive
Carnosic acid,inactive,CC(C)c1c(O)c(O)c2c(c1)CCC1C(C)(C)CCC[C@]21C(=O)O,spectrum,CC(C)c1cc2c(c(O)c1O)[C@@]1(C(=O)O)CCCC(C)(C)C1CC2,"InChI=1S/C20H28O4/c1-11(2)13-10-12-6-7-14-19(3,4)8-5-9-20(14,18(23)24)15(12)17(22)16(13)21/h10-11,14,21-22H,5-9H2,1-4H3,(H,23,24)/t14?,20-/m1/s1",QRYRORQUOLYVBU-YBMSBYLISA-N,QRYRORQUOLYVBU,CC(C)c1cc2c(c(O)c1O)[C@@]1(C(=O)O)CCCC(C)(C)C1CC2,P08684_WT,,,,,,,inactive
Felbinac,inactive,O=C(O)Cc1ccc(-c2ccccc2)cc1,spectrum,O=C(O)Cc1ccc(-c2ccccc2)cc1,"InChI=1S/C14H12O2/c15-14(16)10-11-6-8-13(9-7-11)12-4-2-1-3-5-12/h1-9H,10H2,(H,15,16)",QRZAKQDHEVVFRX-UHFFFAOYSA-N,QRZAKQDHEVVFRX,O=C(O)Cc1ccc(-c2ccccc2)cc1,P23219_WT,,,,,,,inactive
Maprotiline hydrochloride,inactive,CNCCCC12CCC(c3c1cccc3)c1c2cccc1,spectrum,CNCCCC12CCC(c3ccccc31)c1ccccc12,"InChI=1S/C20H23N/c1-21-14-6-12-20-13-11-15(16-7-2-4-9-18(16)20)17-8-3-5-10-19(17)20/h2-5,7-10,15,21H,6,11-14H2,1H3",QSLMDECMDJKHMQ-UHFFFAOYSA-N,QSLMDECMDJKHMQ,CNCCCC12CCC(c3ccccc31)c1ccccc12,P08173_WT;P08912_WT;P11229_WT;P14416_WT;P15823_WT;P18089_WT;P20309_WT;P21728_WT;P21918_WT;P23975_WT;P25021_WT;P25100_WT;P28223_WT;P28335_WT;P35367_WT;P35462_WT;P41595_WT;P42345_WT;P43140_WT;P50406_WT,P08173_WT;P08912_WT;P11229_WT;P15823_WT;P18089_WT;P20309_WT;P23975_WT;P25100_WT;P28223_WT;P28335_WT;P35367_WT;P41595_WT,P23975_WT;P28223_WT;P28335_WT;P35367_WT,P23975_WT;P35367_WT,P35367_WT,P35367_WT,,inactive
Homidium bromide,inactive,CC[n+]1c2cc(N)ccc2c2ccc(N)cc2c1-c1ccccc1,spectrum,CC[n+]1c(-c2ccccc2)c2cc(N)ccc2c2ccc(N)cc21,"InChI=1S/C21H19N3/c1-2-24-20-13-16(23)9-11-18(20)17-10-8-15(22)12-19(17)21(24)14-6-4-3-5-7-14/h3-13,23H,2,22H2,1H3/p+1",QTANTQQOYSUMLC-UHFFFAOYSA-O,QTANTQQOYSUMLC,CC[n+]1c(-c2ccccc2)c2cc(N)ccc2c2ccc(N)cc21,O96028_WT;P00352_WT;Q9NUW8_WT;Q16762_WT,O96028_WT;Q9NUW8_WT,,,,,,inactive
Gsk1070916,inactive,C1=CN=C2C(=C1C3=CN(N=C3C4=CC=C(C=C4)NC(N(C)C)=O)CC)C=C(N2)C5=CC=CC(=C5)CN(C)C,selleckchem,CCn1cc(-c2ccnc3[nH]c(-c4cccc(CN(C)C)c4)cc23)c(-c2ccc(NC(=O)N(C)C)cc2)n1,"InChI=1S/C30H33N7O/c1-6-37-19-26(28(34-37)21-10-12-23(13-11-21)32-30(38)36(4)5)24-14-15-31-29-25(24)17-27(33-29)22-9-7-8-20(16-22)18-35(2)3/h7-17,19H,6,18H2,1-5H3,(H,31,33)(H,32,38)",QTBWCSQGBMPECM-UHFFFAOYSA-N,QTBWCSQGBMPECM,CCn1cc(-c2ccnc3[nH]c(-c4cccc(CN(C)C)c4)cc23)c(-c2ccc(NC(=O)N(C)C)cc2)n1,O00444_WT;O14965_WT;O43353_WT;P07949_WT;P11362_WT;P17948_WT;P35916_WT;P36888_WT;P57059_WT;Q9H0K1_WT;Q9NQS7_WT;Q9NSY1_WT;Q9UQB9_WT;Q32MK0_WT;Q96GD4_WT;Q02763_WT;Q08345_WT;Q13470_WT;Q14164_WT;Q92844_WT,O14965_WT;P07949_WT;P17948_WT;P35916_WT;P36888_WT;P57059_WT;Q9NSY1_WT;Q9UQB9_WT;Q32MK0_WT;Q96GD4_WT;Q02763_WT;Q08345_WT,O14965_WT;P07949_WT;P17948_WT;P35916_WT;P36888_WT;P57059_WT;Q9UQB9_WT;Q96GD4_WT;Q02763_WT;Q08345_WT,O14965_WT;Q9UQB9_WT;Q96GD4_WT;Q08345_WT,Q9UQB9_WT;Q96GD4_WT;Q08345_WT,Q9UQB9_WT,,inactive
Pik-75,inactive,C1(C(=CN2C(C=1)=NC=C2/C=N/N(S(C3=C(C=CC(=C3)[N+](=O)[O-])C)(=O)=O)C)Br).Cl,selleckchem,Cc1ccc([N+](=O)[O-])cc1S(=O)(=O)N(C)/N=C/c1cnc2ccc(Br)cn12,"InChI=1S/C16H14BrN5O4S/c1-11-3-5-13(22(23)24)7-15(11)27(25,26)20(2)19-9-14-8-18-16-6-4-12(17)10-21(14)16/h3-10H,1-2H3/b19-9+",QTHCAAFKVUWAFI-DJKKODMXSA-N,QTHCAAFKVUWAFI,Cc1ccc([N+](=O)[O-])cc1S(=O)(=O)N(C)/N=C/c1cnc2ccc(Br)cn12,O00329_WT;O00750_WT;P24941_WT;P36888_WT;P42336_WT;P42338_WT;P48736_WT;P50613_WT;P50750_WT,O00750_WT;P36888_WT;P42336_WT;P48736_WT;P50613_WT;P50750_WT,P36888_WT;P42336_WT;P48736_WT;P50613_WT;P50750_WT,P36888_WT;P42336_WT;P50613_WT;P50750_WT,P36888_WT;P42336_WT;P50613_WT;P50750_WT,P50613_WT;P50750_WT,,inactive
Palmatine chloride,inactive,COc1c(OC)cc2c(c1)CC[n+]1c-2cc2ccc(OC)c(OC)c2c1,spectrum,COc1cc2c(cc1OC)-c1cc3ccc(OC)c(OC)c3c[n+]1CC2,"InChI=1S/C21H22NO4/c1-23-18-6-5-13-9-17-15-11-20(25-3)19(24-2)10-14(15)7-8-22(17)12-16(13)21(18)26-4/h5-6,9-12H,7-8H2,1-4H3/q+1",QUCQEUCGKKTEBI-UHFFFAOYSA-N,QUCQEUCGKKTEBI,COc1cc2c(cc1OC)-c1cc3ccc(OC)c(OC)c3c[n+]1CC2,,,,,,,,inactive
Mundulone acetate,inactive,COc1c2C=CC(C)(C)Oc2ccc1-c1coc2cc3c(cc2c1=O)CC(OC(C)=O)C(C)(C)O3,spectrum,COc1c(-c2coc3cc4c(cc3c2=O)CC(OC(C)=O)C(C)(C)O4)ccc2c1C=CC(C)(C)O2,"InChI=1S/C28H28O7/c1-15(29)33-24-12-16-11-19-23(13-22(16)35-28(24,4)5)32-14-20(25(19)30)17-7-8-21-18(26(17)31-6)9-10-27(2,3)34-21/h7-11,13-14,24H,12H2,1-6H3",QUQMZWZRFQKNFP-UHFFFAOYSA-N,QUQMZWZRFQKNFP,COc1c(-c2coc3cc4c(cc3c2=O)CC(OC(C)=O)C(C)(C)O4)ccc2c1C=CC(C)(C)O2,Q9NUW8_WT,,,,,,,inactive
Hesperidin,inactive,COc1c(O)cc([C@@H]2CC(=O)c3c(cc(O[C@@H]4O[C@H](CO[C@H]5O[C@@H](C)[C@H](O)[C@@H](O)[C@H]5O)[C@@H](O)[C@H](O)[C@H]4O)cc3O)O2)cc1,spectrum,COc1ccc([C@@H]2CC(=O)c3c(O)cc(O[C@@H]4O[C@H](CO[C@H]5O[C@@H](C)[C@H](O)[C@@H](O)[C@H]5O)[C@@H](O)[C@H](O)[C@H]4O)cc3O2)cc1O,"InChI=1S/C28H34O15/c1-10-21(32)23(34)25(36)27(40-10)39-9-19-22(33)24(35)26(37)28(43-19)41-12-6-14(30)20-15(31)8-17(42-18(20)7-12)11-3-4-16(38-2)13(29)5-11/h3-7,10,17,19,21-30,32-37H,8-9H2,1-2H3/t10-,17-,19+,21-,22+,23+,24-,25+,26+,27-,28+/m0/s1",QUQPHWDTPGMPEX-UZRWAPQLSA-N,QUQPHWDTPGMPEX,COc1ccc([C@@H]2CC(=O)c3c(O)cc(O[C@@H]4O[C@H](CO[C@H]5O[C@@H](C)[C@H](O)[C@@H](O)[C@H]5O)[C@@H](O)[C@H](O)[C@H]4O)cc3O2)cc1O,,,,,,,,inactive
Amcinonide,inactive,CC(=O)OCC(=O)[C@@]12OC3(CCCC3)O[C@@H]1CC1C3CCC4=CC(=O)C=C[C@]4(C)[C@@]3(F)[C@@H](O)C[C@@]12C,spectrum,CC(=O)OCC(=O)[C@@]12OC3(CCCC3)O[C@@H]1CC1C3CC=C4CC(=O)C=C[C@]4(C)[C@@]3(F)[C@@H](O)C[C@@]12C,"InChI=1S/C28H35FO7/c1-16(30)34-15-22(33)28-23(35-26(36-28)9-4-5-10-26)13-20-19-7-6-17-12-18(31)8-11-24(17,2)27(19,29)21(32)14-25(20,28)3/h6,8,11,19-21,23,32H,4-5,7,9-10,12-15H2,1-3H3/t19?,20?,21-,23+,24-,25-,27-,28+/m0/s1",QUYIFTUJECZGBB-ZYDCGBIBSA-N,QUYIFTUJECZGBB,CC(=O)OCC(=O)[C@@]12OC3(CCCC3)O[C@@H]1CC1C3CC=C4CC(=O)C=C[C@]4(C)[C@@]3(F)[C@@H](O)C[C@@]12C,P04150_WT;P10275_WT;P11511_WT,P04150_WT;P10275_WT;P11511_WT,P04150_WT;P10275_WT;P11511_WT,P04150_WT;P10275_WT;P11511_WT,,,,inactive
Monocrotaline,inactive,C[C@H]1C(=O)O[C@@H]2CCN3CC=C(COC(=O)[C@](C)(O)[C@]1(C)O)[C@H]23,spectrum,CC1C(=O)O[C@@H]2CCN3CC=C(COC(=O)[C@](C)(O)[C@]1(C)O)[C@H]23,"InChI=1S/C16H23NO6/c1-9-13(18)23-11-5-7-17-6-4-10(12(11)17)8-22-14(19)16(3,21)15(9,2)20/h4,9,11-12,20-21H,5-8H2,1-3H3/t9?,11-,12-,15-,16+/m1/s1",QVCMHGGNRFRMAD-WDDLGXIYSA-N,QVCMHGGNRFRMAD,CC1C(=O)O[C@@H]2CCN3CC=C(COC(=O)[C@](C)(O)[C@]1(C)O)[C@H]23,,,,,,,,inactive
Duartin,inactive,COc1c(O)c(OC)c([C@H]2COc3c(ccc(O)c3OC)C2)cc1,spectrum,COc1ccc(C2COc3c(ccc(O)c3OC)C2)c(OC)c1O,"InChI=1S/C18H20O6/c1-21-14-7-5-12(17(22-2)15(14)20)11-8-10-4-6-13(19)18(23-3)16(10)24-9-11/h4-7,11,19-20H,8-9H2,1-3H3",QVVPJFBYFYYVDM-UHFFFAOYSA-N,QVVPJFBYFYYVDM,COc1ccc(C2COc3c(ccc(O)c3OC)C2)c(OC)c1O,,,,,,,,inactive
Orphenadrine citrate,inactive,Cc1c(C(OCCN(C)C)c2ccccc2)cccc1,spectrum,Cc1ccccc1C(OCCN(C)C)c1ccccc1,"InChI=1S/C18H23NO/c1-15-9-7-8-12-17(15)18(20-14-13-19(2)3)16-10-5-4-6-11-16/h4-12,18H,13-14H2,1-3H3",QVYRGXJJSLMXQH-UHFFFAOYSA-N,QVYRGXJJSLMXQH,Cc1ccccc1C(OCCN(C)C)c1ccccc1,P08172_WT;P08173_WT;P08482_WT;P08912_WT;P10635_WT;P11229_WT;P20309_WT;P28223_WT;P28335_WT;P31390_WT;P31645_WT;P50406_WT;Q12809_WT,P08172_WT;P08173_WT;P08912_WT;P11229_WT;P20309_WT;P28223_WT;P31390_WT,P08173_WT;P08912_WT;P11229_WT;P20309_WT,P08912_WT,,,,inactive
Dilazep dihydrochloride,inactive,COc1c(OC)c(OC)cc(C(=O)OCCCN2CCCN(CCCOC(=O)c3cc(OC)c(OC)c(OC)c3)CC2)c1,spectrum,COc1cc(C(=O)OCCCN2CCCN(CCCOC(=O)c3cc(OC)c(OC)c(OC)c3)CC2)cc(OC)c1OC,"InChI=1S/C31H44N2O10/c1-36-24-18-22(19-25(37-2)28(24)40-5)30(34)42-16-8-12-32-10-7-11-33(15-14-32)13-9-17-43-31(35)23-20-26(38-3)29(41-6)27(21-23)39-4/h18-21H,7-17H2,1-6H3",QVZCXCJXTMIDME-UHFFFAOYSA-N,QVZCXCJXTMIDME,COc1cc(C(=O)OCCCN2CCCN(CCCOC(=O)c3cc(OC)c(OC)c(OC)c3)CC2)cc(OC)c1OC,O89049_WT;Q99808_WT,Q99808_WT,Q99808_WT,Q99808_WT,,,,inactive
Sulfaphenazole,inactive,Nc1ccc(S(=O)(=O)Nc2ccnn2-c2ccccc2)cc1,spectrum,Nc1ccc(S(=O)(=O)Nc2ccnn2-c2ccccc2)cc1,"InChI=1S/C15H14N4O2S/c16-12-6-8-14(9-7-12)22(20,21)18-15-10-11-17-19(15)13-4-2-1-3-5-13/h1-11,18H,16H2",QWCJHSGMANYXCW-UHFFFAOYSA-N,QWCJHSGMANYXCW,Nc1ccc(S(=O)(=O)Nc2ccnn2-c2ccccc2)cc1,P11712_WT,,,,,,,inactive
Buspirone hydrochloride,inactive,O=C1CC2(CCCC2)CC(=O)N1CCCCN1CCN(c2ncccn2)CC1,spectrum,O=C1CC2(CCCC2)CC(=O)N1CCCCN1CCN(c2ncccn2)CC1,"InChI=1S/C21H31N5O2/c27-18-16-21(6-1-2-7-21)17-19(28)26(18)11-4-3-10-24-12-14-25(15-13-24)20-22-8-5-9-23-20/h5,8-9H,1-4,6-7,10-17H2",QWCRAEMEVRGPNT-UHFFFAOYSA-N,QWCRAEMEVRGPNT,O=C1CC2(CCCC2)CC(=O)N1CCCCN1CCN(c2ncccn2)CC1,P08908_WT;P14416_WT;P14842_WT;P19327_WT;P25100_WT;P28564_WT;P34969_WT;P35462_WT;P41595_WT;P61169_WT;Q9R0C9_WT;Q99720_WT,P08908_WT;P14416_WT;P19327_WT;P28564_WT;P35462_WT;P61169_WT;Q9R0C9_WT;Q99720_WT,P08908_WT;P14416_WT;P19327_WT;P28564_WT;P35462_WT;P61169_WT;Q9R0C9_WT,P08908_WT;P19327_WT;P28564_WT,,,,inactive
Amoxapine,inactive,Clc1cc2c(cc1)Oc1c(cccc1)N=C2N1CCNCC1,spectrum,Clc1ccc2c(c1)C(N1CCNCC1)=Nc1ccccc1O2,"InChI=1S/C17H16ClN3O/c18-12-5-6-15-13(11-12)17(21-9-7-19-8-10-21)20-14-3-1-2-4-16(14)22-15/h1-6,11,19H,7-10H2",QWGDMFLQWFTERH-UHFFFAOYSA-N,QWGDMFLQWFTERH,Clc1ccc2c(c1)C(N1CCNCC1)=Nc1ccccc1O2,P08173_WT;P08908_WT;P08912_WT;P08913_WT;P11229_WT;P14416_WT;P15823_WT;P18089_WT;P20309_WT;P21728_WT;P21917_WT;P23975_WT;P25100_WT;P28223_WT;P28335_WT;P31645_WT;P34969_WT;P35367_WT;P35462_WT;P41595_WT;P43140_WT;P50406_WT,P08908_WT;P14416_WT;P15823_WT;P21728_WT;P21917_WT;P23975_WT;P25100_WT;P28223_WT;P28335_WT;P31645_WT;P35367_WT;P35462_WT;P41595_WT;P43140_WT;P50406_WT,P15823_WT;P21917_WT;P23975_WT;P28223_WT;P28335_WT;P31645_WT;P35367_WT;P35462_WT;P41595_WT;P50406_WT,P23975_WT;P28223_WT;P28335_WT;P31645_WT;P41595_WT,P28223_WT;P28335_WT;P41595_WT,P28223_WT;P28335_WT,,inactive
Amitraz,inactive,Cc1cc(C)c(/N=C/N(C)/C=N/c2c(C)cc(C)cc2)cc1,spectrum,Cc1ccc(/N=C/N(C)/C=N/c2ccc(C)cc2C)c(C)c1,"InChI=1S/C19H23N3/c1-14-6-8-18(16(3)10-14)20-12-22(5)13-21-19-9-7-15(2)11-17(19)4/h6-13H,1-5H3/b20-12+,21-13+",QXAITBQSYVNQDR-ZIOPAAQOSA-N,QXAITBQSYVNQDR,Cc1ccc(/N=C/N(C)/C=N/c2ccc(C)cc2C)c(C)c1,P08913_WT,,,,,,,inactive
Tioconazole,inactive,Clc1cc(Cl)c(C(Cn2ccnc2)OCc2c(Cl)scc2)cc1,spectrum,Clc1ccc(C(Cn2ccnc2)OCc2ccsc2Cl)c(Cl)c1,"InChI=1S/C16H13Cl3N2OS/c17-12-1-2-13(14(18)7-12)15(8-21-5-4-20-10-21)22-9-11-3-6-23-16(11)19/h1-7,10,15H,8-9H2",QXHHHPZILQDDPS-UHFFFAOYSA-N,QXHHHPZILQDDPS,Clc1ccc(C(Cn2ccnc2)OCc2ccsc2Cl)c(Cl)c1,P05093_WT,,,,,,,inactive
Methoxsalen,inactive,COc1c2oc(=O)ccc2cc2c1occ2,spectrum,COc1c2occc2cc2ccc(=O)oc12,"InChI=1S/C12H8O4/c1-14-12-10-8(4-5-15-10)6-7-2-3-9(13)16-11(7)12/h2-6H,1H3",QXKHYNVANLEOEG-UHFFFAOYSA-N,QXKHYNVANLEOEG,COc1c2occc2cc2ccc(=O)oc12,P05177_WT;P22303_WT;P35869_WT;Q16696_WT,P05177_WT;Q16696_WT,P05177_WT,P05177_WT,,,,inactive
Cefaclor,inactive,N[C@@H](C(=O)N[C@@H]1C(=O)N2C(C(=O)O)=C(Cl)CS[C@H]12)c1ccccc1,spectrum,NC(C(=O)NC1C(=O)N2C(C(=O)O)=C(Cl)CS[C@H]12)c1ccccc1,"InChI=1S/C15H14ClN3O4S/c16-8-6-24-14-10(13(21)19(14)11(8)15(22)23)18-12(20)9(17)7-4-2-1-3-5-7/h1-5,9-10,14H,6,17H2,(H,18,20)(H,22,23)/t9?,10?,14-/m1/s1",QYIYFLOTGYLRGG-RPFQZYLTSA-N,QYIYFLOTGYLRGG,NC(C(=O)NC1C(=O)N2C(C(=O)O)=C(Cl)CS[C@H]12)c1ccccc1,,,,,,,,inactive
Cct129202,inactive,C1(=CN=C2C(=C1N3CCN(CC3)CC(NC4SC=CN=4)=O)N=C(N2)C5=CC=C(C=C5)N(C)C)Cl,selleckchem,CN(C)c1ccc(-c2nc3c(N4CCN(CC(=O)Nc5nccs5)CC4)c(Cl)cnc3[nH]2)cc1,"InChI=1S/C23H25ClN8OS/c1-30(2)16-5-3-15(4-6-16)21-28-19-20(17(24)13-26-22(19)29-21)32-10-8-31(9-11-32)14-18(33)27-23-25-7-12-34-23/h3-7,12-13H,8-11,14H2,1-2H3,(H,25,27,33)(H,26,28,29)",QYKHWEFPFAGNEV-UHFFFAOYSA-N,QYKHWEFPFAGNEV,CN(C)c1ccc(-c2nc3c(N4CCN(CC(=O)Nc5nccs5)CC4)c(Cl)cnc3[nH]2)cc1,O14965_WT;Q9UQB9_WT;Q96GD4_WT,O14965_WT;Q9UQB9_WT;Q96GD4_WT,O14965_WT,,,,,inactive
Cholecalciferol,inactive,C=C1CC[C@H](O)C/C1=C/C=C1\CCCC2(C)C1CCC2C(C)CCCC(C)C,spectrum,C=C1CC[C@H](O)C/C1=C/C=C1\CCCC2(C)C1CCC2C(C)CCCC(C)C,"InChI=1S/C27H44O/c1-19(2)8-6-9-21(4)25-15-16-26-22(10-7-17-27(25,26)5)12-13-23-18-24(28)14-11-20(23)3/h12-13,19,21,24-26,28H,3,6-11,14-18H2,1-2,4-5H3/b22-12+,23-13-/t21?,24-,25?,26?,27?/m0/s1",QYSXJUFSXHHAJI-JACFMPSKSA-N,QYSXJUFSXHHAJI,C=C1CC[C@H](O)C/C1=C/C=C1\CCCC2(C)C1CCC2C(C)CCCC(C)C,P11473_WT;P23415_WT;P30304_WT;P48281_WT;Q9NUW8_WT,P11473_WT;Q9NUW8_WT,P11473_WT;Q9NUW8_WT,P11473_WT,P11473_WT,P11473_WT,P11473_WT,inactive
Barasertib,inactive,C1(=CC=C2C(=C1)N=CN=C2NC3NN=C(C=3)CC(NC4=CC=CC(=C4)F)=O)OCCCN(CCO)CC,selleckchem,CCN(CCO)CCCOc1ccc2c(Nc3cc(CC(=O)Nc4cccc(F)c4)[nH]n3)ncnc2c1,"InChI=1S/C26H30FN7O3/c1-2-34(10-11-35)9-4-12-37-21-7-8-22-23(16-21)28-17-29-26(22)31-24-14-20(32-33-24)15-25(36)30-19-6-3-5-18(27)13-19/h3,5-8,13-14,16-17,35H,2,4,9-12,15H2,1H3,(H,30,36)(H2,28,29,31,32,33)",QYZOGCMHVIGURT-UHFFFAOYSA-N,QYZOGCMHVIGURT,CCN(CCO)CCCOc1ccc2c(Nc3cc(CC(=O)Nc4cccc(F)c4)[nH]n3)ncnc2c1,O14965_WT;O15197_WT;O43318_WT;P00533_G719C;P00533_G719S;P00533_L858R;P00533_L861Q;P00533_WT;P06239_WT;P07949_M918T;P07949_V804L;P07949_V804M;P07949_WT;P09619_WT;P10721_A829P;P10721_L576P;P10721_V559D;P10721_V559D_T670I;P10721_V559D_V654A;P10721_WT;P16234_WT;P17948_WT;P30530_WT;P35590_WT;P35968_WT;P36888_D835H;P36888_D835Y;P36888_K663Q;P36888_N841I;P36888_R834Q;P36888_WT;P68370_WT;Q8NE63_WT;Q9UQB9_WT;Q9Y4K4_WT;Q96GD4_WT;Q13163_WT;Q15303_WT,O15197_WT;P00533_G719C;P00533_G719S;P07949_M918T;P07949_V804L;P07949_V804M;P07949_WT;P09619_WT;P10721_L576P;P10721_V559D;P10721_V559D_T670I;P10721_WT;P16234_WT;P17948_WT;P36888_D835H;P36888_K663Q;P36888_N841I;P36888_R834Q;P36888_WT;Q8NE63_WT;Q9UQB9_WT;Q9Y4K4_WT;Q96GD4_WT;Q13163_WT,O15197_WT;P09619_WT;P10721_L576P;P10721_V559D;P10721_V559D_T670I;P10721_WT;P16234_WT;P36888_K663Q;P36888_N841I;Q8NE63_WT;Q9UQB9_WT;Q96GD4_WT;Q13163_WT,P10721_V559D;P10721_V559D_T670I;P10721_WT;P36888_K663Q;Q9UQB9_WT;Q96GD4_WT,P10721_V559D_T670I;P36888_K663Q;Q9UQB9_WT;Q96GD4_WT,Q96GD4_WT,,inactive
Estradiol-3-sulfate. sodium salt,inactive,C[C@]12CCC3c4ccc(OS(=O)(=O)O)cc4CCC3C1CC[C@H]2O,spectrum,C[C@]12CCC3c4ccc(OS(=O)(=O)O)cc4CCC3C1CC[C@H]2O,"InChI=1S/C18H24O5S/c1-18-9-8-14-13-5-3-12(23-24(20,21)22)10-11(13)2-4-15(14)16(18)6-7-17(18)19/h3,5,10,14-17,19H,2,4,6-9H2,1H3,(H,20,21,22)/t14?,15?,16?,17-,18+/m1/s1",QZIGLSSUDXBTLJ-SWQYWVTHSA-N,QZIGLSSUDXBTLJ,C[C@]12CCC3c4ccc(OS(=O)(=O)O)cc4CCC3C1CC[C@H]2O,P33527_WT,,,,,,,inactive
Clozapine,inactive,CN1CCN(C2=Nc3c(ccc(Cl)c3)Nc3c2cccc3)CC1,spectrum,CN1CCN(C2=Nc3cc(Cl)ccc3Nc3ccccc32)CC1,"InChI=1S/C18H19ClN4/c1-22-8-10-23(11-9-22)18-14-4-2-3-5-15(14)20-16-7-6-13(19)12-17(16)21-18/h2-7,12,20H,8-11H2,1H3",QZUDBNBUXVUHMW-UHFFFAOYSA-N,QZUDBNBUXVUHMW,CN1CCN(C2=Nc3cc(Cl)ccc3Nc3ccccc32)CC1,P07305_WT;P08172_WT;P08173_WT;P08482_WT;P08908_WT;P08909_WT;P08912_WT;P08913_WT;P10980_WT;P11229_WT;P14416_WT;P14842_WT;P15823_WT;P18089_WT;P18825_WT;P18901_WT;P19020_WT;P19327_WT;P20309_WT;P21728_WT;P21917_WT;P21918_WT;P22909_WT;P23979_WT;P25100_WT;P28223_WT;P28335_WT;P30729_WT;P30994_WT;P31390_WT;P32305_WT;P34969_WT;P35348_WT;P35367_WT;P35368_WT;P35462_WT;P41595_WT;P43140_WT;P46098_WT;P50406_WT;P61168_WT;P61169_WT;Q9H3N8_WT;Q9WTR4_WT;Q9Y5N1_WT;Q63380_WT,P07305_WT;P08172_WT;P08173_WT;P08482_WT;P08908_WT;P08909_WT;P08912_WT;P08913_WT;P10980_WT;P11229_WT;P14416_WT;P14842_WT;P15823_WT;P18089_WT;P18825_WT;P18901_WT;P19020_WT;P19327_WT;P20309_WT;P21728_WT;P21917_WT;P21918_WT;P22909_WT;P23979_WT;P25100_WT;P28223_WT;P28335_WT;P30729_WT;P30994_WT;P31390_WT;P32305_WT;P34969_WT;P35348_WT;P35367_WT;P35368_WT;P41595_WT;P43140_WT;P50406_WT;P61168_WT;P61169_WT;Q9H3N8_WT,P07305_WT;P08173_WT;P08482_WT;P08909_WT;P10980_WT;P11229_WT;P14842_WT;P15823_WT;P18825_WT;P21728_WT;P21917_WT;P23979_WT;P25100_WT;P28223_WT;P28335_WT;P30729_WT;P31390_WT;P32305_WT;P34969_WT;P35348_WT;P35367_WT;P35368_WT;P41595_WT;P43140_WT;P50406_WT;Q9H3N8_WT,P07305_WT;P11229_WT;P14842_WT;P15823_WT;P18825_WT;P25100_WT;P28223_WT;P28335_WT;P31390_WT;P34969_WT;P35348_WT;P35367_WT;P35368_WT;P41595_WT;P43140_WT;P50406_WT,P07305_WT;P11229_WT;P28223_WT;P35367_WT;P41595_WT,P07305_WT;P35367_WT,,inactive
Phenoxybenzamine hydrochloride,inactive,CC(COc1ccccc1)N(CCCl)Cc1ccccc1,spectrum,CC(COc1ccccc1)N(CCCl)Cc1ccccc1,"InChI=1S/C18H22ClNO/c1-16(15-21-18-10-6-3-7-11-18)20(13-12-19)14-17-8-4-2-5-9-17/h2-11,16H,12-15H2,1H3",QZVCTJOXCFMACW-UHFFFAOYSA-N,QZVCTJOXCFMACW,CC(COc1ccccc1)N(CCCl)Cc1ccccc1,P10635_WT;P25094_WT;P83916_WT,P25094_WT;P83916_WT,P83916_WT,P83916_WT,P83916_WT,,,inactive
Rhetsinine,inactive,CNc1c(C(=O)N2CCc3c([nH]c4ccccc34)C2=O)cccc1,spectrum,CNc1ccccc1C(=O)N1CCc2c([nH]c3ccccc23)C1=O,"InChI=1S/C19H17N3O2/c1-20-15-8-4-3-7-14(15)18(23)22-11-10-13-12-6-2-5-9-16(12)21-17(13)19(22)24/h2-9,20-21H,10-11H2,1H3",RAEOYMOPVHBBKE-UHFFFAOYSA-N,RAEOYMOPVHBBKE,CNc1ccccc1C(=O)N1CCc2c([nH]c3ccccc23)C1=O,,,,,,,,inactive
Bixin,inactive,COC(=O)/C=C/C(C)=C/C=C/C(C)=C/C=C/C=C(C)/C=C/C=C(C)/C=C/C(=O)O,spectrum,COC(=O)/C=C/C(C)=C/C=C/C(C)=C/C=C/C=C(C)/C=C/C=C(C)/C=C/C(=O)O,"InChI=1S/C25H30O4/c1-20(12-8-14-22(3)16-18-24(26)27)10-6-7-11-21(2)13-9-15-23(4)17-19-25(28)29-5/h6-19H,1-5H3,(H,26,27)/b7-6+,12-8+,13-9+,18-16+,19-17+,20-10+,21-11+,22-14+,23-15+",RAFGELQLHMBRHD-IFNPSABLSA-N,RAFGELQLHMBRHD,COC(=O)/C=C/C(C)=C/C=C/C(C)=C/C=C/C=C(C)/C=C/C=C(C)/C=C/C(=O)O,,,,,,,,inactive
Motesanib Diphosphate,enhancer,C1(=CN=CC=C1CNC2=C(C=CC=N2)C(=O)NC3=CC=C4C(=C3)NCC4(C)C).P(O)(=O)(O)O.P(O)(=O)(O)O,selleckchem,CC1(C)CNc2cc(NC(=O)c3cccnc3NCc3ccncc3)ccc21,"InChI=1S/C22H23N5O/c1-22(2)14-26-19-12-16(5-6-18(19)22)27-21(28)17-4-3-9-24-20(17)25-13-15-7-10-23-11-8-15/h3-12,26H,13-14H2,1-2H3,(H,24,25)(H,27,28)",RAHBGWKEPAQNFF-UHFFFAOYSA-N,RAHBGWKEPAQNFF,CC1(C)CNc2cc(NC(=O)c3cccnc3NCc3ccncc3)ccc21,O14578_WT;P04049_WT;P06239_WT;P07333_WT;P07948_WT;P07949_M918T;P07949_WT;P09619_WT;P10721_A829P;P10721_D816H;P10721_D816V;P10721_L576P;P10721_V559D;P10721_V559D_T670I;P10721_V559D_V654A;P10721_WT;P15056_V600E;P15056_WT;P16234_WT;P17948_WT;P35916_WT;P35968_WT;P36888_K663Q;P42685_WT;Q8IYD1_WT;Q9NYL2_WT;Q9UF33_WT;Q56UN5_WT;Q59H18_WT;Q08345_WT;Q92918_WT,O14578_WT;P07333_WT;P07948_WT;P07949_M918T;P07949_WT;P09619_WT;P10721_A829P;P10721_D816H;P10721_L576P;P10721_V559D;P10721_V559D_T670I;P10721_V559D_V654A;P10721_WT;P15056_V600E;P16234_WT;P17948_WT;P35916_WT;P35968_WT;P36888_K663Q;P42685_WT;Q8IYD1_WT;Q9NYL2_WT;Q56UN5_WT;Q59H18_WT;Q08345_WT;Q92918_WT,P07333_WT;P07949_M918T;P07949_WT;P09619_WT;P10721_A829P;P10721_L576P;P10721_V559D;P10721_V559D_T670I;P10721_V559D_V654A;P10721_WT;P16234_WT;P17948_WT;P35916_WT;P35968_WT;P36888_K663Q;P42685_WT;Q8IYD1_WT;Q9NYL2_WT,P07333_WT;P07949_M918T;P09619_WT;P10721_A829P;P10721_L576P;P10721_V559D;P10721_V559D_T670I;P10721_V559D_V654A;P10721_WT;P16234_WT;P17948_WT;P35916_WT;P35968_WT;Q8IYD1_WT;Q9NYL2_WT,P07333_WT;P09619_WT;P10721_L576P;P10721_V559D;P10721_WT;P17948_WT;P35916_WT;P35968_WT;Q8IYD1_WT;Q9NYL2_WT,P10721_L576P;Q8IYD1_WT,,enhancer
5alpha-ANDROSTAN-3.17-DIONE,inactive,C[C@]12CCC3C(CC[C@H]4CC(=O)CC[C@]34C)C1CCC2=O,spectrum,C[C@]12CCC3C(CC[C@H]4CC(=O)CC[C@]34C)C1CCC2=O,"InChI=1S/C19H28O2/c1-18-9-7-13(20)11-12(18)3-4-14-15-5-6-17(21)19(15,2)10-8-16(14)18/h12,14-16H,3-11H2,1-2H3/t12-,14?,15?,16?,18-,19-/m0/s1",RAJWOBJTTGJROA-LWTCHCTNSA-N,RAJWOBJTTGJROA,C[C@]12CCC3C(CC[C@H]4CC(=O)CC[C@]34C)C1CCC2=O,P15207_WT;Q9H255_WT,P15207_WT;Q9H255_WT,P15207_WT;Q9H255_WT,P15207_WT;Q9H255_WT,Q9H255_WT,Q9H255_WT,Q9H255_WT,inactive
Oxibendazole,reducer,CCCOc1ccc2nc(NC(=O)OC)[nH]c2c1,spectrum,CCCOc1ccc2[nH]c(NC(=O)OC)nc2c1,"InChI=1S/C12H15N3O3/c1-3-6-18-8-4-5-9-10(7-8)14-11(13-9)15-12(16)17-2/h4-5,7H,3,6H2,1-2H3,(H2,13,14,15,16)",RAOCRURYZCVHMG-UHFFFAOYSA-N,RAOCRURYZCVHMG,CCCOc1ccc2[nH]c(NC(=O)OC)nc2c1,O75496_WT;P04637_WT;P18113_WT;Q9NUW8_WT,P04637_WT;Q9NUW8_WT,Q9NUW8_WT,,,,,reducer
Risperidone,inactive,Cc1c(CCN2CCC(c3noc4c3ccc(F)c4)CC2)c(=O)n2CCCCc2n1,spectrum,Cc1nc2n(c(=O)c1CCN1CCC(c3noc4cc(F)ccc34)CC1)CCCC2,"InChI=1S/C23H27FN4O2/c1-15-18(23(29)28-10-3-2-4-21(28)25-15)9-13-27-11-7-16(8-12-27)22-19-6-5-17(24)14-20(19)30-26-22/h5-6,14,16H,2-4,7-13H2,1H3",RAPZEAPATHNIPO-UHFFFAOYSA-N,RAPZEAPATHNIPO,Cc1nc2n(c(=O)c1CCN1CCC(c3noc4cc(F)ccc34)CC1)CCCC2,P07305_WT;P08908_WT;P08909_WT;P08913_WT;P14416_WT;P14842_WT;P15823_WT;P18825_WT;P18901_WT;P19020_WT;P19327_WT;P21728_WT;P21917_WT;P22909_WT;P23415_WT;P25100_WT;P28222_WT;P28223_WT;P28335_WT;P31390_WT;P32305_WT;P34969_WT;P35348_WT;P35367_WT;P35368_WT;P35462_WT;P41595_WT;P43140_WT;P61168_WT;P61169_WT;Q12809_WT;Q64264_WT,P07305_WT;P08908_WT;P08909_WT;P08913_WT;P14416_WT;P14842_WT;P15823_WT;P18825_WT;P18901_WT;P19020_WT;P19327_WT;P21917_WT;P22909_WT;P25100_WT;P28222_WT;P28223_WT;P28335_WT;P31390_WT;P32305_WT;P34969_WT;P35348_WT;P35367_WT;P35368_WT;P35462_WT;P41595_WT;P43140_WT;P61168_WT;P61169_WT,P07305_WT;P08909_WT;P08913_WT;P14416_WT;P14842_WT;P15823_WT;P18825_WT;P18901_WT;P19020_WT;P21917_WT;P22909_WT;P25100_WT;P28222_WT;P28223_WT;P28335_WT;P31390_WT;P32305_WT;P34969_WT;P35348_WT;P35367_WT;P35368_WT;P35462_WT;P41595_WT;P43140_WT;P61168_WT;P61169_WT,P07305_WT;P08909_WT;P08913_WT;P14416_WT;P14842_WT;P15823_WT;P18825_WT;P19020_WT;P21917_WT;P22909_WT;P25100_WT;P28222_WT;P28223_WT;P28335_WT;P32305_WT;P34969_WT;P35348_WT;P35368_WT;P35462_WT;P41595_WT;P43140_WT;P61168_WT;P61169_WT,P14416_WT;P14842_WT;P15823_WT;P18825_WT;P25100_WT;P28223_WT;P34969_WT;P35348_WT;P43140_WT;P61169_WT,P14842_WT;P15823_WT;P28223_WT;P34969_WT;P43140_WT,P14842_WT;P28223_WT;P43140_WT,inactive
Efaroxan hydrochloride,inactive,CCC1(C2=NCCN2)Cc2ccccc2O1,spectrum,CCC1(C2=NCCN2)Cc2ccccc2O1,"InChI=1S/C13H16N2O/c1-2-13(12-14-7-8-15-12)9-10-5-3-4-6-11(10)16-13/h3-6H,2,7-9H2,1H3,(H,14,15)",RATZLMXRALDSJW-UHFFFAOYSA-N,RATZLMXRALDSJW,CCC1(C2=NCCN2)Cc2ccccc2O1,P08913_WT;P14618_WT;Q9Y2I1_WT,P08913_WT;P14618_WT;Q9Y2I1_WT,P08913_WT;P14618_WT;Q9Y2I1_WT,P08913_WT;P14618_WT,P08913_WT,,,inactive
Methylene blue,inactive,CN(C)c1cc2[s+]c3cc(N(C)C)ccc3nc2cc1,spectrum,CN(C)c1ccc2nc3ccc(N(C)C)cc3[s+]c2c1,"InChI=1S/C16H18N3S/c1-18(2)11-5-7-13-15(9-11)20-16-10-12(19(3)4)6-8-14(16)17-13/h5-10H,1-4H3/q+1",RBTBFTRPCNLSDE-UHFFFAOYSA-N,RBTBFTRPCNLSDE,CN(C)c1ccc2nc3ccc(N(C)C)cc3[s+]c2c1,P05067_WT;P14598_WT;P21397_WT;P43351_WT;P51450_WT,P21397_WT;P51450_WT,P21397_WT,,,,,inactive
Hydroxyprogesterone,inactive,CC(=O)[C@@]1(O)CCC2C3CCC4=CC(=O)CC[C@]4(C)C3CC[C@@]21C,spectrum,CC(=O)[C@@]1(O)CCC2C3CC=C4CC(=O)CC[C@]4(C)C3CC[C@@]21C,"InChI=1S/C21H30O3/c1-13(22)21(24)11-8-18-16-5-4-14-12-15(23)6-9-19(14,2)17(16)7-10-20(18,21)3/h4,16-18,24H,5-12H2,1-3H3/t16?,17?,18?,19-,20-,21-/m0/s1",RCFJDVCRANOZEL-AYUYWISESA-N,RCFJDVCRANOZEL,CC(=O)[C@@]1(O)CCC2C3CC=C4CC(=O)CC[C@]4(C)C3CC[C@@]21C,,,,,,,,inactive
Piromidic acid,inactive,CCn1cc(C(=O)O)c(=O)c2c1nc(N1CCCC1)nc2,spectrum,CCn1cc(C(=O)O)c(=O)c2cnc(N3CCCC3)nc21,"InChI=1S/C14H16N4O3/c1-2-17-8-10(13(20)21)11(19)9-7-15-14(16-12(9)17)18-5-3-4-6-18/h7-8H,2-6H2,1H3,(H,20,21)",RCIMBBZXSXFZBV-UHFFFAOYSA-N,RCIMBBZXSXFZBV,CCn1cc(C(=O)O)c(=O)c2cnc(N3CCCC3)nc21,P03372_WT,P03372_WT,P03372_WT,P03372_WT,,,,inactive
Leoidin,enhancer,COC(=O)c1c(O)c(C)c2OC(=O)c3c(Oc2c1C)c(Cl)c(O)c(Cl)c3C,spectrum,COC(=O)c1c(C)c2c(c(C)c1O)OC(=O)c1c(C)c(Cl)c(O)c(Cl)c1O2,"InChI=1S/C18H14Cl2O7/c1-5-9-16(11(20)13(22)10(5)19)26-14-6(2)8(17(23)25-4)12(21)7(3)15(14)27-18(9)24/h21-22H,1-4H3",RCLFRVZNHRFQGE-UHFFFAOYSA-N,RCLFRVZNHRFQGE,COC(=O)c1c(C)c2c(c(C)c1O)OC(=O)c1c(C)c(Cl)c(O)c(Cl)c1O2,Q9Y6L6_WT,Q9Y6L6_WT,,,,,,enhancer
Tak-733,inactive,N1(C=NC2=C(C1=O)C(=C(C(N2C)=O)F)NC3=CC=C(C=C3F)I)C[C@@H](O)CO,selleckchem,Cn1c(=O)c(F)c(Nc2ccc(I)cc2F)c2c(=O)n(C[C@@H](O)CO)cnc21,"InChI=1S/C17H15F2IN4O4/c1-23-15-12(16(27)24(7-21-15)5-9(26)6-25)14(13(19)17(23)28)22-11-3-2-8(20)4-10(11)18/h2-4,7,9,22,25-26H,5-6H2,1H3/t9-/m1/s1",RCLQNICOARASSR-SECBINFHSA-N,RCLQNICOARASSR,Cn1c(=O)c(F)c(Nc2ccc(I)cc2F)c2c(=O)n(C[C@@H](O)CO)cnc21,P36507_WT;Q02750_WT,P36507_WT;Q02750_WT,P36507_WT;Q02750_WT,P36507_WT;Q02750_WT,,,,inactive
Fenoprofen,inactive,CC(C(=O)O)c1cc(Oc2ccccc2)ccc1,spectrum,CC(C(=O)O)c1cccc(Oc2ccccc2)c1,"InChI=1S/C15H14O3/c1-11(15(16)17)12-6-5-9-14(10-12)18-13-7-3-2-4-8-13/h2-11H,1H3,(H,16,17)",RDJGLLICXDHJDY-UHFFFAOYSA-N,RDJGLLICXDHJDY,CC(C(=O)O)c1cccc(Oc2ccccc2)c1,P23219_WT,P23219_WT,,,,,,inactive
Cephradine,enhancer,CC1=C(C(=O)O)N2C(=O)[C@@H](NC(=O)[C@H](N)C3=CCC=CC3)C2SC1,spectrum,CC1=C(C(=O)O)N2C(=O)C(NC(=O)C(N)C3=CCC=CC3)C2SC1,"InChI=1S/C16H19N3O4S/c1-8-7-24-15-11(14(21)19(15)12(8)16(22)23)18-13(20)10(17)9-5-3-2-4-6-9/h2-3,6,10-11,15H,4-5,7,17H2,1H3,(H,18,20)(H,22,23)",RDLPVSKMFDYCOR-UHFFFAOYSA-N,RDLPVSKMFDYCOR,CC1=C(C(=O)O)N2C(=O)C(NC(=O)C(N)C3=CCC=CC3)C2SC1,,,,,,,,enhancer
Loperamide hydrochloride,enhancer,CN(C)C(=O)C(CCN1CCC(O)(c2ccc(Cl)cc2)CC1)(c1ccccc1)c1ccccc1,spectrum,CN(C)C(=O)C(CCN1CCC(O)(c2ccc(Cl)cc2)CC1)(c1ccccc1)c1ccccc1,"InChI=1S/C29H33ClN2O2/c1-31(2)27(33)29(24-9-5-3-6-10-24,25-11-7-4-8-12-25)19-22-32-20-17-28(34,18-21-32)23-13-15-26(30)16-14-23/h3-16,34H,17-22H2,1-2H3",RDOIQAHITMMDAJ-UHFFFAOYSA-N,RDOIQAHITMMDAJ,CN(C)C(=O)C(CCN1CCC(O)(c2ccc(Cl)cc2)CC1)(c1ccccc1)c1ccccc1,P15823_WT;P33533_WT;P33535_WT;P35372_WT;P35462_WT;P41143_WT;Q12809_WT;Q14524_WT;Q99720_WT,P33533_WT;P33535_WT;P35372_WT;P41143_WT;Q12809_WT;Q14524_WT,P33533_WT;P33535_WT;P35372_WT,P33535_WT;P35372_WT,P33535_WT;P35372_WT,P33535_WT;P35372_WT,P33535_WT;P35372_WT,enhancer
Quercetin,inactive,C1(=CC(=C2C(=C1)OC(=C(C2=O)O)C3=CC=C(C(=C3)O)O)O)O,selleckchem,O=c1c(O)c(-c2ccc(O)c(O)c2)oc2cc(O)cc(O)c12,"InChI=1S/C15H10O7/c16-7-4-10(19)12-11(5-7)22-15(14(21)13(12)20)6-1-2-8(17)9(18)3-6/h1-5,16-19,21H",REFJWTPEDVJJIY-UHFFFAOYSA-N,REFJWTPEDVJJIY,O=c1c(O)c(-c2ccc(O)c(O)c2)oc2cc(O)cc(O)c12,P06493_WT;P06746_WT;P07947_WT;P08069_WT;P08581_WT;P11309_WT;P12931_WT;P14780_WT;P18054_WT;P21588_WT;P30530_WT;P35968_WT;P36888_WT;P47989_WT;Q9NPH5_WT;Q9UHH9_WT;Q9UNQ0_WT;Q96GD4_WT;Q99714_WT,P08069_WT;P11309_WT;P12931_WT;P21588_WT;Q9UNQ0_WT;Q99714_WT,P11309_WT;P21588_WT;Q9UNQ0_WT,,,,,inactive
Procainamide hydrochloride,inactive,CCN(CC)CCNC(=O)c1ccc(N)cc1,spectrum,CCN(CC)CCNC(=O)c1ccc(N)cc1,"InChI=1S/C13H21N3O/c1-3-16(4-2)10-9-15-13(17)11-5-7-12(14)8-6-11/h5-8H,3-4,9-10,14H2,1-2H3,(H,15,17)",REQCZEXYDRLIBE-UHFFFAOYSA-N,REQCZEXYDRLIBE,CCN(CC)CCNC(=O)c1ccc(N)cc1,,,,,,,,inactive
Harmaline,inactive,COc1ccc2c3c([nH]c2c1)C(C)=NCC3,spectrum,COc1ccc2c3c([nH]c2c1)C(C)=NCC3,"InChI=1S/C13H14N2O/c1-8-13-11(5-6-14-8)10-4-3-9(16-2)7-12(10)15-13/h3-4,7,15H,5-6H2,1-2H3",RERZNCLIYCABFS-UHFFFAOYSA-N,RERZNCLIYCABFS,COc1ccc2c3c([nH]c2c1)C(C)=NCC3,P05177_WT;P21396_WT;P21397_WT,P21396_WT;P21397_WT,P21396_WT;P21397_WT,P21396_WT,,,,inactive
Antazoline phosphate,inactive,c1ccc(CN(CC2=NCCN2)c2ccccc2)cc1,spectrum,c1ccc(CN(CC2=NCCN2)c2ccccc2)cc1,"InChI=1S/C17H19N3/c1-3-7-15(8-4-1)13-20(14-17-18-11-12-19-17)16-9-5-2-6-10-16/h1-10H,11-14H2,(H,18,19)",REYFJDPCWQRWAA-UHFFFAOYSA-N,REYFJDPCWQRWAA,c1ccc(CN(CC2=NCCN2)c2ccccc2)cc1,,,,,,,,inactive
Zaprinast,inactive,CCCOc1c(-c2nc3c(nn[nH]3)c(=O)[nH]2)cccc1,spectrum,CCCOc1ccccc1-c1nc(=O)c2[nH]nnc2[nH]1,"InChI=1S/C13H13N5O2/c1-2-7-20-9-6-4-3-5-8(9)11-14-12-10(13(19)15-11)16-18-17-12/h3-6H,2,7H2,1H3,(H2,14,15,16,17,18,19)",REZGGXNDEMKIQB-UHFFFAOYSA-N,REZGGXNDEMKIQB,CCCOc1ccccc1-c1nc(=O)c2[nH]nnc2[nH]1,O89049_WT;Q9ES90_WT;Q33BM1_WT,Q33BM1_WT,Q33BM1_WT,,,,,inactive
Glycocholic acid,inactive,C[C@H](CCC(=O)NCC(=O)O)[C@H]1CCC2C3C(C[C@H](O)[C@@]21C)[C@@]1(C)CC[C@@H](O)CC1C[C@H]3O,spectrum,C[C@H](CCC(=O)NCC(=O)O)[C@H]1CCC2C3C(C[C@H](O)[C@@]21C)[C@@]1(C)CC[C@@H](O)CC1C[C@H]3O,"InChI=1S/C26H43NO6/c1-14(4-7-22(31)27-13-23(32)33)17-5-6-18-24-19(12-21(30)26(17,18)3)25(2)9-8-16(28)10-15(25)11-20(24)29/h14-21,24,28-30H,4-13H2,1-3H3,(H,27,31)(H,32,33)/t14-,15?,16-,17-,18?,19?,20-,21+,24?,25+,26-/m1/s1",RFDAIACWWDREDC-FLUXYBASSA-N,RFDAIACWWDREDC,C[C@H](CCC(=O)NCC(=O)O)[C@H]1CCC2C3C(C[C@H](O)[C@@]21C)[C@@]1(C)CC[C@@H](O)CC1C[C@H]3O,P18113_WT;Q9UNA4_WT,,,,,,,inactive
Fluconazole,inactive,OC(Cn1cncn1)(Cn1cncn1)c1c(F)cc(F)cc1,spectrum,OC(Cn1cncn1)(Cn1cncn1)c1ccc(F)cc1F,"InChI=1S/C13H12F2N6O/c14-10-1-2-11(12(15)3-10)13(22,4-20-8-16-6-18-20)5-21-9-17-7-19-21/h1-3,6-9,22H,4-5H2",RFHAOTPXVQNOHP-UHFFFAOYSA-N,RFHAOTPXVQNOHP,OC(Cn1cncn1)(Cn1cncn1)c1ccc(F)cc1F,,,,,,,,inactive
Ku-0063794,reducer,N1=C(N=C2C(=C1N3CCOCC3)C=CC(=N2)C4=CC(=C(C=C4)OC)CO)N5C[C@H](O[C@H](C5)C)C,selleckchem,COc1ccc(-c2ccc3c(N4CCOCC4)nc(N4C[C@@H](C)O[C@@H](C)C4)nc3n2)cc1CO,"InChI=1S/C25H31N5O4/c1-16-13-30(14-17(2)34-16)25-27-23-20(24(28-25)29-8-10-33-11-9-29)5-6-21(26-23)18-4-7-22(32-3)19(12-18)15-31/h4-7,12,16-17,31H,8-11,13-15H2,1-3H3/t16-,17+",RFSMUFRPPYDYRD-CALCHBBNSA-N,RFSMUFRPPYDYRD,COc1ccc(-c2ccc3c(N4CCOCC4)nc(N4C[C@@H](C)O[C@@H](C)C4)nc3n2)cc1CO,O00329_WT;P42345_WT,O00329_WT;P42345_WT,P42345_WT,P42345_WT,P42345_WT,,,reducer
Podototarin,inactive,CC(C)c1c2CCC3C(C)(C)CCC[C@]3(C)c2cc(-c2c(O)c(C(C)C)c3CCC4C(C)(C)CCC[C@]4(C)c3c2)c1O,spectrum,CC(C)c1c(O)c(-c2cc3c(c(C(C)C)c2O)CCC2C(C)(C)CCC[C@]32C)cc2c1CCC1C(C)(C)CCC[C@]21C,"InChI=1S/C40H58O2/c1-23(2)33-25-13-15-31-37(5,6)17-11-19-39(31,9)29(25)21-27(35(33)41)28-22-30-26(34(24(3)4)36(28)42)14-16-32-38(7,8)18-12-20-40(30,32)10/h21-24,31-32,41-42H,11-20H2,1-10H3/t31?,32?,39-,40-/m1/s1",RFUVOURUUJLQSB-QFFMKFBWSA-N,RFUVOURUUJLQSB,CC(C)c1c(O)c(-c2cc3c(c(C(C)C)c2O)CCC2C(C)(C)CCC[C@]32C)cc2c1CCC1C(C)(C)CCC[C@]21C,O75604_WT,,,,,,,inactive
Cep33779,inactive,C1(=CC=CC(=C1)NC2N=C3N(N=2)C=CC=C3C4=CC=C(C=C4)S(=O)(C)=O)N5CCN(CC5)C,selleckchem,CN1CCN(c2cccc(Nc3nc4c(-c5ccc(S(C)(=O)=O)cc5)cccn4n3)c2)CC1,"InChI=1S/C24H26N6O2S/c1-28-13-15-29(16-14-28)20-6-3-5-19(17-20)25-24-26-23-22(7-4-12-30(23)27-24)18-8-10-21(11-9-18)33(2,31)32/h3-12,17H,13-16H2,1-2H3,(H,25,27)",RFZKSQIFOZZIAQ-UHFFFAOYSA-N,RFZKSQIFOZZIAQ,CN1CCN(c2cccc(Nc3nc4c(-c5ccc(S(C)(=O)=O)cc5)cccn4n3)c2)CC1,O60674_WT;P08183_WT;P23458_WT;P52333_WT,O60674_WT;P08183_WT;P23458_WT;P52333_WT,O60674_WT;P23458_WT,O60674_WT,O60674_WT,O60674_WT,,inactive
Nonivamide,inactive,CCCCCCCCC(=O)NCc1cc(OC)c(O)cc1,spectrum,CCCCCCCCC(=O)NCc1ccc(O)c(OC)c1,"InChI=1S/C17H27NO3/c1-3-4-5-6-7-8-9-17(20)18-13-14-10-11-15(19)16(12-14)21-2/h10-12,19H,3-9,13H2,1-2H3,(H,18,20)",RGOVYLWUIBMPGK-UHFFFAOYSA-N,RGOVYLWUIBMPGK,CCCCCCCCC(=O)NCc1ccc(O)c(OC)c1,O35433_WT,O35433_WT,,,,,,inactive
Nefopam,inactive,CN1CCOC(c2ccccc2)c2c(cccc2)C1,spectrum,CN1CCOC(c2ccccc2)c2ccccc2C1,"InChI=1S/C17H19NO/c1-18-11-12-19-17(14-7-3-2-4-8-14)16-10-6-5-9-15(16)13-18/h2-10,17H,11-13H2,1H3",RGPDEAGGEXEMMM-UHFFFAOYSA-N,RGPDEAGGEXEMMM,CN1CCOC(c2ccccc2)c2ccccc2C1,,,,,,,,inactive
Piperic acid,inactive,O=C(O)/C=C/C=C/c1cc2c(cc1)OCO2,spectrum,O=C(O)/C=C/C=C/c1ccc2c(c1)OCO2,"InChI=1S/C12H10O4/c13-12(14)4-2-1-3-9-5-6-10-11(7-9)16-8-15-10/h1-7H,8H2,(H,13,14)/b3-1+,4-2+",RHBGITBPARBDPH-ZPUQHVIOSA-N,RHBGITBPARBDPH,O=C(O)/C=C/C=C/c1ccc2c(c1)OCO2,,,,,,,,inactive
Emodin,inactive,Cc1cc2c(C(=O)c3c(cc(O)cc3O)C2=O)c(O)c1,spectrum,Cc1cc(O)c2c(c1)C(=O)c1cc(O)cc(O)c1C2=O,"InChI=1S/C15H10O5/c1-6-2-8-12(10(17)3-6)15(20)13-9(14(8)19)4-7(16)5-11(13)18/h2-5,16-18H,1H3",RHMXXJGYXNZAPX-UHFFFAOYSA-N,RHMXXJGYXNZAPX,Cc1cc(O)c2c(c1)C(=O)c1cc(O)cc(O)c1C2=O,P20618_WT;P51450_WT,P20618_WT,,,,,,inactive
Harmalol hydrochloride dihydrate,inactive,CC1=NCCc2c1[nH]c1cc(O)ccc21,spectrum,CC1=NCCc2c1[nH]c1cc(O)ccc21,"InChI=1S/C12H12N2O/c1-7-12-10(4-5-13-7)9-3-2-8(15)6-11(9)14-12/h2-3,6,14-15H,4-5H2,1H3",RHVPEFQDYMMNSY-UHFFFAOYSA-N,RHVPEFQDYMMNSY,CC1=NCCc2c1[nH]c1cc(O)ccc21,,,,,,,,inactive
Axitinib,antineoplastic,C1(=CC=CC=C1C(=O)NC)SC2=CC3=C(C=C2)C(=NN3)/C=C/C4=CC=CC=N4,selleckchem,CNC(=O)c1ccccc1Sc1ccc2c(C=Cc3ccccn3)[nH]nc2c1,"InChI=1S/C22H18N4OS/c1-23-22(27)18-7-2-3-8-21(18)28-16-10-11-17-19(25-26-20(17)14-16)12-9-15-6-4-5-13-24-15/h2-14H,1H3,(H,23,27)(H,25,26)",RITAVMQDGBJQJZ-UHFFFAOYSA-N,RITAVMQDGBJQJZ,CNC(=O)c1ccccc1Sc1ccc2c(C=Cc3ccccn3)[nH]nc2c1,O00444_WT;O14965_WT;O15197_WT;O15357_WT;O75716_WT;O95819_WT;P00519_E255K;P00519_F317L;P00519_H396P;P00519_M351T;P00519_Q252H;P00519_T315I;P00519_WT;P00519_Y253F;P03372_WT;P04637_WT;P07333_WT;P07948_WT;P07949_M918T;P07949_WT;P08581_WT;P08581_Y1235D;P09619_WT;P10276_WT;P10721_L576P;P10721_V559D;P10721_V559D_T670I;P10721_V559D_V654A;P10721_WT;P11274_WT;P11362_WT;P11511_WT;P16234_WT;P17948_WT;P21802_WT;P22607_G697C;P22607_WT;P30530_WT;P35557_WT;P35590_WT;P35916_WT;P35968_WT;P36888_D835H;P36888_D835Y;P36888_K663Q;P36888_N841I;P36888_WT;P42684_WT;P51450_WT;P51812_WT;P53667_WT;Q5S007_G2019S;Q5S007_WT;Q6PHR2_WT;Q7KZI7_WT;Q8N4C8_WT;Q8TDC3_WT;Q9NQS7_WT;Q9UKE5_WT;Q9UQB9_WT;Q9Y4K4_WT;Q56UN5_WT;Q96GD4_WT;Q96QE3_WT;Q02763_WT;Q04912_WT;Q08345_WT;Q13131_WT;Q13163_WT;Q13470_WT;Q92772_WT;Q92918_WT,O00444_WT;O14965_WT;O15357_WT;P00519_E255K;P00519_H396P;P00519_M351T;P00519_Q252H;P00519_T315I;P00519_WT;P00519_Y253F;P03372_WT;P07333_WT;P07949_M918T;P07949_WT;P09619_WT;P10276_WT;P10721_L576P;P10721_V559D;P10721_V559D_T670I;P10721_V559D_V654A;P10721_WT;P11274_WT;P11362_WT;P16234_WT;P17948_WT;P21802_WT;P22607_G697C;P22607_WT;P35590_WT;P35916_WT;P35968_WT;P36888_D835Y;P36888_K663Q;P36888_N841I;P36888_WT;P42684_WT;P51450_WT;Q8TDC3_WT;Q9UQB9_WT;Q56UN5_WT;Q96GD4_WT;Q96QE3_WT;Q02763_WT;Q04912_WT;Q13131_WT;Q13163_WT;Q13470_WT,O00444_WT;O14965_WT;O15357_WT;P00519_E255K;P00519_H396P;P00519_M351T;P00519_T315I;P00519_WT;P03372_WT;P07333_WT;P09619_WT;P10721_L576P;P10721_V559D;P10721_V559D_T670I;P10721_V559D_V654A;P10721_WT;P16234_WT;P17948_WT;P35590_WT;P35916_WT;P35968_WT;P36888_K663Q;P42684_WT;Q9UQB9_WT;Q96GD4_WT,O00444_WT;O15357_WT;P00519_H396P;P00519_T315I;P07333_WT;P09619_WT;P10721_L576P;P10721_V559D;P10721_V559D_T670I;P10721_V559D_V654A;P10721_WT;P16234_WT;P17948_WT;P35968_WT;P36888_K663Q;Q9UQB9_WT;Q96GD4_WT,P00519_T315I;P09619_WT;P10721_L576P;P10721_V559D;P10721_V559D_T670I;P10721_V559D_V654A;P10721_WT;P16234_WT;P17948_WT;P35968_WT;Q9UQB9_WT,P00519_T315I;P09619_WT;P10721_L576P;P10721_V559D;P10721_V559D_T670I;P16234_WT;P35968_WT;Q9UQB9_WT,P09619_WT;P10721_V559D;P16234_WT,antineoplastic
Indoprofen,inactive,CC(C(=O)O)c1ccc(N2Cc3ccccc3C2=O)cc1,spectrum,CC(C(=O)O)c1ccc(N2Cc3ccccc3C2=O)cc1,"InChI=1S/C17H15NO3/c1-11(17(20)21)12-6-8-14(9-7-12)18-10-13-4-2-3-5-15(13)16(18)19/h2-9,11H,10H2,1H3,(H,20,21)",RJMIEHBSYVWVIN-UHFFFAOYSA-N,RJMIEHBSYVWVIN,CC(C(=O)O)c1ccc(N2Cc3ccccc3C2=O)cc1,O15118_WT;P51151_WT,O15118_WT,O15118_WT,,,,,inactive
Niclosamide,inactive,O=C(Nc1c(Cl)cc([N+](=O)[O-])cc1)c1c(O)ccc(Cl)c1,spectrum,O=C(Nc1ccc([N+](=O)[O-])cc1Cl)c1cc(Cl)ccc1O,"InChI=1S/C13H8Cl2N2O4/c14-7-1-4-12(18)9(5-7)13(19)16-11-3-2-8(17(20)21)6-10(11)15/h1-6,18H,(H,16,19)",RJMUSRYZPJIFPJ-UHFFFAOYSA-N,RJMUSRYZPJIFPJ,O=C(Nc1ccc([N+](=O)[O-])cc1Cl)c1cc(Cl)ccc1O,O15118_WT;O75496_WT;P03372_WT;P04637_WT;P10276_WT;P16473_WT;P18113_WT;P28482_WT;P35869_WT;P40225_WT;P40763_WT;P51151_WT;Q9NUW8_WT;Q03431_WT,O15118_WT;P10276_WT;P35869_WT;P40225_WT;P40763_WT;P51151_WT;Q9NUW8_WT,O15118_WT;P10276_WT;Q9NUW8_WT,,,,,inactive
Bromperidol,inactive,O=C(CCCN1CCC(O)(c2ccc(Br)cc2)CC1)c1ccc(F)cc1,spectrum,O=C(CCCN1CCC(O)(c2ccc(Br)cc2)CC1)c1ccc(F)cc1,"InChI=1S/C21H23BrFNO2/c22-18-7-5-17(6-8-18)21(26)11-14-24(15-12-21)13-1-2-20(25)16-3-9-19(23)10-4-16/h3-10,26H,1-2,11-15H2",RKLNONIVDFXQRX-UHFFFAOYSA-N,RKLNONIVDFXQRX,O=C(CCCN1CCC(O)(c2ccc(Br)cc2)CC1)c1ccc(F)cc1,,,,,,,,inactive
Atropine sulfate,inactive,CN1C2CCC1CC(OC(=O)C(CO)c1ccccc1)C2,spectrum,CN1C2CCC1CC(OC(=O)C(CO)c1ccccc1)C2,"InChI=1S/C17H23NO3/c1-18-13-7-8-14(18)10-15(9-13)21-17(20)16(11-19)12-5-3-2-4-6-12/h2-6,13-16,19H,7-11H2,1H3",RKUNBYITZUJHSG-UHFFFAOYSA-N,RKUNBYITZUJHSG,CN1C2CCC1CC(OC(=O)C(CO)c1ccccc1)C2,O75496_WT;P00352_WT;P08172_WT;P08173_WT;P08482_WT;P08483_WT;P08485_WT;P08911_WT;P08912_WT;P10980_WT;P11229_WT;P20309_WT;P21836_WT;Q9ERZ4_WT;Q61143_WT,O75496_WT;P00352_WT;P08172_WT;P08173_WT;P08482_WT;P08483_WT;P08485_WT;P08911_WT;P08912_WT;P10980_WT;P11229_WT;P20309_WT;P21836_WT;Q9ERZ4_WT;Q61143_WT,P00352_WT;P08172_WT;P08173_WT;P08482_WT;P08483_WT;P08485_WT;P08911_WT;P08912_WT;P10980_WT;P11229_WT;P20309_WT;P21836_WT;Q9ERZ4_WT;Q61143_WT,P08172_WT;P08173_WT;P08482_WT;P08483_WT;P08485_WT;P08911_WT;P08912_WT;P10980_WT;P11229_WT;P20309_WT;P21836_WT;Q9ERZ4_WT,P08172_WT;P08173_WT;P08482_WT;P08483_WT;P08485_WT;P08911_WT;P08912_WT;P10980_WT;P11229_WT;P20309_WT;P21836_WT;Q9ERZ4_WT,P08173_WT;P08482_WT;P08483_WT;P08485_WT;P08911_WT;P08912_WT;P10980_WT;P11229_WT;P20309_WT;P21836_WT;Q9ERZ4_WT,P08173_WT;P08483_WT;P08485_WT;P08912_WT;P11229_WT;P20309_WT;P21836_WT;Q9ERZ4_WT,inactive
Chlorpropamide,reducer,CCCNC(=O)NS(=O)(=O)c1ccc(Cl)cc1,spectrum,CCCNC(=O)NS(=O)(=O)c1ccc(Cl)cc1,"InChI=1S/C10H13ClN2O3S/c1-2-7-12-10(14)13-17(15,16)9-5-3-8(11)4-6-9/h3-6H,2,7H2,1H3,(H2,12,13,14)",RKWGIWYCVPQPMF-UHFFFAOYSA-N,RKWGIWYCVPQPMF,CCCNC(=O)NS(=O)(=O)c1ccc(Cl)cc1,O89049_WT;P19838_WT;P83916_WT,P83916_WT,P83916_WT,P83916_WT,P83916_WT,,,reducer
Lisinopril,inactive,NCCCC[C@H](N[C@@H](CCc1ccccc1)C(=O)O)C(=O)N1CCC[C@H]1C(=O)O,spectrum,NCCCCC(NC(CCc1ccccc1)C(=O)O)C(=O)N1CCCC1C(=O)O,"InChI=1S/C21H31N3O5/c22-13-5-4-9-16(19(25)24-14-6-10-18(24)21(28)29)23-17(20(26)27)12-11-15-7-2-1-3-8-15/h1-3,7-8,16-18,23H,4-6,9-14,22H2,(H,26,27)(H,28,29)",RLAWWYSOJDYHDC-UHFFFAOYSA-N,RLAWWYSOJDYHDC,NCCCCC(NC(CCc1ccccc1)C(=O)O)C(=O)N1CCCC1C(=O)O,P12821_WT,P12821_WT,P12821_WT,P12821_WT,,,,inactive
Cetrimonium bromide,reducer,CCCCCCCCCCCCCCCC[N+](C)(C)C,spectrum,CCCCCCCCCCCCCCCC[N+](C)(C)C,"InChI=1S/C19H42N/c1-5-6-7-8-9-10-11-12-13-14-15-16-17-18-19-20(2,3)4/h5-19H2,1-4H3/q+1",RLGQACBPNDBWTB-UHFFFAOYSA-N,RLGQACBPNDBWTB,CCCCCCCCCCCCCCCC[N+](C)(C)C,P03372_WT;Q9NUW8_WT,Q9NUW8_WT,,,,,,reducer
Metitepine maleate,inactive,CSc1cc2c(cc1)Sc1ccccc1CC2N1CCN(C)CC1,spectrum,CSc1ccc2c(c1)C(N1CCN(C)CC1)Cc1ccccc1S2,"InChI=1S/C20H24N2S2/c1-21-9-11-22(12-10-21)18-13-15-5-3-4-6-19(15)24-20-8-7-16(23-2)14-17(18)20/h3-8,14,18H,9-13H2,1-2H3",RLJFTICUTYVZDG-UHFFFAOYSA-N,RLJFTICUTYVZDG,CSc1ccc2c(c1)C(N1CCN(C)CC1)Cc1ccccc1S2,P08908_WT;P14842_WT;P18901_WT;P19327_WT;P28223_WT;P28335_WT;P28564_WT;P31388_WT;P32305_WT;P34969_WT;P47898_WT;P50406_WT;P61169_WT;Q16637_WT,P08908_WT;P14842_WT;P18901_WT;P19327_WT;P28223_WT;P28335_WT;P31388_WT;P32305_WT;P34969_WT;P47898_WT;P50406_WT;P61169_WT,P08908_WT;P14842_WT;P18901_WT;P28223_WT;P28335_WT;P32305_WT;P34969_WT;P47898_WT;P50406_WT;P61169_WT,P08908_WT;P14842_WT;P18901_WT;P28335_WT;P32305_WT;P34969_WT;P47898_WT;P50406_WT;P61169_WT,P08908_WT;P14842_WT;P18901_WT;P28335_WT;P32305_WT;P34969_WT;P47898_WT;P50406_WT;P61169_WT,P14842_WT;P18901_WT;P28335_WT;P32305_WT;P34969_WT;P47898_WT;P50406_WT;P61169_WT,P14842_WT;P28335_WT;P61169_WT,inactive
Permethrin,inactive,CC1(C)C(C=C(Cl)Cl)C1C(=O)OCc1cccc(Oc2ccccc2)c1,spectrum,CC1(C)C(C=C(Cl)Cl)C1C(=O)OCc1cccc(Oc2ccccc2)c1,"InChI=1S/C21H20Cl2O3/c1-21(2)17(12-18(22)23)19(21)20(24)25-13-14-7-6-10-16(11-14)26-15-8-4-3-5-9-15/h3-12,17,19H,13H2,1-2H3",RLLPVAHGXHCWKJ-UHFFFAOYSA-N,RLLPVAHGXHCWKJ,CC1(C)C(C=C(Cl)Cl)C1C(=O)OCc1cccc(Oc2ccccc2)c1,O75496_WT,O75496_WT,O75496_WT,O75496_WT,O75496_WT,,,inactive
Trilostane,inactive,C[C@]12CCC3[C@@H](CC[C@@]45O[C@@H]4C(O)=C(C#N)C[C@]35C)C1CC[C@@H]2O,spectrum,C[C@]12CCC3[C@@H](CC[C@@]45OC4C(=O)C(C#N)C[C@]35C)C1CC[C@@H]2O,"InChI=1S/C20H27NO3/c1-18-7-6-14-12(13(18)3-4-15(18)22)5-8-20-17(24-20)16(23)11(10-21)9-19(14,20)2/h11-15,17,22H,3-9H2,1-2H3/t11?,12-,13?,14?,15-,17?,18-,19+,20+/m0/s1",RLQVKDVIBJCQGE-HAWNKVHWSA-N,RLQVKDVIBJCQGE,C[C@]12CCC3[C@@H](CC[C@@]45OC4C(=O)C(C#N)C[C@]35C)C1CC[C@@H]2O,P10275_WT;P11511_WT,P10275_WT,P10275_WT,,,,,inactive
Droperidol,inactive,O=C(CCCN1CC=C(n2c(=O)[nH]c3ccccc32)CC1)c1ccc(F)cc1,spectrum,O=C(CCCN1CC=C(n2c(=O)[nH]c3ccccc32)CC1)c1ccc(F)cc1,"InChI=1S/C22H22FN3O2/c23-17-9-7-16(8-10-17)21(27)6-3-13-25-14-11-18(12-15-25)26-20-5-2-1-4-19(20)24-22(26)28/h1-2,4-5,7-11H,3,6,12-15H2,(H,24,28)",RMEDXOLNCUSCGS-UHFFFAOYSA-N,RMEDXOLNCUSCGS,O=C(CCCN1CC=C(n2c(=O)[nH]c3ccccc32)CC1)c1ccc(F)cc1,P14416_WT;P15823_WT;P18089_WT;P18825_WT;P19327_WT;P21728_WT;P25100_WT;P28223_WT;P28335_WT;P35462_WT;P43140_WT;Q12809_WT,P14416_WT;P15823_WT;P18089_WT;P19327_WT;P25100_WT;P28223_WT;P35462_WT;P43140_WT;Q12809_WT,P14416_WT;P15823_WT;P25100_WT;P28223_WT;P35462_WT;P43140_WT;Q12809_WT,P14416_WT;P15823_WT;P28223_WT;P35462_WT;P43140_WT,P14416_WT;P28223_WT;P35462_WT;P43140_WT,P14416_WT;P28223_WT;P35462_WT;P43140_WT,,inactive
Telmisartan,inactive,CCCc1nc2c(C)cc(-c3nc4ccccc4n3C)cc2n1Cc1ccc(-c2c(C(=O)O)cccc2)cc1,spectrum,CCCc1nc2c(C)cc(-c3nc4ccccc4n3C)cc2n1Cc1ccc(-c2ccccc2C(=O)O)cc1,"InChI=1S/C33H30N4O2/c1-4-9-30-35-31-21(2)18-24(32-34-27-12-7-8-13-28(27)36(32)3)19-29(31)37(30)20-22-14-16-23(17-15-22)25-10-5-6-11-26(25)33(38)39/h5-8,10-19H,4,9,20H2,1-3H3,(H,38,39)",RMMXLENWKUUMAY-UHFFFAOYSA-N,RMMXLENWKUUMAY,CCCc1nc2c(C)cc(-c3nc4ccccc4n3C)cc2n1Cc1ccc(-c2ccccc2C(=O)O)cc1,P25095_WT;P29089_WT;P30556_WT;P50052_WT;P51589_WT,P25095_WT;P29089_WT;P30556_WT;P50052_WT,P25095_WT;P29089_WT;P30556_WT;P50052_WT,P25095_WT;P29089_WT;P30556_WT;P50052_WT,P25095_WT;P29089_WT;P30556_WT;P50052_WT,P25095_WT;P29089_WT;P30556_WT;P50052_WT,P25095_WT;P50052_WT,inactive
Aminopyrine,inactive,Cc1c(N(C)C)c(=O)n(-c2ccccc2)n1C,spectrum,Cc1c(N(C)C)c(=O)n(-c2ccccc2)n1C,"InChI=1S/C13H17N3O/c1-10-12(14(2)3)13(17)16(15(10)4)11-8-6-5-7-9-11/h5-9H,1-4H3",RMMXTBMQSGEXHJ-UHFFFAOYSA-N,RMMXTBMQSGEXHJ,Cc1c(N(C)C)c(=O)n(-c2ccccc2)n1C,P03372_WT;Q6XQN6_WT,P03372_WT;Q6XQN6_WT,Q6XQN6_WT,Q6XQN6_WT,Q6XQN6_WT,Q6XQN6_WT,,inactive
Dihydromunduletone,inactive,COc1c(CC(=O)c2c(O)cc3OC(C)(C)C(O)Cc3c2)ccc2c1C=CC(C)(C)O2,spectrum,COc1c(CC(=O)c2cc3c(cc2O)OC(C)(C)C(O)C3)ccc2c1C=CC(C)(C)O2,"InChI=1S/C25H28O6/c1-24(2)9-8-16-20(30-24)7-6-14(23(16)29-5)11-18(26)17-10-15-12-22(28)25(3,4)31-21(15)13-19(17)27/h6-10,13,22,27-28H,11-12H2,1-5H3",RMVZECFNOTWEKD-UHFFFAOYSA-N,RMVZECFNOTWEKD,COc1c(CC(=O)c2cc3c(cc2O)OC(C)(C)C(O)C3)ccc2c1C=CC(C)(C)O2,,,,,,,,inactive
Nvp-bvu972,inactive,C1C(=NN2C(C=1)=NC=C2CC3=CC=C4C(=C3)C=CC=N4)C5C=NN(C=5)C,selleckchem,Cn1cc(-c2ccc3ncc(Cc4ccc5ncccc5c4)n3n2)cn1,"InChI=1S/C20H16N6/c1-25-13-16(11-23-25)19-6-7-20-22-12-17(26(20)24-19)10-14-4-5-18-15(9-14)3-2-8-21-18/h2-9,11-13H,10H2,1H3",RNCNPRCUHHDYPC-UHFFFAOYSA-N,RNCNPRCUHHDYPC,Cn1cc(-c2ccc3ncc(Cc4ccc5ncccc5c4)n3n2)cn1,P08581_WT,P08581_WT,P08581_WT,P08581_WT,,,,inactive
Chlortetracycline hydrochloride,inactive,CN(C)[C@@H]1C(O)=C(C(N)=O)C(=O)[C@@]2(O)C(O)=C3C(=O)c4c(O)ccc(Cl)c4[C@@](C)(O)[C@H]3C[C@@H]12,spectrum,CN(C)C1C(=O)C(C(N)=O)C(=O)[C@@]2(O)C(=O)C3C(=O)c4c(O)ccc(Cl)c4[C@@](C)(O)[C@H]3C[C@@H]12,"InChI=1S/C22H23ClN2O8/c1-21(32)7-6-8-15(25(2)3)17(28)13(20(24)31)19(30)22(8,33)18(29)11(7)16(27)12-10(26)5-4-9(23)14(12)21/h4-5,7-8,11,13,15,26,32-33H,6H2,1-3H3,(H2,24,31)/t7-,8-,11?,13?,15?,21-,22-/m0/s1",RNPLSXLZRGPQCU-DTZUAICNSA-N,RNPLSXLZRGPQCU,CN(C)C1C(=O)C(C(N)=O)C(=O)[C@@]2(O)C(=O)C3C(=O)c4c(O)ccc(Cl)c4[C@@](C)(O)[C@H]3C[C@@H]12,,,,,,,,inactive
Aminoglutethimide,enhancer,CCC1(c2ccc(N)cc2)CCC(=O)NC1=O,spectrum,CCC1(c2ccc(N)cc2)CCC(=O)NC1=O,"InChI=1S/C13H16N2O2/c1-2-13(8-7-11(16)15-12(13)17)9-3-5-10(14)6-4-9/h3-6H,2,7-8,14H2,1H3,(H,15,16,17)",ROBVIMPUHSLWNV-UHFFFAOYSA-N,ROBVIMPUHSLWNV,CCC1(c2ccc(N)cc2)CCC(=O)NC1=O,,,,,,,,enhancer
Dihydrogedunin,inactive,CC(=O)O[C@@H]1CC2C(C)(C)C(=O)CC[C@]2(C)C2CC[C@@]3(C)[C@H](c4cocc4)OC(=O)C4OC43[C@@]21C,spectrum,CC(=O)O[C@@H]1CC2C(C)(C)C(=O)CC[C@]2(C)C2CC[C@@]3(C)[C@H](c4ccoc4)OC(=O)C4OC43[C@@]21C,"InChI=1S/C28H36O7/c1-15(29)33-20-13-18-24(2,3)19(30)8-10-25(18,4)17-7-11-26(5)21(16-9-12-32-14-16)34-23(31)22-28(26,35-22)27(17,20)6/h9,12,14,17-18,20-22H,7-8,10-11,13H2,1-6H3/t17?,18?,20-,21+,22?,25-,26+,27+,28?/m1/s1",ROWFSYNHZPRCKO-RJDQEXAUSA-N,ROWFSYNHZPRCKO,CC(=O)O[C@@H]1CC2C(C)(C)C(=O)CC[C@]2(C)C2CC[C@@]3(C)[C@H](c4ccoc4)OC(=O)C4OC43[C@@]21C,,,,,,,,inactive
Gangaleoidin,inactive,COC(=O)c1c(OC)cc2OC(=O)c3c(Oc2c1C)c(Cl)c(O)c(Cl)c3C,spectrum,COC(=O)c1c(OC)cc2c(c1C)Oc1c(Cl)c(O)c(Cl)c(C)c1C(=O)O2,"InChI=1S/C18H14Cl2O7/c1-6-11-16(13(20)14(21)12(6)19)27-15-7(2)10(17(22)25-4)8(24-3)5-9(15)26-18(11)23/h5,21H,1-4H3",RPHAAJGBADUATP-UHFFFAOYSA-N,RPHAAJGBADUATP,COC(=O)c1c(OC)cc2c(c1C)Oc1c(Cl)c(O)c(Cl)c(C)c1C(=O)O2,Q9Y6L6_WT,Q9Y6L6_WT,Q9Y6L6_WT,,,,,inactive
Strophanthidinic acid lactone acetate,inactive,CC(=O)OC1CCC23C(=O)OC45CCC(C6=CC(=O)OC6)C4(C)CCC2C5CCC3(O)C1,spectrum,CC(=O)OC1CCC23C(=O)OC45CCC(C6=CC(=O)OC6)C4(C)CCC2C5CCC3(O)C1,"InChI=1S/C25H32O7/c1-14(26)31-16-3-9-24-18-4-7-22(2)17(15-11-20(27)30-13-15)6-10-25(22,32-21(24)28)19(18)5-8-23(24,29)12-16/h11,16-19,29H,3-10,12-13H2,1-2H3",RPIVIODUUUOQDD-UHFFFAOYSA-N,RPIVIODUUUOQDD,CC(=O)OC1CCC23C(=O)OC45CCC(C6=CC(=O)OC6)C4(C)CCC2C5CCC3(O)C1,,,,,,,,inactive
Ursocholanic acid,inactive,CC(CCC(=O)O)[C@H]1CCC2C3CC[C@@H]4CCCC[C@]4(C)C3CC[C@@]21C,spectrum,CC(CCC(=O)O)[C@H]1CCC2C3CC[C@@H]4CCCC[C@]4(C)C3CC[C@@]21C,"InChI=1S/C24H40O2/c1-16(7-12-22(25)26)19-10-11-20-18-9-8-17-6-4-5-14-23(17,2)21(18)13-15-24(19,20)3/h16-21H,4-15H2,1-3H3,(H,25,26)/t16?,17-,18?,19+,20?,21?,23-,24+/m0/s1",RPKLZQLYODPWTM-UHJJYCRNSA-N,RPKLZQLYODPWTM,CC(CCC(=O)O)[C@H]1CCC2C3CC[C@@H]4CCCC[C@]4(C)C3CC[C@@]21C,,,,,,,,inactive
Tolonium chloride,inactive,Cc1cc2nc3ccc(N(C)C)cc3[s+]c2cc1N,spectrum,Cc1cc2nc3ccc(N(C)C)cc3[s+]c2cc1N,"InChI=1S/C15H16N3S/c1-9-6-13-15(8-11(9)16)19-14-7-10(18(2)3)4-5-12(14)17-13/h4-8H,16H2,1-3H3/q+1",RQNADZJRELIICT-UHFFFAOYSA-N,RQNADZJRELIICT,Cc1cc2nc3ccc(N(C)C)cc3[s+]c2cc1N,P10636_WT,P10636_WT,,,,,,inactive
N.n-hexamethyleneamiloride,inactive,N=C(N)NC(=O)c1nc(Cl)c(N2CCCCCC2)nc1N,spectrum,N=C(N)NC(=O)c1nc(Cl)c(N2CCCCCC2)nc1N,"InChI=1S/C12H18ClN7O/c13-8-10(20-5-3-1-2-4-6-20)18-9(14)7(17-8)11(21)19-12(15)16/h1-6H2,(H2,14,18)(H4,15,16,19,21)",RQQJJXVETXFINY-UHFFFAOYSA-N,RQQJJXVETXFINY,N=C(N)NC(=O)c1nc(Cl)c(N2CCCCCC2)nc1N,P26431_WT;Q14940_WT,P26431_WT,P26431_WT,P26431_WT,,,,inactive
Dimethyl caperatate,inactive,CCCCCCCCCCCCCCC(C(=O)OC)C(O)(CC(=O)OC)C(=O)OC,spectrum,CCCCCCCCCCCCCCC(C(=O)OC)C(O)(CC(=O)OC)C(=O)OC,"InChI=1S/C23H42O7/c1-5-6-7-8-9-10-11-12-13-14-15-16-17-19(21(25)29-3)23(27,22(26)30-4)18-20(24)28-2/h19,27H,5-18H2,1-4H3",RQTDIDYLOQZACG-UHFFFAOYSA-N,RQTDIDYLOQZACG,CCCCCCCCCCCCCCC(C(=O)OC)C(O)(CC(=O)OC)C(=O)OC,,,,,,,,inactive
Pridinol methanesulfonate,inactive,OC(CCN1CCCCC1)(c1ccccc1)c1ccccc1,spectrum,OC(CCN1CCCCC1)(c1ccccc1)c1ccccc1,"InChI=1S/C20H25NO/c22-20(18-10-4-1-5-11-18,19-12-6-2-7-13-19)14-17-21-15-8-3-9-16-21/h1-2,4-7,10-13,22H,3,8-9,14-17H2",RQXCLMGKHJWMOA-UHFFFAOYSA-N,RQXCLMGKHJWMOA,OC(CCN1CCCCC1)(c1ccccc1)c1ccccc1,P03372_WT,P03372_WT,P03372_WT,,,,,inactive
Cilostazol,inactive,O=C1CCc2cc(OCCCCc3nnnn3C3CCCCC3)ccc2N1,spectrum,O=C1CCc2cc(OCCCCc3nnnn3C3CCCCC3)ccc2N1,"InChI=1S/C20H27N5O2/c26-20-12-9-15-14-17(10-11-18(15)21-20)27-13-5-4-8-19-22-23-24-25(19)16-6-2-1-3-7-16/h10-11,14,16H,1-9,12-13H2,(H,21,26)",RRGUKTPIGVIEKM-UHFFFAOYSA-N,RRGUKTPIGVIEKM,O=C1CCc2cc(OCCCCc3nnnn3C3CCCCC3)ccc2N1,Q14432_WT,Q14432_WT,Q14432_WT,Q14432_WT,Q14432_WT,,,inactive
Brucine,inactive,COc1cc2c(cc1OC)[C@@]13CCN4CC5=CCOC6CC(=O)N2C1[C@H]6[C@H]5C[C@H]43,spectrum,COc1cc2c(cc1OC)[C@@]13CCN4CC5=CCOC6CC(=O)N2C1[C@H]6[C@H]5C[C@H]43,"InChI=1S/C23H26N2O4/c1-27-16-8-14-15(9-17(16)28-2)25-20(26)10-18-21-13-7-19-23(14,22(21)25)4-5-24(19)11-12(13)3-6-29-18/h3,8-9,13,18-19,21-22H,4-7,10-11H2,1-2H3/t13-,18?,19-,21-,22?,23+/m0/s1",RRKTZKIUPZVBMF-PLNGPGDESA-N,RRKTZKIUPZVBMF,COc1cc2c(cc1OC)[C@@]13CCN4CC5=CCOC6CC(=O)N2C1[C@H]6[C@H]5C[C@H]43,Q16637_WT,,,,,,,inactive
Spironolactone,inactive,CC(=O)S[C@@H]1CC2=CC(=O)CC[C@]2(C)[C@H]2CC[C@@]3(C)[C@@H](CC[C@@]34CCC(=O)O4)C21,spectrum,CC(=O)S[C@@H]1C=C2CC(=O)CC[C@]2(C)[C@H]2CC[C@@]3(C)[C@@H](CC[C@@]34CCC(=O)O4)C12,"InChI=1S/C24H32O4S/c1-14(25)29-19-13-15-12-16(26)4-8-22(15,2)17-5-9-23(3)18(21(17)19)6-10-24(23)11-7-20(27)28-24/h13,17-19,21H,4-12H2,1-3H3/t17-,18-,19+,21?,22-,23-,24+/m0/s1",RRQQBPFUONLKTL-SRFJPPJVSA-N,RRQQBPFUONLKTL,CC(=O)S[C@@H]1C=C2CC(=O)CC[C@]2(C)[C@H]2CC[C@@]3(C)[C@@H](CC[C@@]34CCC(=O)O4)C12,P10275_WT,P10275_WT,P10275_WT,P10275_WT,,,,inactive
Auraptene,inactive,CC(C)=CCC/C(C)=C/COc1cc2c(cc1)ccc(=O)o2,spectrum,CC(C)=CCC/C(C)=C/COc1ccc2ccc(=O)oc2c1,"InChI=1S/C19H22O3/c1-14(2)5-4-6-15(3)11-12-21-17-9-7-16-8-10-19(20)22-18(16)13-17/h5,7-11,13H,4,6,12H2,1-3H3/b15-11+",RSDDHGSKLOSQFK-RVDMUPIBSA-N,RSDDHGSKLOSQFK,CC(C)=CCC/C(C)=C/COc1ccc2ccc(=O)oc2c1,Q8BW75_WT;Q64133_WT,Q64133_WT,Q64133_WT,Q64133_WT,Q64133_WT,Q64133_WT,Q64133_WT,inactive
Estradiol valerate,inactive,CCCCC(=O)O[C@H]1CCC2C3CCc4c(ccc(O)c4)C3CC[C@@]21C,spectrum,CCCCC(=O)O[C@H]1CCC2C3CCc4cc(O)ccc4C3CC[C@@]21C,"InChI=1S/C23H32O3/c1-3-4-5-22(25)26-21-11-10-20-19-8-6-15-14-16(24)7-9-17(15)18(19)12-13-23(20,21)2/h7,9,14,18-21,24H,3-6,8,10-13H2,1-2H3/t18?,19?,20?,21-,23-/m0/s1",RSEPBGGWRJCQGY-ZZSVNSIZSA-N,RSEPBGGWRJCQGY,CCCCC(=O)O[C@H]1CCC2C3CCc4cc(O)ccc4C3CC[C@@]21C,P03372_WT,P03372_WT,P03372_WT,P03372_WT,P03372_WT,P03372_WT,P03372_WT,inactive
Abietic acid,inactive,CC(C)C1=CC2=CCC3[C@@](C)(C(=O)O)CCC[C@]3(C)C2CC1,spectrum,CC(C)C1=CC2=CCC3[C@](C)(CCC[C@]3(C)C(=O)O)C2CC1,"InChI=1S/C20H30O2/c1-13(2)14-6-8-16-15(12-14)7-9-17-19(16,3)10-5-11-20(17,4)18(21)22/h7,12-13,16-17H,5-6,8-11H2,1-4H3,(H,21,22)/t16?,17?,19-,20+/m1/s1",RSWGJHLUYNHPMX-TZJYRCSTSA-N,RSWGJHLUYNHPMX,CC(C)C1=CC2=CCC3[C@](C)(CCC[C@]3(C)C(=O)O)C2CC1,,,,,,,,inactive
Epiafzelechin(-),inactive,Oc1ccc([C@H]2Oc3c(C[C@H]2O)c(O)cc(O)c3)cc1,spectrum,Oc1ccc([C@H]2Oc3cc(O)cc(O)c3C[C@H]2O)cc1,"InChI=1S/C15H14O5/c16-9-3-1-8(2-4-9)15-13(19)7-11-12(18)5-10(17)6-14(11)20-15/h1-6,13,15-19H,7H2/t13-,15-/m1/s1",RSYUFYQTACJFML-UKRRQHHQSA-N,RSYUFYQTACJFML,Oc1ccc([C@H]2Oc3cc(O)cc(O)c3C[C@H]2O)cc1,,,,,,,,inactive
Mycophenolate mofetil,reducer,COc1c(C/C=C(\C)CCC(=O)OCCN2CCOCC2)c(O)c2C(=O)OCc2c1C,spectrum,COc1c(C)c2c(c(O)c1C/C=C(\C)CCC(=O)OCCN1CCOCC1)C(=O)OC2,"InChI=1S/C23H31NO7/c1-15(5-7-19(25)30-13-10-24-8-11-29-12-9-24)4-6-17-21(26)20-18(14-31-23(20)27)16(2)22(17)28-3/h4,26H,5-14H2,1-3H3/b15-4+",RTGDFNSFWBGLEC-SYZQJQIISA-N,RTGDFNSFWBGLEC,COc1c(C)c2c(c(O)c1C/C=C(\C)CCC(=O)OCCN1CCOCC1)C(=O)OC2,,,,,,,,reducer
Fluoxetine,inactive,CNCCC(Oc1ccc(C(F)(F)F)cc1)c1ccccc1,spectrum,CNCCC(Oc1ccc(C(F)(F)F)cc1)c1ccccc1,"InChI=1S/C17H18F3NO/c1-21-12-11-16(13-5-3-2-4-6-13)22-15-9-7-14(8-10-15)17(18,19)20/h2-10,16,21H,11-12H2,1H3",RTHCYVBBDHJXIQ-UHFFFAOYSA-N,RTHCYVBBDHJXIQ,CNCCC(Oc1ccc(C(F)(F)F)cc1)c1ccccc1,O55192_WT;P08482_WT;P08909_WT;P08913_WT;P16473_WT;P22303_WT;P28223_WT;P28335_WT;P31645_WT;P31652_WT;Q9R0C9_WT;Q9WTR4_WT;Q12809_WT;Q61327_WT;Q63380_WT;Q99720_WT,O55192_WT;P08909_WT;P08913_WT;P16473_WT;P22303_WT;P28335_WT;P31645_WT;P31652_WT;Q9R0C9_WT;Q61327_WT,O55192_WT;P08913_WT;P31645_WT;P31652_WT;Q61327_WT,P08913_WT;P31645_WT;P31652_WT;Q61327_WT,P08913_WT;P31645_WT,,,inactive
Chrysin,inactive,O=c1cc(-c2ccccc2)oc2c1c(O)cc(O)c2,spectrum,O=c1cc(-c2ccccc2)oc2cc(O)cc(O)c12,"InChI=1S/C15H10O4/c16-10-6-11(17)15-12(18)8-13(19-14(15)7-10)9-4-2-1-3-5-9/h1-8,16-17H",RTIXKCRFFJGDFG-UHFFFAOYSA-N,RTIXKCRFFJGDFG,O=c1cc(-c2ccccc2)oc2cc(O)cc(O)c12,P04798_WT;P05177_WT;P10276_WT;P11511_WT;P16152_WT;P22748_WT;P33261_WT;P43166_WT;P47989_WT;Q16678_WT,P05177_WT;P16152_WT;P43166_WT;Q16678_WT,Q16678_WT,Q16678_WT,,,,inactive
Acadesine,inactive,NC(=O)c1c(N)n(C2O[C@H](CO)[C@@H](O)[C@H]2O)cn1,spectrum,NC(=O)c1ncn(C2O[C@H](CO)[C@@H](O)[C@H]2O)c1N,"InChI=1S/C9H14N4O5/c10-7-4(8(11)17)12-2-13(7)9-6(16)5(15)3(1-14)18-9/h2-3,5-6,9,14-16H,1,10H2,(H2,11,17)/t3-,5-,6-,9?/m1/s1",RTRQQBHATOEIAF-LZGMGDPASA-N,RTRQQBHATOEIAF,NC(=O)c1ncn(C2O[C@H](CO)[C@@H](O)[C@H]2O)c1N,,,,,,,,inactive
Cefdinir,inactive,C=CC1=C(C(=O)O)N2C(=O)[C@@H](NC(=O)/C(=N\O)c3csc(N)n3)[C@H]2SC1,spectrum,C=CC1=C(C(=O)O)N2C(=O)C(NC(=O)C(=NO)c3csc(N)n3)[C@H]2SC1,"InChI=1S/C14H13N5O5S2/c1-2-5-3-25-12-8(11(21)19(12)9(5)13(22)23)17-10(20)7(18-24)6-4-26-14(15)16-6/h2,4,8,12,24H,1,3H2,(H2,15,16)(H,17,20)(H,22,23)/t8?,12-/m1/s1",RTXOFQZKPXMALH-LESKNEHBSA-N,RTXOFQZKPXMALH,C=CC1=C(C(=O)O)N2C(=O)C(NC(=O)C(=NO)c3csc(N)n3)[C@H]2SC1,,,,,,,,inactive
Chenodiol,inactive,C[C@H](CCC(=O)O)[C@H]1CCC2C3C(CC[C@@]21C)[C@@]1(C)CC[C@@H](O)C[C@H]1C[C@H]3O,spectrum,C[C@H](CCC(=O)O)[C@H]1CCC2C3C(CC[C@@]21C)[C@@]1(C)CC[C@@H](O)C[C@H]1C[C@H]3O,"InChI=1S/C24H40O4/c1-14(4-7-21(27)28)17-5-6-18-22-19(9-11-24(17,18)3)23(2)10-8-16(25)12-15(23)13-20(22)26/h14-20,22,25-26H,4-13H2,1-3H3,(H,27,28)/t14-,15+,16-,17-,18?,19?,20-,22?,23+,24-/m1/s1",RUDATBOHQWOJDD-GXLBFMQUSA-N,RUDATBOHQWOJDD,C[C@H](CCC(=O)O)[C@H]1CCC2C3C(CC[C@@]21C)[C@@]1(C)CC[C@@H](O)C[C@H]1C[C@H]3O,,,,,,,,inactive
Azd8330,inactive,C1=C(C=CC(=C1F)NC2N(C(C(=CC=2C(NOCCO)=O)C)=O)C)I,selleckchem,Cc1cc(C(=O)NOCCO)c(Nc2ccc(I)cc2F)n(C)c1=O,"InChI=1S/C16H17FIN3O4/c1-9-7-11(15(23)20-25-6-5-22)14(21(2)16(9)24)19-13-4-3-10(18)8-12(13)17/h3-4,7-8,19,22H,5-6H2,1-2H3,(H,20,23)",RWEVIPRMPFNTLO-UHFFFAOYSA-N,RWEVIPRMPFNTLO,Cc1cc(C(=O)NOCCO)c(Nc2ccc(I)cc2F)n(C)c1=O,P36507_WT;Q02750_WT,P36507_WT;Q02750_WT,P36507_WT;Q02750_WT,P36507_WT;Q02750_WT,,,,inactive
Glutathione,enhancer,N[C@@H](CCC(=O)N[C@@H](CS)C(=O)NCC(=O)O)C(=O)O,spectrum,NC(CCC(=O)NC(CS)C(=O)NCC(=O)O)C(=O)O,"InChI=1S/C10H17N3O6S/c11-5(10(18)19)1-2-7(14)13-6(4-20)9(17)12-3-8(15)16/h5-6,20H,1-4,11H2,(H,12,17)(H,13,14)(H,15,16)(H,18,19)",RWSXRVCMGQZWBV-UHFFFAOYSA-N,RWSXRVCMGQZWBV,NC(CCC(=O)NC(CS)C(=O)NCC(=O)O)C(=O)O,Q9Y2Q3_WT,Q9Y2Q3_WT,Q9Y2Q3_WT,Q9Y2Q3_WT,,,,enhancer
Fexofenadine hydrochloride,inactive,CC(C)(C(=O)O)c1ccc(C(O)CCCN2CCC(C(O)(c3ccccc3)c3ccccc3)CC2)cc1,spectrum,CC(C)(C(=O)O)c1ccc(C(O)CCCN2CCC(C(O)(c3ccccc3)c3ccccc3)CC2)cc1,"InChI=1S/C32H39NO4/c1-31(2,30(35)36)25-17-15-24(16-18-25)29(34)14-9-21-33-22-19-28(20-23-33)32(37,26-10-5-3-6-11-26)27-12-7-4-8-13-27/h3-8,10-13,15-18,28-29,34,37H,9,14,19-23H2,1-2H3,(H,35,36)",RWTNPBWLLIMQHL-UHFFFAOYSA-N,RWTNPBWLLIMQHL,CC(C)(C(=O)O)c1ccc(C(O)CCCN2CCC(C(O)(c3ccccc3)c3ccccc3)CC2)cc1,P35367_WT,P35367_WT,P35367_WT,P35367_WT,,,,inactive
Vincamine,inactive,CC[C@@]12CCCN3CCc4c([C@@H]31)n(c1c4cccc1)[C@](O)(C(=O)OC)C2,spectrum,CC[C@]12CCCN3CCc4c(n(c5ccccc45)[C@](O)(C(=O)OC)C1)[C@@H]32,"InChI=1S/C21H26N2O3/c1-3-20-10-6-11-22-12-9-15-14-7-4-5-8-16(14)23(17(15)18(20)22)21(25,13-20)19(24)26-2/h4-5,7-8,18,25H,3,6,9-13H2,1-2H3/t18-,20+,21-/m1/s1",RXPRRQLKFXBCSJ-HLAWJBBLSA-N,RXPRRQLKFXBCSJ,CC[C@]12CCCN3CCc4c(n(c5ccccc45)[C@](O)(C(=O)OC)C1)[C@@H]32,P10635_WT,P10635_WT,,,,,,inactive
Puromycin dihydrochloride,inactive,COc1ccc(C[C@H](N)C(=O)N[C@@H]2[C@@H](CO)OC(n3cnc4c3ncnc4N(C)C)[C@@H]2O)cc1,spectrum,COc1ccc(CC(N)C(=O)N[C@@H]2[C@@H](CO)OC(n3cnc4c(N(C)C)ncnc43)[C@@H]2O)cc1,"InChI=1S/C22H29N7O5/c1-28(2)19-17-20(25-10-24-19)29(11-26-17)22-18(31)16(15(9-30)34-22)27-21(32)14(23)8-12-4-6-13(33-3)7-5-12/h4-7,10-11,14-16,18,22,30-31H,8-9,23H2,1-3H3,(H,27,32)/t14?,15-,16-,18-,22?/m1/s1",RXWNCPJZOCPEPQ-JLRONHRDSA-N,RXWNCPJZOCPEPQ,COc1ccc(CC(N)C(=O)N[C@@H]2[C@@H](CO)OC(n3cnc4c(N(C)C)ncnc43)[C@@H]2O)cc1,P51151_WT;Q06710_WT;Q16637_WT;Q99700_WT,,,,,,,inactive
Milciclib,reducer,CNC(=O)c1nn(C)c2c1C(C)(C)Cc1cnc(Nc3ccc(N4CCN(C)CC4)cc3)nc1-2,selleckchem,CNC(=O)c1nn(C)c2c1C(C)(C)Cc1cnc(Nc3ccc(N4CCN(C)CC4)cc3)nc1-2,"InChI=1S/C25H32N8O/c1-25(2)14-16-15-27-24(29-20(16)22-19(25)21(23(34)26-3)30-32(22)5)28-17-6-8-18(9-7-17)33-12-10-31(4)11-13-33/h6-9,15H,10-14H2,1-5H3,(H,26,34)(H,27,28,29)",RXZMYLDMFYNEIM-UHFFFAOYSA-N,RXZMYLDMFYNEIM,CNC(=O)c1nn(C)c2c1C(C)(C)Cc1cnc(Nc3ccc(N4CCN(C)CC4)cc3)nc1-2,A7MCY6_WT;O14976_WT;O15357_WT;O94806_WT;O95835_WT;P0C1S8_WT;P06239_WT;P06493_WT;P09619_WT;P10721_WT;P11274_WT;P18074_WT;P24941_WT;P29317_WT;P29323_WT;P30291_WT;P35916_WT;P36888_WT;P48729_WT;P48730_WT;P49674_WT;P49759_WT;P50613_WT;P51946_WT;P51948_WT;P54756_WT;P61962_WT;Q5T0W9_WT;Q7L7X3_WT;Q9BZL6_WT;Q9H0K1_WT;Q9HAZ1_WT;Q9UPZ9_WT;Q9Y2K2_WT;Q9Y616_WT;Q14C86_WT;Q32MK0_WT;Q00536_WT;Q04771_WT;Q07912_WT;Q13627_WT;Q92918_WT,O14976_WT;O94806_WT;P0C1S8_WT;P24941_WT;P30291_WT;P36888_WT;P48730_WT;P49759_WT;P50613_WT;P51946_WT;P54756_WT;P61962_WT;Q5T0W9_WT;Q9BZL6_WT;Q9H0K1_WT;Q9HAZ1_WT;Q9Y2K2_WT;Q9Y616_WT;Q14C86_WT;Q13627_WT;Q92918_WT,O14976_WT;P0C1S8_WT;P30291_WT;P36888_WT;P49759_WT;P61962_WT;Q9HAZ1_WT,O14976_WT;P0C1S8_WT;P30291_WT;P49759_WT;Q9HAZ1_WT,O14976_WT;P49759_WT,O14976_WT,,reducer
Picrotin,inactive,CC(C)(O)[C@H]1[C@@H]2C(=O)O[C@H]1[C@H]1OC(=O)[C@@]34O[C@@H]3C[C@]2(O)[C@@]14C,spectrum,CC(C)(O)[C@H]1C2C(=O)O[C@H]1[C@H]1OC(=O)[C@@]34O[C@@H]3C[C@]2(O)[C@@]14C,"InChI=1S/C15H18O7/c1-12(2,18)6-7-10(16)20-8(6)9-13(3)14(7,19)4-5-15(13,22-5)11(17)21-9/h5-9,18-19H,4H2,1-3H3/t5-,6+,7?,8-,9-,13-,14-,15+/m1/s1",RYEFFICCPKWYML-BQQXQCETSA-N,RYEFFICCPKWYML,CC(C)(O)[C@H]1C2C(=O)O[C@H]1[C@H]1OC(=O)[C@@]34O[C@@H]3C[C@]2(O)[C@@]14C,,,,,,,,inactive
Simvastatin,inactive,CCC(C)(C)C(=O)O[C@H]1C[C@@H](C)C=C2C=C[C@H](C)[C@H](CC[C@@H]3C[C@@H](O)CC(=O)O3)[C@H]21,spectrum,CCC(C)(C)C(=O)O[C@H]1C[C@@H](C)C=C2C=C[C@H](C)[C@H](CC[C@@H]3C[C@@H](O)CC(=O)O3)[C@H]21,"InChI=1S/C25H38O5/c1-6-25(4,5)24(28)30-21-12-15(2)11-17-8-7-16(3)20(23(17)21)10-9-19-13-18(26)14-22(27)29-19/h7-8,11,15-16,18-21,23,26H,6,9-10,12-14H2,1-5H3/t15-,16-,18+,19+,20-,21-,23-/m0/s1",RYMZZMVNJRMUDD-HGQWONQESA-N,RYMZZMVNJRMUDD,CCC(C)(C)C(=O)O[C@H]1C[C@@H](C)C=C2C=C[C@H](C)[C@H](CC[C@@H]3C[C@@H](O)CC(=O)O3)[C@H]21,P04035_WT;P51450_WT;P51639_WT,P04035_WT;P51639_WT,P04035_WT;P51639_WT,P04035_WT;P51639_WT,P51639_WT,,,inactive
Camylofine dihydrochloride,inactive,CCN(CC)CCNC(C(=O)OCCC(C)C)c1ccccc1,spectrum,CCN(CC)CCNC(C(=O)OCCC(C)C)c1ccccc1,"InChI=1S/C19H32N2O2/c1-5-21(6-2)14-13-20-18(17-10-8-7-9-11-17)19(22)23-15-12-16(3)4/h7-11,16,18,20H,5-6,12-15H2,1-4H3",RYOOHIUJEJZCFT-UHFFFAOYSA-N,RYOOHIUJEJZCFT,CCN(CC)CCNC(C(=O)OCCC(C)C)c1ccccc1,,,,,,,,inactive
Pf-03814735,reducer,C12=C(C=C(C=C1)NC3=NC(=C(C=N3)C(F)(F)F)NC4CCC4)[C@@H]5CC[C@@H]2N5C(CNC(C)=O)=O,selleckchem,CC(=O)NCC(=O)N1[C@H]2CC[C@H]1c1cc(Nc3ncc(C(F)(F)F)c(NC4CCC4)n3)ccc12,"InChI=1S/C23H25F3N6O2/c1-12(33)27-11-20(34)32-18-7-8-19(32)16-9-14(5-6-15(16)18)30-22-28-10-17(23(24,25)26)21(31-22)29-13-3-2-4-13/h5-6,9-10,13,18-19H,2-4,7-8,11H2,1H3,(H,27,33)(H2,28,29,30,31)/t18-,19-/m0/s1",RYYNGWLOYLRZLK-OALUTQOASA-N,RYYNGWLOYLRZLK,CC(=O)NCC(=O)N1[C@H]2CC[C@H]1c1cc(Nc3ncc(C(F)(F)F)c(NC4CCC4)n3)ccc12,A7MCY6_WT;O00141_WT;O00311_WT;O00444_WT;O14757_WT;O14965_WT;O15530_WT;O43293_WT;O43427_WT;O43741_WT;O60674_WT;O75116_WT;O75385_WT;O75676_WT;O94804_WT;O94806_WT;O94973_WT;O95782_WT;O95819_WT;O95835_WT;O96013_WT;O96017_WT;P0C1S8_WT;P00519_WT;P04629_WT;P05129_WT;P06213_WT;P06239_WT;P06241_WT;P06493_WT;P07332_WT;P07333_WT;P07949_WT;P08069_WT;P08581_WT;P08922_WT;P09619_WT;P10721_WT;P11362_WT;P12931_WT;P15735_WT;P16234_WT;P16591_WT;P17612_WT;P17948_WT;P22607_WT;P23443_WT;P24941_WT;P27448_WT;P28482_WT;P29376_WT;P34947_WT;P35557_WT;P35968_WT;P36507_WT;P36888_WT;P42679_WT;P42685_WT;P43405_WT;P45983_WT;P45984_WT;P49760_WT;P49840_WT;P49841_WT;P50613_WT;P50749_WT;P50750_WT;P51451_WT;P51617_WT;P51955_WT;P51957_WT;P52333_WT;P53667_WT;P63010_WT;Q2M2I8_WT;Q5S007_WT;Q6PHR2_WT;Q6ZSR9_WT;Q7KZI7_WT;Q7L7X3_WT;Q8IU85_WT;Q8IVH8_WT;Q8N4C8_WT;Q8TDC3_WT;Q8TDN4_WT;Q8WWW0_WT;Q9BXA7_WT;Q9BZL6_WT;Q9H0K1_WT;Q9H2G2_WT;Q9H2X6_WT;Q9H4B6_WT;Q9H6S1_WT;Q9H093_WT;Q9HAZ1_WT;Q9HBH9_WT;Q9HBY8_WT;Q9NQS7_WT;Q9NSY1_WT;Q9NWZ3_WT;Q9NYL2_WT;Q9UEE5_WT;Q9UHD2_WT;Q9UK32_WT;Q9UKE5_WT;Q9UM73_WT;Q9Y2U5_WT;Q9Y4K4_WT;Q9Y6E0_WT;Q9Y463_WT;Q9Y478_WT;Q32MK0_WT;Q86YS7_WT;Q96GD4_WT;Q96L34_WT;Q96PF2_WT;Q00535_WT;Q02750_WT;Q04771_WT;Q04912_WT;Q05397_WT;Q06187_WT;Q06418_WT;Q07912_WT;Q08881_WT;Q12767_WT;Q13043_WT;Q13131_WT;Q13188_WT;Q13464_WT;Q13470_WT;Q13555_WT;Q13557_WT;Q13563_WT;Q13627_WT;Q13873_WT;Q13882_WT;Q14164_WT;Q14289_WT;Q14680_WT;Q15118_WT;Q16288_WT;Q16513_WT;Q16584_WT;Q16620_WT;Q92844_WT;Q99759_WT,A7MCY6_WT;O00444_WT;O14757_WT;O14965_WT;O15530_WT;O43293_WT;O43427_WT;O60674_WT;O75116_WT;O75385_WT;O75676_WT;O94804_WT;O94806_WT;O94973_WT;O95782_WT;O96017_WT;P0C1S8_WT;P04629_WT;P06213_WT;P06239_WT;P06493_WT;P07332_WT;P07333_WT;P07949_WT;P08581_WT;P08922_WT;P09619_WT;P10721_WT;P11362_WT;P12931_WT;P15735_WT;P16234_WT;P16591_WT;P17612_WT;P17948_WT;P22607_WT;P23443_WT;P24941_WT;P27448_WT;P29376_WT;P35557_WT;P35968_WT;P36507_WT;P36888_WT;P42685_WT;P43405_WT;P50613_WT;P51451_WT;P51617_WT;P51957_WT;P52333_WT;P53667_WT;P63010_WT;Q2M2I8_WT;Q5S007_WT;Q6PHR2_WT;Q6ZSR9_WT;Q7L7X3_WT;Q8N4C8_WT;Q8TDC3_WT;Q8TDN4_WT;Q9BXA7_WT;Q9H0K1_WT;Q9H2G2_WT;Q9H6S1_WT;Q9H093_WT;Q9HAZ1_WT;Q9HBH9_WT;Q9NQS7_WT;Q9NSY1_WT;Q9UEE5_WT;Q9UHD2_WT;Q9UK32_WT;Q9UM73_WT;Q9Y2U5_WT;Q9Y4K4_WT;Q9Y6E0_WT;Q32MK0_WT;Q86YS7_WT;Q96GD4_WT;Q96L34_WT;Q96PF2_WT;Q00535_WT;Q02750_WT;Q04912_WT;Q05397_WT;Q06418_WT;Q07912_WT;Q08881_WT;Q12767_WT;Q13131_WT;Q13188_WT;Q13464_WT;Q13555_WT;Q13557_WT;Q13563_WT;Q13873_WT;Q14164_WT;Q14289_WT;Q14680_WT;Q15118_WT;Q16288_WT;Q16584_WT;Q16620_WT;Q92844_WT;Q99759_WT,A7MCY6_WT;O00444_WT;O14757_WT;O14965_WT;O15530_WT;O60674_WT;O75385_WT;O94973_WT;O95782_WT;O96017_WT;P06493_WT;P07333_WT;P07949_WT;P08922_WT;P09619_WT;P12931_WT;P16591_WT;P17948_WT;P22607_WT;P24941_WT;P27448_WT;P29376_WT;P35557_WT;P35968_WT;P36888_WT;P42685_WT;P51617_WT;P52333_WT;P63010_WT;Q2M2I8_WT;Q5S007_WT;Q6PHR2_WT;Q6ZSR9_WT;Q8TDC3_WT;Q9BXA7_WT;Q9H0K1_WT;Q9H6S1_WT;Q9H093_WT;Q9NQS7_WT;Q9NSY1_WT;Q9UEE5_WT;Q9UHD2_WT;Q9Y6E0_WT;Q86YS7_WT;Q96GD4_WT;Q96L34_WT;Q00535_WT;Q05397_WT;Q08881_WT;Q13131_WT;Q13563_WT;Q13873_WT;Q15118_WT;Q16288_WT;Q16584_WT;Q16620_WT;Q92844_WT,O14965_WT;O15530_WT;O60674_WT;O75385_WT;O94973_WT;O95782_WT;P07949_WT;P16591_WT;P17948_WT;P22607_WT;P24941_WT;P35968_WT;P36888_WT;P52333_WT;Q2M2I8_WT;Q5S007_WT;Q6PHR2_WT;Q6ZSR9_WT;Q9H0K1_WT;Q9H093_WT;Q9NQS7_WT;Q9NSY1_WT;Q9UEE5_WT;Q9UHD2_WT;Q9Y6E0_WT;Q96GD4_WT;Q96L34_WT;Q05397_WT;Q08881_WT;Q13873_WT;Q15118_WT,O14965_WT;O60674_WT;P07949_WT;P22607_WT;Q2M2I8_WT;Q5S007_WT;Q9UEE5_WT;Q96L34_WT;Q08881_WT;Q13873_WT,Q5S007_WT,Q5S007_WT,reducer
Celecoxib,antineoplastic,Cc1ccc(-c2cc(C(F)(F)F)nn2-c2ccc(S(N)(=O)=O)cc2)cc1,spectrum,Cc1ccc(-c2cc(C(F)(F)F)nn2-c2ccc(S(N)(=O)=O)cc2)cc1,"InChI=1S/C17H14F3N3O2S/c1-11-2-4-12(5-3-11)15-10-16(17(18,19)20)22-23(15)13-6-8-14(9-7-13)26(21,24)25/h2-10H,1H3,(H2,21,24,25)",RZEKVGVHFLEQIL-UHFFFAOYSA-N,RZEKVGVHFLEQIL,Cc1ccc(-c2cc(C(F)(F)F)nn2-c2ccc(S(N)(=O)=O)cc2)cc1,O14684_WT;O43570_WT;P00403_WT;P00918_WT;P16473_WT;P22748_WT;P23280_WT;P35218_WT;P35354_WT;P35355_WT;Q8N1Q1_WT;Q9UBN7_WT;Q9ULX7_WT;Q9Y2D0_WT;Q99N23_WT;Q05769_WT;Q16539_WT;Q16790_WT,O43570_WT;P00403_WT;P00918_WT;P23280_WT;P35354_WT;P35355_WT;Q8N1Q1_WT;Q9Y2D0_WT;Q99N23_WT;Q05769_WT;Q16790_WT,O43570_WT;P00918_WT;P23280_WT;Q8N1Q1_WT;Q9Y2D0_WT;Q99N23_WT;Q05769_WT;Q16790_WT,O43570_WT;Q16790_WT,,,,antineoplastic
Cct128930,inactive,N1=CN=C2C(=C1N3CCC(CC3)(N)CC4=CC=C(C=C4)Cl)C=CN2,selleckchem,NC1(Cc2ccc(Cl)cc2)CCN(c2ncnc3[nH]ccc23)CC1,"InChI=1S/C18H20ClN5/c19-14-3-1-13(2-4-14)11-18(20)6-9-24(10-7-18)17-15-5-8-21-16(15)22-12-23-17/h1-5,8,12H,6-7,9-11,20H2,(H,21,22,23)",RZIDZIGAXXNODG-UHFFFAOYSA-N,RZIDZIGAXXNODG,NC1(Cc2ccc(Cl)cc2)CCN(c2ncnc3[nH]ccc23)CC1,P10635_WT;P23443_WT;P31749_WT;P31751_WT,P23443_WT;P31749_WT;P31751_WT,P31749_WT;P31751_WT,P31749_WT;P31751_WT,P31749_WT;P31751_WT,P31749_WT,P31749_WT,inactive
Rofecoxib,inactive,CS(=O)(=O)c1ccc(C2=C(c3ccccc3)C(=O)OC2)cc1,spectrum,CS(=O)(=O)c1ccc(C2=C(c3ccccc3)C(=O)OC2)cc1,"InChI=1S/C17H14O4S/c1-22(19,20)14-9-7-12(8-10-14)15-11-21-17(18)16(15)13-5-3-2-4-6-13/h2-10H,11H2,1H3",RZJQGNCSTQAWON-UHFFFAOYSA-N,RZJQGNCSTQAWON,CS(=O)(=O)c1ccc(C2=C(c3ccccc3)C(=O)OC2)cc1,P00403_WT;P35354_WT;P35355_WT;Q05769_WT,P00403_WT;P35354_WT;Q05769_WT,Q05769_WT,Q05769_WT,,,,inactive
Oleandomycin phosphate,inactive,CO[C@H]1C[C@H](O[C@@H]2[C@@H](C)C(=O)O[C@H](C)[C@H](C)[C@H](O)[C@@H](C)C(=O)[C@@]3(CO3)C[C@H](C)[C@H](OC3O[C@H](C)C[C@H](N(C)C)[C@H]3O)[C@H]2C)O[C@@H](C)[C@@H]1O,spectrum,CO[C@H]1C[C@H](O[C@@H]2C(C)C(=O)O[C@H](C)[C@H](C)[C@H](O)C(C)C(=O)[C@@]3(CO3)C[C@H](C)[C@H](OC3O[C@H](C)C[C@H](N(C)C)[C@H]3O)[C@H]2C)O[C@@H](C)[C@@H]1O,"InChI=1S/C35H61NO12/c1-16-14-35(15-43-35)32(40)19(4)27(37)18(3)22(7)46-33(41)21(6)31(47-26-13-25(42-11)28(38)23(8)45-26)20(5)30(16)48-34-29(39)24(36(9)10)12-17(2)44-34/h16-31,34,37-39H,12-15H2,1-11H3/t16-,17+,18-,19?,20+,21?,22+,23-,24-,25-,26-,27-,28-,29+,30-,31-,34?,35-/m0/s1",RZPAKFUAFGMUPI-DKVFDCAUSA-N,RZPAKFUAFGMUPI,CO[C@H]1C[C@H](O[C@@H]2C(C)C(=O)O[C@H](C)[C@H](C)[C@H](O)C(C)C(=O)[C@@]3(CO3)C[C@H](C)[C@H](OC3O[C@H](C)C[C@H](N(C)C)[C@H]3O)[C@H]2C)O[C@@H](C)[C@@H]1O,,,,,,,,inactive
Anthraquinone,inactive,O=C1c2c(cccc2)C(=O)c2c1cccc2,spectrum,O=C1c2ccccc2C(=O)c2ccccc21,InChI=1S/C14H8O2/c15-13-9-5-1-2-6-10(9)14(16)12-8-4-3-7-11(12)13/h1-8H,RZVHIXYEVGDQDX-UHFFFAOYSA-N,RZVHIXYEVGDQDX,O=C1c2ccccc2C(=O)c2ccccc21,,,,,,,,inactive
Citicoline,inactive,C[N+](C)(C)CCOP(=O)([O-])OP(=O)(O)OC[C@H]1OC(n2ccc(N)nc2=O)[C@H](O)[C@@H]1O,spectrum,C[N+](C)(C)CCOP(=O)(O)OP(=O)(O)OC[C@H]1OC(n2ccc(N)nc2=O)[C@H](O)[C@@H]1O,"InChI=1S/C14H26N4O11P2/c1-18(2,3)6-7-26-30(22,23)29-31(24,25)27-8-9-11(19)12(20)13(28-9)17-5-4-10(15)16-14(17)21/h4-5,9,11-13,19-20H,6-8H2,1-3H3,(H3-,15,16,21,22,23,24,25)/p+1/t9-,11-,12-,13?/m1/s1",RZZPDXZPRHQOCG-INCVAACISA-O,RZZPDXZPRHQOCG,C[N+](C)(C)CCOP(=O)(O)OP(=O)(O)OC[C@H]1OC(n2ccc(N)nc2=O)[C@H](O)[C@@H]1O,,,,,,,,inactive
Pf-00562271,inactive,C1(=NC(=C(C=C1)CNC2=C(C=NC(=N2)NC3=CC=C4C(=C3)CC(N4)=O)C(F)(F)F)N(C)S(=O)(C)=O).C5=CC=CC(=C5)S(O)(=O)=O,selleckchem,CN(c1ncccc1CNc1nc(Nc2ccc3[nH]c(O)cc3c2)ncc1C(F)(F)F)S(C)(=O)=O,"InChI=1S/C21H20F3N7O3S/c1-31(35(2,33)34)19-12(4-3-7-25-19)10-26-18-15(21(22,23)24)11-27-20(30-18)28-14-5-6-16-13(8-14)9-17(32)29-16/h3-9,11,29,32H,10H2,1-2H3,(H2,26,27,28,30)",SACKFBGRWYSCQK-UHFFFAOYSA-N,SACKFBGRWYSCQK,CN(c1ncccc1CNc1nc(Nc2ccc3[nH]c(O)cc3c2)ncc1C(F)(F)F)S(C)(=O)=O,Q05397_WT;Q14289_WT,Q05397_WT;Q14289_WT,Q05397_WT;Q14289_WT,Q05397_WT;Q14289_WT,Q05397_WT,Q05397_WT,,inactive
Dihydrocelastryl diacetate,reducer,CC(=O)Oc1cc2c(CC=C3[C@@]4(C)CC[C@@]5(C)CC[C@@](C)(C(=O)O)CC5[C@]4(C)CC[C@]32C)c(C)c1OC(C)=O,spectrum,CC(=O)Oc1cc2c(c(C)c1OC(C)=O)CC=C1[C@@]2(C)CC[C@@]2(C)C3C[C@](C)(C(=O)O)CC[C@]3(C)CC[C@]12C,"InChI=1S/C33H44O6/c1-19-22-9-10-25-31(6,23(22)17-24(38-20(2)34)27(19)39-21(3)35)14-16-33(8)26-18-30(5,28(36)37)12-11-29(26,4)13-15-32(25,33)7/h10,17,26H,9,11-16,18H2,1-8H3,(H,36,37)/t26?,29-,30-,31+,32-,33+/m1/s1",SAOOBRUHTPONGX-UANCAJPASA-N,SAOOBRUHTPONGX,CC(=O)Oc1cc2c(c(C)c1OC(C)=O)CC=C1[C@@]2(C)CC[C@@]2(C)C3C[C@](C)(C(=O)O)CC[C@]3(C)CC[C@]12C,,,,,,,,reducer
Tpca-1,inactive,C1(=C(C=C(S1)C2C=CC(=CC=2)F)C(=O)N)NC(=O)N,selleckchem,NC(=O)Nc1sc(-c2ccc(F)cc2)cc1C(N)=O,"InChI=1S/C12H10FN3O2S/c13-7-3-1-6(2-4-7)9-5-8(10(14)17)11(19-9)16-12(15)18/h1-5H,(H2,14,17)(H3,15,16,18)",SAYGKHKXGCPTLX-UHFFFAOYSA-N,SAYGKHKXGCPTLX,NC(=O)Nc1sc(-c2ccc(F)cc2)cc1C(N)=O,O14920_WT;O60674_WT;P19525_WT,O14920_WT;O60674_WT;P19525_WT,O14920_WT;O60674_WT,O14920_WT;O60674_WT,,,,inactive
Meclofenamate sodium,inactive,Cc1ccc(Cl)c(Nc2c(C(=O)O)cccc2)c1Cl,spectrum,Cc1ccc(Cl)c(Nc2ccccc2C(=O)O)c1Cl,"InChI=1S/C14H11Cl2NO2/c1-8-6-7-10(15)13(12(8)16)17-11-5-3-2-4-9(11)14(18)19/h2-7,17H,1H3,(H,18,19)",SBDNJUWAMKYJOX-UHFFFAOYSA-N,SBDNJUWAMKYJOX,Cc1ccc(Cl)c(Nc2ccccc2C(=O)O)c1Cl,P02692_WT;P23219_WT;P35354_WT;P42330_WT;Q05769_WT,P02692_WT;P23219_WT;Q05769_WT,,,,,,inactive
Phenothrin,inactive,CC(C)=CC1C(C(=O)OCc2cccc(Oc3ccccc3)c2)C1(C)C,spectrum,CC(C)=CC1C(C(=O)OCc2cccc(Oc3ccccc3)c2)C1(C)C,"InChI=1S/C23H26O3/c1-16(2)13-20-21(23(20,3)4)22(24)25-15-17-9-8-12-19(14-17)26-18-10-6-5-7-11-18/h5-14,20-21H,15H2,1-4H3",SBNFWQZLDJGRLK-UHFFFAOYSA-N,SBNFWQZLDJGRLK,CC(C)=CC1C(C(=O)OCc2cccc(Oc3ccccc3)c2)C1(C)C,,,,,,,,inactive
Chlorpyrifos,inactive,CCOP(=S)(OCC)Oc1nc(Cl)c(Cl)cc1Cl,spectrum,CCOP(=S)(OCC)Oc1nc(Cl)c(Cl)cc1Cl,"InChI=1S/C9H11Cl3NO3PS/c1-3-14-17(18,15-4-2)16-9-7(11)5-6(10)8(12)13-9/h5H,3-4H2,1-2H3",SBPBAQFWLVIOKP-UHFFFAOYSA-N,SBPBAQFWLVIOKP,CCOP(=S)(OCC)Oc1nc(Cl)c(Cl)cc1Cl,,,,,,,,inactive
Kanamycin a sulfate,inactive,NC[C@H]1O[C@H](OC2[C@@H](N)C[C@@H](N)[C@H](O[C@H]3O[C@H](CO)[C@@H](O)[C@H](N)[C@H]3O)[C@H]2O)[C@H](O)[C@@H](O)[C@@H]1O,spectrum,NC[C@H]1O[C@H](OC2[C@@H](N)C[C@@H](N)[C@H](O[C@H]3O[C@H](CO)[C@@H](O)[C@H](N)[C@H]3O)[C@H]2O)[C@H](O)[C@@H](O)[C@@H]1O,"InChI=1S/C18H36N4O11/c19-2-6-10(25)12(27)13(28)18(30-6)33-16-5(21)1-4(20)15(14(16)29)32-17-11(26)8(22)9(24)7(3-23)31-17/h4-18,23-29H,1-3,19-22H2/t4-,5+,6-,7-,8+,9-,10-,11-,12+,13-,14-,15+,16?,17-,18-/m1/s1",SBUJHOSQTJFQJX-BTALVITBSA-N,SBUJHOSQTJFQJX,NC[C@H]1O[C@H](OC2[C@@H](N)C[C@@H](N)[C@H](O[C@H]3O[C@H](CO)[C@@H](O)[C@H](N)[C@H]3O)[C@H]2O)[C@H](O)[C@@H](O)[C@@H]1O,,,,,,,,inactive
Anthothecol,reducer,CC(=O)O[C@@H]1C[C@@]2(C)[C@H](c3cocc3)C[C@H]3O[C@]32[C@]2(C)C(=O)C(O)=C3C(C)(C)C(=O)C=C[C@]3(C)C12,spectrum,CC(=O)O[C@@H]1C[C@@]2(C)[C@H](c3ccoc3)C[C@H]3O[C@]32[C@]2(C)C(=O)C(=O)C3C(C)(C)C(=O)C=C[C@]3(C)C12,"InChI=1S/C28H32O7/c1-14(29)34-17-12-26(5)16(15-8-10-33-13-15)11-19-28(26,35-19)27(6)21(17)25(4)9-7-18(30)24(2,3)22(25)20(31)23(27)32/h7-10,13,16-17,19,21-22H,11-12H2,1-6H3/t16-,17+,19+,21?,22?,25+,26-,27-,28+/m0/s1",SCAGQTBCGKJURA-VNBNFIHGSA-N,SCAGQTBCGKJURA,CC(=O)O[C@@H]1C[C@@]2(C)[C@H](c3ccoc3)C[C@H]3O[C@]32[C@]2(C)C(=O)C(=O)C3C(C)(C)C(=O)C=C[C@]3(C)C12,,,,,,,,reducer
Ku-60019,inactive,C1=C(C=CC2=C1CC3=C(S2)C(=CC=C3)C4=CC(C=C(O4)N5CCOCC5)=O)NC(CN6C[C@@H](O[C@@H](C6)C)C)=O,selleckchem,C[C@@H]1CN(CC(=O)Nc2ccc3c(c2)Cc2cccc(-c4cc(=O)cc(N5CCOCC5)o4)c2S3)C[C@H](C)O1,"InChI=1S/C30H33N3O5S/c1-19-16-32(17-20(2)37-19)18-28(35)31-23-6-7-27-22(13-23)12-21-4-3-5-25(30(21)39-27)26-14-24(34)15-29(38-26)33-8-10-36-11-9-33/h3-7,13-15,19-20H,8-12,16-18H2,1-2H3,(H,31,35)/t19-,20+",SCELLOWTHJGVIC-BGYRXZFFSA-N,SCELLOWTHJGVIC,C[C@@H]1CN(CC(=O)Nc2ccc3c(c2)Cc2cccc(-c4cc(=O)cc(N5CCOCC5)o4)c2S3)C[C@H](C)O1,P78527_WT;Q8NEB9_WT;Q13315_WT,P78527_WT;Q8NEB9_WT;Q13315_WT,P78527_WT;Q8NEB9_WT;Q13315_WT,Q8NEB9_WT;Q13315_WT,Q8NEB9_WT,,,inactive
Bms-265246,inactive,C(=O)(C1C(=CC(=CC=1F)C)F)C2C(=C3C(=NC=2)NN=C3)OCCCC,selleckchem,CCCCOc1c(C(=O)c2c(F)cc(C)cc2F)cnc2[nH]ncc12,"InChI=1S/C18H17F2N3O2/c1-3-4-5-25-17-11(8-21-18-12(17)9-22-23-18)16(24)15-13(19)6-10(2)7-14(15)20/h6-9H,3-5H2,1-2H3,(H,21,22,23)",SCFMWQIQBVZOQR-UHFFFAOYSA-N,SCFMWQIQBVZOQR,CCCCOc1c(C(=O)c2c(F)cc(C)cc2F)cnc2[nH]ncc12,P24941_WT,P24941_WT,P24941_WT,,,,,inactive
Ciclopirox olamine,inactive,Cc1cc(=O)n(O)c(C2CCCCC2)c1,spectrum,Cc1cc(C2CCCCC2)n(O)c(=O)c1,"InChI=1S/C12H17NO2/c1-9-7-11(13(15)12(14)8-9)10-5-3-2-4-6-10/h7-8,10,15H,2-6H2,1H3",SCKYRAXSEDYPSA-UHFFFAOYSA-N,SCKYRAXSEDYPSA,Cc1cc(C2CCCCC2)n(O)c(=O)c1,Q9NUW8_WT,Q9NUW8_WT,Q9NUW8_WT,Q9NUW8_WT,Q9NUW8_WT,Q9NUW8_WT,,inactive
Silibinin,inactive,COc1c(O)ccc([C@H]2Oc3cc([C@H]4Oc5c(C(=O)[C@@H]4O)c(O)cc(O)c5)ccc3O[C@@H]2CO)c1,spectrum,COc1cc([C@H]2Oc3cc(C4Oc5cc(O)cc(O)c5C(=O)C4O)ccc3O[C@@H]2CO)ccc1O,"InChI=1S/C25H22O10/c1-32-17-6-11(2-4-14(17)28)24-20(10-26)33-16-5-3-12(7-18(16)34-24)25-23(31)22(30)21-15(29)8-13(27)9-19(21)35-25/h2-9,20,23-29,31H,10H2,1H3/t20-,23?,24-,25?/m1/s1",SEBFKMXJBCUCAI-OEPDRHGHSA-N,SEBFKMXJBCUCAI,COc1cc([C@H]2Oc3cc(C4Oc5cc(O)cc(O)c5C(=O)C4O)ccc3O[C@@H]2CO)ccc1O,,,,,,,,inactive
Vardenafil hydrochloride,inactive,CCCc1nc(C)c2c(=O)[nH]c(-c3c(OCC)ccc(S(=O)(=O)N4CCN(CC)CC4)c3)nn12,spectrum,CCCc1nc(C)c2c(=O)[nH]c(-c3cc(S(=O)(=O)N4CCN(CC)CC4)ccc3OCC)nn12,"InChI=1S/C23H32N6O4S/c1-5-8-20-24-16(4)21-23(30)25-22(26-29(20)21)18-15-17(9-10-19(18)33-7-3)34(31,32)28-13-11-27(6-2)12-14-28/h9-10,15H,5-8,11-14H2,1-4H3,(H,25,26,30)",SECKRCOLJRRGGV-UHFFFAOYSA-N,SECKRCOLJRRGGV,CCCc1nc(C)c2c(=O)[nH]c(-c3cc(S(=O)(=O)N4CCN(CC)CC4)ccc3OCC)nn12,O76074_WT;O76083_WT;Q9HCR9_WT;Q9Y233_WT,O76074_WT;Q9HCR9_WT,O76074_WT,O76074_WT,O76074_WT,O76074_WT,O76074_WT,inactive
Sulfadiazine,inactive,Nc1ccc(S(=O)(=O)Nc2ncccn2)cc1,spectrum,Nc1ccc(S(=O)(=O)Nc2ncccn2)cc1,"InChI=1S/C10H10N4O2S/c11-8-2-4-9(5-3-8)17(15,16)14-10-12-6-1-7-13-10/h1-7H,11H2,(H,12,13,14)",SEEPANYCNGTZFQ-UHFFFAOYSA-N,SEEPANYCNGTZFQ,Nc1ccc(S(=O)(=O)Nc2ncccn2)cc1,,,,,,,,inactive
Benzyl benzoate,inactive,O=C(OCc1ccccc1)c1ccccc1,spectrum,O=C(OCc1ccccc1)c1ccccc1,"InChI=1S/C14H12O2/c15-14(13-9-5-2-6-10-13)16-11-12-7-3-1-4-8-12/h1-10H,11H2",SESFRYSPDFLNCH-UHFFFAOYSA-N,SESFRYSPDFLNCH,O=C(OCc1ccccc1)c1ccccc1,,,,,,,,inactive
Melphalan,antineoplastic,N[C@@H](Cc1ccc(N(CCCl)CCCl)cc1)C(=O)O,spectrum,NC(Cc1ccc(N(CCCl)CCCl)cc1)C(=O)O,"InChI=1S/C13H18Cl2N2O2/c14-5-7-17(8-6-15)11-3-1-10(2-4-11)9-12(16)13(18)19/h1-4,12H,5-9,16H2,(H,18,19)",SGDBTWWWUNNDEQ-UHFFFAOYSA-N,SGDBTWWWUNNDEQ,NC(Cc1ccc(N(CCCl)CCCl)cc1)C(=O)O,P10276_WT;P83916_WT;Q9NUW8_WT,P10276_WT;P83916_WT;Q9NUW8_WT,P10276_WT;P83916_WT,P10276_WT;P83916_WT,P10276_WT;P83916_WT,P10276_WT,P10276_WT,antineoplastic
Vilazodone hydrochloride,inactive,N#Cc1cc2c(cc1)[nH]cc2CCCCN1CCN(c2ccc3oc(C(N)=O)cc3c2)CC1,spectrum,N#Cc1ccc2[nH]cc(CCCCN3CCN(c4ccc5oc(C(N)=O)cc5c4)CC3)c2c1,"InChI=1S/C26H27N5O2/c27-16-18-4-6-23-22(13-18)19(17-29-23)3-1-2-8-30-9-11-31(12-10-30)21-5-7-24-20(14-21)15-25(33-24)26(28)32/h4-7,13-15,17,29H,1-3,8-12H2,(H2,28,32)",SGEGOXDYSFKCPT-UHFFFAOYSA-N,SGEGOXDYSFKCPT,N#Cc1ccc2[nH]cc(CCCCN3CCN(c4ccc5oc(C(N)=O)cc5c4)CC3)c2c1,P08908_WT;P14416_WT;P19020_WT;P19327_WT;P31645_WT;P31652_WT;P61169_WT;Q62758_WT,P08908_WT;P19020_WT;P19327_WT;P31645_WT;P31652_WT;Q62758_WT,P08908_WT;P19020_WT;P19327_WT;P31645_WT;P31652_WT,P08908_WT;P19327_WT;P31645_WT;P31652_WT,P08908_WT;P19327_WT;P31645_WT;P31652_WT,P08908_WT;P19327_WT;P31645_WT;P31652_WT,P08908_WT;P19327_WT;P31645_WT;P31652_WT,inactive
Amlexanox,inactive,CC(C)c1cc2c(cc1)oc1nc(N)c(C(=O)O)cc1c2=O,spectrum,CC(C)c1ccc2oc3nc(N)c(C(=O)O)cc3c(=O)c2c1,"InChI=1S/C16H14N2O4/c1-7(2)8-3-4-12-9(5-8)13(19)10-6-11(16(20)21)14(17)18-15(10)22-12/h3-7H,1-2H3,(H2,17,18)(H,20,21)",SGRYPYWGNKJSDL-UHFFFAOYSA-N,SGRYPYWGNKJSDL,CC(C)c1ccc2oc3nc(N)c(C(=O)O)cc3c(=O)c2c1,O15118_WT;P11511_WT;P35869_WT;P51151_WT;Q9UHD2_WT,,,,,,,inactive
Verapamil hydrochloride,inactive,COc1ccc(CCN(C)CCCC(C#N)(c2cc(OC)c(OC)cc2)C(C)C)cc1OC,spectrum,COc1ccc(CCN(C)CCCC(C#N)(c2ccc(OC)c(OC)c2)C(C)C)cc1OC,"InChI=1S/C27H38N2O4/c1-20(2)27(19-28,22-10-12-24(31-5)26(18-22)33-7)14-8-15-29(3)16-13-21-9-11-23(30-4)25(17-21)32-6/h9-12,17-18,20H,8,13-16H2,1-7H3",SGTNSNPWRIOYBX-UHFFFAOYSA-N,SGTNSNPWRIOYBX,COc1ccc(CCN(C)CCCC(C#N)(c2ccc(OC)c(OC)c2)C(C)C)cc1OC,P08183_WT;P08913_WT;P11712_WT;P16257_WT;P22002_WT;P28223_WT;P28335_WT;P31645_WT;P35462_WT;P41595_WT;Q02485_WT;Q12809_WT,P11712_WT;P16257_WT;P22002_WT;P28223_WT;P28335_WT;P31645_WT;P35462_WT;P41595_WT;Q02485_WT;Q12809_WT,P11712_WT;P16257_WT;P22002_WT;Q02485_WT,P11712_WT;P16257_WT,P16257_WT,P16257_WT,,inactive
Labetalol hydrochloride,enhancer,CC(CCc1ccccc1)NCC(O)c1ccc(O)c(C(N)=O)c1,spectrum,CC(CCc1ccccc1)NCC(O)c1ccc(O)c(C(N)=O)c1,"InChI=1S/C19H24N2O3/c1-13(7-8-14-5-3-2-4-6-14)21-12-18(23)15-9-10-17(22)16(11-15)19(20)24/h2-6,9-11,13,18,21-23H,7-8,12H2,1H3,(H2,20,24)",SGUAFYQXFOLMHL-UHFFFAOYSA-N,SGUAFYQXFOLMHL,CC(CCc1ccccc1)NCC(O)c1ccc(O)c(C(N)=O)c1,P07550_WT;P08588_WT;P15823_WT;P19327_WT;P25100_WT;P43140_WT,P07550_WT;P08588_WT;P19327_WT;P43140_WT,P07550_WT;P08588_WT;P43140_WT,P07550_WT;P08588_WT,P08588_WT,,,enhancer
3-oxoursanolide,inactive,C[C@@H]1C2[C@]3(CC[C@H]1C)CCC1(C)[C@@]2(C=CC2[C@@]4(C)CCC(=O)C(C)(C)C4CC[C@]21C)OC3=O,spectrum,C[C@@H]1CC[C@@]23CCC4(C)[C@@](C=CC5[C@@]6(C)CCC(=O)C(C)(C)C6CC[C@]54C)(OC2=O)C3[C@H]1C,"InChI=1S/C30H44O3/c1-18-8-14-29-17-16-28(7)27(6)13-9-20-25(3,4)22(31)11-12-26(20,5)21(27)10-15-30(28,33-24(29)32)23(29)19(18)2/h10,15,18-21,23H,8-9,11-14,16-17H2,1-7H3/t18-,19+,20?,21?,23?,26+,27-,28?,29+,30+/m1/s1",SHDSXTLKCOGMKJ-ONDCXVNZSA-N,SHDSXTLKCOGMKJ,C[C@@H]1CC[C@@]23CCC4(C)[C@@](C=CC5[C@@]6(C)CCC(=O)C(C)(C)C6CC[C@]54C)(OC2=O)C3[C@H]1C,,,,,,,,inactive
Isotretinon,antineoplastic,CC1=C(/C=C/C(C)=C/C=C/C(C)=C\C(=O)O)C(C)(C)CCC1,spectrum,CC1=C(/C=C/C(C)=C/C=C/C(C)=C\C(=O)O)C(C)(C)CCC1,"InChI=1S/C20H28O2/c1-15(8-6-9-16(2)14-19(21)22)11-12-18-17(3)10-7-13-20(18,4)5/h6,8-9,11-12,14H,7,10,13H2,1-5H3,(H,21,22)/b9-6+,12-11+,15-8+,16-14-",SHGAZHPCJJPHSC-XFYACQKRSA-N,SHGAZHPCJJPHSC,CC1=C(/C=C/C(C)=C/C=C/C(C)=C\C(=O)O)C(C)(C)CCC1,P03372_WT;P05067_WT;P10276_WT;P10826_WT;P11416_WT;P13569_WT;P13631_WT;P18113_WT;P18911_WT;P19793_WT;P22605_WT;P22736_WT;P22935_WT;P28482_WT;P28700_WT;P28702_WT;P28704_WT;P28705_WT;P35398_WT;P41595_WT;P48443_WT;P62965_WT;Q9H255_WT;Q05343_WT;Q13526_WT;Q16637_WT;Q92753_WT,P03372_WT;P05067_WT;P10276_WT;P10826_WT;P11416_WT;P13631_WT;P18113_WT;P18911_WT;P19793_WT;P22605_WT;P22935_WT;P28700_WT;P28702_WT;P28704_WT;P28705_WT;P35398_WT;P48443_WT;P62965_WT;Q9H255_WT;Q05343_WT;Q92753_WT,P10276_WT;P10826_WT;P11416_WT;P13631_WT;P18911_WT;P19793_WT;P22605_WT;P22935_WT;P28700_WT;P28702_WT;P28705_WT;P48443_WT;P62965_WT,P10276_WT;P10826_WT;P11416_WT;P13631_WT;P18911_WT;P19793_WT;P22605_WT;P22935_WT;P28702_WT;P28705_WT;P48443_WT;P62965_WT,P13631_WT;P22605_WT;P22935_WT;P28702_WT;P62965_WT,P13631_WT;P22935_WT;P62965_WT,P13631_WT;P62965_WT,antineoplastic
Digoxigenin,inactive,C[C@]12CC[C@H](O)C[C@H]1CCC1C2C[C@@H](O)[C@]2(C)[C@@H](C3=CC(=O)OC3)CC[C@]12O,spectrum,C[C@]12[C@H](O)CC3C(CC[C@@H]4C[C@@H](O)CC[C@]34C)[C@@]1(O)CC[C@@H]2C1=CC(=O)OC1,"InChI=1S/C23H34O5/c1-21-7-5-15(24)10-14(21)3-4-17-18(21)11-19(25)22(2)16(6-8-23(17,22)27)13-9-20(26)28-12-13/h9,14-19,24-25,27H,3-8,10-12H2,1-2H3/t14-,15+,16-,17?,18?,19-,21+,22+,23+/m1/s1",SHIBSTMRCDJXLN-CGMOQAKTSA-N,SHIBSTMRCDJXLN,C[C@]12[C@H](O)CC3C(CC[C@@H]4C[C@@H](O)CC[C@]34C)[C@@]1(O)CC[C@@H]2C1=CC(=O)OC1,Q6ZQN7_WT;Q99714_WT,Q99714_WT,Q99714_WT,Q99714_WT,,,,inactive
Benzethonium chloride,inactive,CC(C)(C)CC(C)(C)c1ccc(OCCOCC[N+](C)(C)Cc2ccccc2)cc1,spectrum,CC(C)(C)CC(C)(C)c1ccc(OCCOCC[N+](C)(C)Cc2ccccc2)cc1,"InChI=1S/C27H42NO2/c1-26(2,3)22-27(4,5)24-13-15-25(16-14-24)30-20-19-29-18-17-28(6,7)21-23-11-9-8-10-12-23/h8-16H,17-22H2,1-7H3/q+1",SIYLLGKDQZGJHK-UHFFFAOYSA-N,SIYLLGKDQZGJHK,CC(C)(C)CC(C)(C)c1ccc(OCCOCC[N+](C)(C)Cc2ccccc2)cc1,P06241_WT;P08172_WT;P08173_WT;P08912_WT;P11229_WT;P18089_WT;P18825_WT;P20309_WT;P23975_WT;P28223_WT;P28335_WT;Q12809_WT,P08173_WT;P08912_WT;P11229_WT;P20309_WT;P28223_WT;Q12809_WT,P08173_WT;P28223_WT;Q12809_WT,,,,,inactive
Gossypin,inactive,O=c1c(O)c(-c2cc(O)c(O)cc2)oc2c1c(O)cc(O)c2O[C@@H]1O[C@H](CO)[C@H](O)[C@@H](O)[C@H]1O,spectrum,O=c1c(O)c(-c2ccc(O)c(O)c2)oc2c(O[C@@H]3O[C@H](CO)[C@H](O)[C@@H](O)[C@H]3O)c(O)cc(O)c12,"InChI=1S/C21H20O13/c22-5-11-13(27)15(29)17(31)21(32-11)34-19-10(26)4-9(25)12-14(28)16(30)18(33-20(12)19)6-1-2-7(23)8(24)3-6/h1-4,11,13,15,17,21-27,29-31H,5H2/t11-,13+,15-,17-,21+/m1/s1",SJRXVLUZMMDCNG-ZEPLOYMTSA-N,SJRXVLUZMMDCNG,O=c1c(O)c(-c2ccc(O)c(O)c2)oc2c(O[C@@H]3O[C@H](CO)[C@H](O)[C@@H](O)[C@H]3O)c(O)cc(O)c12,,,,,,,,inactive
Stictic acid,inactive,COc1c(C=O)c2c(C(=O)Oc3c(O2)c2c(C(=O)OC2O)c(O)c3C)c(C)c1,spectrum,COc1cc(C)c2c(c1C=O)Oc1c(c(C)c(O)c3c1C(O)OC3=O)OC2=O,"InChI=1S/C19H14O9/c1-6-4-9(25-3)8(5-20)15-10(6)17(22)27-14-7(2)13(21)11-12(16(14)26-15)19(24)28-18(11)23/h4-5,19,21,24H,1-3H3",SKCUFZLDTAYNBZ-UHFFFAOYSA-N,SKCUFZLDTAYNBZ,COc1cc(C)c2c(c1C=O)Oc1c(c(C)c(O)c3c1C(O)OC3=O)OC2=O,P55212_WT,,,,,,,inactive
Sulfacetamide,inactive,CC(=O)NS(=O)(=O)c1ccc(N)cc1,spectrum,CC(=O)NS(=O)(=O)c1ccc(N)cc1,"InChI=1S/C8H10N2O3S/c1-6(11)10-14(12,13)8-4-2-7(9)3-5-8/h2-5H,9H2,1H3,(H,10,11)",SKIVFJLNDNKQPD-UHFFFAOYSA-N,SKIVFJLNDNKQPD,CC(=O)NS(=O)(=O)c1ccc(N)cc1,P16473_WT,,,,,,,inactive
Bekanamycin sulfate,inactive,NC[C@H]1O[C@H](O[C@@H]2[C@@H](N)C[C@@H](N)[C@H](O[C@H]3O[C@H](CO)[C@@H](O)[C@H](N)[C@H]3O)[C@H]2O)[C@H](N)[C@@H](O)[C@@H]1O,spectrum,NC[C@H]1O[C@H](O[C@H]2[C@H](O)[C@@H](O[C@H]3O[C@H](CO)[C@@H](O)[C@H](N)[C@H]3O)[C@H](N)C[C@@H]2N)[C@H](N)[C@@H](O)[C@@H]1O,"InChI=1S/C18H37N5O10/c19-2-6-11(26)12(27)9(23)17(30-6)32-15-4(20)1-5(21)16(14(15)29)33-18-13(28)8(22)10(25)7(3-24)31-18/h4-18,24-29H,1-3,19-23H2/t4-,5+,6+,7+,8-,9+,10+,11+,12+,13+,14-,15+,16-,17+,18+/m0/s1",SKKLOUVUUNMCJE-FQSMHNGLSA-N,SKKLOUVUUNMCJE,NC[C@H]1O[C@H](O[C@H]2[C@H](O)[C@@H](O[C@H]3O[C@H](CO)[C@@H](O)[C@H](N)[C@H]3O)[C@H](N)C[C@@H]2N)[C@H](N)[C@@H](O)[C@@H]1O,,,,,,,,inactive
Pamabrom,inactive,Cn1c(=O)c2c(nc(Br)[nH]2)n(C)c1=O,spectrum,Cn1c(=O)c2[nH]c(Br)nc2n(C)c1=O,"InChI=1S/C7H7BrN4O2/c1-11-4-3(9-6(8)10-4)5(13)12(2)7(11)14/h1-2H3,(H,9,10)",SKTFQHRVFFOHTQ-UHFFFAOYSA-N,SKTFQHRVFFOHTQ,Cn1c(=O)c2[nH]c(Br)nc2n(C)c1=O,,,,,,,,inactive
Succinylsulfathiazole,inactive,O=C(O)CCC(=O)Nc1ccc(S(=O)(=O)Nc2nccs2)cc1,spectrum,O=C(O)CCC(=O)Nc1ccc(S(=O)(=O)Nc2nccs2)cc1,"InChI=1S/C13H13N3O5S2/c17-11(5-6-12(18)19)15-9-1-3-10(4-2-9)23(20,21)16-13-14-7-8-22-13/h1-4,7-8H,5-6H2,(H,14,16)(H,15,17)(H,18,19)",SKVLYVHULOWXTD-UHFFFAOYSA-N,SKVLYVHULOWXTD,O=C(O)CCC(=O)Nc1ccc(S(=O)(=O)Nc2nccs2)cc1,,,,,,,,inactive
Cyclopentolate hydrochloride,inactive,CN(C)CCOC(=O)C(c1ccccc1)C1(O)CCCC1,spectrum,CN(C)CCOC(=O)C(c1ccccc1)C1(O)CCCC1,"InChI=1S/C17H25NO3/c1-18(2)12-13-21-16(19)15(14-8-4-3-5-9-14)17(20)10-6-7-11-17/h3-5,8-9,15,20H,6-7,10-13H2,1-2H3",SKYSRIRYMSLOIN-UHFFFAOYSA-N,SKYSRIRYMSLOIN,CN(C)CCOC(=O)C(c1ccccc1)C1(O)CCCC1,P97697_WT,,,,,,,inactive
Ceforanide,inactive,NCc1c(CC(=O)NC2C(=O)N3C(C(=O)O)=C(CSc4nnnn4CC(=O)O)CSC23)cccc1,spectrum,NCc1ccccc1CC(=O)NC1C(=O)N2C(C(=O)O)=C(CSc3nnnn3CC(=O)O)CSC12,"InChI=1S/C20H21N7O6S2/c21-6-11-4-2-1-3-10(11)5-13(28)22-15-17(31)27-16(19(32)33)12(8-34-18(15)27)9-35-20-23-24-25-26(20)7-14(29)30/h1-4,15,18H,5-9,21H2,(H,22,28)(H,29,30)(H,32,33)",SLAYUXIURFNXPG-UHFFFAOYSA-N,SLAYUXIURFNXPG,NCc1ccccc1CC(=O)NC1C(=O)N2C(C(=O)O)=C(CSc3nnnn3CC(=O)O)CSC12,,,,,,,,inactive
Cortisone acetate,inactive,CC(=O)OCC(=O)[C@@]1(O)CCC2C3CCC4=CC(=O)CC[C@]4(C)C3C(=O)C[C@@]21C,spectrum,CC(=O)OCC(=O)[C@@]1(O)CCC2C3CC=C4CC(=O)CC[C@]4(C)C3C(=O)C[C@@]21C,"InChI=1S/C23H30O6/c1-13(24)29-12-19(27)23(28)9-7-17-16-5-4-14-10-15(25)6-8-21(14,2)20(16)18(26)11-22(17,23)3/h4,16-17,20,28H,5-12H2,1-3H3/t16?,17?,20?,21-,22-,23-/m0/s1",SLEIAHSDXRGERW-XLSOAHDVSA-N,SLEIAHSDXRGERW,CC(=O)OCC(=O)[C@@]1(O)CCC2C3CC=C4CC(=O)CC[C@]4(C)C3C(=O)C[C@@]21C,,,,,,,,inactive
Sparteine sulfate,inactive,C1CCN2C[C@H]3C[C@@H](CN4CCCC[C@H]34)[C@@H]2C1,spectrum,C1CCN2C[C@@H]3C[C@H](CN4CCCC[C@@H]34)[C@H]2C1,"InChI=1S/C15H26N2/c1-3-7-16-11-13-9-12(14(16)5-1)10-17-8-4-2-6-15(13)17/h12-15H,1-11H2/t12-,13+,14-,15+",SLRCCWJSBJZJBV-NMWPEEMBSA-N,SLRCCWJSBJZJBV,C1CCN2C[C@@H]3C[C@H](CN4CCCC[C@@H]34)[C@H]2C1,,,,,,,,inactive
Flunarizine hydrochloride,inactive,Fc1ccc(C(c2ccc(F)cc2)N2CCN(C/C=C/c3ccccc3)CC2)cc1,spectrum,Fc1ccc(C(c2ccc(F)cc2)N2CCN(C/C=C/c3ccccc3)CC2)cc1,"InChI=1S/C26H26F2N2/c27-24-12-8-22(9-13-24)26(23-10-14-25(28)15-11-23)30-19-17-29(18-20-30)16-4-7-21-5-2-1-3-6-21/h1-15,26H,16-20H2/b7-4+",SMANXXCATUTDDT-QPJJXVBHSA-N,SMANXXCATUTDDT,Fc1ccc(C(c2ccc(F)cc2)N2CCN(C/C=C/c3ccccc3)CC2)cc1,O43497_WT;P04775_WT;P08912_WT;P08913_WT;P14416_WT;P15823_WT;P18825_WT;P20309_WT;P25100_WT;P28223_WT;P28335_WT;P31645_WT;P35367_WT;P35462_WT;P41595_WT;P43140_WT;P51589_WT;P61169_WT;Q9NUW8_WT;Q9P0X4_WT;Q01959_WT;Q12809_WT;Q99720_WT,P14416_WT;P18825_WT;P28223_WT;P35367_WT;P35462_WT;P61169_WT;Q99720_WT,P18825_WT;P35367_WT;P35462_WT;Q99720_WT,Q99720_WT,,,,inactive
Lithocholic acid,inactive,CC(CCC(=O)O)[C@H]1CCC2C3CC[C@@H]4C[C@H](O)CC[C@]4(C)C3CC[C@@]21C,spectrum,CC(CCC(=O)O)[C@H]1CCC2C3CC[C@@H]4C[C@H](O)CC[C@]4(C)C3CC[C@@]21C,"InChI=1S/C24H40O3/c1-15(4-9-22(26)27)19-7-8-20-18-6-5-16-14-17(25)10-12-23(16,2)21(18)11-13-24(19,20)3/h15-21,25H,4-14H2,1-3H3,(H,26,27)/t15?,16-,17-,18?,19-,20?,21?,23+,24-/m1/s1",SMEROWZSTRWXGI-IENBECQSSA-N,SMEROWZSTRWXGI,CC(CCC(=O)O)[C@H]1CCC2C3CC[C@@H]4C[C@H](O)CC[C@]4(C)C3CC[C@@]21C,O60218_WT;Q8TDU6_WT,O60218_WT,O60218_WT,O60218_WT,,,,inactive
Koparin,inactive,COc1c(O)c(O)c(-c2coc3cc(O)ccc3c2=O)cc1,spectrum,COc1ccc(-c2coc3cc(O)ccc3c2=O)c(O)c1O,"InChI=1S/C16H12O6/c1-21-12-5-4-9(15(19)16(12)20)11-7-22-13-6-8(17)2-3-10(13)14(11)18/h2-7,17,19-20H,1H3",SMOFGXHPWCTYQD-UHFFFAOYSA-N,SMOFGXHPWCTYQD,COc1ccc(-c2coc3cc(O)ccc3c2=O)c(O)c1O,,,,,,,,inactive
Roxatidine acetate hydrochloride,inactive,CC(=O)OCC(=O)NCCCOc1cccc(CN2CCCCC2)c1,spectrum,CC(=O)OCC(=O)NCCCOc1cccc(CN2CCCCC2)c1,"InChI=1S/C19H28N2O4/c1-16(22)25-15-19(23)20-9-6-12-24-18-8-5-7-17(13-18)14-21-10-3-2-4-11-21/h5,7-8,13H,2-4,6,9-12,14-15H2,1H3,(H,20,23)",SMTZFNFIKUPEJC-UHFFFAOYSA-N,SMTZFNFIKUPEJC,CC(=O)OCC(=O)NCCCOc1cccc(CN2CCCCC2)c1,P03372_WT;P25021_WT,P03372_WT;P25021_WT,P03372_WT,P03372_WT,P03372_WT,P03372_WT,,inactive
Cefmetazole sodium,inactive,CO[C@@]1(NC(=O)CSCC#N)C(=O)N2C(C(=O)O)=C(CSc3nnnn3C)CSC21,spectrum,CO[C@@]1(NC(=O)CSCC#N)C(=O)N2C(C(=O)O)=C(CSc3nnnn3C)CSC21,"InChI=1S/C15H17N7O5S3/c1-21-14(18-19-20-21)30-6-8-5-29-13-15(27-2,17-9(23)7-28-4-3-16)12(26)22(13)10(8)11(24)25/h13H,4-7H2,1-2H3,(H,17,23)(H,24,25)/t13?,15-/m0/s1",SNBUBQHDYVFSQF-WUJWULDRSA-N,SNBUBQHDYVFSQF,CO[C@@]1(NC(=O)CSCC#N)C(=O)N2C(C(=O)O)=C(CSc3nnnn3C)CSC21,Q16637_WT,,,,,,,inactive
Bupropion,inactive,CC(NC(C)(C)C)C(=O)c1cc(Cl)ccc1,spectrum,CC(NC(C)(C)C)C(=O)c1cccc(Cl)c1,"InChI=1S/C13H18ClNO/c1-9(15-13(2,3)4)12(16)10-6-5-7-11(14)8-10/h5-9,15H,1-4H3",SNPPWIUOZRMYNY-UHFFFAOYSA-N,SNPPWIUOZRMYNY,CC(NC(C)(C)C)C(=O)c1cccc(Cl)c1,P23977_WT;Q01959_WT,,,,,,,inactive
Proadifen hydrochloride,inactive,CCCC(C(=O)OCCN(CC)CC)(c1ccccc1)c1ccccc1,spectrum,CCCC(C(=O)OCCN(CC)CC)(c1ccccc1)c1ccccc1,"InChI=1S/C23H31NO2/c1-4-17-23(20-13-9-7-10-14-20,21-15-11-8-12-16-21)22(25)26-19-18-24(5-2)6-3/h7-16H,4-6,17-19H2,1-3H3",SNTQPLDRUZOSDP-UHFFFAOYSA-N,SNTQPLDRUZOSDP,CCCC(C(=O)OCCN(CC)CC)(c1ccccc1)c1ccccc1,P10635_WT;Q9Z0U5_WT;Q99720_WT,P10635_WT;Q99720_WT,P10635_WT,,,,,inactive
Chlorpheniramine maleate,inactive,CN(C)CCC(c1ccc(Cl)cc1)c1ncccc1,spectrum,CN(C)CCC(c1ccc(Cl)cc1)c1ccccn1,"InChI=1S/C16H19ClN2/c1-19(2)12-10-15(16-5-3-4-11-18-16)13-6-8-14(17)9-7-13/h3-9,11,15H,10,12H2,1-2H3",SOYKEARSMXGVTM-UHFFFAOYSA-N,SOYKEARSMXGVTM,CN(C)CCC(c1ccc(Cl)cc1)c1ccccn1,P08173_WT;P08912_WT;P11229_WT;P31390_WT;P31645_WT;P35367_WT;Q01959_WT,P31390_WT;P31645_WT;P35367_WT,P31390_WT;P31645_WT;P35367_WT,P31390_WT;P31645_WT;P35367_WT,P31390_WT;P35367_WT,,,inactive
Enrofloxacin,inactive,CCN1CCN(c2c(F)cc3c(=O)c(C(=O)O)cn(C4CC4)c3c2)CC1,spectrum,CCN1CCN(c2cc3c(cc2F)c(=O)c(C(=O)O)cn3C2CC2)CC1,"InChI=1S/C19H22FN3O3/c1-2-21-5-7-22(8-6-21)17-10-16-13(9-15(17)20)18(24)14(19(25)26)11-23(16)12-3-4-12/h9-12H,2-8H2,1H3,(H,25,26)",SPFYMRJSYKOXGV-UHFFFAOYSA-N,SPFYMRJSYKOXGV,CCN1CCN(c2cc3c(cc2F)c(=O)c(C(=O)O)cn3C2CC2)CC1,,,,,,,,inactive
Tivozanib,antineoplastic,C1(=CC=C(C(=C1)Cl)NC(=O)NC2C=C(ON=2)C)OC3=CC=NC4=C3C=C(C(=C4)OC)OC,selleckchem,COc1cc2nccc(Oc3ccc(NC(=O)Nc4cc(C)on4)c(Cl)c3)c2cc1OC,"InChI=1S/C22H19ClN4O5/c1-12-8-21(27-32-12)26-22(28)25-16-5-4-13(9-15(16)23)31-18-6-7-24-17-11-20(30-3)19(29-2)10-14(17)18/h4-11H,1-3H3,(H2,25,26,27,28)",SPMVMDHWKHCIDT-UHFFFAOYSA-N,SPMVMDHWKHCIDT,COc1cc2nccc(Oc3ccc(NC(=O)Nc4cc(C)on4)c(Cl)c3)c2cc1OC,O14965_WT;O15146_WT;O15357_WT;O43353_WT;P00519_WT;P04049_WT;P07333_WT;P07947_WT;P07949_WT;P10721_WT;P11274_WT;P16234_WT;P17948_WT;P21802_WT;P22607_WT;P29317_WT;P29323_WT;P30086_WT;P35916_WT;P35968_WT;P36888_WT;P42684_WT;P42685_WT;P46734_WT;P52564_WT;P54756_WT;P54760_WT;P62993_WT;Q8NE63_WT;Q9H1E3_WT;Q9NQS7_WT;Q9NWQ8_WT;Q9UF33_WT;Q08345_WT;Q13882_WT;Q15759_WT;Q16288_WT;Q16539_WT;Q16832_WT,O14965_WT;O15146_WT;O15357_WT;P00519_WT;P04049_WT;P07333_WT;P07949_WT;P10721_WT;P11274_WT;P16234_WT;P17948_WT;P21802_WT;P22607_WT;P29317_WT;P29323_WT;P30086_WT;P35916_WT;P35968_WT;P42684_WT;P42685_WT;P46734_WT;P52564_WT;P54760_WT;P62993_WT;Q8NE63_WT;Q9H1E3_WT;Q9NQS7_WT;Q9NWQ8_WT;Q9UF33_WT;Q08345_WT;Q15759_WT;Q16288_WT;Q16539_WT,O14965_WT;P07333_WT;P07949_WT;P10721_WT;P16234_WT;P17948_WT;P21802_WT;P30086_WT;P35916_WT;P35968_WT;Q8NE63_WT;Q9H1E3_WT;Q9UF33_WT;Q15759_WT;Q16288_WT,P07949_WT;P10721_WT;P16234_WT;P17948_WT;P30086_WT;P35916_WT;P35968_WT;Q9H1E3_WT;Q9UF33_WT;Q16288_WT,P10721_WT;P16234_WT;P17948_WT;P30086_WT;P35916_WT;P35968_WT;Q9H1E3_WT;Q9UF33_WT;Q16288_WT,P10721_WT;P16234_WT;P30086_WT;P35968_WT;Q9UF33_WT,,antineoplastic
Isoxicam,inactive,Cc1cc(NC(=O)C2=C(O)c3c(cccc3)S(=O)(=O)N2C)no1,spectrum,Cc1cc(NC(=O)C2C(=O)c3ccccc3S(=O)(=O)N2C)no1,"InChI=1S/C14H13N3O5S/c1-8-7-11(16-22-8)15-14(19)12-13(18)9-5-3-4-6-10(9)23(20,21)17(12)2/h3-7,12H,1-2H3,(H,15,16,19)",SPTMROWPYQRZSX-UHFFFAOYSA-N,SPTMROWPYQRZSX,Cc1cc(NC(=O)C2C(=O)c3ccccc3S(=O)(=O)N2C)no1,,,,,,,,inactive
Ly2784544,inactive,C1C(=NN2C(C=1CN3CCOCC3)=NC(=C2CC4=CC=C(C=C4F)Cl)C)NC5NN=C(C=5)C,selleckchem,Cc1cc(Nc2cc(CN3CCOCC3)c3nc(C)c(Cc4ccc(Cl)cc4F)n3n2)[nH]n1,"InChI=1S/C23H25ClFN7O/c1-14-9-21(29-28-14)27-22-11-17(13-31-5-7-33-8-6-31)23-26-15(2)20(32(23)30-22)10-16-3-4-18(24)12-19(16)25/h3-4,9,11-12H,5-8,10,13H2,1-2H3,(H2,27,28,29,30)",SQSZANZGUXWJEA-UHFFFAOYSA-N,SQSZANZGUXWJEA,Cc1cc(Nc2cc(CN3CCOCC3)c3nc(C)c(Cc4ccc(Cl)cc4F)n3n2)[nH]n1,O14965_WT,O14965_WT,O14965_WT,O14965_WT,,,,inactive
As-605240,inactive,C1(=CC=C2C(=C1)N=CC=N2)/C=C3\SC(NC3=O)=O,selleckchem,O=C1NC(=O)/C(=C/c2ccc3nccnc3c2)S1,"InChI=1S/C12H7N3O2S/c16-11-10(18-12(17)15-11)6-7-1-2-8-9(5-7)14-4-3-13-8/h1-6H,(H,15,16,17)/b10-6-",SQWZFLMPDUSYGV-POHAHGRESA-N,SQWZFLMPDUSYGV,O=C1NC(=O)/C(=C/c2ccc3nccnc3c2)S1,O00329_WT;P42336_WT;P42338_WT;P48736_WT;P49759_WT;Q9Y463_WT;Q13627_WT;Q92630_WT,O00329_WT;P42336_WT;P42338_WT;P48736_WT;P49759_WT;Q9Y463_WT;Q13627_WT;Q92630_WT,P42336_WT;P48736_WT;P49759_WT;Q9Y463_WT,P48736_WT,P48736_WT,,,inactive
As-604850,inactive,C12=C(C=CC(=C1)/C=C3\SC(NC3=O)=O)OC(O2)(F)F,selleckchem,O=C1NC(=O)/C(=C/c2ccc3c(c2)OC(F)(F)O3)S1,"InChI=1S/C11H5F2NO4S/c12-11(13)17-6-2-1-5(3-7(6)18-11)4-8-9(15)14-10(16)19-8/h1-4H,(H,14,15,16)/b8-4-",SRLVNYDXMUGOFI-YWEYNIOJSA-N,SRLVNYDXMUGOFI,O=C1NC(=O)/C(=C/c2ccc3c(c2)OC(F)(F)O3)S1,P48736_WT,P48736_WT,,,,,,inactive
Chloroguanide hydrochloride,inactive,CC(C)NC(=N)NC(=N)Nc1ccc(Cl)cc1,spectrum,CC(C)N=C(N)N=C(N)Nc1ccc(Cl)cc1,"InChI=1S/C11H16ClN5/c1-7(2)15-10(13)17-11(14)16-9-5-3-8(12)4-6-9/h3-7H,1-2H3,(H5,13,14,15,16,17)",SSOLNOMRVKKSON-UHFFFAOYSA-N,SSOLNOMRVKKSON,CC(C)N=C(N)N=C(N)Nc1ccc(Cl)cc1,O75496_WT,,,,,,,inactive
2'-methoxyformonetin,inactive,COc1cc(OC)c(-c2coc3cc(O)ccc3c2=O)cc1,spectrum,COc1ccc(-c2coc3cc(O)ccc3c2=O)c(OC)c1,"InChI=1S/C17H14O5/c1-20-11-4-6-12(15(8-11)21-2)14-9-22-16-7-10(18)3-5-13(16)17(14)19/h3-9,18H,1-2H3",SSRCYGATNWFTBJ-UHFFFAOYSA-N,SSRCYGATNWFTBJ,COc1ccc(-c2coc3cc(O)ccc3c2=O)c(OC)c1,,,,,,,,inactive
Scopolamine hydrobromide,inactive,CN1C2C[C@H](OC(=O)[C@H](CO)c3ccccc3)C[C@H]1[C@H]1OC21,spectrum,CN1C2C[C@H](OC(=O)C(CO)c3ccccc3)C[C@H]1[C@H]1OC21,"InChI=1S/C17H21NO4/c1-18-13-7-11(8-14(18)16-15(13)22-16)21-17(20)12(9-19)10-5-3-2-4-6-10/h2-6,11-16,19H,7-9H2,1H3/t11-,12?,13+,14?,15-,16?/m1/s1",STECJAGHUSJQJN-XWKDZPAASA-N,STECJAGHUSJQJN,CN1C2C[C@H](OC(=O)C(CO)c3ccccc3)C[C@H]1[C@H]1OC21,O89049_WT;P08172_WT;P08173_WT;P08482_WT;P08483_WT;P08912_WT;P10980_WT;P11229_WT;P20309_WT;P51450_WT;Q61143_WT,P08172_WT;P08173_WT;P08482_WT;P08483_WT;P08912_WT;P10980_WT;P11229_WT;P20309_WT;P51450_WT;Q61143_WT,P08172_WT;P08173_WT;P08482_WT;P08483_WT;P08912_WT;P10980_WT;P11229_WT;P20309_WT;P51450_WT;Q61143_WT,P08172_WT;P08173_WT;P08482_WT;P08483_WT;P08912_WT;P10980_WT;P11229_WT;P20309_WT;Q61143_WT,P08172_WT;P08173_WT;P08482_WT;P08483_WT;P10980_WT;P11229_WT;P20309_WT,P08482_WT;P08483_WT;P10980_WT,P08483_WT,inactive
Clenbuterol hydrochloride,inactive,CC(C)(C)NCC(O)c1cc(Cl)c(N)c(Cl)c1,spectrum,CC(C)(C)NCC(O)c1cc(Cl)c(N)c(Cl)c1,"InChI=1S/C12H18Cl2N2O/c1-12(2,3)16-6-10(17)7-4-8(13)11(15)9(14)5-7/h4-5,10,16-17H,6,15H2,1-3H3",STJMRWALKKWQGH-UHFFFAOYSA-N,STJMRWALKKWQGH,CC(C)(C)NCC(O)c1cc(Cl)c(N)c(Cl)c1,P07550_WT;P08588_WT,P08588_WT,P08588_WT,,,,,inactive
Byl719,antineoplastic,N1([C@@H](CCC1)C(=O)N)C(=O)NC2SC(=C(N=2)C)C3=CC(=NC=C3)C(C(F)(F)F)(C)C,selleckchem,Cc1nc(NC(=O)N2CCCC2C(N)=O)sc1-c1ccnc(C(C)(C)C(F)(F)F)c1,"InChI=1S/C19H22F3N5O2S/c1-10-14(11-6-7-24-13(9-11)18(2,3)19(20,21)22)30-16(25-10)26-17(29)27-8-4-5-12(27)15(23)28/h6-7,9,12H,4-5,8H2,1-3H3,(H2,23,28)(H,25,26,29)",STUWGJZDJHPWGZ-UHFFFAOYSA-N,STUWGJZDJHPWGZ,Cc1nc(NC(=O)N2CCCC2C(N)=O)sc1-c1ccnc(C(C)(C)C(F)(F)F)c1,O00329_WT;P42336_WT;P48736_WT,P42336_WT;P48736_WT,P42336_WT,P42336_WT,P42336_WT,,,antineoplastic
Pd0325901,inactive,C1=CC(=C(C(=C1C(=O)NOC[C@H](O)CO)NC2=CC=C(C=C2F)I)F)F,selleckchem,O=C(NOC[C@H](O)CO)c1ccc(F)c(F)c1Nc1ccc(I)cc1F,"InChI=1S/C16H14F3IN2O4/c17-11-3-2-10(16(25)22-26-7-9(24)6-23)15(14(11)19)21-13-4-1-8(20)5-12(13)18/h1-5,9,21,23-24H,6-7H2,(H,22,25)/t9-/m1/s1",SUDAHWBOROXANE-SECBINFHSA-N,SUDAHWBOROXANE,O=C(NOC[C@H](O)CO)c1ccc(F)c(F)c1Nc1ccc(I)cc1F,P11511_WT;P15056_WT;P28482_WT;P31938_WT;P36507_WT;Q02750_WT;Q13163_WT,P11511_WT;P15056_WT;P28482_WT;P31938_WT;P36507_WT;Q02750_WT,P11511_WT;P15056_WT;P28482_WT;P31938_WT;P36507_WT;Q02750_WT,P11511_WT;P15056_WT;P28482_WT;P31938_WT;Q02750_WT,P11511_WT;P15056_WT;P31938_WT,P31938_WT,P31938_WT,inactive
Az 960,inactive,C1=C(C(=NC(=C1F)NC2C=C(NN=2)C)N[C@H](C3=CC=C(C=C3)F)C)C#N,selleckchem,Cc1cc(Nc2nc(N[C@@H](C)c3ccc(F)cc3)c(C#N)cc2F)[nH]n1,"InChI=1S/C18H16F2N6/c1-10-7-16(26-25-10)23-18-15(20)8-13(9-21)17(24-18)22-11(2)12-3-5-14(19)6-4-12/h3-8,11H,1-2H3,(H3,22,23,24,25,26)/t11-/m0/s1",SUNXHXDJOIXABJ-NSHDSACASA-N,SUNXHXDJOIXABJ,Cc1cc(Nc2nc(N[C@@H](C)c3ccc(F)cc3)c(C#N)cc2F)[nH]n1,O60674_WT;P52333_WT,O60674_WT;P52333_WT,O60674_WT;P52333_WT,O60674_WT;P52333_WT,O60674_WT;P52333_WT,O60674_WT,O60674_WT,inactive
Deoxykhivorin,inactive,CC(=O)O[C@H]1C[C@@H](OC(C)=O)C(C)(C)C2C[C@@H](OC(C)=O)[C@@]3(C)C4=CC(=O)O[C@@H](c5cocc5)[C@]4(C)CCC3[C@]21C,spectrum,CC(=O)O[C@H]1C[C@@H](OC(C)=O)C(C)(C)C2C[C@@H](OC(C)=O)[C@@]3(C)C4=CC(=O)O[C@@H](c5ccoc5)[C@]4(C)CCC3[C@]21C,"InChI=1S/C32H42O9/c1-17(33)38-24-15-26(40-19(3)35)31(7)21-9-11-30(6)23(14-27(36)41-28(30)20-10-12-37-16-20)32(21,8)25(39-18(2)34)13-22(31)29(24,4)5/h10,12,14,16,21-22,24-26,28H,9,11,13,15H2,1-8H3/t21?,22?,24-,25-,26+,28+,30-,31-,32-/m1/s1",SUQFMFHTLHMZNM-SLBLICBISA-N,SUQFMFHTLHMZNM,CC(=O)O[C@H]1C[C@@H](OC(C)=O)C(C)(C)C2C[C@@H](OC(C)=O)[C@@]3(C)C4=CC(=O)O[C@@H](c5ccoc5)[C@]4(C)CCC3[C@]21C,,,,,,,,inactive
Butoconazole,inactive,Clc1ccc(CCC(Cn2ccnc2)Sc2c(Cl)cccc2Cl)cc1,spectrum,Clc1ccc(CCC(Cn2ccnc2)Sc2c(Cl)cccc2Cl)cc1,"InChI=1S/C19H17Cl3N2S/c20-15-7-4-14(5-8-15)6-9-16(12-24-11-10-23-13-24)25-19-17(21)2-1-3-18(19)22/h1-5,7-8,10-11,13,16H,6,9,12H2",SWLMUYACZKCSHZ-UHFFFAOYSA-N,SWLMUYACZKCSHZ,Clc1ccc(CCC(Cn2ccnc2)Sc2c(Cl)cccc2Cl)cc1,P08684_WT;P11712_WT;P33261_WT,P08684_WT;P11712_WT;P33261_WT,P11712_WT;P33261_WT,P11712_WT;P33261_WT,P33261_WT,P33261_WT,,inactive
Carapin,inactive,COC(=O)C[C@H]1C(C)(C)C(=O)[C@@H]2CC3C4=CC(=O)O[C@@H](c5cocc5)[C@]4(C)CCC3[C@]1(C)C2=O,spectrum,COC(=O)C[C@H]1C(C)(C)C(=O)C2CC3C4=CC(=O)O[C@@H](c5ccoc5)[C@]4(C)CCC3[C@]1(C)C2=O,"InChI=1S/C27H32O7/c1-25(2)19(12-20(28)32-5)27(4)17-6-8-26(3)18(15(17)10-16(22(25)30)23(27)31)11-21(29)34-24(26)14-7-9-33-13-14/h7,9,11,13,15-17,19,24H,6,8,10,12H2,1-5H3/t15?,16?,17?,19-,24-,26+,27-/m0/s1",SWTDXMBCOHIACK-LNORPFIUSA-N,SWTDXMBCOHIACK,COC(=O)C[C@H]1C(C)(C)C(=O)C2CC3C4=CC(=O)O[C@@H](c5ccoc5)[C@]4(C)CCC3[C@]1(C)C2=O,,,,,,,,inactive
Phenethyl caffeate,reducer,O=C(/C=C/c1ccc(O)c(O)c1)OCCc1ccccc1,spectrum,O=C(C=Cc1ccc(O)c(O)c1)OCCc1ccccc1,"InChI=1S/C17H16O4/c18-15-8-6-14(12-16(15)19)7-9-17(20)21-11-10-13-4-2-1-3-5-13/h1-9,12,18-19H,10-11H2",SWUARLUWKZWEBQ-UHFFFAOYSA-N,SWUARLUWKZWEBQ,O=C(C=Cc1ccc(O)c(O)c1)OCCc1ccccc1,O60218_WT;O94925_WT;P09917_WT;P15121_WT;P16050_WT;P23219_WT;P28482_WT,O60218_WT,O60218_WT,,,,,reducer
Securinine,inactive,O=C1C=C2C=C[C@@H]3C[C@@]2(O1)[C@H]1CCCCN31,spectrum,O=C1C=C2C=C[C@@H]3C[C@@]2(O1)[C@H]1CCCCN31,"InChI=1S/C13H15NO2/c15-12-7-9-4-5-10-8-13(9,16-12)11-3-1-2-6-14(10)11/h4-5,7,10-11H,1-3,6,8H2/t10-,11-,13+/m1/s1",SWZMSZQQJRKFBP-WZRBSPASSA-N,SWZMSZQQJRKFBP,O=C1C=C2C=C[C@@H]3C[C@@]2(O1)[C@H]1CCCCN31,P25094_WT,,,,,,,inactive
Bi6727,reducer,[C@H]1(C(N(C2=C(N1C(C)C)N=C(N=C2)NC3=CC=C(C=C3OC)C(N[C@@H]4CC[C@H](CC4)N5CCN(CC5)CC6CC6)=O)C)=O)CC,selleckchem,CCC1C(=O)N(C)c2cnc(Nc3ccc(C(=O)N[C@H]4CC[C@H](N5CCN(CC6CC6)CC5)CC4)cc3OC)nc2N1C(C)C,"InChI=1S/C34H50N8O3/c1-6-28-33(44)39(4)29-20-35-34(38-31(29)42(28)22(2)3)37-27-14-9-24(19-30(27)45-5)32(43)36-25-10-12-26(13-11-25)41-17-15-40(16-18-41)21-23-7-8-23/h9,14,19-20,22-23,25-26,28H,6-8,10-13,15-18,21H2,1-5H3,(H,36,43)(H,35,37,38)/t25-,26-,28?",SXNJFOWDRLKDSF-BGNFOQNFSA-N,SXNJFOWDRLKDSF,CCC1C(=O)N(C)c2cnc(Nc3ccc(C(=O)N[C@H]4CC[C@H](N5CCN(CC6CC6)CC5)CC4)cc3OC)nc2N1C(C)C,O00764_WT;O60885_WT;P06454_WT;P53350_WT;Q96RR4_WT;Q05397_WT,O00764_WT;O60885_WT;P06454_WT;P53350_WT;Q96RR4_WT,P06454_WT;P53350_WT,P06454_WT;P53350_WT,P06454_WT;P53350_WT,P06454_WT;P53350_WT,P53350_WT,reducer
Cefsulodin sodium,inactive,NC(=O)c1cc[n+](CC2=C(C(=O)O)N3C(=O)C(NC(=O)C(c4ccccc4)S(=O)(=O)[O-])C3SC2)cc1,spectrum,NC(=O)c1cc[n+](CC2=C(C(=O)O)N3C(=O)C(NC(=O)C(c4ccccc4)S(=O)(=O)O)C3SC2)cc1,"InChI=1S/C22H20N4O8S2/c23-18(27)13-6-8-25(9-7-13)10-14-11-35-21-15(20(29)26(21)16(14)22(30)31)24-19(28)17(36(32,33)34)12-4-2-1-3-5-12/h1-9,15,17,21H,10-11H2,(H4-,23,24,27,28,30,31,32,33,34)/p+1",SYLKGLMBLAAGSC-UHFFFAOYSA-O,SYLKGLMBLAAGSC,NC(=O)c1cc[n+](CC2=C(C(=O)O)N3C(=O)C(NC(=O)C(c4ccccc4)S(=O)(=O)O)C3SC2)cc1,O94925_WT;P25098_WT;Q9Y468_WT,P25098_WT;Q9Y468_WT,P25098_WT;Q9Y468_WT,,,,,inactive
Ranitidine hydrochloride,inactive,CN/C(=C\[N+](=O)[O-])NCCSCc1ccc(CN(C)C)o1,spectrum,CN=C(C[N+](=O)[O-])NCCSCc1ccc(CN(C)C)o1,"InChI=1S/C13H22N4O3S/c1-14-13(9-17(18)19)15-6-7-21-10-12-5-4-11(20-12)8-16(2)3/h4-5H,6-10H2,1-3H3,(H,14,15)",SYNOVMDJYWJCON-UHFFFAOYSA-N,SYNOVMDJYWJCON,CN=C(C[N+](=O)[O-])NCCSCc1ccc(CN(C)C)o1,P25021_WT;P25094_WT,P25021_WT;P25094_WT,P25021_WT;P25094_WT,P25094_WT,,,,inactive
Flurbiprofen,inactive,CC(C(=O)O)c1cc(F)c(-c2ccccc2)cc1,spectrum,CC(C(=O)O)c1ccc(-c2ccccc2)c(F)c1,"InChI=1S/C15H13FO2/c1-10(15(17)18)12-7-8-13(14(16)9-12)11-5-3-2-4-6-11/h2-10H,1H3,(H,17,18)",SYTBZMRGLBWNTM-UHFFFAOYSA-N,SYTBZMRGLBWNTM,CC(C(=O)O)c1ccc(-c2ccccc2)c(F)c1,P33261_WT;P35354_WT;Q05769_WT;Q63921_WT,Q63921_WT,,,,,,inactive
Ly2603618,reducer,C1=C(C(=CC(=C1OC[C@@H]2CNCCO2)NC(NC3=CN=C(C=N3)C)=O)Br)C,selleckchem,Cc1cnc(NC(=O)Nc2cc(Br)c(C)cc2OC[C@@H]2CNCCO2)cn1,"InChI=1S/C18H22BrN5O3/c1-11-5-16(27-10-13-8-20-3-4-26-13)15(6-14(11)19)23-18(25)24-17-9-21-12(2)7-22-17/h5-7,9,13,20H,3-4,8,10H2,1-2H3,(H2,22,23,24,25)/t13-/m0/s1",SYYBDNPGDKKJDU-ZDUSSCGKSA-N,SYYBDNPGDKKJDU,Cc1cnc(NC(=O)Nc2cc(Br)c(C)cc2OC[C@@H]2CNCCO2)cn1,O14757_WT,O14757_WT,O14757_WT,,,,,reducer
Metoclopramide hydrochloride,inactive,CCN(CC)CCNC(=O)c1c(OC)cc(N)c(Cl)c1,spectrum,CCN(CC)CCNC(=O)c1cc(Cl)c(N)cc1OC,"InChI=1S/C14H22ClN3O2/c1-4-18(5-2)7-6-17-14(19)10-8-11(15)12(16)9-13(10)20-3/h8-9H,4-7,16H2,1-3H3,(H,17,19)",TTWJBBZEZQICBI-UHFFFAOYSA-N,TTWJBBZEZQICBI,CCN(CC)CCNC(=O)c1cc(Cl)c(N)cc1OC,P05164_WT;P10635_WT;P14416_WT;P19020_WT;P35462_WT;P41595_WT;P61169_WT;Q13639_WT;Q62758_WT,P14416_WT;P19020_WT;P35462_WT;P61169_WT,P14416_WT;P19020_WT;P35462_WT,P35462_WT,,,,inactive
Ag-490,inactive,C1(=C(C=CC(=C1)/C=C(/C(NCC2=CC=CC=C2)=O)C#N)O)O,selleckchem,N#CC(=Cc1ccc(O)c(O)c1)C(=O)NCc1ccccc1,"InChI=1S/C17H14N2O3/c18-10-14(8-13-6-7-15(20)16(21)9-13)17(22)19-11-12-4-2-1-3-5-12/h1-9,20-21H,11H2,(H,19,22)",TUCIOBMMDDOEMM-UHFFFAOYSA-N,TUCIOBMMDDOEMM,N#CC(=Cc1ccc(O)c(O)c1)C(=O)NCc1ccccc1,O00444_WT;O94925_WT;P11712_WT;P14618_WT;Q9H4B4_WT;Q96GD4_WT,P11712_WT;P14618_WT,P14618_WT,P14618_WT,P14618_WT,,,inactive
Oxytetracycline,inactive,CN(C)[C@@H]1C(O)=C(C(N)=O)C(=O)[C@@]2(O)C(O)=C3C(=O)c4c(cccc4O)[C@@](C)(O)[C@H]3[C@H](O)[C@@H]12,spectrum,CN(C)C1C(=O)C(C(N)=O)C(=O)[C@@]2(O)C(=O)C3C(=O)c4c(O)cccc4[C@@](C)(O)[C@H]3[C@H](O)[C@@H]12,"InChI=1S/C22H24N2O9/c1-21(32)7-5-4-6-8(25)9(7)15(26)10-12(21)17(28)13-14(24(2)3)16(27)11(20(23)31)19(30)22(13,33)18(10)29/h4-6,10-14,17,25,28,32-33H,1-3H3,(H2,23,31)/t10?,11?,12-,13-,14?,17+,21-,22+/m1/s1",TUEWQXNXQFRUTK-QECGWZNDSA-N,TUEWQXNXQFRUTK,CN(C)C1C(=O)C(C(N)=O)C(=O)[C@@]2(O)C(=O)C3C(=O)c4c(O)cccc4[C@@](C)(O)[C@H]3[C@H](O)[C@@H]12,,,,,,,,inactive
Pi-103,reducer,C12=C(N=C(N=C1N3CCOCC3)C4=CC=CC(=C4)O)C5=C(O2)N=CC=C5,selleckchem,Oc1cccc(-c2nc(N3CCOCC3)c3oc4ncccc4c3n2)c1,"InChI=1S/C19H16N4O3/c24-13-4-1-3-12(11-13)17-21-15-14-5-2-6-20-19(14)26-16(15)18(22-17)23-7-9-25-10-8-23/h1-6,11,24H,7-10H2",TUVCWJQQGGETHL-UHFFFAOYSA-N,TUVCWJQQGGETHL,Oc1cccc(-c2nc(N3CCOCC3)c3oc4ncccc4c3n2)c1,O00329_WT;O00750_WT;O43293_WT;O75747_WT;P42336_C420R;P42336_E542K;P42336_E545A;P42336_E545K;P42336_H1047L;P42336_H1047Y;P42336_I800L;P42336_M1043I;P42336_Q546K;P42336_WT;P42338_WT;P42345_WT;P48736_WT;P78527_WT;Q8TBX8_WT;Q9BVS4_WT;Q9H2X6_WT;Q9H422_WT;Q56UN5_WT,O00329_WT;O00750_WT;O75747_WT;P42336_C420R;P42336_E542K;P42336_E545A;P42336_E545K;P42336_H1047L;P42336_H1047Y;P42336_I800L;P42336_M1043I;P42336_Q546K;P42336_WT;P42338_WT;P42345_WT;P48736_WT;P78527_WT;Q9H422_WT,O00329_WT;O00750_WT;O75747_WT;P42336_C420R;P42336_E542K;P42336_E545A;P42336_E545K;P42336_H1047L;P42336_H1047Y;P42336_I800L;P42336_M1043I;P42336_Q546K;P42336_WT;P42338_WT;P42345_WT;P48736_WT;P78527_WT,O00329_WT;O00750_WT;P42336_C420R;P42336_E542K;P42336_E545A;P42336_E545K;P42336_H1047L;P42336_H1047Y;P42336_I800L;P42336_M1043I;P42336_Q546K;P42336_WT;P42338_WT;P42345_WT;P48736_WT;P78527_WT,P42336_C420R;P42336_E542K;P42336_E545A;P42336_E545K;P42336_H1047L;P42336_H1047Y;P42336_I800L;P42336_M1043I;P42336_Q546K;P42336_WT;P42338_WT,P42336_C420R;P42336_E542K;P42336_E545A;P42336_E545K;P42336_I800L;P42336_M1043I;P42336_Q546K,,reducer
Pravastatin sodium,enhancer,CCC(C)C(=O)O[C@H]1C[C@H](O)C=C2C=C[C@H](C)[C@H](CC[C@@H](O)C[C@@H](O)CC(=O)O)C21,spectrum,CCC(C)C(=O)O[C@H]1C[C@H](O)C=C2C=C[C@H](C)[C@H](CC[C@@H](O)C[C@@H](O)CC(=O)O)C21,"InChI=1S/C23H36O7/c1-4-13(2)23(29)30-20-11-17(25)9-15-6-5-14(3)19(22(15)20)8-7-16(24)10-18(26)12-21(27)28/h5-6,9,13-14,16-20,22,24-26H,4,7-8,10-12H2,1-3H3,(H,27,28)/t13?,14-,16+,17+,18+,19-,20-,22?/m0/s1",TUZYXOIXSAXUGO-XYLZAPOUSA-N,TUZYXOIXSAXUGO,CCC(C)C(=O)O[C@H]1C[C@H](O)C=C2C=C[C@H](C)[C@H](CC[C@@H](O)C[C@@H](O)CC(=O)O)C21,P04035_WT;P51639_WT,P04035_WT;P51639_WT,P04035_WT;P51639_WT,P51639_WT,P51639_WT,,,enhancer
Pranoprofen,inactive,CC(C(=O)O)c1cc2c(cc1)Oc1c(cccn1)C2,spectrum,CC(C(=O)O)c1ccc2c(c1)Cc1cccnc1O2,"InChI=1S/C15H13NO3/c1-9(15(17)18)10-4-5-13-12(7-10)8-11-3-2-6-16-14(11)19-13/h2-7,9H,8H2,1H3,(H,17,18)",TVQZAMVBTVNYLA-UHFFFAOYSA-N,TVQZAMVBTVNYLA,CC(C(=O)O)c1ccc2c(c1)Cc1cccnc1O2,Q63921_WT,,,,,,,inactive
Fenoldopam mesylate,inactive,Oc1ccc(C2CNCCc3c(Cl)c(O)c(O)cc32)cc1,spectrum,Oc1ccc(C2CNCCc3c2cc(O)c(O)c3Cl)cc1,"InChI=1S/C16H16ClNO3/c17-15-11-5-6-18-8-13(9-1-3-10(19)4-2-9)12(11)7-14(20)16(15)21/h1-4,7,13,18-21H,5-6,8H2",TVURRHSHRRELCG-UHFFFAOYSA-N,TVURRHSHRRELCG,Oc1ccc(C2CNCCc3c2cc(O)c(O)c3Cl)cc1,P14416_WT;P18901_WT;P21728_WT;P29276_WT;P35363_WT;P61169_WT;P83916_WT;Q99714_WT,P18901_WT;P21728_WT;P29276_WT;P35363_WT;P61169_WT;P83916_WT,P18901_WT;P21728_WT;P29276_WT;P61169_WT;P83916_WT,P18901_WT;P61169_WT;P83916_WT,P18901_WT;P83916_WT,P18901_WT,,inactive
Tramadol hydrochloride,inactive,COc1cccc([C@]2(O)CCCC[C@H]2CN(C)C)c1,spectrum,COc1cccc([C@]2(O)CCCC[C@H]2CN(C)C)c1,"InChI=1S/C16H25NO2/c1-17(2)12-14-7-4-5-10-16(14,18)13-8-6-9-15(11-13)19-3/h6,8-9,11,14,18H,4-5,7,10,12H2,1-3H3/t14-,16+/m0/s1",TVYLLZQTGLZFBW-GOEBONIOSA-N,TVYLLZQTGLZFBW,COc1cccc([C@]2(O)CCCC[C@H]2CN(C)C)c1,P41143_WT;P41145_WT,P41143_WT;P41145_WT,P41143_WT;P41145_WT,P41143_WT;P41145_WT,P41143_WT,,,inactive
Aminopterin,inactive,Nc1nc2ncc(CNc3ccc(C(=O)NC(CCC(=O)O)C(=O)O)cc3)nc2c(N)n1,spectrum,Nc1nc(N)c2nc(CNc3ccc(C(=O)NC(CCC(=O)O)C(=O)O)cc3)cnc2n1,"InChI=1S/C19H20N8O5/c20-15-14-16(27-19(21)26-15)23-8-11(24-14)7-22-10-3-1-9(2-4-10)17(30)25-12(18(31)32)5-6-13(28)29/h1-4,8,12,22H,5-7H2,(H,25,30)(H,28,29)(H,31,32)(H4,20,21,23,26,27)",TVZGACDUOSZQKY-UHFFFAOYSA-N,TVZGACDUOSZQKY,Nc1nc(N)c2nc(CNc3ccc(C(=O)NC(CCC(=O)O)C(=O)O)cc3)cnc2n1,P00374_WT;P00375_WT;P04637_WT;P18113_WT;P70502_WT;Q16236_WT;Q16637_WT,P00374_WT;P00375_WT;P04637_WT;P18113_WT;Q16236_WT;Q16637_WT,P00374_WT;P00375_WT;P04637_WT;P18113_WT;Q16236_WT;Q16637_WT,P00374_WT;P00375_WT,,,,inactive
Acetaminosalol,inactive,CC(=O)Nc1ccc(OC(=O)c2c(O)cccc2)cc1,spectrum,CC(=O)Nc1ccc(OC(=O)c2ccccc2O)cc1,"InChI=1S/C15H13NO4/c1-10(17)16-11-6-8-12(9-7-11)20-15(19)13-4-2-3-5-14(13)18/h2-9,18H,1H3,(H,16,17)",TWIIVLKQFJBFPW-UHFFFAOYSA-N,TWIIVLKQFJBFPW,CC(=O)Nc1ccc(OC(=O)c2ccccc2O)cc1,Q9NUW8_WT,,,,,,,inactive
Clofibric acid,inactive,CC(C)(Oc1ccc(Cl)cc1)C(=O)O,spectrum,CC(C)(Oc1ccc(Cl)cc1)C(=O)O,"InChI=1S/C10H11ClO3/c1-10(2,9(12)13)14-8-5-3-7(11)4-6-8/h3-6H,1-2H3,(H,12,13)",TXCGAZHTZHNUAI-UHFFFAOYSA-N,TXCGAZHTZHNUAI,CC(C)(Oc1ccc(Cl)cc1)C(=O)O,P33261_WT,,,,,,,inactive
Diacerin,inactive,CC(=O)Oc1c2C(=O)c3c(cc(C(=O)O)cc3OC(C)=O)C(=O)c2ccc1,spectrum,CC(=O)Oc1cccc2c1C(=O)c1c(OC(C)=O)cc(C(=O)O)cc1C2=O,"InChI=1S/C19H12O8/c1-8(20)26-13-5-3-4-11-15(13)18(23)16-12(17(11)22)6-10(19(24)25)7-14(16)27-9(2)21/h3-7H,1-2H3,(H,24,25)",TYNLGDBUJLVSMA-UHFFFAOYSA-N,TYNLGDBUJLVSMA,CC(=O)Oc1cccc2c1C(=O)c1c(OC(C)=O)cc(C(=O)O)cc1C2=O,Q02083_WT,,,,,,,inactive
Erythromycin estolate,inactive,CCC(=O)O[C@H]1[C@H](O[C@@H]2[C@@H](C)[C@H](O[C@H]3C[C@@](C)(OC)[C@@H](O)[C@H](C)O3)[C@@H](C)C(=O)O[C@H](CC)[C@@](C)(O)[C@H](O)[C@@H](C)C(=O)[C@H](C)C[C@@]2(C)O)O[C@H](C)C[C@@H]1N(C)C,spectrum,CCC(=O)O[C@H]1[C@H](O[C@@H]2[C@@H](C)[C@H](O[C@H]3C[C@@](C)(OC)[C@@H](O)[C@H](C)O3)C(C)C(=O)O[C@H](CC)[C@@](C)(O)[C@H](O)C(C)C(=O)C(C)C[C@@]2(C)O)O[C@H](C)C[C@@H]1N(C)C,"InChI=1S/C40H71NO14/c1-15-27-40(11,48)33(44)22(5)30(43)20(3)18-38(9,47)35(55-37-32(53-28(42)16-2)26(41(12)13)17-21(4)50-37)23(6)31(24(7)36(46)52-27)54-29-19-39(10,49-14)34(45)25(8)51-29/h20-27,29,31-35,37,44-45,47-48H,15-19H2,1-14H3/t20?,21-,22?,23+,24?,25+,26+,27-,29+,31+,32-,33-,34+,35-,37+,38-,39-,40-/m1/s1",TYQXKHPOXXXCTP-NZIHIQOQSA-N,TYQXKHPOXXXCTP,CCC(=O)O[C@H]1[C@H](O[C@@H]2[C@@H](C)[C@H](O[C@H]3C[C@@](C)(OC)[C@@H](O)[C@H](C)O3)C(C)C(=O)O[C@H](CC)[C@@](C)(O)[C@H](O)C(C)C(=O)C(C)C[C@@]2(C)O)O[C@H](C)C[C@@H]1N(C)C,P08684_WT,,,,,,,inactive
Linezolid,inactive,CC(=O)NC[C@H]1CN(c2cc(F)c(N3CCOCC3)cc2)C(=O)O1,spectrum,CC(=O)NC[C@H]1CN(c2ccc(N3CCOCC3)c(F)c2)C(=O)O1,"InChI=1S/C16H20FN3O4/c1-11(21)18-9-13-10-20(16(22)24-13)12-2-3-15(14(17)8-12)19-4-6-23-7-5-19/h2-3,8,13H,4-7,9-10H2,1H3,(H,18,21)/t13-/m0/s1",TYZROVQLWOKYKF-ZDUSSCGKSA-N,TYZROVQLWOKYKF,CC(=O)NC[C@H]1CN(c2ccc(N3CCOCC3)c(F)c2)C(=O)O1,,,,,,,,inactive
Genistein,inactive,O=c1c(-c2ccc(O)cc2)coc2c1c(O)cc(O)c2,spectrum,O=c1c(-c2ccc(O)cc2)coc2cc(O)cc(O)c12,"InChI=1S/C15H10O5/c16-9-3-1-8(2-4-9)11-7-20-13-6-10(17)5-12(18)14(13)15(11)19/h1-7,16-18H",TZBJGXHYKVUXJN-UHFFFAOYSA-N,TZBJGXHYKVUXJN,O=c1c(-c2ccc(O)cc2)coc2cc(O)cc(O)c12,O95718_WT;P03372_WT;P04150_WT;P11474_WT;P27487_WT;P45985_WT;P51450_WT;Q06278_WT;Q92731_WT,P04150_WT;P11474_WT;Q92731_WT,P04150_WT;P11474_WT;Q92731_WT,P11474_WT;Q92731_WT,,,,inactive
Carbidopa,inactive,C[C@@](Cc1ccc(O)c(O)c1)(NN)C(=O)O,spectrum,C[C@@](Cc1ccc(O)c(O)c1)(NN)C(=O)O,"InChI=1S/C10H14N2O4/c1-10(12-11,9(15)16)5-6-2-3-7(13)8(14)4-6/h2-4,12-14H,5,11H2,1H3,(H,15,16)/t10-/m0/s1",TZFNLOMSOLWIDK-JTQLQIEISA-N,TZFNLOMSOLWIDK,C[C@@](Cc1ccc(O)c(O)c1)(NN)C(=O)O,Q99714_WT,,,,,,,inactive
Icariin,reducer,COc1ccc(-c2c(O[C@@H]3O[C@@H](C)[C@H](O)[C@@H](O)[C@H]3O)c(=O)c3c(O)cc(O[C@@H]4O[C@H](CO)[C@@H](O)[C@H](O)[C@H]4O)c(CC=C(C)C)c3o2)cc1,spectrum,COc1ccc(-c2oc3c(CC=C(C)C)c(O[C@@H]4O[C@H](CO)[C@@H](O)[C@H](O)[C@H]4O)cc(O)c3c(=O)c2O[C@@H]2O[C@@H](C)[C@H](O)[C@@H](O)[C@H]2O)cc1,"InChI=1S/C33H40O15/c1-13(2)5-10-17-19(45-33-28(42)26(40)23(37)20(12-34)46-33)11-18(35)21-24(38)31(48-32-27(41)25(39)22(36)14(3)44-32)29(47-30(17)21)15-6-8-16(43-4)9-7-15/h5-9,11,14,20,22-23,25-28,32-37,39-42H,10,12H2,1-4H3/t14-,20+,22-,23+,25+,26-,27+,28+,32-,33+/m0/s1",TZJALUIVHRYQQB-XLRXWWTNSA-N,TZJALUIVHRYQQB,COc1ccc(-c2oc3c(CC=C(C)C)c(O[C@@H]4O[C@H](CO)[C@@H](O)[C@H](O)[C@H]4O)cc(O)c3c(=O)c2O[C@@H]2O[C@@H](C)[C@H](O)[C@@H](O)[C@H]2O)cc1,,,,,,,,reducer
Anabasamine hydrochloride,inactive,CN1CCCCC1c1ccc(-c2cccnc2)nc1,spectrum,CN1CCCCC1c1ccc(-c2cccnc2)nc1,"InChI=1S/C16H19N3/c1-19-10-3-2-6-16(19)14-7-8-15(18-12-14)13-5-4-9-17-11-13/h4-5,7-9,11-12,16H,2-3,6,10H2,1H3",TZRDBHMKTWECOV-UHFFFAOYSA-N,TZRDBHMKTWECOV,CN1CCCCC1c1ccc(-c2cccnc2)nc1,,,,,,,,inactive
4'-hydroxychalcone,inactive,O=C(/C=C/c1ccccc1)c1ccc(O)cc1,spectrum,O=C(/C=C/c1ccccc1)c1ccc(O)cc1,"InChI=1S/C15H12O2/c16-14-9-7-13(8-10-14)15(17)11-6-12-4-2-1-3-5-12/h1-11,16H/b11-6+",UAHGNXFYLAJDIN-IZZDOVSWSA-N,UAHGNXFYLAJDIN,O=C(/C=C/c1ccccc1)c1ccc(O)cc1,P13726_WT;P27338_WT,P13726_WT;P27338_WT,P13726_WT,P13726_WT,P13726_WT,P13726_WT,P13726_WT,inactive
Bosutinib,antineoplastic,N1=CC(=C(C2=CC(=C(C=C12)OCCCN3CCN(CC3)C)OC)NC4C(=CC(=C(C=4)OC)Cl)Cl)C#N,selleckchem,COc1cc(Nc2c(C#N)cnc3cc(OCCCN4CCN(C)CC4)c(OC)cc23)c(Cl)cc1Cl,"InChI=1S/C26H29Cl2N5O3/c1-32-6-8-33(9-7-32)5-4-10-36-25-13-21-18(11-24(25)35-3)26(17(15-29)16-30-21)31-22-14-23(34-2)20(28)12-19(22)27/h11-14,16H,4-10H2,1-3H3,(H,30,31)",UBPYILGKFZZVDX-UHFFFAOYSA-N,UBPYILGKFZZVDX,COc1cc(Nc2c(C#N)cnc3cc(OCCCN4CCN(C)CC4)c(OC)cc23)c(Cl)cc1Cl,O00506_WT;O14936_WT;O14976_WT;O43283_WT;O43318_WT;O75116_WT;O94804_WT;O95819_WT;O96017_WT;P0C1S8_WT;P00519_WT;P00533_WT;P04629_WT;P06239_WT;P06241_WT;P07332_WT;P07333_WT;P07947_WT;P07948_WT;P08631_WT;P09619_WT;P09769_WT;P10721_WT;P11274_WT;P12931_WT;P16277_WT;P16591_WT;P21860_WT;P23443_WT;P29317_WT;P29320_WT;P29322_WT;P29323_WT;P30291_WT;P30530_WT;P36507_WT;P41240_WT;P42680_WT;P42681_WT;P42684_WT;P42685_WT;P43405_WT;P48729_WT;P48730_WT;P49674_WT;P49759_WT;P49761_WT;P51451_WT;P51617_WT;P51813_WT;P54756_WT;P54760_WT;P54762_WT;P54764_WT;P57059_WT;Q5S007_WT;Q6PHR2_WT;Q6XUX3_WT;Q8IU85_WT;Q8IVH8_WT;Q8IYT8_WT;Q8N4C8_WT;Q8NE63_WT;Q8NG66_WT;Q8TDR2_WT;Q9BQI3_WT;Q9BYT3_WT;Q9H0K1_WT;Q9H2G2_WT;Q9H2K8_WT;Q9H3Y6_WT;Q9H093_WT;Q9NRP7_WT;Q9NSY1_WT;Q9NWZ3_WT;Q9NYY3_WT;Q9P2K8_WT;Q9P289_WT;Q9UHD2_WT;Q9UKE5_WT;Q9UKI8_WT;Q9UM73_WT;Q9Y2H9_WT;Q9Y2K2_WT;Q9Y2U5_WT;Q9Y4K4_WT;Q9Y6E0_WT;Q56UN5_WT;Q59H18_WT;Q86Y07_WT;Q86Z02_WT;Q96RR4_WT;Q02750_WT;Q04759_WT;Q05397_WT;Q06187_WT;Q06418_WT;Q07912_WT;Q08345_WT;Q09013_WT;Q12851_WT;Q12852_WT;Q12866_WT;Q13043_WT;Q13188_WT;Q13233_WT;Q13464_WT;Q13555_WT;Q13873_WT;Q14164_WT;Q14289_WT;Q15303_WT;Q15746_WT;Q16620_WT;Q16816_WT;Q16832_WT;Q92918_WT;Q99640_WT,O14976_WT;O43318_WT;O94804_WT;O95819_WT;O96017_WT;P0C1S8_WT;P00519_WT;P00533_WT;P04629_WT;P06239_WT;P06241_WT;P07947_WT;P07948_WT;P08631_WT;P09619_WT;P09769_WT;P10721_WT;P11274_WT;P12931_WT;P16277_WT;P21860_WT;P29317_WT;P29320_WT;P29322_WT;P29323_WT;P36507_WT;P41240_WT;P42681_WT;P42684_WT;P42685_WT;P43405_WT;P48729_WT;P48730_WT;P49674_WT;P49761_WT;P51451_WT;P51813_WT;P54756_WT;P54760_WT;P54762_WT;P54764_WT;P57059_WT;Q8IU85_WT;Q8IVH8_WT;Q8N4C8_WT;Q8NE63_WT;Q8TDR2_WT;Q9BYT3_WT;Q9H0K1_WT;Q9H3Y6_WT;Q9H093_WT;Q9P2K8_WT;Q9P289_WT;Q9UKE5_WT;Q9Y2K2_WT;Q9Y2U5_WT;Q9Y4K4_WT;Q9Y6E0_WT;Q56UN5_WT;Q59H18_WT;Q02750_WT;Q06187_WT;Q06418_WT;Q07912_WT;Q08345_WT;Q09013_WT;Q12851_WT;Q12866_WT;Q13043_WT;Q13233_WT;Q14289_WT;Q15303_WT;Q16620_WT;Q16832_WT;Q92918_WT;Q99640_WT,O14976_WT;O94804_WT;O95819_WT;P00519_WT;P00533_WT;P06239_WT;P07948_WT;P08631_WT;P09769_WT;P11274_WT;P12931_WT;P16277_WT;P21860_WT;P29317_WT;P29320_WT;P29322_WT;P41240_WT;P42681_WT;P42684_WT;P42685_WT;P51451_WT;P51813_WT;P54756_WT;P54762_WT;P54764_WT;P57059_WT;Q8IVH8_WT;Q8N4C8_WT;Q8TDR2_WT;Q9BYT3_WT;Q9P289_WT;Q9UKE5_WT;Q9Y2K2_WT;Q9Y4K4_WT;Q9Y6E0_WT;Q56UN5_WT;Q02750_WT;Q06187_WT;Q06418_WT;Q07912_WT;Q09013_WT;Q12851_WT;Q15303_WT,O14976_WT;O95819_WT;P00519_WT;P00533_WT;P08631_WT;P09769_WT;P11274_WT;P12931_WT;P16277_WT;P21860_WT;P29320_WT;P29322_WT;P42684_WT;P42685_WT;P51451_WT;P51813_WT;P54756_WT;P57059_WT;Q8IVH8_WT;Q8N4C8_WT;Q8TDR2_WT;Q9UKE5_WT;Q9Y4K4_WT;Q56UN5_WT;Q02750_WT;Q06187_WT;Q07912_WT;Q15303_WT,O14976_WT;O95819_WT;P00519_WT;P09769_WT;P11274_WT;P12931_WT;P16277_WT;P21860_WT;P29320_WT;P29322_WT;P42685_WT;P51451_WT;P51813_WT;Q8IVH8_WT;Q8N4C8_WT;Q8TDR2_WT,P00519_WT;P09769_WT;P11274_WT;P21860_WT;P51813_WT;Q8TDR2_WT,P21860_WT,antineoplastic
Deferoxamine mesylate,inactive,CC(=O)N(O)CCCCCNC(=O)CCC(=O)N(O)CCCCCNC(=O)CCC(=O)N(O)CCCCCN,spectrum,CC(=O)N(O)CCCCCNC(=O)CCC(=O)N(O)CCCCCNC(=O)CCC(=O)N(O)CCCCCN,"InChI=1S/C25H48N6O8/c1-21(32)29(37)18-9-3-6-16-27-22(33)12-14-25(36)31(39)20-10-4-7-17-28-23(34)11-13-24(35)30(38)19-8-2-5-15-26/h37-39H,2-20,26H2,1H3,(H,27,33)(H,28,34)",UBQYURCVBFRUQT-UHFFFAOYSA-N,UBQYURCVBFRUQT,CC(=O)N(O)CCCCCNC(=O)CCC(=O)N(O)CCCCCNC(=O)CCC(=O)N(O)CCCCCN,,,,,,,,inactive
Carzenide,inactive,NS(=O)(=O)c1ccc(C(=O)O)cc1,spectrum,NS(=O)(=O)c1ccc(C(=O)O)cc1,"InChI=1S/C7H7NO4S/c8-13(11,12)6-3-1-5(2-4-6)7(9)10/h1-4H,(H,9,10)(H2,8,11,12)",UCAGLBKTLXCODC-UHFFFAOYSA-N,UCAGLBKTLXCODC,NS(=O)(=O)c1ccc(C(=O)O)cc1,O43570_WT;P00915_WT;P00918_WT;P23280_WT;P43166_WT;Q9ULX7_WT;Q16790_WT,O43570_WT;P00918_WT;P43166_WT;Q16790_WT,O43570_WT;P43166_WT;Q16790_WT,,,,,inactive
Topotecan hydrochloride,antineoplastic,CC[C@@]1(O)C(=O)OCc2c1cc1-c3nc4ccc(O)c(CN(C)C)c4cc3Cn1c2=O,spectrum,CC[C@@]1(O)C(=O)OCc2c1cc1n(c2=O)Cc2cc3c(CN(C)C)c(O)ccc3nc2-1,"InChI=1S/C23H23N3O5/c1-4-23(30)16-8-18-20-12(9-26(18)21(28)15(16)11-31-22(23)29)7-13-14(10-25(2)3)19(27)6-5-17(13)24-20/h5-8,27,30H,4,9-11H2,1-3H3/t23-/m0/s1",UCFGDBYHRUNTLO-QHCPKHFHSA-N,UCFGDBYHRUNTLO,CC[C@@]1(O)C(=O)OCc2c1cc1n(c2=O)Cc2cc3c(CN(C)C)c(O)ccc3nc2-1,P11387_WT;Q16637_WT;Q16665_WT,Q16665_WT,Q16665_WT,,,,,antineoplastic
Streptomycin sulfate,inactive,CN[C@@H]1[C@H](OC2[C@H](O[C@@H]3[C@@H](NC(=N)N)[C@H](O)[C@@H](NC(=N)N)[C@H](O)[C@H]3O)O[C@@H](C)[C@]2(O)C=O)O[C@@H](CO)[C@H](O)[C@H]1O,spectrum,CN[C@@H]1[C@H](OC2[C@H](O[C@H]3[C@H](O)[C@@H](O)[C@H](N=C(N)N)[C@@H](O)[C@@H]3N=C(N)N)O[C@@H](C)[C@]2(O)C=O)O[C@@H](CO)[C@H](O)[C@H]1O,"InChI=1S/C21H39N7O12/c1-5-21(36,4-30)16(40-17-9(26-2)13(34)10(31)6(3-29)38-17)18(37-5)39-15-8(28-20(24)25)11(32)7(27-19(22)23)12(33)14(15)35/h4-18,26,29,31-36H,3H2,1-2H3,(H4,22,23,27)(H4,24,25,28)/t5-,6-,7+,8-,9-,10-,11+,12-,13-,14+,15+,16?,17-,18-,21+/m0/s1",UCSJYZPVAKXKNQ-HUOHZKRVSA-N,UCSJYZPVAKXKNQ,CN[C@@H]1[C@H](OC2[C@H](O[C@H]3[C@H](O)[C@@H](O)[C@H](N=C(N)N)[C@@H](O)[C@@H]3N=C(N)N)O[C@@H](C)[C@]2(O)C=O)O[C@@H](CO)[C@H](O)[C@H]1O,,,,,,,,inactive
Adenosine phosphate,inactive,Nc1ncnc2c1ncn2C1O[C@H](COP(=O)(O)O)[C@@H](O)[C@H]1O,spectrum,Nc1ncnc2c1ncn2C1O[C@H](COP(=O)(O)O)[C@@H](O)[C@H]1O,"InChI=1S/C10H14N5O7P/c11-8-5-9(13-2-12-8)15(3-14-5)10-7(17)6(16)4(22-10)1-21-23(18,19)20/h2-4,6-7,10,16-17H,1H2,(H2,11,12,13)(H2,18,19,20)/t4-,6-,7-,10?/m1/s1",UDMBCSSLTHHNCD-VTHZCTBJSA-N,UDMBCSSLTHHNCD,Nc1ncnc2c1ncn2C1O[C@H](COP(=O)(O)O)[C@@H](O)[C@H]1O,P12931_WT;P30542_WT;P41231_WT;P51450_WT,P12931_WT;P51450_WT,,,,,,inactive
Thalidomide,inactive,O=C1CCC(N2C(=O)c3ccccc3C2=O)C(=O)N1,spectrum,O=C1CCC(N2C(=O)c3ccccc3C2=O)C(=O)N1,"InChI=1S/C13H10N2O4/c16-10-6-5-9(11(17)14-10)15-12(18)7-3-1-2-4-8(7)13(15)19/h1-4,9H,5-6H2,(H,14,16,17)",UEJJHQNACJXSKW-UHFFFAOYSA-N,UEJJHQNACJXSKW,O=C1CCC(N2C(=O)c3ccccc3C2=O)C(=O)N1,,,,,,,,inactive
Mianserin hydrochloride,inactive,CN1CCN2c3c(cccc3)Cc3c(cccc3)C2C1,spectrum,CN1CCN2c3ccccc3Cc3ccccc3C2C1,"InChI=1S/C18H20N2/c1-19-10-11-20-17-9-5-3-7-15(17)12-14-6-2-4-8-16(14)18(20)13-19/h2-9,18H,10-13H2,1H3",UEQUQVLFIPOEMF-UHFFFAOYSA-N,UEQUQVLFIPOEMF,CN1CCN2c3ccccc3Cc3ccccc3C2C1,P08172_WT;P08173_WT;P08908_WT;P08909_WT;P08912_WT;P08913_WT;P11229_WT;P14842_WT;P15823_WT;P18089_WT;P18825_WT;P19327_WT;P20309_WT;P21728_WT;P23975_WT;P25100_WT;P28221_WT;P28223_WT;P28335_WT;P32305_WT;P34969_WT;P35348_WT;P35367_WT;P41595_WT;P43140_WT;P50406_WT;Q9WTR4_WT,P08909_WT;P08912_WT;P08913_WT;P14842_WT;P15823_WT;P18089_WT;P18825_WT;P23975_WT;P25100_WT;P28223_WT;P28335_WT;P32305_WT;P34969_WT;P35367_WT;P41595_WT;P43140_WT;P50406_WT;Q9WTR4_WT,P08909_WT;P08913_WT;P14842_WT;P15823_WT;P18089_WT;P18825_WT;P25100_WT;P28223_WT;P28335_WT;P32305_WT;P34969_WT;P35367_WT;P41595_WT;P50406_WT,P08909_WT;P08913_WT;P14842_WT;P18825_WT;P28223_WT;P28335_WT;P35367_WT;P41595_WT,P08909_WT;P08913_WT;P14842_WT;P18825_WT;P28223_WT;P28335_WT;P35367_WT;P41595_WT,P08909_WT;P35367_WT,,inactive
Kobusone,inactive,CC1(C)C[C@@H]2C(=O)CC[C@H]3O[C@]3(C)CC[C@H]21,spectrum,CC1(C)CC2C(=O)CC[C@H]3O[C@]3(C)CC[C@H]21,"InChI=1S/C14H22O2/c1-13(2)8-9-10(13)6-7-14(3)12(16-14)5-4-11(9)15/h9-10,12H,4-8H2,1-3H3/t9?,10-,12-,14-/m1/s1",UETZJEZFLKASPR-UMCKLLGTSA-N,UETZJEZFLKASPR,CC1(C)CC2C(=O)CC[C@H]3O[C@]3(C)CC[C@H]21,,,,,,,,inactive
Cay10505,inactive,C1(=CC=C(C=C1)C2OC(=CC=2)/C=C3\C(NC(S3)=O)=O)F,selleckchem,O=C1NC(=O)/C(=C\c2ccc(-c3ccc(F)cc3)o2)S1,"InChI=1S/C14H8FNO3S/c15-9-3-1-8(2-4-9)11-6-5-10(19-11)7-12-13(17)16-14(18)20-12/h1-7H,(H,16,17,18)/b12-7+",UFBTYTGRUBUUIL-KPKJPENVSA-N,UFBTYTGRUBUUIL,O=C1NC(=O)/C(=C\c2ccc(-c3ccc(F)cc3)o2)S1,P08069_WT,,,,,,,inactive
Mgcd-265,inactive,C1(=CC=CC=C1)CC(NC(NC2=CC=C(C(=C2)F)OC3=C4C(=NC=C3)C=C(S4)C5N=CN(C=5)C)=S)=O,selleckchem,Cn1cnc(-c2cc3nccc(Oc4ccc(NC(=S)NC(=O)Cc5ccccc5)cc4F)c3s2)c1,"InChI=1S/C26H20FN5O2S2/c1-32-14-20(29-15-32)23-13-19-25(36-23)22(9-10-28-19)34-21-8-7-17(12-18(21)27)30-26(35)31-24(33)11-16-5-3-2-4-6-16/h2-10,12-15H,11H2,1H3,(H2,30,31,33,35)",UFICVEHDQUKCEA-UHFFFAOYSA-N,UFICVEHDQUKCEA,Cn1cnc(-c2cc3nccc(Oc4ccc(NC(=S)NC(=O)Cc5ccccc5)cc4F)c3s2)c1,O14965_WT;O95819_WT;P00519_WT;P06239_WT;P07948_WT;P08581_WT;P08631_WT;P11274_WT;P12931_WT;P35968_WT;P36888_WT;P42684_WT;Q08345_WT;Q13432_WT;Q13882_WT;Q99835_WT,O14965_WT;P00519_WT;P06239_WT;P08581_WT;P08631_WT;P35968_WT;P36888_WT;P42684_WT;Q13432_WT;Q99835_WT,P06239_WT;P08581_WT;P35968_WT;Q13432_WT;Q99835_WT,P35968_WT,P35968_WT,,,inactive
Tripelennamine citrate,inactive,CN(C)CCN(Cc1ccccc1)c1ncccc1,spectrum,CN(C)CCN(Cc1ccccc1)c1ccccn1,"InChI=1S/C16H21N3/c1-18(2)12-13-19(16-10-6-7-11-17-16)14-15-8-4-3-5-9-15/h3-11H,12-14H2,1-2H3",UFLGIAIHIAPJJC-UHFFFAOYSA-N,UFLGIAIHIAPJJC,CN(C)CCN(Cc1ccccc1)c1ccccn1,P03372_WT;P35367_WT;P51450_WT;Q16637_WT,P03372_WT;P35367_WT;P51450_WT,P03372_WT;P35367_WT;P51450_WT,,,,,inactive
Chloranil,inactive,O=C1C(Cl)=C(Cl)C(=O)C(Cl)=C1Cl,spectrum,O=C1C(Cl)=C(Cl)C(=O)C(Cl)=C1Cl,InChI=1S/C6Cl4O2/c7-1-2(8)6(12)4(10)3(9)5(1)11,UGNWTBMOAKPKBL-UHFFFAOYSA-N,UGNWTBMOAKPKBL,O=C1C(Cl)=C(Cl)C(=O)C(Cl)=C1Cl,O00748_WT;P00352_WT;P06276_WT;P16050_WT;P22303_WT;P23141_WT;Q99714_WT,O00748_WT;P06276_WT;P16050_WT;P22303_WT;P23141_WT,O00748_WT;P23141_WT,,,,,inactive
Inosine,inactive,O=c1[nH]cnc2c1ncn2C1O[C@H](CO)[C@@H](O)[C@H]1O,spectrum,O=c1[nH]cnc2c1ncn2C1O[C@H](CO)[C@@H](O)[C@H]1O,"InChI=1S/C10H12N4O5/c15-1-4-6(16)7(17)10(19-4)14-3-13-5-8(14)11-2-12-9(5)18/h2-4,6-7,10,15-17H,1H2,(H,11,12,18)/t4-,6-,7-,10?/m1/s1",UGQMRVRMYYASKQ-VTHZCTBJSA-N,UGQMRVRMYYASKQ,O=c1[nH]cnc2c1ncn2C1O[C@H](CO)[C@@H](O)[C@H]1O,Q9NUW8_WT,,,,,,,inactive
Cytarabine,antineoplastic,Nc1nc(=O)n(C2O[C@H](CO)[C@@H](O)[C@@H]2O)cc1,spectrum,Nc1ccn(C2O[C@H](CO)[C@@H](O)[C@@H]2O)c(=O)n1,"InChI=1S/C9H13N3O5/c10-5-1-2-12(9(16)11-5)8-7(15)6(14)4(3-13)17-8/h1-2,4,6-8,13-15H,3H2,(H2,10,11,16)/t4-,6-,7+,8?/m1/s1",UHDGCWIWMRVCDJ-STUHELBRSA-N,UHDGCWIWMRVCDJ,Nc1ccn(C2O[C@H](CO)[C@@H](O)[C@@H]2O)c(=O)n1,B2RXH2_WT;P04637_WT;P18113_WT;Q9NUW8_WT;Q00987_WT,P04637_WT;P18113_WT;Q9NUW8_WT;Q00987_WT,P18113_WT;Q9NUW8_WT;Q00987_WT,Q9NUW8_WT;Q00987_WT,,,,antineoplastic
3-nor-3-oxopanasinsan-6-ol,inactive,CC1(C)CC23C(=O)CCC(O)C2(C)CCC13,spectrum,CC1(C)CC23C(=O)CCC(O)C2(C)CCC13,"InChI=1S/C14H22O2/c1-12(2)8-14-9(12)6-7-13(14,3)10(15)4-5-11(14)16/h9-10,15H,4-8H2,1-3H3",UHRWOVVMQAASAO-UHFFFAOYSA-N,UHRWOVVMQAASAO,CC1(C)CC23C(=O)CCC(O)C2(C)CCC13,,,,,,,,inactive
Vandetanib,antineoplastic,C12=C(C(=NC=N1)NC3=C(C=C(C=C3)Br)F)C=C(C(=C2)OCC4CCN(CC4)C)OC,selleckchem,COc1cc2c(Nc3ccc(Br)cc3F)ncnc2cc1OCC1CCN(C)CC1,"InChI=1S/C22H24BrFN4O2/c1-28-7-5-14(6-8-28)12-30-21-11-19-16(10-20(21)29-2)22(26-13-25-19)27-18-4-3-15(23)9-17(18)24/h3-4,9-11,13-14H,5-8,12H2,1-2H3,(H,25,26,27)",UHTHHESEBZOYNR-UHFFFAOYSA-N,UHTHHESEBZOYNR,COc1cc2c(Nc3ccc(Br)cc3F)ncnc2cc1OCC1CCN(C)CC1,O00238_WT;O00444_WT;O14976_WT;O15197_WT;O15357_WT;O43353_WT;O75116_WT;O94804_WT;O95819_WT;P00519_E255K;P00519_F317I;P00519_F317L;P00519_H396P;P00519_M351T;P00519_Q252H;P00519_T315I;P00519_WT;P00519_Y253F;P00533_A750P;P00533_G719C;P00533_G719S;P00533_L858R;P00533_L858R_T790M;P00533_L861Q;P00533_P753S;P00533_T790M;P00533_WT;P06239_WT;P06241_WT;P07947_WT;P07948_WT;P07949_M918T;P07949_WT;P08631_WT;P09619_WT;P09769_WT;P10721_A829P;P10721_D816H;P10721_D816V;P10721_L576P;P10721_V559D;P10721_V559D_V654A;P10721_WT;P11274_WT;P12931_WT;P16234_WT;P17948_WT;P21709_WT;P21860_WT;P29322_WT;P29323_WT;P29376_WT;P30530_WT;P35916_WT;P35968_WT;P36888_D835H;P36888_D835Y;P36888_K663Q;P37023_WT;P42684_WT;P42685_WT;P51451_WT;P54756_WT;P54760_WT;P54762_WT;P57078_WT;P68370_WT;Q8TDR2_WT;Q9BUB5_WT;Q9H0K1_WT;Q9H2G2_WT;Q9NWZ3_WT;Q9UF33_WT;Q9UK32_WT;Q9Y4K4_WT;Q56UN5_WT;Q04771_WT;Q06418_WT;Q08345_WT;Q13163_WT;Q13882_WT;Q15303_WT;Q15418_WT;Q16832_WT,O00238_WT;O14976_WT;O15197_WT;O43353_WT;P00519_F317L;P00519_H396P;P00519_M351T;P00519_Q252H;P00519_T315I;P00519_WT;P00519_Y253F;P00533_A750P;P00533_G719C;P00533_G719S;P00533_L858R;P00533_L858R_T790M;P00533_L861Q;P00533_P753S;P00533_T790M;P00533_WT;P06239_WT;P07947_WT;P07948_WT;P07949_M918T;P07949_WT;P09619_WT;P10721_A829P;P10721_D816V;P10721_L576P;P10721_V559D;P10721_WT;P12931_WT;P16234_WT;P17948_WT;P21709_WT;P21860_WT;P29322_WT;P30530_WT;P35916_WT;P35968_WT;P36888_K663Q;P42684_WT;P42685_WT;P51451_WT;P54756_WT;Q8TDR2_WT;Q9H2G2_WT;Q9NWZ3_WT;Q9UF33_WT;Q9UK32_WT;Q04771_WT;Q06418_WT;Q08345_WT;Q13163_WT;Q13882_WT,O14976_WT;O15197_WT;O43353_WT;P00519_F317L;P00519_H396P;P00519_M351T;P00519_Q252H;P00519_T315I;P00519_Y253F;P00533_A750P;P00533_G719C;P00533_G719S;P00533_L858R;P00533_L861Q;P00533_P753S;P00533_WT;P06239_WT;P07949_M918T;P07949_WT;P10721_A829P;P12931_WT;P29322_WT;P35968_WT;P42684_WT;P51451_WT;Q8TDR2_WT;Q9H2G2_WT;Q9NWZ3_WT;Q9UF33_WT;Q06418_WT;Q13163_WT,O43353_WT;P00519_H396P;P00533_A750P;P00533_G719C;P00533_G719S;P00533_L858R;P00533_L861Q;P00533_P753S;P00533_WT;P07949_M918T,P00533_G719C;P00533_G719S;P00533_L858R;P00533_P753S,,,antineoplastic
Trimetazidine dihydrochloride,inactive,COc1ccc(CN2CCNCC2)c(OC)c1OC,spectrum,COc1ccc(CN2CCNCC2)c(OC)c1OC,"InChI=1S/C14H22N2O3/c1-17-12-5-4-11(13(18-2)14(12)19-3)10-16-8-6-15-7-9-16/h4-5,15H,6-10H2,1-3H3",UHWVSEOVJBQKBE-UHFFFAOYSA-N,UHWVSEOVJBQKBE,COc1ccc(CN2CCNCC2)c(OC)c1OC,,,,,,,,inactive
Bepridil hydrochloride,inactive,CC(C)COCC(CN(Cc1ccccc1)c1ccccc1)N1CCCC1,spectrum,CC(C)COCC(CN(Cc1ccccc1)c1ccccc1)N1CCCC1,"InChI=1S/C24H34N2O/c1-21(2)19-27-20-24(25-15-9-10-16-25)18-26(23-13-7-4-8-14-23)17-22-11-5-3-6-12-22/h3-8,11-14,21,24H,9-10,15-20H2,1-2H3",UIEATEWHFDRYRU-UHFFFAOYSA-N,UIEATEWHFDRYRU,CC(C)COCC(CN(Cc1ccccc1)c1ccccc1)N1CCCC1,P10635_WT;Q12809_WT,P10635_WT,P10635_WT,P10635_WT,,,,inactive
1.2alpha-EPOXYDEACETOXYDIHYDROGEDUNIN,inactive,CC1(C)C(=O)[C@@H]2O[C@@H]2[C@@]2(C)C1C[C@@H](O)[C@]1(C)C2CC[C@@]2(C)[C@H](c3cocc3)OC(=O)C3OC321,spectrum,CC1(C)C(=O)C2O[C@@H]2[C@@]2(C)C1C[C@@H](O)[C@]1(C)C2CC[C@@]2(C)[C@H](c3ccoc3)OC(=O)C3OC321,"InChI=1S/C26H32O7/c1-22(2)14-10-15(27)25(5)13(24(14,4)19-16(31-19)17(22)28)6-8-23(3)18(12-7-9-30-11-12)32-21(29)20-26(23,25)33-20/h7,9,11,13-16,18-20,27H,6,8,10H2,1-5H3/t13?,14?,15-,16?,18+,19+,20?,23+,24-,25+,26?/m1/s1",UIUKQADPLSFRBN-HXYBGVPKSA-N,UIUKQADPLSFRBN,CC1(C)C(=O)C2O[C@@H]2[C@@]2(C)C1C[C@@H](O)[C@]1(C)C2CC[C@@]2(C)[C@H](c3ccoc3)OC(=O)C3OC321,,,,,,,,inactive
Tanshinone iia sulfonate sodium,inactive,Cc1c(S(=O)(=O)O)oc2c1C(=O)C(=O)c1c3CCCC(C)(C)c3ccc-21,spectrum,Cc1c(S(=O)(=O)O)oc2c1C(=O)C(=O)c1c-2ccc2c1CCCC2(C)C,"InChI=1S/C19H18O6S/c1-9-13-15(20)16(21)14-10-5-4-8-19(2,3)12(10)7-6-11(14)17(13)25-18(9)26(22,23)24/h6-7H,4-5,8H2,1-3H3,(H,22,23,24)",UJCACMLMPLLRGW-UHFFFAOYSA-N,UJCACMLMPLLRGW,Cc1c(S(=O)(=O)O)oc2c1C(=O)C(=O)c1c-2ccc2c1CCCC2(C)C,,,,,,,,inactive
Tg100-115,inactive,C1(=C(N=C2C(=N1)C(=NC(=N2)N)N)C3=CC=CC(=C3)O)C4=CC(=CC=C4)O,selleckchem,Nc1nc(N)c2nc(-c3cccc(O)c3)c(-c3cccc(O)c3)nc2n1,"InChI=1S/C18H14N6O2/c19-16-15-17(24-18(20)23-16)22-14(10-4-2-6-12(26)8-10)13(21-15)9-3-1-5-11(25)7-9/h1-8,25-26H,(H4,19,20,22,23,24)",UJIAQDJKSXQLIT-UHFFFAOYSA-N,UJIAQDJKSXQLIT,Nc1nc(N)c2nc(-c3cccc(O)c3)c(-c3cccc(O)c3)nc2n1,O00329_WT;O00750_WT;O43353_WT;O60331_WT;O75716_WT;O75747_WT;O94806_WT;P04626_WT;P23458_WT;P27707_WT;P29597_WT;P36888_WT;P42336_C420R;P42336_E542K;P42336_E545A;P42336_E545K;P42336_H1047L;P42336_H1047Y;P42336_I800L;P42336_M1043I;P42336_Q546K;P42336_WT;P42345_WT;P48729_WT;P48736_WT;P49759_WT;P49760_WT;P57078_WT;Q7L7X3_WT;Q8NI60_WT;Q8TBX8_WT;Q8TDC3_WT;Q9BUB5_WT;Q9BX84_WT;Q9HAZ1_WT;Q9HBH9_WT;Q9UBF8_WT;Q9UK32_WT;Q9Y463_WT;Q14C86_WT;Q10567_WT;Q13627_WT;Q15418_WT,O00329_WT;O00750_WT;O60331_WT;O75747_WT;P27707_WT;P42336_C420R;P42336_E542K;P42336_E545A;P42336_E545K;P42336_H1047L;P42336_H1047Y;P42336_I800L;P42336_M1043I;P42336_Q546K;P42336_WT;P48736_WT;P49759_WT;P49760_WT;P57078_WT;Q8NI60_WT;Q9BX84_WT;Q9HAZ1_WT;Q10567_WT,O00750_WT;O75747_WT;P27707_WT;P42336_C420R;P42336_E542K;P42336_E545A;P42336_E545K;P42336_Q546K;P42336_WT;P48736_WT;P49760_WT;P57078_WT;Q8NI60_WT;Q9BX84_WT;Q10567_WT,O00750_WT;O75747_WT;P27707_WT;Q9BX84_WT,O00750_WT;O75747_WT;Q9BX84_WT,,,inactive
Tofacitinib,inactive,N1=CN=C2C(=C1N(C)[C@H]3CN(CC[C@@H]3C)C(=O)CC#N)C=CN2,selleckchem,C[C@H]1CCN(C(=O)CC#N)C[C@@H]1N(C)c1ncnc2[nH]ccc12,"InChI=1S/C16H20N6O/c1-11-5-8-22(14(23)3-6-17)9-13(11)21(2)16-12-4-7-18-15(12)19-10-20-16/h4,7,10-11,13H,3,5,8-9H2,1-2H3,(H,18,19,20)/t11-,13-/m0/s1",UJLAWZDWDVHWOW-AAEUAGOBSA-N,UJLAWZDWDVHWOW,C[C@H]1CCN(C(=O)CC#N)C[C@@H]1N(C)c1ncnc2[nH]ccc12,O60674_WT;O75116_WT;P23458_WT;P29597_WT;P52333_WT;Q5S007_G2019S;Q5S007_WT;Q9C098_WT;Q9H093_WT;Q9NQS7_WT;Q9P2K8_S808G;Q13464_WT;Q13470_WT;Q15349_WT;Q16512_WT;Q62137_WT,O60674_WT;P23458_WT;P29597_WT;P52333_WT;Q9C098_WT;Q9NQS7_WT;Q9P2K8_S808G;Q13470_WT;Q16512_WT;Q62137_WT,O60674_WT;P23458_WT;P29597_WT;P52333_WT;Q9C098_WT;Q9NQS7_WT;Q16512_WT,O60674_WT;P23458_WT;P52333_WT;Q9C098_WT,P23458_WT;P52333_WT;Q9C098_WT,P52333_WT,,inactive
Canrenone,inactive,C[C@]12CCC3C(C=CC4=CC(=O)CC[C@@]43C)C1CC[C@@]21CCC(=O)O1,spectrum,C[C@]12CCC(=O)C=C1C=CC1C2CC[C@@]2(C)C1CC[C@@]21CCC(=O)O1,"InChI=1S/C22H28O3/c1-20-9-5-15(23)13-14(20)3-4-16-17(20)6-10-21(2)18(16)7-11-22(21)12-8-19(24)25-22/h3-4,13,16-18H,5-12H2,1-2H3/t16?,17?,18?,20-,21-,22+/m0/s1",UJVLDDZCTMKXJK-GMTJQTPWSA-N,UJVLDDZCTMKXJK,C[C@]12CCC(=O)C=C1C=CC1C2CC[C@@]2(C)C1CC[C@@]21CCC(=O)O1,,,,,,,,inactive
8-hydroxycarapinic acid,inactive,CC1(C)C(=O)[C@@H]2C[C@@]3(O)C4=CC(=O)O[C@@H](c5cocc5)[C@]4(C)CCC3[C@@](C)(C2=O)[C@H]1CC(=O)O,spectrum,CC1(C)C(=O)C2C[C@@]3(O)C4=CC(=O)O[C@@H](c5ccoc5)[C@]4(C)CCC3[C@@](C)(C2=O)[C@H]1CC(=O)O,"InChI=1S/C26H30O8/c1-23(2)16(9-18(27)28)25(4)15-5-7-24(3)17(26(15,32)11-14(20(23)30)21(25)31)10-19(29)34-22(24)13-6-8-33-12-13/h6,8,10,12,14-16,22,32H,5,7,9,11H2,1-4H3,(H,27,28)/t14?,15?,16-,22-,24+,25+,26-/m0/s1",UKTUQKGXNWDYAI-WVOVCXONSA-N,UKTUQKGXNWDYAI,CC1(C)C(=O)C2C[C@@]3(O)C4=CC(=O)O[C@@H](c5ccoc5)[C@]4(C)CCC3[C@@](C)(C2=O)[C@H]1CC(=O)O,,,,,,,,inactive
Estradiol methyl ether,inactive,COc1cc2c(cc1)C1CC[C@@]3(C)C(CC[C@@H]3O)C1CC2,spectrum,COc1ccc2c(c1)CCC1C2CC[C@@]2(C)C1CC[C@@H]2O,"InChI=1S/C19H26O2/c1-19-10-9-15-14-6-4-13(21-2)11-12(14)3-5-16(15)17(19)7-8-18(19)20/h4,6,11,15-18,20H,3,5,7-10H2,1-2H3/t15?,16?,17?,18-,19-/m0/s1",ULAADVBNYHGIBP-QKBRSHRXSA-N,ULAADVBNYHGIBP,COc1ccc2c(c1)CCC1C2CC[C@@]2(C)C1CC[C@@H]2O,,,,,,,,inactive
MK-2206 2HCl,inactive,NC1(c2ccc(-c3nc4c(cc3-c3ccccc3)c3n[nH]c(=O)n3cc4)cc2)CCC1,selleckchem,NC1(c2ccc(-c3nc4ccn5c(=O)[nH]nc5c4cc3-c3ccccc3)cc2)CCC1,"InChI=1S/C25H21N5O/c26-25(12-4-13-25)18-9-7-17(8-10-18)22-19(16-5-2-1-3-6-16)15-20-21(27-22)11-14-30-23(20)28-29-24(30)31/h1-3,5-11,14-15H,4,12-13,26H2,(H,29,31)",ULDXWLCXEDXJGE-UHFFFAOYSA-N,ULDXWLCXEDXJGE,NC1(c2ccc(-c3nc4ccn5c(=O)[nH]nc5c4cc3-c3ccccc3)cc2)CCC1,P31749_WT;P31751_WT;P51450_WT;Q9NUW8_WT;Q9Y243_WT,P31749_WT;P31751_WT;Q9NUW8_WT;Q9Y243_WT,P31749_WT;P31751_WT,P31749_WT;P31751_WT,,,,inactive
Rizatriptan benzoate,inactive,CN(C)CCc1c[nH]c2ccc(Cn3cncn3)cc12,spectrum,CN(C)CCc1c[nH]c2ccc(Cn3cncn3)cc12,"InChI=1S/C15H19N5/c1-19(2)6-5-13-8-17-15-4-3-12(7-14(13)15)9-20-11-16-10-18-20/h3-4,7-8,10-11,17H,5-6,9H2,1-2H3",ULFRLSNUDGIQQP-UHFFFAOYSA-N,ULFRLSNUDGIQQP,CN(C)CCc1c[nH]c2ccc(Cn3cncn3)cc12,P08908_WT;P28221_WT;P28222_WT,P08908_WT;P28221_WT;P28222_WT,P28221_WT;P28222_WT,P28221_WT;P28222_WT,,,,inactive
Erythromycin,inactive,CC[C@H]1OC(=O)[C@H](C)[C@@H](O[C@H]2C[C@@](C)(OC)[C@@H](O)[C@H](C)O2)[C@H](C)[C@@H](O[C@@H]2O[C@H](C)C[C@H](N(C)C)[C@H]2O)[C@](C)(O)C[C@@H](C)C(=O)[C@H](C)[C@@H](O)[C@]1(C)O,spectrum,CC[C@H]1OC(=O)C(C)[C@@H](O[C@H]2C[C@@](C)(OC)[C@@H](O)[C@H](C)O2)[C@H](C)[C@@H](O[C@@H]2O[C@H](C)C[C@H](N(C)C)[C@H]2O)[C@](C)(O)CC(C)C(=O)C(C)[C@@H](O)[C@]1(C)O,"InChI=1S/C37H67NO13/c1-14-25-37(10,45)30(41)20(4)27(39)18(2)16-35(8,44)32(51-34-28(40)24(38(11)12)15-19(3)47-34)21(5)29(22(6)33(43)49-25)50-26-17-36(9,46-13)31(42)23(7)48-26/h18-26,28-32,34,40-42,44-45H,14-17H2,1-13H3/t18?,19-,20?,21+,22?,23+,24+,25-,26+,28-,29+,30-,31+,32-,34+,35-,36-,37-/m1/s1",ULGZDMOVFRHVEP-ZWLFKSPASA-N,ULGZDMOVFRHVEP,CC[C@H]1OC(=O)C(C)[C@@H](O[C@H]2C[C@@](C)(OC)[C@@H](O)[C@H](C)O2)[C@H](C)[C@@H](O[C@@H]2O[C@H](C)C[C@H](N(C)C)[C@H]2O)[C@](C)(O)CC(C)C(=O)C(C)[C@@H](O)[C@]1(C)O,O43193_WT,O43193_WT,,,,,,inactive
Zolmitriptan,inactive,CN(C)CCc1c[nH]c2ccc(C[C@H]3COC(=O)N3)cc12,spectrum,CN(C)CCc1c[nH]c2ccc(C[C@H]3COC(=O)N3)cc12,"InChI=1S/C16H21N3O2/c1-19(2)6-5-12-9-17-15-4-3-11(8-14(12)15)7-13-10-21-16(20)18-13/h3-4,8-9,13,17H,5-7,10H2,1-2H3,(H,18,20)/t13-/m0/s1",ULSDMUVEXKOYBU-ZDUSSCGKSA-N,ULSDMUVEXKOYBU,CN(C)CCc1c[nH]c2ccc(C[C@H]3COC(=O)N3)cc12,P08908_WT;P18901_WT;P28221_WT;P28222_WT;P61169_WT,P08908_WT;P18901_WT;P28221_WT;P28222_WT;P61169_WT,P08908_WT;P18901_WT;P28221_WT;P28222_WT;P61169_WT,P18901_WT;P28221_WT;P28222_WT;P61169_WT,P18901_WT;P28221_WT;P28222_WT;P61169_WT,P18901_WT;P28221_WT;P61169_WT,P18901_WT;P61169_WT,inactive
Tangeritin,inactive,COc1ccc(-c2cc(=O)c3c(o2)c(OC)c(OC)c(OC)c3OC)cc1,spectrum,COc1ccc(-c2cc(=O)c3c(OC)c(OC)c(OC)c(OC)c3o2)cc1,"InChI=1S/C20H20O7/c1-22-12-8-6-11(7-9-12)14-10-13(21)15-16(23-2)18(24-3)20(26-5)19(25-4)17(15)27-14/h6-10H,1-5H3",ULSUXBXHSYSGDT-UHFFFAOYSA-N,ULSUXBXHSYSGDT,COc1ccc(-c2cc(=O)c3c(OC)c(OC)c(OC)c(OC)c3o2)cc1,,,,,,,,inactive
Afatinib,antineoplastic,C1(=C(C=C(C=C1)NC2=NC=NC3=C2C=C(C(=C3)O[C@H]4CCOC4)NC(/C=C/CN(C)C)=O)Cl)F,selleckchem,CN(C)C/C=C/C(=O)Nc1cc2c(Nc3ccc(F)c(Cl)c3)ncnc2cc1O[C@H]1CCOC1,"InChI=1S/C24H25ClFN5O3/c1-31(2)8-3-4-23(32)30-21-11-17-20(12-22(21)34-16-7-9-33-13-16)27-14-28-24(17)29-15-5-6-19(26)18(25)10-15/h3-6,10-12,14,16H,7-9,13H2,1-2H3,(H,30,32)(H,27,28,29)/b4-3+/t16-/m0/s1",ULXXDDBFHOBEHA-CWDCEQMOSA-N,ULXXDDBFHOBEHA,CN(C)C/C=C/C(=O)Nc1cc2c(Nc3ccc(F)c(Cl)c3)ncnc2cc1O[C@H]1CCOC1,O14976_WT;P00519_E255K;P00519_F317L;P00519_H396P;P00519_Q252H;P00519_WT;P00519_Y253F;P00533_A750P;P00533_G719C;P00533_G719S;P00533_L858R;P00533_L858R_T790M;P00533_L861Q;P00533_P753S;P00533_T790M;P00533_WT;P04626_WT;P06239_WT;P07947_WT;P49137_WT;P51451_WT;P51617_WT;Q8NE63_WT;Q9UF33_WT;Q13432_WT;Q13627_WT;Q15303_WT,O14976_WT;P00533_A750P;P00533_G719C;P00533_G719S;P00533_L858R;P00533_L858R_T790M;P00533_L861Q;P00533_P753S;P00533_T790M;P00533_WT;P04626_WT;P07947_WT;P51451_WT;P51617_WT;Q15303_WT,O14976_WT;P00533_A750P;P00533_G719C;P00533_G719S;P00533_L858R;P00533_L858R_T790M;P00533_L861Q;P00533_P753S;P00533_T790M;P00533_WT;P04626_WT;P07947_WT;Q15303_WT,P00533_A750P;P00533_G719C;P00533_G719S;P00533_L858R;P00533_L858R_T790M;P00533_L861Q;P00533_P753S;P00533_T790M;P00533_WT;P04626_WT;Q15303_WT,P00533_A750P;P00533_G719C;P00533_G719S;P00533_L858R;P00533_L858R_T790M;P00533_L861Q;P00533_P753S;P00533_T790M;P00533_WT;Q15303_WT,P00533_A750P;P00533_G719C;P00533_G719S;P00533_L858R;P00533_L858R_T790M;P00533_L861Q;P00533_P753S;P00533_T790M;P00533_WT,P00533_A750P;P00533_G719C;P00533_G719S;P00533_L858R;P00533_L861Q;P00533_P753S;P00533_T790M,antineoplastic
Sibutramine hydrochloride,inactive,CC(C)CC(N(C)C)C1(c2ccc(Cl)cc2)CCC1,spectrum,CC(C)CC(N(C)C)C1(c2ccc(Cl)cc2)CCC1,"InChI=1S/C17H26ClN/c1-13(2)12-16(19(3)4)17(10-5-11-17)14-6-8-15(18)9-7-14/h6-9,13,16H,5,10-12H2,1-4H3",UNAANXDKBXWMLN-UHFFFAOYSA-N,UNAANXDKBXWMLN,CC(C)CC(N(C)C)C1(c2ccc(Cl)cc2)CCC1,Q01959_WT,,,,,,,inactive
Methylergonovine maleate,inactive,CC[C@@H](CO)NC(=O)[C@@H]1C=C2c3c4c(c[nH]c4ccc3)C[C@H]2N(C)C1,spectrum,CC[C@@H](CO)NC(=O)C1C=C2c3cccc4[nH]cc(c34)C[C@H]2N(C)C1,"InChI=1S/C20H25N3O2/c1-3-14(11-24)22-20(25)13-7-16-15-5-4-6-17-19(15)12(9-21-17)8-18(16)23(2)10-13/h4-7,9,13-14,18,21,24H,3,8,10-11H2,1-2H3,(H,22,25)/t13?,14-,18+/m0/s1",UNBRKDKAWYKMIV-VVPPIPSKSA-N,UNBRKDKAWYKMIV,CC[C@@H](CO)NC(=O)C1C=C2c3cccc4[nH]cc(c34)C[C@H]2N(C)C1,P08913_WT;P14416_WT;P18089_WT;P19327_WT;P21728_WT;P28223_WT;P28335_WT;P28564_WT;P35462_WT;P41595_WT;P50406_WT,P18089_WT;P19327_WT;P28223_WT;P28335_WT;P28564_WT;P35462_WT;P41595_WT;P50406_WT,P19327_WT;P28223_WT;P28335_WT;P28564_WT;P35462_WT;P41595_WT;P50406_WT,P19327_WT;P28223_WT;P28335_WT;P28564_WT;P41595_WT;P50406_WT,P19327_WT;P28223_WT;P28335_WT;P41595_WT;P50406_WT,P19327_WT;P28223_WT;P50406_WT,,inactive
Spectinomycin hydrochloride,inactive,CN[C@H]1[C@@H](O)[C@@H](NC)[C@H](O)[C@H]2O[C@@H]3O[C@H](C)CC(=O)[C@]3(O)O[C@H]12,spectrum,CN[C@@H]1[C@H](O)[C@H](NC)[C@H]2O[C@@]3(O)C(=O)C[C@@H](C)O[C@H]3O[C@@H]2[C@H]1O,"InChI=1S/C14H24N2O7/c1-5-4-6(17)14(20)13(21-5)22-12-10(19)7(15-2)9(18)8(16-3)11(12)23-14/h5,7-13,15-16,18-20H,4H2,1-3H3/t5-,7-,8+,9+,10+,11-,12-,13+,14+/m1/s1",UNFWWIHTNXNPBV-WXKVUWSESA-N,UNFWWIHTNXNPBV,CN[C@@H]1[C@H](O)[C@H](NC)[C@H]2O[C@@]3(O)C(=O)C[C@@H](C)O[C@H]3O[C@@H]2[C@H]1O,,,,,,,,inactive
Estradiol cypionate,inactive,C[C@]12CCC3c4c(cc(O)cc4)CCC3C1CC[C@@H]2OC(=O)CCC1CCCC1,spectrum,C[C@]12CCC3c4ccc(O)cc4CCC3C1CC[C@@H]2OC(=O)CCC1CCCC1,"InChI=1S/C26H36O3/c1-26-15-14-21-20-10-8-19(27)16-18(20)7-9-22(21)23(26)11-12-24(26)29-25(28)13-6-17-4-2-3-5-17/h8,10,16-17,21-24,27H,2-7,9,11-15H2,1H3/t21?,22?,23?,24-,26-/m0/s1",UOACKFBJUYNSLK-OCTSOESTSA-N,UOACKFBJUYNSLK,C[C@]12CCC3c4ccc(O)cc4CCC3C1CC[C@@H]2OC(=O)CCC1CCCC1,P03372_WT;P28482_WT,P03372_WT;P28482_WT,P03372_WT;P28482_WT,P03372_WT,P03372_WT,P03372_WT,P03372_WT,inactive
Tg 100713,inactive,Nc1nc2ncc(-c3cc(O)ccc3)nc2c(N)n1,selleckchem,Nc1nc(N)c2nc(-c3cccc(O)c3)cnc2n1,"InChI=1S/C12H10N6O/c13-10-9-11(18-12(14)17-10)15-5-8(16-9)6-2-1-3-7(19)4-6/h1-5,19H,(H4,13,14,15,17,18)",UOORQSPLBHUQDQ-UHFFFAOYSA-N,UOORQSPLBHUQDQ,Nc1nc(N)c2nc(-c3cccc(O)c3)cnc2n1,O00329_WT;P42336_WT;P42338_WT;P48736_WT,O00329_WT;P42336_WT;P42338_WT;P48736_WT,O00329_WT;P48736_WT,O00329_WT,,,,inactive
Tiratricol,inactive,O=C(O)Cc1cc(I)c(Oc2ccc(O)c(I)c2)c(I)c1,spectrum,O=C(O)Cc1cc(I)c(Oc2ccc(O)c(I)c2)c(I)c1,"InChI=1S/C14H9I3O4/c15-9-6-8(1-2-12(9)18)21-14-10(16)3-7(4-11(14)17)5-13(19)20/h1-4,6,18H,5H2,(H,19,20)",UOWZUVNAGUAEQC-UHFFFAOYSA-N,UOWZUVNAGUAEQC,O=C(O)Cc1cc(I)c(Oc2ccc(O)c(I)c2)c(I)c1,P10827_WT;P10828_WT;P11511_WT;P18113_WT;P37231_WT,P10827_WT;P10828_WT;P11511_WT;P18113_WT;P37231_WT,P10827_WT;P10828_WT;P11511_WT;P18113_WT,P10827_WT;P10828_WT;P11511_WT;P18113_WT,P10827_WT;P10828_WT;P11511_WT;P18113_WT,P10827_WT;P10828_WT;P11511_WT;P18113_WT,P10827_WT;P10828_WT;P18113_WT,inactive
Paromomycin sulfate,inactive,NC[C@@H]1O[C@H](O[C@@H]2[C@@H](CO)OC(O[C@@H]3[C@@H](O)[C@H](N)C[C@H](N)[C@H]3O[C@H]3O[C@H](CO)[C@@H](O)[C@H](O)[C@H]3N)[C@@H]2O)[C@H](N)[C@@H](O)[C@@H]1O,spectrum,NC[C@@H]1O[C@H](O[C@@H]2[C@@H](CO)OC(O[C@@H]3[C@@H](O)[C@H](N)C[C@H](N)[C@H]3O[C@H]3O[C@H](CO)[C@@H](O)[C@H](O)[C@H]3N)[C@@H]2O)[C@H](N)[C@@H](O)[C@@H]1O,"InChI=1S/C23H45N5O14/c24-2-7-13(32)15(34)10(27)21(37-7)41-19-9(4-30)39-23(17(19)36)42-20-12(31)5(25)1-6(26)18(20)40-22-11(28)16(35)14(33)8(3-29)38-22/h5-23,29-36H,1-4,24-28H2/t5-,6+,7+,8-,9-,10-,11-,12+,13-,14-,15-,16-,17-,18-,19-,20-,21-,22-,23?/m1/s1",UOZODPSAJZTQNH-FHJRSJOZSA-N,UOZODPSAJZTQNH,NC[C@@H]1O[C@H](O[C@@H]2[C@@H](CO)OC(O[C@@H]3[C@@H](O)[C@H](N)C[C@H](N)[C@H]3O[C@H]3O[C@H](CO)[C@@H](O)[C@H](O)[C@H]3N)[C@@H]2O)[C@H](N)[C@@H](O)[C@@H]1O,,,,,,,,inactive
Bix 02188,inactive,C1=C(C=C2C(=C1)/C(C(N2)=O)=C(/NC3=CC(=CC=C3)CN(C)C)C4=CC=CC=C4)C(NC)=O,selleckchem,CNC(=O)c1ccc2c(C(=Nc3cccc(CN(C)C)c3)c3ccccc3)c(O)[nH]c2c1,"InChI=1S/C26H26N4O2/c1-27-25(31)19-12-13-21-22(15-19)29-26(32)23(21)24(18-9-5-4-6-10-18)28-20-11-7-8-17(14-20)16-30(2)3/h4-15,29,32H,16H2,1-3H3,(H,27,31)",UPICVLXBXZXYIE-UHFFFAOYSA-N,UPICVLXBXZXYIE,CNC(=O)c1ccc2c(C(=Nc3cccc(CN(C)C)c3)c3ccccc3)c(O)[nH]c2c1,Q13164_WT,,,,,,,inactive
Ethisterone,inactive,C#CC1(O)CCC2C3CCC4=CC(=O)CCC4(C)C3CCC21C,spectrum,C#CC1(O)CCC2C3CC=C4CC(=O)CCC4(C)C3CCC21C,"InChI=1S/C21H28O2/c1-4-21(23)12-9-18-16-6-5-14-13-15(22)7-10-19(14,2)17(16)8-11-20(18,21)3/h1,5,16-18,23H,6-13H2,2-3H3",UPKJTHPZSTZJNH-UHFFFAOYSA-N,UPKJTHPZSTZJNH,C#CC1(O)CCC2C3CC=C4CC(=O)CCC4(C)C3CCC21C,P03372_WT;P10275_WT,,,,,,,inactive
Tolmetin sodium,inactive,Cc1ccc(C(=O)c2ccc(CC(=O)O)n2C)cc1,spectrum,Cc1ccc(C(=O)c2ccc(CC(=O)O)n2C)cc1,"InChI=1S/C15H15NO3/c1-10-3-5-11(6-4-10)15(19)13-8-7-12(16(13)2)9-14(17)18/h3-8H,9H2,1-2H3,(H,17,18)",UPSPUYADGBWSHF-UHFFFAOYSA-N,UPSPUYADGBWSHF,Cc1ccc(C(=O)c2ccc(CC(=O)O)n2C)cc1,P10145_WT;P23219_WT,P10145_WT;P23219_WT,P10145_WT;P23219_WT,,,,,inactive
Olmesartan medoxomil,inactive,CCCc1nc(C(C)(C)O)c(C(=O)OCc2c(C)oc(=O)o2)n1Cc1ccc(-c2ccccc2-c2n[nH]nn2)cc1,spectrum,CCCc1nc(C(C)(C)O)c(C(=O)OCc2oc(=O)oc2C)n1Cc1ccc(-c2ccccc2-c2nn[nH]n2)cc1,"InChI=1S/C29H30N6O6/c1-5-8-23-30-25(29(3,4)38)24(27(36)39-16-22-17(2)40-28(37)41-22)35(23)15-18-11-13-19(14-12-18)20-9-6-7-10-21(20)26-31-33-34-32-26/h6-7,9-14,38H,5,8,15-16H2,1-4H3,(H,31,32,33,34)",UQGKUQLKSCSZGY-UHFFFAOYSA-N,UQGKUQLKSCSZGY,CCCc1nc(C(C)(C)O)c(C(=O)OCc2oc(=O)oc2C)n1Cc1ccc(-c2ccccc2-c2nn[nH]n2)cc1,Q9NPD5_WT;Q9NUW8_WT;Q9Y6L6_WT,Q9NUW8_WT,Q9NUW8_WT,Q9NUW8_WT,,,,inactive
Cephapirin sodium,enhancer,CC(=O)OCC1=C(C(=O)O)N2C(=O)[C@@H](NC(=O)CSc3ccncc3)[C@H]2SC1,spectrum,CC(=O)OCC1=C(C(=O)O)N2C(=O)C(NC(=O)CSc3ccncc3)[C@H]2SC1,"InChI=1S/C17H17N3O6S2/c1-9(21)26-6-10-7-28-16-13(15(23)20(16)14(10)17(24)25)19-12(22)8-27-11-2-4-18-5-3-11/h2-5,13,16H,6-8H2,1H3,(H,19,22)(H,24,25)/t13?,16-/m1/s1",UQLLWWBDSUHNEB-FQNRMIAFSA-N,UQLLWWBDSUHNEB,CC(=O)OCC1=C(C(=O)O)N2C(=O)C(NC(=O)CSc3ccncc3)[C@H]2SC1,,,,,,,,enhancer
Methylbenzethonium chloride,reducer,Cc1c(OCCOCC[N+](C)(C)Cc2ccccc2)ccc(C(C)(C)CC(C)(C)C)c1,spectrum,Cc1cc(C(C)(C)CC(C)(C)C)ccc1OCCOCC[N+](C)(C)Cc1ccccc1,"InChI=1S/C28H44NO2/c1-23-20-25(28(5,6)22-27(2,3)4)14-15-26(23)31-19-18-30-17-16-29(7,8)21-24-12-10-9-11-13-24/h9-15,20H,16-19,21-22H2,1-8H3/q+1",UQOOPIMXBSPVJI-UHFFFAOYSA-N,UQOOPIMXBSPVJI,Cc1cc(C(C)(C)CC(C)(C)C)ccc1OCCOCC[N+](C)(C)Cc1ccccc1,,,,,,,,reducer
Golvatinib,inactive,C1=C(C=CC(=C1F)NC(C2(C(NC3=CC=C(C=C3)F)=O)CC2)=O)OC4=CC(=NC=C4)NC(N5CCC(CC5)N6CCN(CC6)C)=O,selleckchem,CN1CCN(C2CCN(C(=O)Nc3cc(Oc4ccc(NC(=O)C5(C(=O)Nc6ccc(F)cc6)CC5)c(F)c4)ccn3)CC2)CC1,"InChI=1S/C33H37F2N7O4/c1-40-16-18-41(19-17-40)24-9-14-42(15-10-24)32(45)39-29-21-26(8-13-36-29)46-25-6-7-28(27(35)20-25)38-31(44)33(11-12-33)30(43)37-23-4-2-22(34)3-5-23/h2-8,13,20-21,24H,9-12,14-19H2,1H3,(H,37,43)(H,38,44)(H,36,39,45)",UQRCJCNVNUFYDX-UHFFFAOYSA-N,UQRCJCNVNUFYDX,CN1CCN(C2CCN(C(=O)Nc3cc(Oc4ccc(NC(=O)C5(C(=O)Nc6ccc(F)cc6)CC5)c(F)c4)ccn3)CC2)CC1,O00232_WT;O15197_WT;O43353_WT;P00519_WT;P04629_WT;P06239_WT;P07949_WT;P08581_WT;P09619_WT;P11274_WT;P29317_WT;P29323_WT;P35968_WT;P36888_WT;P42684_WT;P54756_WT;P54760_WT;Q9NYL2_WT;Q9Y6E0_WT;Q9Y572_WT;Q76MJ5_WT;Q04912_WT;Q08345_WT;Q13432_WT;Q13882_WT;Q15375_WT;Q15569_WT;Q16832_WT,O00232_WT;O15197_WT;O43353_WT;P07949_WT;P08581_WT;P29317_WT;P29323_WT;P35968_WT;P36888_WT;P54756_WT;P54760_WT;Q9Y6E0_WT;Q9Y572_WT;Q04912_WT;Q08345_WT;Q13432_WT;Q13882_WT;Q15375_WT;Q15569_WT;Q16832_WT,O43353_WT;P08581_WT;P29317_WT;P35968_WT;P36888_WT;Q04912_WT;Q08345_WT;Q13882_WT;Q15375_WT;Q16832_WT,P08581_WT;P29317_WT;P35968_WT;P36888_WT;Q04912_WT;Q08345_WT,P36888_WT;Q08345_WT,,,inactive
8beta-HYDROXYCARAPIN. 3.8-HEMIACETAL,inactive,COC(=O)C[C@H]1C(C)(C)C2(O)OC34CC2C(=O)[C@]1(C)C3CC[C@]1(C)C4=CC(=O)O[C@H]1c1cocc1,spectrum,COC(=O)C[C@H]1C(C)(C)C2(O)OC34CC2C(=O)[C@]1(C)C3CC[C@]1(C)C4=CC(=O)O[C@H]1c1ccoc1,"InChI=1S/C27H32O8/c1-23(2)17(10-19(28)32-5)25(4)16-6-8-24(3)18(11-20(29)34-22(24)14-7-9-33-13-14)26(16)12-15(21(25)30)27(23,31)35-26/h7,9,11,13,15-17,22,31H,6,8,10,12H2,1-5H3/t15?,16?,17-,22-,24+,25+,26?,27?/m0/s1",URGZBBCARSDFSL-PTRNVCADSA-N,URGZBBCARSDFSL,COC(=O)C[C@H]1C(C)(C)C2(O)OC34CC2C(=O)[C@]1(C)C3CC[C@]1(C)C4=CC(=O)O[C@H]1c1ccoc1,,,,,,,,inactive
Quetiapine,inactive,OCCOCCN1CCN(C2=Nc3c(cccc3)Sc3c2cccc3)CC1,spectrum,OCCOCCN1CCN(C2=Nc3ccccc3Sc3ccccc32)CC1,"InChI=1S/C21H25N3O2S/c25-14-16-26-15-13-23-9-11-24(12-10-23)21-17-5-1-3-7-19(17)27-20-8-4-2-6-18(20)22-21/h1-8,25H,9-16H2",URKOMYMAXPYINW-UHFFFAOYSA-N,URKOMYMAXPYINW,OCCOCCN1CCN(C2=Nc3ccccc3Sc3ccccc32)CC1,P07305_WT;P08173_WT;P08908_WT;P11229_WT;P14416_WT;P14842_WT;P15823_WT;P18825_WT;P19327_WT;P25100_WT;P28223_WT;P31390_WT;P34969_WT;P35348_WT;P35367_WT;P35368_WT;P35462_WT;P41595_WT;P43140_WT;P61169_WT;Q63380_WT,P07305_WT;P08908_WT;P14416_WT;P14842_WT;P15823_WT;P18825_WT;P19327_WT;P25100_WT;P28223_WT;P31390_WT;P34969_WT;P35348_WT;P35367_WT;P35368_WT;P41595_WT;P43140_WT;P61169_WT,P07305_WT;P15823_WT;P25100_WT;P31390_WT;P35348_WT;P35367_WT;P43140_WT,P07305_WT;P15823_WT;P35367_WT,,,,inactive
Sisomicin sulfate,inactive,CN[C@@H]1C(O)[C@@H](O[C@@H]2[C@@H](O)[C@H](O[C@H]3OC(CN)=CC[C@H]3N)[C@@H](N)C[C@H]2N)OC[C@]1(C)O,spectrum,CN[C@@H]1C(O)[C@@H](O[C@@H]2[C@@H](O)[C@H](O[C@H]3OC(CN)=CC[C@H]3N)[C@@H](N)C[C@H]2N)OC[C@]1(C)O,"InChI=1S/C19H37N5O7/c1-19(27)7-28-18(13(26)16(19)24-2)31-15-11(23)5-10(22)14(12(15)25)30-17-9(21)4-3-8(6-20)29-17/h3,9-18,24-27H,4-7,20-23H2,1-2H3/t9-,10+,11-,12+,13?,14-,15+,16-,17-,18-,19+/m1/s1",URWAJWIAIPFPJE-JYERGDCNSA-N,URWAJWIAIPFPJE,CN[C@@H]1C(O)[C@@H](O[C@@H]2[C@@H](O)[C@H](O[C@H]3OC(CN)=CC[C@H]3N)[C@@H](N)C[C@H]2N)OC[C@]1(C)O,P03372_WT,,,,,,,inactive
Methylprednisolone sodium succinate,inactive,C[C@H]1CC2C3CC[C@](O)(C(=O)COC(=O)CCC(=O)O)[C@@]3(C)C[C@H](O)C2[C@@]2(C)C=CC(=O)C=C12,spectrum,CC1=C2CC(=O)C=C[C@]2(C)C2C(C1)C1CC[C@](O)(C(=O)COC(=O)CCC(=O)O)[C@@]1(C)C[C@@H]2O,"InChI=1S/C26H34O8/c1-14-10-16-17-7-9-26(33,20(29)13-34-22(32)5-4-21(30)31)25(17,3)12-19(28)23(16)24(2)8-6-15(27)11-18(14)24/h6,8,16-17,19,23,28,33H,4-5,7,9-13H2,1-3H3,(H,30,31)/t16?,17?,19-,23?,24-,25-,26-/m0/s1",USWORSUDJQKUJO-WDGVYQEPSA-N,USWORSUDJQKUJO,CC1=C2CC(=O)C=C[C@]2(C)C2C(C1)C1CC[C@](O)(C(=O)COC(=O)CCC(=O)O)[C@@]1(C)C[C@@H]2O,P04150_WT;P10275_WT;P11511_WT,P04150_WT;P10275_WT;P11511_WT,P04150_WT;P10275_WT;P11511_WT,P04150_WT,,,,inactive
Sulfisoxazole acetyl,inactive,CC(=O)Nc1ccc(S(=O)(=O)Nc2c(C)c(C)no2)cc1,spectrum,CC(=O)Nc1ccc(S(=O)(=O)Nc2onc(C)c2C)cc1,"InChI=1S/C13H15N3O4S/c1-8-9(2)15-20-13(8)16-21(18,19)12-6-4-11(5-7-12)14-10(3)17/h4-7,16H,1-3H3,(H,14,17)",UTVCPAPWORAKEV-UHFFFAOYSA-N,UTVCPAPWORAKEV,CC(=O)Nc1ccc(S(=O)(=O)Nc2onc(C)c2C)cc1,,,,,,,,inactive
Nitromide,inactive,NC(=O)c1cc([N+](=O)[O-])cc([N+](=O)[O-])c1,spectrum,NC(=O)c1cc([N+](=O)[O-])cc([N+](=O)[O-])c1,"InChI=1S/C7H5N3O5/c8-7(11)4-1-5(9(12)13)3-6(2-4)10(14)15/h1-3H,(H2,8,11)",UUKWKUSGGZNXGA-UHFFFAOYSA-N,UUKWKUSGGZNXGA,NC(=O)c1cc([N+](=O)[O-])cc([N+](=O)[O-])c1,,,,,,,,inactive
Ioxilan,inactive,CC(=O)N(CC(O)CO)c1c(I)c(C(=O)NCC(O)CO)c(I)c(C(=O)NCCO)c1I,spectrum,CC(=O)N(CC(O)CO)c1c(I)c(C(=O)NCCO)c(I)c(C(=O)NCC(O)CO)c1I,"InChI=1S/C18H24I3N3O8/c1-8(28)24(5-10(30)7-27)16-14(20)11(17(31)22-2-3-25)13(19)12(15(16)21)18(32)23-4-9(29)6-26/h9-10,25-27,29-30H,2-7H2,1H3,(H,22,31)(H,23,32)",UUMLTINZBQPNGF-UHFFFAOYSA-N,UUMLTINZBQPNGF,CC(=O)N(CC(O)CO)c1c(I)c(C(=O)NCCO)c(I)c(C(=O)NCC(O)CO)c1I,,,,,,,,inactive
Cyclizine,inactive,CN1CCN(C(c2ccccc2)c2ccccc2)CC1,spectrum,CN1CCN(C(c2ccccc2)c2ccccc2)CC1,"InChI=1S/C18H22N2/c1-19-12-14-20(15-13-19)18(16-8-4-2-5-9-16)17-10-6-3-7-11-17/h2-11,18H,12-15H2,1H3",UVKZSORBKUEBAZ-UHFFFAOYSA-N,UVKZSORBKUEBAZ,CN1CCN(C(c2ccccc2)c2ccccc2)CC1,P03372_WT;P08172_WT;P08173_WT;P08912_WT;P08913_WT;P11229_WT;P20309_WT;P25100_WT;P28223_WT;P28335_WT;P35367_WT;P41595_WT;Q01959_WT,P03372_WT;P28223_WT;P35367_WT;P41595_WT,P35367_WT,P35367_WT,,,,inactive
Disopyramide phosphate,inactive,CC(C)N(CCC(C(N)=O)(c1ccccc1)c1ncccc1)C(C)C,spectrum,CC(C)N(CCC(C(N)=O)(c1ccccc1)c1ccccn1)C(C)C,"InChI=1S/C21H29N3O/c1-16(2)24(17(3)4)15-13-21(20(22)25,18-10-6-5-7-11-18)19-12-8-9-14-23-19/h5-12,14,16-17H,13,15H2,1-4H3,(H2,22,25)",UVTNFZQICZKOEM-UHFFFAOYSA-N,UVTNFZQICZKOEM,CC(C)N(CCC(C(N)=O)(c1ccccc1)c1ccccn1)C(C)C,P16050_WT;Q9NUW8_WT,P16050_WT;Q9NUW8_WT,P16050_WT;Q9NUW8_WT,P16050_WT;Q9NUW8_WT,Q9NUW8_WT,Q9NUW8_WT,,inactive
Brazilin,inactive,Oc1cc2c(cc1)C1c3cc(O)c(O)cc3CC1(O)CO2,spectrum,Oc1ccc2c(c1)OCC1(O)Cc3cc(O)c(O)cc3C21,"InChI=1S/C16H14O5/c17-9-1-2-10-14(4-9)21-7-16(20)6-8-3-12(18)13(19)5-11(8)15(10)16/h1-5,15,17-20H,6-7H2",UWHUTZOCTZJUKC-UHFFFAOYSA-N,UWHUTZOCTZJUKC,Oc1ccc2c(c1)OCC1(O)Cc3cc(O)c(O)cc3C21,,,,,,,,inactive
Irinotecan hydrochloride,antineoplastic,CCc1c2Cn3c(cc4c(COC(=O)[C@]4(O)CC)c3=O)-c2nc2ccc(OC(=O)N3CCC(N4CCCCC4)CC3)cc12,spectrum,CCc1c2c(nc3ccc(OC(=O)N4CCC(N5CCCCC5)CC4)cc13)-c1cc3c(c(=O)n1C2)COC(=O)[C@]3(O)CC,"InChI=1S/C33H38N4O6/c1-3-22-23-16-21(43-32(40)36-14-10-20(11-15-36)35-12-6-5-7-13-35)8-9-27(23)34-29-24(22)18-37-28(29)17-26-25(30(37)38)19-42-31(39)33(26,41)4-2/h8-9,16-17,20,41H,3-7,10-15,18-19H2,1-2H3/t33-/m0/s1",UWKQSNNFCGGAFS-XIFFEERXSA-N,UWKQSNNFCGGAFS,CCc1c2c(nc3ccc(OC(=O)N4CCC(N5CCCCC5)CC4)cc13)-c1cc3c(c(=O)n1C2)COC(=O)[C@]3(O)CC,P08173_WT;P22303_WT;Q9NUW8_WT;Q06710_WT,P22303_WT,P22303_WT,,,,,antineoplastic
3.7-dihydroxyflavone,inactive,O=c1c(O)c(-c2ccccc2)oc2c1ccc(O)c2,spectrum,O=c1c(O)c(-c2ccccc2)oc2cc(O)ccc12,"InChI=1S/C15H10O4/c16-10-6-7-11-12(8-10)19-15(14(18)13(11)17)9-4-2-1-3-5-9/h1-8,16,18H",UWQJWDYDYIJWKY-UHFFFAOYSA-N,UWQJWDYDYIJWKY,O=c1c(O)c(-c2ccccc2)oc2cc(O)ccc12,,,,,,,,inactive
Arry334543,inactive,C12=C(C(=NC=N1)NC3=CC(=C(C=C3)OCC4SC=CN=4)Cl)C=C(C=C2)NC5OC[C@H](N=5)C,selleckchem,C[C@@H]1COC(=Nc2ccc3ncnc(Nc4ccc(OCc5nccs5)c(Cl)c4)c3c2)N1,"InChI=1S/C22H19ClN6O2S/c1-13-10-31-22(27-13)29-14-2-4-18-16(8-14)21(26-12-25-18)28-15-3-5-19(17(23)9-15)30-11-20-24-6-7-32-20/h2-9,12-13H,10-11H2,1H3,(H,27,29)(H,25,26,28)/t13-/m1/s1",UWXSAYUXVSFDBQ-CYBMUJFWSA-N,UWXSAYUXVSFDBQ,C[C@@H]1COC(=Nc2ccc3ncnc(Nc4ccc(OCc5nccs5)c(Cl)c4)c3c2)N1,O43353_WT;P00533_WT;P04626_WT;P07947_WT;Q9Y572_WT;Q15303_WT,P00533_WT;P04626_WT;Q9Y572_WT;Q15303_WT,P00533_WT;P04626_WT;Q9Y572_WT;Q15303_WT,P00533_WT;P04626_WT;Q15303_WT,P00533_WT;P04626_WT;Q15303_WT,P04626_WT,,inactive
Oxacillin sodium,inactive,Cc1c(C(=O)NC2C(=O)N3[C@@H](C(=O)O)C(C)(C)S[C@H]23)c(-c2ccccc2)no1,spectrum,Cc1onc(-c2ccccc2)c1C(=O)NC1C(=O)N2C(C(=O)O)C(C)(C)S[C@H]12,"InChI=1S/C19H19N3O5S/c1-9-11(12(21-27-9)10-7-5-4-6-8-10)15(23)20-13-16(24)22-14(18(25)26)19(2,3)28-17(13)22/h4-8,13-14,17H,1-3H3,(H,20,23)(H,25,26)/t13?,14?,17-/m1/s1",UWYHMGVUTGAWSP-MQBCKMQZSA-N,UWYHMGVUTGAWSP,Cc1onc(-c2ccccc2)c1C(=O)NC1C(=O)N2C(C(=O)O)C(C)(C)S[C@H]12,Q16637_WT,,,,,,,inactive
Iothalamic acid,inactive,CNC(=O)c1c(I)c(NC(C)=O)c(I)c(C(=O)O)c1I,spectrum,CNC(=O)c1c(I)c(NC(C)=O)c(I)c(C(=O)O)c1I,"InChI=1S/C11H9I3N2O4/c1-3(17)16-9-7(13)4(10(18)15-2)6(12)5(8(9)14)11(19)20/h1-2H3,(H,15,18)(H,16,17)(H,19,20)",UXIGWFXRQKWHHA-UHFFFAOYSA-N,UXIGWFXRQKWHHA,CNC(=O)c1c(I)c(NC(C)=O)c(I)c(C(=O)O)c1I,,,,,,,,inactive
Aliskiren hemifumarate,inactive,COCCCOc1cc(C[C@@H](C[C@H](N)[C@@H](O)C[C@H](C(=O)NCC(C)(C)C(N)=O)C(C)C)C(C)C)ccc1OC,spectrum,COCCCOc1cc(C[C@@H](C[C@H](N)[C@@H](O)CC(C(=O)NCC(C)(C)C(N)=O)C(C)C)C(C)C)ccc1OC,"InChI=1S/C30H53N3O6/c1-19(2)22(14-21-10-11-26(38-8)27(15-21)39-13-9-12-37-7)16-24(31)25(34)17-23(20(3)4)28(35)33-18-30(5,6)29(32)36/h10-11,15,19-20,22-25,34H,9,12-14,16-18,31H2,1-8H3,(H2,32,36)(H,33,35)/t22-,23?,24-,25-/m0/s1",UXOWGYHJODZGMF-MHKFTUFMSA-N,UXOWGYHJODZGMF,COCCCOc1cc(C[C@@H](C[C@H](N)[C@@H](O)CC(C(=O)NCC(C)(C)C(N)=O)C(C)C)C(C)C)ccc1OC,P00797_WT;P04150_WT;P06281_WT;P08424_WT,P00797_WT;P06281_WT;P08424_WT,P00797_WT;P06281_WT;P08424_WT,P00797_WT;P06281_WT,P00797_WT;P06281_WT,P00797_WT,P00797_WT,inactive
Tandutinib,inactive,C1=C(C(=CC2=C1N=CN=C2N3CCN(CC3)C(NC4=CC=C(C=C4)OC(C)C)=O)OC)OCCCN5CCCCC5,selleckchem,COc1cc2c(N3CCN(C(=O)Nc4ccc(OC(C)C)cc4)CC3)ncnc2cc1OCCCN1CCCCC1,"InChI=1S/C31H42N6O4/c1-23(2)41-25-10-8-24(9-11-25)34-31(38)37-17-15-36(16-18-37)30-26-20-28(39-3)29(21-27(26)32-22-33-30)40-19-7-14-35-12-5-4-6-13-35/h8-11,20-23H,4-7,12-19H2,1-3H3,(H,34,38)",UXXQOJXBIDBUAC-UHFFFAOYSA-N,UXXQOJXBIDBUAC,COc1cc2c(N3CCN(C(=O)Nc4ccc(OC(C)C)cc4)CC3)ncnc2cc1OCCCN1CCCCC1,P00533_A750P;P00533_G719C;P00533_G719S;P00533_L858R;P00533_L861Q;P00533_P753S;P00533_WT;P04629_WT;P07333_WT;P09619_WT;P10721_A829P;P10721_D816H;P10721_D816V;P10721_L576P;P10721_N822K;P10721_V559D;P10721_V559D_V654A;P10721_WT;P16234_WT;P36888_D835H;P36888_K663Q;P36888_N841I;P36888_R834Q;P36888_WT;P49759_WT;Q9NSD9_WT;Q9UHD8_WT;Q9Y4K4_WT;Q9Y616_WT;Q16620_WT,P00533_A750P;P00533_G719C;P00533_G719S;P07333_WT;P09619_WT;P10721_A829P;P10721_D816H;P10721_D816V;P10721_L576P;P10721_N822K;P10721_V559D;P10721_V559D_V654A;P10721_WT;P16234_WT;P36888_D835H;P36888_K663Q;P36888_N841I;P36888_WT;Q9NSD9_WT;Q9UHD8_WT,P07333_WT;P09619_WT;P10721_A829P;P10721_D816V;P10721_L576P;P10721_N822K;P10721_V559D;P10721_V559D_V654A;P10721_WT;P16234_WT;P36888_K663Q;P36888_N841I;P36888_WT;Q9NSD9_WT;Q9UHD8_WT,P07333_WT;P09619_WT;P10721_A829P;P10721_D816V;P10721_L576P;P10721_N822K;P10721_V559D;P10721_V559D_V654A;P16234_WT;P36888_K663Q;P36888_N841I;P36888_WT;Q9NSD9_WT;Q9UHD8_WT,P09619_WT;P10721_L576P;P10721_N822K;P10721_V559D;P16234_WT;P36888_K663Q;Q9NSD9_WT,P16234_WT;P36888_K663Q,,inactive
Iodoquinol,inactive,Oc1c2ncccc2c(I)cc1I,spectrum,Oc1c(I)cc(I)c2cccnc12,"InChI=1S/C9H5I2NO/c10-6-4-7(11)9(13)8-5(6)2-1-3-12-8/h1-4,13H",UXZFQZANDVDGMM-UHFFFAOYSA-N,UXZFQZANDVDGMM,Oc1c(I)cc(I)c2cccnc12,O75604_WT;P0DMS8_WT;P07900_WT;P28482_WT;Q16539_WT;Q16665_WT,P28482_WT;Q16665_WT,,,,,,inactive
Estradiol benzoate,inactive,C[C@]12CCC3c4c(cc(OC(=O)c5ccccc5)cc4)CCC3C1CC[C@@H]2O,spectrum,C[C@]12CCC3c4ccc(OC(=O)c5ccccc5)cc4CCC3C1CC[C@@H]2O,"InChI=1S/C25H28O3/c1-25-14-13-20-19-10-8-18(28-24(27)16-5-3-2-4-6-16)15-17(19)7-9-21(20)22(25)11-12-23(25)26/h2-6,8,10,15,20-23,26H,7,9,11-14H2,1H3/t20?,21?,22?,23-,25-/m0/s1",UYIFTLBWAOGQBI-YSHINGEJSA-N,UYIFTLBWAOGQBI,C[C@]12CCC3c4ccc(OC(=O)c5ccccc5)cc4CCC3C1CC[C@@H]2O,P03372_WT;P15207_WT,P03372_WT;P15207_WT,P03372_WT;P15207_WT,P03372_WT;P15207_WT,P03372_WT;P15207_WT,P03372_WT,P03372_WT,inactive
Nvp-tae226,inactive,C1(=CC(=C(C=C1)NC2=NC(=C(C=N2)Cl)NC3=C(C=CC=C3)C(NC)=O)OC)N4CCOCC4,selleckchem,CNC(=O)c1ccccc1Nc1nc(Nc2ccc(N3CCOCC3)cc2OC)ncc1Cl,"InChI=1S/C23H25ClN6O3/c1-25-22(31)16-5-3-4-6-18(16)27-21-17(24)14-26-23(29-21)28-19-8-7-15(13-20(19)32-2)30-9-11-33-12-10-30/h3-8,13-14H,9-12H2,1-2H3,(H,25,31)(H2,26,27,28,29)",UYJNQQDJUOUFQJ-UHFFFAOYSA-N,UYJNQQDJUOUFQJ,CNC(=O)c1ccccc1Nc1nc(Nc2ccc(N3CCOCC3)cc2OC)ncc1Cl,O00311_WT;O00444_WT;O14965_WT;O43293_WT;O43781_WT;O60674_WT;O94806_WT;O96017_WT;P00533_WT;P04626_WT;P06213_WT;P06493_WT;P07332_WT;P07949_WT;P08069_WT;P08581_WT;P08922_WT;P11362_WT;P15735_WT;P16591_WT;P19623_WT;P22607_WT;P28482_WT;P29376_WT;P35968_WT;P36888_WT;P42685_WT;P45983_WT;P45984_WT;P49760_WT;P50613_WT;P51617_WT;P51812_WT;P51957_WT;P53350_WT;P53779_WT;P68400_WT;Q5S007_WT;Q8NE63_WT;Q8TDC3_WT;Q9H0K1_WT;Q9H2X6_WT;Q9H3Y6_WT;Q9HAZ1_WT;Q9NR20_WT;Q9NWZ3_WT;Q9UM73_WT;Q9Y463_WT;Q96GD4_WT;Q96L34_WT;Q96RR4_WT;Q02779_WT;Q04912_WT;Q05397_WT;Q06187_WT;Q07912_WT;Q08881_WT;Q13131_WT;Q13555_WT;Q13557_WT;Q13627_WT;Q13882_WT;Q14680_WT;Q15303_WT,O00444_WT;O14965_WT;O43293_WT;P00533_WT;P04626_WT;P06213_WT;P07332_WT;P08069_WT;P08581_WT;P08922_WT;P16591_WT;P28482_WT;P29376_WT;P42685_WT;P45983_WT;P45984_WT;P53350_WT;P53779_WT;P68400_WT;Q5S007_WT;Q8NE63_WT;Q9HAZ1_WT;Q9NWZ3_WT;Q9UM73_WT;Q96GD4_WT;Q96RR4_WT;Q05397_WT;Q07912_WT;Q08881_WT;Q13882_WT;Q15303_WT,O00444_WT;O14965_WT;P00533_WT;P04626_WT;P06213_WT;P08069_WT;P08922_WT;P16591_WT;P29376_WT;P42685_WT;P45983_WT;P45984_WT;P53779_WT;Q5S007_WT;Q9HAZ1_WT;Q9UM73_WT;Q96GD4_WT;Q96RR4_WT;Q05397_WT;Q07912_WT;Q13882_WT;Q15303_WT,O00444_WT;P06213_WT;P08069_WT;P08922_WT;P16591_WT;P29376_WT;P42685_WT;P45983_WT;P53779_WT;Q5S007_WT;Q9HAZ1_WT;Q9UM73_WT;Q96GD4_WT;Q96RR4_WT;Q05397_WT,O00444_WT;P08922_WT;P29376_WT;P45983_WT;P53779_WT;Q5S007_WT;Q96RR4_WT;Q05397_WT,Q5S007_WT;Q96RR4_WT,,inactive
Naloxone hydrochloride,inactive,C=CCN1CCC23c4c5O[C@H]2C(=O)CC[C@@]3(O)[C@H]1Cc4ccc5O,spectrum,C=CCN1CCC23c4c5ccc(O)c4OC2C(=O)CC[C@@]3(O)[C@H]1C5,"InChI=1S/C19H21NO4/c1-2-8-20-9-7-18-15-11-3-4-12(21)16(15)24-17(18)13(22)5-6-19(18,23)14(20)10-11/h2-4,14,17,21,23H,1,5-10H2/t14-,17?,18?,19-/m1/s1",UZHSEJADLWPNLE-YOODTLSXSA-N,UZHSEJADLWPNLE,C=CCN1CCC23c4c5ccc(O)c4OC2C(=O)CC[C@@]3(O)[C@H]1C5,P32300_WT;P33533_WT;P33534_WT;P33535_WT;P34975_WT;P35372_WT;P41143_WT;P41145_WT;P42866_WT;P51682_WT,P32300_WT;P33533_WT;P33534_WT;P33535_WT;P34975_WT;P35372_WT;P41143_WT;P41145_WT;P42866_WT;P51682_WT,P32300_WT;P33533_WT;P33535_WT;P34975_WT;P35372_WT;P41143_WT;P41145_WT;P42866_WT;P51682_WT,P33533_WT;P33535_WT;P34975_WT;P35372_WT;P41145_WT;P42866_WT;P51682_WT,P33535_WT;P34975_WT;P35372_WT,P33535_WT;P34975_WT,,inactive
Ceftriaxone sodium trihydrate,enhancer,CO/N=C(/C(=O)N[C@@H]1C(=O)N2C(C(=O)O)=C(CSc3nc(=O)c(O)nn3C)CS[C@H]12)c1csc(N)n1,spectrum,CON=C(C(=O)NC1C(=O)N2C(C(=O)O)=C(CSc3nc(=O)c(=O)[nH]n3C)CS[C@H]12)c1csc(N)n1,"InChI=1S/C18H18N8O7S3/c1-25-18(22-12(28)13(29)23-25)36-4-6-3-34-15-9(14(30)26(15)10(6)16(31)32)21-11(27)8(24-33-2)7-5-35-17(19)20-7/h5,9,15H,3-4H2,1-2H3,(H2,19,20)(H,21,27)(H,23,29)(H,31,32)/t9?,15-/m1/s1",VAAUVRVFOQPIGI-NZDRZINCSA-N,VAAUVRVFOQPIGI,CON=C(C(=O)NC1C(=O)N2C(C(=O)O)=C(CSc3nc(=O)c(=O)[nH]n3C)CS[C@H]12)c1csc(N)n1,P37840_WT;Q4U2R8_WT,Q4U2R8_WT,,,,,,enhancer
Piplartine,inactive,COc1c(OC)c(OC)cc(/C=C/C(=O)N2CCC=CC2=O)c1,spectrum,COc1cc(/C=C/C(=O)N2CCC=CC2=O)cc(OC)c1OC,"InChI=1S/C17H19NO5/c1-21-13-10-12(11-14(22-2)17(13)23-3)7-8-16(20)18-9-5-4-6-15(18)19/h4,6-8,10-11H,5,9H2,1-3H3/b8-7+",VABYUUZNAVQNPG-BQYQJAHWSA-N,VABYUUZNAVQNPG,COc1cc(/C=C/C(=O)N2CCC=CC2=O)cc(OC)c1OC,P05177_WT;P08684_WT,P05177_WT;P08684_WT,P08684_WT,,,,,inactive
Sulfamethizole,inactive,Cc1nnc(NS(=O)(=O)c2ccc(N)cc2)s1,spectrum,Cc1nnc(NS(=O)(=O)c2ccc(N)cc2)s1,"InChI=1S/C9H10N4O2S2/c1-6-11-12-9(16-6)13-17(14,15)8-4-2-7(10)3-5-8/h2-5H,10H2,1H3,(H,12,13)",VACCAVUAMIDAGB-UHFFFAOYSA-N,VACCAVUAMIDAGB,Cc1nnc(NS(=O)(=O)c2ccc(N)cc2)s1,,,,,,,,inactive
Bx-795,reducer,N1(CCCC1)C(=O)NC2C=C(C=CC=2)NC3N=C(C(=CN=3)I)NCCCNC(C4=CC=CS4)=O,selleckchem,O=C(NCCCNc1nc(Nc2cccc(NC(=O)N3CCCC3)c2)ncc1I)c1cccs1,"InChI=1S/C23H26IN7O2S/c24-18-15-27-22(30-20(18)25-9-5-10-26-21(32)19-8-4-13-34-19)28-16-6-3-7-17(14-16)29-23(33)31-11-1-2-12-31/h3-4,6-8,13-15H,1-2,5,9-12H2,(H,26,32)(H,29,33)(H2,25,27,28,30)",VAVXGGRQQJZYBL-UHFFFAOYSA-N,VAVXGGRQQJZYBL,O=C(NCCCNc1nc(Nc2cccc(NC(=O)N3CCCC3)c2)ncc1I)c1cccs1,O75385_WT;Q8IYT8_WT;Q8N884_WT;Q9UHD2_WT;Q14164_WT;Q15118_WT,O75385_WT;Q8IYT8_WT;Q8N884_WT;Q9UHD2_WT;Q14164_WT;Q15118_WT,O75385_WT;Q8N884_WT;Q9UHD2_WT;Q14164_WT;Q15118_WT,Q9UHD2_WT;Q14164_WT,,,,reducer
Galangin,inactive,O=c1c(O)c(-c2ccccc2)oc2cc(O)cc(O)c12,spectrum,O=c1c(O)c(-c2ccccc2)oc2cc(O)cc(O)c12,"InChI=1S/C15H10O5/c16-9-6-10(17)12-11(7-9)20-15(14(19)13(12)18)8-4-2-1-3-5-8/h1-7,16-17,19H",VCCRNZQBSJXYJD-UHFFFAOYSA-N,VCCRNZQBSJXYJD,O=c1c(O)c(-c2ccccc2)oc2cc(O)cc(O)c12,O43570_WT;P04798_WT;P05177_WT;P21397_WT;P22748_WT;P25099_WT;P30543_WT;P43166_WT;Q9UL62_WT;Q16678_WT,O43570_WT;P04798_WT;P05177_WT;P21397_WT;P43166_WT;Q16678_WT,O43570_WT;P04798_WT;P05177_WT;P43166_WT;Q16678_WT,P43166_WT;Q16678_WT,Q16678_WT,,,inactive
Sappanone a dimethyl ether,inactive,COc1ccc2C(=O)/C(=C/c3ccc(OC)c(O)c3)COc2c1,spectrum,COc1ccc2c(c1)OC/C(=C\c1ccc(OC)c(O)c1)C2=O,"InChI=1S/C18H16O5/c1-21-13-4-5-14-17(9-13)23-10-12(18(14)20)7-11-3-6-16(22-2)15(19)8-11/h3-9,19H,10H2,1-2H3/b12-7+",VCNDHJFYRZQMHX-KPKJPENVSA-N,VCNDHJFYRZQMHX,COc1ccc2c(c1)OC/C(=C\c1ccc(OC)c(O)c1)C2=O,Q9NUW8_WT,Q9NUW8_WT,Q9NUW8_WT,Q9NUW8_WT,Q9NUW8_WT,,,inactive
Wye-687,reducer,C1=C(C=CC(=C1)C2=NC3=C(C(=N2)N4CCOCC4)C=NN3C5CCN(CC5)CC6=CC=CN=C6)NC(OC)=O,selleckchem,COC(=O)Nc1ccc(-c2nc(N3CCOCC3)c3cnn(C4CCN(Cc5cccnc5)CC4)c3n2)cc1,"InChI=1S/C28H32N8O3/c1-38-28(37)31-22-6-4-21(5-7-22)25-32-26(35-13-15-39-16-14-35)24-18-30-36(27(24)33-25)23-8-11-34(12-9-23)19-20-3-2-10-29-17-20/h2-7,10,17-18,23H,8-9,11-16,19H2,1H3,(H,31,37)",VDOCQQKGPJENHJ-UHFFFAOYSA-N,VDOCQQKGPJENHJ,COC(=O)Nc1ccc(-c2nc(N3CCOCC3)c3cnn(C4CCN(Cc5cccnc5)CC4)c3n2)cc1,P42336_WT;P42345_WT,P42345_WT,P42345_WT,P42345_WT,P42345_WT,,,reducer
Garcinolic acid,inactive,CC(C)=CCCC1(C)C=Cc2c(O)c3c(OC45C(=CCCC4C(C)(C)O[C@@]5(C/C=C(\C)C(=O)O)C(=O)O)C3=O)c(CC=C(C)C)c2O1,spectrum,CC(C)=CCCC1(C)C=Cc2c(O)c3c(c(CC=C(C)C)c2O1)OC12C(=CCCC1C(C)(C)O[C@@]2(C/C=C(\C)C(=O)O)C(=O)O)C3=O,"InChI=1S/C38H46O9/c1-21(2)11-10-18-36(8)19-17-24-29(39)28-30(40)26-12-9-13-27-35(6,7)47-37(34(43)44,20-16-23(5)33(41)42)38(26,27)46-32(28)25(31(24)45-36)15-14-22(3)4/h11-12,14,16-17,19,27,39H,9-10,13,15,18,20H2,1-8H3,(H,41,42)(H,43,44)/b23-16+/t27?,36?,37-,38?/m0/s1",VDSCKSOYNLTQSY-VGJPRPLGSA-N,VDSCKSOYNLTQSY,CC(C)=CCCC1(C)C=Cc2c(O)c3c(c(CC=C(C)C)c2O1)OC12C(=CCCC1C(C)(C)O[C@@]2(C/C=C(\C)C(=O)O)C(=O)O)C3=O,Q9Y6L6_WT,,,,,,,inactive
Cinoxacin,inactive,CCn1nc(C(=O)O)c(=O)c2c1cc1OCOc1c2,spectrum,CCn1nc(C(=O)O)c(=O)c2cc3c(cc21)OCO3,"InChI=1S/C12H10N2O5/c1-2-14-7-4-9-8(18-5-19-9)3-6(7)11(15)10(13-14)12(16)17/h3-4H,2,5H2,1H3,(H,16,17)",VDUWPHTZYNWKRN-UHFFFAOYSA-N,VDUWPHTZYNWKRN,CCn1nc(C(=O)O)c(=O)c2cc3c(cc21)OCO3,,,,,,,,inactive
Fumarprotocetraric acid,inactive,Cc1c2C(=O)Oc3c(COC(=O)/C=C/C(=O)O)c(O)c(C(=O)O)c(C)c3Oc2c(C=O)c(O)c1,spectrum,Cc1cc(O)c(C=O)c2c1C(=O)Oc1c(COC(=O)/C=C/C(=O)O)c(O)c(C(=O)O)c(C)c1O2,"InChI=1S/C22H16O12/c1-8-5-12(24)10(6-23)19-15(8)22(31)34-20-11(7-32-14(27)4-3-13(25)26)17(28)16(21(29)30)9(2)18(20)33-19/h3-6,24,28H,7H2,1-2H3,(H,25,26)(H,29,30)/b4-3+",VEGGRTFDFMUBPD-ONEGZZNKSA-N,VEGGRTFDFMUBPD,Cc1cc(O)c(C=O)c2c1C(=O)Oc1c(COC(=O)/C=C/C(=O)O)c(O)c(C(=O)O)c(C)c1O2,,,,,,,,inactive
Totarol-19-carboxylic acid. methyl ester,inactive,COC(=O)[C@@]1(C)CCC[C@]2(C)c3c(CCC12)c(C(C)C)c(O)cc3,spectrum,COC(=O)[C@@]1(C)CCC[C@]2(C)c3ccc(O)c(C(C)C)c3CCC12,"InChI=1S/C21H30O3/c1-13(2)18-14-7-10-17-20(3,15(14)8-9-16(18)22)11-6-12-21(17,4)19(23)24-5/h8-9,13,17,22H,6-7,10-12H2,1-5H3/t17?,20-,21+/m1/s1",VEJJMTHWRMKGKN-SJRAPUSDSA-N,VEJJMTHWRMKGKN,COC(=O)[C@@]1(C)CCC[C@]2(C)c3ccc(O)c(C(C)C)c3CCC12,,,,,,,,inactive
Curcumin,inactive,COc1cc(/C=C/C(=O)/C=C(O)/C=C/c2ccc(O)c(OC)c2)ccc1O,spectrum,COc1cc(C=CC(=O)CC(=O)C=Cc2ccc(O)c(OC)c2)ccc1O,"InChI=1S/C21H20O6/c1-26-20-11-14(5-9-18(20)24)3-7-16(22)13-17(23)8-4-15-6-10-19(25)21(12-15)27-2/h3-12,24-25H,13H2,1-2H3",VFLDPWHFBUODDF-UHFFFAOYSA-N,VFLDPWHFBUODDF,COc1cc(C=CC(=O)CC(=O)C=Cc2ccc(O)c(OC)c2)ccc1O,O14684_WT;P13726_WT;P18266_WT;Q9NZ45_WT;Q04760_WT,O14684_WT;P13726_WT;P18266_WT;Q04760_WT,P13726_WT;P18266_WT;Q04760_WT,P13726_WT;Q04760_WT,Q04760_WT,,,inactive
Iriginol hexaacetate,inactive,CC(=O)Oc1cc(-c2coc3cc(OC(C)=O)c(OC(C)=O)c(OC(C)=O)c3c2=O)cc(OC(C)=O)c1OC(C)=O,spectrum,CC(=O)Oc1cc(-c2coc3cc(OC(C)=O)c(OC(C)=O)c(OC(C)=O)c3c2=O)cc(OC(C)=O)c1OC(C)=O,"InChI=1S/C27H22O14/c1-11(28)36-20-7-17(8-21(37-12(2)29)25(20)39-14(4)31)18-10-35-19-9-22(38-13(3)30)26(40-15(5)32)27(41-16(6)33)23(19)24(18)34/h7-10H,1-6H3",VFQVOTVAPPYKEC-UHFFFAOYSA-N,VFQVOTVAPPYKEC,CC(=O)Oc1cc(-c2coc3cc(OC(C)=O)c(OC(C)=O)c(OC(C)=O)c3c2=O)cc(OC(C)=O)c1OC(C)=O,Q9UBT6_WT,,,,,,,inactive
3.3'-diindolylmethane,inactive,c1cc2c(cc1)c(Cc1c[nH]c3c1cccc3)c[nH]2,spectrum,c1ccc2c(Cc3c[nH]c4ccccc34)c[nH]c2c1,"InChI=1S/C17H14N2/c1-3-7-16-14(5-1)12(10-18-16)9-13-11-19-17-8-4-2-6-15(13)17/h1-8,10-11,18-19H,9H2",VFTRKSBEFQDZKX-UHFFFAOYSA-N,VFTRKSBEFQDZKX,c1ccc2c(Cc3c[nH]c4ccccc34)c[nH]c2c1,,,,,,,,inactive
Wp1066,inactive,C(/C(=C/C1C=CC=C(N=1)Br)C#N)(=O)N[C@@H](C)C2C=CC=CC=2,selleckchem,C[C@H](NC(=O)/C(C#N)=C/c1cccc(Br)n1)c1ccccc1,"InChI=1S/C17H14BrN3O/c1-12(13-6-3-2-4-7-13)20-17(22)14(11-19)10-15-8-5-9-16(18)21-15/h2-10,12H,1H3,(H,20,22)/b14-10+/t12-/m0/s1",VFUAJMPDXIRPKO-LQELWAHVSA-N,VFUAJMPDXIRPKO,C[C@H](NC(=O)/C(C#N)=C/c1cccc(Br)n1)c1ccccc1,,,,,,,,inactive
Phloretin,inactive,O=C(CCc1ccc(O)cc1)c1c(O)cc(O)cc1O,spectrum,O=C(CCc1ccc(O)cc1)c1c(O)cc(O)cc1O,"InChI=1S/C15H14O5/c16-10-4-1-9(2-5-10)3-6-12(18)15-13(19)7-11(17)8-14(15)20/h1-2,4-5,7-8,16-17,19-20H,3,6H2",VGEREEWJJVICBM-UHFFFAOYSA-N,VGEREEWJJVICBM,O=C(CCc1ccc(O)cc1)c1c(O)cc(O)cc1O,P03372_WT,P03372_WT,,,,,,inactive
Sertraline hydrochloride,inactive,CN[C@H]1CC[C@@H](c2cc(Cl)c(Cl)cc2)c2c1cccc2,spectrum,CN[C@H]1CC[C@@H](c2ccc(Cl)c(Cl)c2)c2ccccc21,"InChI=1S/C17H17Cl2N/c1-20-17-9-7-12(13-4-2-3-5-14(13)17)11-6-8-15(18)16(19)10-11/h2-6,8,10,12,17,20H,7,9H2,1H3/t12-,17-/m0/s1",VGKDLMBJGBXTGI-SJCJKPOMSA-N,VGKDLMBJGBXTGI,CN[C@H]1CC[C@@H](c2ccc(Cl)c(Cl)c2)c2ccccc21,P08173_WT;P08912_WT;P08913_WT;P11229_WT;P15823_WT;P18089_WT;P23975_WT;P23977_WT;P28335_WT;P31645_WT;P31652_WT;Q9R0C9_WT;Q9WTR4_WT;Q01959_WT;Q63380_WT;Q99720_WT,P08913_WT;P18089_WT;P23977_WT;P31645_WT;P31652_WT;Q9R0C9_WT;Q9WTR4_WT;Q01959_WT;Q63380_WT;Q99720_WT,P23977_WT;P31645_WT;P31652_WT;Q9R0C9_WT;Q63380_WT;Q99720_WT,P31645_WT;Q63380_WT,P31645_WT,P31645_WT,P31645_WT,inactive
Althiazide,inactive,C=CCSCC1Nc2c(cc(S(N)(=O)=O)c(Cl)c2)S(=O)(=O)N1,spectrum,C=CCSCC1Nc2cc(Cl)c(S(N)(=O)=O)cc2S(=O)(=O)N1,"InChI=1S/C11H14ClN3O4S3/c1-2-3-20-6-11-14-8-4-7(12)9(21(13,16)17)5-10(8)22(18,19)15-11/h2,4-5,11,14-15H,1,3,6H2,(H2,13,16,17)",VGLGVJVUHYTIIU-UHFFFAOYSA-N,VGLGVJVUHYTIIU,C=CCSCC1Nc2cc(Cl)c(S(N)(=O)=O)cc2S(=O)(=O)N1,P11712_WT,P11712_WT,,,,,,inactive
Pitavastatin calcium,inactive,O=C(O)C[C@H](O)C[C@H](O)/C=C/c1c(-c2ccc(F)cc2)c2ccccc2nc1C1CC1,spectrum,O=C(O)C[C@H](O)C[C@H](O)/C=C/c1c(C2CC2)nc2ccccc2c1-c1ccc(F)cc1,"InChI=1S/C25H24FNO4/c26-17-9-7-15(8-10-17)24-20-3-1-2-4-22(20)27-25(16-5-6-16)21(24)12-11-18(28)13-19(29)14-23(30)31/h1-4,7-12,16,18-19,28-29H,5-6,13-14H2,(H,30,31)/b12-11+/t18-,19-/m1/s1",VGYFMXBACGZSIL-MCBHFWOFSA-N,VGYFMXBACGZSIL,O=C(O)C[C@H](O)C[C@H](O)/C=C/c1c(C2CC2)nc2ccccc2c1-c1ccc(F)cc1,P51450_WT;P51639_WT,P51639_WT,,,,,,inactive
Acetohexamide,inactive,CC(=O)c1ccc(S(=O)(=O)NC(=O)NC2CCCCC2)cc1,spectrum,CC(=O)c1ccc(S(=O)(=O)NC(=O)NC2CCCCC2)cc1,"InChI=1S/C15H20N2O4S/c1-11(18)12-7-9-14(10-8-12)22(20,21)17-15(19)16-13-5-3-2-4-6-13/h7-10,13H,2-6H2,1H3,(H2,16,17,19)",VGZSUPCWNCWDAN-UHFFFAOYSA-N,VGZSUPCWNCWDAN,CC(=O)c1ccc(S(=O)(=O)NC(=O)NC2CCCCC2)cc1,,,,,,,,inactive
Leflunomide,inactive,Cc1c(C(=O)Nc2ccc(C(F)(F)F)cc2)cno1,spectrum,Cc1oncc1C(=O)Nc1ccc(C(F)(F)F)cc1,"InChI=1S/C12H9F3N2O2/c1-7-10(6-16-19-7)11(18)17-9-4-2-8(3-5-9)12(13,14)15/h2-6H,1H3,(H,17,18)",VHOGYURTWQBHIL-UHFFFAOYSA-N,VHOGYURTWQBHIL,Cc1oncc1C(=O)Nc1ccc(C(F)(F)F)cc1,O35435_WT;P05177_WT;P11511_WT;P51450_WT;Q02127_WT,O35435_WT;P05177_WT,O35435_WT,O35435_WT,,,,inactive
Itraconazole,inactive,CCC(C)n1ncn(-c2ccc(N3CCN(c4ccc(OC[C@H]5CO[C@](Cn6cncn6)(c6c(Cl)cc(Cl)cc6)O5)cc4)CC3)cc2)c1=O,spectrum,CCC(C)n1ncn(-c2ccc(N3CCN(c4ccc(OC[C@H]5CO[C@](Cn6cncn6)(c6ccc(Cl)cc6Cl)O5)cc4)CC3)cc2)c1=O,"InChI=1S/C35H38Cl2N8O4/c1-3-25(2)45-34(46)44(24-40-45)29-7-5-27(6-8-29)41-14-16-42(17-15-41)28-9-11-30(12-10-28)47-19-31-20-48-35(49-31,21-43-23-38-22-39-43)32-13-4-26(36)18-33(32)37/h4-13,18,22-25,31H,3,14-17,19-21H2,1-2H3/t25?,31-,35-/m0/s1",VHVPQPYKVGDNFY-ZPGVKDDISA-N,VHVPQPYKVGDNFY,CCC(C)n1ncn(-c2ccc(N3CCN(c4ccc(OC[C@H]5CO[C@](Cn6cncn6)(c6ccc(Cl)cc6Cl)O5)cc4)CC3)cc2)c1=O,P06795_WT;P08684_WT;P21447_WT,P08684_WT;P21447_WT,P08684_WT,P08684_WT,,,,inactive
Bisoprolol fumarate,inactive,CC(C)NCC(O)COc1ccc(COCCOC(C)C)cc1,spectrum,CC(C)NCC(O)COc1ccc(COCCOC(C)C)cc1,"InChI=1S/C18H31NO4/c1-14(2)19-11-17(20)13-23-18-7-5-16(6-8-18)12-21-9-10-22-15(3)4/h5-8,14-15,17,19-20H,9-13H2,1-4H3",VHYCDWMUTMEGQY-UHFFFAOYSA-N,VHYCDWMUTMEGQY,CC(C)NCC(O)COc1ccc(COCCOC(C)C)cc1,P07550_WT;P28482_WT;P34971_WT,P07550_WT;P28482_WT;P34971_WT,P28482_WT;P34971_WT,P28482_WT;P34971_WT,P28482_WT;P34971_WT,,,inactive
As703026,inactive,C1=C(C=CC(=C1F)NC2=CN=CC=C2C(NC[C@@H](CO)O)=O)I,selleckchem,O=C(NC[C@H](O)CO)c1ccncc1Nc1ccc(I)cc1F,"InChI=1S/C15H15FIN3O3/c16-12-5-9(17)1-2-13(12)20-14-7-18-4-3-11(14)15(23)19-6-10(22)8-21/h1-5,7,10,20-22H,6,8H2,(H,19,23)/t10-/m0/s1",VIUAUNHCRHHYNE-JTQLQIEISA-N,VIUAUNHCRHHYNE,O=C(NC[C@H](O)CO)c1ccncc1Nc1ccc(I)cc1F,P36507_WT;Q9NSE4_WT;Q02750_WT;Q15008_WT,P36507_WT;Q9NSE4_WT;Q02750_WT;Q15008_WT,P36507_WT;Q9NSE4_WT;Q02750_WT;Q15008_WT,Q9NSE4_WT;Q02750_WT;Q15008_WT,Q02750_WT;Q15008_WT,,,inactive
Etoposide,antineoplastic,COc1cc([C@@H]2c3cc4c(cc3C(OC3O[C@@H]5COC(C)O[C@H]5[C@H](O)[C@H]3O)C3COC(=O)[C@@H]32)OCO4)cc(OC)c1O,spectrum,COc1cc([C@@H]2c3cc4c(cc3C(OC3O[C@@H]5COC(C)O[C@H]5[C@H](O)[C@H]3O)C3COC(=O)C32)OCO4)cc(OC)c1O,"InChI=1S/C29H32O13/c1-11-36-9-20-27(40-11)24(31)25(32)29(41-20)42-26-14-7-17-16(38-10-39-17)6-13(14)21(22-15(26)8-37-28(22)33)12-4-18(34-2)23(30)19(5-12)35-3/h4-7,11,15,20-22,24-27,29-32H,8-10H2,1-3H3/t11?,15?,20-,21-,22?,24-,25-,26?,27-,29?/m1/s1",VJJPUSNTGOMMGY-VRLBHWRKSA-N,VJJPUSNTGOMMGY,COc1cc([C@@H]2c3cc4c(cc3C(OC3O[C@@H]5COC(C)O[C@H]5[C@H](O)[C@H]3O)C3COC(=O)C32)OCO4)cc(OC)c1O,P04637_WT;Q9NUW8_WT;Q9Y6Q9_WT;Q02880_WT,Q9NUW8_WT;Q02880_WT,,,,,,antineoplastic
Kainic acid,inactive,C=C(C)C1CNC(C(=O)O)C1CC(=O)O,spectrum,C=C(C)C1CNC(C(=O)O)C1CC(=O)O,"InChI=1S/C10H15NO4/c1-5(2)7-4-11-9(10(14)15)6(7)3-8(12)13/h6-7,9,11H,1,3-4H2,2H3,(H,12,13)(H,14,15)",VLSMHEGGTFMBBZ-UHFFFAOYSA-N,VLSMHEGGTFMBBZ,C=C(C)C1CNC(C(=O)O)C1CC(=O)O,P22756_WT;P42260_WT;P42264_WT;Q01812_WT;Q13002_WT;Q13003_WT;Q16478_WT;Q63273_WT,P22756_WT;P42260_WT;P42264_WT;Q01812_WT;Q13002_WT;Q13003_WT;Q16478_WT;Q63273_WT,P22756_WT;P42260_WT;P42264_WT;Q01812_WT;Q13002_WT;Q13003_WT;Q63273_WT,P42264_WT;Q01812_WT;Q13003_WT;Q63273_WT,Q01812_WT,,,inactive
Sulfamethoxypyridazine,inactive,COc1nnc(NS(=O)(=O)c2ccc(N)cc2)cc1,spectrum,COc1ccc(NS(=O)(=O)c2ccc(N)cc2)nn1,"InChI=1S/C11H12N4O3S/c1-18-11-7-6-10(13-14-11)15-19(16,17)9-4-2-8(12)3-5-9/h2-7H,12H2,1H3,(H,13,15)",VLYWMPOKSSWJAL-UHFFFAOYSA-N,VLYWMPOKSSWJAL,COc1ccc(NS(=O)(=O)c2ccc(N)cc2)nn1,P03372_WT,P03372_WT,P03372_WT,P03372_WT,P03372_WT,P03372_WT,,inactive
Apomorphine hydrochloride,inactive,CN1CCc2cccc3c2C1Cc1c-3c(O)c(O)cc1,spectrum,CN1CCc2cccc3c2C1Cc1ccc(O)c(O)c1-3,"InChI=1S/C17H17NO2/c1-18-8-7-10-3-2-4-12-15(10)13(18)9-11-5-6-14(19)17(20)16(11)12/h2-6,13,19-20H,7-9H2,1H3",VMWNQDUVQKEIOC-UHFFFAOYSA-N,VMWNQDUVQKEIOC,CN1CCc2cccc3c2C1Cc1ccc(O)c(O)c1-3,P08908_WT;P14416_WT;P18901_WT;P19020_WT;P19327_WT;P21728_WT;P21917_WT;P21918_WT;P28223_WT;P30729_WT;P32305_WT;P35363_WT;P35462_WT;P61169_WT;Q00987_WT;Q61616_WT,P08908_WT;P14416_WT;P19020_WT;P19327_WT;P21917_WT;P21918_WT;P28223_WT;P30729_WT;P32305_WT;P35363_WT;P35462_WT;P61169_WT;Q00987_WT;Q61616_WT,P14416_WT;P19020_WT;P21917_WT;P21918_WT;P30729_WT;P35363_WT;P35462_WT;P61169_WT,P14416_WT;P21917_WT;P21918_WT;P30729_WT;P35363_WT;P35462_WT,P21917_WT;P30729_WT;P35363_WT,,,inactive
Bms 777607,inactive,C1(=C(N=CC=C1OC2=CC=C(C=C2F)NC(=O)C3C(N(C=CC=3OCC)C4=CC=C(C=C4)F)=O)N)Cl,selleckchem,CCOc1ccn(-c2ccc(F)cc2)c(=O)c1C(=O)Nc1ccc(Oc2ccnc(N)c2Cl)c(F)c1,"InChI=1S/C25H19ClF2N4O4/c1-2-35-19-10-12-32(16-6-3-14(27)4-7-16)25(34)21(19)24(33)31-15-5-8-18(17(28)13-15)36-20-9-11-30-23(29)22(20)26/h3-13H,2H2,1H3,(H2,29,30)(H,31,33)",VNBRGSXVFBYQNN-UHFFFAOYSA-N,VNBRGSXVFBYQNN,CCOc1ccn(-c2ccc(F)cc2)c(=O)c1C(=O)Nc1ccc(Oc2ccnc(N)c2Cl)c(F)c1,O00444_WT;P00519_WT;P04629_WT;P07949_WT;P08581_WT;P09619_WT;P10721_WT;P12931_WT;P16234_WT;P30530_WT;P35968_WT;P36888_WT;P42685_WT;P51451_WT;Q9HBH9_WT;Q02763_WT;Q04912_WT;Q06418_WT;Q08345_WT;Q12866_WT;Q16620_WT;Q16832_WT,O00444_WT;P04629_WT;P08581_WT;P10721_WT;P16234_WT;P30530_WT;P35968_WT;P36888_WT;Q04912_WT;Q06418_WT;Q08345_WT;Q12866_WT;Q16620_WT;Q16832_WT,P08581_WT;P16234_WT;P30530_WT;P36888_WT;Q04912_WT;Q06418_WT;Q08345_WT;Q12866_WT;Q16832_WT,P08581_WT;P16234_WT;P30530_WT;P36888_WT;Q04912_WT;Q06418_WT;Q12866_WT,P08581_WT;P30530_WT;Q04912_WT;Q06418_WT,P30530_WT;Q04912_WT,,inactive
Clotrimazole,inactive,Clc1c(C(c2ccccc2)(c2ccccc2)n2ccnc2)cccc1,spectrum,Clc1ccccc1C(c1ccccc1)(c1ccccc1)n1ccnc1,"InChI=1S/C22H17ClN2/c23-21-14-8-7-13-20(21)22(25-16-15-24-17-25,18-9-3-1-4-10-18)19-11-5-2-6-12-19/h1-17H",VNFPBHJOKIVQEB-UHFFFAOYSA-N,VNFPBHJOKIVQEB,Clc1ccccc1C(c1ccccc1)(c1ccccc1)n1ccnc1,O15554_WT;P05093_WT;P08684_WT;P10632_WT;P11511_WT;P11712_WT;P24557_WT;Q9UNU6_WT;Q13936_WT;Q14994_WT;Q16850_WT,O15554_WT;P05093_WT;P08684_WT;P11511_WT;P24557_WT;Q14994_WT;Q16850_WT,O15554_WT;P05093_WT;P08684_WT;P11511_WT;P24557_WT,P11511_WT;P24557_WT,P11511_WT,P11511_WT,,inactive
Deoxygedunin,inactive,CC(=O)O[C@@H]1CC2C(C)(C)C(=O)C=C[C@]2(C)C2CC[C@]3(C)C(=CC(=O)O[C@H]3c3cocc3)[C@@]21C,spectrum,CC(=O)O[C@@H]1CC2C(C)(C)C(=O)C=C[C@]2(C)C2CC[C@]3(C)C(=CC(=O)O[C@H]3c3ccoc3)[C@@]21C,"InChI=1S/C28H34O6/c1-16(29)33-22-13-19-25(2,3)21(30)8-11-26(19,4)18-7-10-27(5)20(28(18,22)6)14-23(31)34-24(27)17-9-12-32-15-17/h8-9,11-12,14-15,18-19,22,24H,7,10,13H2,1-6H3/t18?,19?,22-,24+,26-,27-,28-/m1/s1",VOUDTVRGPAGHGA-OMRKLITNSA-N,VOUDTVRGPAGHGA,CC(=O)O[C@@H]1CC2C(C)(C)C(=O)C=C[C@]2(C)C2CC[C@]3(C)C(=CC(=O)O[C@H]3c3ccoc3)[C@@]21C,Q9NUW8_WT,,,,,,,inactive
Estradiol,enhancer,C[C@]12CCC3c4c(cc(O)cc4)CCC3C1CC[C@@H]2O,spectrum,C[C@]12CCC3c4ccc(O)cc4CCC3C1CC[C@@H]2O,"InChI=1S/C18H24O2/c1-18-9-8-14-13-5-3-12(19)10-11(13)2-4-15(14)16(18)6-7-17(18)20/h3,5,10,14-17,19-20H,2,4,6-9H2,1H3/t14?,15?,16?,17-,18-/m0/s1",VOXZDWNPVJITMN-PAOLREHBSA-N,VOXZDWNPVJITMN,C[C@]12CCC3c4ccc(O)cc4CCC3C1CC[C@@H]2O,O08537_WT;O95718_WT;P03372_WT;P04278_WT;P06211_WT;P10275_WT;P11474_WT;P19785_WT;Q06278_WT;Q16637_WT;Q62986_WT;Q92731_WT;Q99527_WT,O08537_WT;O95718_WT;P03372_WT;P04278_WT;P06211_WT;P11474_WT;P19785_WT;Q62986_WT;Q92731_WT;Q99527_WT,O08537_WT;O95718_WT;P03372_WT;P04278_WT;P06211_WT;P11474_WT;P19785_WT;Q62986_WT;Q92731_WT;Q99527_WT,O08537_WT;O95718_WT;P03372_WT;P04278_WT;P06211_WT;P11474_WT;P19785_WT;Q62986_WT;Q92731_WT;Q99527_WT,O08537_WT;O95718_WT;P03372_WT;P04278_WT;P06211_WT;P11474_WT;P19785_WT;Q62986_WT;Q92731_WT;Q99527_WT,O08537_WT;P03372_WT;P06211_WT;P19785_WT;Q62986_WT;Q92731_WT;Q99527_WT,Q62986_WT,enhancer
Krn 633,inactive,C1(=C(C=C2C(=C1)C(=NC=N2)OC3=CC=C(C(=C3)Cl)NC(=O)NCCC)OC)OC,selleckchem,CCCNC(=O)Nc1ccc(Oc2ncnc3cc(OC)c(OC)cc23)cc1Cl,"InChI=1S/C20H21ClN4O4/c1-4-7-22-20(26)25-15-6-5-12(8-14(15)21)29-19-13-9-17(27-2)18(28-3)10-16(13)23-11-24-19/h5-6,8-11H,4,7H2,1-3H3,(H2,22,25,26)",VPBYZLCHOKSGRX-UHFFFAOYSA-N,VPBYZLCHOKSGRX,CCCNC(=O)Nc1ccc(Oc2ncnc3cc(OC)c(OC)cc23)cc1Cl,P16234_WT;P17948_WT;P35916_WT;P35968_WT,P17948_WT;P35916_WT;P35968_WT,P17948_WT;P35968_WT,P17948_WT;P35968_WT,P17948_WT;P35968_WT,P17948_WT;P35968_WT,,inactive
Hydroxyprogesterone caproate,inactive,CCCCCC(=O)O[C@]1(C(C)=O)CCC2C3CCC4=CC(=O)CC[C@]4(C)C3CC[C@@]21C,spectrum,CCCCCC(=O)O[C@]1(C(C)=O)CCC2C3CC=C4CC(=O)CC[C@]4(C)C3CC[C@@]21C,"InChI=1S/C27H40O4/c1-5-6-7-8-24(30)31-27(18(2)28)16-13-23-21-10-9-19-17-20(29)11-14-25(19,3)22(21)12-15-26(23,27)4/h9,21-23H,5-8,10-17H2,1-4H3/t21?,22?,23?,25-,26-,27-/m0/s1",VPEJMHYFGCNXLM-JKPPDDDBSA-N,VPEJMHYFGCNXLM,CCCCCC(=O)O[C@]1(C(C)=O)CCC2C3CC=C4CC(=O)CC[C@]4(C)C3CC[C@@]21C,P04150_WT;P10275_WT;P11511_WT,P04150_WT;P10275_WT,P10275_WT,,,,,inactive
Tws119,inactive,C1=CC=C(C=C1O)OC2=NC=NC3=C2C=C(N3)C4=CC=CC(=C4)N,selleckchem,Nc1cccc(-c2cc3c(Oc4cccc(O)c4)ncnc3[nH]2)c1,"InChI=1S/C18H14N4O2/c19-12-4-1-3-11(7-12)16-9-15-17(22-16)20-10-21-18(15)24-14-6-2-5-13(23)8-14/h1-10,23H,19H2,(H,20,21,22)",VPVLEBIVXZSOMQ-UHFFFAOYSA-N,VPVLEBIVXZSOMQ,Nc1cccc(-c2cc3c(Oc4cccc(O)c4)ncnc3[nH]2)c1,P49841_WT,P49841_WT,P49841_WT,P49841_WT,,,,inactive
D-lactitol monohydrate,inactive,OC[C@H](O)[C@@H](O)C(O[C@@H]1O[C@H](CO)[C@H](O)[C@H](O)[C@H]1O)[C@H](O)CO,spectrum,OC[C@@H](O)C(O[C@@H]1O[C@H](CO)[C@H](O)[C@H](O)[C@H]1O)[C@H](O)[C@@H](O)CO,"InChI=1S/C12H24O11/c13-1-4(16)7(18)11(5(17)2-14)23-12-10(21)9(20)8(19)6(3-15)22-12/h4-21H,1-3H2/t4-,5+,6+,7+,8-,9-,10+,11?,12-/m0/s1",VQHSOMBJVWLPSR-HWCAIPQBSA-N,VQHSOMBJVWLPSR,OC[C@@H](O)C(O[C@@H]1O[C@H](CO)[C@H](O)[C@H](O)[C@H]1O)[C@H](O)[C@@H](O)CO,P03372_WT,,,,,,,inactive
Nefazodone hydrochloride,inactive,CCc1nn(CCCN2CCN(c3cc(Cl)ccc3)CC2)c(=O)n1CCOc1ccccc1,spectrum,CCc1nn(CCCN2CCN(c3cccc(Cl)c3)CC2)c(=O)n1CCOc1ccccc1,"InChI=1S/C25H32ClN5O2/c1-2-24-27-31(25(32)30(24)18-19-33-23-10-4-3-5-11-23)13-7-12-28-14-16-29(17-15-28)22-9-6-8-21(26)20-22/h3-6,8-11,20H,2,7,12-19H2,1H3",VRBKIVRKKCLPHA-UHFFFAOYSA-N,VRBKIVRKKCLPHA,CCc1nn(CCCN2CCN(c3cccc(Cl)c3)CC2)c(=O)n1CCOc1ccccc1,P08684_WT;P08908_WT;P14842_WT;P19327_WT;P23975_WT;P28223_WT;P31645_WT;P31652_WT;Q9WTR4_WT;Q01959_WT,P08684_WT;P08908_WT;P14842_WT;P19327_WT;P28223_WT;P31645_WT;P31652_WT,P08684_WT;P14842_WT;P19327_WT;P28223_WT,P08684_WT;P14842_WT;P28223_WT,P14842_WT;P28223_WT,,,inactive
Azd4547,inactive,C1(=CC(=CC(=C1)CCC2=CC(=NN2)NC(=O)C3=CC=C(C=C3)N4C[C@@H](N[C@@H](C4)C)C)OC)OC,selleckchem,COc1cc(CCc2cc(NC(=O)c3ccc(N4C[C@@H](C)N[C@@H](C)C4)cc3)[nH]n2)cc(OC)c1,"InChI=1S/C26H33N5O3/c1-17-15-31(16-18(2)27-17)22-9-6-20(7-10-22)26(32)28-25-13-21(29-30-25)8-5-19-11-23(33-3)14-24(12-19)34-4/h6-7,9-14,17-18,27H,5,8,15-16H2,1-4H3,(H2,28,29,30,32)/t17-,18+",VRQMAABPASPXMW-HDICACEKSA-N,VRQMAABPASPXMW,COc1cc(CCc2cc(NC(=O)c3ccc(N4C[C@@H](C)N[C@@H](C)C4)cc3)[nH]n2)cc(OC)c1,O14965_WT;O43765_WT;P07949_WT;P09619_WT;P11362_WT;P21802_WT;P22455_WT;P22607_WT;P35968_WT;P46020_WT;Q8IVH8_WT;Q9BQI3_WT;Q9Y4K4_WT;Q03142_WT;Q07912_WT;Q08345_WT;Q12851_WT;Q92918_WT,O43765_WT;P07949_WT;P09619_WT;P11362_WT;P21802_WT;P22455_WT;P22607_WT;P35968_WT;P46020_WT;Q8IVH8_WT;Q9BQI3_WT;Q9Y4K4_WT;Q07912_WT;Q08345_WT;Q12851_WT,P07949_WT;P11362_WT;P21802_WT;P22455_WT;P22607_WT;P35968_WT;P46020_WT;Q8IVH8_WT;Q9Y4K4_WT;Q08345_WT,P07949_WT;P11362_WT;P21802_WT;P22607_WT;P35968_WT;P46020_WT;Q9Y4K4_WT,P11362_WT;P21802_WT;P22607_WT;Q9Y4K4_WT,P11362_WT;P21802_WT,,inactive
Moxisylyte hydrochoride,inactive,CC(=O)Oc1c(C)cc(OCCN(C)C)c(C(C)C)c1,spectrum,CC(=O)Oc1cc(C(C)C)c(OCCN(C)C)cc1C,"InChI=1S/C16H25NO3/c1-11(2)14-10-15(20-13(4)18)12(3)9-16(14)19-8-7-17(5)6/h9-11H,7-8H2,1-6H3",VRYMTAVOXVTQEF-UHFFFAOYSA-N,VRYMTAVOXVTQEF,CC(=O)Oc1cc(C(C)C)c(OCCN(C)C)cc1C,O94925_WT;P14618_WT,P14618_WT,P14618_WT,P14618_WT,,,,inactive
Camptothecin,inactive,CC[C@@]1(O)C(=O)OCc2c1cc1-c3nc4ccccc4cc3Cn1c2=O,spectrum,CC[C@@]1(O)C(=O)OCc2c1cc1n(c2=O)Cc2cc3ccccc3nc2-1,"InChI=1S/C20H16N2O4/c1-2-20(25)14-8-16-17-12(7-11-5-3-4-6-15(11)21-17)9-22(16)18(23)13(14)10-26-19(20)24/h3-8,25H,2,9-10H2,1H3/t20-/m0/s1",VSJKWCGYPAHWDS-FQEVSTJZSA-N,VSJKWCGYPAHWDS,CC[C@@]1(O)C(=O)OCc2c1cc1n(c2=O)Cc2cc3ccccc3nc2-1,O14757_WT;P09651_WT;P40225_WT;P41595_WT;P42345_WT;P51450_WT;Q9NUW8_WT;Q16637_WT;Q16665_WT,O14757_WT;P09651_WT;P40225_WT;P42345_WT;P51450_WT;Q9NUW8_WT;Q16637_WT;Q16665_WT,O14757_WT;P09651_WT;P51450_WT;Q9NUW8_WT;Q16637_WT;Q16665_WT,O14757_WT;Q9NUW8_WT,O14757_WT,O14757_WT,,inactive
Trifluridine,antineoplastic,O=c1[nH]c(=O)n(C2C[C@H](O)[C@@H](CO)O2)cc1C(F)(F)F,spectrum,O=c1[nH]c(=O)n(C2C[C@H](O)[C@@H](CO)O2)cc1C(F)(F)F,"InChI=1S/C10H11F3N2O5/c11-10(12,13)4-2-15(9(19)14-8(4)18)7-1-5(17)6(3-16)20-7/h2,5-7,16-17H,1,3H2,(H,14,18,19)/t5-,6+,7?/m0/s1",VSQQQLOSPVPRAZ-GFCOJPQKSA-N,VSQQQLOSPVPRAZ,O=c1[nH]c(=O)n(C2C[C@H](O)[C@@H](CO)O2)cc1C(F)(F)F,P25094_WT;Q9NUW8_WT,Q9NUW8_WT,,,,,,antineoplastic
Telenzepine hydrochloride,inactive,Cc1c2c(cs1)C(=O)Nc1c(cccc1)N2C(=O)CN1CCN(C)CC1,spectrum,Cc1scc2c1N(C(=O)CN1CCN(C)CC1)c1ccccc1NC2=O,"InChI=1S/C19H22N4O2S/c1-13-18-14(12-26-13)19(25)20-15-5-3-4-6-16(15)23(18)17(24)11-22-9-7-21(2)8-10-22/h3-6,12H,7-11H2,1-2H3,(H,20,25)",VSWPGAIWKHPTKX-UHFFFAOYSA-N,VSWPGAIWKHPTKX,Cc1scc2c1N(C(=O)CN1CCN(C)CC1)c1ccccc1NC2=O,P08482_WT;P08483_WT;P08485_WT;P10980_WT,P08482_WT;P08483_WT;P08485_WT;P10980_WT,P08482_WT;P08483_WT;P08485_WT;P10980_WT,P08482_WT;P08483_WT;P08485_WT,P08483_WT,,,inactive
Clobetasol propionate,inactive,CCC(=O)O[C@]1(C(=O)CCl)[C@@H](C)CC2C3CCC4=CC(=O)C=C[C@]4(C)[C@@]3(F)[C@@H](O)C[C@@]21C,spectrum,CCC(=O)O[C@]1(C(=O)CCl)[C@@H](C)CC2C3CC=C4CC(=O)C=C[C@]4(C)[C@@]3(F)[C@@H](O)C[C@@]21C,"InChI=1S/C25H32ClFO5/c1-5-21(31)32-25(20(30)13-26)14(2)10-18-17-7-6-15-11-16(28)8-9-22(15,3)24(17,27)19(29)12-23(18,25)4/h6,8-9,14,17-19,29H,5,7,10-13H2,1-4H3/t14-,17?,18?,19-,22-,23-,24-,25-/m0/s1",VTWNBHBLWRWSOB-BHPVMOEKSA-N,VTWNBHBLWRWSOB,CCC(=O)O[C@]1(C(=O)CCl)[C@@H](C)CC2C3CC=C4CC(=O)C=C[C@]4(C)[C@@]3(F)[C@@H](O)C[C@@]21C,P04150_WT;P10275_WT;P11511_WT,P04150_WT;P10275_WT;P11511_WT,P04150_WT;P10275_WT;P11511_WT,P04150_WT;P10275_WT;P11511_WT,P04150_WT;P10275_WT;P11511_WT,P04150_WT;P10275_WT;P11511_WT,P04150_WT;P11511_WT,inactive
Leucovorin calcium,inactive,Nc1nc(=O)c2c(NCC(CNc3ccc(C(=O)N[C@@H](CCC(=O)O)C(=O)O)cc3)N2C=O)[nH]1,spectrum,Nc1nc(=O)c2c([nH]1)NCC(CNc1ccc(C(=O)NC(CCC(=O)O)C(=O)O)cc1)N2C=O,"InChI=1S/C20H23N7O7/c21-20-25-16-15(18(32)26-20)27(9-28)12(8-23-16)7-22-11-3-1-10(2-4-11)17(31)24-13(19(33)34)5-6-14(29)30/h1-4,9,12-13,22H,5-8H2,(H,24,31)(H,29,30)(H,33,34)(H4,21,23,25,26,32)",VVIAGPKUTFNRDU-UHFFFAOYSA-N,VVIAGPKUTFNRDU,Nc1nc(=O)c2c([nH]1)NCC(CNc1ccc(C(=O)NC(CCC(=O)O)C(=O)O)cc1)N2C=O,P03372_WT,,,,,,,inactive
Nitrendipine,inactive,CCOC(=O)C1=C(C)NC(C)=C(C(=O)OC)C1c1cccc([N+](=O)[O-])c1,spectrum,CCOC(=O)C1=C(C)N=C(C)C(C(=O)OC)C1c1cccc([N+](=O)[O-])c1,"InChI=1S/C18H20N2O6/c1-5-26-18(22)15-11(3)19-10(2)14(17(21)25-4)16(15)12-7-6-8-13(9-12)20(23)24/h6-9,14,16H,5H2,1-4H3",VVTJQHCRBOHFTD-UHFFFAOYSA-N,VVTJQHCRBOHFTD,CCOC(=O)C1=C(C)N=C(C)C(C(=O)OC)C1c1cccc([N+](=O)[O-])c1,P11712_WT;P21728_WT,P11712_WT;P21728_WT,P21728_WT,P21728_WT,,,,inactive
Propantheline bromide,inactive,CC(C)[N+](C)(CCOC(=O)C1c2c(cccc2)Oc2c1cccc2)C(C)C,spectrum,CC(C)[N+](C)(CCOC(=O)C1c2ccccc2Oc2ccccc21)C(C)C,"InChI=1S/C23H30NO3/c1-16(2)24(5,17(3)4)14-15-26-23(25)22-18-10-6-8-12-20(18)27-21-13-9-7-11-19(21)22/h6-13,16-17,22H,14-15H2,1-5H3/q+1",VVWYOYDLCMFIEM-UHFFFAOYSA-N,VVWYOYDLCMFIEM,CC(C)[N+](C)(CCOC(=O)C1c2ccccc2Oc2ccccc21)C(C)C,P08482_WT;Q16637_WT;Q61143_WT,P08482_WT;Q61143_WT,P08482_WT;Q61143_WT,P08482_WT,P08482_WT,,,inactive
Benzalkonium chloride,reducer,CCCCCCCCCCCCC[N+](C)(C)Cc1ccccc1,spectrum,CCCCCCCCCCCCC[N+](C)(C)Cc1ccccc1,"InChI=1S/C22H40N/c1-4-5-6-7-8-9-10-11-12-13-17-20-23(2,3)21-22-18-15-14-16-19-22/h14-16,18-19H,4-13,17,20-21H2,1-3H3/q+1",VVZBFOKBSDGVGZ-UHFFFAOYSA-N,VVZBFOKBSDGVGZ,CCCCCCCCCCCCC[N+](C)(C)Cc1ccccc1,Q9NUW8_WT,,,,,,,reducer
Nadolol,inactive,CC(C)(C)NCC(O)COc1cccc2c1C[C@H](O)[C@H](O)C2,spectrum,CC(C)(C)NCC(O)COc1cccc2c1C[C@H](O)[C@H](O)C2,"InChI=1S/C17H27NO4/c1-17(2,3)18-9-12(19)10-22-16-6-4-5-11-7-14(20)15(21)8-13(11)16/h4-6,12,14-15,18-21H,7-10H2,1-3H3/t12?,14-,15+/m1/s1",VWPOSFSPZNDTMJ-UCWKZMIHSA-N,VWPOSFSPZNDTMJ,CC(C)(C)NCC(O)COc1cccc2c1C[C@H](O)[C@H](O)C2,P07550_WT,P07550_WT,P07550_WT,P07550_WT,P07550_WT,,,inactive
Hydrocortisone hemisuccinate,inactive,C[C@]12C[C@H](O)C3C(CCC4=CC(=O)CC[C@@]43C)C1CC[C@]2(O)C(=O)COC(=O)CCC(=O)O,spectrum,C[C@]12CCC(=O)C=C1CCC1C2[C@@H](O)C[C@@]2(C)C1CC[C@]2(O)C(=O)COC(=O)CCC(=O)O,"InChI=1S/C25H34O8/c1-23-9-7-15(26)11-14(23)3-4-16-17-8-10-25(32,24(17,2)12-18(27)22(16)23)19(28)13-33-21(31)6-5-20(29)30/h11,16-18,22,27,32H,3-10,12-13H2,1-2H3,(H,29,30)/t16?,17?,18-,22?,23-,24-,25-/m0/s1",VWQWXZAWFPZJDA-PILPDLGISA-N,VWQWXZAWFPZJDA,C[C@]12CCC(=O)C=C1CCC1C2[C@@H](O)C[C@@]2(C)C1CC[C@]2(O)C(=O)COC(=O)CCC(=O)O,P06537_WT;P19838_WT,P06537_WT;P19838_WT,,,,,,inactive
Trandolapril,inactive,CCOC(=O)[C@H](CCc1ccccc1)N[C@H](C)C(=O)N1C2CCCCC2C[C@H]1C(=O)O,spectrum,CCOC(=O)C(CCc1ccccc1)NC(C)C(=O)N1C(C(=O)O)CC2CCCCC21,"InChI=1S/C24H34N2O5/c1-3-31-24(30)19(14-13-17-9-5-4-6-10-17)25-16(2)22(27)26-20-12-8-7-11-18(20)15-21(26)23(28)29/h4-6,9-10,16,18-21,25H,3,7-8,11-15H2,1-2H3,(H,28,29)",VXFJYXUZANRPDJ-UHFFFAOYSA-N,VXFJYXUZANRPDJ,CCOC(=O)C(CCc1ccccc1)NC(C)C(=O)N1C(C(=O)O)CC2CCCCC21,P12821_WT,P12821_WT,P12821_WT,P12821_WT,P12821_WT,,,inactive
Meprylcaine hydrochloride,inactive,CCCNC(C)(C)COC(=O)c1ccccc1,spectrum,CCCNC(C)(C)COC(=O)c1ccccc1,"InChI=1S/C14H21NO2/c1-4-10-15-14(2,3)11-17-13(16)12-8-6-5-7-9-12/h5-9,15H,4,10-11H2,1-3H3",VXJABHHJLXLNMP-UHFFFAOYSA-N,VXJABHHJLXLNMP,CCCNC(C)(C)COC(=O)c1ccccc1,P10635_WT;P37231_WT;Q9NUW8_WT,Q9NUW8_WT,Q9NUW8_WT,Q9NUW8_WT,,,,inactive
Doxycycline hydrochloride,inactive,C[C@H]1c2cccc(O)c2C(=O)C2=C(O)[C@]3(O)C(=O)C(C(N)=O)=C(O)[C@@H](N(C)C)[C@@H]3[C@@H](O)[C@@H]21,spectrum,CC1c2cccc(O)c2C(=O)C2C(=O)[C@]3(O)C(=O)C(C(N)=O)C(=O)C(N(C)C)[C@@H]3[C@@H](O)[C@@H]21,"InChI=1S/C22H24N2O8/c1-7-8-5-4-6-9(25)11(8)16(26)12-10(7)17(27)14-15(24(2)3)18(28)13(21(23)31)20(30)22(14,32)19(12)29/h4-7,10,12-15,17,25,27,32H,1-3H3,(H2,23,31)/t7?,10-,12?,13?,14-,15?,17+,22+/m1/s1",VXVNYCRICCVPTD-REFUAFEPSA-N,VXVNYCRICCVPTD,CC1c2cccc(O)c2C(=O)C2C(=O)[C@]3(O)C(=O)C(C(N)=O)C(=O)C(N(C)C)[C@@H]3[C@@H](O)[C@@H]21,,,,,,,,inactive
Retinyl palmitate,inactive,CCCCCCCCCCCCCCCC(=O)OC/C=C(C)/C=C/C=C(C)/C=C/C1=C(C)CCCC1(C)C,spectrum,CCCCCCCCCCCCCCCC(=O)OC/C=C(C)/C=C/C=C(C)/C=C/C1=C(C)CCCC1(C)C,"InChI=1S/C36H60O2/c1-7-8-9-10-11-12-13-14-15-16-17-18-19-25-35(37)38-30-28-32(3)23-20-22-31(2)26-27-34-33(4)24-21-29-36(34,5)6/h20,22-23,26-28H,7-19,21,24-25,29-30H2,1-6H3/b23-20+,27-26+,31-22+,32-28+",VYGQUTWHTHXGQB-FFHKNEKCSA-N,VYGQUTWHTHXGQB,CCCCCCCCCCCCCCCC(=O)OC/C=C(C)/C=C/C=C(C)/C=C/C1=C(C)CCCC1(C)C,,,,,,,,inactive
2.3.4-trihydroxy-4'-ethoxybenzophenone,inactive,CCOc1ccc(C(=O)c2c(O)c(O)c(O)cc2)cc1,spectrum,CCOc1ccc(C(=O)c2ccc(O)c(O)c2O)cc1,"InChI=1S/C15H14O5/c1-2-20-10-5-3-9(4-6-10)13(17)11-7-8-12(16)15(19)14(11)18/h3-8,16,18-19H,2H2,1H3",VYIBOCHDJVESIU-UHFFFAOYSA-N,VYIBOCHDJVESIU,CCOc1ccc(C(=O)c2ccc(O)c(O)c2O)cc1,,,,,,,,inactive
Capsanthin,inactive,CC1=C(/C=C/C(C)=C/C=C/C(C)=C/C=C/C=C(C)/C=C/C=C(C)/C=C/C(=O)[C@]2(C)C[C@@H](O)CC2(C)C)C(C)(C)C[C@H](O)C1,spectrum,CC1=C(/C=C/C(C)=C/C=C/C(C)=C/C=C/C=C(C)/C=C/C=C(C)/C=C/C(=O)[C@]2(C)C[C@@H](O)CC2(C)C)C(C)(C)C[C@H](O)C1,"InChI=1S/C40H56O3/c1-29(17-13-19-31(3)21-23-36-33(5)25-34(41)26-38(36,6)7)15-11-12-16-30(2)18-14-20-32(4)22-24-37(43)40(10)28-35(42)27-39(40,8)9/h11-24,34-35,41-42H,25-28H2,1-10H3/b12-11+,17-13+,18-14+,23-21+,24-22+,29-15+,30-16+,31-19+,32-20+/t34-,35+,40+/m1/s1",VYIRVAXUEZSDNC-RDJLEWNRSA-N,VYIRVAXUEZSDNC,CC1=C(/C=C/C(C)=C/C=C/C(C)=C/C=C/C=C(C)/C=C/C=C(C)/C=C/C(=O)[C@]2(C)C[C@@H](O)CC2(C)C)C(C)(C)C[C@H](O)C1,,,,,,,,inactive
Monobenzone,inactive,Oc1ccc(OCc2ccccc2)cc1,spectrum,Oc1ccc(OCc2ccccc2)cc1,"InChI=1S/C13H12O2/c14-12-6-8-13(9-7-12)15-10-11-4-2-1-3-5-11/h1-9,14H,10H2",VYQNWZOUAUKGHI-UHFFFAOYSA-N,VYQNWZOUAUKGHI,Oc1ccc(OCc2ccccc2)cc1,,,,,,,,inactive
Mebeverine hydrochloride,inactive,CCN(CCCCOC(=O)c1cc(OC)c(OC)cc1)C(C)Cc1ccc(OC)cc1,spectrum,CCN(CCCCOC(=O)c1ccc(OC)c(OC)c1)C(C)Cc1ccc(OC)cc1,"InChI=1S/C25H35NO5/c1-6-26(19(2)17-20-9-12-22(28-3)13-10-20)15-7-8-16-31-25(27)21-11-14-23(29-4)24(18-21)30-5/h9-14,18-19H,6-8,15-17H2,1-5H3",VYVKHNNGDFVQGA-UHFFFAOYSA-N,VYVKHNNGDFVQGA,CCN(CCCCOC(=O)c1ccc(OC)c(OC)c1)C(C)Cc1ccc(OC)cc1,P10635_WT,P10635_WT,P10635_WT,P10635_WT,,,,inactive
Hexamethonium bromide,inactive,C[N+](C)(C)CCCCCC[N+](C)(C)C,spectrum,C[N+](C)(C)CCCCCC[N+](C)(C)C,"InChI=1S/C12H30N2/c1-13(2,3)11-9-7-8-10-12-14(4,5)6/h7-12H2,1-6H3/q+2",VZJFGSRCJCXDSG-UHFFFAOYSA-N,VZJFGSRCJCXDSG,C[N+](C)(C)CCCCCC[N+](C)(C)C,,,,,,,,inactive
Baccatin iii,inactive,CC(=O)O[C@H]1C(=O)[C@@]2(C)C([C@H](OC(=O)c3ccccc3)[C@]3(O)C[C@H](O)C(C)=C1C3(C)C)[C@]1(OC(C)=O)CO[C@@H]1C[C@@H]2O,spectrum,CC(=O)OC1=C2C(C)[C@@H](O)C[C@@](O)([C@@H](OC(=O)c3ccccc3)C3[C@](C)(C1=O)[C@@H](O)C[C@H]1OC[C@@]31OC(C)=O)C2(C)C,"InChI=1S/C31H38O11/c1-15-19(34)13-31(38)26(41-27(37)18-10-8-7-9-11-18)24-29(6,20(35)12-21-30(24,14-39-21)42-17(3)33)25(36)23(40-16(2)32)22(15)28(31,4)5/h7-11,15,19-21,24,26,34-35,38H,12-14H2,1-6H3/t15?,19-,20-,21+,24?,26-,29+,30-,31+/m0/s1",VZKYMUDKBYLYJH-VIYHNHTKSA-N,VZKYMUDKBYLYJH,CC(=O)OC1=C2C(C)[C@@H](O)C[C@@](O)([C@@H](OC(=O)c3ccccc3)C3[C@](C)(C1=O)[C@@H](O)C[C@H]1OC[C@@]31OC(C)=O)C2(C)C,,,,,,,,inactive
Deracoxib,inactive,COc1c(F)cc(-c2cc(C(F)F)nn2-c2ccc(S(N)(=O)=O)cc2)cc1,spectrum,COc1ccc(-c2cc(C(F)F)nn2-c2ccc(S(N)(=O)=O)cc2)cc1F,"InChI=1S/C17H14F3N3O3S/c1-26-16-7-2-10(8-13(16)18)15-9-14(17(19)20)22-23(15)11-3-5-12(6-4-11)27(21,24)25/h2-9,17H,1H3,(H2,21,24,25)",WAZQAZKAZLXFMK-UHFFFAOYSA-N,WAZQAZKAZLXFMK,COc1ccc(-c2cc(C(F)F)nn2-c2ccc(S(N)(=O)=O)cc2)cc1F,P35354_WT,P35354_WT,P35354_WT,,,,,inactive
Pemetrexed,inactive,Nc1nc(=O)c2c([nH]cc2CCc2ccc(C(=O)N[C@@H](CCC(=O)O)C(=O)O)cc2)[nH]1,spectrum,Nc1nc(=O)c2c(CCc3ccc(C(=O)NC(CCC(=O)O)C(=O)O)cc3)c[nH]c2[nH]1,"InChI=1S/C20H21N5O6/c21-20-24-16-15(18(29)25-20)12(9-22-16)6-3-10-1-4-11(5-2-10)17(28)23-13(19(30)31)7-8-14(26)27/h1-2,4-5,9,13H,3,6-8H2,(H,23,28)(H,26,27)(H,30,31)(H4,21,22,24,25,29)",WBXPDJSOTKVWSJ-UHFFFAOYSA-N,WBXPDJSOTKVWSJ,Nc1nc(=O)c2c(CCc3ccc(C(=O)NC(CCC(=O)O)C(=O)O)cc3)c[nH]c2[nH]1,P00374_WT;P00375_WT;P07607_WT;P14207_WT;P15328_WT;P22102_WT;P41440_WT;Q9NUW8_WT;Q96NT5_WT,P14207_WT;P22102_WT;P41440_WT;Q9NUW8_WT;Q96NT5_WT,P22102_WT;P41440_WT;Q9NUW8_WT;Q96NT5_WT,P22102_WT;P41440_WT;Q9NUW8_WT,,,,inactive
Brivanib,inactive,C12=C(C(=C(C=C1)OC3=NC=NN4C3=C(C(=C4)OC[C@@H](C)O)C)F)C=C(N2)C,selleckchem,Cc1cc2c(F)c(Oc3ncnn4cc(OC[C@@H](C)O)c(C)c34)ccc2[nH]1,"InChI=1S/C19H19FN4O3/c1-10-6-13-14(23-10)4-5-15(17(13)20)27-19-18-12(3)16(26-8-11(2)25)7-24(18)22-9-21-19/h4-7,9,11,23,25H,8H2,1-3H3/t11-/m1/s1",WCWUXEGQKLTGDX-LLVKDONJSA-N,WCWUXEGQKLTGDX,Cc1cc2c(F)c(Oc3ncnn4cc(OC[C@@H](C)O)c(C)c34)ccc2[nH]1,P0DP23_WT;P00519_E255K;P00519_H396P;P00519_M351T;P00519_T315I;P00519_WT;P06239_WT;P07949_M918T;P07949_WT;P09619_WT;P10721_L576P;P10721_V559D;P10721_V559D_T670I;P10721_V559D_V654A;P10721_WT;P11362_WT;P16234_WT;P17948_WT;P21802_WT;P22455_WT;P22607_G697C;P22607_WT;P35916_WT;P35918_WT;P35968_WT;Q8N4C8_WT;Q8TDR2_WT;Q9H2G2_WT;Q9UF33_WT;Q9UKE5_WT;Q9Y277_WT;Q56UN5_WT;Q02763_WT,P0DP23_WT;P10721_L576P;P10721_V559D;P10721_V559D_T670I;P10721_V559D_V654A;P10721_WT;P11362_WT;P16234_WT;P17948_WT;P21802_WT;P22607_G697C;P22607_WT;P35916_WT;P35918_WT;P35968_WT;Q8N4C8_WT;Q8TDR2_WT;Q9UF33_WT;Q9UKE5_WT;Q9Y277_WT,P0DP23_WT;P10721_L576P;P10721_V559D;P10721_V559D_T670I;P10721_V559D_V654A;P10721_WT;P11362_WT;P16234_WT;P17948_WT;P35916_WT;P35918_WT;P35968_WT;Q8TDR2_WT;Q9Y277_WT,P10721_V559D_T670I;P10721_V559D_V654A;P16234_WT;P35968_WT;Q8TDR2_WT;Q9Y277_WT,Q9Y277_WT,Q9Y277_WT,,inactive
Chloroxine,enhancer,Oc1c2ncccc2c(Cl)cc1Cl,spectrum,Oc1c(Cl)cc(Cl)c2cccnc12,"InChI=1S/C9H5Cl2NO/c10-6-4-7(11)9(13)8-5(6)2-1-3-12-8/h1-4,13H",WDFKMLRRRCGAKS-UHFFFAOYSA-N,WDFKMLRRRCGAKS,Oc1c(Cl)cc(Cl)c2cccnc12,P51450_WT,P51450_WT,,,,,,enhancer
Purpurogallin,inactive,O=c1c(O)cccc2cc(O)c(O)c(O)c12,spectrum,O=c1c(O)cccc2cc(O)c(O)c(O)c12,"InChI=1S/C11H8O5/c12-6-3-1-2-5-4-7(13)10(15)11(16)8(5)9(6)14/h1-4,13,15-16H,(H,12,14)",WDGFFVCWBZVLCE-UHFFFAOYSA-N,WDGFFVCWBZVLCE,O=c1c(O)cccc2cc(O)c(O)c(O)c12,O96028_WT;P06746_WT;P27695_WT;P55212_WT;Q9UBT6_WT;Q9UIF8_WT;Q9Y468_WT;Q07820_WT,P06746_WT;P55212_WT,P55212_WT,,,,,inactive
Bicuculline(-) methiodide,inactive,C[N+]1(C)CCc2c(cc3OCOc3c2)[C@H]1C1OC(=O)c2c1ccc1c2OCO1,spectrum,C[N+]1(C)CCc2cc3c(cc2[C@H]1C1OC(=O)c2c1ccc1c2OCO1)OCO3,"InChI=1S/C21H20NO6/c1-22(2)6-5-11-7-15-16(26-9-25-15)8-13(11)18(22)19-12-3-4-14-20(27-10-24-14)17(12)21(23)28-19/h3-4,7-8,18-19H,5-6,9-10H2,1-2H3/q+1/t18-,19?/m0/s1",WDIQXKYUSINZME-OYKVQYDMSA-N,WDIQXKYUSINZME,C[N+]1(C)CCc2cc3c(cc2[C@H]1C1OC(=O)c2c1ccc1c2OCO1)OCO3,,,,,,,,inactive
Digitoxin,inactive,C[C@H]1O[C@@H](O[C@H]2[C@@H](O)C[C@H](O[C@H]3[C@@H](O)C[C@H](O[C@H]4CC[C@]5(C)C6CC[C@]7(C)[C@@H](C8=CC(=O)OC8)CC[C@]7(O)C6CC[C@@H]5C4)O[C@@H]3C)O[C@@H]2C)C[C@H](O)[C@@H]1O,spectrum,C[C@H]1O[C@@H](O[C@H]2[C@@H](O)C[C@H](O[C@H]3[C@@H](O)C[C@H](O[C@H]4CC[C@]5(C)C6CC[C@]7(C)[C@@H](C8=CC(=O)OC8)CC[C@]7(O)C6CC[C@@H]5C4)O[C@@H]3C)O[C@@H]2C)C[C@H](O)[C@@H]1O,"InChI=1S/C41H64O13/c1-20-36(46)29(42)16-34(49-20)53-38-22(3)51-35(18-31(38)44)54-37-21(2)50-33(17-30(37)43)52-25-8-11-39(4)24(15-25)6-7-28-27(39)9-12-40(5)26(10-13-41(28,40)47)23-14-32(45)48-19-23/h14,20-22,24-31,33-38,42-44,46-47H,6-13,15-19H2,1-5H3/t20-,21-,22-,24-,25+,26-,27?,28?,29+,30+,31+,33+,34+,35+,36-,37-,38-,39+,40-,41+/m1/s1",WDJUZGPOPHTGOT-KSVSUYAUSA-N,WDJUZGPOPHTGOT,C[C@H]1O[C@@H](O[C@H]2[C@@H](O)C[C@H](O[C@H]3[C@@H](O)C[C@H](O[C@H]4CC[C@]5(C)C6CC[C@]7(C)[C@@H](C8=CC(=O)OC8)CC[C@]7(O)C6CC[C@@H]5C4)O[C@@H]3C)O[C@@H]2C)C[C@H](O)[C@@H]1O,O15118_WT;P40763_WT;P51151_WT;Q6ZQN7_WT,O15118_WT;P51151_WT;Q6ZQN7_WT,,,,,,inactive
Cefprozil,inactive,C/C=C\C1=C(C(=O)O)N2C(=O)C(NC(=O)C(N)c3ccc(O)cc3)C2SC1,spectrum,CC=CC1=C(C(=O)O)N2C(=O)C(NC(=O)C(N)c3ccc(O)cc3)C2SC1,"InChI=1S/C18H19N3O5S/c1-2-3-10-8-27-17-13(16(24)21(17)14(10)18(25)26)20-15(23)12(19)9-4-6-11(22)7-5-9/h2-7,12-13,17,22H,8,19H2,1H3,(H,20,23)(H,25,26)",WDLWHQDACQUCJR-UHFFFAOYSA-N,WDLWHQDACQUCJR,CC=CC1=C(C(=O)O)N2C(=O)C(NC(=O)C(N)c3ccc(O)cc3)C2SC1,,,,,,,,inactive
Lonidamine,inactive,O=C(O)c1nn(Cc2c(Cl)cc(Cl)cc2)c2c1cccc2,spectrum,O=C(O)c1nn(Cc2ccc(Cl)cc2Cl)c2ccccc12,"InChI=1S/C15H10Cl2N2O2/c16-10-6-5-9(12(17)7-10)8-19-13-4-2-1-3-11(13)14(18-19)15(20)21/h1-7H,8H2,(H,20,21)",WDRYRZXSPDWGEB-UHFFFAOYSA-N,WDRYRZXSPDWGEB,O=C(O)c1nn(Cc2ccc(Cl)cc2Cl)c2ccccc12,P03372_WT,P03372_WT,P03372_WT,,,,,inactive
Proflavine hemisulfate,inactive,Nc1cc2nc3c(ccc(N)c3)cc2cc1,spectrum,Nc1ccc2cc3ccc(N)cc3nc2c1,"InChI=1S/C13H11N3/c14-10-3-1-8-5-9-2-4-11(15)7-13(9)16-12(8)6-10/h1-7H,14-15H2",WDVSHHCDHLJJJR-UHFFFAOYSA-N,WDVSHHCDHLJJJR,Nc1ccc2cc3ccc(N)cc3nc2c1,P51450_WT,,,,,,,inactive
Guanabenz acetate,inactive,N=C(N)N/N=C\c1c(Cl)cccc1Cl,spectrum,N=C(N)N/N=C\c1c(Cl)cccc1Cl,"InChI=1S/C8H8Cl2N4/c9-6-2-1-3-7(10)5(6)4-13-14-8(11)12/h1-4H,(H4,11,12,14)/b13-4-",WDZVGELJXXEGPV-PQMHYQBVSA-N,WDZVGELJXXEGPV,N=C(N)N/N=C\c1c(Cl)cccc1Cl,P08913_WT;P18089_WT;P18825_WT;P25100_WT;P28223_WT;P28335_WT;P41595_WT;P43140_WT;Q9Y2I1_WT;Q96RJ0_WT,P08913_WT;P18089_WT;P28223_WT;P28335_WT;P41595_WT;P43140_WT;Q9Y2I1_WT;Q96RJ0_WT,P08913_WT;P41595_WT;Q9Y2I1_WT,P08913_WT,,,,inactive
Chlormezanone,inactive,CN1C(=O)CCS(=O)(=O)C1c1ccc(Cl)cc1,spectrum,CN1C(=O)CCS(=O)(=O)C1c1ccc(Cl)cc1,"InChI=1S/C11H12ClNO3S/c1-13-10(14)6-7-17(15,16)11(13)8-2-4-9(12)5-3-8/h2-5,11H,6-7H2,1H3",WEQAYVWKMWHEJO-UHFFFAOYSA-N,WEQAYVWKMWHEJO,CN1C(=O)CCS(=O)(=O)C1c1ccc(Cl)cc1,,,,,,,,inactive
Chlorcyclizine hydrochloride,inactive,CN1CCN(C(c2ccccc2)c2ccc(Cl)cc2)CC1,spectrum,CN1CCN(C(c2ccccc2)c2ccc(Cl)cc2)CC1,"InChI=1S/C18H21ClN2/c1-20-11-13-21(14-12-20)18(15-5-3-2-4-6-15)16-7-9-17(19)10-8-16/h2-10,18H,11-14H2,1H3",WFNAKBGANONZEQ-UHFFFAOYSA-N,WFNAKBGANONZEQ,CN1CCN(C(c2ccccc2)c2ccc(Cl)cc2)CC1,Q9NUW8_WT,Q9NUW8_WT,Q9NUW8_WT,Q9NUW8_WT,Q9NUW8_WT,,,inactive
Pik-294,inactive,N1=CN=C2C(=C1N)C(=NN2CC3N(C(C4=C(N=3)C=CC=C4C)=O)C5=C(C=CC=C5)C)C6=CC(=CC=C6)O,selleckchem,Cc1ccccc1-n1c(Cn2nc(-c3cccc(O)c3)c3c(N)ncnc32)nc2cccc(C)c2c1=O,"InChI=1S/C28H23N7O2/c1-16-7-3-4-12-21(16)35-22(32-20-11-5-8-17(2)23(20)28(35)37)14-34-27-24(26(29)30-15-31-27)25(33-34)18-9-6-10-19(36)13-18/h3-13,15,36H,14H2,1-2H3,(H2,29,30,31)",WFSLJOPRIJSOJR-UHFFFAOYSA-N,WFSLJOPRIJSOJR,Cc1ccccc1-n1c(Cn2nc(-c3cccc(O)c3)c3c(N)ncnc32)nc2cccc(C)c2c1=O,O00329_WT;P42338_WT;P48736_WT,O00329_WT;P48736_WT,O00329_WT,O00329_WT,,,,inactive
Todralazine hydrochloride,inactive,CCOC(=O)NNc1nncc2c1cccc2,spectrum,CCOC(=O)NNc1nncc2ccccc12,"InChI=1S/C11H12N4O2/c1-2-17-11(16)15-14-10-9-6-4-3-5-8(9)7-12-13-10/h3-7H,2H2,1H3,(H,13,14)(H,15,16)",WGZDBVOTUVNQFP-UHFFFAOYSA-N,WGZDBVOTUVNQFP,CCOC(=O)NNc1nncc2ccccc12,,,,,,,,inactive
Benzbromarone,inactive,CCc1c(C(=O)c2cc(Br)c(O)c(Br)c2)c2c(cccc2)o1,spectrum,CCc1oc2ccccc2c1C(=O)c1cc(Br)c(O)c(Br)c1,"InChI=1S/C17H12Br2O3/c1-2-13-15(10-5-3-4-6-14(10)22-13)16(20)9-7-11(18)17(21)12(19)8-9/h3-8,21H,2H2,1H3",WHQCHUCQKNIQEC-UHFFFAOYSA-N,WHQCHUCQKNIQEC,CCc1oc2ccccc2c1C(=O)c1cc(Br)c(O)c(Br)c1,P11712_WT;P33527_WT;Q96S37_WT;Q04828_WT,P11712_WT;Q96S37_WT;Q04828_WT,P11712_WT;Q04828_WT,,,,,inactive
Chloroquine diphosphate,inactive,CCN(CC)CCCC(C)Nc1c2ccc(Cl)cc2ncc1,spectrum,CCN(CC)CCCC(C)Nc1ccnc2cc(Cl)ccc12,"InChI=1S/C18H26ClN3/c1-4-22(5-2)12-6-7-14(3)21-17-10-11-20-18-13-15(19)8-9-16(17)18/h8-11,13-14H,4-7,12H2,1-3H3,(H,20,21)",WHTVZRBIWZFKQO-UHFFFAOYSA-N,WHTVZRBIWZFKQO,CCN(CC)CCCC(C)Nc1ccnc2cc(Cl)ccc12,Q5BJF2_WT;Q9NUW8_WT;Q99720_WT,Q9NUW8_WT;Q99720_WT,Q9NUW8_WT;Q99720_WT,,,,,inactive
Levosimendan,inactive,C[C@@H]1CC(=O)NN=C1c1ccc(NN=C(C#N)C#N)cc1,spectrum,CC1CC(=O)NN=C1c1ccc(NN=C(C#N)C#N)cc1,"InChI=1S/C14H12N6O/c1-9-6-13(21)19-20-14(9)10-2-4-11(5-3-10)17-18-12(7-15)8-16/h2-5,9,17H,6H2,1H3,(H,19,21)",WHXMKTBCFHIYNQ-UHFFFAOYSA-N,WHXMKTBCFHIYNQ,CC1CC(=O)NN=C1c1ccc(NN=C(C#N)C#N)cc1,,,,,,,,inactive
Glimepiride,inactive,CCC1=C(C)CN(C(=O)NCCc2ccc(S(=O)(=O)NC(=O)N[C@H]3CC[C@H](C)CC3)cc2)C1=O,spectrum,CCC1=C(C)CN(C(=O)NCCc2ccc(S(=O)(=O)NC(=O)N[C@H]3CC[C@H](C)CC3)cc2)C1=O,"InChI=1S/C24H34N4O5S/c1-4-21-17(3)15-28(22(21)29)24(31)25-14-13-18-7-11-20(12-8-18)34(32,33)27-23(30)26-19-9-5-16(2)6-10-19/h7-8,11-12,16,19H,4-6,9-10,13-15H2,1-3H3,(H,25,31)(H2,26,27,30)/t16-,19-",WIGIZIANZCJQQY-RUCARUNLSA-N,WIGIZIANZCJQQY,CCC1=C(C)CN(C(=O)NCCc2ccc(S(=O)(=O)NC(=O)N[C@H]3CC[C@H](C)CC3)cc2)C1=O,P11712_WT;P42330_WT,,,,,,,inactive
Chloramphenicol,inactive,O=C(N[C@@H](CO)[C@H](O)c1ccc([N+](=O)[O-])cc1)C(Cl)Cl,spectrum,O=C(N[C@@H](CO)[C@H](O)c1ccc([N+](=O)[O-])cc1)C(Cl)Cl,"InChI=1S/C11H12Cl2N2O5/c12-10(13)11(18)14-8(5-16)9(17)6-1-3-7(4-2-6)15(19)20/h1-4,8-10,16-17H,5H2,(H,14,18)/t8-,9+/m0/s1",WIIZWVCIJKGZOK-DTWKUNHWSA-N,WIIZWVCIJKGZOK,O=C(N[C@@H](CO)[C@H](O)c1ccc([N+](=O)[O-])cc1)C(Cl)Cl,O75496_WT;P03372_WT,O75496_WT;P03372_WT,O75496_WT;P03372_WT,O75496_WT,O75496_WT,,,inactive
Methoxamine hydrochloride,inactive,COc1cc(C(O)C(C)N)c(OC)cc1,spectrum,COc1ccc(OC)c(C(O)C(C)N)c1,"InChI=1S/C11H17NO3/c1-7(12)11(13)9-6-8(14-2)4-5-10(9)15-3/h4-7,11,13H,12H2,1-3H3",WJAJPNHVVFWKKL-UHFFFAOYSA-N,WJAJPNHVVFWKKL,COc1ccc(OC)c(C(O)C(C)N)c1,P35348_WT,,,,,,,inactive
Thiabendazole,inactive,c1ccc2[nH]c(-c3cscn3)nc2c1,spectrum,c1ccc2[nH]c(-c3cscn3)nc2c1,"InChI=1S/C10H7N3S/c1-2-4-8-7(3-1)12-10(13-8)9-5-14-6-11-9/h1-6H,(H,12,13)",WJCNZQLZVWNLKY-UHFFFAOYSA-N,WJCNZQLZVWNLKY,c1ccc2[nH]c(-c3cscn3)nc2c1,P05177_WT,,,,,,,inactive
Masitinib,inactive,C1(=C(C=C(C=C1)NC(=O)C2=CC=C(C=C2)CN3CCN(CC3)C)NC4=NC(=CS4)C5=CC=CN=C5)C,selleckchem,Cc1ccc(NC(=O)c2ccc(CN3CCN(C)CC3)cc2)cc1Nc1nc(-c2cccnc2)cs1,"InChI=1S/C28H30N6OS/c1-20-5-10-24(16-25(20)31-28-32-26(19-36-28)23-4-3-11-29-17-23)30-27(35)22-8-6-21(7-9-22)18-34-14-12-33(2)13-15-34/h3-11,16-17,19H,12-15,18H2,1-2H3,(H,30,35)(H,31,32)",WJEOLQLKVOPQFV-UHFFFAOYSA-N,WJEOLQLKVOPQFV,Cc1ccc(NC(=O)c2ccc(CN3CCN(C)CC3)cc2)cc1Nc1nc(-c2cccnc2)cs1,O15357_WT;P00519_E255K;P00519_F317I;P00519_F317L;P00519_H396P;P00519_M351T;P00519_Q252H;P00519_WT;P00519_Y253F;P00533_A750P;P06239_WT;P06241_WT;P07333_WT;P07947_WT;P07948_WT;P08631_WT;P09619_WT;P09769_WT;P10721_A829P;P10721_L576P;P10721_V559D;P10721_V559D_V654A;P10721_WT;P11274_WT;P12236_WT;P12931_WT;P16083_WT;P16234_WT;P42684_WT;P42685_WT;P51451_WT;P62993_WT;Q9NYL2_WT;Q86V86_WT;Q08345_WT;Q14232_WT;Q15067_WT,O15357_WT;P00519_E255K;P00519_F317I;P00519_F317L;P00519_H396P;P00519_M351T;P00519_Q252H;P00519_WT;P00519_Y253F;P06239_WT;P06241_WT;P07333_WT;P07948_WT;P09619_WT;P10721_A829P;P10721_L576P;P10721_V559D;P10721_V559D_V654A;P10721_WT;P11274_WT;P12236_WT;P16234_WT;P42685_WT;P51451_WT;P62993_WT;Q08345_WT;Q14232_WT;Q15067_WT,O15357_WT;P00519_F317I;P00519_F317L;P00519_H396P;P00519_Q252H;P00519_WT;P00519_Y253F;P06239_WT;P07333_WT;P07948_WT;P10721_A829P;P10721_L576P;P10721_V559D;P10721_V559D_V654A;P10721_WT;P11274_WT;P12236_WT;P16234_WT;P42685_WT;P62993_WT;Q08345_WT;Q14232_WT;Q15067_WT,O15357_WT;P00519_F317I;P00519_Q252H;P00519_Y253F;P06239_WT;P07333_WT;P10721_A829P;P10721_L576P;P10721_V559D;P10721_V559D_V654A;P10721_WT;P12236_WT;P16234_WT;Q14232_WT;Q15067_WT,O15357_WT;P00519_Q252H;P07333_WT;P10721_L576P;P10721_V559D;P10721_V559D_V654A;P10721_WT;P12236_WT;Q14232_WT,,,inactive
3-DEOXO-3beta-HYDROXYMEXICANOLIDE 16-ENOL ETHER,reducer,COC(=O)C[C@H]1C(C)(C)[C@@H](O)[C@@H]2CC3=C4C=C(OC)O[C@@H](c5cocc5)[C@]4(C)CCC3[C@]1(C)C2=O,spectrum,COC(=O)C[C@H]1C(C)(C)[C@@H](O)C2CC3=C4C=C(OC)O[C@@H](c5ccoc5)[C@]4(C)CCC3[C@]1(C)C2=O,"InChI=1S/C28H36O7/c1-26(2)20(13-21(29)32-5)28(4)18-7-9-27(3)19(16(18)11-17(23(26)30)24(28)31)12-22(33-6)35-25(27)15-8-10-34-14-15/h8,10,12,14,17-18,20,23,25,30H,7,9,11,13H2,1-6H3/t17?,18?,20-,23-,25-,27+,28-/m0/s1",WJHQHAFOOMOTBJ-QAKVDXFWSA-N,WJHQHAFOOMOTBJ,COC(=O)C[C@H]1C(C)(C)[C@@H](O)C2CC3=C4C=C(OC)O[C@@H](c5ccoc5)[C@]4(C)CCC3[C@]1(C)C2=O,,,,,,,,reducer
Fluocinonide,inactive,CC(=O)OCC(=O)[C@@]12OC(C)(C)O[C@@H]1CC1C3C[C@H](F)C4=CC(=O)C=C[C@]4(C)[C@@]3(F)[C@@H](O)C[C@@]12C,spectrum,CC(=O)OCC(=O)[C@@]12OC(C)(C)O[C@@H]1CC1C3C[C@H](F)C4=CC(=O)C=C[C@]4(C)[C@@]3(F)[C@@H](O)C[C@@]12C,"InChI=1S/C26H32F2O7/c1-13(29)33-12-20(32)26-21(34-22(2,3)35-26)10-15-16-9-18(27)17-8-14(30)6-7-23(17,4)25(16,28)19(31)11-24(15,26)5/h6-8,15-16,18-19,21,31H,9-12H2,1-5H3/t15?,16?,18-,19-,21+,23-,24-,25-,26+/m0/s1",WJOHZNCJWYWUJD-UUTDCOIBSA-N,WJOHZNCJWYWUJD,CC(=O)OCC(=O)[C@@]12OC(C)(C)O[C@@H]1CC1C3C[C@H](F)C4=CC(=O)C=C[C@]4(C)[C@@]3(F)[C@@H](O)C[C@@]12C,P04150_WT,P04150_WT,P04150_WT,P04150_WT,P04150_WT,,,inactive
Azd5438,inactive,C1=C(C=CC(=C1)NC2=NC=CC(=N2)C3=CN=C(N3C(C)C)C)S(=O)(C)=O,selleckchem,Cc1ncc(-c2ccnc(Nc3ccc(S(C)(=O)=O)cc3)n2)n1C(C)C,"InChI=1S/C18H21N5O2S/c1-12(2)23-13(3)20-11-17(23)16-9-10-19-18(22-16)21-14-5-7-15(8-6-14)26(4,24)25/h5-12H,1-4H3,(H,19,21,22)",WJRRGYBTGDJBFX-UHFFFAOYSA-N,WJRRGYBTGDJBFX,Cc1ncc(-c2ccnc(Nc3ccc(S(C)(=O)=O)cc3)n2)n1C(C)C,O43427_WT;O60563_WT;P11802_WT;P14635_WT;P20248_WT;P24864_WT;P24941_WT;P30281_WT;P49840_WT;P49841_WT;P50750_WT;Q2M2I8_WT;Q9NSY1_WT;Q9Y616_WT;Q86YS7_WT;Q00535_WT,O60563_WT;P14635_WT;P20248_WT;P24864_WT;P24941_WT;P30281_WT;P49840_WT;P49841_WT;Q2M2I8_WT;Q86YS7_WT,O60563_WT;P14635_WT;P20248_WT;P24864_WT;P24941_WT;P30281_WT;P49840_WT;P49841_WT,O60563_WT;P14635_WT;P24864_WT;P30281_WT,P24864_WT,,,inactive
Tak-901,reducer,C1N(CCC(C1)NC(C2=C(C3=C(C(=C2)C4=CC(=CC=C4)S(CC)(=O)=O)C5=C(N3)N=CC(=C5)C)C)=O)C,selleckchem,CCS(=O)(=O)c1cccc(-c2cc(C(=O)NC3CCN(C)CC3)c(C)c3[nH]c4ncc(C)cc4c23)c1,"InChI=1S/C28H32N4O3S/c1-5-36(34,35)21-8-6-7-19(14-21)23-15-22(28(33)30-20-9-11-32(4)12-10-20)18(3)26-25(23)24-13-17(2)16-29-27(24)31-26/h6-8,13-16,20H,5,9-12H2,1-4H3,(H,29,31)(H,30,33)",WKDACQVEJIVHMZ-UHFFFAOYSA-N,WKDACQVEJIVHMZ,CCS(=O)(=O)c1cccc(-c2cc(C(=O)NC3CCN(C)CC3)c(C)c3[nH]c4ncc(C)cc4c23)c1,O00444_WT;O14965_WT;O15197_WT;O15357_WT;O43741_WT;O75716_WT;O94804_WT;P00519_WT;P04629_WT;P06239_WT;P06241_WT;P07947_WT;P07948_WT;P07949_WT;P08631_WT;P11274_WT;P12931_WT;P16591_WT;P18074_WT;P29317_WT;P29323_WT;P36888_WT;P36897_WT;P42680_WT;P42684_WT;P42685_WT;P50613_WT;P51946_WT;P51948_WT;P54619_WT;P54756_WT;P54760_WT;P54764_WT;P62993_WT;Q9H0K1_WT;Q9H093_WT;Q9NQS7_WT;Q9NSY1_WT;Q9UGJ0_WT;Q9UK32_WT;Q9Y478_WT;Q9Y616_WT;Q96GD4_WT;Q04771_WT;Q05397_WT;Q06187_WT;Q07912_WT;Q12933_WT;Q13470_WT;Q13882_WT;Q14289_WT;Q15375_WT,O00444_WT;O14965_WT;O15357_WT;P00519_WT;P06239_WT;P06241_WT;P07947_WT;P07949_WT;P08631_WT;P11274_WT;P12931_WT;P18074_WT;P29317_WT;P36897_WT;P42680_WT;P42685_WT;P50613_WT;P51946_WT;P51948_WT;P54764_WT;P62993_WT;Q9H0K1_WT;Q9NQS7_WT;Q9Y616_WT;Q96GD4_WT;Q04771_WT;Q05397_WT;Q07912_WT;Q13882_WT;Q14289_WT,O00444_WT;O14965_WT;P06241_WT;P07947_WT;P12931_WT;P54764_WT;Q9NQS7_WT;Q9Y616_WT;Q96GD4_WT,O14965_WT;P07947_WT;P54764_WT;Q9Y616_WT,,,,reducer
Salicylanilide,enhancer,O=C(Nc1ccccc1)c1c(O)cccc1,spectrum,O=C(Nc1ccccc1)c1ccccc1O,"InChI=1S/C13H11NO2/c15-12-9-5-4-8-11(12)13(16)14-10-6-2-1-3-7-10/h1-9,15H,(H,14,16)",WKEDVNSFRWHDNR-UHFFFAOYSA-N,WKEDVNSFRWHDNR,O=C(Nc1ccccc1)c1ccccc1O,,,,,,,,enhancer
Equilin,enhancer,CC12CCC3C(=CCc4cc(O)ccc43)C1CCC2=O,spectrum,CC12CCC3C(=CCc4cc(O)ccc43)C1CCC2=O,"InChI=1S/C18H20O2/c1-18-9-8-14-13-5-3-12(19)10-11(13)2-4-15(14)16(18)6-7-17(18)20/h3-5,10,14,16,19H,2,6-9H2,1H3",WKRLQDKEXYKHJB-UHFFFAOYSA-N,WKRLQDKEXYKHJB,CC12CCC3C(=CCc4cc(O)ccc43)C1CCC2=O,P00352_WT;P04278_WT,P04278_WT,P04278_WT,P04278_WT,P04278_WT,P04278_WT,,enhancer
Pyrimethamine,inactive,CCc1c(-c2ccc(Cl)cc2)c(N)nc(N)n1,spectrum,CCc1nc(N)nc(N)c1-c1ccc(Cl)cc1,"InChI=1S/C12H13ClN4/c1-2-9-10(11(14)17-12(15)16-9)7-3-5-8(13)6-4-7/h3-6H,2H2,1H3,(H4,14,15,16,17)",WKSAUQYGYAYLPV-UHFFFAOYSA-N,WKSAUQYGYAYLPV,CCc1nc(N)nc(N)c1-c1ccc(Cl)cc1,P00374_WT;Q8K0H1_WT,Q8K0H1_WT,,,,,,inactive
Epigallocatechin-3-monogallate,inactive,O=C(O[C@@H]1Cc2c(cc(O)cc2O)O[C@@H]1c1cc(O)c(O)c(O)c1)c1cc(O)c(O)c(O)c1,spectrum,O=C(O[C@@H]1Cc2c(O)cc(O)cc2O[C@@H]1c1cc(O)c(O)c(O)c1)c1cc(O)c(O)c(O)c1,"InChI=1S/C22H18O11/c23-10-5-12(24)11-7-18(33-22(31)9-3-15(27)20(30)16(28)4-9)21(32-17(11)6-10)8-1-13(25)19(29)14(26)2-8/h1-6,18,21,23-30H,7H2/t18-,21-/m1/s1",WMBWREPUVVBILR-WIYYLYMNSA-N,WMBWREPUVVBILR,O=C(O[C@@H]1Cc2c(O)cc(O)cc2O[C@@H]1c1cc(O)c(O)c(O)c1)c1cc(O)c(O)c(O)c1,P02766_WT;P06746_WT;P08183_WT;P10415_WT;P18669_WT;P26358_WT;P27695_WT;P28074_WT;P42224_WT;P52020_WT;Q9UBT6_WT;Q11130_WT;Q13627_WT;Q63470_WT,P08183_WT;P27695_WT,P27695_WT,,,,,inactive
2'.3-dihydroxy-4.4'.6'-trimethoxychalcone,inactive,COc1cc(O)c(C(=O)/C=C/c2ccc(OC)c(O)c2)c(OC)c1,spectrum,COc1cc(O)c(C(=O)/C=C/c2ccc(OC)c(O)c2)c(OC)c1,"InChI=1S/C18H18O6/c1-22-12-9-15(21)18(17(10-12)24-3)13(19)6-4-11-5-7-16(23-2)14(20)8-11/h4-10,20-21H,1-3H3/b6-4+",WMOWJHFPSNZXSK-GQCTYLIASA-N,WMOWJHFPSNZXSK,COc1cc(O)c(C(=O)/C=C/c2ccc(OC)c(O)c2)c(OC)c1,,,,,,,,inactive
Sulfamonomethoxine,inactive,COc1cc(NS(=O)(=O)c2ccc(N)cc2)ncn1,spectrum,COc1cc(NS(=O)(=O)c2ccc(N)cc2)ncn1,"InChI=1S/C11H12N4O3S/c1-18-11-6-10(13-7-14-11)15-19(16,17)9-4-2-8(12)3-5-9/h2-7H,12H2,1H3,(H,13,14,15)",WMPXPUYPYQKQCX-UHFFFAOYSA-N,WMPXPUYPYQKQCX,COc1cc(NS(=O)(=O)c2ccc(N)cc2)ncn1,,,,,,,,inactive
Fluticasone propionate,inactive,CCC(=O)O[C@]1(C(=O)SCF)[C@H](C)CC2C3CC(F)C4=CC(=O)C=C[C@]4(C)C3(F)[C@@H](O)C[C@@]21C,spectrum,CCC(=O)O[C@]1(C(=O)SCF)[C@H](C)CC2C3CC(F)C4=CC(=O)C=C[C@]4(C)C3(F)[C@@H](O)C[C@@]21C,"InChI=1S/C25H31F3O5S/c1-5-20(31)33-25(21(32)34-12-26)13(2)8-15-16-10-18(27)17-9-14(29)6-7-22(17,3)24(16,28)19(30)11-23(15,25)4/h6-7,9,13,15-16,18-19,30H,5,8,10-12H2,1-4H3/t13-,15?,16?,18?,19+,22+,23+,24?,25+/m1/s1",WMWTYOKRWGGJOA-HLJZTEGPSA-N,WMWTYOKRWGGJOA,CCC(=O)O[C@]1(C(=O)SCF)[C@H](C)CC2C3CC(F)C4=CC(=O)C=C[C@]4(C)C3(F)[C@@H](O)C[C@@]21C,P04150_WT;P06401_WT;P06536_WT;P08235_WT,P04150_WT;P06401_WT;P06536_WT;P08235_WT,P04150_WT;P06401_WT;P06536_WT,P04150_WT;P06401_WT;P06536_WT,P04150_WT;P06536_WT,P04150_WT;P06536_WT,P04150_WT;P06536_WT,inactive
Chlormidazole,inactive,Cc1nc2c(cccc2)n1Cc1ccc(Cl)cc1,spectrum,Cc1nc2ccccc2n1Cc1ccc(Cl)cc1,"InChI=1S/C15H13ClN2/c1-11-17-14-4-2-3-5-15(14)18(11)10-12-6-8-13(16)9-7-12/h2-9H,10H2,1H3",WNAQOLSMVPFGTE-UHFFFAOYSA-N,WNAQOLSMVPFGTE,Cc1nc2ccccc2n1Cc1ccc(Cl)cc1,O60755_WT,O60755_WT,,,,,,inactive
Alfuzosin hydrochloride,inactive,COc1cc2nc(N(C)CCCNC(=O)C3CCCO3)nc(N)c2cc1OC,spectrum,COc1cc2nc(N(C)CCCNC(=O)C3CCCO3)nc(N)c2cc1OC,"InChI=1S/C19H27N5O4/c1-24(8-5-7-21-18(25)14-6-4-9-28-14)19-22-13-11-16(27-3)15(26-2)10-12(13)17(20)23-19/h10-11,14H,4-9H2,1-3H3,(H,21,25)(H2,20,22,23)",WNMJYKCGWZFFKR-UHFFFAOYSA-N,WNMJYKCGWZFFKR,COc1cc2nc(N(C)CCCNC(=O)C3CCCO3)nc(N)c2cc1OC,P15823_WT;P22303_WT;P23944_WT;P25100_WT;P35348_WT;P35368_WT;P43140_WT,P15823_WT;P22303_WT;P23944_WT;P25100_WT;P35348_WT;P35368_WT;P43140_WT,P15823_WT;P22303_WT;P23944_WT;P25100_WT;P35348_WT;P35368_WT;P43140_WT,P15823_WT;P22303_WT;P23944_WT;P25100_WT;P35348_WT;P35368_WT;P43140_WT,P15823_WT;P23944_WT;P25100_WT;P35348_WT;P35368_WT,P35368_WT,,inactive
E7080,antineoplastic,C1(=C(C=C2C(=C1)C(=CC=N2)OC3=CC(=C(C=C3)NC(=O)NC4CC4)Cl)OC)C(N)=O,selleckchem,COc1cc2nccc(Oc3ccc(NC(=O)NC4CC4)c(Cl)c3)c2cc1C(N)=O,"InChI=1S/C21H19ClN4O4/c1-29-19-10-17-13(9-14(19)20(23)27)18(6-7-24-17)30-12-4-5-16(15(22)8-12)26-21(28)25-11-2-3-11/h4-11H,2-3H2,1H3,(H2,23,27)(H2,25,26,28)",WOSKHXYHFSIKNG-UHFFFAOYSA-N,WOSKHXYHFSIKNG,COc1cc2nccc(Oc3ccc(NC(=O)NC4CC4)c(Cl)c3)c2cc1C(N)=O,O43353_WT;O94804_WT;P07949_WT;P09619_WT;P16234_WT;P17948_WT;P35218_WT;P35916_WT;P35968_WT;P49137_WT;Q9UKE5_WT;Q9Y572_WT;Q08345_WT;Q12851_WT;Q13882_WT;Q16539_WT;Q16832_WT,O43353_WT;P07949_WT;P16234_WT;P17948_WT;P35218_WT;P35916_WT;P35968_WT;P49137_WT;Q9Y572_WT;Q08345_WT;Q13882_WT;Q16539_WT;Q16832_WT,O43353_WT;P07949_WT;P16234_WT;P17948_WT;P35916_WT;P35968_WT;P49137_WT;Q08345_WT,O43353_WT;P07949_WT;P17948_WT;P35916_WT;P35968_WT,P07949_WT;P35916_WT;P35968_WT,P35968_WT,,antineoplastic
Tadalafil,inactive,CN1CC(=O)N2[C@H](Cc3c([nH]c4ccccc34)[C@H]2c2cc3c(cc2)OCO3)C1=O,spectrum,CN1CC(=O)N2C(Cc3c([nH]c4ccccc34)[C@H]2c2ccc3c(c2)OCO3)C1=O,"InChI=1S/C22H19N3O4/c1-24-10-19(26)25-16(22(24)27)9-14-13-4-2-3-5-15(13)23-20(14)21(25)12-6-7-17-18(8-12)29-11-28-17/h2-8,16,21,23H,9-11H2,1H3/t16?,21-/m1/s1",WOXKDUGGOYFFRN-CAWMZFRYSA-N,WOXKDUGGOYFFRN,CN1CC(=O)N2C(Cc3c([nH]c4ccccc34)[C@H]2c2ccc3c(c2)OCO3)C1=O,O54735_WT;O76074_WT;P51160_WT;Q9HCR9_WT,O54735_WT;O76074_WT;Q9HCR9_WT,O54735_WT;O76074_WT;Q9HCR9_WT,O54735_WT;O76074_WT,O76074_WT,,,inactive
Apatinib,inactive,S(=O)(O)(C)=O.C1=CN=C(C(=C1)C(NC2=CC=C(C=C2)C3(CCCC3)C#N)=O)NCC4=CC=NC=C4,selleckchem,N#CC1(c2ccc(NC(=O)c3cccnc3NCc3ccncc3)cc2)CCCC1,"InChI=1S/C24H23N5O/c25-17-24(11-1-2-12-24)19-5-7-20(8-6-19)29-23(30)21-4-3-13-27-22(21)28-16-18-9-14-26-15-10-18/h3-10,13-15H,1-2,11-12,16H2,(H,27,28)(H,29,30)",WPEWQEMJFLWMLV-UHFFFAOYSA-N,WPEWQEMJFLWMLV,N#CC1(c2ccc(NC(=O)c3cccnc3NCc3ccncc3)cc2)CCCC1,P07949_WT;P35968_WT,P07949_WT;P35968_WT,P35968_WT,P35968_WT,P35968_WT,P35968_WT,,inactive
Pipenzolate bromide,inactive,CC[N+]1(C)CCCC(OC(=O)C(O)(c2ccccc2)c2ccccc2)C1,spectrum,CC[N+]1(C)CCCC(OC(=O)C(O)(c2ccccc2)c2ccccc2)C1,"InChI=1S/C22H28NO3/c1-3-23(2)16-10-15-20(17-23)26-21(24)22(25,18-11-6-4-7-12-18)19-13-8-5-9-14-19/h4-9,11-14,20,25H,3,10,15-17H2,1-2H3/q+1",WPUKUEMZZRVAKZ-UHFFFAOYSA-N,WPUKUEMZZRVAKZ,CC[N+]1(C)CCCC(OC(=O)C(O)(c2ccccc2)c2ccccc2)C1,,,,,,,,inactive
Diosgenin,inactive,C[C@H]1C2C(CC3C4CC=C5C[C@@H](O)CC[C@]5(C)C4CC[C@@]32C)O[C@]12CC[C@@H](C)CO2,spectrum,C[C@@H]1CC[C@@]2(OC1)OC1CC3C4CC=C5C[C@@H](O)CC[C@]5(C)C4CC[C@]3(C)C1[C@@H]2C,"InChI=1S/C27H42O3/c1-16-7-12-27(29-15-16)17(2)24-23(30-27)14-22-20-6-5-18-13-19(28)8-10-25(18,3)21(20)9-11-26(22,24)4/h5,16-17,19-24,28H,6-15H2,1-4H3/t16-,17+,19+,20?,21?,22?,23?,24?,25+,26+,27-/m1/s1",WQLVFSAGQJTQCK-IIVSHGRXSA-N,WQLVFSAGQJTQCK,C[C@@H]1CC[C@@]2(OC1)OC1CC3C4CC=C5C[C@@H](O)CC[C@]5(C)C4CC[C@]3(C)C1[C@@H]2C,,,,,,,,inactive
Zalcitabine,inactive,Nc1nc(=O)n([C@H]2CC[C@@H](CO)O2)cc1,spectrum,Nc1ccn([C@H]2CC[C@@H](CO)O2)c(=O)n1,"InChI=1S/C9H13N3O3/c10-7-3-4-12(9(14)11-7)8-2-1-6(5-13)15-8/h3-4,6,8,13H,1-2,5H2,(H2,10,11,14)/t6-,8+/m0/s1",WREGKURFCTUGRC-POYBYMJQSA-N,WREGKURFCTUGRC,Nc1ccn([C@H]2CC[C@@H](CO)O2)c(=O)n1,P61073_WT,P61073_WT,P61073_WT,,,,,inactive
Deacetoxy(7)-7-oxokhivorinic acid,inactive,CC(=O)O[C@H]1C[C@@H](OC(C)=O)C(C)(C)C2CC(=O)[C@]3(C)C(CC[C@@]4(C)[C@H](C(=O)O)OC(=O)C5OC543)[C@]21C,spectrum,CC(=O)O[C@H]1C[C@@H](OC(C)=O)C(C)(C)C2CC(=O)[C@]3(C)C(CC[C@@]4(C)C(C(=O)O)OC(=O)C5OC543)[C@]21C,"InChI=1S/C27H36O10/c1-12(28)34-17-11-18(35-13(2)29)25(6)14-8-9-24(5)19(21(31)32)36-22(33)20-27(24,37-20)26(14,7)16(30)10-15(25)23(17,3)4/h14-15,17-20H,8-11H2,1-7H3,(H,31,32)/t14?,15?,17-,18+,19?,20?,24+,25-,26+,27?/m1/s1",WROKSYFOSDWFHL-AWNWIZKESA-N,WROKSYFOSDWFHL,CC(=O)O[C@H]1C[C@@H](OC(C)=O)C(C)(C)C2CC(=O)[C@]3(C)C(CC[C@@]4(C)C(C(=O)O)OC(=O)C5OC543)[C@]21C,,,,,,,,inactive
Citalopram hydrobromide,inactive,CN(C)CCCC1(c2ccc(F)cc2)OCc2c1ccc(C#N)c2,spectrum,CN(C)CCCC1(c2ccc(F)cc2)OCc2cc(C#N)ccc21,"InChI=1S/C20H21FN2O/c1-23(2)11-3-10-20(17-5-7-18(21)8-6-17)19-9-4-15(13-22)12-16(19)14-24-20/h4-9,12H,3,10-11,14H2,1-2H3",WSEQXVZVJXJVFP-UHFFFAOYSA-N,WSEQXVZVJXJVFP,CN(C)CCCC1(c2ccc(F)cc2)OCc2cc(C#N)ccc21,P28335_WT;P31645_WT;P31652_WT;Q9R0C9_WT;Q12809_WT;Q61327_WT;Q99720_WT,P28335_WT;P31645_WT;P31652_WT;Q9R0C9_WT;Q12809_WT;Q61327_WT;Q99720_WT,P31645_WT;P31652_WT;Q61327_WT,P31645_WT;P31652_WT;Q61327_WT,P31652_WT;Q61327_WT,P31652_WT;Q61327_WT,,inactive
Chlorprothixene hydrochloride,inactive,CN(C)CC/C=C1\c2c(cccc2)Sc2c1cc(Cl)cc2,spectrum,CN(C)CC/C=C1\c2ccccc2Sc2ccc(Cl)cc21,"InChI=1S/C18H18ClNS/c1-20(2)11-5-7-14-15-6-3-4-8-17(15)21-18-10-9-13(19)12-16(14)18/h3-4,6-10,12H,5,11H2,1-2H3/b14-7+",WSPOMRSOLSGNFJ-VGOFMYFVSA-N,WSPOMRSOLSGNFJ,CN(C)CC/C=C1\c2ccccc2Sc2ccc(Cl)cc21,P14416_WT;P21728_WT;P21918_WT;P31390_WT;P32305_WT;P35367_WT;P35462_WT;P50406_WT;P97697_WT,P14416_WT;P21728_WT;P21918_WT;P31390_WT;P32305_WT;P35367_WT;P35462_WT;P50406_WT,P14416_WT;P21728_WT;P21918_WT;P31390_WT;P32305_WT;P35367_WT;P35462_WT;P50406_WT,P14416_WT;P21728_WT;P21918_WT;P31390_WT;P32305_WT;P35367_WT;P35462_WT;P50406_WT,P14416_WT;P21918_WT;P31390_WT;P32305_WT;P35367_WT;P35462_WT;P50406_WT,P14416_WT;P31390_WT;P50406_WT,,inactive
Homosalate,enhancer,CC1CC(OC(=O)c2c(O)cccc2)CC(C)(C)C1,spectrum,CC1CC(OC(=O)c2ccccc2O)CC(C)(C)C1,"InChI=1S/C16H22O3/c1-11-8-12(10-16(2,3)9-11)19-15(18)13-6-4-5-7-14(13)17/h4-7,11-12,17H,8-10H2,1-3H3",WSSJONWNBBTCMG-UHFFFAOYSA-N,WSSJONWNBBTCMG,CC1CC(OC(=O)c2ccccc2O)CC(C)(C)C1,,,,,,,,enhancer
Biochanin a,inactive,COc1ccc(-c2coc3c(c(O)cc(O)c3)c2=O)cc1,spectrum,COc1ccc(-c2coc3cc(O)cc(O)c3c2=O)cc1,"InChI=1S/C16H12O5/c1-20-11-4-2-9(3-5-11)12-8-21-14-7-10(17)6-13(18)15(14)16(12)19/h2-8,17-18H,1H3",WUADCCWRTIWANL-UHFFFAOYSA-N,WUADCCWRTIWANL,COc1ccc(-c2coc3cc(O)cc(O)c3c2=O)cc1,O43570_WT;P03372_WT;P10276_WT;P11712_WT;P43166_WT;P51450_WT,O43570_WT;P11712_WT;P51450_WT,O43570_WT;P11712_WT,P11712_WT,,,,inactive
Sulfacarbamide,inactive,NC(=O)NS(=O)(=O)c1ccc(N)cc1,spectrum,NC(=O)NS(=O)(=O)c1ccc(N)cc1,"InChI=1S/C7H9N3O3S/c8-5-1-3-6(4-2-5)14(12,13)10-7(9)11/h1-4H,8H2,(H3,9,10,11)",WVAKABMNNSMCDK-UHFFFAOYSA-N,WVAKABMNNSMCDK,NC(=O)NS(=O)(=O)c1ccc(N)cc1,,,,,,,,inactive
Isotectorigenin. 7-methyl ether,inactive,COc1ccc(-c2coc3c(c(O)cc(OC)c3OC)c2=O)cc1,spectrum,COc1ccc(-c2coc3c(OC)c(OC)cc(O)c3c2=O)cc1,"InChI=1S/C18H16O6/c1-21-11-6-4-10(5-7-11)12-9-24-18-15(16(12)20)13(19)8-14(22-2)17(18)23-3/h4-9,19H,1-3H3",WVKDAMAQNQRJFP-UHFFFAOYSA-N,WVKDAMAQNQRJFP,COc1ccc(-c2coc3c(OC)c(OC)cc(O)c3c2=O)cc1,,,,,,,,inactive
Tetrandrine,inactive,COc1ccc2cc1Oc1ccc(cc1)C[C@H]1c3c(cc(OC)c(c3)Oc3c(OC)c(OC)cc4c3[C@H](C2)N(C)CC4)CCN1C,spectrum,COc1ccc2cc1Oc1ccc(cc1)C[C@H]1c3cc(c(OC)cc3CCN1C)Oc1c(OC)c(OC)cc3c1[C@H](C2)N(C)CC3,"InChI=1S/C38H42N2O6/c1-39-15-13-25-20-32(42-4)34-22-28(25)29(39)17-23-7-10-27(11-8-23)45-33-19-24(9-12-31(33)41-3)18-30-36-26(14-16-40(30)2)21-35(43-5)37(44-6)38(36)46-34/h7-12,19-22,29-30H,13-18H2,1-6H3/t29-,30-/m0/s1",WVTKBKWTSCPRNU-KYJUHHDHSA-N,WVTKBKWTSCPRNU,COc1ccc2cc1Oc1ccc(cc1)C[C@H]1c3cc(c(OC)cc3CCN1C)Oc1c(OC)c(OC)cc3c1[C@H](C2)N(C)CC3,P61169_WT,,,,,,,inactive
Pelitinib,reducer,C1(=C(C=C2C(=C1)N=CC(=C2NC3=CC(=C(C=C3)F)Cl)C#N)NC(/C=C/CN(C)C)=O)OCC,selleckchem,CCOc1cc2ncc(C#N)c(Nc3ccc(F)c(Cl)c3)c2cc1NC(=O)/C=C/CN(C)C,"InChI=1S/C24H23ClFN5O2/c1-4-33-22-12-20-17(11-21(22)30-23(32)6-5-9-31(2)3)24(15(13-27)14-28-20)29-16-7-8-19(26)18(25)10-16/h5-8,10-12,14H,4,9H2,1-3H3,(H,28,29)(H,30,32)/b6-5+",WVUNYSQLFKLYNI-AATRIKPKSA-N,WVUNYSQLFKLYNI,CCOc1cc2ncc(C#N)c(Nc3ccc(F)c(Cl)c3)c2cc1NC(=O)/C=C/CN(C)C,O14578_WT;O14976_WT;O15357_WT;O94804_WT;O95819_WT;P0C1S8_WT;P00519_E255K;P00519_H396P;P00519_M351T;P00519_Q252H;P00519_T315I;P00519_WT;P00519_Y253F;P00533_A750P;P00533_G719C;P00533_L858R;P00533_L861Q;P00533_P753S;P00533_WT;P04626_WT;P06239_WT;P07947_WT;P07948_WT;P09769_WT;P12931_WT;P16591_WT;P29322_WT;P30291_WT;P30530_WT;P36507_WT;P42684_WT;P42685_WT;P49674_WT;P49760_WT;P51451_WT;P51955_WT;P52333_WT;P54756_WT;P62993_WT;P68370_WT;Q8IVH8_WT;Q9H2G2_WT;Q9P2K8_WT;Q9UEE5_WT;Q9UKE5_WT;Q9Y4K4_WT;Q9Y6R4_WT;Q02750_WT;Q09013_WT;Q13233_WT;Q15303_WT;Q92918_WT;Q99640_WT,O14578_WT;O14976_WT;P00519_H396P;P00519_M351T;P00519_Q252H;P00519_WT;P00519_Y253F;P00533_A750P;P00533_G719C;P00533_L858R;P00533_L861Q;P00533_P753S;P00533_WT;P04626_WT;P06239_WT;P12931_WT;P42684_WT;P42685_WT;P49674_WT;P51451_WT;P51955_WT;P52333_WT;P68370_WT;Q8IVH8_WT;Q9H2G2_WT;Q9P2K8_WT;Q9UEE5_WT;Q9UKE5_WT;Q9Y4K4_WT;Q9Y6R4_WT;Q09013_WT;Q13233_WT;Q15303_WT;Q92918_WT,O14976_WT;P00533_A750P;P00533_G719C;P00533_L858R;P00533_L861Q;P00533_P753S;P00533_WT;P06239_WT;P49674_WT;P51451_WT;P52333_WT;P68370_WT;Q9UEE5_WT;Q9Y4K4_WT;Q09013_WT;Q13233_WT;Q15303_WT,O14976_WT;P00533_A750P;P00533_G719C;P00533_L858R;P00533_L861Q;P00533_P753S;P00533_WT;P52333_WT;P68370_WT;Q9Y4K4_WT;Q15303_WT,O14976_WT;P00533_A750P;P00533_G719C;P00533_L858R;P00533_L861Q;P00533_P753S;P00533_WT;Q9Y4K4_WT,P00533_A750P;P00533_G719C;P00533_L858R;P00533_L861Q;P00533_P753S;P00533_WT,P00533_A750P;P00533_G719C;P00533_L858R;P00533_L861Q;P00533_P753S;P00533_WT,reducer
Ergonovine maleate,inactive,CC(CO)NC(=O)C1C=C2c3c4c(c[nH]c4ccc3)C[C@H]2N(C)C1,spectrum,CC(CO)NC(=O)C1C=C2c3cccc4[nH]cc(c34)C[C@H]2N(C)C1,"InChI=1S/C19H23N3O2/c1-11(10-23)21-19(24)13-6-15-14-4-3-5-16-18(14)12(8-20-16)7-17(15)22(2)9-13/h3-6,8,11,13,17,20,23H,7,9-10H2,1-2H3,(H,21,24)/t11?,13?,17-/m1/s1",WVVSZNPYNCNODU-FWXSHLFISA-N,WVVSZNPYNCNODU,CC(CO)NC(=O)C1C=C2c3cccc4[nH]cc(c34)C[C@H]2N(C)C1,P14416_WT;P18089_WT;P19327_WT;P28223_WT;P28335_WT;P28564_WT;P35462_WT;P41595_WT;P50406_WT,P18089_WT;P19327_WT;P28223_WT;P28335_WT;P28564_WT;P41595_WT;P50406_WT,P19327_WT;P28223_WT;P28335_WT;P28564_WT;P41595_WT;P50406_WT,P19327_WT;P28223_WT;P28335_WT;P28564_WT;P41595_WT;P50406_WT,P19327_WT;P28223_WT;P28564_WT;P41595_WT;P50406_WT,P28223_WT;P28564_WT;P50406_WT,,inactive
Dcc-2036,inactive,C1(=C(C=C(C=C1)OC2=CC(=NC=C2)C(NC)=O)F)NC(NC3N(N=C(C=3)C(C)(C)C)C4=CC5=C(C=C4)N=CC=C5)=O,selleckchem,CNC(=O)c1cc(Oc2ccc(NC(=O)Nc3cc(C(C)(C)C)nn3-c3ccc4ncccc4c3)c(F)c2)ccn1,"InChI=1S/C30H28FN7O3/c1-30(2,3)26-17-27(38(37-26)19-7-9-23-18(14-19)6-5-12-33-23)36-29(40)35-24-10-8-20(15-22(24)31)41-21-11-13-34-25(16-21)28(39)32-4/h5-17H,1-4H3,(H,32,39)(H2,35,36,40)",WVXNSAVVKYZVOE-UHFFFAOYSA-N,WVXNSAVVKYZVOE,CNC(=O)c1cc(Oc2ccc(NC(=O)Nc3cc(C(C)(C)C)nn3-c3ccc4ncccc4c3)c(F)c2)ccn1,O15357_WT;O95067_WT;P00519_WT;P04629_WT;P06239_WT;P07332_WT;P07947_WT;P07948_WT;P08581_WT;P08631_WT;P11274_WT;P24941_WT;P36888_WT;P41240_WT;P42684_WT;P45984_WT;P53667_WT;P53779_WT;P62993_WT;Q8TD08_WT;Q8TF42_WT;Q9BQI3_WT;Q9NWQ8_WT;Q9NYL2_WT;Q96S53_WT;Q00536_WT;Q00537_WT;Q04912_WT;Q08345_WT;Q13432_WT;Q13470_WT;Q16832_WT;Q92918_WT,P04629_WT;P06239_WT;P07947_WT;P08581_WT;P08631_WT;P24941_WT;P42684_WT;P53779_WT;Q8TD08_WT;Q8TF42_WT;Q9NWQ8_WT;Q96S53_WT;Q00536_WT;Q00537_WT;Q08345_WT;Q13432_WT;Q13470_WT,P07947_WT;P53779_WT;Q96S53_WT;Q00537_WT;Q13470_WT,P07947_WT;Q96S53_WT;Q00537_WT,P07947_WT;Q96S53_WT;Q00537_WT,P07947_WT;Q96S53_WT,,inactive
Salsalate,inactive,O=C(Oc1c(C(=O)O)cccc1)c1c(O)cccc1,spectrum,O=C(Oc1ccccc1C(=O)O)c1ccccc1O,"InChI=1S/C14H10O5/c15-11-7-3-1-5-9(11)14(18)19-12-8-4-2-6-10(12)13(16)17/h1-8,15H,(H,16,17)",WVYADZUPLLSGPU-UHFFFAOYSA-N,WVYADZUPLLSGPU,O=C(Oc1ccccc1C(=O)O)c1ccccc1O,,,,,,,,inactive
Flumethasone,inactive,C[C@@H]1CC2C3C[C@H](F)C4=CC(=O)C=C[C@]4(C)[C@@]3(F)[C@@H](O)C[C@]2(C)[C@@]1(O)C(=O)CO,spectrum,C[C@@H]1CC2C3C[C@H](F)C4=CC(=O)C=C[C@]4(C)[C@@]3(F)[C@@H](O)C[C@]2(C)[C@@]1(O)C(=O)CO,"InChI=1S/C22H28F2O5/c1-11-6-13-14-8-16(23)15-7-12(26)4-5-19(15,2)21(14,24)17(27)9-20(13,3)22(11,29)18(28)10-25/h4-5,7,11,13-14,16-17,25,27,29H,6,8-10H2,1-3H3/t11-,13?,14?,16+,17+,19+,20+,21+,22+/m1/s1",WXURHACBFYSXBI-DRBBXQFKSA-N,WXURHACBFYSXBI,C[C@@H]1CC2C3C[C@H](F)C4=CC(=O)C=C[C@]4(C)[C@@]3(F)[C@@H](O)C[C@]2(C)[C@@]1(O)C(=O)CO,Q16637_WT,,,,,,,inactive
Procyclidine hydrochloride,inactive,OC(CCN1CCCC1)(c1ccccc1)C1CCCCC1,spectrum,OC(CCN1CCCC1)(c1ccccc1)C1CCCCC1,"InChI=1S/C19H29NO/c21-19(17-9-3-1-4-10-17,18-11-5-2-6-12-18)13-16-20-14-7-8-15-20/h1,3-4,9-10,18,21H,2,5-8,11-16H2",WYDUSKDSKCASEF-UHFFFAOYSA-N,WYDUSKDSKCASEF,OC(CCN1CCCC1)(c1ccccc1)C1CCCCC1,P97697_WT,P97697_WT,,,,,,inactive
Oxymetazoline hydrochloride,inactive,Cc1cc(C(C)(C)C)c(O)c(C)c1CC1=NCCN1,spectrum,Cc1cc(C(C)(C)C)c(O)c(C)c1CC1=NCCN1,"InChI=1S/C16H24N2O/c1-10-8-13(16(3,4)5)15(19)11(2)12(10)9-14-17-6-7-18-14/h8,19H,6-7,9H2,1-5H3,(H,17,18)",WYWIFABBXFUGLM-UHFFFAOYSA-N,WYWIFABBXFUGLM,Cc1cc(C(C)(C)C)c(O)c(C)c1CC1=NCCN1,P08908_WT;P08913_WT;P15823_WT;P18825_WT;P19327_WT;P28221_WT;P28222_WT;P28223_WT;P28335_WT;P28564_WT;P35348_WT;P35368_WT;P43140_WT;Q9Y2I1_WT,P08908_WT;P08913_WT;P18825_WT;P19327_WT;P28221_WT;P28222_WT;P28564_WT;P35348_WT;P43140_WT;Q9Y2I1_WT,P08908_WT;P08913_WT;P18825_WT;P19327_WT;P28221_WT;P28222_WT;P28564_WT;P35348_WT;P43140_WT;Q9Y2I1_WT,P08913_WT;P18825_WT;P19327_WT;P28221_WT;P28222_WT;P28564_WT;P35348_WT;P43140_WT;Q9Y2I1_WT,P08913_WT;P18825_WT;P19327_WT;P28221_WT;P28222_WT;P28564_WT;Q9Y2I1_WT,P08913_WT;P18825_WT;P28222_WT;P28564_WT,P08913_WT;P28222_WT,inactive
Medroxyprogesterone acetate,inactive,CC(=O)O[C@]1(C(C)=O)CCC2C3C[C@H](C)C4=CC(=O)CC[C@]4(C)C3CC[C@@]21C,spectrum,CC(=O)O[C@]1(C(C)=O)CCC2C3CC(C)=C4CC(=O)CC[C@]4(C)C3CC[C@@]21C,"InChI=1S/C24H34O4/c1-14-12-18-19(22(4)9-6-17(27)13-21(14)22)7-10-23(5)20(18)8-11-24(23,15(2)25)28-16(3)26/h18-20H,6-13H2,1-5H3/t18?,19?,20?,22-,23+,24+/m1/s1",WYYCRMBIYYRAEW-PSIBFMEISA-N,WYYCRMBIYYRAEW,CC(=O)O[C@]1(C(C)=O)CCC2C3CC(C)=C4CC(=O)CC[C@]4(C)C3CC[C@@]21C,P11511_WT;P19091_WT;P42330_WT,P11511_WT;P19091_WT;P42330_WT,P11511_WT;P19091_WT,P11511_WT;P19091_WT,P19091_WT,,,inactive
Cyclandelate,inactive,CC1CC(OC(=O)C(O)c2ccccc2)CC(C)(C)C1,spectrum,CC1CC(OC(=O)C(O)c2ccccc2)CC(C)(C)C1,"InChI=1S/C17H24O3/c1-12-9-14(11-17(2,3)10-12)20-16(19)15(18)13-7-5-4-6-8-13/h4-8,12,14-15,18H,9-11H2,1-3H3",WZHCOOQXZCIUNC-UHFFFAOYSA-N,WZHCOOQXZCIUNC,CC1CC(OC(=O)C(O)c2ccccc2)CC(C)(C)C1,,,,,,,,inactive
Metergoline,inactive,CN1CC(CNC(=O)OCc2ccccc2)C[C@H]2c3cccc4c3c(cn4C)CC21,spectrum,CN1CC(CNC(=O)OCc2ccccc2)C[C@H]2c3cccc4c3c(cn4C)CC21,"InChI=1S/C25H29N3O2/c1-27-14-18(13-26-25(29)30-16-17-7-4-3-5-8-17)11-21-20-9-6-10-22-24(20)19(12-23(21)27)15-28(22)2/h3-10,15,18,21,23H,11-14,16H2,1-2H3,(H,26,29)/t18?,21-,23?/m0/s1",WZHJKEUHNJHDLS-STDCAVTESA-N,WZHJKEUHNJHDLS,CN1CC(CNC(=O)OCc2ccccc2)C[C@H]2c3cccc4c3c(cn4C)CC21,P08908_WT;P08913_WT;P10635_WT;P14416_WT;P15823_WT;P18089_WT;P18825_WT;P19327_WT;P21728_WT;P23975_WT;P25021_WT;P25100_WT;P28223_WT;P28335_WT;P28564_WT;P31645_WT;P32305_WT;P34969_WT;P35462_WT;P41595_WT;P43140_WT;P50406_WT;Q01959_WT,P08908_WT;P08913_WT;P10635_WT;P14416_WT;P15823_WT;P18089_WT;P18825_WT;P19327_WT;P21728_WT;P25100_WT;P28223_WT;P28335_WT;P28564_WT;P32305_WT;P34969_WT;P35462_WT;P41595_WT;P43140_WT;P50406_WT;Q01959_WT,P08908_WT;P08913_WT;P10635_WT;P14416_WT;P18089_WT;P18825_WT;P19327_WT;P21728_WT;P25100_WT;P28223_WT;P28335_WT;P28564_WT;P32305_WT;P34969_WT;P35462_WT;P41595_WT;P43140_WT;P50406_WT;Q01959_WT,P08908_WT;P10635_WT;P18089_WT;P19327_WT;P28223_WT;P28335_WT;P28564_WT;P32305_WT;P34969_WT;P35462_WT;P41595_WT;P50406_WT,P08908_WT;P19327_WT;P28223_WT;P28335_WT;P32305_WT;P34969_WT;P35462_WT;P41595_WT,P28223_WT;P28335_WT;P41595_WT,P28223_WT;P28335_WT;P41595_WT,inactive
Cefoxitin sodium,inactive,CO[C@@]1(NC(=O)Cc2cccs2)C(=O)N2C(C(=O)O)=C(COC(N)=O)CS[C@@H]21,spectrum,CO[C@@]1(NC(=O)Cc2cccs2)C(=O)N2C(C(=O)O)=C(COC(N)=O)CS[C@@H]21,"InChI=1S/C16H17N3O7S2/c1-25-16(18-10(20)5-9-3-2-4-27-9)13(23)19-11(12(21)22)8(6-26-15(17)24)7-28-14(16)19/h2-4,14H,5-7H2,1H3,(H2,17,24)(H,18,20)(H,21,22)/t14-,16+/m1/s1",WZOZEZRFJCJXNZ-ZBFHGGJFSA-N,WZOZEZRFJCJXNZ,CO[C@@]1(NC(=O)Cc2cccs2)C(=O)N2C(C(=O)O)=C(COC(N)=O)CS[C@@H]21,,,,,,,,inactive
Haematoxylin,inactive,Oc1cc2c(cc1O)C1c3c(OCC1(O)C2)c(O)c(O)cc3,spectrum,Oc1cc2c(cc1O)C1c3ccc(O)c(O)c3OCC1(O)C2,"InChI=1S/C16H14O6/c17-10-2-1-8-13-9-4-12(19)11(18)3-7(9)5-16(13,21)6-22-15(8)14(10)20/h1-4,13,17-21H,5-6H2",WZUVPPKBWHMQCE-UHFFFAOYSA-N,WZUVPPKBWHMQCE,Oc1cc2c(cc1O)C1c3ccc(O)c(O)c3OCC1(O)C2,P04626_WT;P08581_WT;P11362_WT;P12931_WT;Q9UBT6_WT,Q9UBT6_WT,,,,,,inactive
Pazufloxacin mesylate,inactive,C[C@H]1COc2c(C3(N)CC3)c(F)cc3c2n1cc(C(=O)O)c3=O,spectrum,C[C@H]1COc2c(C3(N)CC3)c(F)cc3c(=O)c(C(=O)O)cn1c23,"InChI=1S/C16H15FN2O4/c1-7-6-23-14-11(16(18)2-3-16)10(17)4-8-12(14)19(7)5-9(13(8)20)15(21)22/h4-5,7H,2-3,6,18H2,1H3,(H,21,22)/t7-/m0/s1",XAGMUUZPGZWTRP-ZETCQYMHSA-N,XAGMUUZPGZWTRP,C[C@H]1COc2c(C3(N)CC3)c(F)cc3c(=O)c(C(=O)O)cn1c23,,,,,,,,inactive
Sarafloxacin hydrochloride,inactive,O=C(O)c1cn(-c2ccc(F)cc2)c2cc(N3CCNCC3)c(F)cc2c1=O,spectrum,O=C(O)c1cn(-c2ccc(F)cc2)c2cc(N3CCNCC3)c(F)cc2c1=O,"InChI=1S/C20H17F2N3O3/c21-12-1-3-13(4-2-12)25-11-15(20(27)28)19(26)14-9-16(22)18(10-17(14)25)24-7-5-23-6-8-24/h1-4,9-11,23H,5-8H2,(H,27,28)",XBHBWNFJWIASRO-UHFFFAOYSA-N,XBHBWNFJWIASRO,O=C(O)c1cn(-c2ccc(F)cc2)c2cc(N3CCNCC3)c(F)cc2c1=O,,,,,,,,inactive
Ergotamine tartrate,inactive,CN1C[C@H](C(=O)N[C@]2(C)O[C@@]3(O)C4CCCN4C(=O)[C@H](Cc4ccccc4)N3C2=O)C=C2c3c4c(c[nH]c4ccc3)C[C@H]21,spectrum,CN1CC(C(=O)N[C@]2(C)O[C@@]3(O)C4CCCN4C(=O)C(Cc4ccccc4)N3C2=O)C=C2c3cccc4[nH]cc(c34)C[C@H]21,"InChI=1S/C33H35N5O5/c1-32(35-29(39)21-15-23-22-10-6-11-24-28(22)20(17-34-24)16-25(23)36(2)18-21)31(41)38-26(14-19-8-4-3-5-9-19)30(40)37-13-7-12-27(37)33(38,42)43-32/h3-6,8-11,15,17,21,25-27,34,42H,7,12-14,16,18H2,1-2H3,(H,35,39)/t21?,25-,26?,27?,32-,33+/m1/s1",XCGSFFUVFURLIX-ZMZAAYCBSA-N,XCGSFFUVFURLIX,CN1CC(C(=O)N[C@]2(C)O[C@@]3(O)C4CCCN4C(=O)C(Cc4ccccc4)N3C2=O)C=C2c3cccc4[nH]cc(c34)C[C@H]21,P08913_WT;P14416_WT;P15823_WT;P18089_WT;P18825_WT;P19327_WT;P25100_WT;P28221_WT;P28222_WT;P28223_WT;P28335_WT;P28564_WT;P35462_WT;P41595_WT;P43140_WT;P47898_WT;P50406_WT;Q9NUW8_WT,P08913_WT;P14416_WT;P15823_WT;P18089_WT;P18825_WT;P19327_WT;P25100_WT;P28221_WT;P28222_WT;P28223_WT;P28335_WT;P28564_WT;P35462_WT;P41595_WT;P43140_WT;P47898_WT;P50406_WT,P08913_WT;P14416_WT;P15823_WT;P18089_WT;P18825_WT;P19327_WT;P25100_WT;P28221_WT;P28222_WT;P28223_WT;P28335_WT;P28564_WT;P35462_WT;P41595_WT;P43140_WT;P47898_WT;P50406_WT,P08913_WT;P14416_WT;P15823_WT;P18089_WT;P18825_WT;P19327_WT;P28221_WT;P28222_WT;P28223_WT;P28564_WT;P35462_WT;P41595_WT;P43140_WT;P47898_WT;P50406_WT,P08913_WT;P14416_WT;P15823_WT;P18089_WT;P18825_WT;P19327_WT;P28221_WT;P28222_WT;P28223_WT;P28564_WT;P35462_WT;P41595_WT;P43140_WT;P50406_WT,P08913_WT;P14416_WT;P18089_WT;P19327_WT;P28221_WT;P28222_WT;P28564_WT;P35462_WT;P41595_WT;P50406_WT,P19327_WT;P28564_WT,inactive
7-deshydroxypyrogallin-4-carboxylic acid,inactive,O=C(O)c1cc2c(c(O)c(O)cc2)c(=O)c(O)c1,spectrum,O=C(O)c1cc(=O)c(O)c2c(O)c(O)ccc2c1,"InChI=1S/C12H8O6/c13-7-2-1-5-3-6(12(17)18)4-8(14)11(16)9(5)10(7)15/h1-4,13,15H,(H,14,16)(H,17,18)",XCSLJQFPTAZKDV-UHFFFAOYSA-N,XCSLJQFPTAZKDV,O=C(O)c1cc(=O)c(O)c2c(O)c(O)ccc2c1,Q9HC97_WT;Q06124_WT,Q9HC97_WT;Q06124_WT,Q06124_WT,,,,,inactive
Pf-04691502,enhancer,N1=C(N=C2C(=C1C)C=C(C(N2[C@H]3CC[C@@H](CC3)OCCO)=O)C4=CC=C(N=C4)OC)N,selleckchem,COc1ccc(-c2cc3c(C)nc(N)nc3n([C@H]3CC[C@H](OCCO)CC3)c2=O)cn1,"InChI=1S/C22H27N5O4/c1-13-17-11-18(14-3-8-19(30-2)24-12-14)21(29)27(20(17)26-22(23)25-13)15-4-6-16(7-5-15)31-10-9-28/h3,8,11-12,15-16,28H,4-7,9-10H2,1-2H3,(H2,23,25,26)/t15-,16-",XDLYKKIQACFMJG-WKILWMFISA-N,XDLYKKIQACFMJG,COc1ccc(-c2cc3c(C)nc(N)nc3n([C@H]3CC[C@H](OCCO)CC3)c2=O)cn1,P31749_WT;P42336_WT;P42337_WT;P42345_WT,P31749_WT;P42336_WT;P42337_WT;P42345_WT,P31749_WT;P42336_WT;P42337_WT;P42345_WT,P31749_WT;P42336_WT;P42337_WT;P42345_WT,P42336_WT;P42337_WT;P42345_WT,P42337_WT,P42337_WT,enhancer
Pentamidine isethionate,inactive,N=C(N)c1ccc(OCCCCCOc2ccc(C(=N)N)cc2)cc1,spectrum,N=C(N)c1ccc(OCCCCCOc2ccc(C(=N)N)cc2)cc1,"InChI=1S/C19H24N4O2/c20-18(21)14-4-8-16(9-5-14)24-12-2-1-3-13-25-17-10-6-15(7-11-17)19(22)23/h4-11H,1-3,12-13H2,(H3,20,21)(H3,22,23)",XDRYMKDFEDOLFX-UHFFFAOYSA-N,XDRYMKDFEDOLFX,N=C(N)c1ccc(OCCCCCOc2ccc(C(=N)N)cc2)cc1,P03372_WT;P08172_WT;P08173_WT;P08913_WT;P14618_WT;P15823_WT;P19801_WT;P21397_WT;P28223_WT;P43140_WT;Q12974_WT;Q93096_WT,P03372_WT;P14618_WT;P19801_WT;Q12974_WT;Q93096_WT,P14618_WT,,,,,inactive
Solidagenone,inactive,CC1=CC(=O)C2C(C)(C)CCC[C@]2(C)[C@@]1(O)CCc1cocc1,spectrum,CC1=CC(=O)C2C(C)(C)CCC[C@]2(C)[C@@]1(O)CCc1ccoc1,"InChI=1S/C20H28O3/c1-14-12-16(21)17-18(2,3)8-5-9-19(17,4)20(14,22)10-6-15-7-11-23-13-15/h7,11-13,17,22H,5-6,8-10H2,1-4H3/t17?,19-,20+/m0/s1",XDYGCIOWNPNVIH-ZYJPSCNZSA-N,XDYGCIOWNPNVIH,CC1=CC(=O)C2C(C)(C)CCC[C@]2(C)[C@@]1(O)CCc1ccoc1,,,,,,,,inactive
Kawain,inactive,COC1=CC(=O)OC(/C=C/c2ccccc2)C1,spectrum,COC1=CC(=O)OC(/C=C/c2ccccc2)C1,"InChI=1S/C14H14O3/c1-16-13-9-12(17-14(15)10-13)8-7-11-5-3-2-4-6-11/h2-8,10,12H,9H2,1H3/b8-7+",XEAQIWGXBXCYFX-BQYQJAHWSA-N,XEAQIWGXBXCYFX,COC1=CC(=O)OC(/C=C/c2ccccc2)C1,,,,,,,,inactive
Mefloquine,inactive,OC(c1c2cccc(C(F)(F)F)c2nc(C(F)(F)F)c1)C1CCCCN1,spectrum,OC(c1cc(C(F)(F)F)nc2c(C(F)(F)F)cccc12)C1CCCCN1,"InChI=1S/C17H16F6N2O/c18-16(19,20)11-5-3-4-9-10(15(26)12-6-1-2-7-24-12)8-13(17(21,22)23)25-14(9)11/h3-5,8,12,15,24,26H,1-2,6-7H2",XEEQGYMUWCZPDN-UHFFFAOYSA-N,XEEQGYMUWCZPDN,OC(c1cc(C(F)(F)F)nc2c(C(F)(F)F)cccc12)C1CCCCN1,P29274_WT,,,,,,,inactive
Triclosan,inactive,Oc1c(Oc2c(Cl)cc(Cl)cc2)ccc(Cl)c1,spectrum,Oc1cc(Cl)ccc1Oc1ccc(Cl)cc1Cl,"InChI=1S/C12H7Cl3O2/c13-7-1-3-11(9(15)5-7)17-12-4-2-8(14)6-10(12)16/h1-6,16H",XEFQLINVKFYRCS-UHFFFAOYSA-N,XEFQLINVKFYRCS,Oc1cc(Cl)ccc1Oc1ccc(Cl)cc1Cl,P16152_WT,P16152_WT,,,,,,inactive
Toremiphene citrate,inactive,CN(C)CCOc1ccc(/C(=C(/CCCl)c2ccccc2)c2ccccc2)cc1,spectrum,CN(C)CCOc1ccc(/C(=C(/CCCl)c2ccccc2)c2ccccc2)cc1,"InChI=1S/C26H28ClNO/c1-28(2)19-20-29-24-15-13-23(14-16-24)26(22-11-7-4-8-12-22)25(17-18-27)21-9-5-3-6-10-21/h3-16H,17-20H2,1-2H3/b26-25-",XFCLJVABOIYOMF-QPLCGJKRSA-N,XFCLJVABOIYOMF,CN(C)CCOc1ccc(/C(=C(/CCCl)c2ccccc2)c2ccccc2)cc1,,,,,,,,inactive
Aconitine,inactive,CCN1C[C@@]2(COC)C3[C@@H](OC)[C@H]4[C@@H]1[C@]3(C(OC)C[C@H]2O)C1C[C@]2(O)[C@@H](OC)[C@H](O)[C@@]4(OC(C)=O)C1[C@H]2OC(=O)c1ccccc1,spectrum,CCN1C[C@@]2(COC)C3[C@@H](OC)[C@H]4[C@@H]1[C@]3(C(OC)C[C@H]2O)C1C[C@@]2(O)[C@H](OC(=O)c3ccccc3)C1[C@]4(OC(C)=O)[C@@H](O)[C@@H]2OC,"InChI=1S/C34H47NO11/c1-7-35-15-31(16-41-3)20(37)13-21(42-4)33-19-14-32(40)28(45-30(39)18-11-9-8-10-12-18)22(19)34(46-17(2)36,27(38)29(32)44-6)23(26(33)35)24(43-5)25(31)33/h8-12,19-29,37-38,40H,7,13-16H2,1-6H3/t19?,20-,21?,22?,23+,24+,25?,26-,27+,28-,29+,31+,32-,33+,34-/m1/s1",XFSBVAOIAHNAPC-NVPFWRPTSA-N,XFSBVAOIAHNAPC,CCN1C[C@@]2(COC)C3[C@@H](OC)[C@H]4[C@@H]1[C@]3(C(OC)C[C@H]2O)C1C[C@@]2(O)[C@H](OC(=O)c3ccccc3)C1[C@]4(OC(C)=O)[C@@H](O)[C@@H]2OC,O89049_WT,,,,,,,inactive
Gefitinib,antineoplastic,C1(=C(C=C2C(=C1)N=CN=C2NC3=CC=C(C(=C3)Cl)F)OCCCN4CCOCC4)OC,selleckchem,COc1cc2ncnc(Nc3ccc(F)c(Cl)c3)c2cc1OCCCN1CCOCC1,"InChI=1S/C22H24ClFN4O3/c1-29-20-13-19-16(12-21(20)31-8-2-5-28-6-9-30-10-7-28)22(26-14-25-19)27-15-3-4-18(24)17(23)11-15/h3-4,11-14H,2,5-10H2,1H3,(H,25,26,27)",XGALLCVXEZPNRQ-UHFFFAOYSA-N,XGALLCVXEZPNRQ,COc1cc2ncnc(Nc3ccc(F)c(Cl)c3)c2cc1OCCCN1CCOCC1,O14976_WT;O43353_WT;O94804_WT;O96017_WT;P00533_A750P;P00533_G719C;P00533_G719S;P00533_L858R;P00533_L858R_T790M;P00533_L861Q;P00533_P753S;P00533_T790M;P00533_WT;P04626_WT;P06239_WT;P07948_WT;P11511_WT;P21860_WT;P49674_WT;P51617_WT;P68370_WT;Q8NE63_WT;Q9BUB5_WT;Q9H2G2_WT;Q9HBH9_WT;Q9NWZ3_WT;Q9UF33_WT;Q52WX2_WT;Q56UN5_WT;Q04206_WT;Q13163_WT;Q15303_WT,O14976_WT;P00533_A750P;P00533_G719C;P00533_G719S;P00533_L858R;P00533_L858R_T790M;P00533_L861Q;P00533_P753S;P00533_T790M;P00533_WT;P51617_WT;Q9BUB5_WT;Q56UN5_WT;Q04206_WT,O14976_WT;P00533_A750P;P00533_G719C;P00533_G719S;P00533_L858R;P00533_L861Q;P00533_P753S;P00533_T790M;P00533_WT;Q04206_WT,O14976_WT;P00533_A750P;P00533_G719C;P00533_G719S;P00533_L858R;P00533_L861Q;P00533_P753S;P00533_WT,P00533_A750P;P00533_G719C;P00533_G719S;P00533_L858R;P00533_L861Q;P00533_P753S,P00533_A750P;P00533_G719C;P00533_G719S;P00533_L858R;P00533_L861Q;P00533_P753S,P00533_A750P;P00533_L858R;P00533_P753S,antineoplastic
Ononetin,inactive,COc1ccc(CC(=O)c2c(O)cc(O)cc2)cc1,spectrum,COc1ccc(CC(=O)c2ccc(O)cc2O)cc1,"InChI=1S/C15H14O4/c1-19-12-5-2-10(3-6-12)8-14(17)13-7-4-11(16)9-15(13)18/h2-7,9,16,18H,8H2,1H3",XHBZOAYMBBUURD-UHFFFAOYSA-N,XHBZOAYMBBUURD,COc1ccc(CC(=O)c2ccc(O)cc2O)cc1,,,,,,,,inactive
Esculin monohydrate,inactive,O=c1ccc2c(cc(O)c(O[C@@H]3O[C@H](CO)[C@@H](O)[C@H](O)[C@H]3O)c2)o1,spectrum,O=c1ccc2cc(O[C@@H]3O[C@H](CO)[C@@H](O)[C@H](O)[C@H]3O)c(O)cc2o1,"InChI=1S/C15H16O9/c16-5-10-12(19)13(20)14(21)15(24-10)23-9-3-6-1-2-11(18)22-8(6)4-7(9)17/h1-4,10,12-17,19-21H,5H2/t10-,12-,13+,14-,15-/m1/s1",XHCADAYNFIFUHF-TVKJYDDYSA-N,XHCADAYNFIFUHF,O=c1ccc2cc(O[C@@H]3O[C@H](CO)[C@@H](O)[C@H](O)[C@H]3O)c(O)cc2o1,,,,,,,,inactive
Oxybutynin chloride,inactive,CCN(CC)CC#CCOC(=O)C(O)(c1ccccc1)C1CCCCC1,spectrum,CCN(CC)CC#CCOC(=O)C(O)(c1ccccc1)C1CCCCC1,"InChI=1S/C22H31NO3/c1-3-23(4-2)17-11-12-18-26-21(24)22(25,19-13-7-5-8-14-19)20-15-9-6-10-16-20/h5,7-8,13-14,20,25H,3-4,6,9-10,15-18H2,1-2H3",XIQVNETUBQGFHX-UHFFFAOYSA-N,XIQVNETUBQGFHX,CCN(CC)CC#CCOC(=O)C(O)(c1ccccc1)C1CCCCC1,P08172_WT;P08173_WT;P08482_WT;P08483_WT;P08912_WT;P10980_WT;P11229_WT;P14618_WT;P20309_WT;P35462_WT;P41595_WT;Q01959_WT;Q99720_WT,P08172_WT;P08173_WT;P08482_WT;P08483_WT;P08912_WT;P10980_WT;P11229_WT;P14618_WT;P20309_WT;P35462_WT;Q01959_WT;Q99720_WT,P08172_WT;P08173_WT;P08482_WT;P08483_WT;P08912_WT;P10980_WT;P11229_WT;P14618_WT;P20309_WT;Q01959_WT;Q99720_WT,P08172_WT;P08173_WT;P08482_WT;P08483_WT;P08912_WT;P10980_WT;P11229_WT;P14618_WT;P20309_WT;Q99720_WT,P08172_WT;P08173_WT;P08483_WT;P10980_WT;P11229_WT;P14618_WT;P20309_WT,P08483_WT;P11229_WT;P20309_WT,P08483_WT,inactive
Cephalothin sodium,enhancer,CC(=O)OCC1=C(C(=O)O)N2C(=O)[C@@H](NC(=O)Cc3cccs3)[C@H]2SC1,spectrum,CC(=O)OCC1=C(C(=O)O)N2C(=O)C(NC(=O)Cc3cccs3)[C@H]2SC1,"InChI=1S/C16H16N2O6S2/c1-8(19)24-6-9-7-26-15-12(14(21)18(15)13(9)16(22)23)17-11(20)5-10-3-2-4-25-10/h2-4,12,15H,5-7H2,1H3,(H,17,20)(H,22,23)/t12?,15-/m1/s1",XIURVHNZVLADCM-WPZCJLIBSA-N,XIURVHNZVLADCM,CC(=O)OCC1=C(C(=O)O)N2C(=O)C(NC(=O)Cc3cccs3)[C@H]2SC1,P14618_WT;P35236_WT;Q4U2R8_WT;Q8TCC7_WT;Q9NSA0_WT;Q16637_WT,P14618_WT;Q4U2R8_WT;Q8TCC7_WT;Q9NSA0_WT,P14618_WT;Q8TCC7_WT,P14618_WT,,,,enhancer
Loxapine succinate,inactive,CN1CCN(C2=Nc3c(cccc3)Oc3c2cc(Cl)cc3)CC1,spectrum,CN1CCN(C2=Nc3ccccc3Oc3ccc(Cl)cc32)CC1,"InChI=1S/C18H18ClN3O/c1-21-8-10-22(11-9-21)18-14-12-13(19)6-7-16(14)23-17-5-3-2-4-15(17)20-18/h2-7,12H,8-11H2,1H3",XJGVXQDUIWGIRW-UHFFFAOYSA-N,XJGVXQDUIWGIRW,CN1CCN(C2=Nc3ccccc3Oc3ccc(Cl)cc32)CC1,P08482_WT;P14416_WT;P14842_WT;P21917_WT;P28223_WT;P32305_WT;P35462_WT;P50406_WT;P61169_WT;Q16637_WT,P14416_WT;P14842_WT;P21917_WT;P28223_WT;P32305_WT;P35462_WT;P50406_WT;P61169_WT,P14416_WT;P14842_WT;P21917_WT;P28223_WT;P32305_WT;P35462_WT;P50406_WT;P61169_WT,P14842_WT;P21917_WT;P28223_WT;P35462_WT;P50406_WT;P61169_WT,P14842_WT;P21917_WT;P28223_WT,P28223_WT,,inactive
Santonin,inactive,CC1=C2[C@H]3OC(=O)[C@@H](C)[C@@H]3CC[C@@]2(C)C=CC1=O,spectrum,CC1=C2[C@H]3OC(=O)C(C)[C@@H]3CC[C@@]2(C)C=CC1=O,"InChI=1S/C15H18O3/c1-8-10-4-6-15(3)7-5-11(16)9(2)12(15)13(10)18-14(8)17/h5,7-8,10,13H,4,6H2,1-3H3/t8?,10-,13-,15-/m0/s1",XJHDMGJURBVLLE-UABIXTSPSA-N,XJHDMGJURBVLLE,CC1=C2[C@H]3OC(=O)C(C)[C@@H]3CC[C@@]2(C)C=CC1=O,,,,,,,,inactive
Actinonin,inactive,CCCCC[C@H](CC(=O)NO)C(=O)N[C@H](C(=O)N1CCC[C@H]1CO)C(C)C,spectrum,CCCCCC(CC(=O)NO)C(=O)NC(C(=O)N1CCC[C@H]1CO)C(C)C,"InChI=1S/C19H35N3O5/c1-4-5-6-8-14(11-16(24)21-27)18(25)20-17(13(2)3)19(26)22-10-7-9-15(22)12-23/h13-15,17,23,27H,4-12H2,1-3H3,(H,20,25)(H,21,24)/t14?,15-,17?/m0/s1",XJLATMLVMSFZBN-CKDBGZEDSA-N,XJLATMLVMSFZBN,CCCCCC(CC(=O)NO)C(=O)NC(C(=O)N1CCC[C@H]1CO)C(C)C,P03956_WT;P14780_WT;P15144_WT;P22894_WT;Q9HBH1_WT,P03956_WT;P15144_WT;P22894_WT;Q9HBH1_WT,,,,,,inactive
3-acetamidocoumarin,inactive,CC(=O)Nc1cc2c(cccc2)oc1=O,spectrum,CC(=O)Nc1cc2ccccc2oc1=O,"InChI=1S/C11H9NO3/c1-7(13)12-9-6-8-4-2-3-5-10(8)15-11(9)14/h2-6H,1H3,(H,12,13)",XJYLCCJIDYSFMB-UHFFFAOYSA-N,XJYLCCJIDYSFMB,CC(=O)Nc1cc2ccccc2oc1=O,P05177_WT;Q16637_WT,P05177_WT;Q16637_WT,Q16637_WT,Q16637_WT,,,,inactive
Danusertib,inactive,C1(=CC=CC=C1)[C@H](C(N2CC3=C(C2)C(=NN3)NC(=O)C4=CC=C(C=C4)N5CCN(CC5)C)=O)OC,selleckchem,COC(C(=O)N1Cc2[nH]nc(NC(=O)c3ccc(N4CCN(C)CC4)cc3)c2C1)c1ccccc1,"InChI=1S/C26H30N6O3/c1-30-12-14-31(15-13-30)20-10-8-19(9-11-20)25(33)27-24-21-16-32(17-22(21)28-29-24)26(34)23(35-2)18-6-4-3-5-7-18/h3-11,23H,12-17H2,1-2H3,(H2,27,28,29,33)",XKFTZKGMDDZMJI-UHFFFAOYSA-N,XKFTZKGMDDZMJI,COC(C(=O)N1Cc2[nH]nc(NC(=O)c3ccc(N4CCN(C)CC4)cc3)c2C1)c1ccccc1,O00444_WT;O14965_WT;O15075_WT;O15197_WT;O15357_WT;O43293_WT;O43741_WT;O60674_WT;O94806_WT;P00519_WT;P00533_WT;P04629_WT;P06239_WT;P06241_WT;P07332_WT;P07333_WT;P07947_WT;P07948_WT;P07949_WT;P08631_WT;P08922_WT;P10721_WT;P11274_WT;P11362_WT;P12931_WT;P16591_WT;P17948_WT;P18074_WT;P19623_WT;P22607_WT;P24941_WT;P27448_WT;P29317_WT;P29323_WT;P29376_WT;P35557_WT;P35916_WT;P35968_WT;P36896_WT;P37173_WT;P42684_WT;P42685_WT;P50613_WT;P50749_WT;P51451_WT;P51946_WT;P51948_WT;P52333_WT;P53667_WT;P54619_WT;P54753_WT;P54756_WT;P54760_WT;P54764_WT;P62993_WT;Q5S007_WT;Q7KZI7_WT;Q8TDC3_WT;Q8WWW0_WT;Q9BXA7_WT;Q9H2G2_WT;Q9H3Y6_WT;Q9H093_WT;Q9NQS7_WT;Q9UGJ0_WT;Q9UM73_WT;Q9UQB9_WT;Q9Y4K4_WT;Q9Y478_WT;Q96GD4_WT;Q96L34_WT;Q96RR4_WT;Q00526_WT;Q04771_WT;Q04912_WT;Q05397_WT;Q06187_WT;Q07912_WT;Q08345_WT;Q08881_WT;Q12851_WT;Q13043_WT;Q13131_WT;Q13164_WT;Q13188_WT;Q13233_WT;Q13432_WT;Q13470_WT;Q13882_WT;Q14289_WT;Q15375_WT;Q16288_WT;Q16620_WT;Q16832_WT;Q92918_WT,O00444_WT;O14965_WT;O15075_WT;O15197_WT;O15357_WT;O43741_WT;O60674_WT;P00519_WT;P04629_WT;P06239_WT;P06241_WT;P07332_WT;P07333_WT;P07947_WT;P07949_WT;P08631_WT;P08922_WT;P11274_WT;P11362_WT;P12931_WT;P16591_WT;P17948_WT;P18074_WT;P19623_WT;P22607_WT;P27448_WT;P29317_WT;P29323_WT;P29376_WT;P35916_WT;P42684_WT;P42685_WT;P50613_WT;P51451_WT;P51946_WT;P51948_WT;P53667_WT;P54619_WT;P54753_WT;P54756_WT;P54760_WT;P54764_WT;P62993_WT;Q7KZI7_WT;Q9H3Y6_WT;Q9H093_WT;Q9NQS7_WT;Q9UGJ0_WT;Q9UM73_WT;Q9UQB9_WT;Q9Y4K4_WT;Q9Y478_WT;Q96GD4_WT;Q96L34_WT;Q04771_WT;Q04912_WT;Q05397_WT;Q07912_WT;Q08345_WT;Q08881_WT;Q12851_WT;Q13131_WT;Q13432_WT;Q13470_WT;Q14289_WT;Q15375_WT;Q16288_WT;Q92918_WT,O00444_WT;O14965_WT;O15075_WT;O15357_WT;O43741_WT;P00519_WT;P06241_WT;P07947_WT;P07949_WT;P08922_WT;P11274_WT;P11362_WT;P12931_WT;P17948_WT;P19623_WT;P22607_WT;P29317_WT;P29323_WT;P29376_WT;P42684_WT;P42685_WT;P50613_WT;P51451_WT;P51946_WT;P54619_WT;P54756_WT;P54760_WT;P62993_WT;Q9H3Y6_WT;Q9H093_WT;Q9UGJ0_WT;Q9UM73_WT;Q9UQB9_WT;Q96GD4_WT;Q04912_WT;Q05397_WT;Q07912_WT;Q13131_WT;Q13432_WT;Q13470_WT;Q14289_WT;Q15375_WT,O00444_WT;O14965_WT;O15357_WT;P00519_WT;P07949_WT;P08922_WT;P11274_WT;P12931_WT;P29317_WT;P42684_WT;P42685_WT;P54760_WT;P62993_WT;Q9H093_WT;Q9UM73_WT;Q05397_WT,O00444_WT;O14965_WT;O15357_WT;P07949_WT;P08922_WT;P11274_WT;P42684_WT;P62993_WT,O15357_WT;P62993_WT,,inactive
Ranolazine,inactive,COc1c(OCC(O)CN2CCN(CC(=O)Nc3c(C)cccc3C)CC2)cccc1,spectrum,COc1ccccc1OCC(O)CN1CCN(CC(=O)Nc2c(C)cccc2C)CC1,"InChI=1S/C24H33N3O4/c1-18-7-6-8-19(2)24(18)25-23(29)16-27-13-11-26(12-14-27)15-20(28)17-31-22-10-5-4-9-21(22)30-3/h4-10,20,28H,11-17H2,1-3H3,(H,25,29)",XKLMZUWKNUAPSZ-UHFFFAOYSA-N,XKLMZUWKNUAPSZ,COc1ccccc1OCC(O)CN1CCN(CC(=O)Nc2c(C)cccc2C)CC1,,,,,,,,inactive
Molsidomine,inactive,CCOC(=O)[N-]c1c[n+](N2CCOCC2)no1,spectrum,CCOC(=O)Nc1c[n+](N2CCOCC2)no1,"InChI=1S/C9H14N4O4/c1-2-16-9(14)10-8-7-13(11-17-8)12-3-5-15-6-4-12/h7H,2-6H2,1H3/p+1",XLFWDASMENKTKL-UHFFFAOYSA-O,XLFWDASMENKTKL,CCOC(=O)Nc1c[n+](N2CCOCC2)no1,,,,,,,,inactive
Thiamylal sodium,inactive,C=CCC1(C(C)CCC)C(=O)N=C(S)NC1=O,spectrum,C=CCC1(C(C)CCC)C(=O)NC(=S)NC1=O,"InChI=1S/C12H18N2O2S/c1-4-6-8(3)12(7-5-2)9(15)13-11(17)14-10(12)16/h5,8H,2,4,6-7H2,1,3H3,(H2,13,14,15,16,17)",XLOMZPUITCYLMJ-UHFFFAOYSA-N,XLOMZPUITCYLMJ,C=CCC1(C(C)CCC)C(=O)NC(=S)NC1=O,,,,,,,,inactive
Carapin-8(9)-ene,inactive,COC(=O)C[C@H]1C(C)(C)C(=O)[C@@H]2CC3=C(CC[C@]4(C)C3=CC(=O)O[C@H]4c3cocc3)[C@]1(C)C2=O,spectrum,COC(=O)C[C@H]1C(C)(C)C(=O)C2CC3=C(CC[C@]4(C)C3=CC(=O)O[C@H]4c3ccoc3)[C@]1(C)C2=O,"InChI=1S/C27H30O7/c1-25(2)19(12-20(28)32-5)27(4)17-6-8-26(3)18(15(17)10-16(22(25)30)23(27)31)11-21(29)34-24(26)14-7-9-33-13-14/h7,9,11,13,16,19,24H,6,8,10,12H2,1-5H3/t16?,19-,24-,26+,27-/m0/s1",XLRKFSDSKCYZBE-KQKKLYLFSA-N,XLRKFSDSKCYZBE,COC(=O)C[C@H]1C(C)(C)C(=O)C2CC3=C(CC[C@]4(C)C3=CC(=O)O[C@H]4c3ccoc3)[C@]1(C)C2=O,,,,,,,,inactive
Ketoconazole,inactive,CC(=O)N1CCN(c2ccc(OCC3CO[C@](Cn4ccnc4)(c4c(Cl)cc(Cl)cc4)O3)cc2)CC1,spectrum,CC(=O)N1CCN(c2ccc(OCC3CO[C@](Cn4ccnc4)(c4ccc(Cl)cc4Cl)O3)cc2)CC1,"InChI=1S/C26H28Cl2N4O4/c1-19(33)31-10-12-32(13-11-31)21-3-5-22(6-4-21)34-15-23-16-35-26(36-23,17-30-9-8-29-18-30)24-7-2-20(27)14-25(24)28/h2-9,14,18,23H,10-13,15-17H2,1H3/t23?,26-/m0/s1",XMAYWYJOQHXEEK-NASUQTAISA-N,XMAYWYJOQHXEEK,CC(=O)N1CCN(c2ccc(OCC3CO[C@](Cn4ccnc4)(c4ccc(Cl)cc4Cl)O3)cc2)CC1,O15528_WT;O35084_WT;P05093_WT;P06762_WT;P07900_WT;P08684_WT;P15149_WT;P15538_WT;P18125_WT;P19099_WT;P20815_WT;P30969_WT;P31645_WT;Q07973_WT;Q16850_WT;Q64654_WT,O35084_WT;P05093_WT;P06762_WT;P08684_WT;P15538_WT;P30969_WT;Q07973_WT;Q16850_WT;Q64654_WT,P05093_WT;P08684_WT;P30969_WT,P30969_WT,,,,inactive
Epigallocatechin,inactive,Oc1cc2c(C[C@@H](O)[C@@H](c3cc(O)c(O)c(O)c3)O2)c(O)c1,spectrum,Oc1cc(O)c2c(c1)O[C@H](c1cc(O)c(O)c(O)c1)[C@H](O)C2,"InChI=1S/C15H14O7/c16-7-3-9(17)8-5-12(20)15(22-13(8)4-7)6-1-10(18)14(21)11(19)2-6/h1-4,12,15-21H,5H2/t12-,15-/m1/s1",XMOCLSLCDHWDHP-IUODEOHRSA-N,XMOCLSLCDHWDHP,Oc1cc(O)c2c(c1)O[C@H](c1cc(O)c(O)c(O)c1)[C@H](O)C2,,,,,,,,inactive
Avobenzone,inactive,COc1ccc(C(=O)CC(=O)c2ccc(C(C)(C)C)cc2)cc1,spectrum,COc1ccc(C(=O)CC(=O)c2ccc(C(C)(C)C)cc2)cc1,"InChI=1S/C20H22O3/c1-20(2,3)16-9-5-14(6-10-16)18(21)13-19(22)15-7-11-17(23-4)12-8-15/h5-12H,13H2,1-4H3",XNEFYCZVKIDDMS-UHFFFAOYSA-N,XNEFYCZVKIDDMS,COc1ccc(C(=O)CC(=O)c2ccc(C(C)(C)C)cc2)cc1,P51450_WT,P51450_WT,P51450_WT,,,,,inactive
Stavudine,inactive,Cc1cn([C@H]2C=C[C@@H](CO)O2)c(=O)[nH]c1=O,spectrum,Cc1cn([C@H]2C=C[C@@H](CO)O2)c(=O)[nH]c1=O,"InChI=1S/C10H12N2O4/c1-6-4-12(10(15)11-9(6)14)8-3-2-7(5-13)16-8/h2-4,7-8,13H,5H2,1H3,(H,11,14,15)/t7-,8+/m0/s1",XNKLLVCARDGLGL-JGVFFNPUSA-N,XNKLLVCARDGLGL,Cc1cn([C@H]2C=C[C@@H](CO)O2)c(=O)[nH]c1=O,O75496_WT,O75496_WT,O75496_WT,O75496_WT,O75496_WT,,,inactive
Hydrocortisone acetate,inactive,CC(=O)OCC(=O)[C@@]1(O)CCC2C3CCC4=CC(=O)CC[C@]4(C)C3[C@@H](O)C[C@@]21C,spectrum,CC(=O)OCC(=O)[C@@]1(O)CCC2C3CC=C4CC(=O)CC[C@]4(C)C3[C@@H](O)C[C@@]21C,"InChI=1S/C23H32O6/c1-13(24)29-12-19(27)23(28)9-7-17-16-5-4-14-10-15(25)6-8-21(14,2)20(16)18(26)11-22(17,23)3/h4,16-18,20,26,28H,5-12H2,1-3H3/t16?,17?,18-,20?,21-,22-,23-/m0/s1",XNMUPDICNYMLBM-KPYZGQEZSA-N,XNMUPDICNYMLBM,CC(=O)OCC(=O)[C@@]1(O)CCC2C3CC=C4CC(=O)CC[C@]4(C)C3[C@@H](O)C[C@@]21C,P03372_WT;P04150_WT;P10275_WT;P11511_WT,P03372_WT;P04150_WT;P10275_WT;P11511_WT,P03372_WT;P10275_WT,,,,,inactive
Protirelin,enhancer,NC(=O)C1CCCN1C(=O)C(Cc1c[nH]cn1)NC(=O)C1CCC(=O)N1,spectrum,NC(=O)C1CCCN1C(=O)C(Cc1c[nH]cn1)NC(=O)C1CCC(=O)N1,"InChI=1S/C16H22N6O4/c17-14(24)12-2-1-5-22(12)16(26)11(6-9-7-18-8-19-9)21-15(25)10-3-4-13(23)20-10/h7-8,10-12H,1-6H2,(H2,17,24)(H,18,19)(H,20,23)(H,21,25)",XNSAINXGIQZQOO-UHFFFAOYSA-N,XNSAINXGIQZQOO,NC(=O)C1CCCN1C(=O)C(Cc1c[nH]cn1)NC(=O)C1CCC(=O)N1,P21761_WT;P34981_WT;Q9ERT1_WT;Q9R297_WT;Q01717_WT,P21761_WT;P34981_WT;Q9ERT1_WT;Q9R297_WT;Q01717_WT,P21761_WT;P34981_WT;Q9ERT1_WT;Q9R297_WT;Q01717_WT,P21761_WT;P34981_WT;Q9ERT1_WT;Q9R297_WT,P21761_WT;P34981_WT;Q9ERT1_WT,P21761_WT;Q9ERT1_WT,,enhancer
Diminazene aceturate,inactive,N=C(N)c1ccc(/N=N/Nc2ccc(C(=N)N)cc2)cc1,spectrum,N=C(N)c1ccc(N=NNc2ccc(C(=N)N)cc2)cc1,"InChI=1S/C14H15N7/c15-13(16)9-1-5-11(6-2-9)19-21-20-12-7-3-10(4-8-12)14(17)18/h1-8H,(H3,15,16)(H3,17,18)(H,19,20)",XNYZHCFCZNMTFY-UHFFFAOYSA-N,XNYZHCFCZNMTFY,N=C(N)c1ccc(N=NNc2ccc(C(=N)N)cc2)cc1,P19801_WT,P19801_WT,P19801_WT,P19801_WT,,,,inactive
Prednisone,inactive,C[C@]12CC(=O)C3C(CCC4=CC(=O)C=C[C@@]43C)C1CC[C@]2(O)C(=O)CO,spectrum,C[C@]12C=CC(=O)C=C1CCC1C2C(=O)C[C@@]2(C)C1CC[C@]2(O)C(=O)CO,"InChI=1S/C21H26O5/c1-19-7-5-13(23)9-12(19)3-4-14-15-6-8-21(26,17(25)11-22)20(15,2)10-16(24)18(14)19/h5,7,9,14-15,18,22,26H,3-4,6,8,10-11H2,1-2H3/t14?,15?,18?,19-,20-,21-/m0/s1",XOFYZVNMUHMLCC-BDQMTFAOSA-N,XOFYZVNMUHMLCC,C[C@]12C=CC(=O)C=C1CCC1C2C(=O)C[C@@]2(C)C1CC[C@]2(O)C(=O)CO,P04150_WT,P04150_WT,P04150_WT,P04150_WT,,,,inactive
Sulfachlorpyridazine,inactive,Nc1ccc(S(=O)(=O)Nc2nnc(Cl)cc2)cc1,spectrum,Nc1ccc(S(=O)(=O)Nc2ccc(Cl)nn2)cc1,"InChI=1S/C10H9ClN4O2S/c11-9-5-6-10(14-13-9)15-18(16,17)8-3-1-7(12)2-4-8/h1-6H,12H2,(H,14,15)",XOXHILFPRYWFOD-UHFFFAOYSA-N,XOXHILFPRYWFOD,Nc1ccc(S(=O)(=O)Nc2ccc(Cl)nn2)cc1,,,,,,,,inactive
Benazepril hydrochloride,inactive,CCOC(=O)[C@H](CCc1ccccc1)N[C@H]1CCc2c(cccc2)N(CC(=O)O)C1=O,spectrum,CCOC(=O)C(CCc1ccccc1)NC1CCc2ccccc2N(CC(=O)O)C1=O,"InChI=1S/C24H28N2O5/c1-2-31-24(30)20(14-12-17-8-4-3-5-9-17)25-19-15-13-18-10-6-7-11-21(18)26(23(19)29)16-22(27)28/h3-11,19-20,25H,2,12-16H2,1H3,(H,27,28)",XPCFTKFZXHTYIP-UHFFFAOYSA-N,XPCFTKFZXHTYIP,CCOC(=O)C(CCc1ccccc1)NC1CCc2ccccc2N(CC(=O)O)C1=O,P12821_WT;P47820_WT,P12821_WT;P47820_WT,P12821_WT;P47820_WT,P12821_WT;P47820_WT,P12821_WT;P47820_WT,P12821_WT;P47820_WT,,inactive
Halazone,inactive,O=C(O)c1ccc(S(=O)(=O)N(Cl)Cl)cc1,spectrum,O=C(O)c1ccc(S(=O)(=O)N(Cl)Cl)cc1,"InChI=1S/C7H5Cl2NO4S/c8-10(9)15(13,14)6-3-1-5(2-4-6)7(11)12/h1-4H,(H,11,12)",XPDVQPODLRGWPL-UHFFFAOYSA-N,XPDVQPODLRGWPL,O=C(O)c1ccc(S(=O)(=O)N(Cl)Cl)cc1,,,,,,,,inactive
Ly2228820,inactive,CC(C1=NC(=C(N1)C2=NC3=C(C=C2)N=C(N3CC(C)(C)C)N)C4=CC=C(C=C4)F)(C)C.CS(=O)(=O)O.CS(=O)(=O)O,selleckchem,CC(C)(C)Cn1c(N)nc2ccc(-c3[nH]c(C(C)(C)C)nc3-c3ccc(F)cc3)nc21,"InChI=1S/C24H29FN6/c1-23(2,3)13-31-20-17(28-22(31)26)12-11-16(27-20)19-18(14-7-9-15(25)10-8-14)29-21(30-19)24(4,5)6/h7-12H,13H2,1-6H3,(H2,26,28)(H,29,30)",XPPBBJCBDOEXDN-UHFFFAOYSA-N,XPPBBJCBDOEXDN,CC(C)(C)Cn1c(N)nc2ccc(-c3[nH]c(C(C)(C)C)nc3-c3ccc(F)cc3)nc21,Q16539_WT,Q16539_WT,Q16539_WT,Q16539_WT,Q16539_WT,,,inactive
Nizatidine,inactive,CN/C(=C\[N+](=O)[O-])NCCSCc1csc(CN(C)C)n1,spectrum,CN=C(C[N+](=O)[O-])NCCSCc1csc(CN(C)C)n1,"InChI=1S/C12H21N5O2S2/c1-13-11(6-17(18)19)14-4-5-20-8-10-9-21-12(15-10)7-16(2)3/h9H,4-8H2,1-3H3,(H,13,14)",XPZQPVYGEOEOKS-UHFFFAOYSA-N,XPZQPVYGEOEOKS,CN=C(C[N+](=O)[O-])NCCSCc1csc(CN(C)C)n1,P04150_WT,P04150_WT,P04150_WT,,,,,inactive
Idoxuridine,inactive,O=c1[nH]c(=O)n([C@H]2C[C@H](O)C(CO)O2)cc1I,spectrum,O=c1[nH]c(=O)n([C@H]2C[C@H](O)C(CO)O2)cc1I,"InChI=1S/C9H11IN2O5/c10-4-2-12(9(16)11-8(4)15)7-1-5(14)6(3-13)17-7/h2,5-7,13-14H,1,3H2,(H,11,15,16)/t5-,6?,7+/m0/s1",XQFRJNBWHJMXHO-REJBHVJUSA-N,XQFRJNBWHJMXHO,O=c1[nH]c(=O)n([C@H]2C[C@H](O)C(CO)O2)cc1I,P04183_WT,P04183_WT,P04183_WT,,,,,inactive
Bi 2536,reducer,C1(=CC=C(C(=C1)OC)NC2=NC=C3C(=N2)N([C@@H](C(N3C)=O)CC)C4CCCC4)C(NC5CCN(CC5)C)=O,selleckchem,CCC1C(=O)N(C)c2cnc(Nc3ccc(C(=O)NC4CCN(C)CC4)cc3OC)nc2N1C1CCCC1,"InChI=1S/C28H39N7O3/c1-5-22-27(37)34(3)23-17-29-28(32-25(23)35(22)20-8-6-7-9-20)31-21-11-10-18(16-24(21)38-4)26(36)30-19-12-14-33(2)15-13-19/h10-11,16-17,19-20,22H,5-9,12-15H2,1-4H3,(H,30,36)(H,29,31,32)",XQVVPGYIWAGRNI-UHFFFAOYSA-N,XQVVPGYIWAGRNI,CCC1C(=O)N(C)c2cnc(Nc3ccc(C(=O)NC4CCN(C)CC4)cc3OC)nc2N1C1CCCC1,O00764_WT;O14976_WT;O43293_WT;O60885_WT;O75676_WT;O94806_WT;O95819_WT;P00533_G719C;P00533_L858R_T790M;P00533_T790M;P06241_WT;P17948_WT;P19525_WT;P21675_WT;P49674_WT;P49759_WT;P49760_WT;P49761_WT;P51956_WT;P53350_WT;P53355_WT;P98161_WT;Q7L2H7_WT;Q8IY84_WT;Q8N5S9_WT;Q8WTQ7_WT;Q9BZL6_WT;Q9H4B4_WT;Q9NYY3_WT;Q9UIK4_WT;Q9UM73_WT;Q56UN5_WT;Q96RR4_WT;Q05397_WT;Q13557_WT;Q13563_WT;Q14289_WT;Q14680_WT;Q15139_WT;Q15349_WT;Q15746_WT,O43293_WT;O60885_WT;O75676_WT;O94806_WT;P00533_L858R_T790M;P21675_WT;P53350_WT;Q7L2H7_WT;Q8N5S9_WT;Q9H4B4_WT;Q9NYY3_WT;Q9UM73_WT;Q96RR4_WT;Q14680_WT;Q15746_WT,O60885_WT;O75676_WT;P53350_WT;Q7L2H7_WT;Q8N5S9_WT;Q9H4B4_WT;Q9NYY3_WT;Q96RR4_WT;Q15746_WT,O75676_WT;P53350_WT;Q7L2H7_WT;Q8N5S9_WT;Q9H4B4_WT;Q9NYY3_WT,P53350_WT;Q9H4B4_WT;Q9NYY3_WT,P53350_WT,P53350_WT,reducer
Papaverine hydrochloride,inactive,COc1ccc(Cc2nccc3cc(OC)c(OC)cc23)cc1OC,spectrum,COc1ccc(Cc2nccc3cc(OC)c(OC)cc23)cc1OC,"InChI=1S/C20H21NO4/c1-22-17-6-5-13(10-18(17)23-2)9-16-15-12-20(25-4)19(24-3)11-14(15)7-8-21-16/h5-8,10-12H,9H2,1-4H3",XQYZDYMELSJDRZ-UHFFFAOYSA-N,XQYZDYMELSJDRZ,COc1ccc(Cc2nccc3cc(OC)c(OC)cc23)cc1OC,O94925_WT;P83916_WT;Q9QYJ6_WT;Q9Y233_WT;Q13370_WT;Q14432_WT;Q92793_WT,P83916_WT;Q9QYJ6_WT;Q9Y233_WT;Q14432_WT,P83916_WT;Q9QYJ6_WT;Q9Y233_WT,P83916_WT,P83916_WT,,,inactive
Anisindione,inactive,COc1ccc(C2C(=O)c3c(cccc3)C2=O)cc1,spectrum,COc1ccc(C2C(=O)c3ccccc3C2=O)cc1,"InChI=1S/C16H12O3/c1-19-11-8-6-10(7-9-11)14-15(17)12-4-2-3-5-13(12)16(14)18/h2-9,14H,1H3",XRCFXMGQEVUZFC-UHFFFAOYSA-N,XRCFXMGQEVUZFC,COc1ccc(C2C(=O)c3ccccc3C2=O)cc1,,,,,,,,inactive
Ku-55933,inactive,C1=CC=C2C(=C1)SC3=C(S2)C=CC=C3C4=CC(C=C(O4)N5CCOCC5)=O,selleckchem,O=c1cc(-c2cccc3c2Sc2ccccc2S3)oc(N2CCOCC2)c1,"InChI=1S/C21H17NO3S2/c23-14-12-16(25-20(13-14)22-8-10-24-11-9-22)15-4-3-7-19-21(15)27-18-6-2-1-5-17(18)26-19/h1-7,12-13H,8-11H2",XRKYMMUGXMWDAO-UHFFFAOYSA-N,XRKYMMUGXMWDAO,O=c1cc(-c2cccc3c2Sc2ccccc2S3)oc(N2CCOCC2)c1,O00329_WT;P42338_WT;Q13315_WT,Q13315_WT,,,,,,inactive
Quipazine maleate,inactive,c1cc2c(cc1)nc(N1CCNCC1)cc2,spectrum,c1ccc2nc(N3CCNCC3)ccc2c1,"InChI=1S/C13H15N3/c1-2-4-12-11(3-1)5-6-13(15-12)16-9-7-14-8-10-16/h1-6,14H,7-10H2",XRXDAJYKGWNHTQ-UHFFFAOYSA-N,XRXDAJYKGWNHTQ,c1ccc2nc(N3CCNCC3)ccc2c1,P08909_WT;P28335_WT;P28564_WT;P31645_WT;P31652_WT;P35563_WT;P46098_WT,P28335_WT;P31645_WT;P31652_WT;P35563_WT;P46098_WT,P31645_WT;P31652_WT;P35563_WT;P46098_WT,P31645_WT;P35563_WT;P46098_WT,P35563_WT;P46098_WT,P35563_WT,P35563_WT,inactive
Tyrphostin AG 879,inactive,C(/C(=C/C1C=C(C(=C(C=1)C(C)(C)C)O)C(C)(C)C)C#N)(N)=S,selleckchem,CC(C)(C)c1cc(C=C(C#N)C(N)=S)cc(C(C)(C)C)c1O,"InChI=1S/C18H24N2OS/c1-17(2,3)13-8-11(7-12(10-19)16(20)22)9-14(15(13)21)18(4,5)6/h7-9,21H,1-6H3,(H2,20,22)",XRZYELWZLNAXGE-UHFFFAOYSA-N,XRZYELWZLNAXGE,CC(C)(C)c1cc(C=C(C#N)C(N)=S)cc(C(C)(C)C)c1O,P11712_WT;P29319_WT;Q16665_WT,P11712_WT;P29319_WT,P29319_WT,P29319_WT,P29319_WT,,,inactive
Triflupromazine hydrochloride,inactive,CN(C)CCCN1c2c(cccc2)Sc2c1cc(C(F)(F)F)cc2,spectrum,CN(C)CCCN1c2ccccc2Sc2ccc(C(F)(F)F)cc21,"InChI=1S/C18H19F3N2S/c1-22(2)10-5-11-23-14-6-3-4-7-16(14)24-17-9-8-13(12-15(17)23)18(19,20)21/h3-4,6-9,12H,5,10-11H2,1-2H3",XSCGXQMFQXDFCW-UHFFFAOYSA-N,XSCGXQMFQXDFCW,CN(C)CCCN1c2ccccc2Sc2ccc(C(F)(F)F)cc21,P08482_WT;P10635_WT,,,,,,,inactive
Amiloride hydrochloride,inactive,N=C(N)NC(=O)c1nc(Cl)c(N)nc1N,spectrum,N=C(N)NC(=O)c1nc(Cl)c(N)nc1N,"InChI=1S/C6H8ClN7O/c7-2-4(9)13-3(8)1(12-2)5(15)14-6(10)11/h(H4,8,9,13)(H4,10,11,14,15)",XSDQTOBWRPYKKA-UHFFFAOYSA-N,XSDQTOBWRPYKKA,N=C(N)NC(=O)c1nc(Cl)c(N)nc1N,P37088_WT,,,,,,,inactive
Flunisolide,inactive,CC1(C)O[C@@H]2CC3C4C[C@H](F)C5=CC(=O)C=CC5(C)C4C(O)CC3(C)[C@]2(C(=O)CO)O1,spectrum,CC1(C)O[C@@H]2CC3C4C[C@H](F)C5=CC(=O)C=CC5(C)C4C(O)CC3(C)[C@]2(C(=O)CO)O1,"InChI=1S/C24H31FO6/c1-21(2)30-19-9-14-13-8-16(25)15-7-12(27)5-6-22(15,3)20(13)17(28)10-23(14,4)24(19,31-21)18(29)11-26/h5-7,13-14,16-17,19-20,26,28H,8-11H2,1-4H3/t13?,14?,16-,17?,19+,20?,22?,23?,24+/m0/s1",XSFJVAJPIHIPKU-CCRGDLLISA-N,XSFJVAJPIHIPKU,CC1(C)O[C@@H]2CC3C4C[C@H](F)C5=CC(=O)C=CC5(C)C4C(O)CC3(C)[C@]2(C(=O)CO)O1,P04150_WT,P04150_WT,P04150_WT,P04150_WT,P04150_WT,,,inactive
Acriflavinium hydrochloride,inactive,C[n+]1c2cc(N)ccc2cc2c1cc(N)cc2,spectrum,C[n+]1c2cc(N)ccc2cc2ccc(N)cc21,"InChI=1S/C14H13N3/c1-17-13-7-11(15)4-2-9(13)6-10-3-5-12(16)8-14(10)17/h2-8H,1H3,(H3,15,16)/p+1",XSIOKTWDEOJMGG-UHFFFAOYSA-O,XSIOKTWDEOJMGG,C[n+]1c2cc(N)ccc2cc2ccc(N)cc21,O75604_WT;P53350_WT,,,,,,,inactive
Rivastigmine tartrate,inactive,CCN(C)C(=O)Oc1cccc([C@H](C)N(C)C)c1,spectrum,CCN(C)C(=O)Oc1cccc([C@H](C)N(C)C)c1,"InChI=1S/C14H22N2O2/c1-6-16(5)14(17)18-13-9-7-8-12(10-13)11(2)15(3)4/h7-11H,6H2,1-5H3/t11-/m0/s1",XSVMFMHYUFZWBK-NSHDSACASA-N,XSVMFMHYUFZWBK,CCN(C)C(=O)Oc1cccc([C@H](C)N(C)C)c1,P06276_WT;Q03311_WT,Q03311_WT,,,,,,inactive
Azaperone,inactive,O=C(CCCN1CCN(c2ncccc2)CC1)c1ccc(F)cc1,spectrum,O=C(CCCN1CCN(c2ccccn2)CC1)c1ccc(F)cc1,"InChI=1S/C19H22FN3O/c20-17-8-6-16(7-9-17)18(24)4-3-11-22-12-14-23(15-13-22)19-5-1-2-10-21-19/h1-2,5-10H,3-4,11-15H2",XTKDAFGWCDAMPY-UHFFFAOYSA-N,XTKDAFGWCDAMPY,O=C(CCCN1CCN(c2ccccn2)CC1)c1ccc(F)cc1,P08908_WT;P14416_WT;P21917_WT;P28223_WT;P34969_WT;P35462_WT;Q5BJF2_WT;Q99720_WT,P08908_WT;P14416_WT;P21917_WT;P28223_WT;P34969_WT;P35462_WT;Q5BJF2_WT,P08908_WT;P14416_WT;P21917_WT;P28223_WT;P35462_WT;Q5BJF2_WT,P08908_WT;P21917_WT,P08908_WT;P21917_WT,,,inactive
Gatifloxacin,inactive,COc1c(N2CCNC(C)C2)c(F)cc2c1n(C1CC1)cc(C(=O)O)c2=O,spectrum,COc1c(N2CCNC(C)C2)c(F)cc2c(=O)c(C(=O)O)cn(C3CC3)c12,"InChI=1S/C19H22FN3O4/c1-10-8-22(6-5-21-10)16-14(20)7-12-15(18(16)27-2)23(11-3-4-11)9-13(17(12)24)19(25)26/h7,9-11,21H,3-6,8H2,1-2H3,(H,25,26)",XUBOMFCQGDBHNK-UHFFFAOYSA-N,XUBOMFCQGDBHNK,COc1c(N2CCNC(C)C2)c(F)cc2c(=O)c(C(=O)O)cn(C3CC3)c12,,,,,,,,inactive
Famotidine,inactive,NC(N)=Nc1nc(CSCC/C(N)=N\S(N)(=O)=O)cs1,spectrum,N=C(CCSCc1csc(N=C(N)N)n1)NS(N)(=O)=O,"InChI=1S/C8H15N7O2S3/c9-6(15-20(12,16)17)1-2-18-3-5-4-19-8(13-5)14-7(10)11/h4H,1-3H2,(H2,9,15)(H2,12,16,17)(H4,10,11,13,14)",XUFQPHANEAPEMJ-UHFFFAOYSA-N,XUFQPHANEAPEMJ,N=C(CCSCc1csc(N=C(N)N)n1)NS(N)(=O)=O,O43570_WT;P00915_WT;P00918_WT;P22748_WT;P23280_WT;P25021_WT;P43166_WT;Q8N1Q1_WT;Q9ULX7_WT;Q96FL8_WT;Q16790_WT,O43570_WT;P00918_WT;P23280_WT;P25021_WT;P43166_WT;Q8N1Q1_WT;Q16790_WT,O43570_WT;P00918_WT;P23280_WT;P25021_WT;P43166_WT,P43166_WT,P43166_WT,P43166_WT,,inactive
Acarbose,inactive,C[C@H]1O[C@H](O[C@@H]2[C@@H](CO)O[C@H](O[C@@H]3[C@@H](CO)OC(O)[C@H](O)[C@H]3O)[C@H](O)[C@H]2O)[C@H](O)[C@@H](O)[C@@H]1N[C@H]1C=C(CO)[C@@H](O)[C@H](O)[C@H]1O,spectrum,C[C@H]1O[C@H](O[C@H]2[C@H](O)[C@@H](O)[C@@H](O[C@H]3[C@H](O)[C@@H](O)C(O)O[C@@H]3CO)O[C@@H]2CO)[C@H](O)[C@@H](O)[C@@H]1N[C@H]1C=C(CO)[C@@H](O)[C@H](O)[C@H]1O,"InChI=1S/C25H43NO18/c1-6-11(26-8-2-7(3-27)12(30)15(33)13(8)31)14(32)19(37)24(40-6)43-22-10(5-29)42-25(20(38)17(22)35)44-21-9(4-28)41-23(39)18(36)16(21)34/h2,6,8-39H,3-5H2,1H3/t6-,8+,9-,10-,11-,12-,13+,14+,15+,16-,17-,18-,19-,20-,21-,22-,23?,24-,25-/m1/s1",XUFXOAAUWZOOIT-UGEKTDRHSA-N,XUFXOAAUWZOOIT,C[C@H]1O[C@H](O[C@H]2[C@H](O)[C@@H](O)[C@@H](O[C@H]3[C@H](O)[C@@H](O)C(O)O[C@@H]3CO)O[C@@H]2CO)[C@H](O)[C@@H](O)[C@@H]1N[C@H]1C=C(CO)[C@@H](O)[C@H](O)[C@H]1O,P0DUB6_WT,,,,,,,inactive
Levothyroxine,inactive,N[C@@H](Cc1cc(I)c(Oc2cc(I)c(O)c(I)c2)c(I)c1)C(=O)O,spectrum,NC(Cc1cc(I)c(Oc2cc(I)c(O)c(I)c2)c(I)c1)C(=O)O,"InChI=1S/C15H11I4NO4/c16-8-4-7(5-9(17)13(8)21)24-14-10(18)1-6(2-11(14)19)3-12(20)15(22)23/h1-2,4-5,12,21H,3,20H2,(H,22,23)",XUIIKFGFIJCVMT-UHFFFAOYSA-N,XUIIKFGFIJCVMT,NC(Cc1cc(I)c(Oc2cc(I)c(O)c(I)c2)c(I)c1)C(=O)O,P10827_WT;P10828_WT;P11511_WT;P18113_WT;Q9ERB5_WT,P10827_WT;P10828_WT;P11511_WT;P18113_WT;Q9ERB5_WT,P10827_WT;P11511_WT;P18113_WT,P10827_WT;P11511_WT;P18113_WT,P11511_WT;P18113_WT,P11511_WT,,inactive
Baricitinib,inactive,N1(CC(C1)(CC#N)N2N=CC(=C2)C3C4=C(N=CN=3)NC=C4)S(=O)(=O)CC,selleckchem,CCS(=O)(=O)N1CC(CC#N)(n2cc(-c3ncnc4[nH]ccc34)cn2)C1,"InChI=1S/C16H17N7O2S/c1-2-26(24,25)22-9-16(10-22,4-5-17)23-8-12(7-21-23)14-13-3-6-18-15(13)20-11-19-14/h3,6-8,11H,2,4,9-10H2,1H3,(H,18,19,20)",XUZMWHLSFXCVMG-UHFFFAOYSA-N,XUZMWHLSFXCVMG,CCS(=O)(=O)N1CC(CC#N)(n2cc(-c3ncnc4[nH]ccc34)cn2)C1,O60674_WT;O75116_WT;O75385_WT;O94973_WT;O95782_WT;P07949_WT;P23458_WT;P27448_WT;P29597_WT;P49759_WT;P52333_WT;P63010_WT;P78368_WT;Q2M2I8_WT;Q6ZSR9_WT;Q7KZI7_WT;Q8WZ60_WT;Q9BQI3_WT;Q9NSY1_WT;Q9NY27_WT;Q9UBS4_WT;Q9UHD8_WT;Q01844_WT;Q13464_WT;Q13470_WT;Q13555_WT;Q13557_WT;Q16512_WT;Q16513_WT,O60674_WT;O94973_WT;O95782_WT;P23458_WT;P27448_WT;P29597_WT;P63010_WT;P78368_WT;Q2M2I8_WT;Q6ZSR9_WT;Q7KZI7_WT;Q8WZ60_WT;Q9NSY1_WT;Q9NY27_WT;Q9UBS4_WT;Q9UHD8_WT;Q01844_WT;Q13555_WT;Q13557_WT;Q16512_WT;Q16513_WT,O60674_WT;O94973_WT;O95782_WT;P23458_WT;P29597_WT;Q2M2I8_WT;Q6ZSR9_WT;Q9NY27_WT;Q9UBS4_WT;Q9UHD8_WT;Q01844_WT,O60674_WT;O94973_WT;P23458_WT;Q01844_WT,O60674_WT;P23458_WT,,,inactive
Sclareol,inactive,C=C[C@](C)(O)CC[C@H]1[C@@](C)(O)CC[C@H]2C(C)(C)CCC[C@@]21C,spectrum,C=C[C@](C)(O)CC[C@@H]1[C@@]2(C)CCCC(C)(C)[C@@H]2CC[C@]1(C)O,"InChI=1S/C20H36O2/c1-7-18(4,21)13-9-16-19(5)12-8-11-17(2,3)15(19)10-14-20(16,6)22/h7,15-16,21-22H,1,8-14H2,2-6H3/t15-,16+,18-,19-,20-/m0/s1",XVULBTBTFGYVRC-DLRXZHIHSA-N,XVULBTBTFGYVRC,C=C[C@](C)(O)CC[C@@H]1[C@@]2(C)CCCC(C)(C)[C@@H]2CC[C@]1(C)O,,,,,,,,inactive
Terbutaline hemisulfate,inactive,CC(C)(C)NCC(O)c1cc(O)cc(O)c1,spectrum,CC(C)(C)NCC(O)c1cc(O)cc(O)c1,"InChI=1S/C12H19NO3/c1-12(2,3)13-7-11(16)8-4-9(14)6-10(15)5-8/h4-6,11,13-16H,7H2,1-3H3",XWTYSIMOBUGWOL-UHFFFAOYSA-N,XWTYSIMOBUGWOL,CC(C)(C)NCC(O)c1cc(O)cc(O)c1,P08684_WT,,,,,,,inactive
Nilutamide,inactive,CC1(C)NC(=O)N(c2ccc([N+](=O)[O-])c(C(F)(F)F)c2)C1=O,spectrum,CC1(C)NC(=O)N(c2ccc([N+](=O)[O-])c(C(F)(F)F)c2)C1=O,"InChI=1S/C12H10F3N3O4/c1-11(2)9(19)17(10(20)16-11)6-3-4-8(18(21)22)7(5-6)12(13,14)15/h3-5H,1-2H3,(H,16,20)",XWXYUMMDTVBTOU-UHFFFAOYSA-N,XWXYUMMDTVBTOU,CC1(C)NC(=O)N(c2ccc([N+](=O)[O-])c(C(F)(F)F)c2)C1=O,P10275_WT;P33261_WT,P10275_WT;P33261_WT,P10275_WT,,,,,inactive
Cediranib,inactive,C1(=C(C=C2C(=C1)C(=NC=N2)OC3=C(C4=C(C=C3)NC(=C4)C)F)OCCCN5CCCC5)OC,selleckchem,COc1cc2c(Oc3ccc4[nH]c(C)cc4c3F)ncnc2cc1OCCCN1CCCC1,"InChI=1S/C25H27FN4O3/c1-16-12-17-19(29-16)6-7-21(24(17)26)33-25-18-13-22(31-2)23(14-20(18)27-15-28-25)32-11-5-10-30-8-3-4-9-30/h6-7,12-15,29H,3-5,8-11H2,1-2H3",XXJWYDDUDKYVKI-UHFFFAOYSA-N,XXJWYDDUDKYVKI,COc1cc2c(Oc3ccc4[nH]c(C)cc4c3F)ncnc2cc1OCCCN1CCCC1,O15197_WT;O43353_WT;O75460_WT;O94804_WT;P00519_E255K;P00519_F317L;P00519_H396P;P00519_M351T;P00519_Q252H;P00519_T315I;P00519_WT;P00519_Y253F;P00533_A750P;P00533_G719C;P00533_G719S;P00533_L858R;P00533_L861Q;P00533_P753S;P00533_WT;P06239_WT;P06241_WT;P07333_WT;P07947_WT;P07948_WT;P07949_M918T;P07949_WT;P08581_M1250T;P08581_Y1235D;P08631_WT;P09619_WT;P10721_A829P;P10721_D816H;P10721_D816V;P10721_L576P;P10721_V559D;P10721_V559D_T670I;P10721_V559D_V654A;P10721_WT;P11362_WT;P12931_WT;P16234_WT;P17948_WT;P21802_WT;P21860_WT;P22455_WT;P22607_G697C;P22607_WT;P30530_WT;P35557_WT;P35590_WT;P35916_WT;P35968_WT;P42684_WT;P42685_WT;P51451_WT;Q8N4C8_WT;Q8TDR2_WT;Q9BYT3_WT;Q9H2G2_WT;Q9UF33_WT;Q9UKE5_WT;Q9ULC5_WT;Q9Y4K4_WT;Q56UN5_WT;Q02763_WT;Q06418_WT;Q08345_WT;Q12851_WT;Q13882_WT;Q15375_WT;Q16832_WT;Q92918_WT,O15197_WT;O43353_WT;O94804_WT;P00519_E255K;P00519_H396P;P00519_M351T;P00519_Q252H;P00519_T315I;P00519_WT;P00519_Y253F;P00533_G719C;P00533_G719S;P00533_L858R;P00533_L861Q;P06239_WT;P07333_WT;P07947_WT;P07948_WT;P07949_M918T;P07949_WT;P09619_WT;P10721_A829P;P10721_L576P;P10721_V559D;P10721_V559D_T670I;P10721_V559D_V654A;P10721_WT;P11362_WT;P12931_WT;P16234_WT;P17948_WT;P21802_WT;P21860_WT;P22607_G697C;P22607_WT;P35590_WT;P35916_WT;P35968_WT;P42685_WT;P51451_WT;Q8TDR2_WT;Q9H2G2_WT;Q9UF33_WT;Q9ULC5_WT;Q9Y4K4_WT;Q56UN5_WT;Q02763_WT;Q08345_WT;Q13882_WT;Q16832_WT,O43353_WT;P00519_E255K;P00519_H396P;P00519_M351T;P00519_Q252H;P00519_T315I;P00519_Y253F;P00533_G719S;P06239_WT;P07333_WT;P07947_WT;P07949_M918T;P07949_WT;P09619_WT;P10721_A829P;P10721_L576P;P10721_V559D;P10721_V559D_T670I;P10721_V559D_V654A;P10721_WT;P11362_WT;P12931_WT;P16234_WT;P17948_WT;P21802_WT;P22607_G697C;P22607_WT;P35916_WT;P35968_WT;Q8TDR2_WT;Q9H2G2_WT;Q9UF33_WT;Q9ULC5_WT;Q08345_WT,P07949_M918T;P07949_WT;P09619_WT;P10721_L576P;P10721_V559D;P10721_V559D_T670I;P10721_V559D_V654A;P10721_WT;P16234_WT;P17948_WT;P22607_WT;P35916_WT;P35968_WT;Q8TDR2_WT;Q9H2G2_WT;Q9ULC5_WT;Q08345_WT,P07949_M918T;P09619_WT;P10721_L576P;P10721_V559D;P10721_V559D_T670I;P10721_V559D_V654A;P17948_WT;P35916_WT;P35968_WT;Q8TDR2_WT;Q9ULC5_WT,P10721_L576P;P10721_V559D;P10721_V559D_T670I;P10721_V559D_V654A;P17948_WT;P35968_WT,P10721_L576P;P10721_V559D;P10721_V559D_T670I;P10721_V559D_V654A,inactive
Nomifensine maleate,inactive,CN1Cc2c(cccc2N)C(c2ccccc2)C1,spectrum,CN1Cc2c(N)cccc2C(c2ccccc2)C1,"InChI=1S/C16H18N2/c1-18-10-14(12-6-3-2-4-7-12)13-8-5-9-16(17)15(13)11-18/h2-9,14H,10-11,17H2,1H3",XXPANQJNYNUNES-UHFFFAOYSA-N,XXPANQJNYNUNES,CN1Cc2c(N)cccc2C(c2ccccc2)C1,P23975_WT;P23977_WT;P28482_WT;P31652_WT;P51450_WT;Q9WTR4_WT;Q01959_WT;Q63380_WT,P23975_WT;P23977_WT;P28482_WT;P51450_WT;Q9WTR4_WT;Q01959_WT;Q63380_WT,P23975_WT;P23977_WT;P28482_WT;P51450_WT;Q9WTR4_WT;Q01959_WT;Q63380_WT,P23975_WT;P28482_WT;P51450_WT;Q9WTR4_WT;Q01959_WT;Q63380_WT,P28482_WT;P51450_WT;Q9WTR4_WT;Q63380_WT,P28482_WT;P51450_WT,,inactive
Hydroxychloroquine sulfate,inactive,CCN(CCO)CCCC(C)Nc1c2ccc(Cl)cc2ncc1,spectrum,CCN(CCO)CCCC(C)Nc1ccnc2cc(Cl)ccc12,"InChI=1S/C18H26ClN3O/c1-3-22(11-12-23)10-4-5-14(2)21-17-8-9-20-18-13-15(19)6-7-16(17)18/h6-9,13-14,23H,3-5,10-12H2,1-2H3,(H,20,21)",XXSMGPRMXLTPCZ-UHFFFAOYSA-N,XXSMGPRMXLTPCZ,CCN(CCO)CCCC(C)Nc1ccnc2cc(Cl)ccc12,Q9NR96_WT;Q99720_WT,Q9NR96_WT;Q99720_WT,,,,,,inactive
Nifursol,inactive,O=C(N/N=C/c1ccc([N+](=O)[O-])o1)c1cc([N+](=O)[O-])cc([N+](=O)[O-])c1O,spectrum,O=C(N/N=C/c1ccc([N+](=O)[O-])o1)c1cc([N+](=O)[O-])cc([N+](=O)[O-])c1O,"InChI=1S/C12H7N5O9/c18-11-8(3-6(15(20)21)4-9(11)16(22)23)12(19)14-13-5-7-1-2-10(26-7)17(24)25/h1-5,18H,(H,14,19)/b13-5+",XXUXXCZCUGIGPP-WLRTZDKTSA-N,XXUXXCZCUGIGPP,O=C(N/N=C/c1ccc([N+](=O)[O-])o1)c1cc([N+](=O)[O-])cc([N+](=O)[O-])c1O,,,,,,,,inactive
Pci-32765,inactive,C1=NC(=C2C(=N1)N(N=C2C3=CC=C(C=C3)OC4=CC=CC=C4)[C@H]5CN(CCC5)C(C=C)=O)N,selleckchem,C=CC(=O)N1CCC[C@@H](n2nc(-c3ccc(Oc4ccccc4)cc3)c3c(N)ncnc32)C1,"InChI=1S/C25H24N6O2/c1-2-21(32)30-14-6-7-18(15-30)31-25-22(24(26)27-16-28-25)23(29-31)17-10-12-20(13-11-17)33-19-8-4-3-5-9-19/h2-5,8-13,16,18H,1,6-7,14-15H2,(H2,26,27,28)/t18-/m1/s1",XYFPWWZEPKGCCK-GOSISDBHSA-N,XYFPWWZEPKGCCK,C=CC(=O)N1CCC[C@@H](n2nc(-c3ccc(Oc4ccccc4)cc3)c3c(N)ncnc32)C1,O43353_WT;P00533_WT;P04626_WT;P06239_WT;P06241_WT;P07947_WT;P07948_WT;P07949_WT;P08631_WT;P09769_WT;P12931_WT;P21802_WT;P41240_WT;P42680_WT;P42681_WT;P42684_WT;P42685_WT;P51451_WT;P51813_WT;P52333_WT;Q9BRX8_WT;Q9HCN6_WT;Q9NWQ8_WT;Q9Y572_WT;Q06187_WT;Q08881_WT;Q13163_WT;Q13432_WT;Q13882_WT;Q15303_WT;Q92570_WT,O43353_WT;P00533_WT;P04626_WT;P06239_WT;P06241_WT;P07947_WT;P07948_WT;P08631_WT;P09769_WT;P12931_WT;P21802_WT;P42680_WT;P42681_WT;P42685_WT;P51451_WT;P51813_WT;P52333_WT;Q9HCN6_WT;Q9NWQ8_WT;Q9Y572_WT;Q06187_WT;Q08881_WT;Q13163_WT;Q13432_WT;Q13882_WT;Q15303_WT;Q92570_WT,O43353_WT;P00533_WT;P04626_WT;P06239_WT;P07947_WT;P08631_WT;P09769_WT;P12931_WT;P42680_WT;P42681_WT;P51451_WT;P51813_WT;P52333_WT;Q9Y572_WT;Q06187_WT;Q08881_WT;Q13432_WT;Q13882_WT;Q15303_WT;Q92570_WT,P00533_WT;P04626_WT;P07947_WT;P08631_WT;P09769_WT;P42680_WT;P42681_WT;P51451_WT;P51813_WT;P52333_WT;Q06187_WT;Q08881_WT;Q13432_WT;Q13882_WT;Q15303_WT,P04626_WT;P09769_WT;P42680_WT;P42681_WT;P51451_WT;P51813_WT;Q06187_WT;Q13432_WT;Q15303_WT,P09769_WT;P42681_WT;P51451_WT;P51813_WT;Q06187_WT;Q15303_WT,P51451_WT;P51813_WT,inactive
Tepoxalin,inactive,COc1ccc(-n2nc(CCC(=O)N(C)O)cc2-c2ccc(Cl)cc2)cc1,spectrum,COc1ccc(-n2nc(CCC(=O)N(C)O)cc2-c2ccc(Cl)cc2)cc1,"InChI=1S/C20H20ClN3O3/c1-23(26)20(25)12-7-16-13-19(14-3-5-15(21)6-4-14)24(22-16)17-8-10-18(27-2)11-9-17/h3-6,8-11,13,26H,7,12H2,1-2H3",XYKWNRUXCOIMFZ-UHFFFAOYSA-N,XYKWNRUXCOIMFZ,COc1ccc(-n2nc(CCC(=O)N(C)O)cc2-c2ccc(Cl)cc2)cc1,P09917_WT;P12527_WT,P09917_WT,P09917_WT,,,,,inactive
Lagochilin,inactive,C[C@@H]1CCC2[C@](C)(CC[C@H](O)[C@@]2(C)CO)[C@@]12CC[C@@](CO)(CCO)O2,spectrum,C[C@@H]1CCC2[C@](C)(CO)[C@@H](O)CC[C@]2(C)[C@@]12CC[C@@](CO)(CCO)O2,"InChI=1S/C20H36O5/c1-14-4-5-15-17(2,12-22)16(24)6-7-18(15,3)20(14)9-8-19(13-23,25-20)10-11-21/h14-16,21-24H,4-13H2,1-3H3/t14-,15?,16+,17+,18+,19+,20-/m1/s1",XYPPDQHBNJURHU-RHFXQVJCSA-N,XYPPDQHBNJURHU,C[C@@H]1CCC2[C@](C)(CO)[C@@H](O)CC[C@]2(C)[C@@]12CC[C@@](CO)(CCO)O2,,,,,,,,inactive
Apramycin sulfate,inactive,CN[C@@H]1[C@@H](O[C@H]2O[C@H](CO)[C@@H](N)[C@H](O)[C@H]2O)O[C@H]2C[C@@H](N)[C@H](O[C@@H]3[C@@H](N)C[C@@H](N)[C@H](O)[C@H]3O)O[C@@H]2[C@@H]1O,spectrum,CN[C@@H]1[C@@H](O[C@H]2O[C@H](CO)[C@@H](N)[C@H](O)[C@H]2O)O[C@H]2C[C@@H](N)[C@H](O[C@H]3[C@H](O)[C@@H](O)[C@H](N)C[C@@H]3N)O[C@@H]2[C@@H]1O,"InChI=1S/C21H41N5O11/c1-26-11-14(30)18-8(33-20(11)37-21-16(32)13(29)10(25)9(4-27)34-21)3-7(24)19(36-18)35-17-6(23)2-5(22)12(28)15(17)31/h5-21,26-32H,2-4,22-25H2,1H3/t5-,6+,7-,8+,9-,10-,11+,12+,13+,14-,15-,16-,17-,18+,19-,20-,21-/m1/s1",XZNUGFQTQHRASN-XYPKRARZSA-N,XZNUGFQTQHRASN,CN[C@@H]1[C@@H](O[C@H]2O[C@H](CO)[C@@H](N)[C@H](O)[C@H]2O)O[C@H]2C[C@@H](N)[C@H](O[C@H]3[C@H](O)[C@@H](O)[C@H](N)C[C@@H]3N)O[C@@H]2[C@@H]1O,,,,,,,,inactive
Meclofenoxate hydrochloride,inactive,CN(C)CCOC(=O)COc1ccc(Cl)cc1,spectrum,CN(C)CCOC(=O)COc1ccc(Cl)cc1,"InChI=1S/C12H16ClNO3/c1-14(2)7-8-16-12(15)9-17-11-5-3-10(13)4-6-11/h3-6H,7-9H2,1-2H3",XZTYGFHCIAKPGJ-UHFFFAOYSA-N,XZTYGFHCIAKPGJ,CN(C)CCOC(=O)COc1ccc(Cl)cc1,,,,,,,,inactive
Actinoquinol sodium,inactive,CCOc1c2ncccc2c(S(=O)(=O)O)cc1,spectrum,CCOc1ccc(S(=O)(=O)O)c2cccnc12,"InChI=1S/C11H11NO4S/c1-2-16-9-5-6-10(17(13,14)15)8-4-3-7-12-11(8)9/h3-7H,2H2,1H3,(H,13,14,15)",YAMVZYRZAMBCED-UHFFFAOYSA-N,YAMVZYRZAMBCED,CCOc1ccc(S(=O)(=O)O)c2cccnc12,,,,,,,,inactive
Anastrozole,inactive,CC(C)(C#N)c1cc(C(C)(C)C#N)cc(Cn2cncn2)c1,spectrum,CC(C)(C#N)c1cc(Cn2cncn2)cc(C(C)(C)C#N)c1,"InChI=1S/C17H19N5/c1-16(2,9-18)14-5-13(8-22-12-20-11-21-22)6-15(7-14)17(3,4)10-19/h5-7,11-12H,8H2,1-4H3",YBBLVLTVTVSKRW-UHFFFAOYSA-N,YBBLVLTVTVSKRW,CC(C)(C#N)c1cc(Cn2cncn2)cc(C(C)(C)C#N)c1,P11511_WT,P11511_WT,P11511_WT,P11511_WT,P11511_WT,,,inactive
Octinoxate,inactive,CCCC[C@@H](CC)COC(=O)/C=C/c1ccc(OC)cc1,spectrum,CCCC[C@@H](CC)COC(=O)/C=C/c1ccc(OC)cc1,"InChI=1S/C18H26O3/c1-4-6-7-15(5-2)14-21-18(19)13-10-16-8-11-17(20-3)12-9-16/h8-13,15H,4-7,14H2,1-3H3/b13-10+/t15-/m1/s1",YBGZDTIWKVFICR-NRMKIYEFSA-N,YBGZDTIWKVFICR,CCCC[C@@H](CC)COC(=O)/C=C/c1ccc(OC)cc1,P51450_WT,P51450_WT,P51450_WT,,,,,inactive
Berberine chloride,inactive,COc1c(OC)c2c[n+]3c(cc2cc1)-c1cc2c(cc1CC3)OCO2,spectrum,COc1ccc2cc3[n+](cc2c1OC)CCc1cc2c(cc1-3)OCO2,"InChI=1S/C20H18NO4/c1-22-17-4-3-12-7-16-14-9-19-18(24-11-25-19)8-13(14)5-6-21(16)10-15(12)20(17)23-2/h3-4,7-10H,5-6,11H2,1-2H3/q+1",YBHILYKTIRIUTE-UHFFFAOYSA-N,YBHILYKTIRIUTE,COc1ccc2cc3[n+](cc2c1OC)CCc1cc2c(cc1-3)OCO2,P18089_WT;P22303_WT;Q9NUW8_WT;Q16678_WT;Q99720_WT,Q16678_WT,,,,,,inactive
Biotin,inactive,O=C(O)CCCCC1SCC2NC(=O)NC21,spectrum,O=C(O)CCCCC1SCC2NC(=O)NC21,"InChI=1S/C10H16N2O3S/c13-8(14)4-2-1-3-7-9-6(5-16-7)11-10(15)12-9/h6-7,9H,1-5H2,(H,13,14)(H2,11,12,15)",YBJHBAHKTGYVGT-UHFFFAOYSA-N,YBJHBAHKTGYVGT,O=C(O)CCCCC1SCC2NC(=O)NC21,Q9NUW8_WT;Q9UIF8_WT,Q9NUW8_WT,Q9NUW8_WT,Q9NUW8_WT,,,,inactive
Vatalanib 2HCl,inactive,Clc1ccc(Nc2nnc(Cc3ccncc3)c3ccccc23)cc1,selleckchem,Clc1ccc(Nc2nnc(Cc3ccncc3)c3ccccc23)cc1,"InChI=1S/C20H15ClN4/c21-15-5-7-16(8-6-15)23-20-18-4-2-1-3-17(18)19(24-25-20)13-14-9-11-22-12-10-14/h1-12H,13H2,(H,23,25)",YCOYDOIWSSHVCK-UHFFFAOYSA-N,YCOYDOIWSSHVCK,Clc1ccc(Nc2nnc(Cc3ccncc3)c3ccccc23)cc1,P07333_WT;P09619_WT;P10721_L576P;P10721_V559D;P10721_WT;P16234_WT;P17948_WT;P35869_WT;P35916_WT;P35968_WT;P49761_WT;Q08345_WT,P07333_WT;P09619_WT;P10721_L576P;P10721_WT;P16234_WT;P17948_WT;P35916_WT;P35968_WT;Q08345_WT,P07333_WT;P09619_WT;P17948_WT;P35968_WT,,,,,inactive
Nifuroxazide,inactive,O=C(N/N=C/c1ccc([N+](=O)[O-])o1)c1ccc(O)cc1,spectrum,O=C(N/N=C/c1ccc([N+](=O)[O-])o1)c1ccc(O)cc1,"InChI=1S/C12H9N3O5/c16-9-3-1-8(2-4-9)12(17)14-13-7-10-5-6-11(20-10)15(18)19/h1-7,16H,(H,14,17)/b13-7+",YCWSUKQGVSGXJO-NTUHNPAUSA-N,YCWSUKQGVSGXJO,O=C(N/N=C/c1ccc([N+](=O)[O-])o1)c1ccc(O)cc1,,,,,,,,inactive
Palomid 529,inactive,C1=C(C=CC(=C1)COC2=C(C=C3C(=C2)OC(C4=C3C=CC(=C4)C(C)O)=O)OC)OC,selleckchem,COc1ccc(COc2cc3oc(=O)c4cc(C(C)O)ccc4c3cc2OC)cc1,"InChI=1S/C24H22O6/c1-14(25)16-6-9-18-19-11-22(28-3)23(12-21(19)30-24(26)20(18)10-16)29-13-15-4-7-17(27-2)8-5-15/h4-12,14,25H,13H2,1-3H3",YEAHTLOYHVWAKW-UHFFFAOYSA-N,YEAHTLOYHVWAKW,COc1ccc(COc2cc3oc(=O)c4cc(C(C)O)ccc4c3cc2OC)cc1,,,,,,,,inactive
Pyrilamine maleate,inactive,COc1ccc(CN(CCN(C)C)c2ncccc2)cc1,spectrum,COc1ccc(CN(CCN(C)C)c2ccccn2)cc1,"InChI=1S/C17H23N3O/c1-19(2)12-13-20(17-6-4-5-11-18-17)14-15-7-9-16(21-3)10-8-15/h4-11H,12-14H2,1-3H3",YECBIJXISLIIDS-UHFFFAOYSA-N,YECBIJXISLIIDS,COc1ccc(CN(CCN(C)C)c2ccccn2)cc1,P03372_WT;P08684_WT;P10635_WT;P28223_WT;P28335_WT;P31390_WT;P31645_WT;P35367_WT;Q01959_WT,P03372_WT;P10635_WT;P31390_WT;P31645_WT;P35367_WT,P03372_WT;P31390_WT;P31645_WT;P35367_WT,P03372_WT;P31390_WT;P35367_WT,P31390_WT;P35367_WT,P35367_WT,,inactive
Cycloveratrylene,inactive,COc1cc2c(cc1OC)Cc1c(cc(OC)c(OC)c1)Cc1c(cc(OC)c(OC)c1)C2,spectrum,COc1cc2c(cc1OC)Cc1cc(OC)c(OC)cc1Cc1cc(OC)c(OC)cc1C2,"InChI=1S/C27H30O6/c1-28-22-10-16-7-18-12-24(30-3)26(32-5)14-20(18)9-21-15-27(33-6)25(31-4)13-19(21)8-17(16)11-23(22)29-2/h10-15H,7-9H2,1-6H3",YECHEDVCXXVLIY-UHFFFAOYSA-N,YECHEDVCXXVLIY,COc1cc2c(cc1OC)Cc1cc(OC)c(OC)cc1Cc1cc(OC)c(OC)cc1C2,,,,,,,,inactive
Pergolide mesylate,inactive,CCCN1C[C@H](CSC)C[C@@H]2c3c4c(c[nH]c4ccc3)C[C@H]21,spectrum,CCCN1C[C@H](CSC)C[C@@H]2c3cccc4[nH]cc(c34)C[C@H]21,"InChI=1S/C19H26N2S/c1-3-7-21-11-13(12-22-2)8-16-15-5-4-6-17-19(15)14(10-20-17)9-18(16)21/h4-6,10,13,16,18,20H,3,7-9,11-12H2,1-2H3/t13-,16-,18-/m1/s1",YEHCICAEULNIGD-MZMPZRCHSA-N,YEHCICAEULNIGD,CCCN1C[C@H](CSC)C[C@@H]2c3cccc4[nH]cc(c34)C[C@H]21,P08908_WT;P08913_WT;P10635_WT;P14416_WT;P18089_WT;P18825_WT;P19020_WT;P19327_WT;P21728_WT;P28223_WT;P28335_WT;P28564_WT;P35363_WT;P35462_WT;P41595_WT;P50406_WT;P61169_WT;Q12809_WT,P08908_WT;P08913_WT;P10635_WT;P14416_WT;P18089_WT;P19020_WT;P19327_WT;P28223_WT;P28335_WT;P28564_WT;P35363_WT;P35462_WT;P41595_WT;P50406_WT;P61169_WT;Q12809_WT,P08908_WT;P14416_WT;P18089_WT;P19020_WT;P19327_WT;P28223_WT;P28564_WT;P35363_WT;P35462_WT;P41595_WT;P50406_WT;P61169_WT,P08908_WT;P14416_WT;P19020_WT;P19327_WT;P28223_WT;P35363_WT;P35462_WT;P50406_WT;P61169_WT,P08908_WT;P19020_WT;P28223_WT;P35363_WT;P35462_WT,P35462_WT,,inactive
Tolfenamic acid,inactive,Cc1c(Nc2c(C(=O)O)cccc2)cccc1Cl,spectrum,Cc1c(Cl)cccc1Nc1ccccc1C(=O)O,"InChI=1S/C14H12ClNO2/c1-9-11(15)6-4-8-12(9)16-13-7-3-2-5-10(13)14(17)18/h2-8,16H,1H3,(H,17,18)",YEZNLOUZAIOMLT-UHFFFAOYSA-N,YEZNLOUZAIOMLT,Cc1c(Cl)cccc1Nc1ccccc1C(=O)O,P42330_WT,P42330_WT,P42330_WT,P42330_WT,P42330_WT,,,inactive
Dicloxacillin sodium,inactive,Cc1c(C(=O)N[C@@H]2C(=O)N3[C@@H](C(=O)O)C(C)(C)S[C@H]23)c(-c2c(Cl)cccc2Cl)no1,spectrum,Cc1onc(-c2c(Cl)cccc2Cl)c1C(=O)NC1C(=O)N2C(C(=O)O)C(C)(C)S[C@H]12,"InChI=1S/C19H17Cl2N3O5S/c1-7-10(12(23-29-7)11-8(20)5-4-6-9(11)21)15(25)22-13-16(26)24-14(18(27)28)19(2,3)30-17(13)24/h4-6,13-14,17H,1-3H3,(H,22,25)(H,27,28)/t13?,14?,17-/m1/s1",YFAGHNZHGGCZAX-MQBCKMQZSA-N,YFAGHNZHGGCZAX,Cc1onc(-c2c(Cl)cccc2Cl)c1C(=O)NC1C(=O)N2C(C(=O)O)C(C)(C)S[C@H]12,Q9Y6L6_WT,,,,,,,inactive
Kynurenine,inactive,Nc1c(C(=O)CC(N)C(=O)O)cccc1,spectrum,Nc1ccccc1C(=O)CC(N)C(=O)O,"InChI=1S/C10H12N2O3/c11-7-4-2-1-3-6(7)9(13)5-8(12)10(14)15/h1-4,8H,5,11-12H2,(H,14,15)",YGPSJZOEDVAXAB-UHFFFAOYSA-N,YGPSJZOEDVAXAB,Nc1ccccc1C(=O)CC(N)C(=O)O,,,,,,,,inactive
2-methoxy-5epoxy-tetrahydrocaryophyllene,inactive,COC1(C)CCC2OC2(C)CCC2C1CC2(C)C,spectrum,COC1(C)CCC2OC2(C)CCC2C1CC2(C)C,"InChI=1S/C16H28O2/c1-14(2)10-12-11(14)6-8-16(4)13(18-16)7-9-15(12,3)17-5/h11-13H,6-10H2,1-5H3",YJNLRCNFLREHBK-UHFFFAOYSA-N,YJNLRCNFLREHBK,COC1(C)CCC2OC2(C)CCC2C1CC2(C)C,,,,,,,,inactive
Ractopamine hydrochloride,inactive,CC(CCc1ccc(O)cc1)NCC(O)c1ccc(O)cc1,spectrum,CC(CCc1ccc(O)cc1)NCC(O)c1ccc(O)cc1,"InChI=1S/C18H23NO3/c1-13(2-3-14-4-8-16(20)9-5-14)19-12-18(22)15-6-10-17(21)11-7-15/h4-11,13,18-22H,2-3,12H2,1H3",YJQZYXCXBBCEAQ-UHFFFAOYSA-N,YJQZYXCXBBCEAQ,CC(CCc1ccc(O)cc1)NCC(O)c1ccc(O)cc1,P07550_WT,P07550_WT,,,,,,inactive
Gedunin,inactive,CC(=O)O[C@@H]1CC2C(C)(C)C(=O)C=C[C@]2(C)C2CC[C@@]3(C)[C@H](c4cocc4)OC(=O)[C@H]4O[C@]43[C@@]21C,spectrum,CC(=O)O[C@@H]1CC2C(C)(C)C(=O)C=C[C@]2(C)C2CC[C@@]3(C)[C@H](c4ccoc4)OC(=O)C4O[C@]43[C@@]21C,"InChI=1S/C28H34O7/c1-15(29)33-20-13-18-24(2,3)19(30)8-10-25(18,4)17-7-11-26(5)21(16-9-12-32-14-16)34-23(31)22-28(26,35-22)27(17,20)6/h8-10,12,14,17-18,20-22H,7,11,13H2,1-6H3/t17?,18?,20-,21+,22?,25-,26+,27+,28-/m1/s1",YJXDGWUNRYLINJ-RMTSDEFYSA-N,YJXDGWUNRYLINJ,CC(=O)O[C@@H]1CC2C(C)(C)C(=O)C=C[C@]2(C)C2CC[C@@]3(C)[C@H](c4ccoc4)OC(=O)C4O[C@]43[C@@]21C,,,,,,,,inactive
Capsaicin,inactive,COc1c(O)ccc(CNC(=O)CCCC/C=C/C(C)C)c1,spectrum,COc1cc(CNC(=O)CCCC/C=C/C(C)C)ccc1O,"InChI=1S/C18H27NO3/c1-14(2)8-6-4-5-7-9-18(21)19-13-15-10-11-16(20)17(12-15)22-3/h6,8,10-12,14,20H,4-5,7,9,13H2,1-3H3,(H,19,21)/b8-6+",YKPUWZUDDOIDPM-SOFGYWHQSA-N,YKPUWZUDDOIDPM,COc1cc(CNC(=O)CCCC/C=C/C(C)C)ccc1O,Q8NER1_WT,Q8NER1_WT,Q8NER1_WT,,,,,inactive
Atranorin,inactive,COC(=O)c1c(C)cc(OC(=O)c2c(O)c(C=O)c(O)cc2C)c(C)c1O,spectrum,COC(=O)c1c(C)cc(OC(=O)c2c(C)cc(O)c(C=O)c2O)c(C)c1O,"InChI=1S/C19H18O8/c1-8-5-12(21)11(7-20)17(23)15(8)19(25)27-13-6-9(2)14(18(24)26-4)16(22)10(13)3/h5-7,21-23H,1-4H3",YLOYKYXNDHOHHT-UHFFFAOYSA-N,YLOYKYXNDHOHHT,COC(=O)c1c(C)cc(OC(=O)c2c(C)cc(O)c(C=O)c2O)c(C)c1O,,,,,,,,inactive
Ramelteon,inactive,CCC(=O)NCC[C@@H]1CCc2c1c1c(cc2)OCC1,spectrum,CCC(=O)NCC[C@@H]1CCc2ccc3c(c21)CCO3,"InChI=1S/C16H21NO2/c1-2-15(18)17-9-7-12-4-3-11-5-6-14-13(16(11)12)8-10-19-14/h5-6,12H,2-4,7-10H2,1H3,(H,17,18)/t12-/m0/s1",YLXDSYKOBKBWJQ-LBPRGKRZSA-N,YLXDSYKOBKBWJQ,CCC(=O)NCC[C@@H]1CCc2ccc3c(c21)CCO3,P48039_WT;P49286_WT,P48039_WT;P49286_WT,P48039_WT;P49286_WT,P48039_WT;P49286_WT,P48039_WT;P49286_WT,P48039_WT;P49286_WT,P48039_WT;P49286_WT,inactive
Fenofibrate,inactive,CC(C)OC(=O)C(C)(C)Oc1ccc(C(=O)c2ccc(Cl)cc2)cc1,spectrum,CC(C)OC(=O)C(C)(C)Oc1ccc(C(=O)c2ccc(Cl)cc2)cc1,"InChI=1S/C20H21ClO4/c1-13(2)24-19(23)20(3,4)25-17-11-7-15(8-12-17)18(22)14-5-9-16(21)10-6-14/h5-13H,1-4H3",YMTINGFKWWXKFG-UHFFFAOYSA-N,YMTINGFKWWXKFG,CC(C)OC(=O)C(C)(C)Oc1ccc(C(=O)c2ccc(Cl)cc2)cc1,P02692_WT,P02692_WT,,,,,,inactive
Clemastine fumarate,inactive,CN1CCC[C@@H]1CCO[C@](C)(c1ccccc1)c1ccc(Cl)cc1,spectrum,CN1CCC[C@@H]1CCO[C@](C)(c1ccccc1)c1ccc(Cl)cc1,"InChI=1S/C21H26ClNO/c1-21(17-7-4-3-5-8-17,18-10-12-19(22)13-11-18)24-16-14-20-9-6-15-23(20)2/h3-5,7-8,10-13,20H,6,9,14-16H2,1-2H3/t20-,21-/m1/s1",YNNUSGIPVFPVBX-NHCUHLMSSA-N,YNNUSGIPVFPVBX,CN1CCC[C@@H]1CCO[C@](C)(c1ccccc1)c1ccc(Cl)cc1,P08172_WT;P08173_WT;P08482_WT;P08912_WT;P08913_WT;P11229_WT;P14416_WT;P15823_WT;P18089_WT;P18825_WT;P20309_WT;P25021_WT;P25100_WT;P28223_WT;P28335_WT;P28564_WT;P35367_WT;P35462_WT;P41595_WT;P43140_WT;P50406_WT;Q5BJF2_WT;Q01959_WT;Q12809_WT;Q99720_WT,P08172_WT;P08173_WT;P08482_WT;P08912_WT;P08913_WT;P11229_WT;P14416_WT;P15823_WT;P18825_WT;P20309_WT;P25100_WT;P28223_WT;P28335_WT;P28564_WT;P35367_WT;P35462_WT;P41595_WT;P43140_WT;P50406_WT;Q5BJF2_WT;Q12809_WT;Q99720_WT,P08173_WT;P08912_WT;P11229_WT;P14416_WT;P15823_WT;P20309_WT;P25100_WT;P28223_WT;P28335_WT;P35367_WT;P35462_WT;P41595_WT;P43140_WT;P50406_WT;Q5BJF2_WT;Q99720_WT,P08912_WT;P11229_WT;P25100_WT;P28223_WT;P35367_WT;P35462_WT;P41595_WT;Q5BJF2_WT;Q99720_WT,P35367_WT;P35462_WT,P35367_WT,P35367_WT,inactive
Hydrastinine hydrochloride,inactive,CN1CCc2c(cc3OCOc3c2)C1O,spectrum,CN1CCc2cc3c(cc2C1O)OCO3,"InChI=1S/C11H13NO3/c1-12-3-2-7-4-9-10(15-6-14-9)5-8(7)11(12)13/h4-5,11,13H,2-3,6H2,1H3",YOJQZPVUNUQTDF-UHFFFAOYSA-N,YOJQZPVUNUQTDF,CN1CCc2cc3c(cc2C1O)OCO3,,,,,,,,inactive
Irbesartan,inactive,CCCCC1=NC2(CCCC2)C(=O)N1Cc1ccc(-c2ccccc2-c2nnn[nH]2)cc1,spectrum,CCCCC1=NC2(CCCC2)C(=O)N1Cc1ccc(-c2ccccc2-c2nn[nH]n2)cc1,"InChI=1S/C25H28N6O/c1-2-3-10-22-26-25(15-6-7-16-25)24(32)31(22)17-18-11-13-19(14-12-18)20-8-4-5-9-21(20)23-27-29-30-28-23/h4-5,8-9,11-14H,2-3,6-7,10,15-17H2,1H3,(H,27,28,29,30)",YOSHYTLCDANDAN-UHFFFAOYSA-N,YOSHYTLCDANDAN,CCCCC1=NC2(CCCC2)C(=O)N1Cc1ccc(-c2ccccc2-c2nn[nH]n2)cc1,P29089_WT;P30556_WT;Q9NPC1_WT,P29089_WT;P30556_WT,P29089_WT;P30556_WT,P29089_WT;P30556_WT,P29089_WT;P30556_WT,P29089_WT,,inactive
Fissinolide,inactive,COC(=O)C[C@H]1C(C)(C)[C@@H](OC(C)=O)[C@@H]2CC3=C4CC(=O)O[C@@H](c5cocc5)[C@]4(C)CCC3[C@]1(C)C2=O,spectrum,COC(=O)C[C@H]1C(C)(C)[C@@H](OC(C)=O)C2CC3=C4CC(=O)O[C@@H](c5ccoc5)[C@]4(C)CCC3[C@]1(C)C2=O,"InChI=1S/C29H36O8/c1-15(30)36-26-18-11-17-19(29(5,24(18)33)21(27(26,2)3)13-22(31)34-6)7-9-28(4)20(17)12-23(32)37-25(28)16-8-10-35-14-16/h8,10,14,18-19,21,25-26H,7,9,11-13H2,1-6H3/t18?,19?,21-,25-,26-,28+,29-/m0/s1",YOTCKRFNSMJTGD-RMEAPAGNSA-N,YOTCKRFNSMJTGD,COC(=O)C[C@H]1C(C)(C)[C@@H](OC(C)=O)C2CC3=C4CC(=O)O[C@@H](c5ccoc5)[C@]4(C)CCC3[C@]1(C)C2=O,,,,,,,,inactive
Gdc-0980,reducer,C1(=CN=C(N=C1)N)C2=NC(=C3C(=N2)C(=C(S3)CN4CCN(CC4)C([C@@H](O)C)=O)C)N5CCOCC5,selleckchem,Cc1c(CN2CCN(C(=O)C(C)O)CC2)sc2c(N3CCOCC3)nc(-c3cnc(N)nc3)nc12,"InChI=1S/C23H30N8O3S/c1-14-17(13-29-3-5-31(6-4-29)22(33)15(2)32)35-19-18(14)27-20(16-11-25-23(24)26-12-16)28-21(19)30-7-9-34-10-8-30/h11-12,15,32H,3-10,13H2,1-2H3,(H2,24,25,26)",YOVVNQKCSKSHKT-UHFFFAOYSA-N,YOVVNQKCSKSHKT,Cc1c(CN2CCN(C(=O)C(C)O)CC2)sc2c(N3CCOCC3)nc(-c3cnc(N)nc3)nc12,O00329_WT;O00750_WT;O96013_WT;P00519_WT;P09769_WT;P23458_WT;P42336_WT;P42338_WT;P42345_WT;P42680_WT;P43405_WT;P48736_WT;P80192_WT;Q6PHR2_WT;Q8NEB9_WT,O00329_WT;P23458_WT;P42336_WT;P42338_WT;P42345_WT;P43405_WT;P48736_WT;P80192_WT;Q8NEB9_WT,O00329_WT;P23458_WT;P42336_WT;P42338_WT;P42345_WT;P48736_WT,O00329_WT;P23458_WT;P42336_WT;P42338_WT;P42345_WT;P48736_WT,O00329_WT;P42336_WT,,,reducer
Cycloheximide,reducer,C[C@H]1C[C@H](C)C(=O)[C@H]([C@H](O)CC2CC(=O)NC(=O)C2)C1,spectrum,CC1C[C@H](C)CC([C@H](O)CC2CC(=O)NC(=O)C2)C1=O,"InChI=1S/C15H23NO4/c1-8-3-9(2)15(20)11(4-8)12(17)5-10-6-13(18)16-14(19)7-10/h8-12,17H,3-7H2,1-2H3,(H,16,18,19)/t8-,9?,11?,12+/m0/s1",YPHMISFOHDHNIV-IKPXDILTSA-N,YPHMISFOHDHNIV,CC1C[C@H](C)CC([C@H](O)CC2CC(=O)NC(=O)C2)C1=O,O15118_WT;P03372_WT;P10276_WT;P11166_WT;P11511_WT;P13569_WT;P18113_WT;P28482_WT;P35869_WT;P38532_WT;P42858_WT;P43220_WT;P51151_WT;P51450_WT;P60842_WT;P84022_WT;Q9NUW8_WT,P10276_WT;P11166_WT;P18113_WT;P28482_WT;P51450_WT;P60842_WT;Q9NUW8_WT,P18113_WT;P28482_WT;Q9NUW8_WT,,,,,reducer
Oxiglutatione disodium salt,inactive,N[C@@H](CCC(=O)N[C@@H](CSSC[C@H](NC(=O)CC[C@H](N)C(=O)O)C(=O)NCC(=O)O)C(=O)NCC(=O)O)C(=O)O,spectrum,NC(CCC(=O)NC(CSSCC(NC(=O)CCC(N)C(=O)O)C(=O)NCC(=O)O)C(=O)NCC(=O)O)C(=O)O,"InChI=1S/C20H32N6O12S2/c21-9(19(35)36)1-3-13(27)25-11(17(33)23-5-15(29)30)7-39-40-8-12(18(34)24-6-16(31)32)26-14(28)4-2-10(22)20(37)38/h9-12H,1-8,21-22H2,(H,23,33)(H,24,34)(H,25,27)(H,26,28)(H,29,30)(H,31,32)(H,35,36)(H,37,38)",YPZRWBKMTBYPTK-UHFFFAOYSA-N,YPZRWBKMTBYPTK,NC(CCC(=O)NC(CSSCC(NC(=O)CCC(N)C(=O)O)C(=O)NCC(=O)O)C(=O)NCC(=O)O)C(=O)O,P04150_WT;P10275_WT;P11511_WT,P04150_WT;P10275_WT;P11511_WT,P04150_WT;P10275_WT;P11511_WT,P10275_WT;P11511_WT,P11511_WT,,,inactive
Nitazoxanide,inactive,CC(=O)Oc1c(C(=O)Nc2ncc([N+](=O)[O-])s2)cccc1,spectrum,CC(=O)Oc1ccccc1C(=O)Nc1ncc([N+](=O)[O-])s1,"InChI=1S/C12H9N3O5S/c1-7(16)20-9-5-3-2-4-8(9)11(17)14-12-13-6-10(21-12)15(18)19/h2-6H,1H3,(H,13,14,17)",YQNQNVDNTFHQSW-UHFFFAOYSA-N,YQNQNVDNTFHQSW,CC(=O)Oc1ccccc1C(=O)Nc1ncc([N+](=O)[O-])s1,O15118_WT;P03372_WT;P10276_WT;P11511_WT;P35869_WT,P10276_WT,,,,,,inactive
Tulobuterol hydrochloride,inactive,CC(C)(C)NCC(O)c1c(Cl)cccc1,spectrum,CC(C)(C)NCC(O)c1ccccc1Cl,"InChI=1S/C12H18ClNO/c1-12(2,3)14-8-11(15)9-6-4-5-7-10(9)13/h4-7,11,14-15H,8H2,1-3H3",YREYLAVBNPACJM-UHFFFAOYSA-N,YREYLAVBNPACJM,CC(C)(C)NCC(O)c1ccccc1Cl,,,,,,,,inactive
Gossypetin,inactive,O=c1c(O)c(-c2cc(O)c(O)cc2)oc2c1c(O)cc(O)c2O,spectrum,O=c1c(O)c(-c2ccc(O)c(O)c2)oc2c(O)c(O)cc(O)c12,"InChI=1S/C15H10O8/c16-6-2-1-5(3-7(6)17)14-13(22)12(21)10-8(18)4-9(19)11(20)15(10)23-14/h1-4,16-20,22H",YRRAGUMVDQQZIY-UHFFFAOYSA-N,YRRAGUMVDQQZIY,O=c1c(O)c(-c2ccc(O)c(O)c2)oc2c(O)c(O)cc(O)c12,P27695_WT;Q16762_WT,,,,,,,inactive
Pyrantel pamoate,inactive,CN1CCCN=C1/C=C/c1cccs1,spectrum,CN1CCCN=C1/C=C/c1cccs1,"InChI=1S/C11H14N2S/c1-13-8-3-7-12-11(13)6-5-10-4-2-9-14-10/h2,4-6,9H,3,7-8H2,1H3/b6-5+",YSAUAVHXTIETRK-AATRIKPKSA-N,YSAUAVHXTIETRK,CN1CCCN=C1/C=C/c1cccs1,,,,,,,,inactive
4.4'-diisothiocyanostilbene-2.2'-sufonic acid sodium salt,inactive,O=S(=O)(O)c1cc(N=C=S)ccc1/C=C/c1c(S(=O)(=O)O)cc(N=C=S)cc1,spectrum,O=S(=O)(O)c1cc(N=C=S)ccc1/C=C/c1ccc(N=C=S)cc1S(=O)(=O)O,"InChI=1S/C16H10N2O6S4/c19-27(20,21)15-7-13(17-9-25)5-3-11(15)1-2-12-4-6-14(18-10-26)8-16(12)28(22,23)24/h1-8H,(H,19,20,21)(H,22,23,24)/b2-1+",YSCNMFDFYJUPEF-OWOJBTEDSA-N,YSCNMFDFYJUPEF,O=S(=O)(O)c1cc(N=C=S)ccc1/C=C/c1ccc(N=C=S)cc1S(=O)(=O)O,,,,,,,,inactive
Nicergoline,inactive,CO[C@]12C[C@@H](COC(=O)c3cc(Br)cnc3)CN(C)[C@@H]1Cc1cn(C)c3c1c2ccc3,spectrum,CO[C@]12C[C@@H](COC(=O)c3cncc(Br)c3)CN(C)[C@@H]1Cc1cn(C)c3cccc2c13,"InChI=1S/C24H26BrN3O3/c1-27-13-17-8-21-24(30-3,19-5-4-6-20(27)22(17)19)9-15(12-28(21)2)14-31-23(29)16-7-18(25)11-26-10-16/h4-7,10-11,13,15,21H,8-9,12,14H2,1-3H3/t15-,21-,24+/m1/s1",YSEXMKHXIOCEJA-FVFQAYNVSA-N,YSEXMKHXIOCEJA,CO[C@]12C[C@@H](COC(=O)c3cncc(Br)c3)CN(C)[C@@H]1Cc1cn(C)c3cccc2c13,P10276_WT;P10635_WT,P10276_WT;P10635_WT,P10276_WT;P10635_WT,P10276_WT;P10635_WT,P10276_WT,P10276_WT,P10276_WT,inactive
Biperiden,inactive,OC(CCN1CCCCC1)(c1ccccc1)C1CC2C=CC1C2,spectrum,OC(CCN1CCCCC1)(c1ccccc1)C1CC2C=CC1C2,"InChI=1S/C21H29NO/c23-21(19-7-3-1-4-8-19,11-14-22-12-5-2-6-13-22)20-16-17-9-10-18(20)15-17/h1,3-4,7-10,17-18,20,23H,2,5-6,11-16H2",YSXKPIUOCJLQIE-UHFFFAOYSA-N,YSXKPIUOCJLQIE,OC(CCN1CCCCC1)(c1ccccc1)C1CC2C=CC1C2,O89049_WT;P08172_WT;P08173_WT;P11229_WT;P20309_WT,P08172_WT;P08173_WT;P11229_WT;P20309_WT,P08172_WT;P08173_WT;P11229_WT;P20309_WT,P08172_WT;P11229_WT;P20309_WT,P11229_WT;P20309_WT,P11229_WT,,inactive
Sinapic acid methyl ether,inactive,COc1cc(/C=C/C(=O)O)cc(OC)c1OC,spectrum,COc1cc(/C=C/C(=O)O)cc(OC)c1OC,"InChI=1S/C12H14O5/c1-15-9-6-8(4-5-11(13)14)7-10(16-2)12(9)17-3/h4-7H,1-3H3,(H,13,14)/b5-4+",YTFVRYKNXDADBI-SNAWJCMRSA-N,YTFVRYKNXDADBI,COc1cc(/C=C/C(=O)O)cc(OC)c1OC,,,,,,,,inactive
Cinchophen,inactive,O=C(O)c1cc(-c2ccccc2)nc2c1cccc2,spectrum,O=C(O)c1cc(-c2ccccc2)nc2ccccc12,"InChI=1S/C16H11NO2/c18-16(19)13-10-15(11-6-2-1-3-7-11)17-14-9-5-4-8-12(13)14/h1-10H,(H,18,19)",YTRMTPPVNRALON-UHFFFAOYSA-N,YTRMTPPVNRALON,O=C(O)c1cc(-c2ccccc2)nc2ccccc12,Q16637_WT,,,,,,,inactive
Diperodon hydrochloride,inactive,O=C(Nc1ccccc1)OCC(CN1CCCCC1)OC(=O)Nc1ccccc1,spectrum,O=C(Nc1ccccc1)OCC(CN1CCCCC1)OC(=O)Nc1ccccc1,"InChI=1S/C22H27N3O4/c26-21(23-18-10-4-1-5-11-18)28-17-20(16-25-14-8-3-9-15-25)29-22(27)24-19-12-6-2-7-13-19/h1-2,4-7,10-13,20H,3,8-9,14-17H2,(H,23,26)(H,24,27)",YUGZHQHSNYIFLG-UHFFFAOYSA-N,YUGZHQHSNYIFLG,O=C(Nc1ccccc1)OCC(CN1CCCCC1)OC(=O)Nc1ccccc1,P10635_WT,,,,,,,inactive
Osu-03012,reducer,C12=C(C=CC3=C1C=CC(=C3)C4=CC(=NN4C5=CC=C(C=C5)NC(CN)=O)C(F)(F)F)C=CC=C2,selleckchem,NCC(=O)Nc1ccc(-n2nc(C(F)(F)F)cc2-c2ccc3c(ccc4ccccc43)c2)cc1,"InChI=1S/C26H19F3N4O/c27-26(28,29)24-14-23(33(32-24)20-10-8-19(9-11-20)31-25(34)15-30)18-7-12-22-17(13-18)6-5-16-3-1-2-4-21(16)22/h1-14H,15,30H2,(H,31,34)",YULUCECVQOCQFQ-UHFFFAOYSA-N,YULUCECVQOCQFQ,NCC(=O)Nc1ccc(-n2nc(C(F)(F)F)cc2-c2ccc3c(ccc4ccccc43)c2)cc1,,,,,,,,reducer
Anthralin,inactive,O=C1c2c(cccc2O)Cc2c1c(O)ccc2,spectrum,Oc1cccc2cc3cccc(O)c3c(O)c12,"InChI=1S/C14H10O3/c15-10-5-1-3-8-7-9-4-2-6-11(16)13(9)14(17)12(8)10/h1-7,15-17H",YUTJCNNFTOIOGT-UHFFFAOYSA-N,YUTJCNNFTOIOGT,Oc1cccc2cc3cccc(O)c3c(O)c12,P03372_WT,P03372_WT,P03372_WT,P03372_WT,,,,inactive
Ipriflavone,inactive,CC(C)Oc1cc2c(cc1)c(=O)cc(-c1ccccc1)o2,spectrum,CC(C)Oc1ccc2c(=O)cc(-c3ccccc3)oc2c1,"InChI=1S/C18H16O3/c1-12(2)20-14-8-9-15-16(19)11-17(21-18(15)10-14)13-6-4-3-5-7-13/h3-12H,1-2H3",YVLFFUSZFGCFFW-UHFFFAOYSA-N,YVLFFUSZFGCFFW,CC(C)Oc1ccc2c(=O)cc(-c3ccccc3)oc2c1,,,,,,,,inactive
Cepharanthine,inactive,COc1c2cc(cc1)C[C@@H]1c3c(cc(OC)c(c3)Oc3c4OCOc4cc4c3[C@H](Cc3ccc(cc3)O2)N(C)CC4)CCN1C,spectrum,COc1ccc2cc1Oc1ccc(cc1)C[C@H]1c3c(cc4c(c3Oc3cc5c(cc3OC)CCN(C)[C@@H]5C2)OCO4)CCN1C,"InChI=1S/C37H38N2O6/c1-38-13-11-24-18-31(41-4)33-20-27(24)28(38)16-23-7-10-30(40-3)32(17-23)44-26-8-5-22(6-9-26)15-29-35-25(12-14-39(29)2)19-34-36(37(35)45-33)43-21-42-34/h5-10,17-20,28-29H,11-16,21H2,1-4H3/t28-,29+/m1/s1",YVPXVXANRNDGTA-WDYNHAJCSA-N,YVPXVXANRNDGTA,COc1ccc2cc1Oc1ccc(cc1)C[C@H]1c3c(cc4c(c3Oc3cc5c(cc3OC)CCN(C)[C@@H]5C2)OCO4)CCN1C,,,,,,,,inactive
Diatrizoic acid,inactive,CC(=O)Nc1c(I)c(NC(C)=O)c(I)c(C(=O)O)c1I,spectrum,CC(=O)Nc1c(I)c(NC(C)=O)c(I)c(C(=O)O)c1I,"InChI=1S/C11H9I3N2O4/c1-3(17)15-9-6(12)5(11(19)20)7(13)10(8(9)14)16-4(2)18/h1-2H3,(H,15,17)(H,16,18)(H,19,20)",YVPYQUNUQOZFHG-UHFFFAOYSA-N,YVPYQUNUQOZFHG,CC(=O)Nc1c(I)c(NC(C)=O)c(I)c(C(=O)O)c1I,Q16637_WT,Q16637_WT,,,,,,inactive
Furaltadone,inactive,O=C1OC(CN2CCOCC2)CN1/N=C/c1ccc([N+](=O)[O-])o1,spectrum,O=C1OC(CN2CCOCC2)CN1/N=C/c1ccc([N+](=O)[O-])o1,"InChI=1S/C13H16N4O6/c18-13-16(14-7-10-1-2-12(22-10)17(19)20)9-11(23-13)8-15-3-5-21-6-4-15/h1-2,7,11H,3-6,8-9H2/b14-7+",YVQVOQKFMFRVGR-VGOFMYFVSA-N,YVQVOQKFMFRVGR,O=C1OC(CN2CCOCC2)CN1/N=C/c1ccc([N+](=O)[O-])o1,,,,,,,,inactive
Pimozide,inactive,O=c1[nH]c2ccccc2n1C1CCN(CCCC(c2ccc(F)cc2)c2ccc(F)cc2)CC1,spectrum,O=c1[nH]c2ccccc2n1C1CCN(CCCC(c2ccc(F)cc2)c2ccc(F)cc2)CC1,"InChI=1S/C28H29F2N3O/c29-22-11-7-20(8-12-22)25(21-9-13-23(30)14-10-21)4-3-17-32-18-15-24(16-19-32)33-27-6-2-1-5-26(27)31-28(33)34/h1-2,5-14,24-25H,3-4,15-19H2,(H,31,34)",YVUQSNJEYSNKRX-UHFFFAOYSA-N,YVUQSNJEYSNKRX,O=c1[nH]c2ccccc2n1C1CCN(CCCC(c2ccc(F)cc2)c2ccc(F)cc2)CC1,O43497_WT;P04775_WT;P14416_WT;P32305_WT;P35372_WT;P50406_WT;Q12809_WT,O43497_WT;P14416_WT;P32305_WT;P50406_WT;Q12809_WT,O43497_WT;P14416_WT;P32305_WT;P50406_WT;Q12809_WT,P14416_WT;P32305_WT,P32305_WT,P32305_WT,P32305_WT,inactive
Bergenin,inactive,COc1c(O)c2c(cc1O)C(=O)O[C@H]1[C@@H](O)[C@H](O)[C@@H](CO)O[C@H]21,spectrum,COc1c(O)cc2c(c1O)[C@H]1O[C@H](CO)[C@@H](O)[C@H](O)[C@@H]1OC2=O,"InChI=1S/C14H16O9/c1-21-11-5(16)2-4-7(9(11)18)12-13(23-14(4)20)10(19)8(17)6(3-15)22-12/h2,6,8,10,12-13,15-19H,3H2,1H3/t6-,8-,10+,12-,13+/m1/s1",YWJXCIXBAKGUKZ-BPTACTMOSA-N,YWJXCIXBAKGUKZ,COc1c(O)cc2c(c1O)[C@H]1O[C@H](CO)[C@@H](O)[C@H](O)[C@@H]1OC2=O,P05231_WT;Q9NUW8_WT,P05231_WT,,,,,,inactive
Morin,inactive,O=c1c(O)c(-c2c(O)cc(O)cc2)oc2c1c(O)cc(O)c2,spectrum,O=c1c(O)c(-c2ccc(O)cc2O)oc2cc(O)cc(O)c12,"InChI=1S/C15H10O7/c16-6-1-2-8(9(18)3-6)15-14(21)13(20)12-10(19)4-7(17)5-11(12)22-15/h1-5,16-19,21H",YXOLAZRVSSWPPT-UHFFFAOYSA-N,YXOLAZRVSSWPPT,O=c1c(O)c(-c2ccc(O)cc2O)oc2cc(O)cc(O)c12,,,,,,,,inactive
Eprobemide,inactive,O=C(NCCCN1CCOCC1)c1ccc(Cl)cc1,spectrum,O=C(NCCCN1CCOCC1)c1ccc(Cl)cc1,"InChI=1S/C14H19ClN2O2/c15-13-4-2-12(3-5-13)14(18)16-6-1-7-17-8-10-19-11-9-17/h2-5H,1,6-11H2,(H,16,18)",YYFGRAGNYHYWEZ-UHFFFAOYSA-N,YYFGRAGNYHYWEZ,O=C(NCCCN1CCOCC1)c1ccc(Cl)cc1,,,,,,,,inactive
Kw 2449,inactive,C1=CC=CC2=C1NN=C2/C=C/C3=CC=C(C=C3)C(=O)N4CCNCC4,selleckchem,O=C(c1ccc(C=Cc2[nH]nc3ccccc23)cc1)N1CCNCC1,"InChI=1S/C20H20N4O/c25-20(24-13-11-21-12-14-24)16-8-5-15(6-9-16)7-10-19-17-3-1-2-4-18(17)22-23-19/h1-10,21H,11-14H2,(H,22,23)",YYLKKYCXAOBSRM-UHFFFAOYSA-N,YYLKKYCXAOBSRM,O=C(c1ccc(C=Cc2[nH]nc3ccccc23)cc1)N1CCNCC1,O00238_WT;O00444_WT;O14578_WT;O14730_WT;O14920_WT;O14965_WT;O14976_WT;O15111_WT;O15146_WT;O15197_WT;O15530_WT;O43283_WT;O43293_WT;O43318_WT;O60674_WT;O75116_WT;O75716_WT;O75822_WT;O75914_WT;O94768_WT;O94921_WT;O95782_WT;O95819_WT;O96017_WT;P0C264_WT;P00519_E255K;P00519_F317I;P00519_F317L;P00519_H396P;P00519_M351T;P00519_Q252H;P00519_T315I;P00519_WT;P00519_Y253F;P00533_L858R_T790M;P00533_T790M;P04629_WT;P06241_WT;P07332_WT;P07333_WT;P07947_WT;P07949_M918T;P07949_V804L;P07949_V804M;P07949_WT;P08581_M1250T;P08581_WT;P08581_Y1235D;P09619_WT;P09769_WT;P10721_A829P;P10721_D816H;P10721_D816V;P10721_L576P;P10721_V559D;P10721_V559D_T670I;P10721_V559D_V654A;P10721_WT;P11362_WT;P11802_WT;P14616_WT;P15735_WT;P16234_WT;P17948_WT;P19784_WT;P21709_WT;P21802_WT;P22607_G697C;P22607_WT;P23443_WT;P27037_WT;P29320_WT;P29376_WT;P29597_WT;P30530_WT;P32298_WT;P33981_WT;P35557_WT;P35590_WT;P35968_WT;P36507_WT;P36888_D835H;P36888_D835Y;P36888_K663Q;P36888_N841I;P36888_R834Q;P36888_WT;P42681_WT;P42684_WT;P43403_WT;P43405_WT;P45984_WT;P45985_WT;P46734_WT;P49674_WT;P49759_WT;P49760_WT;P50613_WT;P51617_WT;P51812_WT;P52333_WT;P52564_WT;P53355_WT;P53779_WT;P54646_WT;P57058_WT;P57059_WT;P57078_WT;P62993_WT;P63010_WT;P67870_WT;P78356_WT;P78362_WT;P78368_WT;P80192_WT;Q2M2I8_WT;Q5S007_G2019S;Q5S007_WT;Q6P5Z2_WT;Q6PHR2_WT;Q6XUX3_WT;Q6ZSR9_WT;Q7KZI7_WT;Q8IU85_WT;Q8IVH8_WT;Q8IYT8_WT;Q8N4C8_WT;Q8N5S9_WT;Q8NEV4_WT;Q8NFD2_WT;Q8TD19_WT;Q8TDR2_WT;Q8TDX7_WT;Q8WZ60_WT;Q9BRS2_WT;Q9BYT3_WT;Q9C098_WT;Q9H0K1_WT;Q9H1R3_WT;Q9H2G2_WT;Q9H2X6_WT;Q9H093_WT;Q9H422_WT;Q9HAZ1_WT;Q9HC98_WT;Q9NSY1_WT;Q9NTK5_WT;Q9NWZ3_WT;Q9NYL2_WT;Q9P0L2_WT;Q9P2K8_S808G;Q9P2K8_WT;Q9P286_WT;Q9UEE5_WT;Q9UEW8_WT;Q9UHD2_WT;Q9UK32_WT;Q9UKE5_WT;Q9UM73_WT;Q9UPE1_WT;Q9UQB9_WT;Q9Y2U5_WT;Q9Y4K4_WT;Q9Y463_WT;Q32MK0_WT;Q52WX2_WT;Q56UN5_WT;Q86YV6_WT;Q86Z02_WT;Q96BR1_WT;Q96CW1_WT;Q96GD4_WT;Q96L34_WT;Q96SB4_WT;Q00536_WT;Q02750_WT;Q04771_WT;Q04912_WT;Q08881_WT;Q12851_WT;Q12852_WT;Q12866_WT;Q13043_WT;Q13131_WT;Q13163_WT;Q13177_WT;Q13237_WT;Q13464_WT;Q13470_WT;Q13523_WT;Q13546_WT;Q13627_WT;Q13705_WT;Q13873_WT;Q14164_WT;Q14289_WT;Q14680_WT;Q15118_WT;Q15208_WT;Q15375_WT;Q15746_WT;Q15831_WT;Q16288_WT;Q16512_WT;Q16513_WT;Q16584_WT;Q16620_WT;Q16816_WT;Q92630_WT;Q92918_WT;Q99755_WT;Q99759_WT,O00238_WT;O00444_WT;O14730_WT;O14976_WT;O15111_WT;O15146_WT;O15197_WT;O43293_WT;O43318_WT;O60674_WT;O75116_WT;O94768_WT;O95782_WT;O95819_WT;O96017_WT;P0C264_WT;P00519_E255K;P00519_F317L;P00519_H396P;P00519_M351T;P00519_Q252H;P00519_T315I;P00519_WT;P00519_Y253F;P04629_WT;P07333_WT;P07947_WT;P07949_M918T;P07949_V804L;P07949_V804M;P07949_WT;P08581_M1250T;P08581_WT;P09619_WT;P10721_D816H;P10721_D816V;P10721_L576P;P10721_V559D;P10721_V559D_T670I;P10721_V559D_V654A;P10721_WT;P15735_WT;P16234_WT;P17948_WT;P21709_WT;P22607_G697C;P23443_WT;P29597_WT;P30530_WT;P32298_WT;P33981_WT;P35557_WT;P35590_WT;P35968_WT;P36888_D835H;P36888_D835Y;P36888_K663Q;P36888_N841I;P36888_R834Q;P36888_WT;P42684_WT;P45985_WT;P46734_WT;P49760_WT;P50613_WT;P51617_WT;P51812_WT;P52333_WT;P53779_WT;P57078_WT;P62993_WT;P63010_WT;P78356_WT;P78362_WT;Q5S007_G2019S;Q5S007_WT;Q6P5Z2_WT;Q6ZSR9_WT;Q8IYT8_WT;Q8N4C8_WT;Q8N5S9_WT;Q8NFD2_WT;Q8TDX7_WT;Q9BRS2_WT;Q9BYT3_WT;Q9C098_WT;Q9H1R3_WT;Q9H2G2_WT;Q9H2X6_WT;Q9H093_WT;Q9HAZ1_WT;Q9HC98_WT;Q9NSY1_WT;Q9NTK5_WT;Q9P0L2_WT;Q9UEE5_WT;Q9UKE5_WT;Q9UPE1_WT;Q9UQB9_WT;Q9Y2U5_WT;Q32MK0_WT;Q56UN5_WT;Q86YV6_WT;Q96BR1_WT;Q96CW1_WT;Q96GD4_WT;Q96L34_WT;Q96SB4_WT;Q04771_WT;Q08881_WT;Q12852_WT;Q13163_WT;Q13177_WT;Q13464_WT;Q13523_WT;Q13546_WT;Q13627_WT;Q15831_WT;Q16288_WT;Q16620_WT;Q16816_WT;Q92918_WT;Q99755_WT;Q99759_WT,O14730_WT;O43318_WT;O60674_WT;O94768_WT;O95782_WT;O95819_WT;O96017_WT;P00519_E255K;P00519_H396P;P00519_M351T;P00519_Q252H;P00519_T315I;P00519_WT;P00519_Y253F;P07947_WT;P07949_M918T;P07949_V804L;P07949_V804M;P09619_WT;P10721_L576P;P10721_V559D;P10721_V559D_T670I;P10721_V559D_V654A;P10721_WT;P17948_WT;P32298_WT;P35557_WT;P36888_D835H;P36888_D835Y;P36888_K663Q;P36888_N841I;P36888_R834Q;P36888_WT;P49760_WT;P51617_WT;P52333_WT;P53779_WT;P78356_WT;P78362_WT;Q5S007_G2019S;Q8N4C8_WT;Q8NFD2_WT;Q9BRS2_WT;Q9C098_WT;Q9H1R3_WT;Q9H093_WT;Q9HAZ1_WT;Q9NSY1_WT;Q9NTK5_WT;Q9UEE5_WT;Q9UKE5_WT;Q9UQB9_WT;Q9Y2U5_WT;Q32MK0_WT;Q56UN5_WT;Q96BR1_WT;Q96L34_WT;Q96SB4_WT;Q12852_WT;Q13177_WT;Q13546_WT;Q99755_WT,O94768_WT;P00519_H396P;P00519_M351T;P00519_T315I;P07947_WT;P09619_WT;P10721_L576P;P10721_V559D;P10721_V559D_T670I;P35557_WT;P36888_D835H;P36888_D835Y;P36888_K663Q;P36888_N841I;P36888_WT;P78362_WT;Q8N4C8_WT;Q9NTK5_WT;Q9UEE5_WT;Q32MK0_WT;Q56UN5_WT;Q13177_WT,O94768_WT;P00519_T315I;P36888_K663Q;Q9NTK5_WT;Q9UEE5_WT;Q32MK0_WT;Q56UN5_WT;Q13177_WT,Q9NTK5_WT;Q9UEE5_WT,,inactive
2.3.4'-trihydroxy-4-methoxybenzophenone,inactive,COc1c(O)c(O)c(C(=O)c2ccc(O)cc2)cc1,spectrum,COc1ccc(C(=O)c2ccc(O)cc2)c(O)c1O,"InChI=1S/C14H12O5/c1-19-11-7-6-10(13(17)14(11)18)12(16)8-2-4-9(15)5-3-8/h2-7,15,17-18H,1H3",YYQLEVUVEAKBKB-UHFFFAOYSA-N,YYQLEVUVEAKBKB,COc1ccc(C(=O)c2ccc(O)cc2)c(O)c1O,,,,,,,,inactive
Plx-4720,inactive,C1(=CN=C2C(=C1)C(=CN2)C(=O)C3=C(C(=CC=C3F)NS(=O)(=O)CCC)F)Cl,selleckchem,CCCS(=O)(=O)Nc1ccc(F)c(C(=O)c2c[nH]c3ncc(Cl)cc23)c1F,"InChI=1S/C17H14ClF2N3O3S/c1-2-5-27(25,26)23-13-4-3-12(19)14(15(13)20)16(24)11-8-22-17-10(11)6-9(18)7-21-17/h3-4,6-8,23H,2,5H2,1H3,(H,21,22)",YZDJQTHVDDOVHR-UHFFFAOYSA-N,YZDJQTHVDDOVHR,CCCS(=O)(=O)Nc1ccc(F)c(C(=O)c2c[nH]c3ncc(Cl)cc23)c1F,O00625_WT;O15197_WT;O43353_WT;P00519_Q252H;P04049_WT;P07947_WT;P09619_WT;P09769_WT;P10721_L576P;P10721_V559D;P10721_WT;P15056_V600E;P15056_WT;P16234_WT;P19623_WT;P37173_WT;P45985_WT;P53671_WT;P57059_WT;Q8NG66_WT;Q9BVS4_WT;Q9BWU1_WT;Q9H3Y6_WT;Q9NYL2_WT;Q02750_WT;Q13163_WT;Q13882_WT,P04049_WT;P09619_WT;P09769_WT;P10721_V559D;P10721_WT;P15056_V600E;P15056_WT;P16234_WT;P19623_WT;P45985_WT;Q8NG66_WT;Q9H3Y6_WT;Q9NYL2_WT;Q13163_WT;Q13882_WT,P04049_WT;P09769_WT;P10721_V559D;P15056_WT;P19623_WT;Q9H3Y6_WT;Q9NYL2_WT;Q13163_WT;Q13882_WT,P04049_WT;P19623_WT;Q9H3Y6_WT;Q13163_WT,Q13163_WT,Q13163_WT,Q13163_WT,inactive
Zolpidem,inactive,Cc1ccc(-c2c(CC(=O)N(C)C)n3cc(C)ccc3n2)cc1,spectrum,Cc1ccc(-c2nc3ccc(C)cn3c2CC(=O)N(C)C)cc1,"InChI=1S/C19H21N3O/c1-13-5-8-15(9-6-13)19-16(11-18(23)21(3)4)22-12-14(2)7-10-17(22)20-19/h5-10,12H,11H2,1-4H3",ZAFYATHCZYHLPB-UHFFFAOYSA-N,ZAFYATHCZYHLPB,Cc1ccc(-c2nc3ccc(C)cn3c2CC(=O)N(C)C)cc1,P14867_WT;P20236_WT;P23576_WT;P34903_WT;P47869_WT;P62813_WT,P14867_WT;P62813_WT,P14867_WT;P62813_WT,P14867_WT,,,,inactive
Meloxicam sodium,inactive,Cc1cnc(NC(=O)C2=C(O)c3c(cccc3)S(=O)(=O)N2C)s1,spectrum,Cc1cnc(NC(=O)C2C(=O)c3ccccc3S(=O)(=O)N2C)s1,"InChI=1S/C14H13N3O4S2/c1-8-7-15-14(22-8)16-13(19)11-12(18)9-5-3-4-6-10(9)23(20,21)17(11)2/h3-7,11H,1-2H3,(H,15,16,19)",ZAHQBPYQBHTECE-UHFFFAOYSA-N,ZAHQBPYQBHTECE,Cc1cnc(NC(=O)C2C(=O)c3ccccc3S(=O)(=O)N2C)s1,,,,,,,,inactive
Cephalexin,inactive,CC1=C(C(=O)O)N2C(=O)[C@@H](NC(=O)C(N)c3ccccc3)[C@H]2SC1,spectrum,CC1=C(C(=O)O)N2C(=O)C(NC(=O)C(N)c3ccccc3)[C@H]2SC1,"InChI=1S/C16H17N3O4S/c1-8-7-24-15-11(14(21)19(15)12(8)16(22)23)18-13(20)10(17)9-5-3-2-4-6-9/h2-6,10-11,15H,7,17H2,1H3,(H,18,20)(H,22,23)/t10?,11?,15-/m1/s1",ZAIPMKNFIOOWCQ-QKFMDRJYSA-N,ZAIPMKNFIOOWCQ,CC1=C(C(=O)O)N2C(=O)C(NC(=O)C(N)c3ccccc3)[C@H]2SC1,P08684_WT,P08684_WT,P08684_WT,,,,,inactive
alpha-TOCHOPHERYL ACETATE,inactive,CC(=O)Oc1c(C)c(C)c2OC(C)(CCCC(C)CCCC(C)CCCC(C)C)CCc2c1C,spectrum,CC(=O)Oc1c(C)c(C)c2c(c1C)CCC(C)(CCCC(C)CCCC(C)CCCC(C)C)O2,"InChI=1S/C31H52O3/c1-21(2)13-10-14-22(3)15-11-16-23(4)17-12-19-31(9)20-18-28-26(7)29(33-27(8)32)24(5)25(6)30(28)34-31/h21-23H,10-20H2,1-9H3",ZAKOWWREFLAJOT-UHFFFAOYSA-N,ZAKOWWREFLAJOT,CC(=O)Oc1c(C)c(C)c2c(c1C)CCC(C)(CCCC(C)CCCC(C)CCCC(C)C)O2,,,,,,,,inactive
Pki-402,reducer,C12=C(N=C(N=C1N3CCOCC3)C4=CC=C(C=C4)NC(NC5=CC=C(C=C5)C(N6CCN(CC6)C)=O)=O)N(N=N2)CC,selleckchem,CCn1nnc2c(N3CCOCC3)nc(-c3ccc(NC(=O)Nc4ccc(C(=O)N5CCN(C)CC5)cc4)cc3)nc21,"InChI=1S/C29H34N10O3/c1-3-39-27-24(34-35-39)26(37-16-18-42-19-17-37)32-25(33-27)20-4-8-22(9-5-20)30-29(41)31-23-10-6-21(7-11-23)28(40)38-14-12-36(2)13-15-38/h4-11H,3,12-19H2,1-2H3,(H2,30,31,41)",ZAXFYGBKZSQBIV-UHFFFAOYSA-N,ZAXFYGBKZSQBIV,CCn1nnc2c(N3CCOCC3)nc(-c3ccc(NC(=O)Nc4ccc(C(=O)N5CCN(C)CC5)cc4)cc3)nc21,O00329_WT;P42336_WT;P42338_WT;P42345_WT;P48736_WT,O00329_WT;P42336_WT;P42338_WT;P42345_WT;P48736_WT,O00329_WT;P42336_WT;P42338_WT;P42345_WT;P48736_WT,O00329_WT;P42336_WT;P42338_WT;P42345_WT;P48736_WT,P42336_WT;P42338_WT;P42345_WT,P42336_WT;P42345_WT,,reducer
Chiniofon,inactive,O=S(=O)(O)c1c2cccnc2c(O)c(I)c1,spectrum,O=S(=O)(O)c1cc(I)c(O)c2ncccc12,"InChI=1S/C9H6INO4S/c10-6-4-7(16(13,14)15)5-2-1-3-11-8(5)9(6)12/h1-4,12H,(H,13,14,15)",ZBJWWKFMHOAPNS-UHFFFAOYSA-N,ZBJWWKFMHOAPNS,O=S(=O)(O)c1cc(I)c(O)c2ncccc12,,,,,,,,inactive
Sotalol hydrochloride,inactive,CC(C)NCC(O)c1ccc(NS(C)(=O)=O)cc1,spectrum,CC(C)NCC(O)c1ccc(NS(C)(=O)=O)cc1,"InChI=1S/C12H20N2O3S/c1-9(2)13-8-12(15)10-4-6-11(7-5-10)14-18(3,16)17/h4-7,9,12-15H,8H2,1-3H3",ZBMZVLHSJCTVON-UHFFFAOYSA-N,ZBMZVLHSJCTVON,CC(C)NCC(O)c1ccc(NS(C)(=O)=O)cc1,P07550_WT,,,,,,,inactive
Dasatinib,antineoplastic,N1=C(N=C(C=C1NC2=NC=C(S2)C(NC3=C(C=CC=C3C)Cl)=O)N4CCN(CC4)CCO)C,selleckchem,Cc1nc(Nc2ncc(C(=O)Nc3c(C)cccc3Cl)s2)cc(N2CCN(CCO)CC2)n1,"InChI=1S/C22H26ClN7O2S/c1-14-4-3-5-16(23)20(14)28-21(32)17-13-24-22(33-17)27-18-12-19(26-15(2)25-18)30-8-6-29(7-9-30)10-11-31/h3-5,12-13,31H,6-11H2,1-2H3,(H,28,32)(H,24,25,26,27)",ZBNZXTGUTAYRHI-UHFFFAOYSA-N,ZBNZXTGUTAYRHI,Cc1nc(Nc2ncc(C(=O)Nc3c(C)cccc3Cl)s2)cc(N2CCN(CCO)CC2)n1,O00238_WT;O14976_WT;O15197_WT;O15264_WT;O43353_WT;P0C1S8_WT;P00519_E255K;P00519_F317I;P00519_F317L;P00519_F359V;P00519_H396P;P00519_M351T;P00519_Q252H;P00519_T315I;P00519_T315N;P00519_WT;P00519_Y253F;P00533_A750P;P00533_G719C;P00533_G719S;P00533_L858R;P00533_L861Q;P00533_P753S;P00533_WT;P04049_WT;P04626_WT;P06239_WT;P06240_WT;P06241_WT;P07333_WT;P07947_WT;P07948_WT;P07949_M918T;P07949_WT;P08631_WT;P09619_WT;P09769_WT;P10276_WT;P10721_A829P;P10721_D816H;P10721_D816V;P10721_L576P;P10721_N822K;P10721_V559D;P10721_V559D_V654A;P10721_WT;P11274_WT;P12931_WT;P15056_V600E;P15056_WT;P16234_WT;P16277_WT;P19623_WT;P21709_WT;P21860_WT;P27037_WT;P29317_WT;P29320_WT;P29322_WT;P29323_WT;P36896_WT;P36897_WT;P37023_WT;P41240_WT;P42680_WT;P42681_WT;P42684_WT;P42685_WT;P48729_WT;P51451_WT;P51813_WT;P53667_WT;P53671_WT;P54753_WT;P54756_WT;P54760_WT;P54762_WT;P54764_WT;P57059_WT;P68370_WT;Q8IVH8_WT;Q8N4C8_WT;Q8NG66_WT;Q8NI60_WT;Q8TDR2_WT;Q9BQI3_WT;Q9H0K1_WT;Q9H2G2_WT;Q9H3Y6_WT;Q9NRP7_WT;Q9NWQ8_WT;Q9NYL2_WT;Q9UBE8_WT;Q9Y2K2_WT;Q9Y4K4_WT;Q9Y6R4_WT;Q56UN5_WT;Q59H18_WT;Q96S53_WT;Q01538_WT;Q02750_WT;Q03181_WT;Q04771_WT;Q06187_WT;Q07912_WT;Q08345_WT;Q13163_WT;Q13432_WT;Q13470_WT;Q13705_WT;Q13882_WT;Q15303_WT;Q15569_WT;Q15746_WT;Q15759_WT;Q16512_WT;Q16539_WT;Q16832_WT;Q99640_WT;Q99759_WT,O00238_WT;O14976_WT;O15197_WT;O43353_WT;P0C1S8_WT;P00519_E255K;P00519_F317I;P00519_F317L;P00519_F359V;P00519_H396P;P00519_M351T;P00519_Q252H;P00519_T315N;P00519_WT;P00519_Y253F;P00533_A750P;P00533_G719C;P00533_G719S;P00533_L858R;P00533_L861Q;P00533_WT;P06239_WT;P06240_WT;P06241_WT;P07333_WT;P07947_WT;P07948_WT;P08631_WT;P09619_WT;P09769_WT;P10276_WT;P10721_A829P;P10721_D816H;P10721_D816V;P10721_L576P;P10721_N822K;P10721_V559D;P10721_V559D_V654A;P10721_WT;P11274_WT;P12931_WT;P16234_WT;P16277_WT;P19623_WT;P21709_WT;P21860_WT;P27037_WT;P29317_WT;P29320_WT;P29322_WT;P29323_WT;P41240_WT;P42680_WT;P42681_WT;P42684_WT;P42685_WT;P48729_WT;P51451_WT;P51813_WT;P54753_WT;P54756_WT;P54760_WT;P54762_WT;P54764_WT;P57059_WT;P68370_WT;Q8NI60_WT;Q9H0K1_WT;Q9H3Y6_WT;Q9NRP7_WT;Q9NWQ8_WT;Q9NYL2_WT;Q9UBE8_WT;Q9Y2K2_WT;Q9Y4K4_WT;Q9Y6R4_WT;Q56UN5_WT;Q59H18_WT;Q01538_WT;Q06187_WT;Q07912_WT;Q08345_WT;Q13432_WT;Q13882_WT;Q15303_WT;Q15569_WT;Q15746_WT;Q16539_WT;Q16832_WT;Q99640_WT;Q99759_WT,O00238_WT;O14976_WT;O15197_WT;O43353_WT;P00519_E255K;P00519_F317I;P00519_F317L;P00519_F359V;P00519_H396P;P00519_M351T;P00519_Q252H;P00519_T315N;P00519_WT;P00519_Y253F;P00533_G719S;P06239_WT;P06240_WT;P06241_WT;P07333_WT;P07947_WT;P07948_WT;P08631_WT;P09619_WT;P09769_WT;P10276_WT;P10721_A829P;P10721_D816H;P10721_D816V;P10721_L576P;P10721_N822K;P10721_V559D;P10721_V559D_V654A;P10721_WT;P11274_WT;P12931_WT;P16234_WT;P16277_WT;P19623_WT;P21709_WT;P21860_WT;P29317_WT;P29320_WT;P29322_WT;P29323_WT;P41240_WT;P42680_WT;P42681_WT;P42684_WT;P42685_WT;P48729_WT;P51451_WT;P51813_WT;P54753_WT;P54756_WT;P54760_WT;P54762_WT;P54764_WT;P57059_WT;P68370_WT;Q9H0K1_WT;Q9H3Y6_WT;Q9NWQ8_WT;Q9NYL2_WT;Q9Y4K4_WT;Q56UN5_WT;Q59H18_WT;Q01538_WT;Q06187_WT;Q07912_WT;Q08345_WT;Q13432_WT;Q13882_WT;Q15303_WT;Q15569_WT;Q15746_WT;Q16539_WT;Q16832_WT,O14976_WT;O43353_WT;P00519_E255K;P00519_F317I;P00519_F317L;P00519_F359V;P00519_H396P;P00519_M351T;P00519_Q252H;P00519_WT;P00519_Y253F;P06239_WT;P06240_WT;P06241_WT;P07333_WT;P07947_WT;P07948_WT;P08631_WT;P09619_WT;P09769_WT;P10721_A829P;P10721_D816H;P10721_D816V;P10721_L576P;P10721_N822K;P10721_V559D;P10721_V559D_V654A;P10721_WT;P11274_WT;P12931_WT;P16234_WT;P16277_WT;P19623_WT;P21709_WT;P21860_WT;P29317_WT;P29320_WT;P29322_WT;P29323_WT;P41240_WT;P42681_WT;P42684_WT;P42685_WT;P51451_WT;P51813_WT;P54753_WT;P54756_WT;P54760_WT;P54762_WT;P54764_WT;P57059_WT;Q9H0K1_WT;Q9H3Y6_WT;Q9NWQ8_WT;Q59H18_WT;Q06187_WT;Q07912_WT;Q08345_WT;Q13432_WT;Q13882_WT;Q16832_WT,O14976_WT;P00519_E255K;P00519_F317I;P00519_F317L;P00519_F359V;P00519_H396P;P00519_M351T;P00519_Q252H;P00519_WT;P00519_Y253F;P06239_WT;P06240_WT;P06241_WT;P07333_WT;P07947_WT;P07948_WT;P08631_WT;P09619_WT;P09769_WT;P10721_A829P;P10721_D816H;P10721_D816V;P10721_L576P;P10721_N822K;P10721_V559D;P10721_V559D_V654A;P10721_WT;P11274_WT;P12931_WT;P16234_WT;P16277_WT;P19623_WT;P21709_WT;P29317_WT;P29320_WT;P29322_WT;P29323_WT;P41240_WT;P42681_WT;P42684_WT;P42685_WT;P51451_WT;P51813_WT;P54753_WT;P54756_WT;P54760_WT;P54762_WT;P54764_WT;P57059_WT;Q9H0K1_WT;Q9NWQ8_WT;Q06187_WT;Q07912_WT;Q08345_WT;Q13432_WT;Q13882_WT;Q16832_WT,O14976_WT;P00519_E255K;P00519_F317I;P00519_F317L;P00519_F359V;P00519_H396P;P00519_M351T;P00519_Q252H;P00519_WT;P00519_Y253F;P06239_WT;P06240_WT;P06241_WT;P07333_WT;P07947_WT;P07948_WT;P08631_WT;P09619_WT;P09769_WT;P10721_A829P;P10721_D816H;P10721_D816V;P10721_L576P;P10721_N822K;P10721_V559D;P10721_V559D_V654A;P12931_WT;P16234_WT;P19623_WT;P29317_WT;P29320_WT;P29322_WT;P29323_WT;P41240_WT;P42681_WT;P42684_WT;P42685_WT;P51451_WT;P51813_WT;P54756_WT;P54760_WT;P54762_WT;P54764_WT;Q9NWQ8_WT;Q06187_WT;Q08345_WT,P00519_F317I;P00519_F317L;P00519_F359V;P00519_H396P;P00519_M351T;P00519_Q252H;P00519_Y253F;P06239_WT;P06240_WT;P06241_WT;P07947_WT;P07948_WT;P08631_WT;P09769_WT;P10721_A829P;P10721_L576P;P10721_N822K;P10721_V559D;P12931_WT;P29320_WT;P29322_WT;P42684_WT;P42685_WT;P51451_WT;P54756_WT;P54760_WT;P54762_WT,antineoplastic
Nvp-bhg712,inactive,C12=C(N=C(N=C1NC3=CC(=CC=C3C)C(NC4=CC=CC(=C4)C(F)(F)F)=O)C5=CC=CN=C5)N(N=C2)C,selleckchem,Cc1ccc(C(=O)Nc2cccc(C(F)(F)F)c2)cc1Nc1nc(-c2cccnc2)nc2c1cnn2C,"InChI=1S/C26H20F3N7O/c1-15-8-9-16(25(37)32-19-7-3-6-18(12-19)26(27,28)29)11-21(15)33-23-20-14-31-36(2)24(20)35-22(34-23)17-5-4-10-30-13-17/h3-14H,1-2H3,(H,32,37)(H,33,34,35)",ZCCPLJOKGAACRT-UHFFFAOYSA-N,ZCCPLJOKGAACRT,Cc1ccc(C(=O)Nc2cccc(C(F)(F)F)c2)cc1Nc1nc(-c2cccnc2)nc2c1cnn2C,,,,,,,,inactive
U0126-EtOH,inactive,C1(=CC=C(C(=C1)SC(/N)=C(\C(=C(\SC2=C(C=CC=C2)N)N)C#N)C#N)N).CCO,selleckchem,N#CC(C(=N)Sc1ccccc1N)C(C#N)C(=N)Sc1ccccc1N,"InChI=1S/C18H16N6S2/c19-9-11(17(23)25-15-7-3-1-5-13(15)21)12(10-20)18(24)26-16-8-4-2-6-14(16)22/h1-8,11-12,23-24H,21-22H2",ZCHZSBUNJOCWCW-UHFFFAOYSA-N,ZCHZSBUNJOCWCW,N#CC(C(=N)Sc1ccccc1N)C(C#N)C(=N)Sc1ccccc1N,,,,,,,,inactive
Broxyquinoline,inactive,Oc1c2ncccc2c(Br)cc1Br,spectrum,Oc1c(Br)cc(Br)c2cccnc12,"InChI=1S/C9H5Br2NO/c10-6-4-7(11)9(13)8-5(6)2-1-3-12-8/h1-4,13H",ZDASUJMDVPTNTF-UHFFFAOYSA-N,ZDASUJMDVPTNTF,Oc1c(Br)cc(Br)c2cccnc12,P07900_WT;P35869_WT;P51450_WT;Q9NUW8_WT,P51450_WT,,,,,,inactive
Brompheniramine maleate,inactive,CN(C)CCC(c1ccc(Br)cc1)c1ncccc1,spectrum,CN(C)CCC(c1ccc(Br)cc1)c1ccccn1,"InChI=1S/C16H19BrN2/c1-19(2)12-10-15(16-5-3-4-11-18-16)13-6-8-14(17)9-7-13/h3-9,11,15H,10,12H2,1-2H3",ZDIGNSYAACHWNL-UHFFFAOYSA-N,ZDIGNSYAACHWNL,CN(C)CCC(c1ccc(Br)cc1)c1ccccn1,P31652_WT;Q12809_WT,P31652_WT,,,,,,inactive
Lomefloxacin hydrochloride,inactive,CCn1cc(C(=O)O)c(=O)c2cc(F)c(N3CCNC(C)C3)c(F)c21,spectrum,CCn1cc(C(=O)O)c(=O)c2cc(F)c(N3CCNC(C)C3)c(F)c21,"InChI=1S/C17H19F2N3O3/c1-3-21-8-11(17(24)25)16(23)10-6-12(18)15(13(19)14(10)21)22-5-4-20-9(2)7-22/h6,8-9,20H,3-5,7H2,1-2H3,(H,24,25)",ZEKZLJVOYLTDKK-UHFFFAOYSA-N,ZEKZLJVOYLTDKK,CCn1cc(C(=O)O)c(=O)c2cc(F)c(N3CCNC(C)C3)c(F)c21,,,,,,,,inactive
Duloxetine hydrochloride,inactive,CNCC[C@H](Oc1cccc2c1cccc2)c1cccs1,spectrum,CNCC[C@H](Oc1cccc2ccccc12)c1cccs1,"InChI=1S/C18H19NOS/c1-19-12-11-17(18-10-5-13-21-18)20-16-9-4-7-14-6-2-3-8-15(14)16/h2-10,13,17,19H,11-12H2,1H3/t17-/m0/s1",ZEUITGRIYCTCEM-KRWDZBQOSA-N,ZEUITGRIYCTCEM,CNCC[C@H](Oc1cccc2ccccc12)c1cccs1,P08684_WT;P23975_WT;P23977_WT;P31645_WT;P31652_WT;Q01959_WT;Q63380_WT,P23975_WT;P31645_WT;P31652_WT;Q63380_WT,P23975_WT;P31645_WT;P31652_WT;Q63380_WT,P23975_WT;P31645_WT;P31652_WT;Q63380_WT,P31645_WT;P31652_WT;Q63380_WT,P31652_WT,P31652_WT,inactive
Minoxidil,inactive,Nc1cc(N2CCCCC2)nc(N)[n+]1[O-],spectrum,Nc1cc(N2CCCCC2)nc(N)[n+]1[O-],"InChI=1S/C9H15N5O/c10-7-6-8(12-9(11)14(7)15)13-4-2-1-3-5-13/h6H,1-5,10H2,(H2,11,12)",ZFMITUMMTDLWHR-UHFFFAOYSA-N,ZFMITUMMTDLWHR,Nc1cc(N2CCCCC2)nc(N)[n+]1[O-],P97697_WT,,,,,,,inactive
Denatonium benzoate,inactive,CC[N+](CC)(CC(=O)Nc1c(C)cccc1C)Cc1ccccc1,spectrum,CC[N+](CC)(CC(=O)Nc1c(C)cccc1C)Cc1ccccc1,"InChI=1S/C21H28N2O/c1-5-23(6-2,15-19-13-8-7-9-14-19)16-20(24)22-21-17(3)11-10-12-18(21)4/h7-14H,5-6,15-16H2,1-4H3/p+1",ZFQMTVNLDNXRNQ-UHFFFAOYSA-O,ZFQMTVNLDNXRNQ,CC[N+](CC)(CC(=O)Nc1c(C)cccc1C)Cc1ccccc1,P10635_WT,P10635_WT,P10635_WT,P10635_WT,P10635_WT,,,inactive
Az628,inactive,C1(=CC=CC(=C1)C(NC2=CC=C(C(=C2)NC3=CC4=C(C=C3)N=CN(C4=O)C)C)=O)C(C#N)(C)C,selleckchem,Cc1ccc(NC(=O)c2cccc(C(C)(C)C#N)c2)cc1Nc1ccc2ncn(C)c(=O)c2c1,"InChI=1S/C27H25N5O2/c1-17-8-9-21(31-25(33)18-6-5-7-19(12-18)27(2,3)15-28)14-24(17)30-20-10-11-23-22(13-20)26(34)32(4)16-29-23/h5-14,16,30H,1-4H3,(H,31,33)",ZGBGPEDJXCYQPH-UHFFFAOYSA-N,ZGBGPEDJXCYQPH,Cc1ccc(NC(=O)c2cccc(C(C)(C)C#N)c2)cc1Nc1ccc2ncn(C)c(=O)c2c1,P04049_WT;P07947_WT;P15056_WT,P07947_WT;P15056_WT,P07947_WT;P15056_WT,P15056_WT,,,,inactive
Promazine hydrochloride,inactive,CN(C)CCCN1c2c(cccc2)Sc2c1cccc2,spectrum,CN(C)CCCN1c2ccccc2Sc2ccccc21,"InChI=1S/C17H20N2S/c1-18(2)12-7-13-19-14-8-3-5-10-16(14)20-17-11-6-4-9-15(17)19/h3-6,8-11H,7,12-13H2,1-2H3",ZGUGWUXLJSTTMA-UHFFFAOYSA-N,ZGUGWUXLJSTTMA,CN(C)CCCN1c2ccccc2Sc2ccccc21,P08172_WT;P08173_WT;P08912_WT;P08913_WT;P10635_WT;P11229_WT;P14416_WT;P15823_WT;P18089_WT;P18825_WT;P20309_WT;P23975_WT;P25100_WT;P28223_WT;P28335_WT;P31645_WT;P35462_WT;P41595_WT;P43140_WT;P50406_WT;Q99720_WT,P08173_WT;P08912_WT;P08913_WT;P10635_WT;P11229_WT;P14416_WT;P15823_WT;P18089_WT;P18825_WT;P20309_WT;P23975_WT;P25100_WT;P28223_WT;P28335_WT;P31645_WT;P35462_WT;P41595_WT;P43140_WT;P50406_WT;Q99720_WT,P08912_WT;P15823_WT;P18089_WT;P18825_WT;P23975_WT;P25100_WT;P28223_WT;P28335_WT;P31645_WT;P43140_WT,P15823_WT;P18089_WT;P23975_WT;P25100_WT;P28223_WT;P43140_WT,P15823_WT;P25100_WT;P43140_WT,,,inactive
Bix 02189,inactive,C1=C(C=C2C(=C1)/C(C(N2)=O)=C(/NC3=CC(=CC=C3)CN(C)C)C4=CC=CC=C4)C(N(C)C)=O,selleckchem,CN(C)Cc1cccc(N=C(c2ccccc2)c2c(O)[nH]c3cc(C(=O)N(C)C)ccc23)c1,"InChI=1S/C27H28N4O2/c1-30(2)17-18-9-8-12-21(15-18)28-25(19-10-6-5-7-11-19)24-22-14-13-20(27(33)31(3)4)16-23(22)29-26(24)32/h5-16,29,32H,17H2,1-4H3",ZGXOBLVQIVXKEB-UHFFFAOYSA-N,ZGXOBLVQIVXKEB,CN(C)Cc1cccc(N=C(c2ccccc2)c2c(O)[nH]c3cc(C(=O)N(C)C)ccc23)c1,Q13163_WT;Q13164_WT,Q13163_WT;Q13164_WT,Q13163_WT;Q13164_WT,Q13163_WT,Q13163_WT,Q13163_WT,,inactive
Gsk461364,inactive,C1N(CCN(C1)CC2=CC3=C(C=C2)N=CN3C4=CC(=C(S4)C(=O)N)O[C@H](C)C5=CC=CC=C5C(F)(F)F)C,selleckchem,C[C@@H](Oc1cc(-n2cnc3ccc(CN4CCN(C)CC4)cc32)sc1C(N)=O)c1ccccc1C(F)(F)F,"InChI=1S/C27H28F3N5O2S/c1-17(19-5-3-4-6-20(19)27(28,29)30)37-23-14-24(38-25(23)26(31)36)35-16-32-21-8-7-18(13-22(21)35)15-34-11-9-33(2)10-12-34/h3-8,13-14,16-17H,9-12,15H2,1-2H3,(H2,31,36)/t17-/m1/s1",ZHJGWYRLJUCMRT-QGZVFWFLSA-N,ZHJGWYRLJUCMRT,C[C@@H](Oc1cc(-n2cnc3ccc(CN4CCN(C)CC4)cc32)sc1C(N)=O)c1ccccc1C(F)(F)F,O75676_WT;O94804_WT;P11309_WT;P19784_WT;P36888_D835H;P36888_D835Y;P36888_K663Q;P36888_N841I;P36888_WT;P51812_WT;P51955_WT;P53350_WT;Q9H4B4_WT;Q9H093_WT;Q9NYY3_WT;Q9UK32_WT;Q13233_WT;Q13557_WT;Q16513_WT;Q99755_WT,P11309_WT;P51812_WT;P51955_WT;P53350_WT;Q9H093_WT;Q13233_WT,P53350_WT;Q9H093_WT,P53350_WT;Q9H093_WT,P53350_WT,P53350_WT,P53350_WT,inactive
Methyl deoxycholate,inactive,COC(=O)CCC(C)C1CCC2C3CC[C@@H]4C[C@H](O)CC[C@]4(C)C3C[C@H](O)[C@]12C,spectrum,COC(=O)CCC(C)C1CCC2C3CC[C@@H]4C[C@H](O)CC[C@]4(C)C3C[C@H](O)[C@]12C,"InChI=1S/C25H42O4/c1-15(5-10-23(28)29-4)19-8-9-20-18-7-6-16-13-17(26)11-12-24(16,2)21(18)14-22(27)25(19,20)3/h15-22,26-27H,5-14H2,1-4H3/t15?,16-,17-,18?,19?,20?,21?,22+,24+,25-/m1/s1",ZHUOOEGSSFNTNP-HWAYZWBCSA-N,ZHUOOEGSSFNTNP,COC(=O)CCC(C)C1CCC2C3CC[C@@H]4C[C@H](O)CC[C@]4(C)C3C[C@H](O)[C@]12C,,,,,,,,inactive
Glipizide,inactive,Cc1cnc(C(=O)NCCc2ccc(S(=O)(=O)NC(=O)NC3CCCCC3)cc2)cn1,spectrum,Cc1cnc(C(=O)NCCc2ccc(S(=O)(=O)NC(=O)NC3CCCCC3)cc2)cn1,"InChI=1S/C21H27N5O4S/c1-15-13-24-19(14-23-15)20(27)22-12-11-16-7-9-18(10-8-16)31(29,30)26-21(28)25-17-5-3-2-4-6-17/h7-10,13-14,17H,2-6,11-12H2,1H3,(H,22,27)(H2,25,26,28)",ZJJXGWJIGJFDTL-UHFFFAOYSA-N,ZJJXGWJIGJFDTL,Cc1cnc(C(=O)NCCc2ccc(S(=O)(=O)NC(=O)NC3CCCCC3)cc2)cn1,P33261_WT,,,,,,,inactive
Cetirizine hydrochloride,inactive,O=C(O)COCCN1CCN(C(c2ccccc2)c2ccc(Cl)cc2)CC1,spectrum,O=C(O)COCCN1CCN(C(c2ccccc2)c2ccc(Cl)cc2)CC1,"InChI=1S/C21H25ClN2O3/c22-19-8-6-18(7-9-19)21(17-4-2-1-3-5-17)24-12-10-23(11-13-24)14-15-27-16-20(25)26/h1-9,21H,10-16H2,(H,25,26)",ZKLPARSLTMPFCP-UHFFFAOYSA-N,ZKLPARSLTMPFCP,O=C(O)COCCN1CCN(C(c2ccccc2)c2ccc(Cl)cc2)CC1,P35367_WT;Q9NUW8_WT,P35367_WT;Q9NUW8_WT,P35367_WT;Q9NUW8_WT,Q9NUW8_WT,,,,inactive
Mln8237,inactive,C1=CC=C(C(=C1OC)C2=NCC3=C(C4=C2C=C(C=C4)Cl)N=C(N=C3)NC5=CC(=C(C=C5)C(O)=O)OC)F,selleckchem,COc1cc(Nc2ncc3c(n2)-c2ccc(Cl)cc2C(c2c(F)cccc2OC)=NC3)ccc1C(=O)O,"InChI=1S/C27H20ClFN4O4/c1-36-21-5-3-4-20(29)23(21)25-19-10-15(28)6-8-17(19)24-14(12-30-25)13-31-27(33-24)32-16-7-9-18(26(34)35)22(11-16)37-2/h3-11,13H,12H2,1-2H3,(H,34,35)(H,31,32,33)",ZLHFILGSQDJULK-UHFFFAOYSA-N,ZLHFILGSQDJULK,COc1cc(Nc2ncc3c(n2)-c2ccc(Cl)cc2C(c2c(F)cccc2OC)=NC3)ccc1C(=O)O,O00444_WT;O14818_WT;O14965_WT;O15530_WT;P00519_WT;P00533_WT;P04899_WT;P06239_WT;P07947_WT;P07949_WT;P08922_WT;P11362_WT;P12931_WT;P14867_WT;P16591_WT;P17612_WT;P17948_WT;P22607_WT;P29317_WT;P29376_WT;P31689_WT;P33991_WT;P35968_WT;P42685_WT;P51451_WT;P51812_WT;P54764_WT;P97477_WT;Q5S007_WT;Q6JQN1_WT;Q96GD4_WT;Q05397_WT;Q06187_WT;Q07912_WT;Q15118_WT;Q16288_WT,O00444_WT;O14965_WT;O15530_WT;P00533_WT;P04899_WT;P06239_WT;P07947_WT;P08922_WT;P16591_WT;P22607_WT;P29317_WT;P42685_WT;P51451_WT;P97477_WT;Q6JQN1_WT;Q96GD4_WT;Q15118_WT,O14965_WT;P07947_WT;P29317_WT;P51451_WT;P97477_WT;Q6JQN1_WT;Q96GD4_WT,O14965_WT;P07947_WT;P97477_WT,O14965_WT;P97477_WT,O14965_WT;P97477_WT,P97477_WT,inactive
4'-hydroxyflavanone,inactive,O=C1CC(c2ccc(O)cc2)Oc2c1cccc2,spectrum,O=C1CC(c2ccc(O)cc2)Oc2ccccc21,"InChI=1S/C15H12O3/c16-11-7-5-10(6-8-11)15-9-13(17)12-3-1-2-4-14(12)18-15/h1-8,15-16H,9H2",ZLHVIYHWWQYJID-UHFFFAOYSA-N,ZLHVIYHWWQYJID,O=C1CC(c2ccc(O)cc2)Oc2ccccc21,P37136_WT,P37136_WT,,,,,,inactive
Obtusaquinone,inactive,COC1=CC(=O)C(O)=C/C1=C\C=C\c1ccccc1,spectrum,COC1=CC(=O)C(=O)C=C1C=CCc1ccccc1,"InChI=1S/C16H14O3/c1-19-16-11-15(18)14(17)10-13(16)9-5-8-12-6-3-2-4-7-12/h2-7,9-11H,8H2,1H3",ZLRBWFOLQZYJPC-UHFFFAOYSA-N,ZLRBWFOLQZYJPC,COC1=CC(=O)C(=O)C=C1C=CCc1ccccc1,,,,,,,,inactive
Glyburide,reducer,COc1c(C(=O)NCCc2ccc(S(=O)(=O)NC(=O)NC3CCCCC3)cc2)cc(Cl)cc1,spectrum,COc1ccc(Cl)cc1C(=O)NCCc1ccc(S(=O)(=O)NC(=O)NC2CCCCC2)cc1,"InChI=1S/C23H28ClN3O5S/c1-32-21-12-9-17(24)15-20(21)22(28)25-14-13-16-7-10-19(11-8-16)33(30,31)27-23(29)26-18-5-3-2-4-6-18/h7-12,15,18H,2-6,13-14H2,1H3,(H,25,28)(H2,26,27,29)",ZNNLBTZKUZBEKO-UHFFFAOYSA-N,ZNNLBTZKUZBEKO,COc1ccc(Cl)cc1C(=O)NCCc1ccc(S(=O)(=O)NC(=O)NC2CCCCC2)cc1,O94925_WT;P37231_WT,,,,,,,reducer
Tropisetron hydrochloride,inactive,CN1C2CCC1CC(OC(=O)c1c[nH]c3c1cccc3)C2,spectrum,CN1C2CCC1CC(OC(=O)c1c[nH]c3ccccc13)C2,"InChI=1S/C17H20N2O2/c1-19-11-6-7-12(19)9-13(8-11)21-17(20)15-10-18-16-5-3-2-4-14(15)16/h2-5,10-13,18H,6-9H2,1H3",ZNRGQMMCGHDTEI-UHFFFAOYSA-N,ZNRGQMMCGHDTEI,CN1C2CCC1CC(OC(=O)c1c[nH]c3ccccc13)C2,P08684_WT;P08908_WT;P31645_WT;P36544_WT;P46098_WT;P49582_WT;Q05941_WT;Q13639_WT;Q62758_WT,P08908_WT;P36544_WT;P46098_WT;P49582_WT;Q05941_WT;Q13639_WT;Q62758_WT,P08908_WT;P36544_WT;P46098_WT;P49582_WT;Q05941_WT;Q62758_WT,P08908_WT;P36544_WT;P46098_WT;P49582_WT;Q05941_WT,P08908_WT;P36544_WT;P46098_WT;P49582_WT,P46098_WT,,inactive
Flavanone,inactive,O=C1CC(c2ccccc2)Oc2c1cccc2,spectrum,O=C1CC(c2ccccc2)Oc2ccccc21,"InChI=1S/C15H12O2/c16-13-10-15(11-6-2-1-3-7-11)17-14-9-5-4-8-12(13)14/h1-9,15H,10H2",ZONYXWQDUYMKFB-UHFFFAOYSA-N,ZONYXWQDUYMKFB,O=C1CC(c2ccccc2)Oc2ccccc21,,,,,,,,inactive
Ethaverine hydrochloride,inactive,CCOc1ccc(Cc2nccc3cc(OCC)c(OCC)cc23)cc1OCC,spectrum,CCOc1ccc(Cc2nccc3cc(OCC)c(OCC)cc23)cc1OCC,"InChI=1S/C24H29NO4/c1-5-26-21-10-9-17(14-22(21)27-6-2)13-20-19-16-24(29-8-4)23(28-7-3)15-18(19)11-12-25-20/h9-12,14-16H,5-8,13H2,1-4H3",ZOWYFYXTIWQBEP-UHFFFAOYSA-N,ZOWYFYXTIWQBEP,CCOc1ccc(Cc2nccc3cc(OCC)c(OCC)cc23)cc1OCC,Q9NUW8_WT,Q9NUW8_WT,Q9NUW8_WT,Q9NUW8_WT,Q9NUW8_WT,Q9NUW8_WT,,inactive
Fenbufen,inactive,O=C(O)CCC(=O)c1ccc(-c2ccccc2)cc1,spectrum,O=C(O)CCC(=O)c1ccc(-c2ccccc2)cc1,"InChI=1S/C16H14O3/c17-15(10-11-16(18)19)14-8-6-13(7-9-14)12-4-2-1-3-5-12/h1-9H,10-11H2,(H,18,19)",ZPAKPRAICRBAOD-UHFFFAOYSA-N,ZPAKPRAICRBAOD,O=C(O)CCC(=O)c1ccc(-c2ccccc2)cc1,,,,,,,,inactive
Chlorpromazine,inactive,CN(C)CCCN1c2c(cccc2)Sc2c1cc(Cl)cc2,spectrum,CN(C)CCCN1c2ccccc2Sc2ccc(Cl)cc21,"InChI=1S/C17H19ClN2S/c1-19(2)10-5-11-20-14-6-3-4-7-16(14)21-17-9-8-13(18)12-15(17)20/h3-4,6-9,12H,5,10-11H2,1-2H3",ZPEIMTDSQAKGNT-UHFFFAOYSA-N,ZPEIMTDSQAKGNT,CN(C)CCCN1c2ccccc2Sc2ccc(Cl)cc21,O35433_WT;P08172_WT;P08173_WT;P08482_WT;P08908_WT;P08912_WT;P08913_WT;P10635_WT;P11229_WT;P14416_WT;P15823_WT;P18089_WT;P18825_WT;P18901_WT;P20309_WT;P21728_WT;P21917_WT;P21918_WT;P23975_WT;P25100_WT;P28223_WT;P28335_WT;P31645_WT;P32305_WT;P34969_WT;P35367_WT;P35462_WT;P41595_WT;P43140_WT;P50406_WT;P61169_WT;Q06278_WT;Q99720_WT,P08173_WT;P08912_WT;P08913_WT;P11229_WT;P14416_WT;P15823_WT;P18089_WT;P18825_WT;P18901_WT;P20309_WT;P21728_WT;P21917_WT;P21918_WT;P23975_WT;P25100_WT;P28223_WT;P28335_WT;P31645_WT;P32305_WT;P34969_WT;P35367_WT;P35462_WT;P41595_WT;P43140_WT;P50406_WT;P61169_WT;Q99720_WT,P08912_WT;P14416_WT;P15823_WT;P18089_WT;P18901_WT;P20309_WT;P21728_WT;P21917_WT;P23975_WT;P25100_WT;P28223_WT;P28335_WT;P31645_WT;P32305_WT;P34969_WT;P35367_WT;P35462_WT;P41595_WT;P43140_WT;P50406_WT;P61169_WT,P08912_WT;P14416_WT;P15823_WT;P18089_WT;P18901_WT;P21917_WT;P23975_WT;P25100_WT;P28223_WT;P28335_WT;P32305_WT;P35367_WT;P35462_WT;P43140_WT;P61169_WT,P14416_WT;P15823_WT;P25100_WT;P28223_WT;P35367_WT;P35462_WT;P43140_WT;P61169_WT,P14416_WT;P25100_WT,,inactive
Alverine citrate,inactive,CCN(CCCc1ccccc1)CCCc1ccccc1,spectrum,CCN(CCCc1ccccc1)CCCc1ccccc1,"InChI=1S/C20H27N/c1-2-21(17-9-15-19-11-5-3-6-12-19)18-10-16-20-13-7-4-8-14-20/h3-8,11-14H,2,9-10,15-18H2,1H3",ZPFXAOWNKLFJDN-UHFFFAOYSA-N,ZPFXAOWNKLFJDN,CCN(CCCc1ccccc1)CCCc1ccccc1,P51450_WT,P51450_WT,,,,,,inactive
Hydroxyzine pamoate,inactive,OCCOCCN1CCN(C(c2ccccc2)c2ccc(Cl)cc2)CC1,spectrum,OCCOCCN1CCN(C(c2ccccc2)c2ccc(Cl)cc2)CC1,"InChI=1S/C21H27ClN2O2/c22-20-8-6-19(7-9-20)21(18-4-2-1-3-5-18)24-12-10-23(11-13-24)14-16-26-17-15-25/h1-9,21,25H,10-17H2",ZQDWXGKKHFNSQK-UHFFFAOYSA-N,ZQDWXGKKHFNSQK,OCCOCCN1CCN(C(c2ccccc2)c2ccc(Cl)cc2)CC1,P03372_WT;P10635_WT;P14416_WT;P28223_WT;P35367_WT;Q9Y6L6_WT,P28223_WT;P35367_WT,P28223_WT;P35367_WT,P35367_WT,P35367_WT,P35367_WT,,inactive
Daidzein,inactive,O=c1c(-c2ccc(O)cc2)coc2cc(O)ccc12,spectrum,O=c1c(-c2ccc(O)cc2)coc2cc(O)ccc12,"InChI=1S/C15H10O4/c16-10-3-1-9(2-4-10)13-8-19-14-7-11(17)5-6-12(14)15(13)18/h1-8,16-17H",ZQSIJRDFPHDXIC-UHFFFAOYSA-N,ZQSIJRDFPHDXIC,O=c1c(-c2ccc(O)cc2)coc2cc(O)ccc12,O43570_WT;P22748_WT;P43166_WT;P97697_WT;Q9NUW8_WT,O43570_WT;P43166_WT,O43570_WT;P43166_WT,P43166_WT,P43166_WT,,,inactive
Gemifloxacin mesylate,inactive,CO/N=C1\CN(c2nc3c(cc2F)c(=O)c(C(=O)O)cn3C2CC2)CC1CN,spectrum,CO/N=C1\CN(c2nc3c(cc2F)c(=O)c(C(=O)O)cn3C2CC2)CC1CN,"InChI=1S/C18H20FN5O4/c1-28-22-14-8-23(6-9(14)5-20)17-13(19)4-11-15(25)12(18(26)27)7-24(10-2-3-10)16(11)21-17/h4,7,9-10H,2-3,5-6,8,20H2,1H3,(H,26,27)/b22-14+",ZRCVYEYHRGVLOC-HYARGMPZSA-N,ZRCVYEYHRGVLOC,CO/N=C1\CN(c2nc3c(cc2F)c(=O)c(C(=O)O)cn3C2CC2)CC1CN,,,,,,,,inactive
Huperzine a,inactive,C/C=C1\[C@H]2C=C(C)C[C@]1(N)c1c(C2)[nH]c(=O)cc1,spectrum,C/C=C1\[C@H]2C=C(C)C[C@]1(N)c1ccc(=O)[nH]c1C2,"InChI=1S/C15H18N2O/c1-3-11-10-6-9(2)8-15(11,16)12-4-5-14(18)17-13(12)7-10/h3-6,10H,7-8,16H2,1-2H3,(H,17,18)/b11-3+/t10-,15+/m0/s1",ZRJBHWIHUMBLCN-YQEJDHNASA-N,ZRJBHWIHUMBLCN,C/C=C1\[C@H]2C=C(C)C[C@]1(N)c1ccc(=O)[nH]c1C2,P06276_WT;P21836_WT;P22303_WT;P37136_WT,P06276_WT;P21836_WT;P22303_WT;P37136_WT,P21836_WT;P22303_WT;P37136_WT,,,,,inactive
Deoxysappanone b trimethyl ether,inactive,COc1cc2c(cc1)C(=O)C(Cc1ccc(OC)c(OC)c1)CO2,spectrum,COc1ccc2c(c1)OCC(Cc1ccc(OC)c(OC)c1)C2=O,"InChI=1S/C19H20O5/c1-21-14-5-6-15-17(10-14)24-11-13(19(15)20)8-12-4-7-16(22-2)18(9-12)23-3/h4-7,9-10,13H,8,11H2,1-3H3",ZRSCGBGNKZDPOF-UHFFFAOYSA-N,ZRSCGBGNKZDPOF,COc1ccc2c(c1)OCC(Cc1ccc(OC)c(OC)c1)C2=O,,,,,,,,inactive
Totarol,reducer,CC(C)c1c2CCC3C(C)(C)CCC[C@]3(C)c2ccc1O,spectrum,CC(C)c1c(O)ccc2c1CCC1C(C)(C)CCC[C@]21C,"InChI=1S/C20H30O/c1-13(2)18-14-7-10-17-19(3,4)11-6-12-20(17,5)15(14)8-9-16(18)21/h8-9,13,17,21H,6-7,10-12H2,1-5H3/t17?,20-/m1/s1",ZRVDANDJSTYELM-UUSAFJCLSA-N,ZRVDANDJSTYELM,CC(C)c1c(O)ccc2c1CCC1C(C)(C)CCC[C@]21C,,,,,,,,reducer
Trimipramine maleate,inactive,CC(CN(C)C)CN1c2c(cccc2)CCc2c1cccc2,spectrum,CC(CN(C)C)CN1c2ccccc2CCc2ccccc21,"InChI=1S/C20H26N2/c1-16(14-21(2)3)15-22-19-10-6-4-8-17(19)12-13-18-9-5-7-11-20(18)22/h4-11,16H,12-15H2,1-3H3",ZSCDBOWYZJWBIY-UHFFFAOYSA-N,ZSCDBOWYZJWBIY,CC(CN(C)C)CN1c2ccccc2CCc2ccccc21,P08482_WT;P97697_WT,P08482_WT,,,,,,inactive
Streptozosin,antineoplastic,CN(N=O)C(=O)N[C@H]1[C@@H](O)O[C@H](CO)[C@@H](O)[C@@H]1O,spectrum,CN(N=O)C(=O)N[C@@H]1[C@@H](O)[C@H](O)[C@@H](CO)O[C@@H]1O,"InChI=1S/C8H15N3O7/c1-11(10-17)8(16)9-4-6(14)5(13)3(2-12)18-7(4)15/h3-7,12-15H,2H2,1H3,(H,9,16)/t3-,4-,5-,6-,7+/m1/s1",ZSJLQEPLLKMAKR-GKHCUFPYSA-N,ZSJLQEPLLKMAKR,CN(N=O)C(=O)N[C@@H]1[C@@H](O)[C@H](O)[C@@H](CO)O[C@@H]1O,,,,,,,,antineoplastic
Nitrofurantoin,inactive,O=C1CN(/N=C/c2ccc([N+](=O)[O-])o2)C(=O)N1,spectrum,O=c1[nH]c(O)cn1/N=C/c1ccc([N+](=O)[O-])o1,"InChI=1S/C8H6N4O5/c13-6-4-11(8(14)10-6)9-3-5-1-2-7(17-5)12(15)16/h1-4,13H,(H,10,14)/b9-3+",ZSPWEUZMDXEYMX-YCRREMRBSA-N,ZSPWEUZMDXEYMX,O=c1[nH]c(O)cn1/N=C/c1ccc([N+](=O)[O-])o1,P03372_WT,,,,,,,inactive
Diclazuril,inactive,N#CC(c1ccc(Cl)cc1)c1c(Cl)cc(-n2ncc(=O)[nH]c2=O)cc1Cl,spectrum,N#CC(c1ccc(Cl)cc1)c1c(Cl)cc(-n2ncc(=O)[nH]c2=O)cc1Cl,"InChI=1S/C17H9Cl3N4O2/c18-10-3-1-9(2-4-10)12(7-21)16-13(19)5-11(6-14(16)20)24-17(26)23-15(25)8-22-24/h1-6,8,12H,(H,23,25,26)",ZSZFUDFOPOMEET-UHFFFAOYSA-N,ZSZFUDFOPOMEET,N#CC(c1ccc(Cl)cc1)c1c(Cl)cc(-n2ncc(=O)[nH]c2=O)cc1Cl,,,,,,,,inactive
Mubritinib,reducer,C1=C(C=CC(=C1)/C=C/C2OC=C(N=2)COC3=CC=C(C=C3)CCCCN4N=NC=C4)C(F)(F)F,selleckchem,FC(F)(F)c1ccc(/C=C/c2nc(COc3ccc(CCCCn4ccnn4)cc3)co2)cc1,"InChI=1S/C25H23F3N4O2/c26-25(27,28)21-9-4-20(5-10-21)8-13-24-30-22(18-34-24)17-33-23-11-6-19(7-12-23)3-1-2-15-32-16-14-29-31-32/h4-14,16,18H,1-3,15,17H2/b13-8+",ZTFBIUXIQYRUNT-MDWZMJQESA-N,ZTFBIUXIQYRUNT,FC(F)(F)c1ccc(/C=C/c2nc(COc3ccc(CCCCn4ccnn4)cc3)co2)cc1,,,,,,,,reducer
Homatropine hydrobromide,inactive,CN1C2CC[C@H]1C[C@@H](OC(=O)C(O)c1ccccc1)C2,spectrum,CN1C2CC[C@H]1C[C@@H](OC(=O)C(O)c1ccccc1)C2,"InChI=1S/C16H21NO3/c1-17-12-7-8-13(17)10-14(9-12)20-16(19)15(18)11-5-3-2-4-6-11/h2-6,12-15,18H,7-10H2,1H3/t12-,13?,14+,15?/m0/s1",ZTVIKZXZYLEVOL-FGZQJIAISA-N,ZTVIKZXZYLEVOL,CN1C2CC[C@H]1C[C@@H](OC(=O)C(O)c1ccccc1)C2,P08172_WT;P08173_WT;P08482_WT;P08912_WT;P11229_WT;P11712_WT;P20309_WT,P08172_WT;P08173_WT;P08482_WT;P08912_WT;P11229_WT;P11712_WT;P20309_WT,P08173_WT;P08912_WT;P11229_WT;P11712_WT;P20309_WT,P11712_WT,P11712_WT,,,inactive
Cyt387,inactive,C1=C(C=CC(=C1)NC2=NC=CC(=N2)C3=CC=C(C=C3)C(NCC#N)=O)N4CCOCC4,selleckchem,N#CCNC(=O)c1ccc(-c2ccnc(Nc3ccc(N4CCOCC4)cc3)n2)cc1,"InChI=1S/C23H22N6O2/c24-10-12-25-22(30)18-3-1-17(2-4-18)21-9-11-26-23(28-21)27-19-5-7-20(8-6-19)29-13-15-31-16-14-29/h1-9,11H,12-16H2,(H,25,30)(H,26,27,28)",ZVHNDZWQTBEVRY-UHFFFAOYSA-N,ZVHNDZWQTBEVRY,N#CCNC(=O)c1ccc(-c2ccnc(Nc3ccc(N4CCOCC4)cc3)n2)cc1,A7MCY6_WT;O00238_WT;O00444_WT;O14578_WT;O14976_WT;O60313_WT;O60563_WT;O60583_WT;O60674_WT;O75116_WT;O75822_WT;O94806_WT;P07947_WT;P19784_WT;P23458_WT;P27448_WT;P29597_WT;P36894_WT;P36897_WT;P45983_WT;P49759_WT;P50750_WT;P51956_WT;P52333_WT;P63167_WT;P67870_WT;Q2M2I8_WT;Q6PHR2_WT;Q6ZSR9_WT;Q7KZI7_WT;Q8TD19_WT;Q9BZL6_WT;Q9H0K1_WT;Q9H6S1_WT;Q9NSY1_WT;Q9UHD2_WT;Q9UPZ9_WT;Q9Y2K2_WT;Q86TW2_WT;Q04771_WT;Q13555_WT;Q13557_WT;Q14164_WT;Q92844_WT,O00238_WT;O14578_WT;O60674_WT;O75116_WT;P19784_WT;P23458_WT;P51956_WT;P52333_WT;Q2M2I8_WT;Q6PHR2_WT;Q6ZSR9_WT;Q86TW2_WT;Q04771_WT;Q14164_WT,O00238_WT;O60674_WT;P23458_WT;Q2M2I8_WT;Q6ZSR9_WT;Q04771_WT,P23458_WT;Q2M2I8_WT;Q6ZSR9_WT;Q04771_WT,Q2M2I8_WT;Q6ZSR9_WT,Q6ZSR9_WT,,inactive
Antimycin a,inactive,CCCCC[C@H]1C(=O)O[C@H](C)[C@H](NC(=O)c2c(O)c(NC=O)ccc2)C(=O)O[C@@H](C)[C@@H]1OC(=O)CC(C)C,spectrum,CCCCCC1C(=O)O[C@H](C)C(NC(=O)c2cccc(NC=O)c2O)C(=O)O[C@@H](C)[C@@H]1OC(=O)CC(C)C,"InChI=1S/C27H38N2O9/c1-6-7-8-10-19-24(38-21(31)13-15(2)3)17(5)37-27(35)22(16(4)36-26(19)34)29-25(33)18-11-9-12-20(23(18)32)28-14-30/h9,11-12,14-17,19,22,24,32H,6-8,10,13H2,1-5H3,(H,28,30)(H,29,33)/t16-,17+,19?,22?,24+/m1/s1",ZVYMCLIDNNTNCL-IEPUFLMUSA-N,ZVYMCLIDNNTNCL,CCCCCC1C(=O)O[C@H](C)C(NC(=O)c2cccc(NC=O)c2O)C(=O)O[C@@H](C)[C@@H]1OC(=O)CC(C)C,P51450_WT;Q9NUW8_WT;Q96QE3_WT,P51450_WT;Q9NUW8_WT;Q96QE3_WT,Q9NUW8_WT;Q96QE3_WT,Q96QE3_WT,,,,inactive
Doxifluridine,inactive,C[C@H]1OC(n2cc(F)c(=O)[nH]c2=O)C(O)[C@@H]1O,spectrum,C[C@H]1OC(n2cc(F)c(=O)[nH]c2=O)C(O)[C@@H]1O,"InChI=1S/C9H11FN2O5/c1-3-5(13)6(14)8(17-3)12-2-4(10)7(15)11-9(12)16/h2-3,5-6,8,13-14H,1H3,(H,11,15,16)/t3-,5-,6?,8?/m1/s1",ZWAOHEXOSAUJHY-IRKUJEHTSA-N,ZWAOHEXOSAUJHY,C[C@H]1OC(n2cc(F)c(=O)[nH]c2=O)C(O)[C@@H]1O,,,,,,,,inactive
N-phenylanthranilic acid,inactive,O=C(O)c1c(Nc2ccccc2)cccc1,spectrum,O=C(O)c1ccccc1Nc1ccccc1,"InChI=1S/C13H11NO2/c15-13(16)11-8-4-5-9-12(11)14-10-6-2-1-3-7-10/h1-9,14H,(H,15,16)",ZWJINEZUASEZBH-UHFFFAOYSA-N,ZWJINEZUASEZBH,O=C(O)c1ccccc1Nc1ccccc1,O43570_WT;P00918_WT;P52895_WT;Q16790_WT,O43570_WT;P00918_WT;Q16790_WT,O43570_WT;P00918_WT;Q16790_WT,,,,,inactive
"7-desacetoxy-6,7-dehydrogedunin",reducer,CC1(C)C(=O)C=C[C@@]2(C)C1C=C[C@]1(C)C2CC[C@@]2(C)[C@H](c3cocc3)OC(=O)C3OC321,spectrum-validation,CC1(C)C(=O)C=C[C@@]2(C)C1C=C[C@]1(C)C2CC[C@@]2(C)[C@H](c3ccoc3)OC(=O)C3OC321,"InChI=1S/C26H30O5/c1-22(2)16-6-11-24(4)17(23(16,3)10-8-18(22)27)7-12-25(5)19(15-9-13-29-14-15)30-21(28)20-26(24,25)31-20/h6,8-11,13-14,16-17,19-20H,7,12H2,1-5H3/t16?,17?,19-,20?,23-,24+,25-,26?/m0/s1",ZXHLDNILIVGKPC-DLYRPXDVSA-N,ZXHLDNILIVGKPC,CC1(C)C(=O)C=C[C@@]2(C)C1C=C[C@]1(C)C2CC[C@@]2(C)[C@H](c3ccoc3)OC(=O)C3OC321,,,,,,,,inactive
7-desacetoxy-6.7-dehydrogedunin,inactive,CC1(C)C(=O)C=C[C@@]2(C)C1C=C[C@]1(C)C2CC[C@@]2(C)[C@H](c3cocc3)OC(=O)[C@H]3O[C@]321,spectrum,CC1(C)C(=O)C=C[C@@]2(C)C1C=C[C@]1(C)C2CC[C@@]2(C)[C@H](c3ccoc3)OC(=O)C3O[C@]321,"InChI=1S/C26H30O5/c1-22(2)16-6-11-24(4)17(23(16,3)10-8-18(22)27)7-12-25(5)19(15-9-13-29-14-15)30-21(28)20-26(24,25)31-20/h6,8-11,13-14,16-17,19-20H,7,12H2,1-5H3/t16?,17?,19-,20?,23-,24+,25-,26-/m0/s1",ZXHLDNILIVGKPC-SYOGUSECSA-N,ZXHLDNILIVGKPC,CC1(C)C(=O)C=C[C@@]2(C)C1C=C[C@]1(C)C2CC[C@@]2(C)[C@H](c3ccoc3)OC(=O)C3O[C@]321,,,,,,,,inactive
Aniracetam,inactive,COc1ccc(C(=O)N2CCCC2=O)cc1,spectrum,COc1ccc(C(=O)N2CCCC2=O)cc1,"InChI=1S/C12H13NO3/c1-16-10-6-4-9(5-7-10)12(15)13-8-2-3-11(13)14/h4-7H,2-3,8H2,1H3",ZXNRTKGTQJPIJK-UHFFFAOYSA-N,ZXNRTKGTQJPIJK,COc1ccc(C(=O)N2CCCC2=O)cc1,,,,,,,,inactive
Zomepirac sodium,inactive,Cc1c(C(=O)c2ccc(Cl)cc2)n(C)c(CC(=O)O)c1,spectrum,Cc1cc(CC(=O)O)n(C)c1C(=O)c1ccc(Cl)cc1,"InChI=1S/C15H14ClNO3/c1-9-7-12(8-13(18)19)17(2)14(9)15(20)10-3-5-11(16)6-4-10/h3-7H,8H2,1-2H3,(H,18,19)",ZXVNMYWKKDOREA-UHFFFAOYSA-N,ZXVNMYWKKDOREA,Cc1cc(CC(=O)O)n(C)c1C(=O)c1ccc(Cl)cc1,,,,,,,,inactive
Tak-285,inactive,C12=C(C(=NC=N1)NC3=CC=C(C(=C3)Cl)OC4=CC=CC(=C4)C(F)(F)F)N(C=C2)CCNC(=O)CC(O)(C)C,selleckchem,CC(C)(O)CC(=O)NCCn1ccc2ncnc(Nc3ccc(Oc4cccc(C(F)(F)F)c4)c(Cl)c3)c21,"InChI=1S/C26H25ClF3N5O3/c1-25(2,37)14-22(36)31-9-11-35-10-8-20-23(35)24(33-15-32-20)34-17-6-7-21(19(27)13-17)38-18-5-3-4-16(12-18)26(28,29)30/h3-8,10,12-13,15,37H,9,11,14H2,1-2H3,(H,31,36)(H,32,33,34)",ZYQXEVJIFYIBHZ-UHFFFAOYSA-N,ZYQXEVJIFYIBHZ,CC(C)(O)CC(=O)NCCn1ccc2ncnc(Nc3ccc(Oc4cccc(C(F)(F)F)c4)c(Cl)c3)c21,P00533_WT;P04626_WT;Q9UBE8_WT;Q15303_WT,P00533_WT;P04626_WT;Q15303_WT,P00533_WT;P04626_WT,P00533_WT;P04626_WT,,,,inactive
Trimeprazine tartrate,inactive,CC(CN(C)C)CN1c2c(cccc2)Sc2c1cccc2,spectrum,CC(CN(C)C)CN1c2ccccc2Sc2ccccc21,"InChI=1S/C18H22N2S/c1-14(12-19(2)3)13-20-15-8-4-6-10-17(15)21-18-11-7-5-9-16(18)20/h4-11,14H,12-13H2,1-3H3",ZZHLYYDVIOPZBE-UHFFFAOYSA-N,ZZHLYYDVIOPZBE,CC(CN(C)C)CN1c2ccccc2Sc2ccccc21,P10635_WT,P10635_WT,P10635_WT,P10635_WT,,,,inactive
Sulfadimethoxine,inactive,COc1cc(NS(=O)(=O)c2ccc(N)cc2)nc(OC)n1,spectrum,COc1cc(NS(=O)(=O)c2ccc(N)cc2)nc(OC)n1,"InChI=1S/C12H14N4O4S/c1-19-11-7-10(14-12(15-11)20-2)16-21(17,18)9-5-3-8(13)4-6-9/h3-7H,13H2,1-2H3,(H,14,15,16)",ZZORFUFYDOWNEF-UHFFFAOYSA-N,ZZORFUFYDOWNEF,COc1cc(NS(=O)(=O)c2ccc(N)cc2)nc(OC)n1,P50406_WT,,,,,,,inactive
Furosemide,inactive,NS(=O)(=O)c1cc(C(=O)O)c(NCc2ccco2)cc1Cl,spectrum,NS(=O)(=O)c1cc(C(=O)O)c(NCc2ccco2)cc1Cl,"InChI=1S/C12H11ClN2O5S/c13-9-5-10(15-6-7-2-1-3-20-7)8(12(16)17)4-11(9)21(14,18)19/h1-5,15H,6H2,(H,16,17)(H2,14,18,19)",ZZUFCTLCJUWOSV-UHFFFAOYSA-N,ZZUFCTLCJUWOSV,NS(=O)(=O)c1cc(C(=O)O)c(NCc2ccco2)cc1Cl,O43570_WT;P00915_WT;P00918_WT;P22748_WT;P23280_WT;P35218_WT;P43166_WT;Q9D6N1_WT;Q9ULX7_WT;Q9Y2D0_WT;Q16790_WT,O43570_WT;P00915_WT;P00918_WT;P23280_WT;Q9ULX7_WT,P00915_WT;P00918_WT;Q9ULX7_WT,,,,,inactive
Diphenhydramine hydrochloride,inactive,CN(C)CCOC(c1ccccc1)c1ccccc1,spectrum,CN(C)CCOC(c1ccccc1)c1ccccc1,"InChI=1S/C17H21NO/c1-18(2)13-14-19-17(15-9-5-3-6-10-15)16-11-7-4-8-12-16/h3-12,17H,13-14H2,1-2H3",ZZVUWRFHKOJYTH-UHFFFAOYSA-N,ZZVUWRFHKOJYTH,CN(C)CCOC(c1ccccc1)c1ccccc1,P03372_WT;P08172_WT;P08173_WT;P08482_WT;P08912_WT;P11229_WT;P20309_WT;P28223_WT;P28335_WT;P35367_WT;P41595_WT;P97697_WT;Q9NR56_WT,P03372_WT;P08173_WT;P08912_WT;P11229_WT;P20309_WT;P35367_WT;Q9NR56_WT,P35367_WT,P35367_WT,,,,inactive
Minocycline hydrochloride,inactive,CN(C)c1c2C[C@H]3C[C@H]4[C@H](N(C)C)C(O)=C(C(N)=O)C(=O)[C@@]4(O)C(O)=C3C(=O)c2c(O)cc1,spectrum,CN(C)c1ccc(O)c2c1C[C@H]1C[C@H]3C(N(C)C)C(=O)C(C(N)=O)C(=O)[C@@]3(O)C(=O)C1C2=O,"InChI=1S/C23H27N3O7/c1-25(2)12-5-6-13(27)15-10(12)7-9-8-11-17(26(3)4)19(29)16(22(24)32)21(31)23(11,33)20(30)14(9)18(15)28/h5-6,9,11,14,16-17,27,33H,7-8H2,1-4H3,(H2,24,32)/t9-,11-,14?,16?,17?,23-/m0/s1",ZZZRUAITSXLWBH-YLLKXDJQSA-N,ZZZRUAITSXLWBH,CN(C)c1ccc(O)c2c1C[C@H]1C[C@H]3C(N(C)C)C(=O)C(C(N)=O)C(=O)[C@@]3(O)C(=O)C1C2=O,P35363_WT,,,,,,,inactive
