"batch.code","well.name","plate.layout.info.Type","plate.layout.info.Stimulant","plate.layout.info.Stimulant dose","plate.layout.info.Stimulant unit","plate.layout.info.Stimulation solvent","plate.layout.info.Treatment","plate.layout.info.Treatment concentration","plate.layout.info.Treatment unit","plate.layout.info.Treatment solvent","plate.layout.info.Treatment 2","plate.layout.info.Treatment 2 concentration","plate.layout.info.Treatment 2 unit","plate.layout.info.Treatment 2 solvent","ID","obj.Mean(area).um2.meas","obj.Mean(area).meas.npi_plate","Fraction_dead_cells","increase_death_cells_pct","obj.count_corrected.meas"
"4042","C03","ref_ctrl","FSK",2.5,"uM","0.1pctDMSO","rapamycin",0.03,"uM","0.1pctDMSO","DMSO",0.1,"pct","0.1pctDMSO","4042_1",2173.914,37.28131927222846,0.199,-0.9500000000000008,865
"4042","C04","ref_ctrl","FSK",2.5,"uM","0.1pctDMSO","rapamycin",0.03,"uM","0.1pctDMSO","DMSO",0.1,"pct","0.1pctDMSO","4042_1",2178.681,37.59646093128022,0.187,-2.150000000000002,804
"4042","C05","treatment","FSK",2.5,"uM","0.1pctDMSO","DMSO",0.1,"pct","0.1pctDMSO","Aldosterone",1,"uM","0.1pctDMSO","4042_1",2517.547,59.99173798969078,0.166,-4.250000000000001,803
"4042","C06","treatment","FSK",2.5,"uM","0.1pctDMSO","DMSO",0.1,"pct","0.1pctDMSO","Aldosterone",1,"uM","0.1pctDMSO","4042_1",2489.521,58.13993213473179,0.176,-3.2500000000000027,843
"4042","C07","treatment","FSK",2.5,"uM","0.1pctDMSO","Finerenone",1,"uM","0.1pctDMSO","DMSO",0.1,"pct","0.1pctDMSO","4042_1",3203.927,105.35470649164802,0.174,-3.450000000000003,789
"4042","C08","treatment","FSK",2.5,"uM","0.1pctDMSO","Finerenone",1,"uM","0.1pctDMSO","DMSO",0.1,"pct","0.1pctDMSO","4042_1",3283.632,110.62217382380743,0.163,-4.550000000000002,740
"4042","C09","treatment","FSK",2.5,"uM","0.1pctDMSO","Finerenone",1,"uM","0.1pctDMSO","Aldosterone",1,"uM","0.1pctDMSO","4042_1",2365.005,49.91069098033371,0.166,-4.250000000000001,803
"4042","C10","treatment","FSK",2.5,"uM","0.1pctDMSO","Finerenone",1,"uM","0.1pctDMSO","Aldosterone",1,"uM","0.1pctDMSO","4042_1",2468.969,56.78105803408603,0.169,-3.9500000000000006,799
"4042","C11","treatment","FSK",2.5,"uM","0.1pctDMSO","Esaxerenone",1,"uM","0.1pctDMSO","DMSO",0.1,"pct","0.1pctDMSO","4042_1",3044.001,94.78491102433676,0.194,-1.4500000000000013,823
"4042","C12","treatment","FSK",2.5,"uM","0.1pctDMSO","Esaxerenone",1,"uM","0.1pctDMSO","DMSO",0.1,"pct","0.1pctDMSO","4042_1",3051.902,95.3071258531637,0.19,-1.8500000000000016,776
"4042","C13","treatment","FSK",2.5,"uM","0.1pctDMSO","Esaxerenone",1,"uM","0.1pctDMSO","Aldosterone",1,"uM","0.1pctDMSO","4042_1",2475.68,57.22518466420986,0.192,-1.6500000000000015,812
"4042","C14","treatment","FSK",2.5,"uM","0.1pctDMSO","Esaxerenone",1,"uM","0.1pctDMSO","Aldosterone",1,"uM","0.1pctDMSO","4042_1",2372.025,50.37433966013333,0.199,-0.9500000000000008,787
"4042","C15","treatment","FSK",2.5,"uM","0.1pctDMSO","Apararenone",1,"uM","0.1pctDMSO","DMSO",0.1,"pct","0.1pctDMSO","4042_1",3187.891,104.29493808067751,0.203,-0.5500000000000005,767
"4042","C16","treatment","FSK",2.5,"uM","0.1pctDMSO","Apararenone",1,"uM","0.1pctDMSO","DMSO",0.1,"pct","0.1pctDMSO","4042_1",3124.846,100.12837490701973,0.184,-2.450000000000002,841
"4042","C17","treatment","FSK",2.5,"uM","0.1pctDMSO","Apararenone",1,"uM","0.1pctDMSO","Aldosterone",1,"uM","0.1pctDMSO","4042_1",2597.528,65.27803015546613,0.185,-2.3500000000000023,757
"4042","C18","treatment","FSK",2.5,"uM","0.1pctDMSO","Apararenone",1,"uM","0.1pctDMSO","Aldosterone",1,"uM","0.1pctDMSO","4042_1",2371.995,50.37224801195377,0.175,-3.350000000000003,874
"4042","C19","solvent_ctrl","DMSO",0.1,"pct","0.1pctDMSO","DMSO",0.1,"pct","0.1pctDMSO","DMSO",0.1,"pct","0.1pctDMSO","4042_1",1497.764,-7.405349651675228,0.21,0.14999999999999736,939
"4042","C20","solvent_ctrl","DMSO",0.1,"pct","0.1pctDMSO","DMSO",0.1,"pct","0.1pctDMSO","DMSO",0.1,"pct","0.1pctDMSO","4042_1",1584.8,-1.6533171579207566,0.215,0.6499999999999978,1017
"4042","C21","tox_ctrl","FSK",2.5,"uM","0.1pctDMSO","staurosporin",1,"uM","0.1pctDMSO","DMSO",0.1,"pct","0.1pctDMSO","4042_1",1213.394,-26.199505760965586,0.493,28.449999999999996,474
"4042","C22","tox_ctrl","FSK",2.5,"uM","0.1pctDMSO","staurosporin",1,"uM","0.1pctDMSO","DMSO",0.1,"pct","0.1pctDMSO","4042_1",1301.416,-20.381934957585308,0.453,24.45,508
"4042","D03","ref_ctrl","FSK",2.5,"uM","0.1pctDMSO","rapamycin",0.03,"uM","0.1pctDMSO","DMSO",0.1,"pct","0.1pctDMSO","4042_1",2108.92,32.9857711274986,0.19,-1.8500000000000016,842
"4042","D04","ref_ctrl","FSK",2.5,"uM","0.1pctDMSO","rapamycin",0.03,"uM","0.1pctDMSO","DMSO",0.1,"pct","0.1pctDMSO","4042_1",2289.738,44.93605439331091,0.179,-2.950000000000003,882
"4042","D05","treatment","FSK",2.5,"uM","0.1pctDMSO","DMSO",0.1,"pct","0.1pctDMSO","Aldosterone",1,"uM","0.1pctDMSO","4042_1",2581.009,64.18618980574254,0.167,-4.150000000000001,853
"4042","D06","treatment","FSK",2.5,"uM","0.1pctDMSO","DMSO",0.1,"pct","0.1pctDMSO","Aldosterone",1,"uM","0.1pctDMSO","4042_1",2699.317,72.00477070088954,0.176,-3.2500000000000027,815
"4042","D07","treatment","FSK",2.5,"uM","0.1pctDMSO","Finerenone",1,"uM","0.1pctDMSO","DMSO",0.1,"pct","0.1pctDMSO","4042_1",3251.36,108.48938989672925,0.182,-2.650000000000002,798
"4042","D08","treatment","FSK",2.5,"uM","0.1pctDMSO","Finerenone",1,"uM","0.1pctDMSO","DMSO",0.1,"pct","0.1pctDMSO","4042_1",3263.439,109.28770228525639,0.18,-2.8500000000000023,807
"4042","D09","treatment","FSK",2.5,"uM","0.1pctDMSO","Finerenone",1,"uM","0.1pctDMSO","Aldosterone",1,"uM","0.1pctDMSO","4042_1",2525.94,60.546721973330634,0.175,-3.350000000000003,855
"4042","D10","treatment","FSK",2.5,"uM","0.1pctDMSO","Finerenone",1,"uM","0.1pctDMSO","Aldosterone",1,"uM","0.1pctDMSO","4042_1",2498.031,58.701888278970095,0.18,-2.8500000000000023,834
"4042","D11","treatment","FSK",2.5,"uM","0.1pctDMSO","Esaxerenone",1,"uM","0.1pctDMSO","DMSO",0.1,"pct","0.1pctDMSO","4042_1",3024.143,93.4727503997009,0.19,-1.8500000000000016,828
"4042","D12","treatment","FSK",2.5,"uM","0.1pctDMSO","Esaxerenone",1,"uM","0.1pctDMSO","DMSO",0.1,"pct","0.1pctDMSO","4042_1",2798.475,78.55860166347038,0.195,-1.3500000000000012,810
"4042","D13","treatment","FSK",2.5,"uM","0.1pctDMSO","Esaxerenone",1,"uM","0.1pctDMSO","Aldosterone",1,"uM","0.1pctDMSO","4042_1",2520.807,60.20717775218414,0.178,-3.0500000000000025,841
"4042","D14","treatment","FSK",2.5,"uM","0.1pctDMSO","Esaxerenone",1,"uM","0.1pctDMSO","Aldosterone",1,"uM","0.1pctDMSO","4042_1",2343.574,48.4939479467205,0.178,-3.0500000000000025,839
"4042","D15","treatment","FSK",2.5,"uM","0.1pctDMSO","Apararenone",1,"uM","0.1pctDMSO","DMSO",0.1,"pct","0.1pctDMSO","4042_1",3416.681,119.41546277062334,0.191,-1.7500000000000016,775
"4042","D16","treatment","FSK",2.5,"uM","0.1pctDMSO","Apararenone",1,"uM","0.1pctDMSO","DMSO",0.1,"pct","0.1pctDMSO","4042_1",3021.033,93.26707166204547,0.204,-0.4500000000000032,861
"4042","D17","treatment","FSK",2.5,"uM","0.1pctDMSO","Apararenone",1,"uM","0.1pctDMSO","Aldosterone",1,"uM","0.1pctDMSO","4042_1",2680.842,70.78394538009388,0.178,-3.0500000000000025,787
"4042","D18","treatment","FSK",2.5,"uM","0.1pctDMSO","Apararenone",1,"uM","0.1pctDMSO","Aldosterone",1,"uM","0.1pctDMSO","4042_1",2599.011,65.37564040384498,0.172,-3.650000000000003,802
"4042","D19","solvent_ctrl","DMSO",0.1,"pct","0.1pctDMSO","DMSO",0.1,"pct","0.1pctDMSO","DMSO",0.1,"pct","0.1pctDMSO","4042_1",1572.958,-2.435593577071354,0.218,0.9499999999999981,936
"4042","D20","solvent_ctrl","DMSO",0.1,"pct","0.1pctDMSO","DMSO",0.1,"pct","0.1pctDMSO","DMSO",0.1,"pct","0.1pctDMSO","4042_1",1661.008,3.3833716584286253,0.229,2.049999999999999,861
"4042","D21","tox_ctrl","FSK",2.5,"uM","0.1pctDMSO","staurosporin",1,"uM","0.1pctDMSO","DMSO",0.1,"pct","0.1pctDMSO","4042_1",1328.114,-18.617978326167268,0.454,24.55,510
"4042","D22","tox_ctrl","FSK",2.5,"uM","0.1pctDMSO","staurosporin",1,"uM","0.1pctDMSO","DMSO",0.1,"pct","0.1pctDMSO","4042_1",1274.666,-22.150074885362443,0.484,27.549999999999997,507
"4042","E03","solvent_ctrl","DMSO",0.1,"pct","0.1pctDMSO","DMSO",0.1,"pct","0.1pctDMSO","DMSO",0.1,"pct","0.1pctDMSO","4042_1",1618.963,0.6042684438703918,0.242,3.3499999999999974,932
"4042","E04","solvent_ctrl","DMSO",0.1,"pct","0.1pctDMSO","DMSO",0.1,"pct","0.1pctDMSO","DMSO",0.1,"pct","0.1pctDMSO","4042_1",1644.475,2.2908340926451953,0.197,-1.150000000000001,932
"4042","E05","treatment","FSK",2.5,"uM","0.1pctDMSO","DMSO",0.1,"pct","0.1pctDMSO","Aldosterone",0.1,"uM","0.1pctDMSO","4042_1",2807.844,79.17772952461631,0.163,-4.550000000000002,803
"4042","E06","treatment","FSK",2.5,"uM","0.1pctDMSO","DMSO",0.1,"pct","0.1pctDMSO","Aldosterone",0.1,"uM","0.1pctDMSO","4042_1",3205.535,105.46068333274508,0.176,-3.2500000000000027,777
"4042","E07","treatment","FSK",2.5,"uM","0.1pctDMSO","Finerenone",0.1,"uM","0.1pctDMSO","DMSO",0.1,"pct","0.1pctDMSO","4042_1",3121.801,99.92687946572335,0.167,-4.150000000000001,793
"4042","E08","treatment","FSK",2.5,"uM","0.1pctDMSO","Finerenone",0.1,"uM","0.1pctDMSO","DMSO",0.1,"pct","0.1pctDMSO","4042_1",3202.26,105.24454635419187,0.156,-5.250000000000002,794
"4042","E09","treatment","FSK",2.5,"uM","0.1pctDMSO","Finerenone",0.1,"uM","0.1pctDMSO","Aldosterone",1,"uM","0.1pctDMSO","4042_1",2518.498,60.054487435077206,0.171,-3.7500000000000004,796
"4042","E10","treatment","FSK",2.5,"uM","0.1pctDMSO","Finerenone",0.1,"uM","0.1pctDMSO","Aldosterone",1,"uM","0.1pctDMSO","4042_1",2437.138,54.67755718152152,0.174,-3.450000000000003,822
"4042","E11","treatment","FSK",2.5,"uM","0.1pctDMSO","Esaxerenone",0.1,"uM","0.1pctDMSO","DMSO",0.1,"pct","0.1pctDMSO","4042_1",3016.449,92.96447989207095,0.188,-2.0500000000000016,806
"4042","E12","treatment","FSK",2.5,"uM","0.1pctDMSO","Esaxerenone",0.1,"uM","0.1pctDMSO","DMSO",0.1,"pct","0.1pctDMSO","4042_1",3145.815,101.5144404339996,0.193,-1.5500000000000014,770
"4042","E13","treatment","FSK",2.5,"uM","0.1pctDMSO","Esaxerenone",0.1,"uM","0.1pctDMSO","Aldosterone",1,"uM","0.1pctDMSO","4042_1",2364.945,49.90650768397462,0.168,-4.050000000000001,888
"4042","E14","treatment","FSK",2.5,"uM","0.1pctDMSO","Esaxerenone",0.1,"uM","0.1pctDMSO","Aldosterone",1,"uM","0.1pctDMSO","4042_1",2602.604,65.6133910802535,0.186,-2.2500000000000018,850
"4042","E15","treatment","FSK",2.5,"uM","0.1pctDMSO","Apararenone",0.1,"uM","0.1pctDMSO","DMSO",0.1,"pct","0.1pctDMSO","4042_1",3133.056,100.67080900158226,0.176,-3.2500000000000027,775
"4042","E16","treatment","FSK",2.5,"uM","0.1pctDMSO","Apararenone",0.1,"uM","0.1pctDMSO","DMSO",0.1,"pct","0.1pctDMSO","4042_1",3141.489,101.22788463340164,0.185,-2.3500000000000023,819
"4042","E17","treatment","FSK",2.5,"uM","0.1pctDMSO","Apararenone",0.1,"uM","0.1pctDMSO","Aldosterone",1,"uM","0.1pctDMSO","4042_1",2748.909,75.2823833982398,0.164,-4.450000000000001,832
"4042","E18","treatment","FSK",2.5,"uM","0.1pctDMSO","Apararenone",0.1,"uM","0.1pctDMSO","Aldosterone",1,"uM","0.1pctDMSO","4042_1",2668.65,69.9779636149084,0.187,-2.150000000000002,806
"4042","E19","stim_only","FSK",2.5,"uM","0.1pctDMSO","DMSO",0.1,"pct","0.1pctDMSO","DMSO",0.1,"pct","0.1pctDMSO","4042_1",3032.557,94.02912881546041,0.19,-1.8500000000000016,857
"4042","E20","stim_only","FSK",2.5,"uM","0.1pctDMSO","DMSO",0.1,"pct","0.1pctDMSO","DMSO",0.1,"pct","0.1pctDMSO","4042_1",3212.449,105.91805706800604,0.184,-2.450000000000002,801
"4042","E21","ref_ctrl","FSK",2.5,"uM","0.1pctDMSO","rapamycin",0.03,"uM","0.1pctDMSO","DMSO",0.1,"pct","0.1pctDMSO","4042_1",2256.619,42.74749318144481,0.2,-0.8500000000000008,838
"4042","E22","ref_ctrl","FSK",2.5,"uM","0.1pctDMSO","rapamycin",0.03,"uM","0.1pctDMSO","DMSO",0.1,"pct","0.1pctDMSO","4042_1",2245.418,42.00704972588515,0.21,0.14999999999999736,829
"4042","F03","solvent_ctrl","DMSO",0.1,"pct","0.1pctDMSO","DMSO",0.1,"pct","0.1pctDMSO","DMSO",0.1,"pct","0.1pctDMSO","4042_1",1650.244,2.672211277382611,0.189,-1.9500000000000017,906
"4042","F04","solvent_ctrl","DMSO",0.1,"pct","0.1pctDMSO","DMSO",0.1,"pct","0.1pctDMSO","DMSO",0.1,"pct","0.1pctDMSO","4042_1",1562.278,-3.1418734456984225,0.214,0.5499999999999977,972
"4042","F05","treatment","FSK",2.5,"uM","0.1pctDMSO","DMSO",0.1,"pct","0.1pctDMSO","Aldosterone",0.1,"uM","0.1pctDMSO","4042_1",2929.19,87.19710864499982,0.167,-4.150000000000001,793
"4042","F06","treatment","FSK",2.5,"uM","0.1pctDMSO","DMSO",0.1,"pct","0.1pctDMSO","Aldosterone",0.1,"uM","0.1pctDMSO","4042_1",2747.831,75.21126736013522,0.176,-3.2500000000000027,834
"4042","F07","treatment","FSK",2.5,"uM","0.1pctDMSO","Finerenone",0.1,"uM","0.1pctDMSO","DMSO",0.1,"pct","0.1pctDMSO","4042_1",3303.736,111.95106763387967,0.165,-4.350000000000001,773
"4042","F08","treatment","FSK",2.5,"uM","0.1pctDMSO","Finerenone",0.1,"uM","0.1pctDMSO","DMSO",0.1,"pct","0.1pctDMSO","4042_1",3240.181,107.75103808934914,0.178,-3.0500000000000025,784
"4042","F09","treatment","FSK",2.5,"uM","0.1pctDMSO","Finerenone",0.1,"uM","0.1pctDMSO","Aldosterone",1,"uM","0.1pctDMSO","4042_1",2600.513,65.4753423004034,0.157,-5.150000000000002,819
"4042","F10","treatment","FSK",2.5,"uM","0.1pctDMSO","Finerenone",0.1,"uM","0.1pctDMSO","Aldosterone",1,"uM","0.1pctDMSO","4042_1",2768.144,76.55410549140443,0.171,-3.7500000000000004,798
"4042","F11","treatment","FSK",2.5,"uM","0.1pctDMSO","Esaxerenone",0.1,"uM","0.1pctDMSO","DMSO",0.1,"pct","0.1pctDMSO","4042_1",3115.107,99.48484448377909,0.184,-2.450000000000002,809
"4042","F12","treatment","FSK",2.5,"uM","0.1pctDMSO","Esaxerenone",0.1,"uM","0.1pctDMSO","DMSO",0.1,"pct","0.1pctDMSO","4042_1",3371.354,116.42022257751192,0.185,-2.3500000000000023,770
"4042","F13","treatment","FSK",2.5,"uM","0.1pctDMSO","Esaxerenone",0.1,"uM","0.1pctDMSO","Aldosterone",1,"uM","0.1pctDMSO","4042_1",2442.178,55.01082645812936,0.183,-2.5500000000000025,882
"4042","F14","treatment","FSK",2.5,"uM","0.1pctDMSO","Esaxerenone",0.1,"uM","0.1pctDMSO","Aldosterone",1,"uM","0.1pctDMSO","4042_1",2454.56,55.8293581123921,0.169,-3.9500000000000006,833
"4042","F15","treatment","FSK",2.5,"uM","0.1pctDMSO","Apararenone",0.1,"uM","0.1pctDMSO","DMSO",0.1,"pct","0.1pctDMSO","4042_1",3165.338,102.80429014472028,0.18,-2.8500000000000023,785
"4042","F16","treatment","FSK",2.5,"uM","0.1pctDMSO","Apararenone",0.1,"uM","0.1pctDMSO","DMSO",0.1,"pct","0.1pctDMSO","4042_1",3024.163,93.4741448318206,0.181,-2.7500000000000027,851
"4042","F17","treatment","FSK",2.5,"uM","0.1pctDMSO","Apararenone",0.1,"uM","0.1pctDMSO","Aldosterone",1,"uM","0.1pctDMSO","4042_1",2606.594,65.87693875087642,0.172,-3.650000000000003,821
"4042","F18","treatment","FSK",2.5,"uM","0.1pctDMSO","Apararenone",0.1,"uM","0.1pctDMSO","Aldosterone",1,"uM","0.1pctDMSO","4042_1",2770.341,76.69912643185302,0.182,-2.650000000000002,837
"4042","F19","stim_only","FSK",2.5,"uM","0.1pctDMSO","DMSO",0.1,"pct","0.1pctDMSO","DMSO",0.1,"pct","0.1pctDMSO","4042_1",3250.52,108.43430982800115,0.186,-2.2500000000000018,796
"4042","F20","stim_only","FSK",2.5,"uM","0.1pctDMSO","DMSO",0.1,"pct","0.1pctDMSO","DMSO",0.1,"pct","0.1pctDMSO","4042_1",3161.581,102.55608122741403,0.179,-2.950000000000003,865
"4042","F21","ref_ctrl","FSK",2.5,"uM","0.1pctDMSO","rapamycin",0.03,"uM","0.1pctDMSO","DMSO",0.1,"pct","0.1pctDMSO","4042_1",2200.579,39.04318425546694,0.215,0.6499999999999978,877
"4042","F22","ref_ctrl","FSK",2.5,"uM","0.1pctDMSO","rapamycin",0.03,"uM","0.1pctDMSO","DMSO",0.1,"pct","0.1pctDMSO","4042_1",2378.725,50.81707185813745,0.21,0.14999999999999736,875
"4042","G03","stim_only","FSK",2.5,"uM","0.1pctDMSO","DMSO",0.1,"pct","0.1pctDMSO","DMSO",0.1,"pct","0.1pctDMSO","4042_1",3117.809,99.66333179510042,0.176,-3.2500000000000027,869
"4042","G04","stim_only","FSK",2.5,"uM","0.1pctDMSO","DMSO",0.1,"pct","0.1pctDMSO","DMSO",0.1,"pct","0.1pctDMSO","4042_1",3289.402,111.00355100854482,0.176,-3.2500000000000027,779
"4042","G05","treatment","FSK",2.5,"uM","0.1pctDMSO","DMSO",0.1,"pct","0.1pctDMSO","Aldosterone",0.001,"uM","0.1pctDMSO","4042_1",3162.481,102.61534459250119,0.179,-2.950000000000003,773
"4042","G06","treatment","FSK",2.5,"uM","0.1pctDMSO","DMSO",0.1,"pct","0.1pctDMSO","Aldosterone",0.001,"uM","0.1pctDMSO","4042_1",3225.956,106.81049362461277,0.171,-3.7500000000000004,791
"4042","G07","treatment","FSK",2.5,"uM","0.1pctDMSO","Finerenone",0.001,"uM","0.1pctDMSO","DMSO",0.1,"pct","0.1pctDMSO","4042_1",3327.731,113.5372341700362,0.177,-3.150000000000003,803
"4042","G08","treatment","FSK",2.5,"uM","0.1pctDMSO","Finerenone",0.001,"uM","0.1pctDMSO","DMSO",0.1,"pct","0.1pctDMSO","4042_1",3159.064,102.38944658911014,0.175,-3.350000000000003,796
"4042","G09","treatment","FSK",2.5,"uM","0.1pctDMSO","Finerenone",0.001,"uM","0.1pctDMSO","Aldosterone",1,"uM","0.1pctDMSO","4042_1",2636.118,67.82844650239386,0.162,-4.650000000000001,841
"4042","G10","treatment","FSK",2.5,"uM","0.1pctDMSO","Finerenone",0.001,"uM","0.1pctDMSO","Aldosterone",1,"uM","0.1pctDMSO","4042_1",2558.637,62.70739454280275,0.186,-2.2500000000000018,863
"4042","G11","treatment","FSK",2.5,"uM","0.1pctDMSO","Esaxerenone",0.001,"uM","0.1pctDMSO","DMSO",0.1,"pct","0.1pctDMSO","4042_1",3054.412,95.47306327540778,0.182,-2.650000000000002,808
"4042","G12","treatment","FSK",2.5,"uM","0.1pctDMSO","Esaxerenone",0.001,"uM","0.1pctDMSO","DMSO",0.1,"pct","0.1pctDMSO","4042_1",3232.336,107.23230934082144,0.187,-2.150000000000002,763
"4042","G13","treatment","FSK",2.5,"uM","0.1pctDMSO","Esaxerenone",0.001,"uM","0.1pctDMSO","Aldosterone",1,"uM","0.1pctDMSO","4042_1",2478.227,57.39321373463346,0.174,-3.450000000000003,813
"4042","G14","treatment","FSK",2.5,"uM","0.1pctDMSO","Esaxerenone",0.001,"uM","0.1pctDMSO","Aldosterone",1,"uM","0.1pctDMSO","4042_1",2694.671,71.69799563455597,0.172,-3.650000000000003,797
"4042","G15","treatment","FSK",2.5,"uM","0.1pctDMSO","Apararenone",0.001,"uM","0.1pctDMSO","DMSO",0.1,"pct","0.1pctDMSO","4042_1",3125.335,100.16044684577278,0.181,-2.7500000000000027,781
"4042","G16","treatment","FSK",2.5,"uM","0.1pctDMSO","Apararenone",0.001,"uM","0.1pctDMSO","DMSO",0.1,"pct","0.1pctDMSO","4042_1",3149.439,101.7535855425278,0.173,-3.5500000000000034,750
"4042","G17","treatment","FSK",2.5,"uM","0.1pctDMSO","Apararenone",0.001,"uM","0.1pctDMSO","Aldosterone",1,"uM","0.1pctDMSO","4042_1",2610.973,66.16628341571379,0.185,-2.3500000000000023,800
"4042","G18","treatment","FSK",2.5,"uM","0.1pctDMSO","Apararenone",0.001,"uM","0.1pctDMSO","Aldosterone",1,"uM","0.1pctDMSO","4042_1",2633.186,67.63462043775583,0.18,-2.8500000000000023,831
"4042","G19","tox_ctrl","FSK",2.5,"uM","0.1pctDMSO","staurosporin",1,"uM","0.1pctDMSO","DMSO",0.1,"pct","0.1pctDMSO","4042_1",1267.305,-22.63673169513706,0.486,27.749999999999996,494
"4042","G20","tox_ctrl","FSK",2.5,"uM","0.1pctDMSO","staurosporin",1,"uM","0.1pctDMSO","DMSO",0.1,"pct","0.1pctDMSO","4042_1",1389.847,-14.537869943930765,0.459,25.05,488
"4042","G21","stim_only","FSK",2.5,"uM","0.1pctDMSO","DMSO",0.1,"pct","0.1pctDMSO","DMSO",0.1,"pct","0.1pctDMSO","4042_1",3050.884,95.2401931114182,0.192,-1.6500000000000015,784
"4042","G22","stim_only","FSK",2.5,"uM","0.1pctDMSO","DMSO",0.1,"pct","0.1pctDMSO","DMSO",0.1,"pct","0.1pctDMSO","4042_1",3116.191,99.55596052188366,0.202,-0.6500000000000006,792
"4042","H03","stim_only","FSK",2.5,"uM","0.1pctDMSO","DMSO",0.1,"pct","0.1pctDMSO","DMSO",0.1,"pct","0.1pctDMSO","4042_1",3158.401,102.34621919339948,0.172,-3.650000000000003,832
"4042","H04","stim_only","FSK",2.5,"uM","0.1pctDMSO","DMSO",0.1,"pct","0.1pctDMSO","DMSO",0.1,"pct","0.1pctDMSO","4042_1",3091.929,97.95306080029077,0.175,-3.350000000000003,826
"4042","H05","treatment","FSK",2.5,"uM","0.1pctDMSO","DMSO",0.1,"pct","0.1pctDMSO","Aldosterone",0.001,"uM","0.1pctDMSO","4042_1",3105.224,98.83155303570054,0.164,-4.450000000000001,837
"4042","H06","treatment","FSK",2.5,"uM","0.1pctDMSO","DMSO",0.1,"pct","0.1pctDMSO","Aldosterone",0.001,"uM","0.1pctDMSO","4042_1",3069.635,96.47914604976991,0.172,-3.650000000000003,794
"4042","H07","treatment","FSK",2.5,"uM","0.1pctDMSO","Finerenone",0.001,"uM","0.1pctDMSO","DMSO",0.1,"pct","0.1pctDMSO","4042_1",3123.7,100.05237835649616,0.178,-3.0500000000000025,790
"4042","H08","treatment","FSK",2.5,"uM","0.1pctDMSO","Finerenone",0.001,"uM","0.1pctDMSO","DMSO",0.1,"pct","0.1pctDMSO","4042_1",3201.297,105.1810996927456,0.185,-2.3500000000000023,811
"4042","H09","treatment","FSK",2.5,"uM","0.1pctDMSO","Finerenone",0.001,"uM","0.1pctDMSO","Aldosterone",1,"uM","0.1pctDMSO","4042_1",2629.146,67.36758668683365,0.167,-4.150000000000001,819
"4042","H10","treatment","FSK",2.5,"uM","0.1pctDMSO","Finerenone",0.001,"uM","0.1pctDMSO","Aldosterone",1,"uM","0.1pctDMSO","4042_1",2591.965,64.90990007586582,0.179,-2.950000000000003,797
"4042","H11","treatment","FSK",2.5,"uM","0.1pctDMSO","Esaxerenone",0.001,"uM","0.1pctDMSO","DMSO",0.1,"pct","0.1pctDMSO","4042_1",3128.829,100.39122536158278,0.173,-3.5500000000000034,811
"4042","H12","treatment","FSK",2.5,"uM","0.1pctDMSO","Esaxerenone",0.001,"uM","0.1pctDMSO","DMSO",0.1,"pct","0.1pctDMSO","4042_1",3401.185,118.39125237870512,0.186,-2.2500000000000018,802
"4042","H13","treatment","FSK",2.5,"uM","0.1pctDMSO","Esaxerenone",0.001,"uM","0.1pctDMSO","Aldosterone",1,"uM","0.1pctDMSO","4042_1",2688.719,71.30476577680109,0.157,-5.150000000000002,798
"4042","H14","treatment","FSK",2.5,"uM","0.1pctDMSO","Esaxerenone",0.001,"uM","0.1pctDMSO","Aldosterone",1,"uM","0.1pctDMSO","4042_1",2558.432,62.69414743766563,0.194,-1.4500000000000013,872
"4042","H15","treatment","FSK",2.5,"uM","0.1pctDMSO","Apararenone",0.001,"uM","0.1pctDMSO","DMSO",0.1,"pct","0.1pctDMSO","4042_1",3127.769,100.32150375559792,0.185,-2.3500000000000023,821
"4042","H16","treatment","FSK",2.5,"uM","0.1pctDMSO","Apararenone",0.001,"uM","0.1pctDMSO","DMSO",0.1,"pct","0.1pctDMSO","4042_1",3169.754,103.096423673797,0.187,-2.150000000000002,793
"4042","H17","treatment","FSK",2.5,"uM","0.1pctDMSO","Apararenone",0.001,"uM","0.1pctDMSO","Aldosterone",1,"uM","0.1pctDMSO","4042_1",2710.081,72.71662829799538,0.178,-3.0500000000000025,806
"4042","H18","treatment","FSK",2.5,"uM","0.1pctDMSO","Apararenone",0.001,"uM","0.1pctDMSO","Aldosterone",1,"uM","0.1pctDMSO","4042_1",2649.973,68.74389118897562,0.188,-2.0500000000000016,767
"4042","H19","tox_ctrl","FSK",2.5,"uM","0.1pctDMSO","staurosporin",1,"uM","0.1pctDMSO","DMSO",0.1,"pct","0.1pctDMSO","4042_1",1421.983,-12.414149825630634,0.447,23.849999999999998,473
"4042","H20","tox_ctrl","FSK",2.5,"uM","0.1pctDMSO","staurosporin",1,"uM","0.1pctDMSO","DMSO",0.1,"pct","0.1pctDMSO","4042_1",1383.069,-14.985482654353834,0.494,28.549999999999997,483
"4042","H21","stim_only","FSK",2.5,"uM","0.1pctDMSO","DMSO",0.1,"pct","0.1pctDMSO","DMSO",0.1,"pct","0.1pctDMSO","4042_1",2986.83,91.00669719601491,0.185,-2.3500000000000023,812
"4042","H22","stim_only","FSK",2.5,"uM","0.1pctDMSO","DMSO",0.1,"pct","0.1pctDMSO","DMSO",0.1,"pct","0.1pctDMSO","4042_1",3132.418,100.62897603799131,0.186,-2.2500000000000018,832
"4042","I03","solvent_ctrl","DMSO",0.1,"pct","0.1pctDMSO","DMSO",0.1,"pct","0.1pctDMSO","DMSO",0.1,"pct","0.1pctDMSO","4042_1",1646.687,2.436552249153644,0.194,-1.4500000000000013,922
"4042","I04","solvent_ctrl","DMSO",0.1,"pct","0.1pctDMSO","DMSO",0.1,"pct","0.1pctDMSO","DMSO",0.1,"pct","0.1pctDMSO","4042_1",1650.832,2.7105581606743123,0.18,-2.8500000000000023,901
"4042","I05","treatment","FSK",2.5,"uM","0.1pctDMSO","Benidipine",1,"uM","0.1pctDMSO","DMSO",0.1,"pct","0.1pctDMSO","4042_1",2816.305,79.73689680461524,0.183,-2.5500000000000025,814
"4042","I06","treatment","FSK",2.5,"uM","0.1pctDMSO","Benidipine",1,"uM","0.1pctDMSO","DMSO",0.1,"pct","0.1pctDMSO","4042_1",3091.518,97.92586937395663,0.186,-2.2500000000000018,844
"4042","I07","treatment","FSK",2.5,"uM","0.1pctDMSO","Benidipine",1,"uM","0.1pctDMSO","Aldosterone",1,"uM","0.1pctDMSO","4042_1",2531.834,60.93646575078624,0.157,-5.150000000000002,844
"4042","I08","treatment","FSK",2.5,"uM","0.1pctDMSO","Benidipine",1,"uM","0.1pctDMSO","Aldosterone",1,"uM","0.1pctDMSO","4042_1",2643.413,68.31022279974952,0.178,-3.0500000000000025,804
"4042","I09","treatment","FSK",2.5,"uM","0.1pctDMSO","Z318400112",1,"uM","0.1pctDMSO","DMSO",0.1,"pct","0.1pctDMSO","4042_1",3052.092,95.31967574224096,0.164,-4.450000000000001,761
"4042","I10","treatment","FSK",2.5,"uM","0.1pctDMSO","Z318400112",1,"uM","0.1pctDMSO","DMSO",0.1,"pct","0.1pctDMSO","4042_1",3295.677,111.41839456415501,0.18,-2.8500000000000023,786
"4042","I11","treatment","FSK",2.5,"uM","0.1pctDMSO","Z318400112",1,"uM","0.1pctDMSO","Aldosterone",1,"uM","0.1pctDMSO","4042_1",2584.271,64.40162956823589,0.174,-3.450000000000003,879
"4042","I12","treatment","FSK",2.5,"uM","0.1pctDMSO","Z318400112",1,"uM","0.1pctDMSO","Aldosterone",1,"uM","0.1pctDMSO","4042_1",2415.688,53.26011693184844,0.178,-3.0500000000000025,886
"4042","I13","treatment","FSK",2.5,"uM","0.1pctDMSO","Z90308949",1,"uM","0.1pctDMSO","DMSO",0.1,"pct","0.1pctDMSO","4042_1",2982.458,90.71804974723742,0.188,-2.0500000000000016,748
"4042","I14","treatment","FSK",2.5,"uM","0.1pctDMSO","Z90308949",1,"uM","0.1pctDMSO","DMSO",0.1,"pct","0.1pctDMSO","4042_1",3174.331,103.3990154437715,0.188,-2.0500000000000016,757
"4042","I15","treatment","FSK",2.5,"uM","0.1pctDMSO","Z90308949",1,"uM","0.1pctDMSO","Aldosterone",1,"uM","0.1pctDMSO","4042_1",2491.773,58.28843915547963,0.17,-3.8500000000000005,854
"4042","I16","treatment","FSK",2.5,"uM","0.1pctDMSO","Z90308949",1,"uM","0.1pctDMSO","Aldosterone",1,"uM","0.1pctDMSO","4042_1",2475.297,57.19938766999544,0.171,-3.7500000000000004,816
"4042","I17","treatment","FSK",2.5,"uM","0.1pctDMSO","Z95680027",1,"uM","0.1pctDMSO","DMSO",0.1,"pct","0.1pctDMSO","4042_1",3237.381,107.56557861742928,0.17,-3.8500000000000005,802
"4042","I18","treatment","FSK",2.5,"uM","0.1pctDMSO","Z95680027",1,"uM","0.1pctDMSO","DMSO",0.1,"pct","0.1pctDMSO","4042_1",3387.875,117.51206292723553,0.18,-2.8500000000000023,742
"4042","I19","treatment","FSK",2.5,"uM","0.1pctDMSO","Z95680027",1,"uM","0.1pctDMSO","Aldosterone",1,"uM","0.1pctDMSO","4042_1",2812.204,79.46567975733396,0.166,-4.250000000000001,788
"4042","I20","treatment","FSK",2.5,"uM","0.1pctDMSO","Z95680027",1,"uM","0.1pctDMSO","Aldosterone",1,"uM","0.1pctDMSO","4042_1",2586.733,64.56408091018072,0.171,-3.7500000000000004,821
"4042","I21","solvent_ctrl","DMSO",0.1,"pct","0.1pctDMSO","DMSO",0.1,"pct","0.1pctDMSO","DMSO",0.1,"pct","0.1pctDMSO","4042_1",1642.611,2.1674268500519225,0.212,0.34999999999999754,948
"4042","I22","solvent_ctrl","DMSO",0.1,"pct","0.1pctDMSO","DMSO",0.1,"pct","0.1pctDMSO","DMSO",0.1,"pct","0.1pctDMSO","4042_1",1619.546,0.6433125432219453,0.218,0.9499999999999981,852
"4042","J03","solvent_ctrl","DMSO",0.1,"pct","0.1pctDMSO","DMSO",0.1,"pct","0.1pctDMSO","DMSO",0.1,"pct","0.1pctDMSO","4042_1",1547.393,-4.1256453061454,0.193,-1.5500000000000014,972
"4042","J04","solvent_ctrl","DMSO",0.1,"pct","0.1pctDMSO","DMSO",0.1,"pct","0.1pctDMSO","DMSO",0.1,"pct","0.1pctDMSO","4042_1",1652.883,2.8465152923448676,0.186,-2.2500000000000018,941
"4042","J05","treatment","FSK",2.5,"uM","0.1pctDMSO","Benidipine",1,"uM","0.1pctDMSO","DMSO",0.1,"pct","0.1pctDMSO","4042_1",3117.519,99.64380974542463,0.173,-3.5500000000000034,842
"4042","J06","treatment","FSK",2.5,"uM","0.1pctDMSO","Benidipine",1,"uM","0.1pctDMSO","DMSO",0.1,"pct","0.1pctDMSO","4042_1",3105.443,98.84619457295739,0.17,-3.8500000000000005,804
"4042","J07","treatment","FSK",2.5,"uM","0.1pctDMSO","Benidipine",1,"uM","0.1pctDMSO","Aldosterone",1,"uM","0.1pctDMSO","4042_1",2600.673,65.48580054130112,0.176,-3.2500000000000027,786
"4042","J08","treatment","FSK",2.5,"uM","0.1pctDMSO","Benidipine",1,"uM","0.1pctDMSO","Aldosterone",1,"uM","0.1pctDMSO","4042_1",2532.829,61.00200406041204,0.167,-4.150000000000001,846
"4042","J09","treatment","FSK",2.5,"uM","0.1pctDMSO","Z318400112",1,"uM","0.1pctDMSO","DMSO",0.1,"pct","0.1pctDMSO","4042_1",3199.375,105.05420636985312,0.179,-2.950000000000003,783
"4042","J10","treatment","FSK",2.5,"uM","0.1pctDMSO","Z318400112",1,"uM","0.1pctDMSO","DMSO",0.1,"pct","0.1pctDMSO","4042_1",3218.431,106.31337857394043,0.173,-3.5500000000000034,801
"4042","J11","treatment","FSK",2.5,"uM","0.1pctDMSO","Z318400112",1,"uM","0.1pctDMSO","Aldosterone",1,"uM","0.1pctDMSO","4042_1",2505.374,59.18715065662502,0.175,-3.350000000000003,847
"4042","J12","treatment","FSK",2.5,"uM","0.1pctDMSO","Z318400112",1,"uM","0.1pctDMSO","Aldosterone",1,"uM","0.1pctDMSO","4042_1",2388.824,51.48430762741296,0.179,-2.950000000000003,834
"4042","J13","treatment","FSK",2.5,"uM","0.1pctDMSO","Z90308949",1,"uM","0.1pctDMSO","DMSO",0.1,"pct","0.1pctDMSO","4042_1",3045.837,94.90622661875052,0.193,-1.5500000000000014,808
"4042","J14","treatment","FSK",2.5,"uM","0.1pctDMSO","Z90308949",1,"uM","0.1pctDMSO","DMSO",0.1,"pct","0.1pctDMSO","4042_1",3010.36,92.56218622553808,0.182,-2.650000000000002,794
"4042","J15","treatment","FSK",2.5,"uM","0.1pctDMSO","Z90308949",1,"uM","0.1pctDMSO","Aldosterone",1,"uM","0.1pctDMSO","4042_1",2482.672,57.68674169582992,0.178,-3.0500000000000025,794
"4042","J16","treatment","FSK",2.5,"uM","0.1pctDMSO","Z90308949",1,"uM","0.1pctDMSO","Aldosterone",1,"uM","0.1pctDMSO","4042_1",2671.405,70.16063422258884,0.203,-0.5500000000000005,727
"4042","J17","treatment","FSK",2.5,"uM","0.1pctDMSO","Z95680027",1,"uM","0.1pctDMSO","DMSO",0.1,"pct","0.1pctDMSO","4042_1",3276.234,110.13342536585324,0.311,10.249999999999998,777
"4042","J18","treatment","FSK",2.5,"uM","0.1pctDMSO","Z95680027",1,"uM","0.1pctDMSO","DMSO",0.1,"pct","0.1pctDMSO","4042_1",3233.228,107.29157270590864,0.174,-3.450000000000003,811
"4042","J19","treatment","FSK",2.5,"uM","0.1pctDMSO","Z95680027",1,"uM","0.1pctDMSO","Aldosterone",1,"uM","0.1pctDMSO","4042_1",2844.568,81.60473862895077,0.183,-2.5500000000000025,803
"4042","J20","treatment","FSK",2.5,"uM","0.1pctDMSO","Z95680027",1,"uM","0.1pctDMSO","Aldosterone",1,"uM","0.1pctDMSO","4042_1",2793.682,78.24136835623905,0.181,-2.7500000000000027,792
"4042","J21","solvent_ctrl","DMSO",0.1,"pct","0.1pctDMSO","DMSO",0.1,"pct","0.1pctDMSO","DMSO",0.1,"pct","0.1pctDMSO","4042_1",1664.157,3.5911420442636364,0.23,2.149999999999999,895
"4042","J22","solvent_ctrl","DMSO",0.1,"pct","0.1pctDMSO","DMSO",0.1,"pct","0.1pctDMSO","DMSO",0.1,"pct","0.1pctDMSO","4042_1",1540.452,-4.58441347352607,0.209,0.04999999999999727,924
"4042","K03","ref_ctrl","FSK",2.5,"uM","0.1pctDMSO","rapamycin",0.03,"uM","0.1pctDMSO","DMSO",0.1,"pct","0.1pctDMSO","4042_1",2287.738,44.80358334193959,0.177,-3.150000000000003,815
"4042","K04","ref_ctrl","FSK",2.5,"uM","0.1pctDMSO","rapamycin",0.03,"uM","0.1pctDMSO","DMSO",0.1,"pct","0.1pctDMSO","4042_1",2254.608,42.614324914013665,0.195,-1.3500000000000012,873
"4042","K05","treatment","FSK",2.5,"uM","0.1pctDMSO","Benidipine",0.1,"uM","0.1pctDMSO","DMSO",0.1,"pct","0.1pctDMSO","4042_1",3394.795,117.96943666249649,0.176,-3.2500000000000027,789
"4042","K06","treatment","FSK",2.5,"uM","0.1pctDMSO","Benidipine",0.1,"uM","0.1pctDMSO","DMSO",0.1,"pct","0.1pctDMSO","4042_1",3109.506,99.11462275599925,0.186,-2.2500000000000018,823
"4042","K07","treatment","FSK",2.5,"uM","0.1pctDMSO","Benidipine",0.1,"uM","0.1pctDMSO","Aldosterone",1,"uM","0.1pctDMSO","4042_1",2427.69,54.05354880795663,0.163,-4.550000000000002,854
"4042","K08","treatment","FSK",2.5,"uM","0.1pctDMSO","Benidipine",0.1,"uM","0.1pctDMSO","Aldosterone",1,"uM","0.1pctDMSO","4042_1",2669.363,70.02537430697815,0.178,-3.0500000000000025,768
"4042","K09","treatment","FSK",2.5,"uM","0.1pctDMSO","Z318400112",0.1,"uM","0.1pctDMSO","DMSO",0.1,"pct","0.1pctDMSO","4042_1",3174.621,103.41784027738743,0.181,-2.7500000000000027,794
"4042","K10","treatment","FSK",2.5,"uM","0.1pctDMSO","Z318400112",0.1,"uM","0.1pctDMSO","DMSO",0.1,"pct","0.1pctDMSO","4042_1",3289.875,111.03492573123805,0.184,-2.450000000000002,753
"4042","K11","treatment","FSK",2.5,"uM","0.1pctDMSO","Z318400112",0.1,"uM","0.1pctDMSO","Aldosterone",1,"uM","0.1pctDMSO","4042_1",2618.305,66.65084857730885,0.168,-4.050000000000001,802
"4042","K12","treatment","FSK",2.5,"uM","0.1pctDMSO","Z318400112",0.1,"uM","0.1pctDMSO","Aldosterone",1,"uM","0.1pctDMSO","4042_1",2579.624,64.09485450190232,0.179,-2.950000000000003,852
"4042","K13","treatment","FSK",2.5,"uM","0.1pctDMSO","Z90308949",0.1,"uM","0.1pctDMSO","DMSO",0.1,"pct","0.1pctDMSO","4042_1",3048.197,95.0624030161567,0.183,-2.5500000000000025,767
"4042","K14","treatment","FSK",2.5,"uM","0.1pctDMSO","Z90308949",0.1,"uM","0.1pctDMSO","DMSO",0.1,"pct","0.1pctDMSO","4042_1",3093.912,98.08413741954239,0.188,-2.0500000000000016,780
"4042","K15","treatment","FSK",2.5,"uM","0.1pctDMSO","Z90308949",0.1,"uM","0.1pctDMSO","Aldosterone",1,"uM","0.1pctDMSO","4042_1",2538.946,61.40638937512446,0.177,-3.150000000000003,809
"4042","K16","treatment","FSK",2.5,"uM","0.1pctDMSO","Z90308949",0.1,"uM","0.1pctDMSO","Aldosterone",1,"uM","0.1pctDMSO","4042_1",2563.91,63.056002572727266,0.179,-2.950000000000003,821
"4042","K17","treatment","FSK",2.5,"uM","0.1pctDMSO","Z95680027",0.1,"uM","0.1pctDMSO","DMSO",0.1,"pct","0.1pctDMSO","4042_1",3151.946,101.91952296477187,0.184,-2.450000000000002,809
"4042","K18","treatment","FSK",2.5,"uM","0.1pctDMSO","Z95680027",0.1,"uM","0.1pctDMSO","DMSO",0.1,"pct","0.1pctDMSO","4042_1",3119.081,99.7469977222823,0.177,-3.150000000000003,795
"4042","K19","treatment","FSK",2.5,"uM","0.1pctDMSO","Z95680027",0.1,"uM","0.1pctDMSO","Aldosterone",1,"uM","0.1pctDMSO","4042_1",2597.874,65.30103828544114,0.187,-2.150000000000002,822
"4042","K20","treatment","FSK",2.5,"uM","0.1pctDMSO","Z95680027",0.1,"uM","0.1pctDMSO","Aldosterone",1,"uM","0.1pctDMSO","4042_1",2600.63,65.48301167706173,0.182,-2.650000000000002,847
"4042","K21","stim_only","FSK",2.5,"uM","0.1pctDMSO","DMSO",0.1,"pct","0.1pctDMSO","DMSO",0.1,"pct","0.1pctDMSO","4042_1",3047.888,95.04218375042107,0.18,-2.8500000000000023,782
"4042","K22","stim_only","FSK",2.5,"uM","0.1pctDMSO","DMSO",0.1,"pct","0.1pctDMSO","DMSO",0.1,"pct","0.1pctDMSO","4042_1",3037.848,94.3784340614448,0.18,-2.8500000000000023,792
"4042","L03","ref_ctrl","FSK",2.5,"uM","0.1pctDMSO","rapamycin",0.03,"uM","0.1pctDMSO","DMSO",0.1,"pct","0.1pctDMSO","4042_1",2340.909,48.31824949963854,0.196,-1.250000000000001,908
"4042","L04","ref_ctrl","FSK",2.5,"uM","0.1pctDMSO","rapamycin",0.03,"uM","0.1pctDMSO","DMSO",0.1,"pct","0.1pctDMSO","4042_1",2448.458,55.42567001373953,0.179,-2.950000000000003,892
"4042","L05","treatment","FSK",2.5,"uM","0.1pctDMSO","Benidipine",0.1,"uM","0.1pctDMSO","DMSO",0.1,"pct","0.1pctDMSO","4042_1",3160.571,102.48914848566852,0.172,-3.650000000000003,778
"4042","L06","treatment","FSK",2.5,"uM","0.1pctDMSO","Benidipine",0.1,"uM","0.1pctDMSO","DMSO",0.1,"pct","0.1pctDMSO","4042_1",3109.223,99.09579792238328,0.17,-3.8500000000000005,793
"4042","L07","treatment","FSK",2.5,"uM","0.1pctDMSO","Benidipine",0.1,"uM","0.1pctDMSO","Aldosterone",1,"uM","0.1pctDMSO","4042_1",2293.141,45.16125518064215,0.169,-3.9500000000000006,837
"4042","L08","treatment","FSK",2.5,"uM","0.1pctDMSO","Benidipine",0.1,"uM","0.1pctDMSO","Aldosterone",1,"uM","0.1pctDMSO","4042_1",2564.965,63.125724178712176,0.165,-4.350000000000001,801
"4042","L09","treatment","FSK",2.5,"uM","0.1pctDMSO","Z318400112",0.1,"uM","0.1pctDMSO","DMSO",0.1,"pct","0.1pctDMSO","4042_1",3328.267,113.57209497302867,0.168,-4.050000000000001,773
"4042","L10","treatment","FSK",2.5,"uM","0.1pctDMSO","Z318400112",0.1,"uM","0.1pctDMSO","DMSO",0.1,"pct","0.1pctDMSO","4042_1",3050.722,95.22973487052046,0.178,-3.0500000000000025,820
"4042","L11","treatment","FSK",2.5,"uM","0.1pctDMSO","Z318400112",0.1,"uM","0.1pctDMSO","Aldosterone",1,"uM","0.1pctDMSO","4042_1",2580.012,64.11995428005689,0.174,-3.450000000000003,779
"4042","L12","treatment","FSK",2.5,"uM","0.1pctDMSO","Z318400112",0.1,"uM","0.1pctDMSO","Aldosterone",1,"uM","0.1pctDMSO","4042_1",2558.917,62.72621937641867,0.295,8.649999999999997,809
"4042","L13","treatment","FSK",2.5,"uM","0.1pctDMSO","Z90308949",0.1,"uM","0.1pctDMSO","DMSO",0.1,"pct","0.1pctDMSO","4042_1",3184.699,104.08368161454322,0.19,-1.8500000000000016,761
"4042","L14","treatment","FSK",2.5,"uM","0.1pctDMSO","Z90308949",0.1,"uM","0.1pctDMSO","DMSO",0.1,"pct","0.1pctDMSO","4042_1",3152.795,101.97530024955981,0.172,-3.650000000000003,841
"4042","L15","treatment","FSK",2.5,"uM","0.1pctDMSO","Z90308949",0.1,"uM","0.1pctDMSO","Aldosterone",1,"uM","0.1pctDMSO","4042_1",2574.258,63.73997152743917,0.179,-2.950000000000003,817
"4042","L16","treatment","FSK",2.5,"uM","0.1pctDMSO","Z90308949",0.1,"uM","0.1pctDMSO","Aldosterone",1,"uM","0.1pctDMSO","4042_1",2690.898,71.44839228513001,0.176,-3.2500000000000027,803
"4042","L17","treatment","FSK",2.5,"uM","0.1pctDMSO","Z95680027",0.1,"uM","0.1pctDMSO","DMSO",0.1,"pct","0.1pctDMSO","4042_1",3109.811,99.13484202173487,0.183,-2.5500000000000025,830
"4042","L18","treatment","FSK",2.5,"uM","0.1pctDMSO","Z95680027",0.1,"uM","0.1pctDMSO","DMSO",0.1,"pct","0.1pctDMSO","4042_1",2984.315,90.84075977377083,0.186,-2.2500000000000018,849
"4042","L19","treatment","FSK",2.5,"uM","0.1pctDMSO","Z95680027",0.1,"uM","0.1pctDMSO","Aldosterone",1,"uM","0.1pctDMSO","4042_1",2625.399,67.12007498558725,0.189,-1.9500000000000017,842
"4042","L20","treatment","FSK",2.5,"uM","0.1pctDMSO","Z95680027",0.1,"uM","0.1pctDMSO","Aldosterone",1,"uM","0.1pctDMSO","4042_1",2682.56,70.89759159784926,0.19,-1.8500000000000016,869
"4042","L21","stim_only","FSK",2.5,"uM","0.1pctDMSO","DMSO",0.1,"pct","0.1pctDMSO","DMSO",0.1,"pct","0.1pctDMSO","4042_1",3101.062,98.55615269206015,0.204,-0.4500000000000032,798
"4042","L22","stim_only","FSK",2.5,"uM","0.1pctDMSO","DMSO",0.1,"pct","0.1pctDMSO","DMSO",0.1,"pct","0.1pctDMSO","4042_1",3178.697,103.68766289254899,0.188,-2.0500000000000016,860
"4042","M03","tox_ctrl","FSK",2.5,"uM","0.1pctDMSO","staurosporin",1,"uM","0.1pctDMSO","DMSO",0.1,"pct","0.1pctDMSO","4042_1",1218.158,-25.884364101913825,0.46,25.15,516
"4042","M04","tox_ctrl","FSK",2.5,"uM","0.1pctDMSO","staurosporin",1,"uM","0.1pctDMSO","DMSO",0.1,"pct","0.1pctDMSO","4042_1",1214.252,-26.143031260117823,0.48,27.149999999999995,490
"4042","M05","treatment","FSK",2.5,"uM","0.1pctDMSO","Benidipine",0.001,"uM","0.1pctDMSO","DMSO",0.1,"pct","0.1pctDMSO","4042_1",3251.574,108.50403143398609,0.172,-3.650000000000003,818
"4042","M06","treatment","FSK",2.5,"uM","0.1pctDMSO","Benidipine",0.001,"uM","0.1pctDMSO","DMSO",0.1,"pct","0.1pctDMSO","4042_1",3219.135,106.36009204995034,0.166,-4.250000000000001,863
"4042","M07","treatment","FSK",2.5,"uM","0.1pctDMSO","Benidipine",0.001,"uM","0.1pctDMSO","Aldosterone",1,"uM","0.1pctDMSO","4042_1",2508.807,59.41444309213579,0.178,-3.0500000000000025,833
"4042","M08","treatment","FSK",2.5,"uM","0.1pctDMSO","Benidipine",0.001,"uM","0.1pctDMSO","Aldosterone",1,"uM","0.1pctDMSO","4042_1",2656.058,69.14618485550851,0.176,-3.2500000000000027,846
"4042","M09","treatment","FSK",2.5,"uM","0.1pctDMSO","Z318400112",0.001,"uM","0.1pctDMSO","DMSO",0.1,"pct","0.1pctDMSO","4042_1",3131.959,100.59829853135798,0.175,-3.350000000000003,802
"4042","M10","treatment","FSK",2.5,"uM","0.1pctDMSO","Z318400112",0.001,"uM","0.1pctDMSO","DMSO",0.1,"pct","0.1pctDMSO","4042_1",3199.628,105.07024233922961,0.182,-2.650000000000002,785
"4042","M11","treatment","FSK",2.5,"uM","0.1pctDMSO","Z318400112",0.001,"uM","0.1pctDMSO","Aldosterone",1,"uM","0.1pctDMSO","4042_1",2420.511,53.57874467119945,0.16,-4.850000000000001,801
"4042","M12","treatment","FSK",2.5,"uM","0.1pctDMSO","Z318400112",0.001,"uM","0.1pctDMSO","Aldosterone",1,"uM","0.1pctDMSO","4042_1",2512.265,59.64312995976627,0.175,-3.350000000000003,864
"4042","M13","treatment","FSK",2.5,"uM","0.1pctDMSO","Z90308949",0.001,"uM","0.1pctDMSO","DMSO",0.1,"pct","0.1pctDMSO","4042_1",3125.561,100.17578559908947,0.179,-2.950000000000003,799
"4042","M14","treatment","FSK",2.5,"uM","0.1pctDMSO","Z90308949",0.001,"uM","0.1pctDMSO","DMSO",0.1,"pct","0.1pctDMSO","4042_1",3311.569,112.4690991663475,0.171,-3.7500000000000004,792
"4042","M15","treatment","FSK",2.5,"uM","0.1pctDMSO","Z90308949",0.001,"uM","0.1pctDMSO","Aldosterone",1,"uM","0.1pctDMSO","4042_1",2610.277,66.12026715576374,0.161,-4.750000000000002,809
"4042","M16","treatment","FSK",2.5,"uM","0.1pctDMSO","Z90308949",0.001,"uM","0.1pctDMSO","Aldosterone",1,"uM","0.1pctDMSO","4042_1",2557.653,62.64255344923681,0.192,-1.6500000000000015,875
"4042","M17","treatment","FSK",2.5,"uM","0.1pctDMSO","Z95680027",0.001,"uM","0.1pctDMSO","DMSO",0.1,"pct","0.1pctDMSO","4042_1",3141.425,101.22370133704254,0.178,-3.0500000000000025,793
"4042","M18","treatment","FSK",2.5,"uM","0.1pctDMSO","Z95680027",0.001,"uM","0.1pctDMSO","DMSO",0.1,"pct","0.1pctDMSO","4042_1",3223.149,106.62503415269296,0.196,-1.250000000000001,792
"4042","M19","treatment","FSK",2.5,"uM","0.1pctDMSO","Z95680027",0.001,"uM","0.1pctDMSO","Aldosterone",1,"uM","0.1pctDMSO","4042_1",2490.205,58.18455396256213,0.195,-1.3500000000000012,831
"4042","M20","treatment","FSK",2.5,"uM","0.1pctDMSO","Z95680027",0.001,"uM","0.1pctDMSO","Aldosterone",1,"uM","0.1pctDMSO","4042_1",2537.962,61.34085106549866,0.174,-3.450000000000003,862
"4042","M21","tox_ctrl","FSK",2.5,"uM","0.1pctDMSO","staurosporin",1,"uM","0.1pctDMSO","DMSO",0.1,"pct","0.1pctDMSO","4042_1",3271.183,109.79945887318559,0.193,-1.5500000000000014,805
"4042","M22","tox_ctrl","FSK",2.5,"uM","0.1pctDMSO","staurosporin",1,"uM","0.1pctDMSO","DMSO",0.1,"pct","0.1pctDMSO","4042_1",3225.548,106.78399941433854,0.192,-1.6500000000000015,819
"4042","N03","tox_ctrl","FSK",2.5,"uM","0.1pctDMSO","staurosporin",1,"uM","0.1pctDMSO","DMSO",0.1,"pct","0.1pctDMSO","4042_1",1208.066,-26.551599871189353,0.464,25.55,492
"4042","N04","tox_ctrl","FSK",2.5,"uM","0.1pctDMSO","staurosporin",1,"uM","0.1pctDMSO","DMSO",0.1,"pct","0.1pctDMSO","4042_1",1232.153,-24.959855606554022,0.472,26.349999999999994,530
"4042","N05","treatment","FSK",2.5,"uM","0.1pctDMSO","Benidipine",0.001,"uM","0.1pctDMSO","DMSO",0.1,"pct","0.1pctDMSO","4042_1",3177.224,103.59005264417014,0.167,-4.150000000000001,830
"4042","N06","treatment","FSK",2.5,"uM","0.1pctDMSO","Benidipine",0.001,"uM","0.1pctDMSO","DMSO",0.1,"pct","0.1pctDMSO","4042_1",3028.326,93.749545175461,0.173,-3.5500000000000034,830
"4042","N07","treatment","FSK",2.5,"uM","0.1pctDMSO","Benidipine",0.001,"uM","0.1pctDMSO","Aldosterone",1,"uM","0.1pctDMSO","4042_1",2529.758,60.79911418699597,0.181,-2.7500000000000027,848
"4042","N08","treatment","FSK",2.5,"uM","0.1pctDMSO","Benidipine",0.001,"uM","0.1pctDMSO","Aldosterone",1,"uM","0.1pctDMSO","4042_1",2446.453,55.293198962368194,0.167,-4.150000000000001,831
"4042","N09","treatment","FSK",2.5,"uM","0.1pctDMSO","Z318400112",0.001,"uM","0.1pctDMSO","DMSO",0.1,"pct","0.1pctDMSO","4042_1",3089.464,97.78991224228606,0.174,-3.450000000000003,824
"4042","N10","treatment","FSK",2.5,"uM","0.1pctDMSO","Z318400112",0.001,"uM","0.1pctDMSO","DMSO",0.1,"pct","0.1pctDMSO","4042_1",3192.453,104.59613541853227,0.192,-1.6500000000000015,820
"4042","N11","treatment","FSK",2.5,"uM","0.1pctDMSO","Z318400112",0.001,"uM","0.1pctDMSO","Aldosterone",1,"uM","0.1pctDMSO","4042_1",2542.409,61.63507624275495,0.179,-2.950000000000003,844
"4042","N12","treatment","FSK",2.5,"uM","0.1pctDMSO","Z318400112",0.001,"uM","0.1pctDMSO","Aldosterone",1,"uM","0.1pctDMSO","4042_1",2518.426,60.05030413871811,0.183,-2.5500000000000025,837
"4042","N13","treatment","FSK",2.5,"uM","0.1pctDMSO","Z90308949",0.001,"uM","0.1pctDMSO","DMSO",0.1,"pct","0.1pctDMSO","4042_1",3182.06,103.90937759958096,0.179,-2.950000000000003,814
"4042","N14","treatment","FSK",2.5,"uM","0.1pctDMSO","Z90308949",0.001,"uM","0.1pctDMSO","DMSO",0.1,"pct","0.1pctDMSO","4042_1",3202.222,105.24175748995246,0.188,-2.0500000000000016,833
"4042","N15","treatment","FSK",2.5,"uM","0.1pctDMSO","Z90308949",0.001,"uM","0.1pctDMSO","Aldosterone",1,"uM","0.1pctDMSO","4042_1",2704.745,72.36383697171179,0.19,-1.8500000000000016,841
"4042","N16","treatment","FSK",2.5,"uM","0.1pctDMSO","Z90308949",0.001,"uM","0.1pctDMSO","Aldosterone",1,"uM","0.1pctDMSO","4042_1",2560.421,62.82522405691725,0.163,-4.550000000000002,883
"4042","N17","treatment","FSK",2.5,"uM","0.1pctDMSO","Z95680027",0.001,"uM","0.1pctDMSO","DMSO",0.1,"pct","0.1pctDMSO","4042_1",3007.839,92.39555158723418,0.183,-2.5500000000000025,823
"4042","N18","treatment","FSK",2.5,"uM","0.1pctDMSO","Z95680027",0.001,"uM","0.1pctDMSO","DMSO",0.1,"pct","0.1pctDMSO","4042_1",2961.646,89.34244246115529,0.196,-1.250000000000001,875
"4042","N19","treatment","FSK",2.5,"uM","0.1pctDMSO","Z95680027",0.001,"uM","0.1pctDMSO","Aldosterone",1,"uM","0.1pctDMSO","4042_1",2447.765,55.380350969849324,0.182,-2.650000000000002,896
"4042","N20","treatment","FSK",2.5,"uM","0.1pctDMSO","Z95680027",0.001,"uM","0.1pctDMSO","Aldosterone",1,"uM","0.1pctDMSO","4042_1",2570.368,63.48269880135488,0.172,-3.650000000000003,871
"4042","N21","tox_ctrl","FSK",2.5,"uM","0.1pctDMSO","staurosporin",1,"uM","0.1pctDMSO","DMSO",0.1,"pct","0.1pctDMSO","4042_1",3136.58,100.90367916557183,0.192,-1.6500000000000015,830
"4042","N22","tox_ctrl","FSK",2.5,"uM","0.1pctDMSO","staurosporin",1,"uM","0.1pctDMSO","DMSO",0.1,"pct","0.1pctDMSO","4042_1",3232.987,107.27553673653209,0.18,-2.8500000000000023,837
"4042","C03","ref_ctrl","FSK",2.5,"uM","0.1pctDMSO","rapamycin",0.03,"uM","0.1pctDMSO","DMSO",0.1,"pct","0.1pctDMSO","4042_2",2204.601,38.869731364510216,0.188,-3.0062499999999965,814
"4042","C04","ref_ctrl","FSK",2.5,"uM","0.1pctDMSO","rapamycin",0.03,"uM","0.1pctDMSO","DMSO",0.1,"pct","0.1pctDMSO","4042_2",2356.103,48.99732385602742,0.289,7.093750000000002,821
"4042","C05","treatment","FSK",2.5,"uM","0.1pctDMSO","DMSO",0.1,"pct","0.1pctDMSO","CPA",1,"uM","0.1pctDMSO","4042_2",2936.344,87.78555881309377,0.179,-3.9062499999999973,782
"4042","C06","treatment","FSK",2.5,"uM","0.1pctDMSO","DMSO",0.1,"pct","0.1pctDMSO","CPA",1,"uM","0.1pctDMSO","4042_2",2942.247,88.17977399328724,0.188,-3.0062499999999965,832
"4042","C07","treatment","FSK",2.5,"uM","0.1pctDMSO","DPCPX",1,"uM","0.1pctDMSO","DMSO",0.1,"pct","0.1pctDMSO","4042_2",3160.973,102.80099641001495,0.184,-3.406249999999997,816
"4042","C08","treatment","FSK",2.5,"uM","0.1pctDMSO","DPCPX",1,"uM","0.1pctDMSO","DMSO",0.1,"pct","0.1pctDMSO","4042_2",3271.2,110.16978785516942,0.176,-4.206249999999997,810
"4042","C09","treatment","FSK",2.5,"uM","0.1pctDMSO","DPCPX",1,"uM","0.1pctDMSO","CPA",1,"uM","0.1pctDMSO","4042_2",3182.68,104.25232886231926,0.179,-3.9062499999999973,818
"4042","C10","treatment","FSK",2.5,"uM","0.1pctDMSO","DPCPX",1,"uM","0.1pctDMSO","CPA",1,"uM","0.1pctDMSO","4042_2",3191.097,104.81509042545767,0.18,-3.8062499999999972,816
"4042","C11","tox_ctrl","FSK",2.5,"uM","0.1pctDMSO","staurosporin",1,"uM","0.1pctDMSO","DMSO",0.1,"pct","0.1pctDMSO","4042_2",1337.239,-19.112340013531302,0.489,27.093750000000007,518
"4042","C12","tox_ctrl","FSK",2.5,"uM","0.1pctDMSO","staurosporin",1,"uM","0.1pctDMSO","DMSO",0.1,"pct","0.1pctDMSO","4042_2",1304.185,-21.32177858159226,0.461,24.293750000000006,506
"4042","C13","solvent_ctrl","DMSO",0.1,"pct","0.1pctDMSO","DMSO",0.1,"pct","0.1pctDMSO","DMSO",0.1,"pct","0.1pctDMSO","4042_2",1584.83,-2.5609441653376375,0.229,1.0937500000000044,989
"4042","C14","solvent_ctrl","DMSO",0.1,"pct","0.1pctDMSO","DMSO",0.1,"pct","0.1pctDMSO","DMSO",0.1,"pct","0.1pctDMSO","4042_2",1635.478,0.8247930083810479,0.225,0.6937500000000041,907
"4042","D03","ref_ctrl","FSK",2.5,"uM","0.1pctDMSO","rapamycin",0.03,"uM","0.1pctDMSO","DMSO",0.1,"pct","0.1pctDMSO","4042_2",2254.248,42.188473114045756,0.193,-2.506249999999996,816
"4042","D04","ref_ctrl","FSK",2.5,"uM","0.1pctDMSO","rapamycin",0.03,"uM","0.1pctDMSO","DMSO",0.1,"pct","0.1pctDMSO","4042_2",2204.989,38.89511910420067,0.195,-2.306249999999996,880
"4042","D05","treatment","FSK",2.5,"uM","0.1pctDMSO","DMSO",0.1,"pct","0.1pctDMSO","CPA",1,"uM","0.1pctDMSO","4042_2",2674.915,70.30892089618132,0.199,-1.9062499999999956,894
"4042","D06","treatment","FSK",2.5,"uM","0.1pctDMSO","DMSO",0.1,"pct","0.1pctDMSO","CPA",1,"uM","0.1pctDMSO","4042_2",2988.991,91.30458162018735,0.175,-4.306249999999998,864
"4042","D07","treatment","FSK",2.5,"uM","0.1pctDMSO","DPCPX",1,"uM","0.1pctDMSO","DMSO",0.1,"pct","0.1pctDMSO","4042_2",3525.905,127.1964986075677,0.178,-4.006249999999997,778
"4042","D08","treatment","FSK",2.5,"uM","0.1pctDMSO","DPCPX",1,"uM","0.1pctDMSO","DMSO",0.1,"pct","0.1pctDMSO","4042_2",3306.724,112.5442467312183,0.183,-3.506249999999997,814
"4042","D09","treatment","FSK",2.5,"uM","0.1pctDMSO","DPCPX",1,"uM","0.1pctDMSO","CPA",1,"uM","0.1pctDMSO","4042_2",3168.518,103.30593034385842,0.193,-2.506249999999996,852
"4042","D10","treatment","FSK",2.5,"uM","0.1pctDMSO","DPCPX",1,"uM","0.1pctDMSO","CPA",1,"uM","0.1pctDMSO","4042_2",3217.436,106.57601225898728,0.181,-3.706249999999997,806
"4042","D11","tox_ctrl","FSK",2.5,"uM","0.1pctDMSO","staurosporin",1,"uM","0.1pctDMSO","DMSO",0.1,"pct","0.1pctDMSO","4042_2",1323.465,-20.03264557731028,0.493,27.493750000000006,467
"4042","D12","tox_ctrl","FSK",2.5,"uM","0.1pctDMSO","staurosporin",1,"uM","0.1pctDMSO","DMSO",0.1,"pct","0.1pctDMSO","4042_2",1359.785,-17.60459036191486,0.459,24.093750000000007,520
"4042","D13","solvent_ctrl","DMSO",0.1,"pct","0.1pctDMSO","DMSO",0.1,"pct","0.1pctDMSO","DMSO",0.1,"pct","0.1pctDMSO","4042_2",1549.918,-4.8945005718852626,0.234,1.5937500000000049,964
"4042","D14","solvent_ctrl","DMSO",0.1,"pct","0.1pctDMSO","DMSO",0.1,"pct","0.1pctDMSO","DMSO",0.1,"pct","0.1pctDMSO","4042_2",1596.642,-1.7711033749679326,0.231,1.2937500000000046,903
"4042","E03","solvent_ctrl","DMSO",0.1,"pct","0.1pctDMSO","DMSO",0.1,"pct","0.1pctDMSO","DMSO",0.1,"pct","0.1pctDMSO","4042_2",1695.254,4.820541149662053,0.212,-0.6062499999999971,932
"4042","E04","solvent_ctrl","DMSO",0.1,"pct","0.1pctDMSO","DMSO",0.1,"pct","0.1pctDMSO","DMSO",0.1,"pct","0.1pctDMSO","4042_2",1644.316,1.4157631711755165,0.219,0.09375000000000355,906
"4042","E05","treatment","FSK",2.5,"uM","0.1pctDMSO","DMSO",0.1,"pct","0.1pctDMSO","CPA",0.1,"uM","0.1pctDMSO","4042_2",2800.196,78.68405413406579,0.178,-4.006249999999997,844
"4042","E06","treatment","FSK",2.5,"uM","0.1pctDMSO","DMSO",0.1,"pct","0.1pctDMSO","CPA",0.1,"uM","0.1pctDMSO","4042_2",2940.857,88.08668561442224,0.192,-2.606249999999996,841
"4042","E07","treatment","FSK",2.5,"uM","0.1pctDMSO","DPCPX",0.1,"uM","0.1pctDMSO","DMSO",0.1,"pct","0.1pctDMSO","4042_2",3302.477,112.2607503046749,0.185,-3.306249999999997,807
"4042","E08","treatment","FSK",2.5,"uM","0.1pctDMSO","DPCPX",0.1,"uM","0.1pctDMSO","DMSO",0.1,"pct","0.1pctDMSO","4042_2",3178.797,103.9928097454835,0.179,-3.9062499999999973,834
"4042","E09","treatment","FSK",2.5,"uM","0.1pctDMSO","DPCPX",0.1,"uM","0.1pctDMSO","CPA",1,"uM","0.1pctDMSO","4042_2",3028.673,93.95760041783987,0.179,-3.9062499999999973,767
"4042","E10","treatment","FSK",2.5,"uM","0.1pctDMSO","DPCPX",0.1,"uM","0.1pctDMSO","CPA",1,"uM","0.1pctDMSO","4042_2",3095.054,98.39481314373825,0.188,-3.0062499999999965,815
"4042","E11","ref_ctrl","FSK",2.5,"uM","0.1pctDMSO","rapamycin",0.03,"uM","0.1pctDMSO","DMSO",0.1,"pct","0.1pctDMSO","4042_2",2272.313,43.39580117932517,0.206,-1.2062499999999976,898
"4042","E12","ref_ctrl","FSK",2.5,"uM","0.1pctDMSO","rapamycin",0.03,"uM","0.1pctDMSO","DMSO",0.1,"pct","0.1pctDMSO","4042_2",2384.657,50.905635622759945,0.212,-0.6062499999999971,850
"4042","E13","stim_only","FSK",2.5,"uM","0.1pctDMSO","DMSO",0.1,"pct","0.1pctDMSO","DMSO",0.1,"pct","0.1pctDMSO","4042_2",3236.846,107.87360784316604,0.203,-1.5062499999999952,786
"4042","E14","stim_only","FSK",2.5,"uM","0.1pctDMSO","DMSO",0.1,"pct","0.1pctDMSO","DMSO",0.1,"pct","0.1pctDMSO","4042_2",3080.784,97.44065726037199,0.197,-2.1062499999999957,812
"4042","F03","solvent_ctrl","DMSO",0.1,"pct","0.1pctDMSO","DMSO",0.1,"pct","0.1pctDMSO","DMSO",0.1,"pct","0.1pctDMSO","4042_2",1582.715,-2.702692378609358,0.217,-0.10624999999999662,924
"4042","F04","solvent_ctrl","DMSO",0.1,"pct","0.1pctDMSO","DMSO",0.1,"pct","0.1pctDMSO","DMSO",0.1,"pct","0.1pctDMSO","4042_2",1599.366,-1.589157907186354,0.216,-0.2062499999999967,1009
"4042","F05","treatment","FSK",2.5,"uM","0.1pctDMSO","DMSO",0.1,"pct","0.1pctDMSO","CPA",0.1,"uM","0.1pctDMSO","4042_2",2999.243,91.99005059182966,0.185,-3.306249999999997,858
"4042","F06","treatment","FSK",2.5,"uM","0.1pctDMSO","DMSO",0.1,"pct","0.1pctDMSO","CPA",0.1,"uM","0.1pctDMSO","4042_2",2942.639,88.20586694796908,0.194,-2.406249999999996,851
"4042","F07","treatment","FSK",2.5,"uM","0.1pctDMSO","DPCPX",0.1,"uM","0.1pctDMSO","DMSO",0.1,"pct","0.1pctDMSO","4042_2",3204.351,105.70084045465799,0.196,-2.206249999999996,797
"4042","F08","treatment","FSK",2.5,"uM","0.1pctDMSO","DPCPX",0.1,"uM","0.1pctDMSO","DMSO",0.1,"pct","0.1pctDMSO","4042_2",3206.012,105.81226442329941,0.18,-3.8062499999999972,836
"4042","F09","treatment","FSK",2.5,"uM","0.1pctDMSO","DPCPX",0.1,"uM","0.1pctDMSO","CPA",1,"uM","0.1pctDMSO","4042_2",2996.678,91.8186833489191,0.188,-3.0062499999999965,817
"4042","F10","treatment","FSK",2.5,"uM","0.1pctDMSO","DPCPX",0.1,"uM","0.1pctDMSO","CPA",1,"uM","0.1pctDMSO","4042_2",2983.605,90.9442167595812,0.187,-3.1062499999999966,852
"4042","F11","ref_ctrl","FSK",2.5,"uM","0.1pctDMSO","rapamycin",0.03,"uM","0.1pctDMSO","DMSO",0.1,"pct","0.1pctDMSO","4042_2",2318.764,46.50086278646605,0.206,-1.2062499999999976,858
"4042","F12","ref_ctrl","FSK",2.5,"uM","0.1pctDMSO","rapamycin",0.03,"uM","0.1pctDMSO","DMSO",0.1,"pct","0.1pctDMSO","4042_2",2423.036,53.47120776147866,0.203,-1.5062499999999952,890
"4042","F13","stim_only","FSK",2.5,"uM","0.1pctDMSO","DMSO",0.1,"pct","0.1pctDMSO","DMSO",0.1,"pct","0.1pctDMSO","4042_2",3173.746,103.6550117646022,0.186,-3.2062499999999967,811
"4042","F14","stim_only","FSK",2.5,"uM","0.1pctDMSO","DMSO",0.1,"pct","0.1pctDMSO","DMSO",0.1,"pct","0.1pctDMSO","4042_2",3122.058,100.20016352172614,0.199,-1.9062499999999956,821
"4042","G03","stim_only","FSK",2.5,"uM","0.1pctDMSO","DMSO",0.1,"pct","0.1pctDMSO","DMSO",0.1,"pct","0.1pctDMSO","4042_2",3062.269,96.20300495046233,0.186,-3.2062499999999967,817
"4042","G04","stim_only","FSK",2.5,"uM","0.1pctDMSO","DMSO",0.1,"pct","0.1pctDMSO","DMSO",0.1,"pct","0.1pctDMSO","4042_2",3220.047,106.75020036186346,0.169,-4.906249999999996,789
"4042","G05","treatment","FSK",2.5,"uM","0.1pctDMSO","DMSO",0.1,"pct","0.1pctDMSO","CPA",0.001,"uM","0.1pctDMSO","4042_2",3013.138,92.91881873550545,0.189,-2.9062499999999964,815
"4042","G06","treatment","FSK",2.5,"uM","0.1pctDMSO","DMSO",0.1,"pct","0.1pctDMSO","CPA",0.001,"uM","0.1pctDMSO","4042_2",2868.875,83.27500372808969,0.191,-2.7062499999999963,838
"4042","G07","treatment","FSK",2.5,"uM","0.1pctDMSO","DPCPX",0.001,"uM","0.1pctDMSO","DMSO",0.1,"pct","0.1pctDMSO","4042_2",3134.213,101.01257119182068,0.19,-2.8062499999999964,799
"4042","G08","treatment","FSK",2.5,"uM","0.1pctDMSO","DPCPX",0.001,"uM","0.1pctDMSO","DMSO",0.1,"pct","0.1pctDMSO","4042_2",3256.932,109.21563197180315,0.175,-4.306249999999998,798
"4042","G09","treatment","FSK",2.5,"uM","0.1pctDMSO","DPCPX",0.001,"uM","0.1pctDMSO","CPA",1,"uM","0.1pctDMSO","4042_2",2758.293,75.88294018821894,0.191,-2.7062499999999963,826
"4042","G10","treatment","FSK",2.5,"uM","0.1pctDMSO","DPCPX",0.001,"uM","0.1pctDMSO","CPA",1,"uM","0.1pctDMSO","4042_2",2907.744,85.87372097140428,0.187,-3.1062499999999966,840
"4042","G11","stim_only","FSK",2.5,"uM","0.1pctDMSO","DMSO",0.1,"pct","0.1pctDMSO","DMSO",0.1,"pct","0.1pctDMSO","4042_2",3077.834,97.24390227777097,0.196,-2.206249999999996,837
"4042","G12","stim_only","FSK",2.5,"uM","0.1pctDMSO","DMSO",0.1,"pct","0.1pctDMSO","DMSO",0.1,"pct","0.1pctDMSO","4042_2",3172.233,103.55416602083174,0.183,-3.506249999999997,823
"4042","G13","tox_ctrl","FSK",2.5,"uM","0.1pctDMSO","staurosporin",0.001,"uM","0.1pctDMSO","DMSO",0.1,"pct","0.1pctDMSO","4042_2",1396.374,-15.15890477173438,0.47,25.193750000000005,457
"4042","G14","tox_ctrl","FSK",2.5,"uM","0.1pctDMSO","staurosporin",0.001,"uM","0.1pctDMSO","DMSO",0.1,"pct","0.1pctDMSO","4042_2",1451.923,-11.445242627013986,0.47,25.193750000000005,432
"4042","H03","stim_only","FSK",2.5,"uM","0.1pctDMSO","DMSO",0.1,"pct","0.1pctDMSO","DMSO",0.1,"pct","0.1pctDMSO","4042_2",2997.513,91.87439533323978,0.182,-3.606249999999997,830
"4042","H04","stim_only","FSK",2.5,"uM","0.1pctDMSO","DMSO",0.1,"pct","0.1pctDMSO","DMSO",0.1,"pct","0.1pctDMSO","4042_2",3146.707,101.84754574164006,0.176,-4.206249999999997,827
"4042","H05","treatment","FSK",2.5,"uM","0.1pctDMSO","DMSO",0.1,"pct","0.1pctDMSO","CPA",0.001,"uM","0.1pctDMSO","4042_2",2821.813,80.1290396514475,0.193,-2.506249999999996,872
"4042","H06","treatment","FSK",2.5,"uM","0.1pctDMSO","DMSO",0.1,"pct","0.1pctDMSO","CPA",0.001,"uM","0.1pctDMSO","4042_2",2880.362,84.04298285372593,0.181,-3.706249999999997,855
"4042","H07","treatment","FSK",2.5,"uM","0.1pctDMSO","DPCPX",0.001,"uM","0.1pctDMSO","DMSO",0.1,"pct","0.1pctDMSO","4042_2",3117.868,99.91948795514833,0.175,-4.306249999999998,798
"4042","H08","treatment","FSK",2.5,"uM","0.1pctDMSO","DPCPX",0.001,"uM","0.1pctDMSO","DMSO",0.1,"pct","0.1pctDMSO","4042_2",3208.622,105.9864525261756,0.176,-4.206249999999997,851
"4042","H09","treatment","FSK",2.5,"uM","0.1pctDMSO","DPCPX",0.001,"uM","0.1pctDMSO","CPA",1,"uM","0.1pctDMSO","4042_2",2782.689,77.51339724833926,0.198,-2.0062499999999956,851
"4042","H10","treatment","FSK",2.5,"uM","0.1pctDMSO","DPCPX",0.001,"uM","0.1pctDMSO","CPA",1,"uM","0.1pctDMSO","4042_2",3020.993,93.44349868910817,0.196,-2.206249999999996,799
"4042","H11","stim_only","FSK",2.5,"uM","0.1pctDMSO","DMSO",0.1,"pct","0.1pctDMSO","DMSO",0.1,"pct","0.1pctDMSO","4042_2",3081.764,97.50624225457234,0.202,-1.6062499999999953,835
"4042","H12","stim_only","FSK",2.5,"uM","0.1pctDMSO","DMSO",0.1,"pct","0.1pctDMSO","DMSO",0.1,"pct","0.1pctDMSO","4042_2",3057.006,95.85110266975295,0.178,-4.006249999999997,872
"4042","H13","tox_ctrl","FSK",2.5,"uM","0.1pctDMSO","staurosporin",0.001,"uM","0.1pctDMSO","DMSO",0.1,"pct","0.1pctDMSO","4042_2",1311.797,-20.812613357800366,0.477,25.893750000000004,514
"4042","H14","tox_ctrl","FSK",2.5,"uM","0.1pctDMSO","staurosporin",0.001,"uM","0.1pctDMSO","DMSO",0.1,"pct","0.1pctDMSO","4042_2",1399.907,-14.922657749614865,0.464,24.593750000000007,492
"4042","I03","solvent_ctrl","DMSO",0.1,"pct","0.1pctDMSO","DMSO",0.1,"pct","0.1pctDMSO","DMSO",0.1,"pct","0.1pctDMSO","4042_2",1654.071,2.067381823230525,0.213,-0.506249999999997,941
"4042","I04","solvent_ctrl","DMSO",0.1,"pct","0.1pctDMSO","DMSO",0.1,"pct","0.1pctDMSO","DMSO",0.1,"pct","0.1pctDMSO","4042_2",1648.835,1.717595187495365,0.192,-2.606249999999996,953
"4042","I05","treatment","FSK",2.5,"uM","0.1pctDMSO","Capadenoson",1,"uM","0.1pctDMSO","DMSO",0.1,"pct","0.1pctDMSO","4042_2",2588.553,64.53603097656851,0.192,-2.606249999999996,837
"4042","I06","treatment","FSK",2.5,"uM","0.1pctDMSO","Capadenoson",1,"uM","0.1pctDMSO","DMSO",0.1,"pct","0.1pctDMSO","4042_2",2652.173,68.78918258971106,0.2,-1.8062499999999955,884
"4042","I07","treatment","FSK",2.5,"uM","0.1pctDMSO","Capadenoson",1,"uM","0.1pctDMSO","CPA",1,"uM","0.1pctDMSO","4042_2",2703.94,72.24967255251832,0.186,-3.2062499999999967,849
"4042","I08","treatment","FSK",2.5,"uM","0.1pctDMSO","Capadenoson",1,"uM","0.1pctDMSO","CPA",1,"uM","0.1pctDMSO","4042_2",2722.641,73.4993135172818,0.186,-3.2062499999999967,823
"4042","I09","treatment","FSK",2.5,"uM","0.1pctDMSO","MIPS521",1,"uM","0.1pctDMSO","DMSO",0.1,"pct","0.1pctDMSO","4042_2",1941.769,21.300005068732748,0.185,-3.306249999999997,942
"4042","I10","treatment","FSK",2.5,"uM","0.1pctDMSO","MIPS521",1,"uM","0.1pctDMSO","DMSO",0.1,"pct","0.1pctDMSO","4042_2",1846.5,14.931208481385646,0.19,-2.8062499999999964,902
"4042","I11","treatment","FSK",2.5,"uM","0.1pctDMSO","MIPS521",1,"uM","0.1pctDMSO","CPA",1,"uM","0.1pctDMSO","4042_2",1966.332,22.94174556871549,0.18,-3.8062499999999972,969
"4042","I12","treatment","FSK",2.5,"uM","0.1pctDMSO","MIPS521",1,"uM","0.1pctDMSO","CPA",1,"uM","0.1pctDMSO","4042_2",1926.649,20.288726771062972,0.193,-2.506249999999996,934
"4042","I13","solvent_ctrl","DMSO",0.1,"pct","0.1pctDMSO","DMSO",0.1,"pct","0.1pctDMSO","DMSO",0.1,"pct","0.1pctDMSO","4042_2",1663.969,2.7295787001565466,0.24,2.1937500000000028,894
"4042","I14","solvent_ctrl","DMSO",0.1,"pct","0.1pctDMSO","DMSO",0.1,"pct","0.1pctDMSO","DMSO",0.1,"pct","0.1pctDMSO","4042_2",1587.422,-2.387461277452877,0.221,0.29375000000000373,931
"4042","J03","solvent_ctrl","DMSO",0.1,"pct","0.1pctDMSO","DMSO",0.1,"pct","0.1pctDMSO","DMSO",0.1,"pct","0.1pctDMSO","4042_2",1644.505,1.4284570410207444,0.218,-0.006249999999996536,926
"4042","J04","solvent_ctrl","DMSO",0.1,"pct","0.1pctDMSO","DMSO",0.1,"pct","0.1pctDMSO","DMSO",0.1,"pct","0.1pctDMSO","4042_2",1665.672,2.843118313772192,0.194,-2.406249999999996,972
"4042","J05","treatment","FSK",2.5,"uM","0.1pctDMSO","Capadenoson",1,"uM","0.1pctDMSO","DMSO",0.1,"pct","0.1pctDMSO","4042_2",2744.335,74.94994075459475,0.199,-1.9062499999999956,834
"4042","J06","treatment","FSK",2.5,"uM","0.1pctDMSO","Capadenoson",1,"uM","0.1pctDMSO","DMSO",0.1,"pct","0.1pctDMSO","4042_2",2524.18,60.23280909903643,0.184,-3.406249999999997,887
"4042","J07","treatment","FSK",2.5,"uM","0.1pctDMSO","Capadenoson",1,"uM","0.1pctDMSO","CPA",1,"uM","0.1pctDMSO","4042_2",2666.555,69.75039062299133,0.201,-1.7062499999999954,879
"4042","J08","treatment","FSK",2.5,"uM","0.1pctDMSO","Capadenoson",1,"uM","0.1pctDMSO","CPA",1,"uM","0.1pctDMSO","4042_2",2897.17,85.16639033502852,0.181,-3.706249999999997,821
"4042","J09","treatment","FSK",2.5,"uM","0.1pctDMSO","MIPS521",1,"uM","0.1pctDMSO","DMSO",0.1,"pct","0.1pctDMSO","4042_2",1873.705,16.749957944210152,0.197,-2.1062499999999957,890
"4042","J10","treatment","FSK",2.5,"uM","0.1pctDMSO","MIPS521",1,"uM","0.1pctDMSO","DMSO",0.1,"pct","0.1pctDMSO","4042_2",1829.752,13.811327075040019,0.188,-3.0062499999999965,900
"4042","J11","treatment","FSK",2.5,"uM","0.1pctDMSO","MIPS521",1,"uM","0.1pctDMSO","CPA",1,"uM","0.1pctDMSO","4042_2",1946.143,21.59196407517299,0.201,-1.7062499999999954,875
"4042","J12","treatment","FSK",2.5,"uM","0.1pctDMSO","MIPS521",1,"uM","0.1pctDMSO","CPA",1,"uM","0.1pctDMSO","4042_2",1994.361,24.815501800869335,0.202,-1.6062499999999953,948
"4042","J13","solvent_ctrl","DMSO",0.1,"pct","0.1pctDMSO","DMSO",0.1,"pct","0.1pctDMSO","DMSO",0.1,"pct","0.1pctDMSO","4042_2",1563.041,-4.017213122581772,0.221,0.29375000000000373,989
"4042","J14","solvent_ctrl","DMSO",0.1,"pct","0.1pctDMSO","DMSO",0.1,"pct","0.1pctDMSO","DMSO",0.1,"pct","0.1pctDMSO","4042_2",1654.194,2.0758444031273435,0.207,-1.1062499999999975,977
"4042","K03","ref_ctrl","FSK",2.5,"uM","0.1pctDMSO","rapamycin",0.03,"uM","0.1pctDMSO","DMSO",0.1,"pct","0.1pctDMSO","4042_2",2187.342,37.71599963857733,0.196,-2.206249999999996,824
"4042","K04","ref_ctrl","FSK",2.5,"uM","0.1pctDMSO","rapamycin",0.03,"uM","0.1pctDMSO","DMSO",0.1,"pct","0.1pctDMSO","4042_2",2263.366,42.79777886661667,0.199,-1.9062499999999956,838
"4042","K05","treatment","FSK",2.5,"uM","0.1pctDMSO","Capadenoson",0.1,"uM","0.1pctDMSO","DMSO",0.1,"pct","0.1pctDMSO","4042_2",2656.11,69.05222778150384,0.189,-2.9062499999999964,861
"4042","K06","treatment","FSK",2.5,"uM","0.1pctDMSO","Capadenoson",0.1,"uM","0.1pctDMSO","DMSO",0.1,"pct","0.1pctDMSO","4042_2",2688.892,71.24333075978836,0.194,-2.406249999999996,882
"4042","K07","treatment","FSK",2.5,"uM","0.1pctDMSO","Capadenoson",0.1,"uM","0.1pctDMSO","CPA",1,"uM","0.1pctDMSO","4042_2",3099.764,98.7093390299033,0.188,-3.0062499999999965,838
"4042","K08","treatment","FSK",2.5,"uM","0.1pctDMSO","Capadenoson",0.1,"uM","0.1pctDMSO","CPA",1,"uM","0.1pctDMSO","4042_2",2829.683,80.65513003503301,0.19,-2.8062499999999964,829
"4042","K09","treatment","FSK",2.5,"uM","0.1pctDMSO","MIPS521",0.1,"uM","0.1pctDMSO","DMSO",0.1,"pct","0.1pctDMSO","4042_2",2369.984,49.925386784711826,0.217,-0.10624999999999662,883
"4042","K10","treatment","FSK",2.5,"uM","0.1pctDMSO","MIPS521",0.1,"uM","0.1pctDMSO","DMSO",0.1,"pct","0.1pctDMSO","4042_2",2385.458,50.95923196210646,0.206,-1.2062499999999976,902
"4042","K11","treatment","FSK",2.5,"uM","0.1pctDMSO","MIPS521",0.1,"uM","0.1pctDMSO","CPA",1,"uM","0.1pctDMSO","4042_2",2372.373,50.08476537276857,0.204,-1.4062499999999978,882
"4042","K12","treatment","FSK",2.5,"uM","0.1pctDMSO","MIPS521",0.1,"uM","0.1pctDMSO","CPA",1,"uM","0.1pctDMSO","4042_2",2390.572,51.30126123293618,0.206,-1.2062499999999976,885
"4042","K13","ref_ctrl","FSK",2.5,"uM","0.1pctDMSO","rapamycin",0.03,"uM","0.1pctDMSO","DMSO",0.1,"pct","0.1pctDMSO","4042_2",2316.206,46.330200758546894,0.194,-2.406249999999996,842
"4042","K14","ref_ctrl","FSK",2.5,"uM","0.1pctDMSO","rapamycin",0.03,"uM","0.1pctDMSO","DMSO",0.1,"pct","0.1pctDMSO","4042_2",2496.013,58.349885071994365,0.207,-1.1062499999999975,870
"4042","L03","ref_ctrl","FSK",2.5,"uM","0.1pctDMSO","rapamycin",0.03,"uM","0.1pctDMSO","DMSO",0.1,"pct","0.1pctDMSO","4042_2",2221.378,39.991023200838626,0.192,-2.606249999999996,892
"4042","L04","ref_ctrl","FSK",2.5,"uM","0.1pctDMSO","rapamycin",0.03,"uM","0.1pctDMSO","DMSO",0.1,"pct","0.1pctDMSO","4042_2",2421.58,53.37388809266527,0.196,-2.206249999999996,820
"4042","L05","treatment","FSK",2.5,"uM","0.1pctDMSO","Capadenoson",0.1,"uM","0.1pctDMSO","DMSO",0.1,"pct","0.1pctDMSO","4042_2",2587.346,64.45563646754874,0.195,-2.306249999999996,878
"4042","L06","treatment","FSK",2.5,"uM","0.1pctDMSO","Capadenoson",0.1,"uM","0.1pctDMSO","DMSO",0.1,"pct","0.1pctDMSO","4042_2",2789.324,77.95697747793082,0.188,-3.0062499999999965,844
"4042","L07","treatment","FSK",2.5,"uM","0.1pctDMSO","Capadenoson",0.1,"uM","0.1pctDMSO","CPA",1,"uM","0.1pctDMSO","4042_2",3051.559,95.4872117341898,0.184,-3.406249999999997,815
"4042","L08","treatment","FSK",2.5,"uM","0.1pctDMSO","Capadenoson",0.1,"uM","0.1pctDMSO","CPA",1,"uM","0.1pctDMSO","4042_2",3052.444,95.54644979346753,0.245,2.693750000000003,863
"4042","L09","treatment","FSK",2.5,"uM","0.1pctDMSO","MIPS521",0.1,"uM","0.1pctDMSO","DMSO",0.1,"pct","0.1pctDMSO","4042_2",2447.365,55.098138746641965,0.205,-1.3062499999999977,817
"4042","L10","treatment","FSK",2.5,"uM","0.1pctDMSO","MIPS521",0.1,"uM","0.1pctDMSO","DMSO",0.1,"pct","0.1pctDMSO","4042_2",2461.677,56.05441027498242,0.2,-1.8062499999999955,852
"4042","L11","treatment","FSK",2.5,"uM","0.1pctDMSO","MIPS521",0.1,"uM","0.1pctDMSO","CPA",1,"uM","0.1pctDMSO","4042_2",2321.644,46.69338647911866,0.206,-1.2062499999999976,905
"4042","L12","treatment","FSK",2.5,"uM","0.1pctDMSO","MIPS521",0.1,"uM","0.1pctDMSO","CPA",1,"uM","0.1pctDMSO","4042_2",2404.822,52.254006686319634,0.219,0.09375000000000355,853
"4042","L13","ref_ctrl","FSK",2.5,"uM","0.1pctDMSO","rapamycin",0.03,"uM","0.1pctDMSO","DMSO",0.1,"pct","0.1pctDMSO","4042_2",2361.086,49.33018533196895,0.202,-1.6062499999999953,865
"4042","L14","ref_ctrl","FSK",2.5,"uM","0.1pctDMSO","rapamycin",0.03,"uM","0.1pctDMSO","DMSO",0.1,"pct","0.1pctDMSO","4042_2",2598.925,65.22925731311618,0.208,-1.0062499999999974,816
"4042","M03","tox_ctrl","FSK",2.5,"uM","0.1pctDMSO","staurosporin",1,"uM","0.1pctDMSO","DMSO",0.1,"pct","0.1pctDMSO","4042_2",1313.014,-20.731513633789184,0.445,22.693750000000005,530
"4042","M04","tox_ctrl","FSK",2.5,"uM","0.1pctDMSO","staurosporin",1,"uM","0.1pctDMSO","DMSO",0.1,"pct","0.1pctDMSO","4042_2",1277.035,-23.136296754468365,0.497,27.893750000000004,456
"4042","M05","treatment","FSK",2.5,"uM","0.1pctDMSO","Capadenoson",0.001,"uM","0.1pctDMSO","DMSO",0.1,"pct","0.1pctDMSO","4042_2",2901.668,85.46751713635699,0.196,-2.206249999999996,841
"4042","M06","treatment","FSK",2.5,"uM","0.1pctDMSO","Capadenoson",0.001,"uM","0.1pctDMSO","DMSO",0.1,"pct","0.1pctDMSO","4042_2",2981.861,90.82785628599994,0.185,-3.306249999999997,852
"4042","M07","treatment","FSK",2.5,"uM","0.1pctDMSO","Capadenoson",0.001,"uM","0.1pctDMSO","CPA",1,"uM","0.1pctDMSO","4042_2",2862.961,82.8793781179134,0.204,-1.4062499999999978,822
"4042","M08","treatment","FSK",2.5,"uM","0.1pctDMSO","Capadenoson",0.001,"uM","0.1pctDMSO","CPA",1,"uM","0.1pctDMSO","4042_2",2911.7,86.13747137818842,0.179,-3.9062499999999973,835
"4042","M09","treatment","FSK",2.5,"uM","0.1pctDMSO","MIPS521",0.001,"uM","0.1pctDMSO","DMSO",0.1,"pct","0.1pctDMSO","4042_2",3309.266,112.7142035441461,0.225,0.6937500000000041,816
"4042","M10","treatment","FSK",2.5,"uM","0.1pctDMSO","MIPS521",0.001,"uM","0.1pctDMSO","DMSO",0.1,"pct","0.1pctDMSO","4042_2",3013.51,92.9435012602045,0.197,-2.1062499999999957,891
"4042","M11","treatment","FSK",2.5,"uM","0.1pctDMSO","MIPS521",0.001,"uM","0.1pctDMSO","CPA",1,"uM","0.1pctDMSO","4042_2",3004.638,92.35041545243581,0.198,-2.0062499999999956,832
"4042","M12","treatment","FSK",2.5,"uM","0.1pctDMSO","MIPS521",0.001,"uM","0.1pctDMSO","CPA",1,"uM","0.1pctDMSO","4042_2",2895.218,85.03592556161924,0.183,-3.506249999999997,877
"4042","M13","tox_ctrl","FSK",2.5,"uM","0.1pctDMSO","staurosporin",1,"uM","0.1pctDMSO","DMSO",0.1,"pct","0.1pctDMSO","4042_2",1363.942,-17.32673565530266,0.442,22.393750000000004,462
"4042","M14","tox_ctrl","FSK",2.5,"uM","0.1pctDMSO","staurosporin",1,"uM","0.1pctDMSO","DMSO",0.1,"pct","0.1pctDMSO","4042_2",1393.907,-15.323925079722342,0.478,25.993750000000006,425
"4042","N03","tox_ctrl","FSK",2.5,"uM","0.1pctDMSO","staurosporin",1,"uM","0.1pctDMSO","DMSO",0.1,"pct","0.1pctDMSO","4042_2",1298.917,-21.673680862301616,0.46,24.193750000000005,465
"4042","N04","tox_ctrl","FSK",2.5,"uM","0.1pctDMSO","staurosporin",1,"uM","0.1pctDMSO","DMSO",0.1,"pct","0.1pctDMSO","4042_2",1293.457,-22.0389822278476,0.464,24.593750000000007,507
"4042","N05","treatment","FSK",2.5,"uM","0.1pctDMSO","Capadenoson",0.001,"uM","0.1pctDMSO","DMSO",0.1,"pct","0.1pctDMSO","4042_2",2983.741,90.95338455446941,0.188,-3.0062499999999965,870
"4042","N06","treatment","FSK",2.5,"uM","0.1pctDMSO","Capadenoson",0.001,"uM","0.1pctDMSO","DMSO",0.1,"pct","0.1pctDMSO","4042_2",2951.46,88.79542668078075,0.182,-3.606249999999997,866
"4042","N07","treatment","FSK",2.5,"uM","0.1pctDMSO","Capadenoson",0.001,"uM","0.1pctDMSO","CPA",1,"uM","0.1pctDMSO","4042_2",2865.318,83.03734627598737,0.185,-3.306249999999997,849
"4042","N08","treatment","FSK",2.5,"uM","0.1pctDMSO","Capadenoson",0.001,"uM","0.1pctDMSO","CPA",1,"uM","0.1pctDMSO","4042_2",2793.507,78.23694782951722,0.195,-2.306249999999996,853
"4042","N09","treatment","FSK",2.5,"uM","0.1pctDMSO","MIPS521",0.001,"uM","0.1pctDMSO","DMSO",0.1,"pct","0.1pctDMSO","4042_2",3078.481,97.28692039224644,0.196,-2.206249999999996,878
"4042","N10","treatment","FSK",2.5,"uM","0.1pctDMSO","MIPS521",0.001,"uM","0.1pctDMSO","DMSO",0.1,"pct","0.1pctDMSO","4042_2",2916.972,86.49007887388919,0.173,-4.506249999999998,891
"4042","N11","treatment","FSK",2.5,"uM","0.1pctDMSO","MIPS521",0.001,"uM","0.1pctDMSO","CPA",1,"uM","0.1pctDMSO","4042_2",2832.52,80.84483286772003,0.194,-2.406249999999996,846
"4042","N12","treatment","FSK",2.5,"uM","0.1pctDMSO","MIPS521",0.001,"uM","0.1pctDMSO","CPA",1,"uM","0.1pctDMSO","4042_2",2758.519,75.89774970303837,0.177,-4.1062499999999975,828
"4042","N13","tox_ctrl","FSK",2.5,"uM","0.1pctDMSO","staurosporin",1,"uM","0.1pctDMSO","DMSO",0.1,"pct","0.1pctDMSO","4042_2",1382.791,-16.067221680659543,0.467,24.893750000000008,491
"4042","N14","tox_ctrl","FSK",2.5,"uM","0.1pctDMSO","staurosporin",1,"uM","0.1pctDMSO","DMSO",0.1,"pct","0.1pctDMSO","4042_2",1290.979,-22.20470775082696,0.476,25.793750000000003,480
"4064","C03","ref_ctrl","FSK",2.5,"uM","0.1pctDMSO","rapamycin",0.03,"uM","0.1pctDMSO","DMSO",0.1,"pct","0.1pctDMSO","4064_1",2353.19,36.03265378088991,0.453,-5.858333333333316,661
"4064","C04","ref_ctrl","FSK",2.5,"uM","0.1pctDMSO","rapamycin",0.03,"uM","0.1pctDMSO","DMSO",0.1,"pct","0.1pctDMSO","4064_1",2205.99,27.166557394496095,0.463,-4.858333333333315,661
"4064","C05","treatment","FSK",2.5,"uM","0.1pctDMSO","DMSO",0.1,"pct","0.1pctDMSO","CPA",1,"uM","0.1pctDMSO","4064_1",3061.405,78.68700254191823,0.438,-7.3583333333333165,586
"4064","C06","treatment","FSK",2.5,"uM","0.1pctDMSO","DMSO",0.1,"pct","0.1pctDMSO","CPA",1,"uM","0.1pctDMSO","4064_1",3009.983,75.59015907142349,0.406,-10.558333333333314,559
"4064","C07","treatment","FSK",2.5,"uM","0.1pctDMSO","824745",1,"uM","0.1pctDMSO","DMSO",0.1,"pct","0.1pctDMSO","4064_1",3072.234,79.33953808648081,0.378,-13.358333333333317,498
"4064","C08","treatment","FSK",2.5,"uM","0.1pctDMSO","824745",1,"uM","0.1pctDMSO","DMSO",0.1,"pct","0.1pctDMSO","4064_1",2980.319,73.8034697322706,0.393,-11.858333333333315,488
"4064","C09","treatment","FSK",2.5,"uM","0.1pctDMSO","824745",1,"uM","0.1pctDMSO","CPA",1,"uM","0.1pctDMSO","4064_1",3149.726,84.00640622164366,0.381,-13.058333333333316,558
"4064","C10","treatment","FSK",2.5,"uM","0.1pctDMSO","824745",1,"uM","0.1pctDMSO","CPA",1,"uM","0.1pctDMSO","4064_1",3156.861,84.43655866922778,0.394,-11.758333333333315,544
"4064","C11","treatment","FSK",2.5,"uM","0.1pctDMSO","1237561",1,"uM","0.1pctDMSO","DMSO",0.1,"pct","0.1pctDMSO","4064_1",3451.795,102.19988507559239,0.375,-13.658333333333317,516
"4064","C12","treatment","FSK",2.5,"uM","0.1pctDMSO","1237561",1,"uM","0.1pctDMSO","DMSO",0.1,"pct","0.1pctDMSO","4064_1",3711.832,117.86137352537173,0.389,-12.258333333333315,508
"4064","C13","treatment","FSK",2.5,"uM","0.1pctDMSO","1237561",1,"uM","0.1pctDMSO","CPA",1,"uM","0.1pctDMSO","4064_1",3152.751,84.18876036116603,0.417,-9.458333333333318,522
"4064","C14","treatment","FSK",2.5,"uM","0.1pctDMSO","1237561",1,"uM","0.1pctDMSO","CPA",1,"uM","0.1pctDMSO","4064_1",2944.714,71.65906129712089,0.408,-10.35833333333332,507
"4064","C15","treatment","FSK",2.5,"uM","0.1pctDMSO","1249141",1,"uM","0.1pctDMSO","DMSO",0.1,"pct","0.1pctDMSO","4064_1",3282.179,91.9842409806777,0.404,-10.758333333333315,586
"4064","C16","treatment","FSK",2.5,"uM","0.1pctDMSO","1249141",1,"uM","0.1pctDMSO","DMSO",0.1,"pct","0.1pctDMSO","4064_1",2621.369,52.18465580457609,0.462,-4.958333333333314,559
"4064","C17","treatment","FSK",2.5,"uM","0.1pctDMSO","1249141",1,"uM","0.1pctDMSO","CPA",1,"uM","0.1pctDMSO","4064_1",2985.23,74.09892156111346,0.413,-9.858333333333318,416
"4064","C18","treatment","FSK",2.5,"uM","0.1pctDMSO","1249141",1,"uM","0.1pctDMSO","CPA",1,"uM","0.1pctDMSO","4064_1",2878.604,67.67713310065177,0.412,-9.95833333333332,425
"4064","C19","solvent_ctrl","DMSO",0.1,"pct","0.1pctDMSO","DMSO",0.1,"pct","0.1pctDMSO","DMSO",0.1,"pct","0.1pctDMSO","4064_1",1909.911,9.3346099182067,0.496,-1.5583333333333171,457
"4064","C20","solvent_ctrl","DMSO",0.1,"pct","0.1pctDMSO","DMSO",0.1,"pct","0.1pctDMSO","DMSO",0.1,"pct","0.1pctDMSO","4064_1",1777.858,1.380919609701776,0.499,-1.2583333333333169,527
"4064","C21","solvent_ctrl","DMSO",0.1,"pct","0.1pctDMSO","DMSO",0.1,"pct","0.1pctDMSO","DMSO",0.1,"pct","0.1pctDMSO","4064_1",1972.798,13.122111749888896,0.547,3.5416666666666874,324
"4064","C22","solvent_ctrl","DMSO",0.1,"pct","0.1pctDMSO","DMSO",0.1,"pct","0.1pctDMSO","DMSO",0.1,"pct","0.1pctDMSO","4064_1",1796.78,2.5207918267857905,0.489,-2.2583333333333178,391
"4064","D03","ref_ctrl","FSK",2.5,"uM","0.1pctDMSO","rapamycin",0.03,"uM","0.1pctDMSO","DMSO",0.1,"pct","0.1pctDMSO","4064_1",2300.519,32.86020005742248,0.466,-4.558333333333314,633
"4064","D04","ref_ctrl","FSK",2.5,"uM","0.1pctDMSO","rapamycin",0.03,"uM","0.1pctDMSO","DMSO",0.1,"pct","0.1pctDMSO","4064_1",2423.22,40.2503080601562,0.449,-6.258333333333316,655
"4064","D05","treatment","FSK",2.5,"uM","0.1pctDMSO","DMSO",0.1,"pct","0.1pctDMSO","CPA",1,"uM","0.1pctDMSO","4064_1",3214.305,87.89620427793598,0.427,-8.458333333333318,607
"4064","D06","treatment","FSK",2.5,"uM","0.1pctDMSO","DMSO",0.1,"pct","0.1pctDMSO","CPA",1,"uM","0.1pctDMSO","4064_1",3302.94,93.23466936597387,0.404,-10.758333333333315,648
"4064","D07","treatment","FSK",2.5,"uM","0.1pctDMSO","824745",1,"uM","0.1pctDMSO","DMSO",0.1,"pct","0.1pctDMSO","4064_1",3161.484,84.71485523058942,0.385,-12.658333333333315,528
"4064","D08","treatment","FSK",2.5,"uM","0.1pctDMSO","824745",1,"uM","0.1pctDMSO","DMSO",0.1,"pct","0.1pctDMSO","4064_1",3459.1,102.63956822733272,0.395,-11.658333333333315,524
"4064","D09","treatment","FSK",2.5,"uM","0.1pctDMSO","824745",1,"uM","0.1pctDMSO","CPA",1,"uM","0.1pctDMSO","4064_1",3114.97,81.91346358893755,0.405,-10.658333333333314,598
"4064","D10","treatment","FSK",2.5,"uM","0.1pctDMSO","824745",1,"uM","0.1pctDMSO","CPA",1,"uM","0.1pctDMSO","4064_1",3241.045,89.50689328033732,0.415,-9.658333333333319,561
"4064","D11","treatment","FSK",2.5,"uM","0.1pctDMSO","1237561",1,"uM","0.1pctDMSO","DMSO",0.1,"pct","0.1pctDMSO","4064_1",3280.231,91.86669562941763,0.419,-9.258333333333319,546
"4064","D12","treatment","FSK",2.5,"uM","0.1pctDMSO","1237561",1,"uM","0.1pctDMSO","DMSO",0.1,"pct","0.1pctDMSO","4064_1",3848.48,126.09145425440708,0.383,-12.858333333333317,521
"4064","D13","treatment","FSK",2.5,"uM","0.1pctDMSO","1237561",1,"uM","0.1pctDMSO","CPA",1,"uM","0.1pctDMSO","4064_1",2971.874,73.29453013032841,0.408,-10.35833333333332,506
"4064","D14","treatment","FSK",2.5,"uM","0.1pctDMSO","1237561",1,"uM","0.1pctDMSO","CPA",1,"uM","0.1pctDMSO","4064_1",3020.644,76.2318931512757,0.419,-9.258333333333319,518
"4064","D15","treatment","FSK",2.5,"uM","0.1pctDMSO","1249141",1,"uM","0.1pctDMSO","DMSO",0.1,"pct","0.1pctDMSO","4064_1",2846.467,65.74176477666185,0.445,-6.658333333333316,594
"4064","D16","treatment","FSK",2.5,"uM","0.1pctDMSO","1249141",1,"uM","0.1pctDMSO","DMSO",0.1,"pct","0.1pctDMSO","4064_1",2932.621,70.93091549958564,0.422,-8.958333333333318,579
"4064","D17","treatment","FSK",2.5,"uM","0.1pctDMSO","1249141",1,"uM","0.1pctDMSO","CPA",1,"uM","0.1pctDMSO","4064_1",2926.672,70.5725610233117,0.389,-12.258333333333315,481
"4064","D18","treatment","FSK",2.5,"uM","0.1pctDMSO","1249141",1,"uM","0.1pctDMSO","CPA",1,"uM","0.1pctDMSO","4064_1",2935.873,71.1266126249267,0.418,-9.358333333333318,497
"4064","D19","solvent_ctrl","DMSO",0.1,"pct","0.1pctDMSO","DMSO",0.1,"pct","0.1pctDMSO","DMSO",0.1,"pct","0.1pctDMSO","4064_1",1794.578,2.3879973488757944,0.485,-2.658333333333318,481
"4064","D20","solvent_ctrl","DMSO",0.1,"pct","0.1pctDMSO","DMSO",0.1,"pct","0.1pctDMSO","DMSO",0.1,"pct","0.1pctDMSO","4064_1",1744.459,-0.6306943475379239,0.487,-2.458333333333318,546
"4064","D21","solvent_ctrl","DMSO",0.1,"pct","0.1pctDMSO","DMSO",0.1,"pct","0.1pctDMSO","DMSO",0.1,"pct","0.1pctDMSO","4064_1",1785.528,1.8428410711399539,0.515,0.34166666666668455,382
"4064","D22","solvent_ctrl","DMSO",0.1,"pct","0.1pctDMSO","DMSO",0.1,"pct","0.1pctDMSO","DMSO",0.1,"pct","0.1pctDMSO","4064_1",1940.04,11.149255989551165,0.447,-6.458333333333316,421
"4064","E03","solvent_ctrl","DMSO",0.1,"pct","0.1pctDMSO","DMSO",0.1,"pct","0.1pctDMSO","DMSO",0.1,"pct","0.1pctDMSO","4064_1",1541.903,-12.829995667500752,0.524,1.2416666666666853,695
"4064","E04","solvent_ctrl","DMSO",0.1,"pct","0.1pctDMSO","DMSO",0.1,"pct","0.1pctDMSO","DMSO",0.1,"pct","0.1pctDMSO","4064_1",1649.956,-6.322430869633074,0.502,-0.9583333333333166,704
"4064","E05","treatment","FSK",2.5,"uM","0.1pctDMSO","DMSO",0.1,"pct","0.1pctDMSO","CPA",0.1,"uM","0.1pctDMSO","4064_1",2999.189,74.94016504796924,0.406,-10.558333333333314,637
"4064","E06","treatment","FSK",2.5,"uM","0.1pctDMSO","DMSO",0.1,"pct","0.1pctDMSO","CPA",0.1,"uM","0.1pctDMSO","4064_1",3195.855,86.78492417332063,0.415,-9.658333333333319,609
"4064","E07","treatment","FSK",2.5,"uM","0.1pctDMSO","824745",0.1,"uM","0.1pctDMSO","DMSO",0.1,"pct","0.1pctDMSO","4064_1",3193.385,86.63624518848356,0.395,-11.658333333333315,578
"4064","E08","treatment","FSK",2.5,"uM","0.1pctDMSO","824745",0.1,"uM","0.1pctDMSO","DMSO",0.1,"pct","0.1pctDMSO","4064_1",3601.639,111.22482653125654,0.41,-10.158333333333319,552
"4064","E09","treatment","FSK",2.5,"uM","0.1pctDMSO","824745",0.1,"uM","0.1pctDMSO","CPA",1,"uM","0.1pctDMSO","4064_1",2968.873,73.11408213163729,0.403,-10.858333333333315,564
"4064","E10","treatment","FSK",2.5,"uM","0.1pctDMSO","824745",0.1,"uM","0.1pctDMSO","CPA",1,"uM","0.1pctDMSO","4064_1",3209.871,87.62934456156178,0.407,-10.45833333333332,610
"4064","E11","treatment","FSK",2.5,"uM","0.1pctDMSO","1237561",0.1,"uM","0.1pctDMSO","DMSO",0.1,"pct","0.1pctDMSO","4064_1",3138.754,83.34561073347902,0.433,-7.858333333333317,475
"4064","E12","treatment","FSK",2.5,"uM","0.1pctDMSO","1237561",0.1,"uM","0.1pctDMSO","DMSO",0.1,"pct","0.1pctDMSO","4064_1",3260.314,90.66709766628794,0.409,-10.258333333333319,545
"4064","E13","treatment","FSK",2.5,"uM","0.1pctDMSO","1237561",0.1,"uM","0.1pctDMSO","CPA",1,"uM","0.1pctDMSO","4064_1",3283.71,92.07637112085449,0.399,-11.258333333333315,497
"4064","E14","treatment","FSK",2.5,"uM","0.1pctDMSO","1237561",0.1,"uM","0.1pctDMSO","CPA",1,"uM","0.1pctDMSO","4064_1",3095.427,80.73610393550572,0.402,-10.958333333333314,544
"4064","E15","treatment","FSK",2.5,"uM","0.1pctDMSO","1249141",0.1,"uM","0.1pctDMSO","DMSO",0.1,"pct","0.1pctDMSO","4064_1",3357.016,96.49162866629312,0.415,-9.658333333333319,586
"4064","E16","treatment","FSK",2.5,"uM","0.1pctDMSO","1249141",0.1,"uM","0.1pctDMSO","DMSO",0.1,"pct","0.1pctDMSO","4064_1",3284.946,92.15071061327302,0.406,-10.558333333333314,608
"4064","E17","treatment","FSK",2.5,"uM","0.1pctDMSO","1249141",0.1,"uM","0.1pctDMSO","CPA",1,"uM","0.1pctDMSO","4064_1",3158.454,84.53250109106708,0.405,-10.658333333333314,536
"4064","E18","treatment","FSK",2.5,"uM","0.1pctDMSO","1249141",0.1,"uM","0.1pctDMSO","CPA",1,"uM","0.1pctDMSO","4064_1",3014.298,75.85002960474978,0.423,-8.858333333333318,538
"4064","E19","stim_only","FSK",2.5,"uM","0.1pctDMSO","DMSO",0.1,"pct","0.1pctDMSO","DMSO",0.1,"pct","0.1pctDMSO","4064_1",3074.706,79.48821707131786,0.429,-8.258333333333317,537
"4064","E20","stim_only","FSK",2.5,"uM","0.1pctDMSO","DMSO",0.1,"pct","0.1pctDMSO","DMSO",0.1,"pct","0.1pctDMSO","4064_1",3502.749,105.26877181389551,0.415,-9.658333333333319,502
"4064","E21","stim_only","FSK",2.5,"uM","0.1pctDMSO","DMSO",0.1,"pct","0.1pctDMSO","DMSO",0.1,"pct","0.1pctDMSO","4064_1",3310.694,93.70167386962869,0.403,-10.858333333333315,411
"4064","E22","stim_only","FSK",2.5,"uM","0.1pctDMSO","DMSO",0.1,"pct","0.1pctDMSO","DMSO",0.1,"pct","0.1pctDMSO","4064_1",3428.719,100.8096730293383,0.375,-13.658333333333317,434
"4064","F03","solvent_ctrl","DMSO",0.1,"pct","0.1pctDMSO","DMSO",0.1,"pct","0.1pctDMSO","DMSO",0.1,"pct","0.1pctDMSO","4064_1",1706.466,-2.9186987253080323,0.488,-2.358333333333318,692
"4064","F04","solvent_ctrl","DMSO",0.1,"pct","0.1pctDMSO","DMSO",0.1,"pct","0.1pctDMSO","DMSO",0.1,"pct","0.1pctDMSO","4064_1",1736.234,-1.1256555833843294,0.503,-0.8583333333333165,668
"4064","F05","treatment","FSK",2.5,"uM","0.1pctDMSO","DMSO",0.1,"pct","0.1pctDMSO","CPA",0.1,"uM","0.1pctDMSO","4064_1",3137.377,83.26301129745846,0.419,-9.258333333333319,644
"4064","F06","treatment","FSK",2.5,"uM","0.1pctDMSO","DMSO",0.1,"pct","0.1pctDMSO","CPA",0.1,"uM","0.1pctDMSO","4064_1",3274.55,91.52486104034784,0.399,-11.258333333333315,594
"4064","F07","treatment","FSK",2.5,"uM","0.1pctDMSO","824745",0.1,"uM","0.1pctDMSO","DMSO",0.1,"pct","0.1pctDMSO","4064_1",3449.749,102.07662130183859,0.394,-11.758333333333315,602
"4064","F08","treatment","FSK",2.5,"uM","0.1pctDMSO","824745",0.1,"uM","0.1pctDMSO","DMSO",0.1,"pct","0.1pctDMSO","4064_1",3571.334,109.39937899520169,0.402,-10.958333333333314,577
"4064","F09","treatment","FSK",2.5,"uM","0.1pctDMSO","824745",0.1,"uM","0.1pctDMSO","CPA",1,"uM","0.1pctDMSO","4064_1",3088.126,80.29642078376538,0.421,-9.058333333333318,591
"4064","F10","treatment","FSK",2.5,"uM","0.1pctDMSO","824745",0.1,"uM","0.1pctDMSO","CPA",1,"uM","0.1pctDMSO","4064_1",3090.221,80.42286145890459,0.435,-7.658333333333317,620
"4064","F11","treatment","FSK",2.5,"uM","0.1pctDMSO","1237561",0.1,"uM","0.1pctDMSO","DMSO",0.1,"pct","0.1pctDMSO","4064_1",3443.15,101.67887324838564,0.398,-11.358333333333315,532
"4064","F12","treatment","FSK",2.5,"uM","0.1pctDMSO","1237561",0.1,"uM","0.1pctDMSO","DMSO",0.1,"pct","0.1pctDMSO","4064_1",3824.756,124.662484011251,0.403,-10.858333333333315,559
"4064","F13","treatment","FSK",2.5,"uM","0.1pctDMSO","1237561",0.1,"uM","0.1pctDMSO","CPA",1,"uM","0.1pctDMSO","4064_1",3495.174,104.8125687749511,0.401,-11.058333333333314,448
"4064","F14","treatment","FSK",2.5,"uM","0.1pctDMSO","1237561",0.1,"uM","0.1pctDMSO","CPA",1,"uM","0.1pctDMSO","4064_1",3147.417,83.86725794096283,0.409,-10.258333333333319,510
"4064","F15","treatment","FSK",2.5,"uM","0.1pctDMSO","1249141",0.1,"uM","0.1pctDMSO","DMSO",0.1,"pct","0.1pctDMSO","4064_1",3563.214,108.91013618184904,0.433,-7.858333333333317,540
"4064","F16","treatment","FSK",2.5,"uM","0.1pctDMSO","1249141",0.1,"uM","0.1pctDMSO","DMSO",0.1,"pct","0.1pctDMSO","4064_1",3483.824,104.12889959681151,0.391,-12.058333333333316,591
"4064","F17","treatment","FSK",2.5,"uM","0.1pctDMSO","1249141",0.1,"uM","0.1pctDMSO","CPA",1,"uM","0.1pctDMSO","4064_1",3156.478,84.41304959897577,0.425,-8.658333333333317,566
"4064","F18","treatment","FSK",2.5,"uM","0.1pctDMSO","1249141",0.1,"uM","0.1pctDMSO","CPA",1,"uM","0.1pctDMSO","4064_1",3209.357,87.59821092798481,0.422,-8.958333333333318,547
"4064","F19","stim_only","FSK",2.5,"uM","0.1pctDMSO","DMSO",0.1,"pct","0.1pctDMSO","DMSO",0.1,"pct","0.1pctDMSO","4064_1",3598.784,111.05263847616749,0.412,-9.95833333333332,533
"4064","F20","stim_only","FSK",2.5,"uM","0.1pctDMSO","DMSO",0.1,"pct","0.1pctDMSO","DMSO",0.1,"pct","0.1pctDMSO","4064_1",3379.233,97.82910414954948,0.412,-9.95833333333332,542
"4064","F21","stim_only","FSK",2.5,"uM","0.1pctDMSO","DMSO",0.1,"pct","0.1pctDMSO","DMSO",0.1,"pct","0.1pctDMSO","4064_1",3432.629,101.04539911213548,0.394,-11.758333333333315,409
"4064","F22","stim_only","FSK",2.5,"uM","0.1pctDMSO","DMSO",0.1,"pct","0.1pctDMSO","DMSO",0.1,"pct","0.1pctDMSO","4064_1",3419.526,100.25625680800042,0.389,-12.258333333333315,469
"4064","G03","stim_only","FSK",2.5,"uM","0.1pctDMSO","DMSO",0.1,"pct","0.1pctDMSO","DMSO",0.1,"pct","0.1pctDMSO","4064_1",3435.456,101.21568102639331,0.397,-11.458333333333314,642
"4064","G04","stim_only","FSK",2.5,"uM","0.1pctDMSO","DMSO",0.1,"pct","0.1pctDMSO","DMSO",0.1,"pct","0.1pctDMSO","4064_1",3648.614,114.05353952482291,0.397,-11.458333333333314,639
"4064","G05","treatment","FSK",2.5,"uM","0.1pctDMSO","DMSO",0.1,"pct","0.1pctDMSO","CPA",0.001,"uM","0.1pctDMSO","4064_1",3162.062,84.74980114582891,0.392,-11.958333333333314,617
"4064","G06","treatment","FSK",2.5,"uM","0.1pctDMSO","DMSO",0.1,"pct","0.1pctDMSO","CPA",0.001,"uM","0.1pctDMSO","4064_1",3354.609,96.34612658284149,0.407,-10.45833333333332,631
"4064","G07","treatment","FSK",2.5,"uM","0.1pctDMSO","824745",0.001,"uM","0.1pctDMSO","DMSO",0.1,"pct","0.1pctDMSO","4064_1",3576.264,109.69610158459871,0.405,-10.658333333333314,547
"4064","G08","treatment","FSK",2.5,"uM","0.1pctDMSO","824745",0.001,"uM","0.1pctDMSO","DMSO",0.1,"pct","0.1pctDMSO","4064_1",3395.507,98.80949591708604,0.409,-10.258333333333319,595
"4064","G09","treatment","FSK",2.5,"uM","0.1pctDMSO","824745",0.001,"uM","0.1pctDMSO","CPA",1,"uM","0.1pctDMSO","4064_1",3562.703,108.87963792854913,0.404,-10.758333333333315,582
"4064","G10","treatment","FSK",2.5,"uM","0.1pctDMSO","824745",0.001,"uM","0.1pctDMSO","CPA",1,"uM","0.1pctDMSO","4064_1",3076.575,79.60067938036127,0.44,-7.158333333333316,616
"4064","G11","treatment","FSK",2.5,"uM","0.1pctDMSO","1237561",0.001,"uM","0.1pctDMSO","DMSO",0.1,"pct","0.1pctDMSO","4064_1",3645.965,113.89405907527549,0.39,-12.158333333333315,561
"4064","G12","treatment","FSK",2.5,"uM","0.1pctDMSO","1237561",0.001,"uM","0.1pctDMSO","DMSO",0.1,"pct","0.1pctDMSO","4064_1",3662.657,114.89986605389532,0.419,-9.258333333333319,573
"4064","G13","treatment","FSK",2.5,"uM","0.1pctDMSO","1237561",0.001,"uM","0.1pctDMSO","CPA",1,"uM","0.1pctDMSO","4064_1",3358.4,96.57486348259077,0.407,-10.45833333333332,572
"4064","G14","treatment","FSK",2.5,"uM","0.1pctDMSO","1237561",0.001,"uM","0.1pctDMSO","CPA",1,"uM","0.1pctDMSO","4064_1",3180.813,85.87887189820253,0.441,-7.058333333333317,567
"4064","G15","treatment","FSK",2.5,"uM","0.1pctDMSO","1249141",0.001,"uM","0.1pctDMSO","DMSO",0.1,"pct","0.1pctDMSO","4064_1",3414.789,99.97097106359085,0.414,-9.758333333333319,523
"4064","G16","treatment","FSK",2.5,"uM","0.1pctDMSO","1249141",0.001,"uM","0.1pctDMSO","DMSO",0.1,"pct","0.1pctDMSO","4064_1",3257.38,90.49046194925934,0.408,-10.35833333333332,512
"4064","G17","treatment","FSK",2.5,"uM","0.1pctDMSO","1249141",0.001,"uM","0.1pctDMSO","CPA",1,"uM","0.1pctDMSO","4064_1",3126.373,82.60030966846254,0.438,-7.3583333333333165,568
"4064","G18","treatment","FSK",2.5,"uM","0.1pctDMSO","1249141",0.001,"uM","0.1pctDMSO","CPA",1,"uM","0.1pctDMSO","4064_1",3363.08,96.85633694533784,0.439,-7.258333333333317,525
"4064","G19","tox_ctrl","FSK",2.5,"uM","0.1pctDMSO","staurosporin",1,"uM","0.1pctDMSO","DMSO",0.1,"pct","0.1pctDMSO","4064_1",798.145,-57.625575962293375,0.986,47.441666666666684,26
"4064","G20","tox_ctrl","FSK",2.5,"uM","0.1pctDMSO","staurosporin",1,"uM","0.1pctDMSO","DMSO",0.1,"pct","0.1pctDMSO","4064_1",645.954,-66.79157183946961,0.99,47.84166666666668,22
"4064","G21","tox_ctrl","FSK",2.5,"uM","0.1pctDMSO","staurosporin",1,"uM","0.1pctDMSO","DMSO",0.1,"pct","0.1pctDMSO","4064_1",816.795,-56.50222363241346,0.978,46.64166666666668,31
"4064","G22","tox_ctrl","FSK",2.5,"uM","0.1pctDMSO","staurosporin",1,"uM","0.1pctDMSO","DMSO",0.1,"pct","0.1pctDMSO","4064_1",720.179,-62.3210362099249,0.986,47.441666666666684,25
"4064","H03","stim_only","FSK",2.5,"uM","0.1pctDMSO","DMSO",0.1,"pct","0.1pctDMSO","DMSO",0.1,"pct","0.1pctDMSO","4064_1",3856.651,126.58387396914515,0.375,-13.658333333333317,623
"4064","H04","stim_only","FSK",2.5,"uM","0.1pctDMSO","DMSO",0.1,"pct","0.1pctDMSO","DMSO",0.1,"pct","0.1pctDMSO","4064_1",3371.418,97.35892274450923,0.399,-11.258333333333315,642
"4064","H05","treatment","FSK",2.5,"uM","0.1pctDMSO","DMSO",0.1,"pct","0.1pctDMSO","CPA",0.001,"uM","0.1pctDMSO","4064_1",3266.957,91.06738724084921,0.405,-10.658333333333314,648
"4064","H06","treatment","FSK",2.5,"uM","0.1pctDMSO","DMSO",0.1,"pct","0.1pctDMSO","CPA",0.001,"uM","0.1pctDMSO","4064_1",3375.416,97.59973186952307,0.387,-12.458333333333316,651
"4064","H07","treatment","FSK",2.5,"uM","0.1pctDMSO","824745",0.001,"uM","0.1pctDMSO","DMSO",0.1,"pct","0.1pctDMSO","4064_1",3274.51,91.5223195192395,0.411,-10.05833333333332,632
"4064","H08","treatment","FSK",2.5,"uM","0.1pctDMSO","824745",0.001,"uM","0.1pctDMSO","DMSO",0.1,"pct","0.1pctDMSO","4064_1",3712.69,117.91283932781533,0.387,-12.458333333333316,561
"4064","H09","treatment","FSK",2.5,"uM","0.1pctDMSO","824745",0.001,"uM","0.1pctDMSO","CPA",1,"uM","0.1pctDMSO","4064_1",3224.755,88.52523075224656,0.426,-8.558333333333318,601
"4064","H10","treatment","FSK",2.5,"uM","0.1pctDMSO","824745",0.001,"uM","0.1pctDMSO","CPA",1,"uM","0.1pctDMSO","4064_1",3500.349,105.12390511072098,0.42,-9.158333333333319,625
"4064","H11","treatment","FSK",2.5,"uM","0.1pctDMSO","1237561",0.001,"uM","0.1pctDMSO","DMSO",0.1,"pct","0.1pctDMSO","4064_1",3502.26,105.2389089408727,0.421,-9.058333333333318,605
"4064","H12","treatment","FSK",2.5,"uM","0.1pctDMSO","1237561",0.001,"uM","0.1pctDMSO","DMSO",0.1,"pct","0.1pctDMSO","4064_1",3325.165,94.57278022950732,0.391,-12.058333333333316,595
"4064","H13","treatment","FSK",2.5,"uM","0.1pctDMSO","1237561",0.001,"uM","0.1pctDMSO","CPA",1,"uM","0.1pctDMSO","4064_1",3508.263,105.60044031853204,0.404,-10.758333333333315,545
"4064","H14","treatment","FSK",2.5,"uM","0.1pctDMSO","1237561",0.001,"uM","0.1pctDMSO","CPA",1,"uM","0.1pctDMSO","4064_1",3287.919,92.32988785140998,0.424,-8.758333333333319,554
"4064","H15","treatment","FSK",2.5,"uM","0.1pctDMSO","1249141",0.001,"uM","0.1pctDMSO","DMSO",0.1,"pct","0.1pctDMSO","4064_1",3160.131,84.63352655512301,0.436,-7.558333333333317,544
"4064","H16","treatment","FSK",2.5,"uM","0.1pctDMSO","1249141",0.001,"uM","0.1pctDMSO","DMSO",0.1,"pct","0.1pctDMSO","4064_1",3469.363,103.25779323693291,0.434,-7.758333333333317,534
"4064","H17","treatment","FSK",2.5,"uM","0.1pctDMSO","1249141",0.001,"uM","0.1pctDMSO","CPA",1,"uM","0.1pctDMSO","4064_1",2884.105,68.00880160528826,0.438,-7.3583333333333165,610
"4064","H18","treatment","FSK",2.5,"uM","0.1pctDMSO","1249141",0.001,"uM","0.1pctDMSO","CPA",1,"uM","0.1pctDMSO","4064_1",3232.176,88.97253846731188,0.417,-9.458333333333318,571
"4064","H19","tox_ctrl","FSK",2.5,"uM","0.1pctDMSO","staurosporin",1,"uM","0.1pctDMSO","DMSO",0.1,"pct","0.1pctDMSO","4064_1",780.974,-58.659975053381885,0.985,47.34166666666668,29
"4064","H20","tox_ctrl","FSK",2.5,"uM","0.1pctDMSO","staurosporin",1,"uM","0.1pctDMSO","DMSO",0.1,"pct","0.1pctDMSO","4064_1",723.187,-62.13995283095669,0.991,47.941666666666684,23
"4064","H21","tox_ctrl","FSK",2.5,"uM","0.1pctDMSO","staurosporin",1,"uM","0.1pctDMSO","DMSO",0.1,"pct","0.1pctDMSO","4064_1",650.467,-66.51962908087877,0.985,47.34166666666668,28
"4064","H22","tox_ctrl","FSK",2.5,"uM","0.1pctDMSO","staurosporin",1,"uM","0.1pctDMSO","DMSO",0.1,"pct","0.1pctDMSO","4064_1",611.561,-68.86291154275496,0.989,47.74166666666668,26
"4064","I03","solvent_ctrl","DMSO",0.1,"pct","0.1pctDMSO","DMSO",0.1,"pct","0.1pctDMSO","DMSO",0.1,"pct","0.1pctDMSO","4064_1",1711.818,-2.5965609248277794,0.527,1.5416666666666856,711
"4064","I04","solvent_ctrl","DMSO",0.1,"pct","0.1pctDMSO","DMSO",0.1,"pct","0.1pctDMSO","DMSO",0.1,"pct","0.1pctDMSO","4064_1",1842.589,5.279612989873224,0.495,-1.6583333333333172,666
"4064","I05","treatment","FSK",2.5,"uM","0.1pctDMSO","1823372",1,"uM","0.1pctDMSO","DMSO",0.1,"pct","0.1pctDMSO","4064_1",3602.48,111.27502157314598,0.413,-9.858333333333318,658
"4064","I06","treatment","FSK",2.5,"uM","0.1pctDMSO","1823372",1,"uM","0.1pctDMSO","DMSO",0.1,"pct","0.1pctDMSO","4064_1",3512.724,105.86920617573747,0.491,-2.0583333333333176,682
"4064","I07","treatment","FSK",2.5,"uM","0.1pctDMSO","1823372",1,"uM","0.1pctDMSO","CPA",1,"uM","0.1pctDMSO","4064_1",2994.397,74.65106702189718,0.417,-9.458333333333318,574
"4064","I08","treatment","FSK",2.5,"uM","0.1pctDMSO","1823372",1,"uM","0.1pctDMSO","CPA",1,"uM","0.1pctDMSO","4064_1",3433.94,101.12418626649358,0.43,-8.158333333333317,557
"4064","I09","treatment","FSK",2.5,"uM","0.1pctDMSO","22755240",1,"uM","0.1pctDMSO","DMSO",0.1,"pct","0.1pctDMSO","4064_1",3475.046,103.60026320627978,0.42,-9.158333333333319,629
"4064","I10","treatment","FSK",2.5,"uM","0.1pctDMSO","22755240",1,"uM","0.1pctDMSO","DMSO",0.1,"pct","0.1pctDMSO","4064_1",3634.583,113.20848375630467,0.401,-11.058333333333314,587
"4064","I11","treatment","FSK",2.5,"uM","0.1pctDMSO","22755240",1,"uM","0.1pctDMSO","CPA",1,"uM","0.1pctDMSO","4064_1",3226.545,88.63324539935041,0.389,-12.258333333333315,664
"4064","I12","treatment","FSK",2.5,"uM","0.1pctDMSO","22755240",1,"uM","0.1pctDMSO","CPA",1,"uM","0.1pctDMSO","4064_1",3421.919,100.40048813089788,0.428,-8.358333333333318,571
"4064","I13","treatment","FSK",2.5,"uM","0.1pctDMSO","27070328",1,"uM","0.1pctDMSO","DMSO",0.1,"pct","0.1pctDMSO","4064_1",3131.864,82.93070741254486,0.433,-7.858333333333317,619
"4064","I14","treatment","FSK",2.5,"uM","0.1pctDMSO","27070328",1,"uM","0.1pctDMSO","DMSO",0.1,"pct","0.1pctDMSO","4064_1",3195.892,86.78683031415187,0.438,-7.3583333333333165,587
"4064","I15","treatment","FSK",2.5,"uM","0.1pctDMSO","27070328",1,"uM","0.1pctDMSO","CPA",1,"uM","0.1pctDMSO","4064_1",2599.517,50.86814787046343,0.454,-5.758333333333315,614
"4064","I16","treatment","FSK",2.5,"uM","0.1pctDMSO","27070328",1,"uM","0.1pctDMSO","CPA",1,"uM","0.1pctDMSO","4064_1",2708.085,57.40748168218515,0.454,-5.758333333333315,607
"4064","I17","tox_ctrl","FSK",2.5,"uM","0.1pctDMSO","staurosporin",1,"uM","0.1pctDMSO","DMSO",0.1,"pct","0.1pctDMSO","4064_1",727.228,-61.896602184834514,0.982,47.04166666666668,39
"4064","I18","tox_ctrl","FSK",2.5,"uM","0.1pctDMSO","staurosporin",1,"uM","0.1pctDMSO","DMSO",0.1,"pct","0.1pctDMSO","4064_1",766.407,-59.536799835754216,0.985,47.34166666666668,28
"4064","I19","solvent_ctrl","DMSO",0.1,"pct","0.1pctDMSO","DMSO",0.1,"pct","0.1pctDMSO","DMSO",0.1,"pct","0.1pctDMSO","4064_1",1703.689,-3.0858037381804433,0.531,1.941666666666686,631
"4064","I20","solvent_ctrl","DMSO",0.1,"pct","0.1pctDMSO","DMSO",0.1,"pct","0.1pctDMSO","DMSO",0.1,"pct","0.1pctDMSO","4064_1",1718.684,-2.1829283644477835,0.534,2.2416666666666862,615
"4064","I21","solvent_ctrl","DMSO",0.1,"pct","0.1pctDMSO","DMSO",0.1,"pct","0.1pctDMSO","DMSO",0.1,"pct","0.1pctDMSO","4064_1",1712.031,-2.583853319286145,0.528,1.6416666666666857,624
"4064","I22","solvent_ctrl","DMSO",0.1,"pct","0.1pctDMSO","DMSO",0.1,"pct","0.1pctDMSO","DMSO",0.1,"pct","0.1pctDMSO","4064_1",1691.46,-3.8228448595948614,0.518,0.6416666666666848,653
"4064","J03","solvent_ctrl","DMSO",0.1,"pct","0.1pctDMSO","DMSO",0.1,"pct","0.1pctDMSO","DMSO",0.1,"pct","0.1pctDMSO","4064_1",1811.42,3.402699651374772,0.497,-1.458333333333317,729
"4064","J04","solvent_ctrl","DMSO",0.1,"pct","0.1pctDMSO","DMSO",0.1,"pct","0.1pctDMSO","DMSO",0.1,"pct","0.1pctDMSO","4064_1",1763.086,0.4913872217878171,0.51,-0.1583333333333159,701
"4064","J05","treatment","FSK",2.5,"uM","0.1pctDMSO","1823372",1,"uM","0.1pctDMSO","DMSO",0.1,"pct","0.1pctDMSO","4064_1",3339.191,95.41783599802557,0.411,-10.05833333333332,620
"4064","J06","treatment","FSK",2.5,"uM","0.1pctDMSO","1823372",1,"uM","0.1pctDMSO","DMSO",0.1,"pct","0.1pctDMSO","4064_1",3519.798,106.29554634165908,0.409,-10.258333333333319,645
"4064","J07","treatment","FSK",2.5,"uM","0.1pctDMSO","1823372",1,"uM","0.1pctDMSO","CPA",1,"uM","0.1pctDMSO","4064_1",3044.258,77.65450959166097,0.415,-9.658333333333319,606
"4064","J08","treatment","FSK",2.5,"uM","0.1pctDMSO","1823372",1,"uM","0.1pctDMSO","CPA",1,"uM","0.1pctDMSO","4064_1",3006.824,75.39954498829906,0.433,-7.858333333333317,626
"4064","J09","treatment","FSK",2.5,"uM","0.1pctDMSO","22755240",1,"uM","0.1pctDMSO","DMSO",0.1,"pct","0.1pctDMSO","4064_1",3575.308,109.63891735966138,0.399,-11.258333333333315,616
"4064","J10","treatment","FSK",2.5,"uM","0.1pctDMSO","22755240",1,"uM","0.1pctDMSO","DMSO",0.1,"pct","0.1pctDMSO","4064_1",3485.526,104.23119582142162,0.418,-9.358333333333318,618
"4064","J11","treatment","FSK",2.5,"uM","0.1pctDMSO","22755240",1,"uM","0.1pctDMSO","CPA",1,"uM","0.1pctDMSO","4064_1",2988.267,74.2819110809129,0.432,-7.958333333333317,652
"4064","J12","treatment","FSK",2.5,"uM","0.1pctDMSO","22755240",1,"uM","0.1pctDMSO","CPA",1,"uM","0.1pctDMSO","4064_1",3247.807,89.91353665766943,0.419,-9.258333333333319,641
"4064","J13","treatment","FSK",2.5,"uM","0.1pctDMSO","27070328",1,"uM","0.1pctDMSO","DMSO",0.1,"pct","0.1pctDMSO","4064_1",2938.802,71.3032483419553,0.459,-5.258333333333315,600
"4064","J14","treatment","FSK",2.5,"uM","0.1pctDMSO","27070328",1,"uM","0.1pctDMSO","DMSO",0.1,"pct","0.1pctDMSO","4064_1",3157.027,84.446089373384,0.436,-7.558333333333317,626
"4064","J15","treatment","FSK",2.5,"uM","0.1pctDMSO","27070328",1,"uM","0.1pctDMSO","CPA",1,"uM","0.1pctDMSO","4064_1",2665.715,54.8551591091492,0.444,-6.758333333333316,590
"4064","J16","treatment","FSK",2.5,"uM","0.1pctDMSO","27070328",1,"uM","0.1pctDMSO","CPA",1,"uM","0.1pctDMSO","4064_1",2767.535,60.98784954353885,0.464,-4.758333333333314,579
"4064","J17","tox_ctrl","FSK",2.5,"uM","0.1pctDMSO","staurosporin",1,"uM","0.1pctDMSO","DMSO",0.1,"pct","0.1pctDMSO","4064_1",736.257,-61.35271666765285,0.983,47.14166666666668,36
"4064","J18","tox_ctrl","FSK",2.5,"uM","0.1pctDMSO","staurosporin",1,"uM","0.1pctDMSO","DMSO",0.1,"pct","0.1pctDMSO","4064_1",711.161,-62.86428634682949,0.988,47.64166666666668,27
"4064","J19","solvent_ctrl","DMSO",0.1,"pct","0.1pctDMSO","DMSO",0.1,"pct","0.1pctDMSO","DMSO",0.1,"pct","0.1pctDMSO","4064_1",1645.841,-6.570229177694828,0.556,4.441666666666688,623
"4064","J20","solvent_ctrl","DMSO",0.1,"pct","0.1pctDMSO","DMSO",0.1,"pct","0.1pctDMSO","DMSO",0.1,"pct","0.1pctDMSO","4064_1",1799.226,2.6682000510686743,0.553,4.141666666666688,623
"4064","J21","solvent_ctrl","DMSO",0.1,"pct","0.1pctDMSO","DMSO",0.1,"pct","0.1pctDMSO","DMSO",0.1,"pct","0.1pctDMSO","4064_1",1750.209,-0.2844120965285706,0.506,-0.5583333333333163,645
"4064","J22","solvent_ctrl","DMSO",0.1,"pct","0.1pctDMSO","DMSO",0.1,"pct","0.1pctDMSO","DMSO",0.1,"pct","0.1pctDMSO","4064_1",1611.699,-8.62631975433022,0.541,2.941666666666687,713
"4064","K03","ref_ctrl","FSK",2.5,"uM","0.1pctDMSO","rapamycin",0.03,"uM","0.1pctDMSO","DMSO",0.1,"pct","0.1pctDMSO","4064_1",2377.026,37.46797782681678,0.453,-5.858333333333316,649
"4064","K04","ref_ctrl","FSK",2.5,"uM","0.1pctDMSO","rapamycin",0.03,"uM","0.1pctDMSO","DMSO",0.1,"pct","0.1pctDMSO","4064_1",2531.247,46.75660209746971,0.445,-6.658333333333316,616
"4064","K05","treatment","FSK",2.5,"uM","0.1pctDMSO","1823372",0.1,"uM","0.1pctDMSO","DMSO",0.1,"pct","0.1pctDMSO","4064_1",3432.149,101.01617161938974,0.43,-8.158333333333317,642
"4064","K06","treatment","FSK",2.5,"uM","0.1pctDMSO","1823372",0.1,"uM","0.1pctDMSO","DMSO",0.1,"pct","0.1pctDMSO","4064_1",3595.782,110.8715550971993,0.415,-9.658333333333319,654
"4064","K07","treatment","FSK",2.5,"uM","0.1pctDMSO","1823372",0.1,"uM","0.1pctDMSO","CPA",1,"uM","0.1pctDMSO","4064_1",3136.35,83.20074403030446,0.433,-7.858333333333317,581
"4064","K08","treatment","FSK",2.5,"uM","0.1pctDMSO","1823372",0.1,"uM","0.1pctDMSO","CPA",1,"uM","0.1pctDMSO","4064_1",3315.027,93.96217978323209,0.406,-10.558333333333314,591
"4064","K09","treatment","FSK",2.5,"uM","0.1pctDMSO","22755240",0.1,"uM","0.1pctDMSO","DMSO",0.1,"pct","0.1pctDMSO","4064_1",3776.649,121.76514994775984,0.402,-10.958333333333314,565
"4064","K10","treatment","FSK",2.5,"uM","0.1pctDMSO","22755240",0.1,"uM","0.1pctDMSO","DMSO",0.1,"pct","0.1pctDMSO","4064_1",3416.936,100.09995325983836,0.443,-6.8583333333333165,621
"4064","K11","treatment","FSK",2.5,"uM","0.1pctDMSO","22755240",0.1,"uM","0.1pctDMSO","CPA",1,"uM","0.1pctDMSO","4064_1",3208.736,87.56072349163702,0.425,-8.658333333333317,617
"4064","K12","treatment","FSK",2.5,"uM","0.1pctDMSO","22755240",0.1,"uM","0.1pctDMSO","CPA",1,"uM","0.1pctDMSO","4064_1",3146.893,83.83612430738586,0.41,-10.158333333333319,642
"4064","K13","treatment","FSK",2.5,"uM","0.1pctDMSO","27070328",0.1,"uM","0.1pctDMSO","DMSO",0.1,"pct","0.1pctDMSO","4064_1",3219.206,88.19102072650175,0.43,-8.158333333333317,592
"4064","K14","treatment","FSK",2.5,"uM","0.1pctDMSO","27070328",0.1,"uM","0.1pctDMSO","DMSO",0.1,"pct","0.1pctDMSO","4064_1",3374.643,97.55271372901908,0.432,-7.958333333333317,576
"4064","K15","treatment","FSK",2.5,"uM","0.1pctDMSO","27070328",0.1,"uM","0.1pctDMSO","CPA",1,"uM","0.1pctDMSO","4064_1",2711.316,57.601908046972085,0.436,-7.558333333333317,562
"4064","K16","treatment","FSK",2.5,"uM","0.1pctDMSO","27070328",0.1,"uM","0.1pctDMSO","CPA",1,"uM","0.1pctDMSO","4064_1",2982.423,73.9299104074098,0.448,-6.358333333333316,600
"4064","K17","ref_ctrl","FSK",2.5,"uM","0.1pctDMSO","rapamycin",0.03,"uM","0.1pctDMSO","DMSO",0.1,"pct","0.1pctDMSO","4064_1",2165.077,24.702552679974428,0.493,-1.8583333333333174,592
"4064","K18","ref_ctrl","FSK",2.5,"uM","0.1pctDMSO","rapamycin",0.03,"uM","0.1pctDMSO","DMSO",0.1,"pct","0.1pctDMSO","4064_1",2417.947,39.93261792161551,0.472,-3.9583333333333193,631
"4064","K19","ref_ctrl","FSK",2.5,"uM","0.1pctDMSO","rapamycin",0.03,"uM","0.1pctDMSO","DMSO",0.1,"pct","0.1pctDMSO","4064_1",2420.413,40.081296906452565,0.491,-2.0583333333333176,578
"4064","K20","ref_ctrl","FSK",2.5,"uM","0.1pctDMSO","rapamycin",0.03,"uM","0.1pctDMSO","DMSO",0.1,"pct","0.1pctDMSO","4064_1",2447.879,41.73519176769544,0.461,-5.058333333333315,556
"4064","K21","ref_ctrl","FSK",2.5,"uM","0.1pctDMSO","rapamycin",0.03,"uM","0.1pctDMSO","DMSO",0.1,"pct","0.1pctDMSO","4064_1",2474.586,43.343974629265524,0.483,-2.8583333333333183,555
"4064","K22","ref_ctrl","FSK",2.5,"uM","0.1pctDMSO","rapamycin",0.03,"uM","0.1pctDMSO","DMSO",0.1,"pct","0.1pctDMSO","4064_1",2451.829,41.97345937160096,0.458,-5.358333333333315,585
"4064","L03","ref_ctrl","FSK",2.5,"uM","0.1pctDMSO","rapamycin",0.03,"uM","0.1pctDMSO","DMSO",0.1,"pct","0.1pctDMSO","4064_1",2545.615,47.62199003485457,0.444,-6.758333333333316,630
"4064","L04","ref_ctrl","FSK",2.5,"uM","0.1pctDMSO","rapamycin",0.03,"uM","0.1pctDMSO","DMSO",0.1,"pct","0.1pctDMSO","4064_1",2529.851,46.672731900894966,0.456,-5.558333333333315,666
"4064","L05","treatment","FSK",2.5,"uM","0.1pctDMSO","1823372",0.1,"uM","0.1pctDMSO","DMSO",0.1,"pct","0.1pctDMSO","4064_1",3426.272,100.6622648050554,0.424,-8.758333333333319,688
"4064","L06","treatment","FSK",2.5,"uM","0.1pctDMSO","1823372",0.1,"uM","0.1pctDMSO","DMSO",0.1,"pct","0.1pctDMSO","4064_1",3413.849,99.91442221893061,0.432,-7.958333333333317,633
"4064","L07","treatment","FSK",2.5,"uM","0.1pctDMSO","1823372",0.1,"uM","0.1pctDMSO","CPA",1,"uM","0.1pctDMSO","4064_1",3204.148,87.28433307110662,0.445,-6.658333333333316,589
"4064","L08","treatment","FSK",2.5,"uM","0.1pctDMSO","1823372",0.1,"uM","0.1pctDMSO","CPA",1,"uM","0.1pctDMSO","4064_1",3665.413,115.06570030621359,0.397,-11.458333333333314,593
"4064","L09","treatment","FSK",2.5,"uM","0.1pctDMSO","22755240",0.1,"uM","0.1pctDMSO","DMSO",0.1,"pct","0.1pctDMSO","4064_1",3392.514,98.62904791839493,0.437,-7.458333333333317,664
"4064","L10","treatment","FSK",2.5,"uM","0.1pctDMSO","22755240",0.1,"uM","0.1pctDMSO","DMSO",0.1,"pct","0.1pctDMSO","4064_1",3464.35,102.95598760531924,0.426,-8.558333333333318,668
"4064","L11","treatment","FSK",2.5,"uM","0.1pctDMSO","22755240",0.1,"uM","0.1pctDMSO","CPA",1,"uM","0.1pctDMSO","4064_1",3265.634,90.98732932593698,0.423,-8.858333333333318,635
"4064","L12","treatment","FSK",2.5,"uM","0.1pctDMSO","22755240",0.1,"uM","0.1pctDMSO","CPA",1,"uM","0.1pctDMSO","4064_1",3187.379,86.27407843054718,0.432,-7.958333333333317,631
"4064","L13","treatment","FSK",2.5,"uM","0.1pctDMSO","27070328",0.1,"uM","0.1pctDMSO","DMSO",0.1,"pct","0.1pctDMSO","4064_1",3334.016,95.10586428197861,0.434,-7.758333333333317,606
"4064","L14","treatment","FSK",2.5,"uM","0.1pctDMSO","27070328",0.1,"uM","0.1pctDMSO","DMSO",0.1,"pct","0.1pctDMSO","4064_1",3283.36,92.0554035717108,0.423,-8.858333333333318,583
"4064","L15","treatment","FSK",2.5,"uM","0.1pctDMSO","27070328",0.1,"uM","0.1pctDMSO","CPA",1,"uM","0.1pctDMSO","4064_1",2830.639,64.78869436103975,0.436,-7.558333333333317,633
"4064","L16","treatment","FSK",2.5,"uM","0.1pctDMSO","27070328",0.1,"uM","0.1pctDMSO","CPA",1,"uM","0.1pctDMSO","4064_1",3057.965,78.47986857158969,0.418,-9.358333333333318,633
"4064","L17","ref_ctrl","FSK",2.5,"uM","0.1pctDMSO","rapamycin",0.03,"uM","0.1pctDMSO","DMSO",0.1,"pct","0.1pctDMSO","4064_1",2275.064,31.327027448825085,0.491,-2.0583333333333176,659
"4064","L18","ref_ctrl","FSK",2.5,"uM","0.1pctDMSO","rapamycin",0.03,"uM","0.1pctDMSO","DMSO",0.1,"pct","0.1pctDMSO","4064_1",2341.362,35.31975711000457,0.474,-3.758333333333319,626
"4064","L19","ref_ctrl","FSK",2.5,"uM","0.1pctDMSO","rapamycin",0.03,"uM","0.1pctDMSO","DMSO",0.1,"pct","0.1pctDMSO","4064_1",2250.125,29.82498847380466,0.5,-1.1583333333333168,592
"4064","L20","ref_ctrl","FSK",2.5,"uM","0.1pctDMSO","rapamycin",0.03,"uM","0.1pctDMSO","DMSO",0.1,"pct","0.1pctDMSO","4064_1",2438.756,41.186223208297115,0.477,-3.458333333333319,609
"4064","L21","ref_ctrl","FSK",2.5,"uM","0.1pctDMSO","rapamycin",0.03,"uM","0.1pctDMSO","DMSO",0.1,"pct","0.1pctDMSO","4064_1",2508.302,45.374649994817666,0.45,-6.1583333333333155,596
"4064","L22","ref_ctrl","FSK",2.5,"uM","0.1pctDMSO","rapamycin",0.03,"uM","0.1pctDMSO","DMSO",0.1,"pct","0.1pctDMSO","4064_1",2407.787,39.320746714786125,0.475,-3.658333333333319,610
"4064","M03","tox_ctrl","FSK",2.5,"uM","0.1pctDMSO","staurosporin",1,"uM","0.1pctDMSO","DMSO",0.1,"pct","0.1pctDMSO","4064_1",914.704,-50.60525928082102,0.978,46.64166666666668,37
"4064","M04","tox_ctrl","FSK",2.5,"uM","0.1pctDMSO","staurosporin",1,"uM","0.1pctDMSO","DMSO",0.1,"pct","0.1pctDMSO","4064_1",748.026,-60.644267658707086,0.976,46.441666666666684,52
"4064","M05","treatment","FSK",2.5,"uM","0.1pctDMSO","1823372",0.001,"uM","0.1pctDMSO","DMSO",0.1,"pct","0.1pctDMSO","4064_1",3662.434,114.88588768779955,0.405,-10.658333333333314,587
"4064","M06","treatment","FSK",2.5,"uM","0.1pctDMSO","1823372",0.001,"uM","0.1pctDMSO","DMSO",0.1,"pct","0.1pctDMSO","4064_1",3548.265,108.00980232922468,0.43,-8.158333333333317,598
"4064","M07","treatment","FSK",2.5,"uM","0.1pctDMSO","1823372",0.001,"uM","0.1pctDMSO","CPA",1,"uM","0.1pctDMSO","4064_1",3512.467,105.85395704908751,0.386,-12.558333333333316,565
"4064","M08","treatment","FSK",2.5,"uM","0.1pctDMSO","1823372",0.001,"uM","0.1pctDMSO","CPA",1,"uM","0.1pctDMSO","4064_1",3270.83,91.3005718025381,0.43,-8.158333333333317,555
"4064","M09","treatment","FSK",2.5,"uM","0.1pctDMSO","22755240",0.001,"uM","0.1pctDMSO","DMSO",0.1,"pct","0.1pctDMSO","4064_1",3617.21,112.16264782022868,0.407,-10.45833333333332,530
"4064","M10","treatment","FSK",2.5,"uM","0.1pctDMSO","22755240",0.001,"uM","0.1pctDMSO","DMSO",0.1,"pct","0.1pctDMSO","4064_1",3649.145,114.08594391895406,0.397,-11.458333333333314,577
"4064","M11","treatment","FSK",2.5,"uM","0.1pctDMSO","22755240",0.001,"uM","0.1pctDMSO","CPA",1,"uM","0.1pctDMSO","4064_1",3228.704,88.7634983561521,0.41,-10.158333333333319,546
"4064","M12","treatment","FSK",2.5,"uM","0.1pctDMSO","22755240",0.001,"uM","0.1pctDMSO","CPA",1,"uM","0.1pctDMSO","4064_1",3250.221,90.05903874112106,0.412,-9.95833333333332,611
"4064","M13","treatment","FSK",2.5,"uM","0.1pctDMSO","27070328",0.001,"uM","0.1pctDMSO","DMSO",0.1,"pct","0.1pctDMSO","4064_1",3491.696,104.60289328351425,0.437,-7.458333333333317,478
"4064","M14","treatment","FSK",2.5,"uM","0.1pctDMSO","27070328",0.001,"uM","0.1pctDMSO","DMSO",0.1,"pct","0.1pctDMSO","4064_1",3736.022,119.31830050071936,0.414,-9.758333333333319,524
"4064","M15","treatment","FSK",2.5,"uM","0.1pctDMSO","27070328",0.001,"uM","0.1pctDMSO","CPA",1,"uM","0.1pctDMSO","4064_1",3285.385,92.17739658491043,0.422,-8.958333333333318,563
"4064","M16","treatment","FSK",2.5,"uM","0.1pctDMSO","27070328",0.001,"uM","0.1pctDMSO","CPA",1,"uM","0.1pctDMSO","4064_1",3045.142,77.70788153493581,0.416,-9.55833333333332,598
"4064","M17","stim_only","FSK",2.5,"uM","0.1pctDMSO","DMSO",0.1,"pct","0.1pctDMSO","DMSO",0.1,"pct","0.1pctDMSO","4064_1",3373.551,97.48726956047969,0.431,-8.058333333333318,542
"4064","M18","stim_only","FSK",2.5,"uM","0.1pctDMSO","DMSO",0.1,"pct","0.1pctDMSO","DMSO",0.1,"pct","0.1pctDMSO","4064_1",3254.932,90.34305372497644,0.412,-9.95833333333332,588
"4064","M19","tox_ctrl","FSK",2.5,"uM","0.1pctDMSO","staurosporin",1,"uM","0.1pctDMSO","DMSO",0.1,"pct","0.1pctDMSO","4064_1",790.082,-58.11100649398357,0.974,46.24166666666668,41
"4064","M20","tox_ctrl","FSK",2.5,"uM","0.1pctDMSO","staurosporin",1,"uM","0.1pctDMSO","DMSO",0.1,"pct","0.1pctDMSO","4064_1",888.03,-52.21213600155987,0.966,45.44166666666668,48
"4064","M21","tox_ctrl","FSK",2.5,"uM","0.1pctDMSO","staurosporin",1,"uM","0.1pctDMSO","DMSO",0.1,"pct","0.1pctDMSO","4064_1",1049.418,-42.49145314249159,0.954,44.24166666666668,56
"4064","M22","tox_ctrl","FSK",2.5,"uM","0.1pctDMSO","staurosporin",1,"uM","0.1pctDMSO","DMSO",0.1,"pct","0.1pctDMSO","4064_1",941.266,-49.00537174313006,0.957,44.54166666666668,52
"4064","N03","tox_ctrl","FSK",2.5,"uM","0.1pctDMSO","staurosporin",1,"uM","0.1pctDMSO","DMSO",0.1,"pct","0.1pctDMSO","4064_1",739.114,-61.18052861256379,0.976,46.441666666666684,49
"4064","N04","tox_ctrl","FSK",2.5,"uM","0.1pctDMSO","staurosporin",1,"uM","0.1pctDMSO","DMSO",0.1,"pct","0.1pctDMSO","4064_1",746.986,-60.70653492586106,0.98,46.84166666666668,47
"4064","N05","treatment","FSK",2.5,"uM","0.1pctDMSO","1823372",0.001,"uM","0.1pctDMSO","DMSO",0.1,"pct","0.1pctDMSO","4064_1",3784.796,122.25566352166666,0.428,-8.358333333333318,557
"4064","N06","treatment","FSK",2.5,"uM","0.1pctDMSO","1823372",0.001,"uM","0.1pctDMSO","DMSO",0.1,"pct","0.1pctDMSO","4064_1",3580.885,109.97439814596035,0.42,-9.158333333333319,613
"4064","N07","treatment","FSK",2.5,"uM","0.1pctDMSO","1823372",0.001,"uM","0.1pctDMSO","CPA",1,"uM","0.1pctDMSO","4064_1",3293.058,92.63931804634863,0.397,-11.458333333333314,603
"4064","N08","treatment","FSK",2.5,"uM","0.1pctDMSO","1823372",0.001,"uM","0.1pctDMSO","CPA",1,"uM","0.1pctDMSO","4064_1",3489.088,104.44595435507513,0.402,-10.958333333333314,608
"4064","N09","treatment","FSK",2.5,"uM","0.1pctDMSO","22755240",0.001,"uM","0.1pctDMSO","DMSO",0.1,"pct","0.1pctDMSO","4064_1",3603.412,111.33157041780622,0.42,-9.158333333333319,586
"4064","N10","treatment","FSK",2.5,"uM","0.1pctDMSO","22755240",0.001,"uM","0.1pctDMSO","DMSO",0.1,"pct","0.1pctDMSO","4064_1",3336.025,95.22722191490114,0.449,-6.258333333333316,617
"4064","N11","treatment","FSK",2.5,"uM","0.1pctDMSO","22755240",0.001,"uM","0.1pctDMSO","CPA",1,"uM","0.1pctDMSO","4064_1",3225.397,88.56398894914852,0.412,-9.95833333333332,622
"4064","N12","treatment","FSK",2.5,"uM","0.1pctDMSO","22755240",0.001,"uM","0.1pctDMSO","CPA",1,"uM","0.1pctDMSO","4064_1",3382.999,98.0559349084675,0.405,-10.658333333333314,613
"4064","N13","treatment","FSK",2.5,"uM","0.1pctDMSO","27070328",0.001,"uM","0.1pctDMSO","DMSO",0.1,"pct","0.1pctDMSO","4064_1",3380.964,97.93394189526788,0.408,-10.35833333333332,617
"4064","N14","treatment","FSK",2.5,"uM","0.1pctDMSO","27070328",0.001,"uM","0.1pctDMSO","DMSO",0.1,"pct","0.1pctDMSO","4064_1",3577.262,109.75646271092145,0.415,-9.658333333333319,642
"4064","N15","treatment","FSK",2.5,"uM","0.1pctDMSO","27070328",0.001,"uM","0.1pctDMSO","CPA",1,"uM","0.1pctDMSO","4064_1",3239.922,89.43890759068961,0.415,-9.658333333333319,612
"4064","N16","treatment","FSK",2.5,"uM","0.1pctDMSO","27070328",0.001,"uM","0.1pctDMSO","CPA",1,"uM","0.1pctDMSO","4064_1",3275.08,91.55663005420192,0.392,-11.958333333333314,562
"4064","N17","stim_only","FSK",2.5,"uM","0.1pctDMSO","DMSO",0.1,"pct","0.1pctDMSO","DMSO",0.1,"pct","0.1pctDMSO","4064_1",3072.372,79.34779803008286,0.42,-9.158333333333319,522
"4064","N18","stim_only","FSK",2.5,"uM","0.1pctDMSO","DMSO",0.1,"pct","0.1pctDMSO","DMSO",0.1,"pct","0.1pctDMSO","4064_1",3484.311,104.15812708955725,0.411,-10.05833333333332,498
"4064","N19","tox_ctrl","FSK",2.5,"uM","0.1pctDMSO","staurosporin",1,"uM","0.1pctDMSO","DMSO",0.1,"pct","0.1pctDMSO","4064_1",886.912,-52.2794863109305,0.973,46.14166666666668,45
"4064","N20","tox_ctrl","FSK",2.5,"uM","0.1pctDMSO","staurosporin",1,"uM","0.1pctDMSO","DMSO",0.1,"pct","0.1pctDMSO","4064_1",742.602,-60.970853121126936,0.98,46.84166666666668,37
"4064","N21","tox_ctrl","FSK",2.5,"uM","0.1pctDMSO","staurosporin",1,"uM","0.1pctDMSO","DMSO",0.1,"pct","0.1pctDMSO","4064_1",843.507,-54.89344077084337,0.958,44.64166666666668,55
"4064","N22","tox_ctrl","FSK",2.5,"uM","0.1pctDMSO","staurosporin",1,"uM","0.1pctDMSO","DMSO",0.1,"pct","0.1pctDMSO","4064_1",911.925,-50.77299967397051,0.95,43.841666666666676,74
