experiment,batch,plate_id,well.name,treatment_type,Stimulant,Stimulant dose,Stimulant unit,Treatment,Treatment concentration,Treatment unit,Treatment 2,Treatment 2 concentration,Treatment 2 unit,obj.Mean(area).um2.meas,dmso_median_raw,fsk_2_5uM_median_raw,normalized_cyst_swelling_pct
compound_exploration,4042,1,C03,ref_ctrl,FSK,2.5,uM,rapamycin,0.03,uM,DMSO,0.1,pct,2173.914,1631.0785,3117.0,36.53190966009982
compound_exploration,4042,1,C04,ref_ctrl,FSK,2.5,uM,rapamycin,0.03,uM,DMSO,0.1,pct,2178.681,1631.0785,3117.0,36.85272068544671
compound_exploration,4042,1,C05,treatment,FSK,2.5,uM,DMSO,0.1,pct,Aldosterone,1.0,uM,2517.547,1631.0785,3117.0,59.65782849228576
compound_exploration,4042,1,C06,treatment,FSK,2.5,uM,DMSO,0.1,pct,Aldosterone,1.0,uM,2489.521,1631.0785,3117.0,57.771726164538315
compound_exploration,4042,1,C07,treatment,FSK,2.5,uM,Finerenone,1.0,uM,DMSO,0.1,pct,3203.927,1631.0785,3117.0,105.85003985742182
compound_exploration,4042,1,C08,treatment,FSK,2.5,uM,Finerenone,1.0,uM,DMSO,0.1,pct,3283.632,1631.0785,3117.0,111.21405134793461
compound_exploration,4042,1,C09,treatment,FSK,2.5,uM,Finerenone,1.0,uM,Aldosterone,1.0,uM,2365.005,1631.0785,3117.0,49.39201027779732
compound_exploration,4042,1,C10,treatment,FSK,2.5,uM,Finerenone,1.0,uM,Aldosterone,1.0,uM,2468.969,1631.0785,3117.0,56.38861137684596
compound_exploration,4042,1,C11,treatment,FSK,2.5,uM,Esaxerenone,1.0,uM,DMSO,0.1,pct,3044.001,1631.0785,3117.0,95.08729095043043
compound_exploration,4042,1,C12,treatment,FSK,2.5,uM,Esaxerenone,1.0,uM,DMSO,0.1,pct,3051.902,1631.0785,3117.0,95.61901486720531
compound_exploration,4042,1,C13,treatment,FSK,2.5,uM,Esaxerenone,1.0,uM,Aldosterone,1.0,uM,2475.68,1631.0785,3117.0,56.84025030931983
compound_exploration,4042,1,C14,treatment,FSK,2.5,uM,Esaxerenone,1.0,uM,Aldosterone,1.0,uM,2372.025,1631.0785,3117.0,49.86444438686701
compound_exploration,4042,1,C15,treatment,FSK,2.5,uM,Apararenone,1.0,uM,DMSO,0.1,pct,3187.891,1631.0785,3117.0,104.7708442202364
compound_exploration,4042,1,C16,treatment,FSK,2.5,uM,Apararenone,1.0,uM,DMSO,0.1,pct,3124.846,1631.0785,3117.0,100.52802250993744
compound_exploration,4042,1,C17,treatment,FSK,2.5,uM,Apararenone,1.0,uM,Aldosterone,1.0,uM,2597.528,1631.0785,3117.0,65.04041431529187
compound_exploration,4042,1,C18,treatment,FSK,2.5,uM,Apararenone,1.0,uM,Aldosterone,1.0,uM,2371.995,1631.0785,3117.0,49.86242543768294
compound_exploration,4042,1,C19,solvent_ctrl,DMSO,0.1,pct,DMSO,0.1,pct,DMSO,0.1,pct,1497.764,1631.0785,3117.0,-8.971840033272295
compound_exploration,4042,1,C20,solvent_ctrl,DMSO,0.1,pct,DMSO,0.1,pct,DMSO,0.1,pct,1584.8,1631.0785,3117.0,-3.1144646604817363
compound_exploration,4042,1,C21,tox_ctrl,FSK,2.5,uM,staurosporin,1.0,uM,DMSO,0.1,pct,1213.394,1631.0785,3117.0,-28.109459348962922
compound_exploration,4042,1,C22,tox_ctrl,FSK,2.5,uM,staurosporin,1.0,uM,DMSO,0.1,pct,1301.416,1631.0785,3117.0,-22.185727846322983
compound_exploration,4042,1,D03,ref_ctrl,FSK,2.5,uM,rapamycin,0.03,uM,DMSO,0.1,pct,2108.92,1631.0785,3117.0,32.157923551143185
compound_exploration,4042,1,D04,ref_ctrl,FSK,2.5,uM,rapamycin,0.03,uM,DMSO,0.1,pct,2289.738,1631.0785,3117.0,44.326668669912905
compound_exploration,4042,1,D05,treatment,FSK,2.5,uM,DMSO,0.1,pct,Aldosterone,1.0,uM,2581.009,1631.0785,3117.0,63.928713596243135
compound_exploration,4042,1,D06,treatment,FSK,2.5,uM,DMSO,0.1,pct,Aldosterone,1.0,uM,2699.317,1631.0785,3117.0,71.89064159849629
compound_exploration,4042,1,D07,treatment,FSK,2.5,uM,Finerenone,1.0,uM,DMSO,0.1,pct,3251.36,1631.0785,3117.0,109.04220041233673
compound_exploration,4042,1,D08,treatment,FSK,2.5,uM,Finerenone,1.0,uM,DMSO,0.1,pct,3263.439,1631.0785,3117.0,109.85509665214481
compound_exploration,4042,1,D09,treatment,FSK,2.5,uM,Finerenone,1.0,uM,Aldosterone,1.0,uM,2525.94,1631.0785,3117.0,60.2226631756792
compound_exploration,4042,1,D10,treatment,FSK,2.5,uM,Finerenone,1.0,uM,Aldosterone,1.0,uM,2498.031,1631.0785,3117.0,58.34443474974956
compound_exploration,4042,1,D11,treatment,FSK,2.5,uM,Esaxerenone,1.0,uM,DMSO,0.1,pct,3024.143,1631.0785,3117.0,93.75088118719596
compound_exploration,4042,1,D12,treatment,FSK,2.5,uM,Esaxerenone,1.0,uM,DMSO,0.1,pct,2798.475,1631.0785,3117.0,78.56380703825874
compound_exploration,4042,1,D13,treatment,FSK,2.5,uM,Esaxerenone,1.0,uM,Aldosterone,1.0,uM,2520.807,1631.0785,3117.0,59.87722097028678
compound_exploration,4042,1,D14,treatment,FSK,2.5,uM,Esaxerenone,1.0,uM,Aldosterone,1.0,uM,2343.574,1631.0785,3117.0,47.949740279012055
compound_exploration,4042,1,D15,treatment,FSK,2.5,uM,Apararenone,1.0,uM,DMSO,0.1,pct,3416.681,1631.0785,3117.0,120.16802368092797
compound_exploration,4042,1,D16,treatment,FSK,2.5,uM,Apararenone,1.0,uM,DMSO,0.1,pct,3021.033,1631.0785,3117.0,93.54158345511522
compound_exploration,4042,1,D17,treatment,FSK,2.5,uM,Apararenone,1.0,uM,Aldosterone,1.0,uM,2680.842,1631.0785,3117.0,70.64730539264693
compound_exploration,4042,1,D18,treatment,FSK,2.5,uM,Apararenone,1.0,uM,Aldosterone,1.0,uM,2599.011,1631.0785,3117.0,65.14021770329052
compound_exploration,4042,1,D19,solvent_ctrl,DMSO,0.1,pct,DMSO,0.1,pct,DMSO,0.1,pct,1572.958,1631.0785,3117.0,-3.9114112017357576
compound_exploration,4042,1,D20,solvent_ctrl,DMSO,0.1,pct,DMSO,0.1,pct,DMSO,0.1,pct,1661.008,1631.0785,3117.0,2.014204653475972
compound_exploration,4042,1,D21,tox_ctrl,FSK,2.5,uM,staurosporin,1.0,uM,DMSO,0.1,pct,1328.114,1631.0785,3117.0,-20.38899766912317
compound_exploration,4042,1,D22,tox_ctrl,FSK,2.5,uM,staurosporin,1.0,uM,DMSO,0.1,pct,1274.666,1631.0785,3117.0,-23.985957535441823
compound_exploration,4042,1,E03,solvent_ctrl,DMSO,0.1,pct,DMSO,0.1,pct,DMSO,0.1,pct,1618.963,1631.0785,3117.0,-0.8153526279820376
compound_exploration,4042,1,E04,solvent_ctrl,DMSO,0.1,pct,DMSO,0.1,pct,DMSO,0.1,pct,1644.475,1631.0785,3117.0,0.9015617581413172
compound_exploration,4042,1,E05,treatment,FSK,2.5,uM,DMSO,0.1,pct,Aldosterone,0.1,uM,2807.844,1631.0785,3117.0,79.19432486844023
compound_exploration,4042,1,E06,treatment,FSK,2.5,uM,DMSO,0.1,pct,Aldosterone,0.1,uM,3205.535,1631.0785,3117.0,105.95825553368732
compound_exploration,4042,1,E07,treatment,FSK,2.5,uM,Finerenone,0.1,uM,DMSO,0.1,pct,3121.801,1631.0785,3117.0,100.3230991677555
compound_exploration,4042,1,E08,treatment,FSK,2.5,uM,Finerenone,0.1,uM,DMSO,0.1,pct,3202.26,1631.0785,3117.0,105.73785358109431
compound_exploration,4042,1,E09,treatment,FSK,2.5,uM,Finerenone,0.1,uM,Aldosterone,1.0,uM,2518.498,1631.0785,3117.0,59.72182918142042
compound_exploration,4042,1,E10,treatment,FSK,2.5,uM,Finerenone,0.1,uM,Aldosterone,1.0,uM,2437.138,1631.0785,3117.0,54.24643899425372
compound_exploration,4042,1,E11,treatment,FSK,2.5,uM,Esaxerenone,0.1,uM,DMSO,0.1,pct,3016.449,1631.0785,3117.0,93.23308801979108
compound_exploration,4042,1,E12,treatment,FSK,2.5,uM,Esaxerenone,0.1,uM,DMSO,0.1,pct,3145.815,1631.0785,3117.0,101.9392006912882
compound_exploration,4042,1,E13,treatment,FSK,2.5,uM,Esaxerenone,0.1,uM,Aldosterone,1.0,uM,2364.945,1631.0785,3117.0,49.38797237942921
compound_exploration,4042,1,E14,treatment,FSK,2.5,uM,Esaxerenone,0.1,uM,Aldosterone,1.0,uM,2602.604,1631.0785,3117.0,65.38202051723458
compound_exploration,4042,1,E15,treatment,FSK,2.5,uM,Apararenone,0.1,uM,DMSO,0.1,pct,3133.056,1631.0785,3117.0,101.08054160330812
compound_exploration,4042,1,E16,treatment,FSK,2.5,uM,Apararenone,0.1,uM,DMSO,0.1,pct,3141.489,1631.0785,3117.0,101.64806821894696
compound_exploration,4042,1,E17,treatment,FSK,2.5,uM,Apararenone,0.1,uM,Aldosterone,1.0,uM,2748.909,1631.0785,3117.0,75.22809919635728
compound_exploration,4042,1,E18,treatment,FSK,2.5,uM,Apararenone,0.1,uM,Aldosterone,1.0,uM,2668.65,1631.0785,3117.0,69.82680444424554
compound_exploration,4042,1,E19,stim_only,FSK,2.5,uM,DMSO,0.1,pct,DMSO,0.1,pct,3032.557,1631.0785,3117.0,94.31712913501822
compound_exploration,4042,1,E20,stim_only,FSK,2.5,uM,DMSO,0.1,pct,DMSO,0.1,pct,3212.449,1631.0785,3117.0,106.4235560223067
compound_exploration,4042,1,E21,ref_ctrl,FSK,2.5,uM,rapamycin,0.03,uM,DMSO,0.1,pct,2256.619,1631.0785,3117.0,42.09781606901846
compound_exploration,4042,1,E22,ref_ctrl,FSK,2.5,uM,rapamycin,0.03,uM,DMSO,0.1,pct,2245.418,1631.0785,3117.0,41.344007741997146
compound_exploration,4042,1,F03,solvent_ctrl,DMSO,0.1,pct,DMSO,0.1,pct,DMSO,0.1,pct,1650.244,1631.0785,3117.0,1.2898056862357694
compound_exploration,4042,1,F04,solvent_ctrl,DMSO,0.1,pct,DMSO,0.1,pct,DMSO,0.1,pct,1562.278,1631.0785,3117.0,-4.630157111260592
compound_exploration,4042,1,F05,treatment,FSK,2.5,uM,DMSO,0.1,pct,Aldosterone,0.1,uM,2929.19,1631.0785,3117.0,87.36070512473236
compound_exploration,4042,1,F06,treatment,FSK,2.5,uM,DMSO,0.1,pct,Aldosterone,0.1,uM,2747.831,1631.0785,3117.0,75.15555162234345
compound_exploration,4042,1,F07,treatment,FSK,2.5,uM,Finerenone,0.1,uM,DMSO,0.1,pct,3303.736,1631.0785,3117.0,112.56701649447832
compound_exploration,4042,1,F08,treatment,FSK,2.5,uM,Finerenone,0.1,uM,DMSO,0.1,pct,3240.181,1631.0785,3117.0,108.28987264805039
compound_exploration,4042,1,F09,treatment,FSK,2.5,uM,Finerenone,0.1,uM,Aldosterone,1.0,uM,2600.513,1631.0785,3117.0,65.2412997591057
compound_exploration,4042,1,F10,treatment,FSK,2.5,uM,Finerenone,0.1,uM,Aldosterone,1.0,uM,2768.144,1631.0785,3117.0,76.52258211486945
compound_exploration,4042,1,F11,treatment,FSK,2.5,uM,Esaxerenone,0.1,uM,DMSO,0.1,pct,3115.107,1631.0785,3117.0,99.8726043064859
compound_exploration,4042,1,F12,treatment,FSK,2.5,uM,Esaxerenone,0.1,uM,DMSO,0.1,pct,3371.354,1631.0785,3117.0,117.11759335873396
compound_exploration,4042,1,F13,treatment,FSK,2.5,uM,Esaxerenone,0.1,uM,Aldosterone,1.0,uM,2442.178,1631.0785,3117.0,54.58562245717555
compound_exploration,4042,1,F14,treatment,FSK,2.5,uM,Esaxerenone,0.1,uM,Aldosterone,1.0,uM,2454.56,1631.0785,3117.0,55.418910083742645
compound_exploration,4042,1,F15,treatment,FSK,2.5,uM,Apararenone,0.1,uM,DMSO,0.1,pct,3165.338,1631.0785,3117.0,103.25306552196736
compound_exploration,4042,1,F16,treatment,FSK,2.5,uM,Apararenone,0.1,uM,DMSO,0.1,pct,3024.163,1631.0785,3117.0,93.75222715331866
compound_exploration,4042,1,F17,treatment,FSK,2.5,uM,Apararenone,0.1,uM,Aldosterone,1.0,uM,2606.594,1631.0785,3117.0,65.65054075871438
compound_exploration,4042,1,F18,treatment,FSK,2.5,uM,Apararenone,0.1,uM,Aldosterone,1.0,uM,2770.341,1631.0785,3117.0,76.67043649344868
compound_exploration,4042,1,F19,stim_only,FSK,2.5,uM,DMSO,0.1,pct,DMSO,0.1,pct,3250.52,1631.0785,3117.0,108.98566983518309
compound_exploration,4042,1,F20,stim_only,FSK,2.5,uM,DMSO,0.1,pct,DMSO,0.1,pct,3161.581,1631.0785,3117.0,103.0002257858171
compound_exploration,4042,1,F21,ref_ctrl,FSK,2.5,uM,rapamycin,0.03,uM,DMSO,0.1,pct,2200.579,1631.0785,3117.0,38.32641899319716
compound_exploration,4042,1,F22,ref_ctrl,FSK,2.5,uM,rapamycin,0.03,uM,DMSO,0.1,pct,2378.725,1631.0785,3117.0,50.31534303797339
compound_exploration,4042,1,G03,stim_only,FSK,2.5,uM,DMSO,0.1,pct,DMSO,0.1,pct,3117.809,1631.0785,3117.0,100.05444432966347
compound_exploration,4042,1,G04,stim_only,FSK,2.5,uM,DMSO,0.1,pct,DMSO,0.1,pct,3289.402,1631.0785,3117.0,111.60236257433519
compound_exploration,4042,1,G05,treatment,FSK,2.5,uM,DMSO,0.1,pct,Aldosterone,0.001,uM,3162.481,1631.0785,3117.0,103.06079426133884
compound_exploration,4042,1,G06,treatment,FSK,2.5,uM,DMSO,0.1,pct,Aldosterone,0.001,uM,3225.956,1631.0785,3117.0,107.33255424327598
compound_exploration,4042,1,G07,treatment,FSK,2.5,uM,Finerenone,0.001,uM,DMSO,0.1,pct,3327.731,1631.0785,3117.0,114.18183935019448
compound_exploration,4042,1,G08,treatment,FSK,2.5,uM,Finerenone,0.001,uM,DMSO,0.1,pct,3159.064,1631.0785,3117.0,102.83083594927457
compound_exploration,4042,1,G09,treatment,FSK,2.5,uM,Finerenone,0.001,uM,Aldosterone,1.0,uM,2636.118,1631.0785,3117.0,67.63745594905248
compound_exploration,4042,1,G10,treatment,FSK,2.5,uM,Finerenone,0.001,uM,Aldosterone,1.0,uM,2558.637,1631.0785,3117.0,62.423115891384576
compound_exploration,4042,1,G11,treatment,FSK,2.5,uM,Esaxerenone,0.001,uM,DMSO,0.1,pct,3054.412,1631.0785,3117.0,95.78793361560486
compound_exploration,4042,1,G12,treatment,FSK,2.5,uM,Esaxerenone,0.001,uM,DMSO,0.1,pct,3232.336,1631.0785,3117.0,107.76191743641907
compound_exploration,4042,1,G13,treatment,FSK,2.5,uM,Esaxerenone,0.001,uM,Aldosterone,1.0,uM,2478.227,1631.0785,3117.0,57.0116590950464
compound_exploration,4042,1,G14,treatment,FSK,2.5,uM,Esaxerenone,0.001,uM,Aldosterone,1.0,uM,2694.671,1631.0785,3117.0,71.57797366819175
compound_exploration,4042,1,G15,treatment,FSK,2.5,uM,Apararenone,0.001,uM,DMSO,0.1,pct,3125.335,1631.0785,3117.0,100.56093138163759
compound_exploration,4042,1,G16,treatment,FSK,2.5,uM,Apararenone,0.001,uM,DMSO,0.1,pct,3149.439,1631.0785,3117.0,102.18308975272247
compound_exploration,4042,1,G17,treatment,FSK,2.5,uM,Apararenone,0.001,uM,Aldosterone,1.0,uM,2610.973,1631.0785,3117.0,65.94524004128077
compound_exploration,4042,1,G18,treatment,FSK,2.5,uM,Apararenone,0.001,uM,Aldosterone,1.0,uM,2633.186,1631.0785,3117.0,67.44013731546384
compound_exploration,4042,1,G19,tox_ctrl,FSK,2.5,uM,staurosporin,1.0,uM,DMSO,0.1,pct,1267.305,1631.0785,3117.0,-24.481340366903634
compound_exploration,4042,1,G20,tox_ctrl,FSK,2.5,uM,staurosporin,1.0,uM,DMSO,0.1,pct,1389.847,1631.0785,3117.0,-16.234471336473703
compound_exploration,4042,1,G21,stim_only,FSK,2.5,uM,DMSO,0.1,pct,DMSO,0.1,pct,3050.884,1631.0785,3117.0,95.55050519155958
compound_exploration,4042,1,G22,stim_only,FSK,2.5,uM,DMSO,0.1,pct,DMSO,0.1,pct,3116.191,1631.0785,3117.0,99.94555567033655
compound_exploration,4042,1,H03,stim_only,FSK,2.5,uM,DMSO,0.1,pct,DMSO,0.1,pct,3158.401,1631.0785,3117.0,102.78621717230686
compound_exploration,4042,1,H04,stim_only,FSK,2.5,uM,DMSO,0.1,pct,DMSO,0.1,pct,3091.929,1631.0785,3117.0,98.3127641668823
compound_exploration,4042,1,H05,treatment,FSK,2.5,uM,DMSO,0.1,pct,Aldosterone,0.001,uM,3105.224,1631.0785,3117.0,99.20749514695092
compound_exploration,4042,1,H06,treatment,FSK,2.5,uM,DMSO,0.1,pct,Aldosterone,0.001,uM,3069.635,1631.0785,3117.0,96.81241572990231
compound_exploration,4042,1,H07,treatment,FSK,2.5,uM,Finerenone,0.001,uM,DMSO,0.1,pct,3123.7,1631.0785,3117.0,100.45089865110639
compound_exploration,4042,1,H08,treatment,FSK,2.5,uM,Finerenone,0.001,uM,DMSO,0.1,pct,3201.297,1631.0785,3117.0,105.67304531228602
compound_exploration,4042,1,H09,treatment,FSK,2.5,uM,Finerenone,0.001,uM,Aldosterone,1.0,uM,2629.146,1631.0785,3117.0,67.1682521586773
compound_exploration,4042,1,H10,treatment,FSK,2.5,uM,Finerenone,0.001,uM,Aldosterone,1.0,uM,2591.965,1631.0785,3117.0,64.66603383826131
compound_exploration,4042,1,H11,treatment,FSK,2.5,uM,Esaxerenone,0.001,uM,DMSO,0.1,pct,3128.829,1631.0785,3117.0,100.79607166327429
compound_exploration,4042,1,H12,treatment,FSK,2.5,uM,Esaxerenone,0.001,uM,DMSO,0.1,pct,3401.185,1631.0785,3117.0,119.1251691290556
compound_exploration,4042,1,H13,treatment,FSK,2.5,uM,Esaxerenone,0.001,uM,Aldosterone,1.0,uM,2688.719,1631.0785,3117.0,71.17741415007455
compound_exploration,4042,1,H14,treatment,FSK,2.5,uM,Esaxerenone,0.001,uM,Aldosterone,1.0,uM,2558.432,1631.0785,3117.0,62.40931973862683
compound_exploration,4042,1,H15,treatment,FSK,2.5,uM,Apararenone,0.001,uM,DMSO,0.1,pct,3127.769,1631.0785,3117.0,100.72473545877085
compound_exploration,4042,1,H16,treatment,FSK,2.5,uM,Apararenone,0.001,uM,DMSO,0.1,pct,3169.754,1631.0785,3117.0,103.55025484186075
compound_exploration,4042,1,H17,treatment,FSK,2.5,uM,Apararenone,0.001,uM,Aldosterone,1.0,uM,2710.081,1631.0785,3117.0,72.61504056573648
compound_exploration,4042,1,H18,treatment,FSK,2.5,uM,Apararenone,0.001,uM,Aldosterone,1.0,uM,2649.973,1631.0785,3117.0,68.56987398055684
compound_exploration,4042,1,H19,tox_ctrl,FSK,2.5,uM,staurosporin,1.0,uM,DMSO,0.1,pct,1421.983,1631.0785,3117.0,-14.071772970510228
compound_exploration,4042,1,H20,tox_ctrl,FSK,2.5,uM,staurosporin,1.0,uM,DMSO,0.1,pct,1383.069,1631.0785,3117.0,-16.690619255458657
compound_exploration,4042,1,H21,stim_only,FSK,2.5,uM,DMSO,0.1,pct,DMSO,0.1,pct,2986.83,1631.0785,3117.0,91.23977949037011
compound_exploration,4042,1,H22,stim_only,FSK,2.5,uM,DMSO,0.1,pct,DMSO,0.1,pct,3132.418,1631.0785,3117.0,101.03760528399381
compound_exploration,4042,1,I03,solvent_ctrl,DMSO,0.1,pct,DMSO,0.1,pct,DMSO,0.1,pct,1646.687,1631.0785,3117.0,1.050425611312564
compound_exploration,4042,1,I04,solvent_ctrl,DMSO,0.1,pct,DMSO,0.1,pct,DMSO,0.1,pct,1650.832,1631.0785,3117.0,1.3293770902433293
compound_exploration,4042,1,I05,treatment,FSK,2.5,uM,Benidipine,1.0,uM,DMSO,0.1,pct,2816.305,1631.0785,3117.0,79.76373583665085
compound_exploration,4042,1,I06,treatment,FSK,2.5,uM,Benidipine,1.0,uM,DMSO,0.1,pct,3091.518,1631.0785,3117.0,98.2851045630607
compound_exploration,4042,1,I07,treatment,FSK,2.5,uM,Benidipine,1.0,uM,Aldosterone,1.0,uM,2531.834,1631.0785,3117.0,60.619319392040545
compound_exploration,4042,1,I08,treatment,FSK,2.5,uM,Benidipine,1.0,uM,Aldosterone,1.0,uM,2643.413,1631.0785,3117.0,68.12839709230938
compound_exploration,4042,1,I09,treatment,FSK,2.5,uM,Z318400112,1.0,uM,DMSO,0.1,pct,3052.092,1631.0785,3117.0,95.63180154537102
compound_exploration,4042,1,I10,treatment,FSK,2.5,uM,Z318400112,1.0,uM,DMSO,0.1,pct,3295.677,1631.0785,3117.0,112.0246594453341
compound_exploration,4042,1,I11,treatment,FSK,2.5,uM,Z318400112,1.0,uM,Aldosterone,1.0,uM,2584.271,1631.0785,3117.0,64.14824067085645
compound_exploration,4042,1,I12,treatment,FSK,2.5,uM,Z318400112,1.0,uM,Aldosterone,1.0,uM,2415.688,1631.0785,3117.0,52.8028903276519
compound_exploration,4042,1,I13,treatment,FSK,2.5,uM,Z90308949,1.0,uM,DMSO,0.1,pct,2982.458,1631.0785,3117.0,90.94555129594667
compound_exploration,4042,1,I14,treatment,FSK,2.5,uM,Z90308949,1.0,uM,DMSO,0.1,pct,3174.331,1631.0785,3117.0,103.85827918904195
compound_exploration,4042,1,I15,treatment,FSK,2.5,uM,Z90308949,1.0,uM,Aldosterone,1.0,uM,2491.773,1631.0785,3117.0,57.92328194995497
compound_exploration,4042,1,I16,treatment,FSK,2.5,uM,Z90308949,1.0,uM,Aldosterone,1.0,uM,2475.297,1631.0785,3117.0,56.81447505807002
compound_exploration,4042,1,I17,treatment,FSK,2.5,uM,Z95680027,1.0,uM,DMSO,0.1,pct,3237.381,1631.0785,3117.0,108.10143739087158
compound_exploration,4042,1,I18,treatment,FSK,2.5,uM,Z95680027,1.0,uM,DMSO,0.1,pct,3387.875,1631.0785,3117.0,118.22942867439498
compound_exploration,4042,1,I19,treatment,FSK,2.5,uM,Z95680027,1.0,uM,Aldosterone,1.0,uM,2812.204,1631.0785,3117.0,79.48774548319008
compound_exploration,4042,1,I20,treatment,FSK,2.5,uM,Z95680027,1.0,uM,Aldosterone,1.0,uM,2586.733,1631.0785,3117.0,64.31392910056151
compound_exploration,4042,1,I21,solvent_ctrl,DMSO,0.1,pct,DMSO,0.1,pct,DMSO,0.1,pct,1642.611,1631.0785,3117.0,0.7761177155051615
compound_exploration,4042,1,I22,solvent_ctrl,DMSO,0.1,pct,DMSO,0.1,pct,DMSO,0.1,pct,1619.546,1631.0785,3117.0,-0.7761177155051615
compound_exploration,4042,1,J03,solvent_ctrl,DMSO,0.1,pct,DMSO,0.1,pct,DMSO,0.1,pct,1547.393,1631.0785,3117.0,-5.63189239808429
compound_exploration,4042,1,J04,solvent_ctrl,DMSO,0.1,pct,DMSO,0.1,pct,DMSO,0.1,pct,1652.883,1631.0785,3117.0,1.4674059161267916
compound_exploration,4042,1,J05,treatment,FSK,2.5,uM,Benidipine,1.0,uM,DMSO,0.1,pct,3117.519,1631.0785,3117.0,100.03492782088419
compound_exploration,4042,1,J06,treatment,FSK,2.5,uM,Benidipine,1.0,uM,DMSO,0.1,pct,3105.443,1631.0785,3117.0,99.22223347599454
compound_exploration,4042,1,J07,treatment,FSK,2.5,uM,Benidipine,1.0,uM,Aldosterone,1.0,uM,2600.673,1631.0785,3117.0,65.25206748808733
compound_exploration,4042,1,J08,treatment,FSK,2.5,uM,Benidipine,1.0,uM,Aldosterone,1.0,uM,2532.829,1631.0785,3117.0,60.686281206645184
compound_exploration,4042,1,J09,treatment,FSK,2.5,uM,Z318400112,1.0,uM,DMSO,0.1,pct,3199.375,1631.0785,3117.0,105.543697967894
compound_exploration,4042,1,J10,treatment,FSK,2.5,uM,Z318400112,1.0,uM,DMSO,0.1,pct,3218.431,1631.0785,3117.0,106.82613448960797
compound_exploration,4042,1,J11,treatment,FSK,2.5,uM,Z318400112,1.0,uM,Aldosterone,1.0,uM,2505.374,1631.0785,3117.0,58.83860621170094
compound_exploration,4042,1,J12,treatment,FSK,2.5,uM,Z318400112,1.0,uM,Aldosterone,1.0,uM,2388.824,1631.0785,3117.0,50.99498863163364
compound_exploration,4042,1,J13,treatment,FSK,2.5,uM,Z90308949,1.0,uM,DMSO,0.1,pct,3045.837,1631.0785,3117.0,95.2108506404948
compound_exploration,4042,1,J14,treatment,FSK,2.5,uM,Z90308949,1.0,uM,DMSO,0.1,pct,3010.36,1631.0785,3117.0,92.82330863373335
compound_exploration,4042,1,J15,treatment,FSK,2.5,uM,Z90308949,1.0,uM,Aldosterone,1.0,uM,2482.672,1631.0785,3117.0,57.31080006581774
compound_exploration,4042,1,J16,treatment,FSK,2.5,uM,Z90308949,1.0,uM,Aldosterone,1.0,uM,2671.405,1631.0785,3117.0,70.01221127764826
compound_exploration,4042,1,J17,treatment,FSK,2.5,uM,Z95680027,1.0,uM,DMSO,0.1,pct,3276.234,1631.0785,3117.0,110.71617847914577
compound_exploration,4042,1,J18,treatment,FSK,2.5,uM,Z95680027,1.0,uM,DMSO,0.1,pct,3233.228,1631.0785,3117.0,107.82194752549177
compound_exploration,4042,1,J19,treatment,FSK,2.5,uM,Z95680027,1.0,uM,Aldosterone,1.0,uM,2844.568,1631.0785,3117.0,81.6657878629524
compound_exploration,4042,1,J20,treatment,FSK,2.5,uM,Z95680027,1.0,uM,Aldosterone,1.0,uM,2793.682,1631.0785,3117.0,78.24124625695232
compound_exploration,4042,1,J21,solvent_ctrl,DMSO,0.1,pct,DMSO,0.1,pct,DMSO,0.1,pct,1664.157,1631.0785,3117.0,2.226127019495973
compound_exploration,4042,1,J22,solvent_ctrl,DMSO,0.1,pct,DMSO,0.1,pct,DMSO,0.1,pct,1540.452,1631.0785,3117.0,-6.099009940969297
compound_exploration,4042,1,K03,ref_ctrl,FSK,2.5,uM,rapamycin,0.03,uM,DMSO,0.1,pct,2287.738,1631.0785,3117.0,44.192072057642335
compound_exploration,4042,1,K04,ref_ctrl,FSK,2.5,uM,rapamycin,0.03,uM,DMSO,0.1,pct,2254.608,1631.0785,3117.0,41.9624791753804
compound_exploration,4042,1,K05,treatment,FSK,2.5,uM,Benidipine,0.1,uM,DMSO,0.1,pct,3394.795,1631.0785,3117.0,118.69513295285114
compound_exploration,4042,1,K06,treatment,FSK,2.5,uM,Benidipine,0.1,uM,DMSO,0.1,pct,3109.506,1631.0785,3117.0,99.49566649382217
compound_exploration,4042,1,K07,treatment,FSK,2.5,uM,Benidipine,0.1,uM,Aldosterone,1.0,uM,2427.69,1631.0785,3117.0,53.61060459788757
compound_exploration,4042,1,K08,treatment,FSK,2.5,uM,Benidipine,0.1,uM,Aldosterone,1.0,uM,2669.363,1631.0785,3117.0,69.87478813652
compound_exploration,4042,1,K09,treatment,FSK,2.5,uM,Z318400112,0.1,uM,DMSO,0.1,pct,3174.621,1631.0785,3117.0,103.87779569782118
compound_exploration,4042,1,K10,treatment,FSK,2.5,uM,Z318400112,0.1,uM,DMSO,0.1,pct,3289.875,1631.0785,3117.0,111.63419467313717
compound_exploration,4042,1,K11,treatment,FSK,2.5,uM,Z318400112,0.1,uM,Aldosterone,1.0,uM,2618.305,1631.0785,3117.0,66.43867122186467
compound_exploration,4042,1,K12,treatment,FSK,2.5,uM,Z318400112,0.1,uM,Aldosterone,1.0,uM,2579.624,1631.0785,3117.0,63.835505442245754
compound_exploration,4042,1,K13,treatment,FSK,2.5,uM,Z90308949,0.1,uM,DMSO,0.1,pct,3048.197,1631.0785,3117.0,95.36967464297408
compound_exploration,4042,1,K14,treatment,FSK,2.5,uM,Z90308949,0.1,uM,DMSO,0.1,pct,3093.912,1631.0785,3117.0,98.44621670794857
compound_exploration,4042,1,K15,treatment,FSK,2.5,uM,Z90308949,0.1,uM,Aldosterone,1.0,uM,2538.946,1631.0785,3117.0,61.09794494527469
compound_exploration,4042,1,K16,treatment,FSK,2.5,uM,Z90308949,0.1,uM,Aldosterone,1.0,uM,2563.91,1631.0785,3117.0,62.77797985963591
compound_exploration,4042,1,K17,treatment,FSK,2.5,uM,Z95680027,0.1,uM,DMSO,0.1,pct,3151.946,1631.0785,3117.0,102.35180660620361
compound_exploration,4042,1,K18,treatment,FSK,2.5,uM,Z95680027,0.1,uM,DMSO,0.1,pct,3119.081,1631.0785,3117.0,100.14004777506753
compound_exploration,4042,1,K19,treatment,FSK,2.5,uM,Z95680027,0.1,uM,Aldosterone,1.0,uM,2597.874,1631.0785,3117.0,65.06369952921469
compound_exploration,4042,1,K20,treatment,FSK,2.5,uM,Z95680027,0.1,uM,Aldosterone,1.0,uM,2600.63,1631.0785,3117.0,65.24917366092355
compound_exploration,4042,1,K21,stim_only,FSK,2.5,uM,DMSO,0.1,pct,DMSO,0.1,pct,3047.888,1631.0785,3117.0,95.34887946637826
compound_exploration,4042,1,K22,stim_only,FSK,2.5,uM,DMSO,0.1,pct,DMSO,0.1,pct,3037.848,1631.0785,3117.0,94.67320447278001
compound_exploration,4042,1,L03,ref_ctrl,FSK,2.5,uM,rapamycin,0.03,uM,DMSO,0.1,pct,2340.909,1631.0785,3117.0,47.77039029316152
compound_exploration,4042,1,L04,ref_ctrl,FSK,2.5,uM,rapamycin,0.03,uM,DMSO,0.1,pct,2448.458,1631.0785,3117.0,55.00825581970515
compound_exploration,4042,1,L05,treatment,FSK,2.5,uM,Benidipine,0.1,uM,DMSO,0.1,pct,3160.571,1631.0785,3117.0,102.93225449662043
compound_exploration,4042,1,L06,treatment,FSK,2.5,uM,Benidipine,0.1,uM,DMSO,0.1,pct,3109.223,1631.0785,3117.0,99.4766210731859
compound_exploration,4042,1,L07,treatment,FSK,2.5,uM,Benidipine,0.1,uM,Aldosterone,1.0,uM,2293.141,1631.0785,3117.0,44.555684805691286
compound_exploration,4042,1,L08,treatment,FSK,2.5,uM,Benidipine,0.1,uM,Aldosterone,1.0,uM,2564.965,1631.0785,3117.0,62.848979572608656
compound_exploration,4042,1,L09,treatment,FSK,2.5,uM,Z318400112,0.1,uM,DMSO,0.1,pct,3328.267,1631.0785,3117.0,114.21791124228298
compound_exploration,4042,1,L10,treatment,FSK,2.5,uM,Z318400112,0.1,uM,DMSO,0.1,pct,3050.722,1631.0785,3117.0,95.53960286596568
compound_exploration,4042,1,L11,treatment,FSK,2.5,uM,Z318400112,0.1,uM,Aldosterone,1.0,uM,2580.012,1631.0785,3117.0,63.86161718502627
compound_exploration,4042,1,L12,treatment,FSK,2.5,uM,Z318400112,0.1,uM,Aldosterone,1.0,uM,2558.917,1631.0785,3117.0,62.44195941710244
compound_exploration,4042,1,L13,treatment,FSK,2.5,uM,Z90308949,0.1,uM,DMSO,0.1,pct,3184.699,1631.0785,3117.0,104.55602802705258
compound_exploration,4042,1,L14,treatment,FSK,2.5,uM,Z90308949,0.1,uM,DMSO,0.1,pct,3152.795,1631.0785,3117.0,102.40894286811248
compound_exploration,4042,1,L15,treatment,FSK,2.5,uM,Z90308949,0.1,uM,Aldosterone,1.0,uM,2574.258,1631.0785,3117.0,63.47438273152382
compound_exploration,4042,1,L16,treatment,FSK,2.5,uM,Z90308949,0.1,uM,Aldosterone,1.0,uM,2690.898,1631.0785,3117.0,71.32405715914335
compound_exploration,4042,1,L17,treatment,FSK,2.5,uM,Z95680027,0.1,uM,DMSO,0.1,pct,3109.811,1631.0785,3117.0,99.51619247719346
compound_exploration,4042,1,L18,treatment,FSK,2.5,uM,Z95680027,0.1,uM,DMSO,0.1,pct,2984.315,1631.0785,3117.0,91.07052425043987
compound_exploration,4042,1,L19,treatment,FSK,2.5,uM,Z95680027,0.1,uM,Aldosterone,1.0,uM,2625.399,1631.0785,3117.0,66.91608540558838
compound_exploration,4042,1,L20,treatment,FSK,2.5,uM,Z95680027,0.1,uM,Aldosterone,1.0,uM,2682.56,1631.0785,3117.0,70.76292388258733
compound_exploration,4042,1,L21,stim_only,FSK,2.5,uM,DMSO,0.1,pct,DMSO,0.1,pct,3101.062,1631.0785,3117.0,98.92739959681583
compound_exploration,4042,1,L22,stim_only,FSK,2.5,uM,DMSO,0.1,pct,DMSO,0.1,pct,3178.697,1631.0785,3117.0,104.15210359362861
compound_exploration,4042,1,M03,tox_ctrl,FSK,2.5,uM,staurosporin,1.0,uM,DMSO,0.1,pct,1218.158,1631.0785,3117.0,-27.78885021853444
compound_exploration,4042,1,M04,tox_ctrl,FSK,2.5,uM,staurosporin,1.0,uM,DMSO,0.1,pct,1214.252,1631.0785,3117.0,-28.05171740229885
compound_exploration,4042,1,M05,treatment,FSK,2.5,uM,Benidipine,0.001,uM,DMSO,0.1,pct,3251.574,1631.0785,3117.0,109.05660224984967
compound_exploration,4042,1,M06,treatment,FSK,2.5,uM,Benidipine,0.001,uM,DMSO,0.1,pct,3219.135,1631.0785,3117.0,106.87351249712722
compound_exploration,4042,1,M07,treatment,FSK,2.5,uM,Benidipine,0.001,uM,Aldosterone,1.0,uM,2508.807,1631.0785,3117.0,59.06964129666337
compound_exploration,4042,1,M08,treatment,FSK,2.5,uM,Benidipine,0.001,uM,Aldosterone,1.0,uM,2656.058,1631.0785,3117.0,68.97938417339005
compound_exploration,4042,1,M09,treatment,FSK,2.5,uM,Z318400112,0.001,uM,DMSO,0.1,pct,3131.959,1631.0785,3117.0,101.0067153614777
compound_exploration,4042,1,M10,treatment,FSK,2.5,uM,Z318400112,0.001,uM,DMSO,0.1,pct,3199.628,1631.0785,3117.0,105.56072443934623
compound_exploration,4042,1,M11,treatment,FSK,2.5,uM,Z318400112,0.001,uM,Aldosterone,1.0,uM,2420.511,1631.0785,3117.0,53.127470058142364
compound_exploration,4042,1,M12,treatment,FSK,2.5,uM,Z318400112,0.001,uM,Aldosterone,1.0,uM,2512.265,1631.0785,3117.0,59.30235883927919
compound_exploration,4042,1,M13,treatment,FSK,2.5,uM,Z90308949,0.001,uM,DMSO,0.1,pct,3125.561,1631.0785,3117.0,100.57614079882417
compound_exploration,4042,1,M14,treatment,FSK,2.5,uM,Z90308949,0.001,uM,DMSO,0.1,pct,3311.569,1631.0785,3117.0,113.09416412643601
compound_exploration,4042,1,M15,treatment,FSK,2.5,uM,Z90308949,0.001,uM,Aldosterone,1.0,uM,2610.277,1631.0785,3117.0,65.89840042021062
compound_exploration,4042,1,M16,treatment,FSK,2.5,uM,Z90308949,0.001,uM,Aldosterone,1.0,uM,2557.653,1631.0785,3117.0,62.356894358147436
compound_exploration,4042,1,M17,treatment,FSK,2.5,uM,Z95680027,0.001,uM,DMSO,0.1,pct,3141.425,1631.0785,3117.0,101.64376112735432
compound_exploration,4042,1,M18,treatment,FSK,2.5,uM,Z95680027,0.001,uM,DMSO,0.1,pct,3223.149,1631.0785,3117.0,107.14364789795422
compound_exploration,4042,1,M19,treatment,FSK,2.5,uM,Z95680027,0.001,uM,Aldosterone,1.0,uM,2490.205,1631.0785,3117.0,57.81775820593482
compound_exploration,4042,1,M20,treatment,FSK,2.5,uM,Z95680027,0.001,uM,Aldosterone,1.0,uM,2537.962,1631.0785,3117.0,61.03172341203758
compound_exploration,4042,1,M21,tox_ctrl,FSK,2.5,uM,staurosporin,1.0,uM,DMSO,0.1,pct,3271.183,1631.0785,3117.0,110.37625473485645
compound_exploration,4042,1,M22,tox_ctrl,FSK,2.5,uM,staurosporin,1.0,uM,DMSO,0.1,pct,3225.548,1631.0785,3117.0,107.30509653437277
compound_exploration,4042,1,N03,tox_ctrl,FSK,2.5,uM,staurosporin,1.0,uM,DMSO,0.1,pct,1208.066,1631.0785,3117.0,-28.468024724051713
compound_exploration,4042,1,N04,tox_ctrl,FSK,2.5,uM,staurosporin,1.0,uM,DMSO,0.1,pct,1232.153,1631.0785,3117.0,-26.84701042417113
compound_exploration,4042,1,N05,treatment,FSK,2.5,uM,Benidipine,0.001,uM,DMSO,0.1,pct,3177.224,1631.0785,3117.0,104.05297318869134
compound_exploration,4042,1,N06,treatment,FSK,2.5,uM,Benidipine,0.001,uM,DMSO,0.1,pct,3028.326,1631.0785,3117.0,94.03239000175985
compound_exploration,4042,1,N07,treatment,FSK,2.5,uM,Benidipine,0.001,uM,Aldosterone,1.0,uM,2529.758,1631.0785,3117.0,60.4796081085037
compound_exploration,4042,1,N08,treatment,FSK,2.5,uM,Benidipine,0.001,uM,Aldosterone,1.0,uM,2446.453,1631.0785,3117.0,54.873322715903896
compound_exploration,4042,1,N09,treatment,FSK,2.5,uM,Z318400112,0.001,uM,DMSO,0.1,pct,3089.464,1631.0785,3117.0,98.14687384225883
compound_exploration,4042,1,N10,treatment,FSK,2.5,uM,Z318400112,0.001,uM,DMSO,0.1,pct,3192.453,1631.0785,3117.0,105.07785909282556
compound_exploration,4042,1,N11,treatment,FSK,2.5,uM,Z318400112,0.001,uM,Aldosterone,1.0,uM,2542.409,1631.0785,3117.0,61.330998979421196
compound_exploration,4042,1,N12,treatment,FSK,2.5,uM,Z318400112,0.001,uM,Aldosterone,1.0,uM,2518.426,1631.0785,3117.0,59.71698370337867
compound_exploration,4042,1,N13,treatment,FSK,2.5,uM,Z90308949,0.001,uM,DMSO,0.1,pct,3182.06,1631.0785,3117.0,104.37842779716156
compound_exploration,4042,1,N14,treatment,FSK,2.5,uM,Z90308949,0.001,uM,DMSO,0.1,pct,3202.222,1631.0785,3117.0,105.73529624546116
compound_exploration,4042,1,N15,treatment,FSK,2.5,uM,Z90308949,0.001,uM,Aldosterone,1.0,uM,2704.745,1631.0785,3117.0,72.2559368041986
compound_exploration,4042,1,N16,treatment,FSK,2.5,uM,Z90308949,0.001,uM,Aldosterone,1.0,uM,2560.421,1631.0785,3117.0,62.5431760695299
compound_exploration,4042,1,N17,treatment,FSK,2.5,uM,Z95680027,0.001,uM,DMSO,0.1,pct,3007.839,1631.0785,3117.0,92.65364960396629
compound_exploration,4042,1,N18,treatment,FSK,2.5,uM,Z95680027,0.001,uM,DMSO,0.1,pct,2961.646,1631.0785,3117.0,89.54493894865914
compound_exploration,4042,1,N19,treatment,FSK,2.5,uM,Z95680027,0.001,uM,Aldosterone,1.0,uM,2447.765,1631.0785,3117.0,54.96161809355338
compound_exploration,4042,1,N20,treatment,FSK,2.5,uM,Z95680027,0.001,uM,Aldosterone,1.0,uM,2570.368,1631.0785,3117.0,63.21259232065758
compound_exploration,4042,1,N21,tox_ctrl,FSK,2.5,uM,staurosporin,1.0,uM,DMSO,0.1,pct,3136.58,1631.0785,3117.0,101.31770083412886
compound_exploration,4042,1,N22,tox_ctrl,FSK,2.5,uM,staurosporin,1.0,uM,DMSO,0.1,pct,3232.987,1631.0785,3117.0,107.80572863371316
compound_exploration,4042,2,C03,ref_ctrl,FSK,2.5,uM,rapamycin,0.03,uM,DMSO,0.1,pct,2204.601,1639.897,3101.911,38.62507472568663
compound_exploration,4042,2,C04,ref_ctrl,FSK,2.5,uM,rapamycin,0.03,uM,DMSO,0.1,pct,2356.103,1639.897,3101.911,48.987629393425784
compound_exploration,4042,2,C05,treatment,FSK,2.5,uM,DMSO,0.1,pct,CPA,1.0,uM,2936.344,1639.897,3101.911,88.67541624088415
compound_exploration,4042,2,C06,treatment,FSK,2.5,uM,DMSO,0.1,pct,CPA,1.0,uM,2942.247,1639.897,3101.911,89.0791743444317
compound_exploration,4042,2,C07,treatment,FSK,2.5,uM,DPCPX,1.0,uM,DMSO,0.1,pct,3160.973,1639.897,3101.911,104.03976979700604
compound_exploration,4042,2,C08,treatment,FSK,2.5,uM,DPCPX,1.0,uM,DMSO,0.1,pct,3271.2,1639.897,3101.911,111.57916408461203
compound_exploration,4042,2,C09,treatment,FSK,2.5,uM,DPCPX,1.0,uM,CPA,1.0,uM,3182.68,1639.897,3101.911,105.52450250134402
compound_exploration,4042,2,C10,treatment,FSK,2.5,uM,DPCPX,1.0,uM,CPA,1.0,uM,3191.097,1639.897,3101.911,106.10021518261796
compound_exploration,4042,2,C11,tox_ctrl,FSK,2.5,uM,staurosporin,1.0,uM,DMSO,0.1,pct,1337.239,1639.897,3101.911,-20.701443351431646
compound_exploration,4042,2,C12,tox_ctrl,FSK,2.5,uM,staurosporin,1.0,uM,DMSO,0.1,pct,1304.185,1639.897,3101.911,-22.96229721466415
compound_exploration,4042,2,C13,solvent_ctrl,DMSO,0.1,pct,DMSO,0.1,pct,DMSO,0.1,pct,1584.83,1639.897,3101.911,-3.766516599704244
compound_exploration,4042,2,C14,solvent_ctrl,DMSO,0.1,pct,DMSO,0.1,pct,DMSO,0.1,pct,1635.478,1639.897,3101.911,-0.30225428757863254
compound_exploration,4042,2,D03,ref_ctrl,FSK,2.5,uM,rapamycin,0.03,uM,DMSO,0.1,pct,2254.248,1639.897,3101.911,42.020869841191676
compound_exploration,4042,2,D04,ref_ctrl,FSK,2.5,uM,rapamycin,0.03,uM,DMSO,0.1,pct,2204.989,1639.897,3101.911,38.651613459241844
compound_exploration,4042,2,D05,treatment,FSK,2.5,uM,DMSO,0.1,pct,CPA,1.0,uM,2674.915,1639.897,3101.911,70.7939869248858
compound_exploration,4042,2,D06,treatment,FSK,2.5,uM,DMSO,0.1,pct,CPA,1.0,uM,2988.991,1639.897,3101.911,92.27640774985737
compound_exploration,4042,2,D07,treatment,FSK,2.5,uM,DPCPX,1.0,uM,DMSO,0.1,pct,3525.905,1639.897,3101.911,129.00067988405036
compound_exploration,4042,2,D08,treatment,FSK,2.5,uM,DPCPX,1.0,uM,DMSO,0.1,pct,3306.724,1639.897,3101.911,114.00896297846668
compound_exploration,4042,2,D09,treatment,FSK,2.5,uM,DPCPX,1.0,uM,CPA,1.0,uM,3168.518,1639.897,3101.911,104.55583872657854
compound_exploration,4042,2,D10,treatment,FSK,2.5,uM,DPCPX,1.0,uM,CPA,1.0,uM,3217.436,1639.897,3101.911,107.90177111847083
compound_exploration,4042,2,D11,tox_ctrl,FSK,2.5,uM,staurosporin,1.0,uM,DMSO,0.1,pct,1323.465,1639.897,3101.911,-21.643568392641928
compound_exploration,4042,2,D12,tox_ctrl,FSK,2.5,uM,staurosporin,1.0,uM,DMSO,0.1,pct,1359.785,1639.897,3101.911,-19.159324055720386
compound_exploration,4042,2,D13,solvent_ctrl,DMSO,0.1,pct,DMSO,0.1,pct,DMSO,0.1,pct,1549.918,1639.897,3101.911,-6.154455429291378
compound_exploration,4042,2,D14,solvent_ctrl,DMSO,0.1,pct,DMSO,0.1,pct,DMSO,0.1,pct,1596.642,1639.897,3101.911,-2.9585899998221548
compound_exploration,4042,2,E03,solvent_ctrl,DMSO,0.1,pct,DMSO,0.1,pct,DMSO,0.1,pct,1695.254,1639.897,3101.911,3.7863522510728327
compound_exploration,4042,2,E04,solvent_ctrl,DMSO,0.1,pct,DMSO,0.1,pct,DMSO,0.1,pct,1644.316,1639.897,3101.911,0.3022542875786481
compound_exploration,4042,2,E05,treatment,FSK,2.5,uM,DMSO,0.1,pct,CPA,0.1,uM,2800.196,1639.897,3101.911,79.36305671491517
compound_exploration,4042,2,E06,treatment,FSK,2.5,uM,DMSO,0.1,pct,CPA,0.1,uM,2940.857,1639.897,3101.911,88.98410001545813
compound_exploration,4042,2,E07,treatment,FSK,2.5,uM,DPCPX,0.1,uM,DMSO,0.1,pct,3302.477,1639.897,3101.911,113.71847328411354
compound_exploration,4042,2,E08,treatment,FSK,2.5,uM,DPCPX,0.1,uM,DMSO,0.1,pct,3178.797,1639.897,3101.911,105.25890996939837
compound_exploration,4042,2,E09,treatment,FSK,2.5,uM,DPCPX,0.1,uM,CPA,1.0,uM,3028.673,1639.897,3101.911,94.99060884505892
compound_exploration,4042,2,E10,treatment,FSK,2.5,uM,DPCPX,0.1,uM,CPA,1.0,uM,3095.054,1639.897,3101.911,99.53098944332955
compound_exploration,4042,2,E11,ref_ctrl,FSK,2.5,uM,rapamycin,0.03,uM,DMSO,0.1,pct,2272.313,1639.897,3101.911,43.25649412385929
compound_exploration,4042,2,E12,ref_ctrl,FSK,2.5,uM,rapamycin,0.03,uM,DMSO,0.1,pct,2384.657,1639.897,3101.911,50.94068866645601
compound_exploration,4042,2,E13,stim_only,FSK,2.5,uM,DMSO,0.1,pct,DMSO,0.1,pct,3236.846,1639.897,3101.911,109.22939178421
compound_exploration,4042,2,E14,stim_only,FSK,2.5,uM,DMSO,0.1,pct,DMSO,0.1,pct,3080.784,1639.897,3101.911,98.55493859839919
compound_exploration,4042,2,F03,solvent_ctrl,DMSO,0.1,pct,DMSO,0.1,pct,DMSO,0.1,pct,1582.715,1639.897,3101.911,-3.911180057099317
compound_exploration,4042,2,F04,solvent_ctrl,DMSO,0.1,pct,DMSO,0.1,pct,DMSO,0.1,pct,1599.366,1639.897,3101.911,-2.7722716745530445
compound_exploration,4042,2,F05,treatment,FSK,2.5,uM,DMSO,0.1,pct,CPA,0.1,uM,2999.243,1639.897,3101.911,92.977632225136
compound_exploration,4042,2,F06,treatment,FSK,2.5,uM,DMSO,0.1,pct,CPA,0.1,uM,2942.639,1639.897,3101.911,89.10598667317824
compound_exploration,4042,2,F07,treatment,FSK,2.5,uM,DPCPX,0.1,uM,DMSO,0.1,pct,3204.351,1639.897,3101.911,107.00677284896041
compound_exploration,4042,2,F08,treatment,FSK,2.5,uM,DPCPX,0.1,uM,DMSO,0.1,pct,3206.012,1639.897,3101.911,107.12038325214397
compound_exploration,4042,2,F09,treatment,FSK,2.5,uM,DPCPX,0.1,uM,CPA,1.0,uM,2996.678,1639.897,3101.911,92.8021893087207
compound_exploration,4042,2,F10,treatment,FSK,2.5,uM,DPCPX,0.1,uM,CPA,1.0,uM,2983.605,1639.897,3101.911,91.90801182478417
compound_exploration,4042,2,F11,ref_ctrl,FSK,2.5,uM,rapamycin,0.03,uM,DMSO,0.1,pct,2318.764,1639.897,3101.911,46.43368668152289
compound_exploration,4042,2,F12,ref_ctrl,FSK,2.5,uM,rapamycin,0.03,uM,DMSO,0.1,pct,2423.036,1639.897,3101.911,53.56576612809453
compound_exploration,4042,2,F13,stim_only,FSK,2.5,uM,DMSO,0.1,pct,DMSO,0.1,pct,3173.746,1639.897,3101.911,104.91342764159577
compound_exploration,4042,2,F14,stim_only,FSK,2.5,uM,DMSO,0.1,pct,DMSO,0.1,pct,3122.058,1639.897,3101.911,101.37803057973453
compound_exploration,4042,2,G03,stim_only,FSK,2.5,uM,DMSO,0.1,pct,DMSO,0.1,pct,3062.269,1639.897,3101.911,97.28853485671134
compound_exploration,4042,2,G04,stim_only,FSK,2.5,uM,DMSO,0.1,pct,DMSO,0.1,pct,3220.047,1639.897,3101.911,108.08036037958595
compound_exploration,4042,2,G05,treatment,FSK,2.5,uM,DMSO,0.1,pct,CPA,0.001,uM,3013.138,1639.897,3101.911,93.92803352088283
compound_exploration,4042,2,G06,treatment,FSK,2.5,uM,DMSO,0.1,pct,CPA,0.001,uM,2868.875,1639.897,3101.911,84.06061775058241
compound_exploration,4042,2,G07,treatment,FSK,2.5,uM,DPCPX,0.001,uM,DMSO,0.1,pct,3134.213,1639.897,3101.911,102.20941796726983
compound_exploration,4042,2,G08,treatment,FSK,2.5,uM,DPCPX,0.001,uM,DMSO,0.1,pct,3256.932,1639.897,3101.911,110.60325003727733
compound_exploration,4042,2,G09,treatment,FSK,2.5,uM,DPCPX,0.001,uM,CPA,1.0,uM,2758.293,1639.897,3101.911,76.49694188974935
compound_exploration,4042,2,G10,treatment,FSK,2.5,uM,DPCPX,0.001,uM,CPA,1.0,uM,2907.744,1639.897,3101.911,86.7192106231541
compound_exploration,4042,2,G11,stim_only,FSK,2.5,uM,DMSO,0.1,pct,DMSO,0.1,pct,3077.834,1639.897,3101.911,98.35316214482212
compound_exploration,4042,2,G12,stim_only,FSK,2.5,uM,DMSO,0.1,pct,DMSO,0.1,pct,3172.233,1639.897,3101.911,104.80994026049
compound_exploration,4042,2,G13,tox_ctrl,FSK,2.5,uM,staurosporin,0.001,uM,DMSO,0.1,pct,1396.374,1639.897,3101.911,-16.65668044218454
compound_exploration,4042,2,G14,tox_ctrl,FSK,2.5,uM,staurosporin,0.001,uM,DMSO,0.1,pct,1451.923,1639.897,3101.911,-12.857195621929744
compound_exploration,4042,2,H03,stim_only,FSK,2.5,uM,DMSO,0.1,pct,DMSO,0.1,pct,2997.513,1639.897,3101.911,92.85930230490268
compound_exploration,4042,2,H04,stim_only,FSK,2.5,uM,DMSO,0.1,pct,DMSO,0.1,pct,3146.707,1639.897,3101.911,103.06399254726698
compound_exploration,4042,2,H05,treatment,FSK,2.5,uM,DMSO,0.1,pct,CPA,0.001,uM,2821.813,1639.897,3101.911,80.84163352744913
compound_exploration,4042,2,H06,treatment,FSK,2.5,uM,DMSO,0.1,pct,CPA,0.001,uM,2880.362,1639.897,3101.911,84.84631474117211
compound_exploration,4042,2,H07,treatment,FSK,2.5,uM,DPCPX,0.001,uM,DMSO,0.1,pct,3117.868,1639.897,3101.911,101.09143961685729
compound_exploration,4042,2,H08,treatment,FSK,2.5,uM,DPCPX,0.001,uM,DMSO,0.1,pct,3208.622,1639.897,3101.911,107.29890411446128
compound_exploration,4042,2,H09,treatment,FSK,2.5,uM,DPCPX,0.001,uM,CPA,1.0,uM,2782.689,1639.897,3101.911,78.16559896143265
compound_exploration,4042,2,H10,treatment,FSK,2.5,uM,DPCPX,0.001,uM,CPA,1.0,uM,3020.993,1639.897,3101.911,94.46530607778037
compound_exploration,4042,2,H11,stim_only,FSK,2.5,uM,DMSO,0.1,pct,DMSO,0.1,pct,3081.764,1639.897,3101.911,98.62196942026547
compound_exploration,4042,2,H12,stim_only,FSK,2.5,uM,DMSO,0.1,pct,DMSO,0.1,pct,3057.006,1639.897,3101.911,96.92855198377032
compound_exploration,4042,2,H13,tox_ctrl,FSK,2.5,uM,staurosporin,0.001,uM,DMSO,0.1,pct,1311.797,1639.897,3101.911,-22.441645565637533
compound_exploration,4042,2,H14,tox_ctrl,FSK,2.5,uM,staurosporin,0.001,uM,DMSO,0.1,pct,1399.907,1639.897,3101.911,-16.415027489476845
compound_exploration,4042,2,I03,solvent_ctrl,DMSO,0.1,pct,DMSO,0.1,pct,DMSO,0.1,pct,1654.071,1639.897,3101.911,0.9694845603393659
compound_exploration,4042,2,I04,solvent_ctrl,DMSO,0.1,pct,DMSO,0.1,pct,DMSO,0.1,pct,1648.835,1639.897,3101.911,0.6113484549395629
compound_exploration,4042,2,I05,treatment,FSK,2.5,uM,Capadenoson,1.0,uM,DMSO,0.1,pct,2588.553,1639.897,3101.911,64.88692994731923
compound_exploration,4042,2,I06,treatment,FSK,2.5,uM,Capadenoson,1.0,uM,DMSO,0.1,pct,2652.173,1639.897,3101.911,69.23846146480128
compound_exploration,4042,2,I07,treatment,FSK,2.5,uM,Capadenoson,1.0,uM,CPA,1.0,uM,2703.94,1639.897,3101.911,72.77926203169054
compound_exploration,4042,2,I08,treatment,FSK,2.5,uM,Capadenoson,1.0,uM,CPA,1.0,uM,2722.641,1639.897,3101.911,74.05838794977339
compound_exploration,4042,2,I09,treatment,FSK,2.5,uM,MIPS521,1.0,uM,DMSO,0.1,pct,1941.769,1639.897,3101.911,20.647681896342995
compound_exploration,4042,2,I10,treatment,FSK,2.5,uM,MIPS521,1.0,uM,DMSO,0.1,pct,1846.5,1639.897,3101.911,14.131396826569379
compound_exploration,4042,2,I11,treatment,FSK,2.5,uM,MIPS521,1.0,uM,CPA,1.0,uM,1966.332,1639.897,3101.911,22.327761567262705
compound_exploration,4042,2,I12,treatment,FSK,2.5,uM,MIPS521,1.0,uM,CPA,1.0,uM,1926.649,1639.897,3101.911,19.613492073263316
compound_exploration,4042,2,I13,solvent_ctrl,DMSO,0.1,pct,DMSO,0.1,pct,DMSO,0.1,pct,1663.969,1639.897,3101.911,1.6464958611887515
compound_exploration,4042,2,I14,solvent_ctrl,DMSO,0.1,pct,DMSO,0.1,pct,DMSO,0.1,pct,1587.422,1639.897,3101.911,-3.589226915747722
compound_exploration,4042,2,J03,solvent_ctrl,DMSO,0.1,pct,DMSO,0.1,pct,DMSO,0.1,pct,1644.505,1639.897,3101.911,0.3151816603671493
compound_exploration,4042,2,J04,solvent_ctrl,DMSO,0.1,pct,DMSO,0.1,pct,DMSO,0.1,pct,1665.672,1639.897,3101.911,1.762979013880858
compound_exploration,4042,2,J05,treatment,FSK,2.5,uM,Capadenoson,1.0,uM,DMSO,0.1,pct,2744.335,1639.897,3101.911,75.54223146973969
compound_exploration,4042,2,J06,treatment,FSK,2.5,uM,Capadenoson,1.0,uM,DMSO,0.1,pct,2524.18,1639.897,3101.911,60.48389413507667
compound_exploration,4042,2,J07,treatment,FSK,2.5,uM,Capadenoson,1.0,uM,CPA,1.0,uM,2666.555,1639.897,3101.911,70.22217297508777
compound_exploration,4042,2,J08,treatment,FSK,2.5,uM,Capadenoson,1.0,uM,CPA,1.0,uM,2897.17,1639.897,3101.911,85.99596173497655
compound_exploration,4042,2,J09,treatment,FSK,2.5,uM,MIPS521,1.0,uM,DMSO,0.1,pct,1873.705,1639.897,3101.911,15.99218612133673
compound_exploration,4042,2,J10,treatment,FSK,2.5,uM,MIPS521,1.0,uM,DMSO,0.1,pct,1829.752,1639.897,3101.911,12.985853760634303
compound_exploration,4042,2,J11,treatment,FSK,2.5,uM,MIPS521,1.0,uM,CPA,1.0,uM,1946.143,1639.897,3101.911,20.94685823801961
compound_exploration,4042,2,J12,treatment,FSK,2.5,uM,MIPS521,1.0,uM,CPA,1.0,uM,1994.361,1639.897,3101.911,24.244911471435987
compound_exploration,4042,2,J13,solvent_ctrl,DMSO,0.1,pct,DMSO,0.1,pct,DMSO,0.1,pct,1563.041,1639.897,3101.911,-5.2568580054636955
compound_exploration,4042,2,J14,solvent_ctrl,DMSO,0.1,pct,DMSO,0.1,pct,DMSO,0.1,pct,1654.194,1639.897,3101.911,0.9778976124715648
compound_exploration,4042,2,K03,ref_ctrl,FSK,2.5,uM,rapamycin,0.03,uM,DMSO,0.1,pct,2187.342,1639.897,3101.911,37.44457987406414
compound_exploration,4042,2,K04,ref_ctrl,FSK,2.5,uM,rapamycin,0.03,uM,DMSO,0.1,pct,2263.366,1639.897,3101.911,42.64453007973932
compound_exploration,4042,2,K05,treatment,FSK,2.5,uM,Capadenoson,0.1,uM,DMSO,0.1,pct,2656.11,1639.897,3101.911,69.50774753182938
compound_exploration,4042,2,K06,treatment,FSK,2.5,uM,Capadenoson,0.1,uM,DMSO,0.1,pct,2688.892,1639.897,3101.911,71.74999692205408
compound_exploration,4042,2,K07,treatment,FSK,2.5,uM,Capadenoson,0.1,uM,CPA,1.0,uM,3099.764,1639.897,3101.911,99.8531477810746
compound_exploration,4042,2,K08,treatment,FSK,2.5,uM,Capadenoson,0.1,uM,CPA,1.0,uM,2829.683,1639.897,3101.911,81.379932066314
compound_exploration,4042,2,K09,treatment,FSK,2.5,uM,MIPS521,0.1,uM,DMSO,0.1,pct,2369.984,1639.897,3101.911,49.93707310600308
compound_exploration,4042,2,K10,treatment,FSK,2.5,uM,MIPS521,0.1,uM,DMSO,0.1,pct,2385.458,1639.897,3101.911,50.99547610351201
compound_exploration,4042,2,K11,treatment,FSK,2.5,uM,MIPS521,0.1,uM,CPA,1.0,uM,2372.373,1639.897,3101.911,50.10047783400159
compound_exploration,4042,2,K12,treatment,FSK,2.5,uM,MIPS521,0.1,uM,CPA,1.0,uM,2390.572,1639.897,3101.911,51.34526755557745
compound_exploration,4042,2,K13,ref_ctrl,FSK,2.5,uM,rapamycin,0.03,uM,DMSO,0.1,pct,2316.206,1639.897,3101.911,46.258722556692355
compound_exploration,4042,2,K14,ref_ctrl,FSK,2.5,uM,rapamycin,0.03,uM,DMSO,0.1,pct,2496.013,1639.897,3101.911,58.55730519680386
compound_exploration,4042,2,L03,ref_ctrl,FSK,2.5,uM,rapamycin,0.03,uM,DMSO,0.1,pct,2221.378,1639.897,3101.911,39.772601356758564
compound_exploration,4042,2,L04,ref_ctrl,FSK,2.5,uM,rapamycin,0.03,uM,DMSO,0.1,pct,2421.58,1639.897,3101.911,53.46617747846464
compound_exploration,4042,2,L05,treatment,FSK,2.5,uM,Capadenoson,0.1,uM,DMSO,0.1,pct,2587.346,1639.897,3101.911,64.80437259834721
compound_exploration,4042,2,L06,treatment,FSK,2.5,uM,Capadenoson,0.1,uM,DMSO,0.1,pct,2789.324,1639.897,3101.911,78.61942498498647
compound_exploration,4042,2,L07,treatment,FSK,2.5,uM,Capadenoson,0.1,uM,CPA,1.0,uM,3051.559,1639.897,3101.911,96.55598373202993
compound_exploration,4042,2,L08,treatment,FSK,2.5,uM,Capadenoson,0.1,uM,CPA,1.0,uM,3052.444,1639.897,3101.911,96.61651666810305
compound_exploration,4042,2,L09,treatment,FSK,2.5,uM,MIPS521,0.1,uM,DMSO,0.1,pct,2447.365,1639.897,3101.911,55.2298404803237
compound_exploration,4042,2,L10,treatment,FSK,2.5,uM,MIPS521,0.1,uM,DMSO,0.1,pct,2461.677,1639.897,3101.911,56.20876407476263
compound_exploration,4042,2,L11,treatment,FSK,2.5,uM,MIPS521,0.1,uM,CPA,1.0,uM,2321.644,1639.897,3101.911,46.63067521925233
compound_exploration,4042,2,L12,treatment,FSK,2.5,uM,MIPS521,0.1,uM,CPA,1.0,uM,2404.822,1639.897,3101.911,52.319950424551344
compound_exploration,4042,2,L13,ref_ctrl,FSK,2.5,uM,rapamycin,0.03,uM,DMSO,0.1,pct,2361.086,1639.897,3101.911,49.32846060297642
compound_exploration,4042,2,L14,ref_ctrl,FSK,2.5,uM,rapamycin,0.03,uM,DMSO,0.1,pct,2598.925,1639.897,3101.911,65.5963622783366
compound_exploration,4042,2,M03,tox_ctrl,FSK,2.5,uM,staurosporin,1.0,uM,DMSO,0.1,pct,1313.014,1639.897,3101.911,-22.358404228687277
compound_exploration,4042,2,M04,tox_ctrl,FSK,2.5,uM,staurosporin,1.0,uM,DMSO,0.1,pct,1277.035,1639.897,3101.911,-24.819324575551246
compound_exploration,4042,2,M05,treatment,FSK,2.5,uM,Capadenoson,0.001,uM,DMSO,0.1,pct,2901.668,1639.897,3101.911,86.3036195275832
compound_exploration,4042,2,M06,treatment,FSK,2.5,uM,Capadenoson,0.001,uM,DMSO,0.1,pct,2981.861,1639.897,3101.911,91.78872432138131
compound_exploration,4042,2,M07,treatment,FSK,2.5,uM,Capadenoson,0.001,uM,CPA,1.0,uM,2862.961,1639.897,3101.911,83.65610726025878
compound_exploration,4042,2,M08,treatment,FSK,2.5,uM,Capadenoson,0.001,uM,CPA,1.0,uM,2911.7,1639.897,3101.911,86.9897962673408
compound_exploration,4042,2,M09,treatment,FSK,2.5,uM,MIPS521,0.001,uM,DMSO,0.1,pct,3309.266,1639.897,3101.911,114.18283272253207
compound_exploration,4042,2,M10,treatment,FSK,2.5,uM,MIPS521,0.001,uM,DMSO,0.1,pct,3013.51,1639.897,3101.911,93.9534778736729
compound_exploration,4042,2,M11,treatment,FSK,2.5,uM,MIPS521,0.001,uM,CPA,1.0,uM,3004.638,1639.897,3101.911,93.34664373938963
compound_exploration,4042,2,M12,treatment,FSK,2.5,uM,MIPS521,0.001,uM,CPA,1.0,uM,2895.218,1639.897,3101.911,85.86244728162656
compound_exploration,4042,2,M13,tox_ctrl,FSK,2.5,uM,staurosporin,1.0,uM,DMSO,0.1,pct,1363.942,1639.897,3101.911,-18.874990253171305
compound_exploration,4042,2,M14,tox_ctrl,FSK,2.5,uM,staurosporin,1.0,uM,DMSO,0.1,pct,1393.907,1639.897,3101.911,-16.82542027641322
compound_exploration,4042,2,N03,tox_ctrl,FSK,2.5,uM,staurosporin,1.0,uM,DMSO,0.1,pct,1298.917,1639.897,3101.911,-23.322622081594293
compound_exploration,4042,2,N04,tox_ctrl,FSK,2.5,uM,staurosporin,1.0,uM,DMSO,0.1,pct,1293.457,1639.897,3101.911,-23.696079517706384
compound_exploration,4042,2,N05,treatment,FSK,2.5,uM,Capadenoson,0.001,uM,DMSO,0.1,pct,2983.741,1639.897,3101.911,91.91731406128805
compound_exploration,4042,2,N06,treatment,FSK,2.5,uM,Capadenoson,0.001,uM,DMSO,0.1,pct,2951.46,1639.897,3101.911,89.70933246877253
compound_exploration,4042,2,N07,treatment,FSK,2.5,uM,Capadenoson,0.001,uM,CPA,1.0,uM,2865.318,1639.897,3101.911,83.81732322672698
compound_exploration,4042,2,N08,treatment,FSK,2.5,uM,Capadenoson,0.001,uM,CPA,1.0,uM,2793.507,1639.897,3101.911,78.90553715627894
compound_exploration,4042,2,N09,treatment,FSK,2.5,uM,MIPS521,0.001,uM,DMSO,0.1,pct,3078.481,1639.897,3101.911,98.39741616701346
compound_exploration,4042,2,N10,treatment,FSK,2.5,uM,MIPS521,0.001,uM,DMSO,0.1,pct,2916.972,1639.897,3101.911,87.35039472946225
compound_exploration,4042,2,N11,treatment,FSK,2.5,uM,MIPS521,0.001,uM,CPA,1.0,uM,2832.52,1639.897,3101.911,81.57397945573707
compound_exploration,4042,2,N12,treatment,FSK,2.5,uM,MIPS521,0.001,uM,CPA,1.0,uM,2758.519,1639.897,3101.911,76.51240001805726
compound_exploration,4042,2,N13,tox_ctrl,FSK,2.5,uM,staurosporin,1.0,uM,DMSO,0.1,pct,1382.791,1639.897,3101.911,-17.58574131301068
compound_exploration,4042,2,N14,tox_ctrl,FSK,2.5,uM,staurosporin,1.0,uM,DMSO,0.1,pct,1290.979,1639.897,3101.911,-23.86557173871111
compound_exploration,4064,3,C03,ref_ctrl,FSK,2.5,uM,rapamycin,0.03,uM,DMSO,0.1,pct,2353.19,1747.334,3424.1225,36.13192719296441
compound_exploration,4064,3,C04,ref_ctrl,FSK,2.5,uM,rapamycin,0.03,uM,DMSO,0.1,pct,2205.99,1747.334,3424.1225,27.353241031889215
compound_exploration,4064,3,C05,treatment,FSK,2.5,uM,DMSO,0.1,pct,CPA,1.0,uM,3061.405,1747.334,3424.1225,78.36832134762375
compound_exploration,4064,3,C06,treatment,FSK,2.5,uM,DMSO,0.1,pct,CPA,1.0,uM,3009.983,1747.334,3424.1225,75.30162569697968
compound_exploration,4064,3,C07,treatment,FSK,2.5,uM,824745,1.0,uM,DMSO,0.1,pct,3072.234,1747.334,3424.1225,79.014139231036
compound_exploration,4064,3,C08,treatment,FSK,2.5,uM,824745,1.0,uM,DMSO,0.1,pct,2980.319,1747.334,3424.1225,73.53252959451952
compound_exploration,4064,3,C09,treatment,FSK,2.5,uM,824745,1.0,uM,CPA,1.0,uM,3149.726,1747.334,3424.1225,83.63559268208246
compound_exploration,4064,3,C10,treatment,FSK,2.5,uM,824745,1.0,uM,CPA,1.0,uM,3156.861,1747.334,3424.1225,84.06110848207749
compound_exploration,4064,3,C11,treatment,FSK,2.5,uM,1237561,1.0,uM,DMSO,0.1,pct,3451.795,1747.334,3424.1225,101.65032739668719
compound_exploration,4064,3,C12,treatment,FSK,2.5,uM,1237561,1.0,uM,DMSO,0.1,pct,3711.832,1747.334,3424.1225,117.15836553029794
compound_exploration,4064,3,C13,treatment,FSK,2.5,uM,1237561,1.0,uM,CPA,1.0,uM,3152.751,1747.334,3424.1225,83.81599706820509
compound_exploration,4064,3,C14,treatment,FSK,2.5,uM,1237561,1.0,uM,CPA,1.0,uM,2944.714,1747.334,3424.1225,71.40912524149587
compound_exploration,4064,3,C15,treatment,FSK,2.5,uM,1249141,1.0,uM,DMSO,0.1,pct,3282.179,1747.334,3424.1225,91.53480000608306
compound_exploration,4064,3,C16,treatment,FSK,2.5,uM,1249141,1.0,uM,DMSO,0.1,pct,2621.369,1747.334,3424.1225,52.12553640485966
compound_exploration,4064,3,C17,treatment,FSK,2.5,uM,1249141,1.0,uM,CPA,1.0,uM,2985.23,1747.334,3424.1225,73.82541089708094
compound_exploration,4064,3,C18,treatment,FSK,2.5,uM,1249141,1.0,uM,CPA,1.0,uM,2878.604,1747.334,3424.1225,67.46646938477929
compound_exploration,4064,3,C19,solvent_ctrl,DMSO,0.1,pct,DMSO,0.1,pct,DMSO,0.1,pct,1909.911,1747.334,3424.1225,9.695736820714123
compound_exploration,4064,3,C20,solvent_ctrl,DMSO,0.1,pct,DMSO,0.1,pct,DMSO,0.1,pct,1777.858,1747.334,3424.1225,1.8203846221512068
compound_exploration,4064,3,C21,solvent_ctrl,DMSO,0.1,pct,DMSO,0.1,pct,DMSO,0.1,pct,1972.798,1747.334,3424.1225,13.44618000421639
compound_exploration,4064,3,C22,solvent_ctrl,DMSO,0.1,pct,DMSO,0.1,pct,DMSO,0.1,pct,1796.78,1747.334,3424.1225,2.9488513309818094
compound_exploration,4064,3,D03,ref_ctrl,FSK,2.5,uM,rapamycin,0.03,uM,DMSO,0.1,pct,2300.519,1747.334,3424.1225,32.99074391314109
compound_exploration,4064,3,D04,ref_ctrl,FSK,2.5,uM,rapamycin,0.03,uM,DMSO,0.1,pct,2423.22,1747.334,3424.1225,40.308363278970475
compound_exploration,4064,3,D05,treatment,FSK,2.5,uM,DMSO,0.1,pct,CPA,1.0,uM,3214.305,1747.334,3424.1225,87.4869430461862
compound_exploration,4064,3,D06,treatment,FSK,2.5,uM,DMSO,0.1,pct,CPA,1.0,uM,3302.94,1747.334,3424.1225,92.77294065411351
compound_exploration,4064,3,D07,treatment,FSK,2.5,uM,824745,1.0,uM,DMSO,0.1,pct,3161.484,1747.334,3424.1225,84.33681409432377
compound_exploration,4064,3,D08,treatment,FSK,2.5,uM,824745,1.0,uM,DMSO,0.1,pct,3459.1,1747.334,3424.1225,102.08598162499325
compound_exploration,4064,3,D09,treatment,FSK,2.5,uM,824745,1.0,uM,CPA,1.0,uM,3114.97,1747.334,3424.1225,81.56282083280031
compound_exploration,4064,3,D10,treatment,FSK,2.5,uM,824745,1.0,uM,CPA,1.0,uM,3241.045,1747.334,3424.1225,89.08165818169675
compound_exploration,4064,3,D11,treatment,FSK,2.5,uM,1237561,1.0,uM,DMSO,0.1,pct,3280.231,1747.334,3424.1225,91.41862554520145
compound_exploration,4064,3,D12,treatment,FSK,2.5,uM,1237561,1.0,uM,DMSO,0.1,pct,3848.48,1747.334,3424.1225,125.30775348232648
compound_exploration,4064,3,D13,treatment,FSK,2.5,uM,1237561,1.0,uM,CPA,1.0,uM,2971.874,1747.334,3424.1225,73.02888825871598
compound_exploration,4064,3,D14,treatment,FSK,2.5,uM,1237561,1.0,uM,CPA,1.0,uM,3020.644,1747.334,3424.1225,75.93742442770808
compound_exploration,4064,3,D15,treatment,FSK,2.5,uM,1249141,1.0,uM,DMSO,0.1,pct,2846.467,1747.334,3424.1225,65.54988896930055
compound_exploration,4064,3,D16,treatment,FSK,2.5,uM,1249141,1.0,uM,DMSO,0.1,pct,2932.621,1747.334,3424.1225,70.68792516170048
compound_exploration,4064,3,D17,treatment,FSK,2.5,uM,1249141,1.0,uM,CPA,1.0,uM,2926.672,1747.334,3424.1225,70.33313980862823
compound_exploration,4064,3,D18,treatment,FSK,2.5,uM,1249141,1.0,uM,CPA,1.0,uM,2935.873,1747.334,3424.1225,70.88186733150901
compound_exploration,4064,3,D19,solvent_ctrl,DMSO,0.1,pct,DMSO,0.1,pct,DMSO,0.1,pct,1794.578,1747.334,3424.1225,2.8175288654472475
compound_exploration,4064,3,D20,solvent_ctrl,DMSO,0.1,pct,DMSO,0.1,pct,DMSO,0.1,pct,1744.459,1747.334,3424.1225,-0.1714587140834995
compound_exploration,4064,3,D21,solvent_ctrl,DMSO,0.1,pct,DMSO,0.1,pct,DMSO,0.1,pct,1785.528,1747.334,3424.1225,2.2778066524191907
compound_exploration,4064,3,D22,solvent_ctrl,DMSO,0.1,pct,DMSO,0.1,pct,DMSO,0.1,pct,1940.04,1747.334,3424.1225,11.492564506495597
compound_exploration,4064,3,E03,solvent_ctrl,DMSO,0.1,pct,DMSO,0.1,pct,DMSO,0.1,pct,1541.903,1747.334,3424.1225,-12.251455684482574
compound_exploration,4064,3,E04,solvent_ctrl,DMSO,0.1,pct,DMSO,0.1,pct,DMSO,0.1,pct,1649.956,1747.334,3424.1225,-5.807411012181928
compound_exploration,4064,3,E05,treatment,FSK,2.5,uM,DMSO,0.1,pct,CPA,0.1,uM,2999.189,1747.334,3424.1225,74.65789513704321
compound_exploration,4064,3,E06,treatment,FSK,2.5,uM,DMSO,0.1,pct,CPA,0.1,uM,3195.855,1747.334,3424.1225,86.3866253853721
compound_exploration,4064,3,E07,treatment,FSK,2.5,uM,824745,0.1,uM,DMSO,0.1,pct,3193.385,1747.334,3424.1225,86.23931998579428
compound_exploration,4064,3,E08,treatment,FSK,2.5,uM,824745,0.1,uM,DMSO,0.1,pct,3601.639,1747.334,3424.1225,110.58669593690558
compound_exploration,4064,3,E09,treatment,FSK,2.5,uM,824745,0.1,uM,CPA,1.0,uM,2968.873,1747.334,3424.1225,72.84991518011962
compound_exploration,4064,3,E10,treatment,FSK,2.5,uM,824745,0.1,uM,CPA,1.0,uM,3209.871,1747.334,3424.1225,87.22250898070926
compound_exploration,4064,3,E11,treatment,FSK,2.5,uM,1237561,0.1,uM,DMSO,0.1,pct,3138.754,1747.334,3424.1225,82.98124659132621
compound_exploration,4064,3,E12,treatment,FSK,2.5,uM,1237561,0.1,uM,DMSO,0.1,pct,3260.314,1747.334,3424.1225,90.23081921184453
compound_exploration,4064,3,E13,treatment,FSK,2.5,uM,1237561,0.1,uM,CPA,1.0,uM,3283.71,1747.334,3424.1225,91.62610549869588
compound_exploration,4064,3,E14,treatment,FSK,2.5,uM,1237561,0.1,uM,CPA,1.0,uM,3095.427,1747.334,3424.1225,80.3973190417277
compound_exploration,4064,3,E15,treatment,FSK,2.5,uM,1249141,0.1,uM,DMSO,0.1,pct,3357.016,1747.334,3424.1225,95.99791506203675
compound_exploration,4064,3,E16,treatment,FSK,2.5,uM,1249141,0.1,uM,DMSO,0.1,pct,3284.946,1747.334,3424.1225,91.69981783629837
compound_exploration,4064,3,E17,treatment,FSK,2.5,uM,1249141,0.1,uM,CPA,1.0,uM,3158.454,1747.334,3424.1225,84.15611151913316
compound_exploration,4064,3,E18,treatment,FSK,2.5,uM,1249141,0.1,uM,CPA,1.0,uM,3014.298,1747.334,3424.1225,75.5589628626389
compound_exploration,4064,3,E19,stim_only,FSK,2.5,uM,DMSO,0.1,pct,DMSO,0.1,pct,3074.706,1747.334,3424.1225,79.16156390624101
compound_exploration,4064,3,E20,stim_only,FSK,2.5,uM,DMSO,0.1,pct,DMSO,0.1,pct,3502.749,1747.334,3424.1225,104.68911255056913
compound_exploration,4064,3,E21,stim_only,FSK,2.5,uM,DMSO,0.1,pct,DMSO,0.1,pct,3310.694,1747.334,3424.1225,93.23537226072341
compound_exploration,4064,3,E22,stim_only,FSK,2.5,uM,DMSO,0.1,pct,DMSO,0.1,pct,3428.719,1747.334,3424.1225,100.27412521018603
compound_exploration,4064,3,F03,solvent_ctrl,DMSO,0.1,pct,DMSO,0.1,pct,DMSO,0.1,pct,1706.466,1747.334,3424.1225,-2.4372781659702563
compound_exploration,4064,3,F04,solvent_ctrl,DMSO,0.1,pct,DMSO,0.1,pct,DMSO,0.1,pct,1736.234,1747.334,3424.1225,-0.6619797308963019
compound_exploration,4064,3,F05,treatment,FSK,2.5,uM,DMSO,0.1,pct,CPA,0.1,uM,3137.377,1747.334,3424.1225,82.89912532200692
compound_exploration,4064,3,F06,treatment,FSK,2.5,uM,DMSO,0.1,pct,CPA,0.1,uM,3274.55,1747.334,3424.1225,91.07982312617246
compound_exploration,4064,3,F07,treatment,FSK,2.5,uM,824745,0.1,uM,DMSO,0.1,pct,3449.749,1747.334,3424.1225,101.52830843007331
compound_exploration,4064,3,F08,treatment,FSK,2.5,uM,824745,0.1,uM,DMSO,0.1,pct,3571.334,1747.334,3424.1225,108.7793719959315
compound_exploration,4064,3,F09,treatment,FSK,2.5,uM,824745,0.1,uM,CPA,1.0,uM,3088.126,1747.334,3424.1225,79.961903364676
compound_exploration,4064,3,F10,treatment,FSK,2.5,uM,824745,0.1,uM,CPA,1.0,uM,3090.221,1747.334,3424.1225,80.08684458415595
compound_exploration,4064,3,F11,treatment,FSK,2.5,uM,1237561,0.1,uM,DMSO,0.1,pct,3443.15,1747.334,3424.1225,101.1347584981648
compound_exploration,4064,3,F12,treatment,FSK,2.5,uM,1237561,0.1,uM,DMSO,0.1,pct,3824.756,1747.334,3424.1225,123.89290599261622
compound_exploration,4064,3,F13,treatment,FSK,2.5,uM,1237561,0.1,uM,CPA,1.0,uM,3495.174,1747.334,3424.1225,104.23735611259262
compound_exploration,4064,3,F14,treatment,FSK,2.5,uM,1237561,0.1,uM,CPA,1.0,uM,3147.417,1747.334,3424.1225,83.49788897049329
compound_exploration,4064,3,F15,treatment,FSK,2.5,uM,1249141,0.1,uM,DMSO,0.1,pct,3563.214,1747.334,3424.1225,108.29511294954612
compound_exploration,4064,3,F16,treatment,FSK,2.5,uM,1249141,0.1,uM,DMSO,0.1,pct,3483.824,1747.334,3424.1225,103.56046692829776
compound_exploration,4064,3,F17,treatment,FSK,2.5,uM,1249141,0.1,uM,CPA,1.0,uM,3156.478,1747.334,3424.1225,84.0382671994709
compound_exploration,4064,3,F18,treatment,FSK,2.5,uM,1249141,0.1,uM,CPA,1.0,uM,3209.357,1747.334,3424.1225,87.19185514452181
compound_exploration,4064,3,F19,stim_only,FSK,2.5,uM,DMSO,0.1,pct,DMSO,0.1,pct,3598.784,1747.334,3424.1225,110.41642997909398
compound_exploration,4064,3,F20,stim_only,FSK,2.5,uM,DMSO,0.1,pct,DMSO,0.1,pct,3379.233,1747.334,3424.1225,97.32288836666045
compound_exploration,4064,3,F21,stim_only,FSK,2.5,uM,DMSO,0.1,pct,DMSO,0.1,pct,3432.629,1747.334,3424.1225,100.50730906133957
compound_exploration,4064,3,F22,stim_only,FSK,2.5,uM,DMSO,0.1,pct,DMSO,0.1,pct,3419.526,1747.334,3424.1225,99.72587478981397
compound_exploration,4064,3,G03,stim_only,FSK,2.5,uM,DMSO,0.1,pct,DMSO,0.1,pct,3435.456,1747.334,3424.1225,100.67590516037056
compound_exploration,4064,3,G04,stim_only,FSK,2.5,uM,DMSO,0.1,pct,DMSO,0.1,pct,3648.614,1747.334,3424.1225,113.38818223049599
compound_exploration,4064,3,G05,treatment,FSK,2.5,uM,DMSO,0.1,pct,CPA,0.001,uM,3162.062,1747.334,3424.1225,84.37128475058124
compound_exploration,4064,3,G06,treatment,FSK,2.5,uM,DMSO,0.1,pct,CPA,0.001,uM,3354.609,1747.334,3424.1225,95.85436684471537
compound_exploration,4064,3,G07,treatment,FSK,2.5,uM,824745,0.001,uM,DMSO,0.1,pct,3576.264,1747.334,3424.1225,109.07338641695122
compound_exploration,4064,3,G08,treatment,FSK,2.5,uM,824745,0.001,uM,DMSO,0.1,pct,3395.507,1747.334,3424.1225,98.29343414509343
compound_exploration,4064,3,G09,treatment,FSK,2.5,uM,824745,0.001,uM,CPA,1.0,uM,3562.703,1747.334,3424.1225,108.26463802679945
compound_exploration,4064,3,G10,treatment,FSK,2.5,uM,824745,0.001,uM,CPA,1.0,uM,3076.575,1747.334,3424.1225,79.27302697984867
compound_exploration,4064,3,G11,treatment,FSK,2.5,uM,1237561,0.001,uM,DMSO,0.1,pct,3645.965,1747.334,3424.1225,113.23020166228478
compound_exploration,4064,3,G12,treatment,FSK,2.5,uM,1237561,0.001,uM,DMSO,0.1,pct,3662.657,1747.334,3424.1225,114.2256760468002
compound_exploration,4064,3,G13,treatment,FSK,2.5,uM,1237561,0.001,uM,CPA,1.0,uM,3358.4,1747.334,3424.1225,96.08045379605122
compound_exploration,4064,3,G14,treatment,FSK,2.5,uM,1237561,0.001,uM,CPA,1.0,uM,3180.813,1747.334,3424.1225,85.48955339328722
compound_exploration,4064,3,G15,treatment,FSK,2.5,uM,1249141,0.001,uM,DMSO,0.1,pct,3414.789,1747.334,3424.1225,99.443370466818
compound_exploration,4064,3,G16,treatment,FSK,2.5,uM,1249141,0.001,uM,DMSO,0.1,pct,3257.38,1747.334,3424.1225,90.055841866759
compound_exploration,4064,3,G17,treatment,FSK,2.5,uM,1249141,0.001,uM,CPA,1.0,uM,3126.373,1747.334,3424.1225,82.24287082121567
compound_exploration,4064,3,G18,treatment,FSK,2.5,uM,1249141,0.001,uM,CPA,1.0,uM,3363.08,1747.334,3424.1225,96.35955876367234
compound_exploration,4064,3,G19,tox_ctrl,FSK,2.5,uM,staurosporin,1.0,uM,DMSO,0.1,pct,798.145,1747.334,3424.1225,-56.607556647722724
compound_exploration,4064,3,G20,tox_ctrl,FSK,2.5,uM,staurosporin,1.0,uM,DMSO,0.1,pct,645.954,1747.334,3424.1225,-65.68389513644686
compound_exploration,4064,3,G21,tox_ctrl,FSK,2.5,uM,staurosporin,1.0,uM,DMSO,0.1,pct,816.795,1747.334,3424.1225,-55.495311424189765
compound_exploration,4064,3,G22,tox_ctrl,FSK,2.5,uM,staurosporin,1.0,uM,DMSO,0.1,pct,720.179,1747.334,3424.1225,-61.25727842241286
compound_exploration,4064,3,H03,stim_only,FSK,2.5,uM,DMSO,0.1,pct,DMSO,0.1,pct,3856.651,1747.334,3424.1225,125.7950540572052
compound_exploration,4064,3,H04,stim_only,FSK,2.5,uM,DMSO,0.1,pct,DMSO,0.1,pct,3371.418,1747.334,3424.1225,96.85681885342129
compound_exploration,4064,3,H05,treatment,FSK,2.5,uM,DMSO,0.1,pct,CPA,0.001,uM,3266.957,1747.334,3424.1225,90.62699320755122
compound_exploration,4064,3,H06,treatment,FSK,2.5,uM,DMSO,0.1,pct,CPA,0.001,uM,3375.416,1747.334,3424.1225,97.09525083217116
compound_exploration,4064,3,H07,treatment,FSK,2.5,uM,824745,0.001,uM,DMSO,0.1,pct,3274.51,1747.334,3424.1225,91.07743761362867
compound_exploration,4064,3,H08,treatment,FSK,2.5,uM,824745,0.001,uM,DMSO,0.1,pct,3712.69,1747.334,3424.1225,117.20953477436183
compound_exploration,4064,3,H09,treatment,FSK,2.5,uM,824745,0.001,uM,CPA,1.0,uM,3224.755,1747.334,3424.1225,88.11015819824624
compound_exploration,4064,3,H10,treatment,FSK,2.5,uM,824745,0.001,uM,CPA,1.0,uM,3500.349,1747.334,3424.1225,104.54598179794291
compound_exploration,4064,3,H11,treatment,FSK,2.5,uM,1237561,0.001,uM,DMSO,0.1,pct,3502.26,1747.334,3424.1225,104.65994965972156
compound_exploration,4064,3,H12,treatment,FSK,2.5,uM,1237561,0.001,uM,DMSO,0.1,pct,3325.165,1747.334,3424.1225,94.09839106124593
compound_exploration,4064,3,H13,treatment,FSK,2.5,uM,1237561,0.001,uM,CPA,1.0,uM,3508.263,1747.334,3424.1225,105.0179554547279
compound_exploration,4064,3,H14,treatment,FSK,2.5,uM,1237561,0.001,uM,CPA,1.0,uM,3287.919,1747.334,3424.1225,91.8771210561141
compound_exploration,4064,3,H15,treatment,FSK,2.5,uM,1249141,0.001,uM,DMSO,0.1,pct,3160.131,1747.334,3424.1225,84.25612413253073
compound_exploration,4064,3,H16,treatment,FSK,2.5,uM,1249141,0.001,uM,DMSO,0.1,pct,3469.363,1747.334,3424.1225,102.69804450591114
compound_exploration,4064,3,H17,treatment,FSK,2.5,uM,1249141,0.001,uM,CPA,1.0,uM,2884.105,1747.334,3424.1225,67.79453699736132
compound_exploration,4064,3,H18,treatment,FSK,2.5,uM,1249141,0.001,uM,CPA,1.0,uM,3232.176,1747.334,3424.1225,88.55273041292924
compound_exploration,4064,3,H19,tox_ctrl,FSK,2.5,uM,staurosporin,1.0,uM,DMSO,0.1,pct,780.974,1747.334,3424.1225,-57.63159754494977
compound_exploration,4064,3,H20,tox_ctrl,FSK,2.5,uM,staurosporin,1.0,uM,DMSO,0.1,pct,723.187,1747.334,3424.1225,-61.07788787912131
compound_exploration,4064,3,H21,tox_ctrl,FSK,2.5,uM,staurosporin,1.0,uM,DMSO,0.1,pct,650.467,1747.334,3424.1225,-65.41474968369596
compound_exploration,4064,3,H22,tox_ctrl,FSK,2.5,uM,staurosporin,1.0,uM,DMSO,0.1,pct,611.561,1747.334,3424.1225,-67.73501845939427
compound_exploration,4064,3,I03,solvent_ctrl,DMSO,0.1,pct,DMSO,0.1,pct,DMSO,0.1,pct,1711.818,1747.334,3424.1225,-2.1180965876137674
compound_exploration,4064,3,I04,solvent_ctrl,DMSO,0.1,pct,DMSO,0.1,pct,DMSO,0.1,pct,1842.589,1747.334,3424.1225,5.680799933921296
compound_exploration,4064,3,I05,treatment,FSK,2.5,uM,1823372,1.0,uM,DMSO,0.1,pct,3602.48,1747.334,3424.1225,110.63685133813836
compound_exploration,4064,3,I06,treatment,FSK,2.5,uM,1823372,1.0,uM,DMSO,0.1,pct,3512.724,1747.334,3424.1225,105.2839997411719
compound_exploration,4064,3,I07,treatment,FSK,2.5,uM,1823372,1.0,uM,CPA,1.0,uM,2994.397,1747.334,3424.1225,74.37211073429953
compound_exploration,4064,3,I08,treatment,FSK,2.5,uM,1823372,1.0,uM,CPA,1.0,uM,3433.94,1747.334,3424.1225,100.58549423496166
compound_exploration,4064,3,I09,treatment,FSK,2.5,uM,22755240,1.0,uM,DMSO,0.1,pct,3475.046,1747.334,3424.1225,103.03696620056733
compound_exploration,4064,3,I10,treatment,FSK,2.5,uM,22755240,1.0,uM,DMSO,0.1,pct,3634.583,1747.334,3424.1225,112.5514040679549
compound_exploration,4064,3,I11,treatment,FSK,2.5,uM,22755240,1.0,uM,CPA,1.0,uM,3226.545,1747.334,3424.1225,88.21690988457996
compound_exploration,4064,3,I12,treatment,FSK,2.5,uM,22755240,1.0,uM,CPA,1.0,uM,3421.919,1747.334,3424.1225,99.86858807774503
compound_exploration,4064,3,I13,treatment,FSK,2.5,uM,27070328,1.0,uM,DMSO,0.1,pct,3131.864,1747.334,3424.1225,82.57034205566177
compound_exploration,4064,3,I14,treatment,FSK,2.5,uM,27070328,1.0,uM,DMSO,0.1,pct,3195.892,1747.334,3424.1225,86.38883198447509
compound_exploration,4064,3,I15,treatment,FSK,2.5,uM,27070328,1.0,uM,CPA,1.0,uM,2599.517,1747.334,3424.1225,50.82233090219785
compound_exploration,4064,3,I16,treatment,FSK,2.5,uM,27070328,1.0,uM,CPA,1.0,uM,2708.085,1747.334,3424.1225,57.29708904849956
compound_exploration,4064,3,I17,tox_ctrl,FSK,2.5,uM,staurosporin,1.0,uM,DMSO,0.1,pct,727.228,1747.334,3424.1225,-60.83689147438691
compound_exploration,4064,3,I18,tox_ctrl,FSK,2.5,uM,staurosporin,1.0,uM,DMSO,0.1,pct,766.407,1747.334,3424.1225,-58.500341575577366
compound_exploration,4064,3,I19,solvent_ctrl,DMSO,0.1,pct,DMSO,0.1,pct,DMSO,0.1,pct,1703.689,1747.334,3424.1225,-2.6028923743215073
compound_exploration,4064,3,I20,solvent_ctrl,DMSO,0.1,pct,DMSO,0.1,pct,DMSO,0.1,pct,1718.684,1747.334,3424.1225,-1.7086233594755744
compound_exploration,4064,3,I21,solvent_ctrl,DMSO,0.1,pct,DMSO,0.1,pct,DMSO,0.1,pct,1712.031,1747.334,3424.1225,-2.1053937333181922
compound_exploration,4064,3,I22,solvent_ctrl,DMSO,0.1,pct,DMSO,0.1,pct,DMSO,0.1,pct,1691.46,1747.334,3424.1225,-3.3322031967657235
compound_exploration,4064,3,J03,solvent_ctrl,DMSO,0.1,pct,DMSO,0.1,pct,DMSO,0.1,pct,1811.42,1747.334,3424.1225,3.821948922001792
compound_exploration,4064,3,J04,solvent_ctrl,DMSO,0.1,pct,DMSO,0.1,pct,DMSO,0.1,pct,1763.086,1747.334,3424.1225,0.9394148397367917
compound_exploration,4064,3,J05,treatment,FSK,2.5,uM,1823372,1.0,uM,DMSO,0.1,pct,3339.191,1747.334,3424.1225,94.93487103471904
compound_exploration,4064,3,J06,treatment,FSK,2.5,uM,1823372,1.0,uM,DMSO,0.1,pct,3519.798,1747.334,3424.1225,105.70587763453767
compound_exploration,4064,3,J07,treatment,FSK,2.5,uM,1823372,1.0,uM,CPA,1.0,uM,3044.258,1747.334,3424.1225,77.34571175792296
compound_exploration,4064,3,J08,treatment,FSK,2.5,uM,1823372,1.0,uM,CPA,1.0,uM,3006.824,1747.334,3424.1225,75.11322984383541
compound_exploration,4064,3,J09,treatment,FSK,2.5,uM,22755240,1.0,uM,DMSO,0.1,pct,3575.308,1747.334,3424.1225,109.01637266715511
compound_exploration,4064,3,J10,treatment,FSK,2.5,uM,22755240,1.0,uM,DMSO,0.1,pct,3485.526,1747.334,3424.1225,103.66197048703518
compound_exploration,4064,3,J11,treatment,FSK,2.5,uM,22755240,1.0,uM,CPA,1.0,uM,2988.267,1747.334,3424.1225,74.0065309369667
compound_exploration,4064,3,J12,treatment,FSK,2.5,uM,22755240,1.0,uM,CPA,1.0,uM,3247.807,1747.334,3424.1225,89.48492907722111
compound_exploration,4064,3,J13,treatment,FSK,2.5,uM,27070328,1.0,uM,DMSO,0.1,pct,2938.802,1747.334,3424.1225,71.0565464875266
compound_exploration,4064,3,J14,treatment,FSK,2.5,uM,27070328,1.0,uM,DMSO,0.1,pct,3157.027,1747.334,3424.1225,84.07100835913414
compound_exploration,4064,3,J15,treatment,FSK,2.5,uM,27070328,1.0,uM,CPA,1.0,uM,2665.715,1747.334,3424.1225,54.770234886510735
compound_exploration,4064,3,J16,treatment,FSK,2.5,uM,27070328,1.0,uM,CPA,1.0,uM,2767.535,1747.334,3424.1225,60.842557066678346
compound_exploration,4064,3,J17,tox_ctrl,FSK,2.5,uM,staurosporin,1.0,uM,DMSO,0.1,pct,736.257,1747.334,3424.1225,-60.29842165544433
compound_exploration,4064,3,J18,tox_ctrl,FSK,2.5,uM,staurosporin,1.0,uM,DMSO,0.1,pct,711.161,1747.334,3424.1225,-61.7950922254059
compound_exploration,4064,3,J19,solvent_ctrl,DMSO,0.1,pct,DMSO,0.1,pct,DMSO,0.1,pct,1645.841,1747.334,3424.1225,-6.052820615122312
compound_exploration,4064,3,J20,solvent_ctrl,DMSO,0.1,pct,DMSO,0.1,pct,DMSO,0.1,pct,1799.226,1747.334,3424.1225,3.0947254230333794
compound_exploration,4064,3,J21,solvent_ctrl,DMSO,0.1,pct,DMSO,0.1,pct,DMSO,0.1,pct,1750.209,1747.334,3424.1225,0.1714587140834995
compound_exploration,4064,3,J22,solvent_ctrl,DMSO,0.1,pct,DMSO,0.1,pct,DMSO,0.1,pct,1611.699,1747.334,3424.1225,-8.08897484685755
compound_exploration,4064,3,K03,ref_ctrl,FSK,2.5,uM,rapamycin,0.03,uM,DMSO,0.1,pct,2377.026,1747.334,3424.1225,37.553454117797195
compound_exploration,4064,3,K04,ref_ctrl,FSK,2.5,uM,rapamycin,0.03,uM,DMSO,0.1,pct,2531.247,1747.334,3424.1225,46.75085736811767
compound_exploration,4064,3,K05,treatment,FSK,2.5,uM,1823372,0.1,uM,DMSO,0.1,pct,3432.149,1747.334,3424.1225,100.47868291081433
compound_exploration,4064,3,K06,treatment,FSK,2.5,uM,1823372,0.1,uM,DMSO,0.1,pct,3595.782,1747.334,3424.1225,110.23739726268401
compound_exploration,4064,3,K07,treatment,FSK,2.5,uM,1823372,0.1,uM,CPA,1.0,uM,3136.35,1747.334,3424.1225,82.83787728744561
compound_exploration,4064,3,K08,treatment,FSK,2.5,uM,1823372,0.1,uM,CPA,1.0,uM,3315.027,1747.334,3424.1225,93.49378290702734
compound_exploration,4064,3,K09,treatment,FSK,2.5,uM,22755240,0.1,uM,DMSO,0.1,pct,3776.649,1747.334,3424.1225,121.02390969403713
compound_exploration,4064,3,K10,treatment,FSK,2.5,uM,22755240,0.1,uM,DMSO,0.1,pct,3416.936,1747.334,3424.1225,99.57141285260487
compound_exploration,4064,3,K11,treatment,FSK,2.5,uM,22755240,0.1,uM,CPA,1.0,uM,3208.736,1747.334,3424.1225,87.15482006227977
compound_exploration,4064,3,K12,treatment,FSK,2.5,uM,22755240,0.1,uM,CPA,1.0,uM,3146.893,1747.334,3424.1225,83.4666387561699
compound_exploration,4064,3,K13,treatment,FSK,2.5,uM,27070328,0.1,uM,DMSO,0.1,pct,3219.206,1747.334,3424.1225,87.77922797061169
compound_exploration,4064,3,K14,treatment,FSK,2.5,uM,27070328,0.1,uM,DMSO,0.1,pct,3374.643,1747.334,3424.1225,97.04915080226279
compound_exploration,4064,3,K15,treatment,FSK,2.5,uM,27070328,0.1,uM,CPA,1.0,uM,2711.316,1747.334,3424.1225,57.4897788242226
compound_exploration,4064,3,K16,treatment,FSK,2.5,uM,27070328,0.1,uM,CPA,1.0,uM,2982.423,1747.334,3424.1225,73.65800755432183
compound_exploration,4064,3,K17,ref_ctrl,FSK,2.5,uM,rapamycin,0.03,uM,DMSO,0.1,pct,2165.077,1747.334,3424.1225,24.91327916430726
compound_exploration,4064,3,K18,ref_ctrl,FSK,2.5,uM,rapamycin,0.03,uM,DMSO,0.1,pct,2417.947,1747.334,3424.1225,39.993893087887955
compound_exploration,4064,3,K19,ref_ctrl,FSK,2.5,uM,rapamycin,0.03,uM,DMSO,0.1,pct,2420.413,1747.334,3424.1225,40.140959936211395
compound_exploration,4064,3,K20,ref_ctrl,FSK,2.5,uM,rapamycin,0.03,uM,DMSO,0.1,pct,2447.879,1747.334,3424.1225,41.77897212439135
compound_exploration,4064,3,K21,ref_ctrl,FSK,2.5,uM,rapamycin,0.03,uM,DMSO,0.1,pct,2474.586,1747.334,3424.1225,43.371719212053264
compound_exploration,4064,3,K22,ref_ctrl,FSK,2.5,uM,rapamycin,0.03,uM,DMSO,0.1,pct,2451.829,1747.334,3424.1225,42.0145414880887
compound_exploration,4064,3,L03,ref_ctrl,FSK,2.5,uM,rapamycin,0.03,uM,DMSO,0.1,pct,2545.615,1747.334,3424.1225,47.607733473840014
compound_exploration,4064,3,L04,ref_ctrl,FSK,2.5,uM,rapamycin,0.03,uM,DMSO,0.1,pct,2529.851,1747.334,3424.1225,46.66760298034011
compound_exploration,4064,3,L05,treatment,FSK,2.5,uM,1823372,0.1,uM,DMSO,0.1,pct,3426.272,1747.334,3424.1225,100.12819148032087
compound_exploration,4064,3,L06,treatment,FSK,2.5,uM,1823372,0.1,uM,DMSO,0.1,pct,3413.849,1747.334,3424.1225,99.38731092203938
compound_exploration,4064,3,L07,treatment,FSK,2.5,uM,1823372,0.1,uM,CPA,1.0,uM,3204.148,1747.334,3424.1225,86.8812017735093
compound_exploration,4064,3,L08,treatment,FSK,2.5,uM,1823372,0.1,uM,CPA,1.0,uM,3665.413,1747.334,3424.1225,114.39003786106596
compound_exploration,4064,3,L09,treatment,FSK,2.5,uM,22755240,0.1,uM,DMSO,0.1,pct,3392.514,1747.334,3424.1225,98.11493816900581
compound_exploration,4064,3,L10,treatment,FSK,2.5,uM,22755240,0.1,uM,DMSO,0.1,pct,3464.35,1747.334,3424.1225,102.39908014636312
compound_exploration,4064,3,L11,treatment,FSK,2.5,uM,22755240,0.1,uM,CPA,1.0,uM,3265.634,1747.334,3424.1225,90.54809238016603
compound_exploration,4064,3,L12,treatment,FSK,2.5,uM,22755240,0.1,uM,CPA,1.0,uM,3187.379,1747.334,3424.1225,85.88113527734713
compound_exploration,4064,3,L13,treatment,FSK,2.5,uM,27070328,0.1,uM,DMSO,0.1,pct,3334.016,1747.334,3424.1225,94.62624534936876
compound_exploration,4064,3,L14,treatment,FSK,2.5,uM,27070328,0.1,uM,DMSO,0.1,pct,3283.36,1747.334,3424.1225,91.60523226393789
compound_exploration,4064,3,L15,treatment,FSK,2.5,uM,27070328,0.1,uM,CPA,1.0,uM,2830.639,1747.334,3424.1225,64.60594165573059
compound_exploration,4064,3,L16,treatment,FSK,2.5,uM,27070328,0.1,uM,CPA,1.0,uM,3057.965,1747.334,3424.1225,78.1631672688595
compound_exploration,4064,3,L17,ref_ctrl,FSK,2.5,uM,rapamycin,0.03,uM,DMSO,0.1,pct,2275.064,1747.334,3424.1225,31.472663368099187
compound_exploration,4064,3,L18,ref_ctrl,FSK,2.5,uM,rapamycin,0.03,uM,DMSO,0.1,pct,2341.362,1747.334,3424.1225,35.4265311337715
compound_exploration,4064,3,L19,ref_ctrl,FSK,2.5,uM,rapamycin,0.03,uM,DMSO,0.1,pct,2250.125,1747.334,3424.1225,29.985355934871926
compound_exploration,4064,3,L20,ref_ctrl,FSK,2.5,uM,rapamycin,0.03,uM,DMSO,0.1,pct,2438.756,1747.334,3424.1225,41.234896350970914
compound_exploration,4064,3,L21,ref_ctrl,FSK,2.5,uM,rapamycin,0.03,uM,DMSO,0.1,pct,2508.302,1747.334,3424.1225,45.38246773519738
compound_exploration,4064,3,L22,ref_ctrl,FSK,2.5,uM,rapamycin,0.03,uM,DMSO,0.1,pct,2407.787,1747.334,3424.1225,39.38797290177025
compound_exploration,4064,3,M03,tox_ctrl,FSK,2.5,uM,staurosporin,1.0,uM,DMSO,0.1,pct,914.704,1747.334,3424.1225,-49.656232732989295
compound_exploration,4064,3,M04,tox_ctrl,FSK,2.5,uM,staurosporin,1.0,uM,DMSO,0.1,pct,748.026,1747.334,3424.1225,-59.59654422725348
compound_exploration,4064,3,M05,treatment,FSK,2.5,uM,1823372,0.001,uM,DMSO,0.1,pct,3662.434,1747.334,3424.1225,114.21237681436867
compound_exploration,4064,3,M06,treatment,FSK,2.5,uM,1823372,0.001,uM,DMSO,0.1,pct,3548.265,1747.334,3424.1225,107.4035872741255
compound_exploration,4064,3,M07,treatment,FSK,2.5,uM,1823372,0.001,uM,CPA,1.0,uM,3512.467,1747.334,3424.1225,105.26867282307818
compound_exploration,4064,3,M08,treatment,FSK,2.5,uM,1823372,0.001,uM,CPA,1.0,uM,3270.83,1747.334,3424.1225,90.85797045960179
compound_exploration,4064,3,M09,treatment,FSK,2.5,uM,22755240,0.001,uM,DMSO,0.1,pct,3617.21,1747.334,3424.1225,111.51531633238183
compound_exploration,4064,3,M10,treatment,FSK,2.5,uM,22755240,0.001,uM,DMSO,0.1,pct,3649.145,1747.334,3424.1225,113.41984990951454
compound_exploration,4064,3,M11,treatment,FSK,2.5,uM,22755240,0.001,uM,CPA,1.0,uM,3228.704,1747.334,3424.1225,88.34566792412997
compound_exploration,4064,3,M12,treatment,FSK,2.5,uM,22755240,0.001,uM,CPA,1.0,uM,3250.221,1747.334,3424.1225,89.62889475923767
compound_exploration,4064,3,M13,treatment,FSK,2.5,uM,27070328,0.001,uM,DMSO,0.1,pct,3491.696,1747.334,3424.1225,104.02993579691177
compound_exploration,4064,3,M14,treatment,FSK,2.5,uM,27070328,0.001,uM,DMSO,0.1,pct,3736.022,1747.334,3424.1225,118.60100424114312
compound_exploration,4064,3,M15,treatment,FSK,2.5,uM,27070328,0.001,uM,CPA,1.0,uM,3285.385,1747.334,3424.1225,91.72599883646626
compound_exploration,4064,3,M16,treatment,FSK,2.5,uM,27070328,0.001,uM,CPA,1.0,uM,3045.142,1747.334,3424.1225,77.39843158514027
compound_exploration,4064,3,M17,stim_only,FSK,2.5,uM,DMSO,0.1,pct,DMSO,0.1,pct,3373.551,1747.334,3424.1225,96.98402630981784
compound_exploration,4064,3,M18,stim_only,FSK,2.5,uM,DMSO,0.1,pct,DMSO,0.1,pct,3254.932,1747.334,3424.1225,89.90984849908021
compound_exploration,4064,3,M19,tox_ctrl,FSK,2.5,uM,staurosporin,1.0,uM,DMSO,0.1,pct,790.082,1747.334,3424.1225,-57.08841633873325
compound_exploration,4064,3,M20,tox_ctrl,FSK,2.5,uM,staurosporin,1.0,uM,DMSO,0.1,pct,888.03,1747.334,3424.1225,-51.2470117728026
compound_exploration,4064,3,M21,tox_ctrl,FSK,2.5,uM,staurosporin,1.0,uM,DMSO,0.1,pct,1049.418,1747.334,3424.1225,-41.62218431245206
compound_exploration,4064,3,M22,tox_ctrl,FSK,2.5,uM,staurosporin,1.0,uM,DMSO,0.1,pct,941.266,1747.334,3424.1225,-48.07213312829853
compound_exploration,4064,3,N03,tox_ctrl,FSK,2.5,uM,staurosporin,1.0,uM,DMSO,0.1,pct,739.114,1747.334,3424.1225,-60.12803642200552
compound_exploration,4064,3,N04,tox_ctrl,FSK,2.5,uM,staurosporin,1.0,uM,DMSO,0.1,pct,746.986,1747.334,3424.1225,-59.65856755339151
compound_exploration,4064,3,N05,treatment,FSK,2.5,uM,1823372,0.001,uM,DMSO,0.1,pct,3784.796,1747.334,3424.1225,121.50977896138959
compound_exploration,4064,3,N06,treatment,FSK,2.5,uM,1823372,0.001,uM,DMSO,0.1,pct,3580.885,1747.334,3424.1225,109.34897275357031
compound_exploration,4064,3,N07,treatment,FSK,2.5,uM,1823372,0.001,uM,CPA,1.0,uM,3293.058,1747.334,3424.1225,92.18359978017502
compound_exploration,4064,3,N08,treatment,FSK,2.5,uM,1823372,0.001,uM,CPA,1.0,uM,3489.088,1747.334,3424.1225,103.87440037905796
compound_exploration,4064,3,N09,treatment,FSK,2.5,uM,22755240,0.001,uM,DMSO,0.1,pct,3603.412,1747.334,3424.1225,110.69243378040821
compound_exploration,4064,3,N10,treatment,FSK,2.5,uM,22755240,0.001,uM,DMSO,0.1,pct,3336.025,1747.334,3424.1225,94.74605771687963
compound_exploration,4064,3,N11,treatment,FSK,2.5,uM,22755240,0.001,uM,CPA,1.0,uM,3225.397,1747.334,3424.1225,88.14844567457375
compound_exploration,4064,3,N12,treatment,FSK,2.5,uM,22755240,0.001,uM,CPA,1.0,uM,3382.999,1747.334,3424.1225,97.54748437265641
compound_exploration,4064,3,N13,treatment,FSK,2.5,uM,27070328,0.001,uM,DMSO,0.1,pct,3380.964,1747.334,3424.1225,97.42612142199211
compound_exploration,4064,3,N14,treatment,FSK,2.5,uM,27070328,0.001,uM,DMSO,0.1,pct,3577.262,1747.334,3424.1225,109.1329049549183
compound_exploration,4064,3,N15,treatment,FSK,2.5,uM,27070328,0.001,uM,CPA,1.0,uM,3239.922,1747.334,3424.1225,89.01468491703038
compound_exploration,4064,3,N16,treatment,FSK,2.5,uM,27070328,0.001,uM,CPA,1.0,uM,3275.08,1747.334,3424.1225,91.11143116737739
compound_exploration,4064,3,N17,stim_only,FSK,2.5,uM,DMSO,0.1,pct,DMSO,0.1,pct,3072.372,1747.334,3424.1225,79.022369249312
compound_exploration,4064,3,N18,stim_only,FSK,2.5,uM,DMSO,0.1,pct,DMSO,0.1,pct,3484.311,1747.334,3424.1225,103.58951054351817
compound_exploration,4064,3,N19,tox_ctrl,FSK,2.5,uM,staurosporin,1.0,uM,DMSO,0.1,pct,886.912,1747.334,3424.1225,-51.31368684840098
compound_exploration,4064,3,N20,tox_ctrl,FSK,2.5,uM,staurosporin,1.0,uM,DMSO,0.1,pct,742.602,1747.334,3424.1225,-59.92001972818875
compound_exploration,4064,3,N21,tox_ctrl,FSK,2.5,uM,staurosporin,1.0,uM,DMSO,0.1,pct,843.507,1747.334,3424.1225,-53.90226614745987
compound_exploration,4064,3,N22,tox_ctrl,FSK,2.5,uM,staurosporin,1.0,uM,DMSO,0.1,pct,911.925,1747.334,3424.1225,-49.821966216967745
target_validation,Batch3791_and_Batch3753,1,C03,ref_ctrl,FSK,2.5,uM,rapamycin,0.03,uM,,,,2156.459042,1694.4630080000002,2901.0742225,38.28872369559763
target_validation,Batch3791_and_Batch3753,1,C04,ref_ctrl,FSK,2.5,uM,rapamycin,0.03,uM,,,,2222.969087,1694.4630080000002,2901.0742225,43.80085918719097
target_validation,Batch3791_and_Batch3753,1,C05,treatment,FSK,2.5,uM,Z4509024390,1.0,uM,,,,2686.425478,1694.4630080000002,2901.0742225,82.21061250545837
target_validation,Batch3791_and_Batch3753,1,C06,treatment,FSK,2.5,uM,Z4509024390,1.0,uM,,,,2796.733833,1694.4630080000002,2901.0742225,91.35260900560773
target_validation,Batch3791_and_Batch3753,1,C07,treatment,FSK,2.5,uM,Z211311146,1.0,uM,,,,2489.709351,1694.4630080000002,2901.0742225,65.9074218309447
target_validation,Batch3791_and_Batch3753,1,C08,treatment,FSK,2.5,uM,Z211311146,1.0,uM,,,,2751.749746,1694.4630080000002,2901.0742225,87.62447466876249
target_validation,Batch3791_and_Batch3753,1,C09,treatment,FSK,2.5,uM,JNJ-47965567,1.0,uM,,,,3103.517045,1694.4630080000002,2901.0742225,116.77780050999188
target_validation,Batch3791_and_Batch3753,1,C10,treatment,FSK,2.5,uM,JNJ-47965567,1.0,uM,,,,3744.39588,1694.4630080000002,2901.0742225,169.89174701558358
target_validation,Batch3791_and_Batch3753,1,C11,treatment,FSK,2.5,uM,A-804598,1.0,uM,,,,2849.150352,1694.4630080000002,2901.0742225,95.6967190528296
target_validation,Batch3791_and_Batch3753,1,C12,treatment,FSK,2.5,uM,A-804598,1.0,uM,,,,3024.181372,1694.4630080000002,2901.0742225,110.20271882281598
target_validation,Batch3791_and_Batch3753,1,C13,ref_ctrl,FSK,0.79,uM,rapamycin,0.03,uM,,,,1901.145344,1694.4630080000002,2901.0742225,17.129157554336647
target_validation,Batch3791_and_Batch3753,1,C14,ref_ctrl,FSK,0.79,uM,rapamycin,0.03,uM,,,,1829.205807,1694.4630080000002,2901.0742225,11.167043483499787
target_validation,Batch3791_and_Batch3753,1,C15,tox_ctrl,FSK,0.79,uM,STS,1.0,uM,,,,1120.93494,1694.4630080000002,2901.0742225,-47.53213471811306
target_validation,Batch3791_and_Batch3753,1,C16,tox_ctrl,FSK,0.79,uM,STS,1.0,uM,,,,1047.079267,1694.4630080000002,2901.0742225,-53.65305188782499
target_validation,Batch3791_and_Batch3753,1,D03,ref_ctrl,FSK,2.5,uM,rapamycin,0.03,uM,,,,2255.648516,1694.4630080000002,2901.0742225,46.50922362200539
target_validation,Batch3791_and_Batch3753,1,D04,ref_ctrl,FSK,2.5,uM,rapamycin,0.03,uM,,,,2203.139624,1694.4630080000002,2901.0742225,42.157458001978476
target_validation,Batch3791_and_Batch3753,1,D05,treatment,FSK,2.5,uM,Z4509024390,1.0,uM,,,,2629.653487,1694.4630080000002,2901.0742225,77.50553515181174
target_validation,Batch3791_and_Batch3753,1,D06,treatment,FSK,2.5,uM,Z4509024390,1.0,uM,,,,2595.047436,1694.4630080000002,2901.0742225,74.63749857266056
target_validation,Batch3791_and_Batch3753,1,D07,treatment,FSK,2.5,uM,Z211311146,1.0,uM,,,,2776.523752,1694.4630080000002,2901.0742225,89.6776634426018
target_validation,Batch3791_and_Batch3753,1,D08,treatment,FSK,2.5,uM,Z211311146,1.0,uM,,,,2602.613194,1694.4630080000002,2901.0742225,75.26452390684291
target_validation,Batch3791_and_Batch3753,1,D09,treatment,FSK,2.5,uM,JNJ-47965567,1.0,uM,,,,3003.914369,1694.4630080000002,2901.0742225,108.52305575019999
target_validation,Batch3791_and_Batch3753,1,D10,treatment,FSK,2.5,uM,JNJ-47965567,1.0,uM,,,,2862.390629,1694.4630080000002,2901.0742225,96.79403000443438
target_validation,Batch3791_and_Batch3753,1,D11,treatment,FSK,2.5,uM,A-804598,1.0,uM,,,,2643.300113,1694.4630080000002,2901.0742225,78.63652298252362
target_validation,Batch3791_and_Batch3753,1,D12,treatment,FSK,2.5,uM,A-804598,1.0,uM,,,,3078.166508,1694.4630080000002,2901.0742225,114.67683072822958
target_validation,Batch3791_and_Batch3753,1,D13,ref_ctrl,FSK,0.79,uM,rapamycin,0.03,uM,,,,1868.573919,1694.4630080000002,2901.0742225,14.42974413859965
target_validation,Batch3791_and_Batch3753,1,D14,ref_ctrl,FSK,0.79,uM,rapamycin,0.03,uM,,,,1855.57236,1694.4630080000002,2901.0742225,13.352217355841569
target_validation,Batch3791_and_Batch3753,1,D15,tox_ctrl,FSK,0.79,uM,STS,1.0,uM,,,,1064.52882,1694.4630080000002,2901.0742225,-52.206889877203295
target_validation,Batch3791_and_Batch3753,1,D16,tox_ctrl,FSK,0.79,uM,STS,1.0,uM,,,,1070.836712,1694.4630080000002,2901.0742225,-51.68411237238673
target_validation,Batch3791_and_Batch3753,1,E03,tox_ctrl,FSK,2.5,uM,STS,1.0,uM,,,,919.9276246,1694.4630080000002,2901.0742225,-64.19096508405612
target_validation,Batch3791_and_Batch3753,1,E04,tox_ctrl,FSK,2.5,uM,STS,1.0,uM,,,,799.3217471,1694.4630080000002,2901.0742225,-74.18638664575418
target_validation,Batch3791_and_Batch3753,1,E05,treatment,FSK,2.5,uM,Z4509024390,0.1,uM,,,,2907.835014,1694.4630080000002,2901.0742225,100.56031233745837
target_validation,Batch3791_and_Batch3753,1,E06,treatment,FSK,2.5,uM,Z4509024390,0.1,uM,,,,3061.474422,1694.4630080000002,2901.0742225,113.29344511077392
target_validation,Batch3791_and_Batch3753,1,E07,treatment,FSK,2.5,uM,Z211311146,0.1,uM,,,,2858.439778,1694.4630080000002,2901.0742225,96.46659636611558
target_validation,Batch3791_and_Batch3753,1,E08,treatment,FSK,2.5,uM,Z211311146,0.1,uM,,,,2877.170941,1694.4630080000002,2901.0742225,98.01897403134072
target_validation,Batch3791_and_Batch3753,1,E09,treatment,FSK,2.5,uM,JNJ-47965567,0.1,uM,,,,4116.317433,1694.4630080000002,2901.0742225,200.7153916602356
target_validation,Batch3791_and_Batch3753,1,E10,treatment,FSK,2.5,uM,JNJ-47965567,0.1,uM,,,,3153.924119,1694.4630080000002,2901.0742225,120.95537431290796
target_validation,Batch3791_and_Batch3753,1,E11,treatment,FSK,2.5,uM,A-804598,0.1,uM,,,,2948.636457,1694.4630080000002,2901.0742225,103.94180278854024
target_validation,Batch3791_and_Batch3753,1,E12,treatment,FSK,2.5,uM,A-804598,0.1,uM,,,,3025.803743,1694.4630080000002,2901.0742225,110.3371756371157
target_validation,Batch3791_and_Batch3753,1,E13,ref_ctrl,FSK,2.5,uM,rapamycin,0.03,uM,,,,2288.760509,1694.4630080000002,2901.0742225,49.25343754958115
target_validation,Batch3791_and_Batch3753,1,E14,ref_ctrl,FSK,2.5,uM,rapamycin,0.03,uM,,,,2189.447738,1694.4630080000002,2901.0742225,41.022719170160656
target_validation,Batch3791_and_Batch3753,1,E15,ref_ctrl,DMSO,0.1,pct,rapamycin,0.03,uM,,,,1638.439993,1694.4630080000002,2901.0742225,-4.643004666852467
target_validation,Batch3791_and_Batch3753,1,E16,ref_ctrl,DMSO,0.1,pct,rapamycin,0.03,uM,,,,1607.578801,1694.4630080000002,2901.0742225,-7.200679552444196
target_validation,Batch3791_and_Batch3753,1,F03,tox_ctrl,FSK,2.5,uM,STS,1.0,uM,,,,1527.919829,1694.4630080000002,2901.0742225,-13.802555205738996
target_validation,Batch3791_and_Batch3753,1,F04,tox_ctrl,FSK,2.5,uM,STS,1.0,uM,,,,871.1894452,1694.4630080000002,2901.0742225,-68.23022634852201
target_validation,Batch3791_and_Batch3753,1,F05,treatment,FSK,2.5,uM,Z4509024390,0.1,uM,,,,2936.201127,1694.4630080000002,2901.0742225,102.911203217563
target_validation,Batch3791_and_Batch3753,1,F06,treatment,FSK,2.5,uM,Z4509024390,0.1,uM,,,,2934.324761,1694.4630080000002,2901.0742225,102.75569612650902
target_validation,Batch3791_and_Batch3753,1,F07,treatment,FSK,2.5,uM,Z211311146,0.1,uM,,,,2744.926229,1694.4630080000002,2901.0742225,87.05896384655226
target_validation,Batch3791_and_Batch3753,1,F08,treatment,FSK,2.5,uM,Z211311146,0.1,uM,,,,3026.783371,1694.4630080000002,2901.0742225,110.41836400899787
target_validation,Batch3791_and_Batch3753,1,F09,treatment,FSK,2.5,uM,JNJ-47965567,0.1,uM,,,,3127.016811,1694.4630080000002,2901.0742225,118.72538443077765
target_validation,Batch3791_and_Batch3753,1,F10,treatment,FSK,2.5,uM,JNJ-47965567,0.1,uM,,,,4030.105168,1694.4630080000002,2901.0742225,193.57040046804573
target_validation,Batch3791_and_Batch3753,1,F11,treatment,FSK,2.5,uM,A-804598,0.1,uM,,,,3870.507619,1694.4630080000002,2901.0742225,180.3434764114734
target_validation,Batch3791_and_Batch3753,1,F12,treatment,FSK,2.5,uM,A-804598,0.1,uM,,,,2921.381261,1694.4630080000002,2901.0742225,101.68298108421071
target_validation,Batch3791_and_Batch3753,1,F13,ref_ctrl,FSK,2.5,uM,rapamycin,0.03,uM,,,,2278.017594,1694.4630080000002,2901.0742225,48.3630998110535
target_validation,Batch3791_and_Batch3753,1,F14,ref_ctrl,FSK,2.5,uM,rapamycin,0.03,uM,,,,2329.075264,1694.4630080000002,2901.0742225,52.59459288740102
target_validation,Batch3791_and_Batch3753,1,F15,ref_ctrl,DMSO,0.1,pct,rapamycin,0.03,uM,,,,1636.288827,1694.4630080000002,2901.0742225,-4.821286285169041
target_validation,Batch3791_and_Batch3753,1,F16,ref_ctrl,DMSO,0.1,pct,rapamycin,0.03,uM,,,,1643.45939,1694.4630080000002,2901.0742225,-4.227013422971978
target_validation,Batch3791_and_Batch3753,1,G03,stim_only,FSK,2.5,uM,DMSO,0.1,pct,,,,2813.074526,1694.4630080000002,2901.0742225,92.70687231790185
target_validation,Batch3791_and_Batch3753,1,G04,stim_only,FSK,2.5,uM,DMSO,0.1,pct,,,,2905.479378,1694.4630080000002,2901.0742225,100.36508491277579
target_validation,Batch3791_and_Batch3753,1,G05,treatment,FSK,2.5,uM,Z4509024390,0.001,uM,,,,3082.15877,1694.4630080000002,2901.0742225,115.0076963750945
target_validation,Batch3791_and_Batch3753,1,G06,treatment,FSK,2.5,uM,Z4509024390,0.001,uM,,,,3195.626383,1694.4630080000002,2901.0742225,124.41152186887784
target_validation,Batch3791_and_Batch3753,1,G07,treatment,FSK,2.5,uM,Z211311146,0.001,uM,,,,2957.735108,1694.4630080000002,2901.0742225,104.69586929237013
target_validation,Batch3791_and_Batch3753,1,G08,treatment,FSK,2.5,uM,Z211311146,0.001,uM,,,,3054.776369,1694.4630080000002,2901.0742225,112.73833233546497
target_validation,Batch3791_and_Batch3753,1,G09,treatment,FSK,2.5,uM,JNJ-47965567,0.001,uM,,,,2970.827257,1694.4630080000002,2901.0742225,105.78090387871163
target_validation,Batch3791_and_Batch3753,1,G10,treatment,FSK,2.5,uM,JNJ-47965567,0.001,uM,,,,2879.488229,1694.4630080000002,2901.0742225,98.21102329892196
target_validation,Batch3791_and_Batch3753,1,G11,treatment,FSK,2.5,uM,A-804598,0.001,uM,,,,2879.014851,1694.4630080000002,2901.0742225,98.17179127502631
target_validation,Batch3791_and_Batch3753,1,G12,treatment,FSK,2.5,uM,A-804598,0.001,uM,,,,2867.430297,1694.4630080000002,2901.0742225,97.21170124264579
target_validation,Batch3791_and_Batch3753,1,G13,tox_ctrl,FSK,0.79,uM,STS,1.0,uM,,,,1182.262314,1694.4630080000002,2901.0742225,-42.44952208671853
target_validation,Batch3791_and_Batch3753,1,G14,tox_ctrl,FSK,0.79,uM,STS,1.0,uM,,,,1142.090523,1694.4630080000002,2901.0742225,-45.77882903474375
target_validation,Batch3791_and_Batch3753,1,G15,solvent_ctrl,DMSO,0.1,pct,DMSO,0.1,pct,,,,1628.273146,1694.4630080000002,2901.0742225,-5.485599769386214
target_validation,Batch3791_and_Batch3753,1,G16,solvent_ctrl,DMSO,0.1,pct,DMSO,0.1,pct,,,,1680.059668,1694.4630080000002,2901.0742225,-1.1937018176951542
target_validation,Batch3791_and_Batch3753,1,H03,stim_only,FSK,2.5,uM,DMSO,0.1,pct,,,,3014.209482,1694.4630080000002,2901.0742225,109.37628112025146
target_validation,Batch3791_and_Batch3753,1,H04,stim_only,FSK,2.5,uM,DMSO,0.1,pct,,,,2794.44116,1694.4630080000002,2901.0742225,91.16259974890197
target_validation,Batch3791_and_Batch3753,1,H05,treatment,FSK,2.5,uM,Z4509024390,0.001,uM,,,,2909.533783,1694.4630080000002,2901.0742225,100.70110076869338
target_validation,Batch3791_and_Batch3753,1,H06,treatment,FSK,2.5,uM,Z4509024390,0.001,uM,,,,2812.485733,1694.4630080000002,2901.0742225,92.65807507543268
target_validation,Batch3791_and_Batch3753,1,H07,treatment,FSK,2.5,uM,Z211311146,0.001,uM,,,,3129.670166,1694.4630080000002,2901.0742225,118.94528583465275
target_validation,Batch3791_and_Batch3753,1,H08,treatment,FSK,2.5,uM,Z211311146,0.001,uM,,,,3132.488436,1694.4630080000002,2901.0742225,119.17885485557123
target_validation,Batch3791_and_Batch3753,1,H09,treatment,FSK,2.5,uM,JNJ-47965567,0.001,uM,,,,2881.741508,1694.4630080000002,2901.0742225,98.39776770945967
target_validation,Batch3791_and_Batch3753,1,H10,treatment,FSK,2.5,uM,JNJ-47965567,0.001,uM,,,,2970.683685,1694.4630080000002,2901.0742225,105.76900509986103
target_validation,Batch3791_and_Batch3753,1,H11,treatment,FSK,2.5,uM,A-804598,0.001,uM,,,,2796.459762,1694.4630080000002,2901.0742225,91.32989489548623
target_validation,Batch3791_and_Batch3753,1,H12,treatment,FSK,2.5,uM,A-804598,0.001,uM,,,,3012.576104,1694.4630080000002,2901.0742225,109.24091208171018
target_validation,Batch3791_and_Batch3753,1,H13,tox_ctrl,FSK,0.79,uM,STS,1.0,uM,,,,1867.755175,1694.4630080000002,2901.0742225,14.361889307634963
target_validation,Batch3791_and_Batch3753,1,H14,tox_ctrl,FSK,0.79,uM,STS,1.0,uM,,,,1208.22075,1694.4630080000002,2901.0742225,-40.29817161955445
target_validation,Batch3791_and_Batch3753,1,H15,solvent_ctrl,DMSO,0.1,pct,DMSO,0.1,pct,,,,1648.087655,1694.4630080000002,2901.0742225,-3.8434379228952658
target_validation,Batch3791_and_Batch3753,1,H16,solvent_ctrl,DMSO,0.1,pct,DMSO,0.1,pct,,,,1688.895582,1694.4630080000002,2901.0742225,-0.4614100990522552
target_validation,Batch3791_and_Batch3753,1,I03,solvent_ctrl,DMSO,0.1,pct,DMSO,0.1,pct,,,,1773.350513,1694.4630080000002,2901.0742225,6.537938985814054
target_validation,Batch3791_and_Batch3753,1,I04,solvent_ctrl,DMSO,0.1,pct,DMSO,0.1,pct,,,,1734.98283,1694.4630080000002,2901.0742225,3.3581506215977375
target_validation,Batch3791_and_Batch3753,1,I05,treatment,FSK,0.79,uM,Z4509024390,1.0,uM,,,,2272.526944,1694.4630080000002,2901.0742225,47.90805265634303
target_validation,Batch3791_and_Batch3753,1,I06,treatment,FSK,0.79,uM,Z4509024390,1.0,uM,,,,2258.826632,1694.4630080000002,2901.0742225,46.77261550514122
target_validation,Batch3791_and_Batch3753,1,I07,treatment,FSK,0.79,uM,Z211311146,1.0,uM,,,,2547.463973,1694.4630080000002,2901.0742225,70.69393643531397
target_validation,Batch3791_and_Batch3753,1,I08,treatment,FSK,0.79,uM,Z211311146,1.0,uM,,,,2281.369691,1694.4630080000002,2901.0742225,48.64091067172821
target_validation,Batch3791_and_Batch3753,1,I09,treatment,FSK,0.79,uM,JNJ-47965567,1.0,uM,,,,2346.213368,1694.4630080000002,2901.0742225,54.014943021234465
target_validation,Batch3791_and_Batch3753,1,I10,treatment,FSK,0.79,uM,JNJ-47965567,1.0,uM,,,,2436.658326,1694.4630080000002,2901.0742225,61.51072599698601
target_validation,Batch3791_and_Batch3753,1,I11,treatment,FSK,0.79,uM,A-804598,1.0,uM,,,,2296.879471,1694.4630080000002,2901.0742225,49.926310626047986
target_validation,Batch3791_and_Batch3753,1,I12,treatment,FSK,0.79,uM,A-804598,1.0,uM,,,,2325.411205,1694.4630080000002,2901.0742225,52.29092763417208
target_validation,Batch3791_and_Batch3753,1,I13,ref_ctrl,DMSO,0.1,pct,rapamycin,0.03,uM,,,,1695.941153,1694.4630080000002,2901.0742225,0.12250383406326391
target_validation,Batch3791_and_Batch3753,1,I14,ref_ctrl,DMSO,0.1,pct,rapamycin,0.03,uM,,,,1580.966161,1694.4630080000002,2901.0742225,-9.406248312305914
target_validation,Batch3791_and_Batch3753,1,I15,stim_only,FSK,2.5,uM,DMSO,0.1,pct,,,,2763.528788,1694.4630080000002,2901.0742225,88.60068323192269
target_validation,Batch3791_and_Batch3753,1,I16,stim_only,FSK,2.5,uM,DMSO,0.1,pct,,,,2741.024546,1694.4630080000002,2901.0742225,86.73560509162665
target_validation,Batch3791_and_Batch3753,1,J03,solvent_ctrl,DMSO,0.1,pct,DMSO,0.1,pct,,,,1762.76161,1694.4630080000002,2901.0742225,5.660365259268843
target_validation,Batch3791_and_Batch3753,1,J04,solvent_ctrl,DMSO,0.1,pct,DMSO,0.1,pct,,,,1747.801359,1694.4630080000002,2901.0742225,4.4205084752260015
target_validation,Batch3791_and_Batch3753,1,J05,treatment,FSK,0.79,uM,Z4509024390,1.0,uM,,,,2391.689054,1694.4630080000002,2901.0742225,57.783819478995895
target_validation,Batch3791_and_Batch3753,1,J06,treatment,FSK,0.79,uM,Z4509024390,1.0,uM,,,,2123.919762,1694.4630080000002,2901.0742225,35.59197435256391
target_validation,Batch3791_and_Batch3753,1,J07,treatment,FSK,0.79,uM,Z211311146,1.0,uM,,,,2323.535635,1694.4630080000002,2901.0742225,52.13548651300059
target_validation,Batch3791_and_Batch3753,1,J08,treatment,FSK,0.79,uM,Z211311146,1.0,uM,,,,2129.586019,1694.4630080000002,2901.0742225,36.06157524238722
target_validation,Batch3791_and_Batch3753,1,J09,treatment,FSK,0.79,uM,JNJ-47965567,1.0,uM,,,,2423.993563,1694.4630080000002,2901.0742225,60.46111176766293
target_validation,Batch3791_and_Batch3753,1,J10,treatment,FSK,0.79,uM,JNJ-47965567,1.0,uM,,,,2306.774924,1694.4630080000002,2901.0742225,50.74641347948451
target_validation,Batch3791_and_Batch3753,1,J11,treatment,FSK,0.79,uM,A-804598,1.0,uM,,,,2224.76597,1694.4630080000002,2901.0742225,43.94977898657678
target_validation,Batch3791_and_Batch3753,1,J12,treatment,FSK,0.79,uM,A-804598,1.0,uM,,,,2320.43094,1694.4630080000002,2901.0742225,51.87817952275465
target_validation,Batch3791_and_Batch3753,1,J13,ref_ctrl,DMSO,0.1,pct,rapamycin,0.03,uM,,,,1696.666665,1694.4630080000002,2901.0742225,0.1826319011060206
target_validation,Batch3791_and_Batch3753,1,J14,ref_ctrl,DMSO,0.1,pct,rapamycin,0.03,uM,,,,1650.796166,1694.4630080000002,2901.0742225,-3.618965369727226
target_validation,Batch3791_and_Batch3753,1,J15,stim_only,FSK,2.5,uM,DMSO,0.1,pct,,,,2896.669067,1694.4630080000002,2901.0742225,99.63491508722423
target_validation,Batch3791_and_Batch3753,1,J16,stim_only,FSK,2.5,uM,DMSO,0.1,pct,,,,2731.534457,1694.4630080000002,2901.0742225,85.9490974837115
target_validation,Batch3791_and_Batch3753,1,K03,stim_only,FSK,0.79,uM,DMSO,0.1,pct,,,,2271.601164,1694.4630080000002,2901.0742225,47.831327030982116
target_validation,Batch3791_and_Batch3753,1,K04,stim_only,FSK,0.79,uM,DMSO,0.1,pct,,,,2314.191107,1694.4630080000002,2901.0742225,51.361042525765455
target_validation,Batch3791_and_Batch3753,1,K05,treatment,FSK,0.79,uM,Z4509024390,0.1,uM,,,,3442.107724,1694.4630080000002,2901.0742225,144.83909108404862
target_validation,Batch3791_and_Batch3753,1,K06,treatment,FSK,0.79,uM,Z4509024390,0.1,uM,,,,2396.121052,1694.4630080000002,2901.0742225,58.15112901057824
target_validation,Batch3791_and_Batch3753,1,K07,treatment,FSK,0.79,uM,Z211311146,0.1,uM,,,,2314.361674,1694.4630080000002,2901.0742225,51.37517856212501
target_validation,Batch3791_and_Batch3753,1,K08,treatment,FSK,0.79,uM,Z211311146,0.1,uM,,,,2206.390609,1694.4630080000002,2901.0742225,42.42688903004556
target_validation,Batch3791_and_Batch3753,1,K09,treatment,FSK,0.79,uM,JNJ-47965567,0.1,uM,,,,2383.459673,1694.4630080000002,2901.0742225,57.10179523613236
target_validation,Batch3791_and_Batch3753,1,K10,treatment,FSK,0.79,uM,JNJ-47965567,0.1,uM,,,,2368.617416,1694.4630080000002,2901.0742225,55.8717174097672
target_validation,Batch3791_and_Batch3753,1,K11,treatment,FSK,0.79,uM,A-804598,0.1,uM,,,,3261.476304,1694.4630080000002,2901.0742225,129.86894843749192
target_validation,Batch3791_and_Batch3753,1,K12,treatment,FSK,0.79,uM,A-804598,0.1,uM,,,,2532.262497,1694.4630080000002,2901.0742225,69.43408771044538
target_validation,Batch3791_and_Batch3753,1,K13,stim_only,FSK,0.79,uM,DMSO,0.1,pct,,,,2281.990331,1694.4630080000002,2901.0742225,48.69234728963311
target_validation,Batch3791_and_Batch3753,1,K14,stim_only,FSK,0.79,uM,DMSO,0.1,pct,,,,2382.262765,1694.4630080000002,2901.0742225,57.00259940688625
target_validation,Batch3791_and_Batch3753,1,K15,solvent_ctrl,DMSO,0.1,pct,DMSO,0.1,pct,,,,1747.072828,1694.4630080000002,2901.0742225,4.360130203314956
target_validation,Batch3791_and_Batch3753,1,K16,solvent_ctrl,DMSO,0.1,pct,DMSO,0.1,pct,,,,1700.030434,1694.4630080000002,2901.0742225,0.4614100990522364
target_validation,Batch3791_and_Batch3753,1,L03,stim_only,FSK,0.79,uM,DMSO,0.1,pct,,,,2293.798685,1694.4630080000002,2901.0742225,49.670985135701315
target_validation,Batch3791_and_Batch3753,1,L04,stim_only,FSK,0.79,uM,DMSO,0.1,pct,,,,2321.248789,1694.4630080000002,2901.0742225,51.94596017903994
target_validation,Batch3791_and_Batch3753,1,L05,treatment,FSK,0.79,uM,Z4509024390,0.1,uM,,,,2402.475987,1694.4630080000002,2901.0742225,58.67780528572236
target_validation,Batch3791_and_Batch3753,1,L06,treatment,FSK,0.79,uM,Z4509024390,0.1,uM,,,,2321.566607,1694.4630080000002,2901.0742225,51.972299897764636
target_validation,Batch3791_and_Batch3753,1,L07,treatment,FSK,0.79,uM,Z211311146,0.1,uM,,,,2257.884376,1694.4630080000002,2901.0742225,46.69452440266541
target_validation,Batch3791_and_Batch3753,1,L08,treatment,FSK,0.79,uM,Z211311146,0.1,uM,,,,2398.39473,1694.4630080000002,2901.0742225,58.339564023669205
target_validation,Batch3791_and_Batch3753,1,L09,treatment,FSK,0.79,uM,JNJ-47965567,0.1,uM,,,,2305.469163,1694.4630080000002,2901.0742225,50.6381962688115
target_validation,Batch3791_and_Batch3753,1,L10,treatment,FSK,0.79,uM,JNJ-47965567,0.1,uM,,,,2389.504662,1694.4630080000002,2901.0742225,57.602784198223596
target_validation,Batch3791_and_Batch3753,1,L11,treatment,FSK,0.79,uM,A-804598,0.1,uM,,,,2265.349069,1694.4630080000002,2901.0742225,47.313173799446716
target_validation,Batch3791_and_Batch3753,1,L12,treatment,FSK,0.79,uM,A-804598,0.1,uM,,,,2307.679133,1694.4630080000002,2901.0742225,50.821351370756716
target_validation,Batch3791_and_Batch3753,1,L13,stim_only,FSK,0.79,uM,DMSO,0.1,pct,,,,2346.793504,1694.4630080000002,2901.0742225,54.063022799793494
target_validation,Batch3791_and_Batch3753,1,L14,stim_only,FSK,0.79,uM,DMSO,0.1,pct,,,,3136.498864,1694.4630080000002,2901.0742225,119.51122604123618
target_validation,Batch3791_and_Batch3753,1,L15,solvent_ctrl,DMSO,0.1,pct,DMSO,0.1,pct,,,,1670.896656,1694.4630080000002,2901.0742225,-1.9531023511799364
target_validation,Batch3791_and_Batch3753,1,L16,solvent_ctrl,DMSO,0.1,pct,DMSO,0.1,pct,,,,1662.649147,1694.4630080000002,2901.0742225,-2.6366289835274936
target_validation,Batch3791_and_Batch3753,1,M03,ref_ctrl,FSK,0.79,uM,rapamycin,0.03,uM,,,,2055.335296,1694.4630080000002,2901.0742225,29.907917617816913
target_validation,Batch3791_and_Batch3753,1,M04,ref_ctrl,FSK,0.79,uM,rapamycin,0.03,uM,,,,1934.193935,1694.4630080000002,2901.0742225,19.868116931048124
target_validation,Batch3791_and_Batch3753,1,M05,treatment,FSK,0.79,uM,Z4509024390,0.001,uM,,,,2429.497767,1694.4630080000002,2901.0742225,60.91728223366349
target_validation,Batch3791_and_Batch3753,1,M06,treatment,FSK,0.79,uM,Z4509024390,0.001,uM,,,,2245.865669,1694.4630080000002,2901.0742225,45.6984531863888
target_validation,Batch3791_and_Batch3753,1,M07,treatment,FSK,0.79,uM,Z211311146,0.001,uM,,,,2419.518663,1694.4630080000002,2901.0742225,60.090246658319934
target_validation,Batch3791_and_Batch3753,1,M08,treatment,FSK,0.79,uM,Z211311146,0.001,uM,,,,2346.241639,1694.4630080000002,2901.0742225,54.01728602945948
target_validation,Batch3791_and_Batch3753,1,M09,treatment,FSK,0.79,uM,JNJ-47965567,0.001,uM,,,,2308.661087,1694.4630080000002,2901.0742225,50.90273251392857
target_validation,Batch3791_and_Batch3753,1,M10,treatment,FSK,0.79,uM,JNJ-47965567,0.001,uM,,,,2318.34508,1694.4630080000002,2901.0742225,51.70531025260913
target_validation,Batch3791_and_Batch3753,1,M11,treatment,FSK,0.79,uM,A-804598,0.001,uM,,,,2455.023785,1694.4630080000002,2901.0742225,63.03279530806978
target_validation,Batch3791_and_Batch3753,1,M12,treatment,FSK,0.79,uM,A-804598,0.001,uM,,,,2399.888459,1694.4630080000002,2901.0742225,58.46335940879818
target_validation,Batch3791_and_Batch3753,1,M13,tox_ctrl,FSK,2.5,uM,STS,1.0,uM,,,,898.1867424,1694.4630080000002,2901.0742225,-65.99277845515171
target_validation,Batch3791_and_Batch3753,1,M14,tox_ctrl,FSK,2.5,uM,STS,1.0,uM,,,,888.7343777,1694.4630080000002,2901.0742225,-66.77615959618619
target_validation,Batch3791_and_Batch3753,1,M15,stim_only,FSK,2.5,uM,DMSO,0.1,pct,,,,3080.981162,1694.4630080000002,2901.0742225,114.91010006686791
target_validation,Batch3791_and_Batch3753,1,M16,stim_only,FSK,2.5,uM,DMSO,0.1,pct,,,,3859.008563,1694.4630080000002,2901.0742225,179.39047217433267
target_validation,Batch3791_and_Batch3753,1,N03,ref_ctrl,FSK,0.79,uM,rapamycin,0.03,uM,,,,2900.627768,1694.4630080000002,2901.0742225,99.96299930792661
target_validation,Batch3791_and_Batch3753,1,N04,ref_ctrl,FSK,0.79,uM,rapamycin,0.03,uM,,,,1903.340176,1694.4630080000002,2901.0742225,17.311058068240737
target_validation,Batch3791_and_Batch3753,1,N05,treatment,FSK,0.79,uM,Z4509024390,0.001,uM,,,,3229.765483,1694.4630080000002,2901.0742225,127.24085907292057
target_validation,Batch3791_and_Batch3753,1,N06,treatment,FSK,0.79,uM,Z4509024390,0.001,uM,,,,2326.515996,1694.4630080000002,2901.0742225,52.38248910705778
target_validation,Batch3791_and_Batch3753,1,N07,treatment,FSK,0.79,uM,Z211311146,0.001,uM,,,,2435.69973,1694.4630080000002,2901.0742225,61.431280688631446
target_validation,Batch3791_and_Batch3753,1,N08,treatment,FSK,0.79,uM,Z211311146,0.001,uM,,,,2238.988259,1694.4630080000002,2901.0742225,45.12847588820418
target_validation,Batch3791_and_Batch3753,1,N09,treatment,FSK,0.79,uM,JNJ-47965567,0.001,uM,,,,2339.76894,1694.4630080000002,2901.0742225,53.48084985828713
target_validation,Batch3791_and_Batch3753,1,N10,treatment,FSK,0.79,uM,JNJ-47965567,0.001,uM,,,,2243.12847,1694.4630080000002,2901.0742225,45.471603065396515
target_validation,Batch3791_and_Batch3753,1,N11,treatment,FSK,0.79,uM,A-804598,0.001,uM,,,,3233.25124,1694.4630080000002,2901.0742225,127.52974723823108
target_validation,Batch3791_and_Batch3753,1,N12,treatment,FSK,0.79,uM,A-804598,0.001,uM,,,,2302.662044,1694.4630080000002,2901.0742225,50.40555140638469
target_validation,Batch3791_and_Batch3753,1,N13,tox_ctrl,FSK,2.5,uM,STS,1.0,uM,,,,821.2838161,1694.4630080000002,2901.0742225,-72.36624203445942
target_validation,Batch3791_and_Batch3753,1,N14,tox_ctrl,FSK,2.5,uM,STS,1.0,uM,,,,934.3503884,1694.4630080000002,2901.0742225,-62.995653485201416
target_validation,Batch3791_and_Batch3753,1,N15,stim_only,FSK,2.5,uM,DMSO,0.1,pct,,,,3857.451304,1694.4630080000002,2901.0742225,179.26141163011712
target_validation,Batch3791_and_Batch3753,1,N16,stim_only,FSK,2.5,uM,DMSO,0.1,pct,,,,2958.888618,1694.4630080000002,2901.0742225,104.79146843699421
target_validation,Batch3791_and_Batch3753,2,C03,ref_ctrl,FSK,2.5,uM,rapamycin,0.03,uM,DMSO,0.1,pct,2236.034943,1632.4567935,2985.790952,44.599343459193435
target_validation,Batch3791_and_Batch3753,2,C04,ref_ctrl,FSK,2.5,uM,rapamycin,0.03,uM,DMSO,0.1,pct,2271.393361,1632.4567935,2985.790952,47.21203285138243
target_validation,Batch3791_and_Batch3753,2,C05,treatment,FSK,2.5,uM,DMSO,0.1,pct,CPA,1.0,uM,2853.17957,1632.4567935,2985.790952,90.20113538351954
target_validation,Batch3791_and_Batch3753,2,C06,treatment,FSK,2.5,uM,DMSO,0.1,pct,CPA,1.0,uM,2779.597117,1632.4567935,2985.790952,84.7640116297264
target_validation,Batch3791_and_Batch3753,2,C07,treatment,FSK,2.5,uM,DPCPX,1.0,uM,DMSO,0.1,pct,3547.590988,1632.4567935,2985.790952,141.51229261978315
target_validation,Batch3791_and_Batch3753,2,C08,treatment,FSK,2.5,uM,DPCPX,1.0,uM,DMSO,0.1,pct,3227.692325,1632.4567935,2985.790952,117.8744747910684
target_validation,Batch3791_and_Batch3753,2,C09,treatment,FSK,2.5,uM,DPCPX,1.0,uM,CPA,0.1,uM,3275.801063,1632.4567935,2985.790952,121.42930548072766
target_validation,Batch3791_and_Batch3753,2,C10,treatment,FSK,2.5,uM,DPCPX,1.0,uM,CPA,0.1,uM,3164.6963,1632.4567935,2985.790952,113.21959893470023
target_validation,Batch3791_and_Batch3753,2,C11,treatment,FSK,2.5,uM,DPCPX,1.0,uM,CPA,1.0,uM,2867.972234,1632.4567935,2985.790952,91.29418870720095
target_validation,Batch3791_and_Batch3753,2,C12,treatment,FSK,2.5,uM,DPCPX,1.0,uM,CPA,1.0,uM,3454.565713,1632.4567935,2985.790952,134.63850801782598
target_validation,Batch3791_and_Batch3753,2,C13,treatment,FSK,2.5,uM,Capadenoson,1.0,uM,DMSO,0.1,pct,2303.096913,1632.4567935,2985.790952,49.554658418089424
target_validation,Batch3791_and_Batch3753,2,C14,treatment,FSK,2.5,uM,Capadenoson,1.0,uM,DMSO,0.1,pct,2486.078767,1632.4567935,2985.790952,63.07547682429979
target_validation,Batch3791_and_Batch3753,2,C15,treatment,FSK,2.5,uM,Capadenoson,1.0,uM,CPA,0.1,uM,2513.511439,1632.4567935,2985.790952,65.10252031741649
target_validation,Batch3791_and_Batch3753,2,C16,treatment,FSK,2.5,uM,Capadenoson,1.0,uM,CPA,0.1,uM,2328.113631,1632.4567935,2985.790952,51.40318325158126
target_validation,Batch3791_and_Batch3753,2,C17,treatment,FSK,2.5,uM,Capadenoson,1.0,uM,CPA,1.0,uM,2314.025092,1632.4567935,2985.790952,50.362158837063
target_validation,Batch3791_and_Batch3753,2,C18,treatment,FSK,2.5,uM,Capadenoson,1.0,uM,CPA,1.0,uM,2418.845897,1632.4567935,2985.790952,58.10753379428576
target_validation,Batch3791_and_Batch3753,2,C19,ref_ctrl,FSK,0.79,uM,rapamycin,0.03,uM,DMSO,0.1,pct,1876.718278,1632.4567935,2985.790952,18.048867160105754
target_validation,Batch3791_and_Batch3753,2,C20,ref_ctrl,FSK,0.79,uM,rapamycin,0.03,uM,DMSO,0.1,pct,1941.330701,1632.4567935,2985.790952,22.823181219511067
target_validation,Batch3791_and_Batch3753,2,C21,tox_ctrl,FSK,0.79,uM,STS,1.0,uM,DMSO,0.1,pct,1092.914733,1632.4567935,2985.790952,-39.86761562997968
target_validation,Batch3791_and_Batch3753,2,C22,tox_ctrl,FSK,0.79,uM,STS,1.0,uM,DMSO,0.1,pct,1039.87968,1632.4567935,2985.790952,-43.78645952133485
target_validation,Batch3791_and_Batch3753,2,D03,ref_ctrl,FSK,2.5,uM,rapamycin,0.03,uM,DMSO,0.1,pct,3234.821103,1632.4567935,2985.790952,118.40123146496344
target_validation,Batch3791_and_Batch3753,2,D04,ref_ctrl,FSK,2.5,uM,rapamycin,0.03,uM,DMSO,0.1,pct,2384.014606,1632.4567935,2985.790952,55.5337946492836
target_validation,Batch3791_and_Batch3753,2,D05,treatment,FSK,2.5,uM,DMSO,0.1,pct,CPA,1.0,uM,2741.980193,1632.4567935,2985.790952,81.98443765948882
target_validation,Batch3791_and_Batch3753,2,D06,treatment,FSK,2.5,uM,DMSO,0.1,pct,CPA,1.0,uM,2700.953557,1632.4567935,2985.790952,78.95291468031027
target_validation,Batch3791_and_Batch3753,2,D07,treatment,FSK,2.5,uM,DPCPX,1.0,uM,DMSO,0.1,pct,3248.72362,1632.4567935,2985.790952,119.42851041988241
target_validation,Batch3791_and_Batch3753,2,D08,treatment,FSK,2.5,uM,DPCPX,1.0,uM,DMSO,0.1,pct,3330.144301,1632.4567935,2985.790952,125.44481322940021
target_validation,Batch3791_and_Batch3753,2,D09,treatment,FSK,2.5,uM,DPCPX,1.0,uM,CPA,0.1,uM,2998.511917,1632.4567935,2985.790952,100.93997221012285
target_validation,Batch3791_and_Batch3753,2,D10,treatment,FSK,2.5,uM,DPCPX,1.0,uM,CPA,0.1,uM,3349.546496,1632.4567935,2985.790952,126.87847208432078
target_validation,Batch3791_and_Batch3753,2,D11,treatment,FSK,2.5,uM,DPCPX,1.0,uM,CPA,1.0,uM,3112.384299,1632.4567935,2985.790952,109.35418249845351
target_validation,Batch3791_and_Batch3753,2,D12,treatment,FSK,2.5,uM,DPCPX,1.0,uM,CPA,1.0,uM,3155.65852,1632.4567935,2985.790952,112.55178308572931
target_validation,Batch3791_and_Batch3753,2,D13,treatment,FSK,2.5,uM,Capadenoson,1.0,uM,DMSO,0.1,pct,2550.571334,1632.4567935,2985.790952,67.84093453442529
target_validation,Batch3791_and_Batch3753,2,D15,treatment,FSK,2.5,uM,Capadenoson,1.0,uM,CPA,0.1,uM,2594.622747,1632.4567935,2985.790952,71.09596306698114
target_validation,Batch3791_and_Batch3753,2,D16,treatment,FSK,2.5,uM,Capadenoson,1.0,uM,CPA,0.1,uM,2465.598227,1632.4567935,2985.790952,61.56213735293818
target_validation,Batch3791_and_Batch3753,2,D17,treatment,FSK,2.5,uM,Capadenoson,1.0,uM,CPA,1.0,uM,2675.15003,1632.4567935,2985.790952,77.0462512862081
target_validation,Batch3791_and_Batch3753,2,D18,treatment,FSK,2.5,uM,Capadenoson,1.0,uM,CPA,1.0,uM,2497.770665,1632.4567935,2985.790952,63.93940964728853
target_validation,Batch3791_and_Batch3753,2,D19,ref_ctrl,FSK,0.79,uM,rapamycin,0.03,uM,DMSO,0.1,pct,1908.815601,1632.4567935,2985.790952,20.420589088382197
target_validation,Batch3791_and_Batch3753,2,D20,ref_ctrl,FSK,0.79,uM,rapamycin,0.03,uM,DMSO,0.1,pct,1881.403567,1632.4567935,2985.790952,18.39507056970513
target_validation,Batch3791_and_Batch3753,2,D21,tox_ctrl,FSK,0.79,uM,STS,1.0,uM,DMSO,0.1,pct,1119.717007,1632.4567935,2985.790952,-37.88715324146605
target_validation,Batch3791_and_Batch3753,2,D22,tox_ctrl,FSK,0.79,uM,STS,1.0,uM,DMSO,0.1,pct,1073.392496,1632.4567935,2985.790952,-41.310144578014075
target_validation,Batch3791_and_Batch3753,2,E03,tox_ctrl,FSK,2.5,uM,STS,1.0,uM,DMSO,0.1,pct,825.8470207,1632.4567935,2985.790952,-59.60167100888262
target_validation,Batch3791_and_Batch3753,2,E04,tox_ctrl,FSK,2.5,uM,STS,1.0,uM,DMSO,0.1,pct,786.0579287,1632.4567935,2985.790952,-62.54174990588624
target_validation,Batch3791_and_Batch3753,2,E06,treatment,FSK,2.5,uM,DMSO,0.1,pct,CPA,0.1,uM,2624.219877,1632.4567935,2985.790952,73.28294178277775
target_validation,Batch3791_and_Batch3753,2,E07,treatment,FSK,2.5,uM,DPCPX,0.1,uM,DMSO,0.1,pct,3111.564523,1632.4567935,2985.790952,109.2936079541068
target_validation,Batch3791_and_Batch3753,2,E08,treatment,FSK,2.5,uM,DPCPX,0.1,uM,DMSO,0.1,pct,3126.616081,1632.4567935,2985.790952,110.4057913646462
target_validation,Batch3791_and_Batch3753,2,E09,treatment,FSK,2.5,uM,DPCPX,0.1,uM,CPA,0.1,uM,3009.098044,1632.4567935,2985.790952,101.72219786618206
target_validation,Batch3791_and_Batch3753,2,E10,treatment,FSK,2.5,uM,DPCPX,0.1,uM,CPA,0.1,uM,3135.034199,1632.4567935,2985.790952,111.02781940902294
target_validation,Batch3791_and_Batch3753,2,E11,treatment,FSK,2.5,uM,DPCPX,0.1,uM,CPA,1.0,uM,2688.209889,1632.4567935,2985.790952,78.01126490963395
target_validation,Batch3791_and_Batch3753,2,E12,treatment,FSK,2.5,uM,DPCPX,0.1,uM,CPA,1.0,uM,2747.909848,1632.4567935,2985.790952,82.4225892396257
target_validation,Batch3791_and_Batch3753,2,E13,treatment,FSK,2.5,uM,Capadenoson,0.1,uM,DMSO,0.1,pct,2618.878652,1632.4567935,2985.790952,72.8882702253909
target_validation,Batch3791_and_Batch3753,2,E14,treatment,FSK,2.5,uM,Capadenoson,0.1,uM,DMSO,0.1,pct,2638.973257,1632.4567935,2985.790952,74.37309234960837
target_validation,Batch3791_and_Batch3753,2,E15,treatment,FSK,2.5,uM,Capadenoson,0.1,uM,CPA,0.1,uM,2766.424187,1632.4567935,2985.790952,83.79064301139489
target_validation,Batch3791_and_Batch3753,2,E16,treatment,FSK,2.5,uM,Capadenoson,0.1,uM,CPA,0.1,uM,2618.233191,1632.4567935,2985.790952,72.84057609190981
target_validation,Batch3791_and_Batch3753,2,E17,treatment,FSK,2.5,uM,Capadenoson,0.1,uM,CPA,1.0,uM,2894.182485,1632.4567935,2985.790952,93.23090558051557
target_validation,Batch3791_and_Batch3753,2,E18,treatment,FSK,2.5,uM,Capadenoson,0.1,uM,CPA,1.0,uM,2841.399577,1632.4567935,2985.790952,89.33069308174122
target_validation,Batch3791_and_Batch3753,2,E19,ref_ctrl,FSK,2.5,uM,rapamycin,0.03,uM,DMSO,0.1,pct,2194.487574,1632.4567935,2985.790952,41.52934269559415
target_validation,Batch3791_and_Batch3753,2,E20,ref_ctrl,FSK,2.5,uM,rapamycin,0.03,uM,DMSO,0.1,pct,2162.332256,1632.4567935,2985.790952,39.15333542510301
target_validation,Batch3791_and_Batch3753,2,E21,ref_ctrl,DMSO,0.1,pct,rapamycin,0.03,uM,DMSO,0.1,pct,1502.144089,1632.4567935,2985.790952,-9.629011702803341
target_validation,Batch3791_and_Batch3753,2,E22,ref_ctrl,DMSO,0.1,pct,rapamycin,0.03,uM,DMSO,0.1,pct,1541.256934,1632.4567935,2985.790952,-6.738901765479971
target_validation,Batch3791_and_Batch3753,2,F03,tox_ctrl,FSK,2.5,uM,STS,1.0,uM,DMSO,0.1,pct,831.7167351,1632.4567935,2985.790952,-59.167948534419565
target_validation,Batch3791_and_Batch3753,2,F04,tox_ctrl,FSK,2.5,uM,STS,1.0,uM,DMSO,0.1,pct,1001.458209,1632.4567935,2985.790952,-46.625482741038795
target_validation,Batch3791_and_Batch3753,2,F05,treatment,FSK,2.5,uM,DMSO,0.1,pct,CPA,0.1,uM,2953.332879,1632.4567935,2985.790952,97.60162168403586
target_validation,Batch3791_and_Batch3753,2,F06,treatment,FSK,2.5,uM,DMSO,0.1,pct,CPA,0.1,uM,2699.05227,1632.4567935,2985.790952,78.81242557877846
target_validation,Batch3791_and_Batch3753,2,F07,treatment,FSK,2.5,uM,DPCPX,0.1,uM,DMSO,0.1,pct,3001.25113,1632.4567935,2985.790952,101.14237698818864
target_validation,Batch3791_and_Batch3753,2,F08,treatment,FSK,2.5,uM,DPCPX,0.1,uM,DMSO,0.1,pct,3181.984162,1632.4567935,2985.790952,114.49702638241658
target_validation,Batch3791_and_Batch3753,2,F09,treatment,FSK,2.5,uM,DPCPX,0.1,uM,CPA,0.1,uM,3165.826217,1632.4567935,2985.790952,113.30309028773398
target_validation,Batch3791_and_Batch3753,2,F10,treatment,FSK,2.5,uM,DPCPX,0.1,uM,CPA,0.1,uM,2786.590072,1632.4567935,2985.790952,85.28073212747479
target_validation,Batch3791_and_Batch3753,2,F11,treatment,FSK,2.5,uM,DPCPX,0.1,uM,CPA,1.0,uM,2824.312882,1632.4567935,2985.790952,88.06813018161178
target_validation,Batch3791_and_Batch3753,2,F12,treatment,FSK,2.5,uM,DPCPX,0.1,uM,CPA,1.0,uM,2893.96767,1632.4567935,2985.790952,93.21503256063718
target_validation,Batch3791_and_Batch3753,2,F13,treatment,FSK,2.5,uM,Capadenoson,0.1,uM,DMSO,0.1,pct,2632.591075,1632.4567935,2985.790952,73.9015028341945
target_validation,Batch3791_and_Batch3753,2,F14,treatment,FSK,2.5,uM,Capadenoson,0.1,uM,DMSO,0.1,pct,2516.11437,1632.4567935,2985.790952,65.29485500310011
target_validation,Batch3791_and_Batch3753,2,F15,treatment,FSK,2.5,uM,Capadenoson,0.1,uM,CPA,0.1,uM,2660.816696,1632.4567935,2985.790952,75.98713858222622
target_validation,Batch3791_and_Batch3753,2,F16,treatment,FSK,2.5,uM,Capadenoson,0.1,uM,CPA,0.1,uM,2665.897004,1632.4567935,2985.790952,76.36253057008759
target_validation,Batch3791_and_Batch3753,2,F17,treatment,FSK,2.5,uM,Capadenoson,0.1,uM,CPA,1.0,uM,2762.870059,1632.4567935,2985.790952,83.52802287595551
target_validation,Batch3791_and_Batch3753,2,F18,treatment,FSK,2.5,uM,Capadenoson,0.1,uM,CPA,1.0,uM,2887.518878,1632.4567935,2985.790952,92.7385211270421
target_validation,Batch3791_and_Batch3753,2,F19,ref_ctrl,FSK,2.5,uM,rapamycin,0.03,uM,DMSO,0.1,pct,2271.847601,1632.4567935,2985.790952,47.24559736293688
target_validation,Batch3791_and_Batch3753,2,F20,ref_ctrl,FSK,2.5,uM,rapamycin,0.03,uM,DMSO,0.1,pct,2182.453774,1632.4567935,2985.790952,40.640146193428116
target_validation,Batch3791_and_Batch3753,2,F21,ref_ctrl,DMSO,0.1,pct,rapamycin,0.03,uM,DMSO,0.1,pct,1546.940905,1632.4567935,2985.790952,-6.3189041644218635
target_validation,Batch3791_and_Batch3753,2,F22,ref_ctrl,DMSO,0.1,pct,rapamycin,0.03,uM,DMSO,0.1,pct,1483.094999,1632.4567935,2985.790952,-11.03657907116959
target_validation,Batch3791_and_Batch3753,2,G03,stim_only,FSK,2.5,uM,DMSO,0.1,pct,DMSO,0.1,pct,3023.567058,1632.4567935,2985.790952,102.79133617981462
target_validation,Batch3791_and_Batch3753,2,G04,stim_only,FSK,2.5,uM,DMSO,0.1,pct,DMSO,0.1,pct,2917.196177,1632.4567935,2985.790952,94.93142365696077
target_validation,Batch3791_and_Batch3753,2,G05,treatment,FSK,2.5,uM,DMSO,0.1,pct,CPA,0.001,uM,2834.074324,1632.4567935,2985.790952,88.78941855955529
target_validation,Batch3791_and_Batch3753,2,G06,treatment,FSK,2.5,uM,DMSO,0.1,pct,CPA,0.001,uM,3015.115426,1632.4567935,2985.790952,102.16683173300692
target_validation,Batch3791_and_Batch3753,2,G07,treatment,FSK,2.5,uM,DPCPX,0.001,uM,DMSO,0.1,pct,3016.365516,1632.4567935,2985.790952,102.25920285895155
target_validation,Batch3791_and_Batch3753,2,G08,treatment,FSK,2.5,uM,DPCPX,0.001,uM,DMSO,0.1,pct,3040.139142,1632.4567935,2985.790952,104.01587365977952
target_validation,Batch3791_and_Batch3753,2,G09,treatment,FSK,2.5,uM,DPCPX,0.001,uM,CPA,0.1,uM,2535.869515,1632.4567935,2985.790952,66.75459389138001
target_validation,Batch3791_and_Batch3753,2,G10,treatment,FSK,2.5,uM,DPCPX,0.001,uM,CPA,0.1,uM,2757.97793,1632.4567935,2985.790952,83.16653573183272
target_validation,Batch3791_and_Batch3753,2,G11,treatment,FSK,2.5,uM,DPCPX,0.001,uM,CPA,1.0,uM,2791.435286,1632.4567935,2985.790952,85.63875264809552
target_validation,Batch3791_and_Batch3753,2,G12,treatment,FSK,2.5,uM,DPCPX,0.001,uM,CPA,1.0,uM,2796.582022,1632.4567935,2985.790952,86.01905310587047
target_validation,Batch3791_and_Batch3753,2,G13,treatment,FSK,2.5,uM,Capadenoson,0.001,uM,DMSO,0.1,pct,2911.767641,1632.4567935,2985.790952,94.5303005517835
target_validation,Batch3791_and_Batch3753,2,G14,treatment,FSK,2.5,uM,Capadenoson,0.001,uM,DMSO,0.1,pct,2910.366377,1632.4567935,2985.790952,94.42675894003898
target_validation,Batch3791_and_Batch3753,2,G15,treatment,FSK,2.5,uM,Capadenoson,0.001,uM,CPA,0.1,uM,2735.269192,1632.4567935,2985.790952,81.48855118844621
target_validation,Batch3791_and_Batch3753,2,G16,treatment,FSK,2.5,uM,Capadenoson,0.001,uM,CPA,0.1,uM,2799.660973,1632.4567935,2985.790952,86.24656166173317
target_validation,Batch3791_and_Batch3753,2,G17,treatment,FSK,2.5,uM,Capadenoson,0.001,uM,CPA,1.0,uM,2912.559854,1632.4567935,2985.790952,94.58883842249521
target_validation,Batch3791_and_Batch3753,2,G18,treatment,FSK,2.5,uM,Capadenoson,0.001,uM,CPA,1.0,uM,2751.599217,1632.4567935,2985.790952,82.69520254631186
target_validation,Batch3791_and_Batch3753,2,G19,tox_ctrl,FSK,0.79,uM,STS,1.0,uM,DMSO,0.1,pct,863.6833057,1632.4567935,2985.790952,-56.80588810764139
target_validation,Batch3791_and_Batch3753,2,G20,tox_ctrl,FSK,0.79,uM,STS,1.0,uM,DMSO,0.1,pct,1154.337832,1632.4567935,2985.790952,-35.32896576185845
target_validation,Batch3791_and_Batch3753,2,G21,solvent_ctrl,DMSO,0.1,pct,DMSO,0.1,pct,DMSO,0.1,pct,1630.60588,1632.4567935,2985.790952,-0.13676692399838908
target_validation,Batch3791_and_Batch3753,2,G22,solvent_ctrl,DMSO,0.1,pct,DMSO,0.1,pct,DMSO,0.1,pct,1613.631599,1632.4567935,2985.790952,-1.3910233759905466
target_validation,Batch3791_and_Batch3753,2,H03,stim_only,FSK,2.5,uM,DMSO,0.1,pct,DMSO,0.1,pct,2985.790952,1632.4567935,2985.790952,100.0
target_validation,Batch3791_and_Batch3753,2,H04,stim_only,FSK,2.5,uM,DMSO,0.1,pct,DMSO,0.1,pct,2927.725999,1632.4567935,2985.790952,95.70948884757644
target_validation,Batch3791_and_Batch3753,2,H05,treatment,FSK,2.5,uM,DMSO,0.1,pct,CPA,0.001,uM,2693.024848,1632.4567935,2985.790952,78.36704984048477
target_validation,Batch3791_and_Batch3753,2,H06,treatment,FSK,2.5,uM,DMSO,0.1,pct,CPA,0.001,uM,2976.33615,1632.4567935,2985.790952,99.30136973632001
target_validation,Batch3791_and_Batch3753,2,H07,treatment,FSK,2.5,uM,DPCPX,0.001,uM,DMSO,0.1,pct,3116.696426,1632.4567935,2985.790952,109.67281237806725
target_validation,Batch3791_and_Batch3753,2,H08,treatment,FSK,2.5,uM,DPCPX,0.001,uM,DMSO,0.1,pct,3059.613017,1632.4567935,2985.790952,105.45482906319477
target_validation,Batch3791_and_Batch3753,2,H09,treatment,FSK,2.5,uM,DPCPX,0.001,uM,CPA,0.1,uM,2681.707791,1632.4567935,2985.790952,77.53081461144542
target_validation,Batch3791_and_Batch3753,2,H10,treatment,FSK,2.5,uM,DPCPX,0.001,uM,CPA,0.1,uM,2865.892364,1632.4567935,2985.790952,91.14050382553762
target_validation,Batch3791_and_Batch3753,2,H11,treatment,FSK,2.5,uM,DPCPX,0.001,uM,CPA,1.0,uM,3148.365395,1632.4567935,2985.790952,112.01288255224367
target_validation,Batch3791_and_Batch3753,2,H12,treatment,FSK,2.5,uM,DPCPX,0.001,uM,CPA,1.0,uM,2914.804377,1632.4567935,2985.790952,94.75468977457278
target_validation,Batch3791_and_Batch3753,2,H13,treatment,FSK,2.5,uM,Capadenoson,0.001,uM,DMSO,0.1,pct,2964.184005,1632.4567935,2985.790952,98.40342853505238
target_validation,Batch3791_and_Batch3753,2,H14,treatment,FSK,2.5,uM,Capadenoson,0.001,uM,DMSO,0.1,pct,2953.962708,1632.4567935,2985.790952,97.64816074432959
target_validation,Batch3791_and_Batch3753,2,H15,treatment,FSK,2.5,uM,Capadenoson,0.001,uM,CPA,0.1,uM,2774.99432,1632.4567935,2985.790952,84.42390368439074
target_validation,Batch3791_and_Batch3753,2,H16,treatment,FSK,2.5,uM,Capadenoson,0.001,uM,CPA,0.1,uM,2749.708539,1632.4567935,2985.790952,82.55549736055822
target_validation,Batch3791_and_Batch3753,2,H17,treatment,FSK,2.5,uM,Capadenoson,0.001,uM,CPA,1.0,uM,2789.938675,1632.4567935,2985.790952,85.52816569581917
target_validation,Batch3791_and_Batch3753,2,H18,treatment,FSK,2.5,uM,Capadenoson,0.001,uM,CPA,1.0,uM,2794.751002,1632.4567935,2985.790952,85.88375614402997
target_validation,Batch3791_and_Batch3753,2,H19,tox_ctrl,FSK,0.79,uM,STS,1.0,uM,DMSO,0.1,pct,1010.981299,1632.4567935,2985.790952,-45.921806569105385
target_validation,Batch3791_and_Batch3753,2,H20,tox_ctrl,FSK,0.79,uM,STS,1.0,uM,DMSO,0.1,pct,891.05632,1632.4567935,2985.790952,-54.78325281627036
target_validation,Batch3791_and_Batch3753,2,H21,solvent_ctrl,DMSO,0.1,pct,DMSO,0.1,pct,DMSO,0.1,pct,1641.557345,1632.4567935,2985.790952,0.6724541343201409
target_validation,Batch3791_and_Batch3753,2,H22,solvent_ctrl,DMSO,0.1,pct,DMSO,0.1,pct,DMSO,0.1,pct,1636.447949,1632.4567935,2985.790952,0.294912788163405
target_validation,Batch3791_and_Batch3753,2,I03,solvent_ctrl,DMSO,0.1,pct,DMSO,0.1,pct,DMSO,0.1,pct,1570.157736,1632.4567935,2985.790952,-4.6033758261928845
target_validation,Batch3791_and_Batch3753,2,I04,solvent_ctrl,DMSO,0.1,pct,DMSO,0.1,pct,DMSO,0.1,pct,1696.739458,1632.4567935,2985.790952,4.749947682636581
target_validation,Batch3791_and_Batch3753,2,I05,treatment,FSK,0.79,uM,DMSO,0.1,pct,CPA,1.0,uM,2063.254121,1632.4567935,2985.790952,31.83229543082578
target_validation,Batch3791_and_Batch3753,2,I06,treatment,FSK,0.79,uM,DMSO,0.1,pct,CPA,1.0,uM,2203.698183,1632.4567935,2985.790952,42.20992915254197
target_validation,Batch3791_and_Batch3753,2,I07,treatment,FSK,0.79,uM,DPCPX,1.0,uM,DMSO,0.1,pct,2736.306549,1632.4567935,2985.790952,81.56520313678317
target_validation,Batch3791_and_Batch3753,2,I08,treatment,FSK,0.79,uM,DPCPX,1.0,uM,DMSO,0.1,pct,2641.536147,1632.4567935,2985.790952,74.56246834251468
target_validation,Batch3791_and_Batch3753,2,I09,treatment,FSK,0.79,uM,DPCPX,1.0,uM,CPA,0.1,uM,2449.88842,1632.4567935,2985.790952,60.401314883385496
target_validation,Batch3791_and_Batch3753,2,I10,treatment,FSK,0.79,uM,DPCPX,1.0,uM,CPA,0.1,uM,2785.971596,1632.4567935,2985.790952,85.23503195829518
target_validation,Batch3791_and_Batch3753,2,I11,treatment,FSK,0.79,uM,DPCPX,1.0,uM,CPA,1.0,uM,2330.970234,1632.4567935,2985.790952,51.614262162289165
target_validation,Batch3791_and_Batch3753,2,I12,treatment,FSK,0.79,uM,DPCPX,1.0,uM,CPA,1.0,uM,2581.085318,1632.4567935,2985.790952,70.09566104142638
target_validation,Batch3791_and_Batch3753,2,I13,treatment,FSK,0.79,uM,Capadenoson,1.0,uM,DMSO,0.1,pct,1807.148063,1632.4567935,2985.790952,12.908214013723212
target_validation,Batch3791_and_Batch3753,2,I14,treatment,FSK,0.79,uM,Capadenoson,1.0,uM,DMSO,0.1,pct,1905.562624,1632.4567935,2985.790952,20.180221476320618
target_validation,Batch3791_and_Batch3753,2,I15,treatment,FSK,0.79,uM,Capadenoson,1.0,uM,CPA,0.1,uM,1804.768197,1632.4567935,2985.790952,12.732361953457639
target_validation,Batch3791_and_Batch3753,2,I16,treatment,FSK,0.79,uM,Capadenoson,1.0,uM,CPA,0.1,uM,1854.208279,1632.4567935,2985.790952,16.385567755548525
target_validation,Batch3791_and_Batch3753,2,I17,treatment,FSK,0.79,uM,Capadenoson,1.0,uM,CPA,1.0,uM,1854.065942,1632.4567935,2985.790952,16.375050249646083
target_validation,Batch3791_and_Batch3753,2,I18,treatment,FSK,0.79,uM,Capadenoson,1.0,uM,CPA,1.0,uM,1959.826606,1632.4567935,2985.790952,24.189872873884173
target_validation,Batch3791_and_Batch3753,2,I19,ref_ctrl,DMSO,0.1,pct,rapamycin,0.03,uM,DMSO,0.1,pct,1516.22813,1632.4567935,2985.790952,-8.588319652614462
target_validation,Batch3791_and_Batch3753,2,I20,ref_ctrl,DMSO,0.1,pct,rapamycin,0.03,uM,DMSO,0.1,pct,1568.606909,1632.4567935,2985.790952,-4.717968884400986
target_validation,Batch3791_and_Batch3753,2,I21,stim_only,FSK,2.5,uM,DMSO,0.1,pct,DMSO,0.1,pct,2909.954318,1632.4567935,2985.790952,94.39631124924422
target_validation,Batch3791_and_Batch3753,2,J03,solvent_ctrl,DMSO,0.1,pct,DMSO,0.1,pct,DMSO,0.1,pct,1559.650759,1632.4567935,2985.790952,-5.379752963650618
target_validation,Batch3791_and_Batch3753,2,J04,solvent_ctrl,DMSO,0.1,pct,DMSO,0.1,pct,DMSO,0.1,pct,1660.031851,1632.4567935,2985.790952,2.0375645827608038
target_validation,Batch3791_and_Batch3753,2,J05,treatment,FSK,0.79,uM,DMSO,0.1,pct,CPA,1.0,uM,2205.760243,1632.4567935,2985.790952,42.36229802515549
target_validation,Batch3791_and_Batch3753,2,J06,treatment,FSK,0.79,uM,DMSO,0.1,pct,CPA,1.0,uM,2221.916772,1632.4567935,2985.790952,43.55612948935997
target_validation,Batch3791_and_Batch3753,2,J07,treatment,FSK,0.79,uM,DPCPX,1.0,uM,DMSO,0.1,pct,2509.566154,1632.4567935,2985.790952,64.81099697299928
target_validation,Batch3791_and_Batch3753,2,J08,treatment,FSK,0.79,uM,DPCPX,1.0,uM,DMSO,0.1,pct,2621.42941,1632.4567935,2985.790952,73.07674976564188
target_validation,Batch3791_and_Batch3753,2,J09,treatment,FSK,0.79,uM,DPCPX,1.0,uM,CPA,0.1,uM,2553.510856,1632.4567935,2985.790952,68.05814046110179
target_validation,Batch3791_and_Batch3753,2,J10,treatment,FSK,0.79,uM,DPCPX,1.0,uM,CPA,0.1,uM,2651.086344,1632.4567935,2985.790952,75.26814749352239
target_validation,Batch3791_and_Batch3753,2,J11,treatment,FSK,0.79,uM,DPCPX,1.0,uM,CPA,1.0,uM,2506.316071,1632.4567935,2985.790952,64.57084320317186
target_validation,Batch3791_and_Batch3753,2,J12,treatment,FSK,0.79,uM,DPCPX,1.0,uM,CPA,1.0,uM,2530.655164,1632.4567935,2985.790952,66.36929725438537
target_validation,Batch3791_and_Batch3753,2,J13,treatment,FSK,0.79,uM,Capadenoson,1.0,uM,DMSO,0.1,pct,1927.018233,1632.4567935,2985.790952,21.765610337249168
target_validation,Batch3791_and_Batch3753,2,J14,treatment,FSK,0.79,uM,Capadenoson,1.0,uM,DMSO,0.1,pct,1882.694231,1632.4567935,2985.790952,18.49043977263949
target_validation,Batch3791_and_Batch3753,2,J15,treatment,FSK,0.79,uM,Capadenoson,1.0,uM,CPA,0.1,uM,1910.581306,1632.4567935,2985.790952,20.551059821638287
target_validation,Batch3791_and_Batch3753,2,J16,treatment,FSK,0.79,uM,Capadenoson,1.0,uM,CPA,0.1,uM,1825.69798,1632.4567935,2985.790952,14.278896700145614
target_validation,Batch3791_and_Batch3753,2,J17,treatment,FSK,0.79,uM,Capadenoson,1.0,uM,CPA,1.0,uM,2149.37859,1632.4567935,2985.790952,38.19616857029179
target_validation,Batch3791_and_Batch3753,2,J18,treatment,FSK,0.79,uM,Capadenoson,1.0,uM,CPA,1.0,uM,1968.202781,1632.4567935,2985.790952,24.8088016836974
target_validation,Batch3791_and_Batch3753,2,J19,ref_ctrl,DMSO,0.1,pct,rapamycin,0.03,uM,DMSO,0.1,pct,1512.329155,1632.4567935,2985.790952,-8.876421077935875
target_validation,Batch3791_and_Batch3753,2,J20,ref_ctrl,DMSO,0.1,pct,rapamycin,0.03,uM,DMSO,0.1,pct,1520.365012,1632.4567935,2985.790952,-8.282638903036307
target_validation,Batch3791_and_Batch3753,2,J21,stim_only,FSK,2.5,uM,DMSO,0.1,pct,DMSO,0.1,pct,3138.975058,1632.4567935,2985.790952,111.3190157093046
target_validation,Batch3791_and_Batch3753,2,J22,stim_only,FSK,2.5,uM,DMSO,0.1,pct,DMSO,0.1,pct,3018.292779,1632.4567935,2985.790952,102.40161136818007
target_validation,Batch3791_and_Batch3753,2,K03,stim_only,FSK,0.79,uM,DMSO,0.1,pct,DMSO,0.1,pct,2268.942225,1632.4567935,2985.790952,47.0309145381702
target_validation,Batch3791_and_Batch3753,2,K04,stim_only,FSK,0.79,uM,DMSO,0.1,pct,DMSO,0.1,pct,2391.880251,1632.4567935,2985.790952,56.11499959047255
target_validation,Batch3791_and_Batch3753,2,K05,treatment,FSK,0.79,uM,DMSO,0.1,pct,CPA,0.1,uM,2103.062912,1632.4567935,2985.790952,34.77382991807488
target_validation,Batch3791_and_Batch3753,2,K06,treatment,FSK,0.79,uM,DMSO,0.1,pct,CPA,0.1,uM,2209.040555,1632.4567935,2985.790952,42.60468546357172
target_validation,Batch3791_and_Batch3753,2,K07,treatment,FSK,0.79,uM,DPCPX,0.1,uM,DMSO,0.1,pct,2396.319834,1632.4567935,2985.790952,56.44304739537837
target_validation,Batch3791_and_Batch3753,2,K08,treatment,FSK,0.79,uM,DPCPX,0.1,uM,DMSO,0.1,pct,2426.417388,1632.4567935,2985.790952,58.66700323148608
target_validation,Batch3791_and_Batch3753,2,K09,treatment,FSK,0.79,uM,DPCPX,0.1,uM,CPA,0.1,uM,2462.196541,1632.4567935,2985.790952,61.310781397822815
target_validation,Batch3791_and_Batch3753,2,K10,treatment,FSK,0.79,uM,DPCPX,0.1,uM,CPA,0.1,uM,2466.427716,1632.4567935,2985.790952,61.62342960620692
target_validation,Batch3791_and_Batch3753,2,K11,treatment,FSK,0.79,uM,DPCPX,0.1,uM,CPA,1.0,uM,2234.941654,1632.4567935,2985.790952,44.518558606972476
target_validation,Batch3791_and_Batch3753,2,K12,treatment,FSK,0.79,uM,DPCPX,0.1,uM,CPA,1.0,uM,2384.516663,1632.4567935,2985.790952,55.57089243454576
target_validation,Batch3791_and_Batch3753,2,K13,treatment,FSK,0.79,uM,Capadenoson,0.1,uM,DMSO,0.1,pct,1984.989453,1632.4567935,2985.790952,26.04919541015191
target_validation,Batch3791_and_Batch3753,2,K14,treatment,FSK,0.79,uM,Capadenoson,0.1,uM,DMSO,0.1,pct,1989.346272,1632.4567935,2985.790952,26.371127652284112
target_validation,Batch3791_and_Batch3753,2,K15,treatment,FSK,0.79,uM,Capadenoson,0.1,uM,CPA,0.1,uM,2085.268836,1632.4567935,2985.790952,33.458997517795986
target_validation,Batch3791_and_Batch3753,2,K16,treatment,FSK,0.79,uM,Capadenoson,0.1,uM,CPA,0.1,uM,2087.836859,1632.4567935,2985.790952,33.648752796185335
target_validation,Batch3791_and_Batch3753,2,K17,treatment,FSK,0.79,uM,Capadenoson,0.1,uM,CPA,1.0,uM,2142.382924,1632.4567935,2985.790952,37.67924775246853
target_validation,Batch3791_and_Batch3753,2,K18,treatment,FSK,0.79,uM,Capadenoson,0.1,uM,CPA,1.0,uM,1985.492006,1632.4567935,2985.790952,26.086329845638044
target_validation,Batch3791_and_Batch3753,2,K19,stim_only,FSK,0.79,uM,DMSO,0.1,pct,DMSO,0.1,pct,2250.476655,1632.4567935,2985.790952,45.66646438489346
target_validation,Batch3791_and_Batch3753,2,K20,stim_only,FSK,0.79,uM,DMSO,0.1,pct,DMSO,0.1,pct,2492.587464,1632.4567935,2985.790952,63.556414733028426
target_validation,Batch3791_and_Batch3753,2,K21,solvent_ctrl,DMSO,0.1,pct,DMSO,0.1,pct,DMSO,0.1,pct,1634.307707,1632.4567935,2985.790952,0.13676692399838908
target_validation,Batch3791_and_Batch3753,2,K22,solvent_ctrl,DMSO,0.1,pct,DMSO,0.1,pct,DMSO,0.1,pct,1620.388573,1632.4567935,2985.790952,-0.8917398873147598
target_validation,Batch3791_and_Batch3753,2,L03,stim_only,FSK,0.79,uM,DMSO,0.1,pct,DMSO,0.1,pct,2317.937292,1632.4567935,2985.790952,50.65123747853736
target_validation,Batch3791_and_Batch3753,2,L04,stim_only,FSK,0.79,uM,DMSO,0.1,pct,DMSO,0.1,pct,2154.523911,1632.4567935,2985.790952,38.576364471480254
target_validation,Batch3791_and_Batch3753,2,L05,treatment,FSK,0.79,uM,DMSO,0.1,pct,CPA,0.1,uM,2135.187015,1632.4567935,2985.790952,37.14753066287878
target_validation,Batch3791_and_Batch3753,2,L06,treatment,FSK,0.79,uM,DMSO,0.1,pct,CPA,0.1,uM,2263.278297,1632.4567935,2985.790952,46.61239794606129
target_validation,Batch3791_and_Batch3753,2,L07,treatment,FSK,0.79,uM,DPCPX,0.1,uM,DMSO,0.1,pct,2522.39076,1632.4567935,2985.790952,65.75862738042312
target_validation,Batch3791_and_Batch3753,2,L08,treatment,FSK,0.79,uM,DPCPX,0.1,uM,DMSO,0.1,pct,2485.361549,1632.4567935,2985.790952,63.02248045267235
target_validation,Batch3791_and_Batch3753,2,L09,treatment,FSK,0.79,uM,DPCPX,0.1,uM,CPA,0.1,uM,2174.700666,1632.4567935,2985.790952,40.067256789040854
target_validation,Batch3791_and_Batch3753,2,L10,treatment,FSK,0.79,uM,DPCPX,0.1,uM,CPA,0.1,uM,2385.10366,1632.4567935,2985.790952,55.61426657066088
target_validation,Batch3791_and_Batch3753,2,L11,treatment,FSK,0.79,uM,DPCPX,0.1,uM,CPA,1.0,uM,2153.380467,1632.4567935,2985.790952,38.49187358703619
target_validation,Batch3791_and_Batch3753,2,L12,treatment,FSK,0.79,uM,DPCPX,0.1,uM,CPA,1.0,uM,2136.165476,1632.4567935,2985.790952,37.21983069268699
target_validation,Batch3791_and_Batch3753,2,L13,treatment,FSK,0.79,uM,Capadenoson,0.1,uM,DMSO,0.1,pct,2021.040746,1632.4567935,2985.790952,28.713082431222762
target_validation,Batch3791_and_Batch3753,2,L14,treatment,FSK,0.79,uM,Capadenoson,0.1,uM,DMSO,0.1,pct,1962.938702,1632.4567935,2985.790952,24.419830566184586
target_validation,Batch3791_and_Batch3753,2,L15,treatment,FSK,0.79,uM,Capadenoson,0.1,uM,CPA,0.1,uM,1965.195904,1632.4567935,2985.790952,24.586618789612114
target_validation,Batch3791_and_Batch3753,2,L16,treatment,FSK,0.79,uM,Capadenoson,0.1,uM,CPA,0.1,uM,1927.963617,1632.4567935,2985.790952,21.835466255247123
target_validation,Batch3791_and_Batch3753,2,L17,treatment,FSK,0.79,uM,Capadenoson,0.1,uM,CPA,1.0,uM,2163.128851,1632.4567935,2985.790952,39.212197088720714
target_validation,Batch3791_and_Batch3753,2,L18,treatment,FSK,0.79,uM,Capadenoson,0.1,uM,CPA,1.0,uM,2114.628348,1632.4567935,2985.790952,35.628418264002626
target_validation,Batch3791_and_Batch3753,2,L19,stim_only,FSK,0.79,uM,DMSO,0.1,pct,DMSO,0.1,pct,2263.589674,1632.4567935,2985.790952,46.63540608474192
target_validation,Batch3791_and_Batch3753,2,L20,stim_only,FSK,0.79,uM,DMSO,0.1,pct,DMSO,0.1,pct,2512.325014,1632.4567935,2985.790952,65.01485349894833
target_validation,Batch3791_and_Batch3753,2,L21,solvent_ctrl,DMSO,0.1,pct,DMSO,0.1,pct,DMSO,0.1,pct,1499.983645,1632.4567935,2985.790952,-9.788650324678848
target_validation,Batch3791_and_Batch3753,2,L22,solvent_ctrl,DMSO,0.1,pct,DMSO,0.1,pct,DMSO,0.1,pct,1666.719485,1632.4567935,2985.790952,2.531724429240443
target_validation,Batch3791_and_Batch3753,2,M03,ref_ctrl,FSK,0.79,uM,rapamycin,0.03,uM,DMSO,0.1,pct,1813.427729,1632.4567935,2985.790952,13.37222845986415
target_validation,Batch3791_and_Batch3753,2,M04,ref_ctrl,FSK,0.79,uM,rapamycin,0.03,uM,DMSO,0.1,pct,1876.125546,1632.4567935,2985.790952,18.005069255776124
target_validation,Batch3791_and_Batch3753,2,M05,treatment,FSK,0.79,uM,DMSO,0.1,pct,CPA,0.001,uM,2055.784364,1632.4567935,2985.790952,31.280343279682327
target_validation,Batch3791_and_Batch3753,2,M07,treatment,FSK,0.79,uM,DPCPX,0.001,uM,DMSO,0.1,pct,2385.864376,1632.4567935,2985.790952,55.67047707825961
target_validation,Batch3791_and_Batch3753,2,M08,treatment,FSK,0.79,uM,DPCPX,0.001,uM,DMSO,0.1,pct,2300.603372,1632.4567935,2985.790952,49.37040673240349
target_validation,Batch3791_and_Batch3753,2,M09,treatment,FSK,0.79,uM,DPCPX,0.001,uM,CPA,0.1,uM,2039.787962,1632.4567935,2985.790952,30.098343852598486
target_validation,Batch3791_and_Batch3753,2,M10,treatment,FSK,0.79,uM,DPCPX,0.001,uM,CPA,0.1,uM,1907.785592,1632.4567935,2985.790952,20.34448009537919
target_validation,Batch3791_and_Batch3753,2,M11,treatment,FSK,0.79,uM,DPCPX,0.001,uM,CPA,1.0,uM,2167.02591,1632.4567935,2985.790952,39.50015693777376
target_validation,Batch3791_and_Batch3753,2,M12,treatment,FSK,0.79,uM,DPCPX,0.001,uM,CPA,1.0,uM,2160.519911,1632.4567935,2985.790952,39.019418388529495
target_validation,Batch3791_and_Batch3753,2,M13,treatment,FSK,0.79,uM,Capadenoson,0.001,uM,DMSO,0.1,pct,2125.500135,1632.4567935,2985.790952,36.43175178896512
target_validation,Batch3791_and_Batch3753,2,M14,treatment,FSK,0.79,uM,Capadenoson,0.001,uM,DMSO,0.1,pct,2480.621879,1632.4567935,2985.790952,62.67225874503041
target_validation,Batch3791_and_Batch3753,2,M15,treatment,FSK,0.79,uM,Capadenoson,0.001,uM,CPA,0.1,uM,1976.763556,1632.4567935,2985.790952,25.441370879282374
target_validation,Batch3791_and_Batch3753,2,M16,treatment,FSK,0.79,uM,Capadenoson,0.001,uM,CPA,0.1,uM,2103.845258,1632.4567935,2985.790952,34.83163870056117
target_validation,Batch3791_and_Batch3753,2,M17,treatment,FSK,0.79,uM,Capadenoson,0.001,uM,CPA,1.0,uM,2089.66106,1632.4567935,2985.790952,33.783545891337965
target_validation,Batch3791_and_Batch3753,2,M18,treatment,FSK,0.79,uM,Capadenoson,0.001,uM,CPA,1.0,uM,2184.909561,1632.4567935,2985.790952,40.82160817638152
target_validation,Batch3791_and_Batch3753,2,M19,tox_ctrl,FSK,2.5,uM,STS,1.0,uM,DMSO,0.1,pct,807.144704,1632.4567935,2985.790952,-60.9836147500152
target_validation,Batch3791_and_Batch3753,2,M20,tox_ctrl,FSK,2.5,uM,STS,1.0,uM,DMSO,0.1,pct,834.138368,1632.4567935,2985.790952,-58.989010251897824
target_validation,Batch3791_and_Batch3753,2,M21,stim_only,FSK,2.5,uM,DMSO,0.1,pct,DMSO,0.1,pct,3176.104598,1632.4567935,2985.790952,114.0625761054416
target_validation,Batch3791_and_Batch3753,2,M22,stim_only,FSK,2.5,uM,DMSO,0.1,pct,DMSO,0.1,pct,3045.417192,1632.4567935,2985.790952,104.40587711656435
target_validation,Batch3791_and_Batch3753,2,N03,ref_ctrl,FSK,0.79,uM,rapamycin,0.03,uM,DMSO,0.1,pct,2008.684135,1632.4567935,2985.790952,27.80003291404397
target_validation,Batch3791_and_Batch3753,2,N04,ref_ctrl,FSK,0.79,uM,rapamycin,0.03,uM,DMSO,0.1,pct,1935.452431,1632.4567935,2985.790952,22.38882655824134
target_validation,Batch3791_and_Batch3753,2,N05,treatment,FSK,0.79,uM,DMSO,0.1,pct,CPA,0.001,uM,2208.048737,1632.4567935,2985.790952,42.53139846392195
target_validation,Batch3791_and_Batch3753,2,N06,treatment,FSK,0.79,uM,DMSO,0.1,pct,CPA,0.001,uM,2223.027667,1632.4567935,2985.790952,43.63821527674829
target_validation,Batch3791_and_Batch3753,2,N07,treatment,FSK,0.79,uM,DPCPX,0.001,uM,DMSO,0.1,pct,2281.511818,1632.4567935,2985.790952,47.95970163196025
target_validation,Batch3791_and_Batch3753,2,N08,treatment,FSK,0.79,uM,DPCPX,0.001,uM,DMSO,0.1,pct,2541.212049,1632.4567935,2985.790952,67.14936217284583
target_validation,Batch3791_and_Batch3753,2,N09,treatment,FSK,0.79,uM,DPCPX,0.001,uM,CPA,0.1,uM,2014.707749,1632.4567935,2985.790952,28.24512727319887
target_validation,Batch3791_and_Batch3753,2,N10,treatment,FSK,0.79,uM,DPCPX,0.001,uM,CPA,0.1,uM,1919.508919,1632.4567935,2985.790952,21.21073525685343
target_validation,Batch3791_and_Batch3753,2,N11,treatment,FSK,0.79,uM,DPCPX,0.001,uM,CPA,1.0,uM,2067.783726,1632.4567935,2985.790952,32.16699510359696
target_validation,Batch3791_and_Batch3753,2,N12,treatment,FSK,0.79,uM,DPCPX,0.001,uM,CPA,1.0,uM,2039.206099,1632.4567935,2985.790952,30.055349075857972
target_validation,Batch3791_and_Batch3753,2,N13,treatment,FSK,0.79,uM,Capadenoson,0.001,uM,DMSO,0.1,pct,2369.50576,1632.4567935,2985.790952,54.461713086214104
target_validation,Batch3791_and_Batch3753,2,N14,treatment,FSK,0.79,uM,Capadenoson,0.001,uM,DMSO,0.1,pct,2211.137596,1632.4567935,2985.790952,42.75963913756486
target_validation,Batch3791_and_Batch3753,2,N15,treatment,FSK,0.79,uM,Capadenoson,0.001,uM,CPA,0.1,uM,2161.525125,1632.4567935,2985.790952,39.09369523979249
target_validation,Batch3791_and_Batch3753,2,N16,treatment,FSK,0.79,uM,Capadenoson,0.001,uM,CPA,0.1,uM,2074.921564,1632.4567935,2985.790952,32.6944212352119
target_validation,Batch3791_and_Batch3753,2,N17,treatment,FSK,0.79,uM,Capadenoson,0.001,uM,CPA,1.0,uM,2106.744907,1632.4567935,2985.790952,35.045898348245956
target_validation,Batch3791_and_Batch3753,2,N18,treatment,FSK,0.79,uM,Capadenoson,0.001,uM,CPA,1.0,uM,2091.090776,1632.4567935,2985.790952,33.889189866332636
target_validation,Batch3791_and_Batch3753,2,N19,tox_ctrl,FSK,2.5,uM,STS,1.0,uM,DMSO,0.1,pct,824.6569723,1632.4567935,2985.790952,-59.68960556610381
target_validation,Batch3791_and_Batch3753,2,N20,tox_ctrl,FSK,2.5,uM,STS,1.0,uM,DMSO,0.1,pct,790.849024,1632.4567935,2985.790952,-62.18772830154646
target_validation,Batch3791_and_Batch3753,2,N21,stim_only,FSK,2.5,uM,DMSO,0.1,pct,DMSO,0.1,pct,2868.488742,1632.4567935,2985.790952,91.33235429969383
target_validation,Batch3791_and_Batch3753,2,N22,stim_only,FSK,2.5,uM,DMSO,0.1,pct,DMSO,0.1,pct,2887.794663,1632.4567935,2985.790952,92.75889931658739
target_validation,Batch3791_and_Batch3753,3,C03,ref_ctrl,FSK,2.5,uM,rapamycin,0.03,uM,DMSO,0.1,pct,2190.618762,1609.2915684999998,2983.216596,42.311420336944124
target_validation,Batch3791_and_Batch3753,3,C04,ref_ctrl,FSK,2.5,uM,rapamycin,0.03,uM,DMSO,0.1,pct,2206.092819,1609.2915684999998,2983.216596,43.43768681366422
target_validation,Batch3791_and_Batch3753,3,C05,treatment,FSK,2.5,uM,DMSO,0.1,pct,Aldosterone,1.0,uM,2532.4929,1609.2915684999998,2983.216596,67.19444751507739
target_validation,Batch3791_and_Batch3753,3,C06,treatment,FSK,2.5,uM,DMSO,0.1,pct,Aldosterone,1.0,uM,2380.612194,1609.2915684999998,2983.216596,56.1399355904811
target_validation,Batch3791_and_Batch3753,3,C07,treatment,FSK,2.5,uM,Finerenone,1.0,uM,DMSO,0.1,pct,3427.951816,1609.2915684999998,2983.216596,132.36968619817935
target_validation,Batch3791_and_Batch3753,3,C08,treatment,FSK,2.5,uM,Finerenone,1.0,uM,DMSO,0.1,pct,3053.74768,1609.2915684999998,2983.216596,105.13354677935654
target_validation,Batch3791_and_Batch3753,3,C09,treatment,FSK,2.5,uM,Finerenone,1.0,uM,Aldosterone,0.1,uM,2829.877599,1609.2915684999998,2983.216596,88.83934756767503
target_validation,Batch3791_and_Batch3753,3,C10,treatment,FSK,2.5,uM,Finerenone,1.0,uM,Aldosterone,0.1,uM,2711.844024,1609.2915684999998,2983.216596,80.24837115793787
target_validation,Batch3791_and_Batch3753,3,C11,treatment,FSK,2.5,uM,Finerenone,1.0,uM,Aldosterone,1.0,uM,2674.099903,1609.2915684999998,2983.216596,77.50119643992
target_validation,Batch3791_and_Batch3753,3,C12,treatment,FSK,2.5,uM,Finerenone,1.0,uM,Aldosterone,1.0,uM,2667.332124,1609.2915684999998,2983.216596,77.00860922704167
target_validation,Batch3791_and_Batch3753,3,C13,treatment,FSK,2.5,uM,Esaxerenone,1.0,uM,DMSO,0.1,pct,2445.987668,1609.2915684999998,2983.216596,60.8982355480092
target_validation,Batch3791_and_Batch3753,3,C14,treatment,FSK,2.5,uM,Esaxerenone,1.0,uM,DMSO,0.1,pct,2495.29378,1609.2915684999998,2983.216596,64.4869402453621
target_validation,Batch3791_and_Batch3753,3,C15,treatment,FSK,2.5,uM,Esaxerenone,1.0,uM,Aldosterone,0.1,uM,2328.289423,1609.2915684999998,2983.216596,52.33166585576302
target_validation,Batch3791_and_Batch3753,3,C16,treatment,FSK,2.5,uM,Esaxerenone,1.0,uM,Aldosterone,0.1,uM,2131.577212,1609.2915684999998,2983.216596,38.01412981393558
target_validation,Batch3791_and_Batch3753,3,C17,treatment,FSK,2.5,uM,Esaxerenone,1.0,uM,Aldosterone,1.0,uM,1951.220415,1609.2915684999998,2983.216596,24.887009091185664
target_validation,Batch3791_and_Batch3753,3,C18,treatment,FSK,2.5,uM,Esaxerenone,1.0,uM,Aldosterone,1.0,uM,1986.17694,1609.2915684999998,2983.216596,27.43129093337665
target_validation,Batch3791_and_Batch3753,3,C19,ref_ctrl,FSK,0.79,uM,rapamycin,0.03,uM,DMSO,0.1,pct,1880.737624,1609.2915684999998,2983.216596,19.756977278005092
target_validation,Batch3791_and_Batch3753,3,C20,ref_ctrl,FSK,0.79,uM,rapamycin,0.03,uM,DMSO,0.1,pct,1830.547995,1609.2915684999998,2983.216596,16.10396652447617
target_validation,Batch3791_and_Batch3753,3,C21,tox_ctrl,FSK,0.79,uM,STS,1.0,uM,DMSO,0.1,pct,1056.405504,1609.2915684999998,2983.216596,-40.24135621912598
target_validation,Batch3791_and_Batch3753,3,C22,tox_ctrl,FSK,0.79,uM,STS,1.0,uM,DMSO,0.1,pct,1123.556652,1609.2915684999998,2983.216596,-35.353815293971685
target_validation,Batch3791_and_Batch3753,3,D03,ref_ctrl,FSK,2.5,uM,rapamycin,0.03,uM,DMSO,0.1,pct,2235.486496,1609.2915684999998,2983.216596,45.577081352060894
target_validation,Batch3791_and_Batch3753,3,D04,ref_ctrl,FSK,2.5,uM,rapamycin,0.03,uM,DMSO,0.1,pct,2336.200801,1609.2915684999998,2983.216596,52.90748897868811
target_validation,Batch3791_and_Batch3753,3,D05,treatment,FSK,2.5,uM,DMSO,0.1,pct,Aldosterone,1.0,uM,2541.100242,1609.2915684999998,2983.216596,67.82092580375532
target_validation,Batch3791_and_Batch3753,3,D06,treatment,FSK,2.5,uM,DMSO,0.1,pct,Aldosterone,1.0,uM,2238.327834,1609.2915684999998,2983.216596,45.78388579503478
target_validation,Batch3791_and_Batch3753,3,D07,treatment,FSK,2.5,uM,Finerenone,1.0,uM,DMSO,0.1,pct,3285.596559,1609.2915684999998,2983.216596,122.00847622305939
target_validation,Batch3791_and_Batch3753,3,D08,treatment,FSK,2.5,uM,Finerenone,1.0,uM,DMSO,0.1,pct,2911.996332,1609.2915684999998,2983.216596,94.81629182273558
target_validation,Batch3791_and_Batch3753,3,D09,treatment,FSK,2.5,uM,Finerenone,1.0,uM,Aldosterone,0.1,uM,2997.655443,1609.2915684999998,2983.216596,101.05091957064593
target_validation,Batch3791_and_Batch3753,3,D10,treatment,FSK,2.5,uM,Finerenone,1.0,uM,Aldosterone,0.1,uM,2753.141413,1609.2915684999998,2983.216596,83.2541675568247
target_validation,Batch3791_and_Batch3753,3,D11,treatment,FSK,2.5,uM,Finerenone,1.0,uM,Aldosterone,1.0,uM,2408.857993,1609.2915684999998,2983.216596,58.19578277534507
target_validation,Batch3791_and_Batch3753,3,D12,treatment,FSK,2.5,uM,Finerenone,1.0,uM,Aldosterone,1.0,uM,2460.668024,1609.2915684999998,2983.216596,61.966733152038756
target_validation,Batch3791_and_Batch3753,3,D13,treatment,FSK,2.5,uM,Esaxerenone,1.0,uM,DMSO,0.1,pct,2521.255211,1609.2915684999998,2983.216596,66.37652158934851
target_validation,Batch3791_and_Batch3753,3,D14,treatment,FSK,2.5,uM,Esaxerenone,1.0,uM,DMSO,0.1,pct,2445.593914,1609.2915684999998,2983.216596,60.869576487862616
target_validation,Batch3791_and_Batch3753,3,D15,treatment,FSK,2.5,uM,Esaxerenone,1.0,uM,Aldosterone,0.1,uM,2123.7516,1609.2915684999998,2983.216596,37.4445490985861
target_validation,Batch3791_and_Batch3753,3,D16,treatment,FSK,2.5,uM,Esaxerenone,1.0,uM,Aldosterone,0.1,uM,2379.116296,1609.2915684999998,2983.216596,56.03105788827332
target_validation,Batch3791_and_Batch3753,3,D17,treatment,FSK,2.5,uM,Esaxerenone,1.0,uM,Aldosterone,1.0,uM,1904.02085,1609.2915684999998,2983.216596,21.451627679880822
target_validation,Batch3791_and_Batch3753,3,D18,treatment,FSK,2.5,uM,Esaxerenone,1.0,uM,Aldosterone,1.0,uM,2136.118221,1609.2915684999998,2983.216596,38.34464340886316
target_validation,Batch3791_and_Batch3753,3,D19,ref_ctrl,FSK,0.79,uM,rapamycin,0.03,uM,DMSO,0.1,pct,1953.636272,1609.2915684999998,2983.216596,25.06284525048439
target_validation,Batch3791_and_Batch3753,3,D20,ref_ctrl,FSK,0.79,uM,rapamycin,0.03,uM,DMSO,0.1,pct,1945.708952,1609.2915684999998,2983.216596,24.485861802237242
target_validation,Batch3791_and_Batch3753,3,D21,tox_ctrl,FSK,0.79,uM,STS,1.0,uM,DMSO,0.1,pct,1056.719994,1609.2915684999998,2983.216596,-40.21846632384747
target_validation,Batch3791_and_Batch3753,3,D22,tox_ctrl,FSK,0.79,uM,STS,1.0,uM,DMSO,0.1,pct,1103.532218,1609.2915684999998,2983.216596,-36.81127720777324
target_validation,Batch3791_and_Batch3753,3,E03,tox_ctrl,FSK,2.5,uM,STS,1.0,uM,DMSO,0.1,pct,949.45536,1609.2915684999998,2983.216596,-48.02563424444203
target_validation,Batch3791_and_Batch3753,3,E04,tox_ctrl,FSK,2.5,uM,STS,1.0,uM,DMSO,0.1,pct,828.136064,1609.2915684999998,2983.216596,-56.855759147309044
target_validation,Batch3791_and_Batch3753,3,E05,treatment,FSK,2.5,uM,DMSO,0.1,pct,Aldosterone,0.1,uM,2470.767675,1609.2915684999998,2983.216596,62.70182792051948
target_validation,Batch3791_and_Batch3753,3,E06,treatment,FSK,2.5,uM,DMSO,0.1,pct,Aldosterone,0.1,uM,2721.604832,1609.2915684999998,2983.216596,80.95880351811991
target_validation,Batch3791_and_Batch3753,3,E07,treatment,FSK,2.5,uM,Finerenone,0.1,uM,DMSO,0.1,pct,3113.258556,1609.2915684999998,2983.216596,109.46499680820466
target_validation,Batch3791_and_Batch3753,3,E08,treatment,FSK,2.5,uM,Finerenone,0.1,uM,DMSO,0.1,pct,3191.140528,1609.2915684999998,2983.216596,115.13357190809305
target_validation,Batch3791_and_Batch3753,3,E09,treatment,FSK,2.5,uM,Finerenone,0.1,uM,Aldosterone,0.1,uM,2981.993131,1609.2915684999998,2983.216596,99.91095110901165
target_validation,Batch3791_and_Batch3753,3,E10,treatment,FSK,2.5,uM,Finerenone,0.1,uM,Aldosterone,0.1,uM,2925.418208,1609.2915684999998,2983.216596,95.79319199787994
target_validation,Batch3791_and_Batch3753,3,E11,treatment,FSK,2.5,uM,Finerenone,0.1,uM,Aldosterone,1.0,uM,2359.756247,1609.2915684999998,2983.216596,54.62195268875396
target_validation,Batch3791_and_Batch3753,3,E12,treatment,FSK,2.5,uM,Finerenone,0.1,uM,Aldosterone,1.0,uM,2588.948216,1609.2915684999998,2983.216596,71.30350112935837
target_validation,Batch3791_and_Batch3753,3,E13,treatment,FSK,2.5,uM,Esaxerenone,0.1,uM,DMSO,0.1,pct,3021.582662,1609.2915684999998,2983.216596,102.79244247190186
target_validation,Batch3791_and_Batch3753,3,E14,treatment,FSK,2.5,uM,Esaxerenone,0.1,uM,DMSO,0.1,pct,2791.090274,1609.2915684999998,2983.216596,86.01624410688596
target_validation,Batch3791_and_Batch3753,3,E15,treatment,FSK,2.5,uM,Esaxerenone,0.1,uM,Aldosterone,0.1,uM,2690.427759,1609.2915684999998,2983.216596,78.68960597269563
target_validation,Batch3791_and_Batch3753,3,E16,treatment,FSK,2.5,uM,Esaxerenone,0.1,uM,Aldosterone,0.1,uM,2609.223365,1609.2915684999998,2983.216596,72.77921112766103
target_validation,Batch3791_and_Batch3753,3,E17,treatment,FSK,2.5,uM,Esaxerenone,0.1,uM,Aldosterone,1.0,uM,2208.1858,1609.2915684999998,2983.216596,43.5900227095907
target_validation,Batch3791_and_Batch3753,3,E18,treatment,FSK,2.5,uM,Esaxerenone,0.1,uM,Aldosterone,1.0,uM,2372.396357,1609.2915684999998,2983.216596,55.54195267033958
target_validation,Batch3791_and_Batch3753,3,E19,ref_ctrl,FSK,2.5,uM,rapamycin,0.03,uM,DMSO,0.1,pct,2283.913012,1609.2915684999998,2983.216596,49.10176537998905
target_validation,Batch3791_and_Batch3753,3,E20,ref_ctrl,FSK,2.5,uM,rapamycin,0.03,uM,DMSO,0.1,pct,2206.634028,1609.2915684999998,2983.216596,43.477078264374214
target_validation,Batch3791_and_Batch3753,3,E21,ref_ctrl,DMSO,0.1,pct,rapamycin,0.03,uM,DMSO,0.1,pct,1592.490193,1609.2915684999998,2983.216596,-1.2228742590541184
target_validation,Batch3791_and_Batch3753,3,E22,ref_ctrl,DMSO,0.1,pct,rapamycin,0.03,uM,DMSO,0.1,pct,1557.716996,1609.2915684999998,2983.216596,-3.753812723962457
target_validation,Batch3791_and_Batch3753,3,F03,tox_ctrl,FSK,2.5,uM,STS,1.0,uM,DMSO,0.1,pct,919.0898958,1609.2915684999998,2983.216596,-50.235759512722
target_validation,Batch3791_and_Batch3753,3,F04,tox_ctrl,FSK,2.5,uM,STS,1.0,uM,DMSO,0.1,pct,957.261993,1609.2915684999998,2983.216596,-47.457434899954876
target_validation,Batch3791_and_Batch3753,3,F05,treatment,FSK,2.5,uM,DMSO,0.1,pct,Aldosterone,0.1,uM,2771.894003,1609.2915684999998,2983.216596,84.61905935402285
target_validation,Batch3791_and_Batch3753,3,F06,treatment,FSK,2.5,uM,DMSO,0.1,pct,Aldosterone,0.1,uM,2634.878932,1609.2915684999998,2983.216596,74.64653041266475
target_validation,Batch3791_and_Batch3753,3,F07,treatment,FSK,2.5,uM,Finerenone,0.1,uM,DMSO,0.1,pct,3278.829983,1609.2915684999998,2983.216596,121.51597656954392
target_validation,Batch3791_and_Batch3753,3,F09,treatment,FSK,2.5,uM,Finerenone,0.1,uM,Aldosterone,0.1,uM,2464.892002,1609.2915684999998,2983.216596,62.27417190709847
target_validation,Batch3791_and_Batch3753,3,F10,treatment,FSK,2.5,uM,Finerenone,0.1,uM,Aldosterone,0.1,uM,2740.219024,1609.2915684999998,2983.216596,82.31362213102999
target_validation,Batch3791_and_Batch3753,3,F11,treatment,FSK,2.5,uM,Finerenone,0.1,uM,Aldosterone,1.0,uM,2579.323927,1609.2915684999998,2983.216596,70.60300519199909
target_validation,Batch3791_and_Batch3753,3,F12,treatment,FSK,2.5,uM,Finerenone,0.1,uM,Aldosterone,1.0,uM,2356.254551,1609.2915684999998,2983.216596,54.36708463337167
target_validation,Batch3791_and_Batch3753,3,F13,treatment,FSK,2.5,uM,Esaxerenone,0.1,uM,DMSO,0.1,pct,2689.092251,1609.2915684999998,2983.216596,78.59240212435827
target_validation,Batch3791_and_Batch3753,3,F14,treatment,FSK,2.5,uM,Esaxerenone,0.1,uM,DMSO,0.1,pct,2757.747072,1609.2915684999998,2983.216596,83.58938664868306
target_validation,Batch3791_and_Batch3753,3,F15,treatment,FSK,2.5,uM,Esaxerenone,0.1,uM,Aldosterone,0.1,uM,2640.728398,1609.2915684999998,2983.216596,75.07227897120465
target_validation,Batch3791_and_Batch3753,3,F16,treatment,FSK,2.5,uM,Esaxerenone,0.1,uM,Aldosterone,0.1,uM,2445.591621,1609.2915684999998,2983.216596,60.869409593748735
target_validation,Batch3791_and_Batch3753,3,F17,treatment,FSK,2.5,uM,Esaxerenone,0.1,uM,Aldosterone,1.0,uM,2438.488397,1609.2915684999998,2983.216596,60.35240729319926
target_validation,Batch3791_and_Batch3753,3,F18,treatment,FSK,2.5,uM,Esaxerenone,0.1,uM,Aldosterone,1.0,uM,2211.411719,1609.2915684999998,2983.216596,43.824818563471446
target_validation,Batch3791_and_Batch3753,3,F19,ref_ctrl,FSK,2.5,uM,rapamycin,0.03,uM,DMSO,0.1,pct,2363.646874,1609.2915684999998,2983.216596,54.90512876620555
target_validation,Batch3791_and_Batch3753,3,F20,ref_ctrl,FSK,2.5,uM,rapamycin,0.03,uM,DMSO,0.1,pct,2245.986463,1609.2915684999998,2983.216596,46.34131279044629
target_validation,Batch3791_and_Batch3753,3,F21,ref_ctrl,DMSO,0.1,pct,rapamycin,0.03,uM,DMSO,0.1,pct,1542.69797,1609.2915684999998,2983.216596,-4.8469601446284045
target_validation,Batch3791_and_Batch3753,3,F22,ref_ctrl,DMSO,0.1,pct,rapamycin,0.03,uM,DMSO,0.1,pct,1452.837492,1609.2915684999998,2983.216596,-11.387380924611598
target_validation,Batch3791_and_Batch3753,3,G03,stim_only,FSK,2.5,uM,DMSO,0.1,pct,DMSO,0.1,pct,2983.216596,1609.2915684999998,2983.216596,100.0
target_validation,Batch3791_and_Batch3753,3,G04,stim_only,FSK,2.5,uM,DMSO,0.1,pct,DMSO,0.1,pct,3132.776114,1609.2915684999998,2983.216596,110.88556617038549
target_validation,Batch3791_and_Batch3753,3,G05,treatment,FSK,2.5,uM,DMSO,0.1,pct,Aldosterone,0.001,uM,3183.206629,1609.2915684999998,2983.216596,114.55610961275684
target_validation,Batch3791_and_Batch3753,3,G06,treatment,FSK,2.5,uM,DMSO,0.1,pct,Aldosterone,0.001,uM,3395.76605,1609.2915684999998,2983.216596,130.02707176465637
target_validation,Batch3791_and_Batch3753,3,G07,treatment,FSK,2.5,uM,Finerenone,0.001,uM,DMSO,0.1,pct,3128.657718,1609.2915684999998,2983.216596,110.58581211411841
target_validation,Batch3791_and_Batch3753,3,G08,treatment,FSK,2.5,uM,Finerenone,0.001,uM,DMSO,0.1,pct,3207.126033,1609.2915684999998,2983.216596,116.29706370568314
target_validation,Batch3791_and_Batch3753,3,G09,treatment,FSK,2.5,uM,Finerenone,0.001,uM,Aldosterone,0.1,uM,2640.925213,1609.2915684999998,2983.216596,75.08660398865905
target_validation,Batch3791_and_Batch3753,3,G10,treatment,FSK,2.5,uM,Finerenone,0.001,uM,Aldosterone,0.1,uM,2657.540765,1609.2915684999998,2983.216596,76.29595323752119
target_validation,Batch3791_and_Batch3753,3,G11,treatment,FSK,2.5,uM,Finerenone,0.001,uM,Aldosterone,1.0,uM,2671.661888,1609.2915684999998,2983.216596,77.3237475288658
target_validation,Batch3791_and_Batch3753,3,G12,treatment,FSK,2.5,uM,Finerenone,0.001,uM,Aldosterone,1.0,uM,2615.673697,1609.2915684999998,2983.216596,73.2486932224546
target_validation,Batch3791_and_Batch3753,3,G13,treatment,FSK,2.5,uM,Esaxerenone,0.001,uM,DMSO,0.1,pct,2903.113544,1609.2915684999998,2983.216596,94.16976542411807
target_validation,Batch3791_and_Batch3753,3,G14,treatment,FSK,2.5,uM,Esaxerenone,0.001,uM,DMSO,0.1,pct,3013.951745,1609.2915684999998,2983.216596,102.23703247155527
target_validation,Batch3791_and_Batch3753,3,G15,treatment,FSK,2.5,uM,Esaxerenone,0.001,uM,Aldosterone,0.1,uM,2798.007762,1609.2915684999998,2983.216596,86.51972776585876
target_validation,Batch3791_and_Batch3753,3,G16,treatment,FSK,2.5,uM,Esaxerenone,0.001,uM,Aldosterone,0.1,uM,2954.343335,1609.2915684999998,2983.216596,97.89848351095705
target_validation,Batch3791_and_Batch3753,3,G17,treatment,FSK,2.5,uM,Esaxerenone,0.001,uM,Aldosterone,1.0,uM,2342.243482,1609.2915684999998,2983.216596,53.347300531651456
target_validation,Batch3791_and_Batch3753,3,G18,treatment,FSK,2.5,uM,Esaxerenone,0.001,uM,Aldosterone,1.0,uM,2547.272242,1609.2915684999998,2983.216596,68.27014973347954
target_validation,Batch3791_and_Batch3753,3,G19,tox_ctrl,FSK,0.79,uM,STS,1.0,uM,DMSO,0.1,pct,1102.854909,1609.2915684999998,2983.216596,-36.860574584736554
target_validation,Batch3791_and_Batch3753,3,G20,tox_ctrl,FSK,0.79,uM,STS,1.0,uM,DMSO,0.1,pct,1118.478773,1609.2915684999998,2983.216596,-35.723404529072795
target_validation,Batch3791_and_Batch3753,3,G21,solvent_ctrl,DMSO,0.1,pct,DMSO,0.1,pct,DMSO,0.1,pct,1583.675343,1609.2915684999998,2983.216596,-1.8644558463725702
target_validation,Batch3791_and_Batch3753,3,G22,solvent_ctrl,DMSO,0.1,pct,DMSO,0.1,pct,DMSO,0.1,pct,1671.701102,1609.2915684999998,2983.216596,4.5424264243559795
target_validation,Batch3791_and_Batch3753,3,H04,stim_only,FSK,2.5,uM,DMSO,0.1,pct,DMSO,0.1,pct,3149.655192,1609.2915684999998,2983.216596,112.11409594181805
target_validation,Batch3791_and_Batch3753,3,H05,treatment,FSK,2.5,uM,DMSO,0.1,pct,Aldosterone,0.001,uM,3134.334207,1609.2915684999998,2983.216596,110.9989706843738
target_validation,Batch3791_and_Batch3753,3,H06,treatment,FSK,2.5,uM,DMSO,0.1,pct,Aldosterone,0.001,uM,3297.810596,1609.2915684999998,2983.216596,122.89746483273808
target_validation,Batch3791_and_Batch3753,3,H07,treatment,FSK,2.5,uM,Finerenone,0.001,uM,DMSO,0.1,pct,3131.380743,1609.2915684999998,2983.216596,110.78400524296438
target_validation,Batch3791_and_Batch3753,3,H08,treatment,FSK,2.5,uM,Finerenone,0.001,uM,DMSO,0.1,pct,3176.564252,1609.2915684999998,2983.216596,114.07264968102488
target_validation,Batch3791_and_Batch3753,3,H09,treatment,FSK,2.5,uM,Finerenone,0.001,uM,Aldosterone,0.1,uM,2848.765814,1609.2915684999998,2983.216596,90.21411071864325
target_validation,Batch3791_and_Batch3753,3,H10,treatment,FSK,2.5,uM,Finerenone,0.001,uM,Aldosterone,0.1,uM,2872.106823,1609.2915684999998,2983.216596,91.91296680851823
target_validation,Batch3791_and_Batch3753,3,H11,treatment,FSK,2.5,uM,Finerenone,0.001,uM,Aldosterone,1.0,uM,2313.8633,1609.2915684999998,2983.216596,51.281672390963124
target_validation,Batch3791_and_Batch3753,3,H12,treatment,FSK,2.5,uM,Finerenone,0.001,uM,Aldosterone,1.0,uM,2524.183759,1609.2915684999998,2983.216596,66.58967354024708
target_validation,Batch3791_and_Batch3753,3,H13,treatment,FSK,2.5,uM,Esaxerenone,0.001,uM,DMSO,0.1,pct,2964.305048,1609.2915684999998,2983.216596,98.62353857587036
target_validation,Batch3791_and_Batch3753,3,H14,treatment,FSK,2.5,uM,Esaxerenone,0.001,uM,DMSO,0.1,pct,3204.253637,1609.2915684999998,2983.216596,116.08799873179393
target_validation,Batch3791_and_Batch3753,3,H15,treatment,FSK,2.5,uM,Esaxerenone,0.001,uM,Aldosterone,0.1,uM,2688.473933,1609.2915684999998,2983.216596,78.54739835867791
target_validation,Batch3791_and_Batch3753,3,H16,treatment,FSK,2.5,uM,Esaxerenone,0.001,uM,Aldosterone,0.1,uM,2877.08151,1609.2915684999998,2983.216596,92.27504529900557
target_validation,Batch3791_and_Batch3753,3,H17,treatment,FSK,2.5,uM,Esaxerenone,0.001,uM,Aldosterone,1.0,uM,2552.171487,1609.2915684999998,2983.216596,68.6267372402167
target_validation,Batch3791_and_Batch3753,3,H18,treatment,FSK,2.5,uM,Esaxerenone,0.001,uM,Aldosterone,1.0,uM,2299.320301,1609.2915684999998,2983.216596,50.22317220289519
target_validation,Batch3791_and_Batch3753,3,H19,tox_ctrl,FSK,0.79,uM,STS,1.0,uM,DMSO,0.1,pct,1046.254784,1609.2915684999998,2983.216596,-40.98016800265324
target_validation,Batch3791_and_Batch3753,3,H20,tox_ctrl,FSK,0.79,uM,STS,1.0,uM,DMSO,0.1,pct,1086.511726,1609.2915684999998,2983.216596,-38.050099680566426
target_validation,Batch3791_and_Batch3753,3,H21,solvent_ctrl,DMSO,0.1,pct,DMSO,0.1,pct,DMSO,0.1,pct,1578.658765,1609.2915684999998,2983.216596,-2.2295833387458908
target_validation,Batch3791_and_Batch3753,3,H22,solvent_ctrl,DMSO,0.1,pct,DMSO,0.1,pct,DMSO,0.1,pct,1600.65501,1609.2915684999998,2983.216596,-0.6286047875345121
target_validation,Batch3791_and_Batch3753,3,I03,solvent_ctrl,DMSO,0.1,pct,DMSO,0.1,pct,DMSO,0.1,pct,1692.39224,1609.2915684999998,2983.216596,6.048413838942174
target_validation,Batch3791_and_Batch3753,3,I04,solvent_ctrl,DMSO,0.1,pct,DMSO,0.1,pct,DMSO,0.1,pct,1572.444046,1609.2915684999998,2983.216596,-2.6819165356531602
target_validation,Batch3791_and_Batch3753,3,I05,treatment,FSK,0.79,uM,DMSO,0.1,pct,Aldosterone,1.0,uM,1732.812446,1609.2915684999998,2983.216596,8.990365196619148
target_validation,Batch3791_and_Batch3753,3,I06,treatment,FSK,0.79,uM,DMSO,0.1,pct,Aldosterone,1.0,uM,1820.163588,1609.2915684999998,2983.216596,15.348146025384201
target_validation,Batch3791_and_Batch3753,3,I07,treatment,FSK,0.79,uM,Finerenone,1.0,uM,DMSO,0.1,pct,2361.161295,1609.2915684999998,2983.216596,54.724217948639115
target_validation,Batch3791_and_Batch3753,3,I08,treatment,FSK,0.79,uM,Finerenone,1.0,uM,DMSO,0.1,pct,2442.757868,1609.2915684999998,2983.216596,60.663157218744246
target_validation,Batch3791_and_Batch3753,3,I09,treatment,FSK,0.79,uM,Finerenone,1.0,uM,Aldosterone,0.1,uM,2198.476572,1609.2915684999998,2983.216596,42.88334455716872
target_validation,Batch3791_and_Batch3753,3,I10,treatment,FSK,0.79,uM,Finerenone,1.0,uM,Aldosterone,0.1,uM,2072.273044,1609.2915684999998,2983.216596,33.69772485638778
target_validation,Batch3791_and_Batch3753,3,I11,treatment,FSK,0.79,uM,Finerenone,1.0,uM,Aldosterone,1.0,uM,1902.826992,1609.2915684999998,2983.216596,21.364733709969492
target_validation,Batch3791_and_Batch3753,3,I12,treatment,FSK,0.79,uM,Finerenone,1.0,uM,Aldosterone,1.0,uM,1943.736806,1609.2915684999998,2983.216596,24.342320782128702
target_validation,Batch3791_and_Batch3753,3,I13,treatment,FSK,0.79,uM,Esaxerenone,1.0,uM,DMSO,0.1,pct,1970.379462,1609.2915684999998,2983.216596,26.28148452590876
target_validation,Batch3791_and_Batch3753,3,I14,treatment,FSK,0.79,uM,Esaxerenone,1.0,uM,DMSO,0.1,pct,1916.470175,1609.2915684999998,2983.216596,22.35774153258883
target_validation,Batch3791_and_Batch3753,3,I15,treatment,FSK,0.79,uM,Esaxerenone,1.0,uM,Aldosterone,0.1,uM,1679.979156,1609.2915684999998,2983.216596,5.1449377575298785
target_validation,Batch3791_and_Batch3753,3,I16,treatment,FSK,0.79,uM,Esaxerenone,1.0,uM,Aldosterone,0.1,uM,1742.768377,1609.2915684999998,2983.216596,9.714999423431076
target_validation,Batch3791_and_Batch3753,3,I17,treatment,FSK,0.79,uM,Esaxerenone,1.0,uM,Aldosterone,1.0,uM,1598.120573,1609.2915684999998,2983.216596,-0.8130716943359478
target_validation,Batch3791_and_Batch3753,3,I18,treatment,FSK,0.79,uM,Esaxerenone,1.0,uM,Aldosterone,1.0,uM,1602.207488,1609.2915684999998,2983.216596,-0.5156089566903095
target_validation,Batch3791_and_Batch3753,3,I19,ref_ctrl,DMSO,0.1,pct,rapamycin,0.03,uM,DMSO,0.1,pct,1501.347693,1609.2915684999998,2983.216596,-7.856605952976561
target_validation,Batch3791_and_Batch3753,3,I20,ref_ctrl,DMSO,0.1,pct,rapamycin,0.03,uM,DMSO,0.1,pct,1568.507154,1609.2915684999998,2983.216596,-2.9684599729732994
target_validation,Batch3791_and_Batch3753,3,I21,stim_only,FSK,2.5,uM,DMSO,0.1,pct,DMSO,0.1,pct,2926.165378,1609.2915684999998,2983.216596,95.84757415011131
target_validation,Batch3791_and_Batch3753,3,I22,stim_only,FSK,2.5,uM,DMSO,0.1,pct,DMSO,0.1,pct,3004.409522,1609.2915684999998,2983.216596,101.54250964032312
target_validation,Batch3791_and_Batch3753,3,J03,solvent_ctrl,DMSO,0.1,pct,DMSO,0.1,pct,DMSO,0.1,pct,1573.493687,1609.2915684999998,2983.216596,-2.6055192811457752
target_validation,Batch3791_and_Batch3753,3,J04,solvent_ctrl,DMSO,0.1,pct,DMSO,0.1,pct,DMSO,0.1,pct,1586.72567,1609.2915684999998,2983.216596,-1.6424403113946309
target_validation,Batch3791_and_Batch3753,3,J05,treatment,FSK,0.79,uM,DMSO,0.1,pct,Aldosterone,1.0,uM,1873.842795,1609.2915684999998,2983.216596,19.255142835659576
target_validation,Batch3791_and_Batch3753,3,J06,treatment,FSK,0.79,uM,DMSO,0.1,pct,Aldosterone,1.0,uM,1878.304485,1609.2915684999998,2983.216596,19.579883262589465
target_validation,Batch3791_and_Batch3753,3,J07,treatment,FSK,0.79,uM,Finerenone,1.0,uM,DMSO,0.1,pct,2326.470211,1609.2915684999998,2983.216596,52.19925601071415
target_validation,Batch3791_and_Batch3753,3,J08,treatment,FSK,0.79,uM,Finerenone,1.0,uM,DMSO,0.1,pct,2335.632695,1609.2915684999998,2983.216596,52.86613985201603
target_validation,Batch3791_and_Batch3753,3,J09,treatment,FSK,0.79,uM,Finerenone,1.0,uM,Aldosterone,0.1,uM,2124.580761,1609.2915684999998,2983.216596,37.504898898131486
target_validation,Batch3791_and_Batch3753,3,J10,treatment,FSK,0.79,uM,Finerenone,1.0,uM,Aldosterone,0.1,uM,2184.994021,1609.2915684999998,2983.216596,41.90202820219024
target_validation,Batch3791_and_Batch3753,3,J11,treatment,FSK,0.79,uM,Finerenone,1.0,uM,Aldosterone,1.0,uM,1967.48952,1609.2915684999998,2983.216596,26.071142480880397
target_validation,Batch3791_and_Batch3753,3,J12,treatment,FSK,0.79,uM,Finerenone,1.0,uM,Aldosterone,1.0,uM,1827.014068,1609.2915684999998,2983.216596,15.846752562340965
target_validation,Batch3791_and_Batch3753,3,J13,treatment,FSK,0.79,uM,Esaxerenone,1.0,uM,DMSO,0.1,pct,1879.230686,1609.2915684999998,2983.216596,19.64729603850238
target_validation,Batch3791_and_Batch3753,3,J14,treatment,FSK,0.79,uM,Esaxerenone,1.0,uM,DMSO,0.1,pct,1998.816819,1609.2915684999998,2983.216596,28.351274101817758
target_validation,Batch3791_and_Batch3753,3,J15,treatment,FSK,0.79,uM,Esaxerenone,1.0,uM,Aldosterone,0.1,uM,1766.08069,1609.2915684999998,2983.216596,11.411766898612678
target_validation,Batch3791_and_Batch3753,3,J16,treatment,FSK,0.79,uM,Esaxerenone,1.0,uM,Aldosterone,0.1,uM,1684.59417,1609.2915684999998,2983.216596,5.480837745347808
target_validation,Batch3791_and_Batch3753,3,J17,treatment,FSK,0.79,uM,Esaxerenone,1.0,uM,Aldosterone,1.0,uM,1560.1237,1609.2915684999998,2983.216596,-3.578642758219913
target_validation,Batch3791_and_Batch3753,3,J18,treatment,FSK,0.79,uM,Esaxerenone,1.0,uM,Aldosterone,1.0,uM,1509.508987,1609.2915684999998,2983.216596,-7.262592900106395
target_validation,Batch3791_and_Batch3753,3,J19,ref_ctrl,DMSO,0.1,pct,rapamycin,0.03,uM,DMSO,0.1,pct,1582.210778,1609.2915684999998,2983.216596,-1.9710530020168742
target_validation,Batch3791_and_Batch3753,3,J20,ref_ctrl,DMSO,0.1,pct,rapamycin,0.03,uM,DMSO,0.1,pct,1536.536397,1609.2915684999998,2983.216596,-5.295425153757141
target_validation,Batch3791_and_Batch3753,3,J21,stim_only,FSK,2.5,uM,DMSO,0.1,pct,DMSO,0.1,pct,2879.735293,1609.2915684999998,2983.216596,92.46819870598799
target_validation,Batch3791_and_Batch3753,3,J22,stim_only,FSK,2.5,uM,DMSO,0.1,pct,DMSO,0.1,pct,3092.060393,1609.2915684999998,2983.216596,107.92210599715565
target_validation,Batch3791_and_Batch3753,3,K03,stim_only,FSK,0.79,uM,DMSO,0.1,pct,DMSO,0.1,pct,2382.91524,1609.2915684999998,2983.216596,56.30756089418422
target_validation,Batch3791_and_Batch3753,3,K04,stim_only,FSK,0.79,uM,DMSO,0.1,pct,DMSO,0.1,pct,2203.518863,1609.2915684999998,2983.216596,43.25034354904055
target_validation,Batch3791_and_Batch3753,3,K05,treatment,FSK,0.79,uM,DMSO,0.1,pct,Aldosterone,0.1,uM,2008.257391,1609.2915684999998,2983.216596,29.038398348850237
target_validation,Batch3791_and_Batch3753,3,K06,treatment,FSK,0.79,uM,DMSO,0.1,pct,Aldosterone,0.1,uM,2033.022328,1609.2915684999998,2983.216596,30.840893863839312
target_validation,Batch3791_and_Batch3753,3,K07,treatment,FSK,0.79,uM,Finerenone,0.1,uM,DMSO,0.1,pct,2453.180235,1609.2915684999998,2983.216596,61.42174060512918
target_validation,Batch3791_and_Batch3753,3,K08,treatment,FSK,0.79,uM,Finerenone,0.1,uM,DMSO,0.1,pct,2378.258163,1609.2915684999998,2983.216596,55.96859938560221
target_validation,Batch3791_and_Batch3753,3,K09,treatment,FSK,0.79,uM,Finerenone,0.1,uM,Aldosterone,0.1,uM,2032.893926,1609.2915684999998,2983.216596,30.83154823016717
target_validation,Batch3791_and_Batch3753,3,K10,treatment,FSK,0.79,uM,Finerenone,0.1,uM,Aldosterone,0.1,uM,2102.002302,1609.2915684999998,2983.216596,35.86154438110342
target_validation,Batch3791_and_Batch3753,3,K11,treatment,FSK,0.79,uM,Finerenone,0.1,uM,Aldosterone,1.0,uM,1878.888192,1609.2915684999998,2983.216596,19.62236789517978
target_validation,Batch3791_and_Batch3753,3,K12,treatment,FSK,0.79,uM,Finerenone,0.1,uM,Aldosterone,1.0,uM,1856.936015,1609.2915684999998,2983.216596,18.024596797003912
target_validation,Batch3791_and_Batch3753,3,K13,treatment,FSK,0.79,uM,Esaxerenone,0.1,uM,DMSO,0.1,pct,2120.397982,1609.2915684999998,2983.216596,37.20045877830841
target_validation,Batch3791_and_Batch3753,3,K14,treatment,FSK,0.79,uM,Esaxerenone,0.1,uM,DMSO,0.1,pct,2291.798022,1609.2915684999998,2983.216596,49.675669329780796
target_validation,Batch3791_and_Batch3753,3,K15,treatment,FSK,0.79,uM,Esaxerenone,0.1,uM,Aldosterone,0.1,uM,1898.26347,1609.2915684999998,2983.216596,21.032581524904217
target_validation,Batch3791_and_Batch3753,3,K16,treatment,FSK,0.79,uM,Esaxerenone,0.1,uM,Aldosterone,0.1,uM,2053.268975,1609.2915684999998,2983.216596,32.314529367578615
target_validation,Batch3791_and_Batch3753,3,K17,treatment,FSK,0.79,uM,Esaxerenone,0.1,uM,Aldosterone,1.0,uM,1547.820187,1609.2915684999998,2983.216596,-4.474143804764468
target_validation,Batch3791_and_Batch3753,3,K18,treatment,FSK,0.79,uM,Esaxerenone,0.1,uM,Aldosterone,1.0,uM,1820.143955,1609.2915684999998,2983.216596,15.346717053671268
target_validation,Batch3791_and_Batch3753,3,K19,stim_only,FSK,0.79,uM,DMSO,0.1,pct,DMSO,0.1,pct,2280.518301,1609.2915684999998,2983.216596,48.854684139597275
target_validation,Batch3791_and_Batch3753,3,K20,stim_only,FSK,0.79,uM,DMSO,0.1,pct,DMSO,0.1,pct,2393.52395,1609.2915684999998,2983.216596,57.07970710214023
target_validation,Batch3791_and_Batch3753,3,K21,solvent_ctrl,DMSO,0.1,pct,DMSO,0.1,pct,DMSO,0.1,pct,1663.442539,1609.2915684999998,2983.216596,3.941333727542136
target_validation,Batch3791_and_Batch3753,3,K22,solvent_ctrl,DMSO,0.1,pct,DMSO,0.1,pct,DMSO,0.1,pct,1626.393945,1609.2915684999998,2983.216596,1.2447823685925405
target_validation,Batch3791_and_Batch3753,3,L03,stim_only,FSK,0.79,uM,DMSO,0.1,pct,DMSO,0.1,pct,2438.183886,1609.2915684999998,2983.216596,60.33024371120569
target_validation,Batch3791_and_Batch3753,3,L04,stim_only,FSK,0.79,uM,DMSO,0.1,pct,DMSO,0.1,pct,2234.718837,1609.2915684999998,2983.216596,45.521207924862544
target_validation,Batch3791_and_Batch3753,3,L05,treatment,FSK,0.79,uM,DMSO,0.1,pct,Aldosterone,0.1,uM,2104.658233,1609.2915684999998,2983.216596,36.0548541284943
target_validation,Batch3791_and_Batch3753,3,L06,treatment,FSK,0.79,uM,DMSO,0.1,pct,Aldosterone,0.1,uM,2052.8984,1609.2915684999998,2983.216596,32.287557371830474
target_validation,Batch3791_and_Batch3753,3,L07,treatment,FSK,0.79,uM,Finerenone,0.1,uM,DMSO,0.1,pct,2282.291492,1609.2915684999998,2983.216596,48.983744384116314
target_validation,Batch3791_and_Batch3753,3,L08,treatment,FSK,0.79,uM,Finerenone,0.1,uM,DMSO,0.1,pct,2441.736525,1609.2915684999998,2983.216596,60.588819610828416
target_validation,Batch3791_and_Batch3753,3,L10,treatment,FSK,0.79,uM,Finerenone,0.1,uM,Aldosterone,0.1,uM,2040.851878,1609.2915684999998,2983.216596,31.410761203270972
target_validation,Batch3791_and_Batch3753,3,L11,treatment,FSK,0.79,uM,Finerenone,0.1,uM,Aldosterone,1.0,uM,1909.718893,1609.2915684999998,2983.216596,21.86635504024983
target_validation,Batch3791_and_Batch3753,3,L12,treatment,FSK,0.79,uM,Finerenone,0.1,uM,Aldosterone,1.0,uM,1875.236058,1609.2915684999998,2983.216596,19.356550334039245
target_validation,Batch3791_and_Batch3753,3,L13,treatment,FSK,0.79,uM,Esaxerenone,0.1,uM,DMSO,0.1,pct,2103.305641,1609.2915684999998,2983.216596,35.95640683530674
target_validation,Batch3791_and_Batch3753,3,L14,treatment,FSK,0.79,uM,Esaxerenone,0.1,uM,DMSO,0.1,pct,2122.043719,1609.2915684999998,2983.216596,37.32024238855347
target_validation,Batch3791_and_Batch3753,3,L15,treatment,FSK,0.79,uM,Esaxerenone,0.1,uM,Aldosterone,0.1,uM,1829.997181,1609.2915684999998,2983.216596,16.063875981762774
target_validation,Batch3791_and_Batch3753,3,L16,treatment,FSK,0.79,uM,Esaxerenone,0.1,uM,Aldosterone,0.1,uM,1927.123108,1609.2915684999998,2983.216596,23.133106475127523
target_validation,Batch3791_and_Batch3753,3,L17,treatment,FSK,0.79,uM,Esaxerenone,0.1,uM,Aldosterone,1.0,uM,1625.952841,1609.2915684999998,2983.216596,1.2126769777472606
target_validation,Batch3791_and_Batch3753,3,L18,treatment,FSK,0.79,uM,Esaxerenone,0.1,uM,Aldosterone,1.0,uM,1778.098612,1609.2915684999998,2983.216596,12.286481439759648
target_validation,Batch3791_and_Batch3753,3,L19,stim_only,FSK,0.79,uM,DMSO,0.1,pct,DMSO,0.1,pct,2281.01604,1609.2915684999998,2983.216596,48.89091166220859
target_validation,Batch3791_and_Batch3753,3,L20,stim_only,FSK,0.79,uM,DMSO,0.1,pct,DMSO,0.1,pct,2371.199378,1609.2915684999998,2983.216596,55.45483154101724
target_validation,Batch3791_and_Batch3753,3,L21,solvent_ctrl,DMSO,0.1,pct,DMSO,0.1,pct,DMSO,0.1,pct,1631.382088,1609.2915684999998,2983.216596,1.6078402429422407
target_validation,Batch3791_and_Batch3753,3,L22,solvent_ctrl,DMSO,0.1,pct,DMSO,0.1,pct,DMSO,0.1,pct,1617.928127,1609.2915684999998,2983.216596,0.6286047875345286
target_validation,Batch3791_and_Batch3753,3,M03,ref_ctrl,FSK,0.79,uM,rapamycin,0.03,uM,DMSO,0.1,pct,2001.939028,1609.2915684999998,2983.216596,28.578521508881973
target_validation,Batch3791_and_Batch3753,3,M04,ref_ctrl,FSK,0.79,uM,rapamycin,0.03,uM,DMSO,0.1,pct,1893.912322,1609.2915684999998,2983.216596,20.715886806276263
target_validation,Batch3791_and_Batch3753,3,M05,treatment,FSK,0.79,uM,DMSO,0.1,pct,Aldosterone,0.001,uM,2298.078705,1609.2915684999998,2983.216596,50.13280366202513
target_validation,Batch3791_and_Batch3753,3,M06,treatment,FSK,0.79,uM,DMSO,0.1,pct,Aldosterone,0.001,uM,2446.105135,1609.2915684999998,2983.216596,60.906785286724805
target_validation,Batch3791_and_Batch3753,3,M07,treatment,FSK,0.79,uM,Finerenone,0.001,uM,DMSO,0.1,pct,2337.011817,1609.2915684999998,2983.216596,52.96651810937334
target_validation,Batch3791_and_Batch3753,3,M08,treatment,FSK,0.79,uM,Finerenone,0.001,uM,DMSO,0.1,pct,2454.114662,1609.2915684999998,2983.216596,61.48975210366782
target_validation,Batch3791_and_Batch3753,3,M09,treatment,FSK,0.79,uM,Finerenone,0.001,uM,Aldosterone,0.1,uM,1940.064166,1609.2915684999998,2983.216596,24.07501070869021
target_validation,Batch3791_and_Batch3753,3,M10,treatment,FSK,0.79,uM,Finerenone,0.001,uM,Aldosterone,0.1,uM,2001.917339,1609.2915684999998,2983.216596,28.5769428929047
target_validation,Batch3791_and_Batch3753,3,M11,treatment,FSK,0.79,uM,Finerenone,0.001,uM,Aldosterone,1.0,uM,1891.768225,1609.2915684999998,2983.216596,20.559830474447057
target_validation,Batch3791_and_Batch3753,3,M12,treatment,FSK,0.79,uM,Finerenone,0.001,uM,Aldosterone,1.0,uM,1807.764507,1609.2915684999998,2983.216596,14.445689140778114
target_validation,Batch3791_and_Batch3753,3,M13,treatment,FSK,0.79,uM,Esaxerenone,0.001,uM,DMSO,0.1,pct,2291.330367,1609.2915684999998,2983.216596,49.64163144629812
target_validation,Batch3791_and_Batch3753,3,M14,treatment,FSK,0.79,uM,Esaxerenone,0.001,uM,DMSO,0.1,pct,2279.768197,1609.2915684999998,2983.216596,48.80008843859567
target_validation,Batch3791_and_Batch3753,3,M15,treatment,FSK,0.79,uM,Esaxerenone,0.001,uM,Aldosterone,0.1,uM,2233.835309,1609.2915684999998,2983.216596,45.45690106806065
target_validation,Batch3791_and_Batch3753,3,M16,treatment,FSK,0.79,uM,Esaxerenone,0.001,uM,Aldosterone,0.1,uM,2025.00049,1609.2915684999998,2983.216596,30.257031000914637
target_validation,Batch3791_and_Batch3753,3,M17,treatment,FSK,0.79,uM,Esaxerenone,0.001,uM,Aldosterone,1.0,uM,1875.761187,1609.2915684999998,2983.216596,19.39477141521102
target_validation,Batch3791_and_Batch3753,3,M18,treatment,FSK,0.79,uM,Esaxerenone,0.001,uM,Aldosterone,1.0,uM,1752.992596,1609.2915684999998,2983.216596,10.459160771055988
target_validation,Batch3791_and_Batch3753,3,M19,tox_ctrl,FSK,2.5,uM,STS,1.0,uM,DMSO,0.1,pct,938.720777,1609.2915684999998,2983.216596,-48.80694201489095
target_validation,Batch3791_and_Batch3753,3,M20,tox_ctrl,FSK,2.5,uM,STS,1.0,uM,DMSO,0.1,pct,790.0723131,1609.2915684999998,2983.216596,-59.626197863987855
target_validation,Batch3791_and_Batch3753,3,M21,stim_only,FSK,2.5,uM,DMSO,0.1,pct,DMSO,0.1,pct,2777.923654,1609.2915684999998,2983.216596,85.05792252918255
target_validation,Batch3791_and_Batch3753,3,M22,stim_only,FSK,2.5,uM,DMSO,0.1,pct,DMSO,0.1,pct,3042.520769,1609.2915684999998,2983.216596,104.31640532146868
target_validation,Batch3791_and_Batch3753,3,N03,ref_ctrl,FSK,0.79,uM,rapamycin,0.03,uM,DMSO,0.1,pct,1930.421166,1609.2915684999998,2983.216596,23.373152906627592
target_validation,Batch3791_and_Batch3753,3,N04,ref_ctrl,FSK,0.79,uM,rapamycin,0.03,uM,DMSO,0.1,pct,1895.801051,1609.2915684999998,2983.216596,20.853356388836872
target_validation,Batch3791_and_Batch3753,3,N05,treatment,FSK,0.79,uM,DMSO,0.1,pct,Aldosterone,0.001,uM,2397.889709,1609.2915684999998,2983.216596,57.39746527035297
target_validation,Batch3791_and_Batch3753,3,N06,treatment,FSK,0.79,uM,DMSO,0.1,pct,Aldosterone,0.001,uM,2165.908577,1609.2915684999998,2983.216596,40.51290990111906
target_validation,Batch3791_and_Batch3753,3,N07,treatment,FSK,0.79,uM,Finerenone,0.001,uM,DMSO,0.1,pct,2237.462239,1609.2915684999998,2983.216596,45.72088417684785
target_validation,Batch3791_and_Batch3753,3,N08,treatment,FSK,0.79,uM,Finerenone,0.001,uM,DMSO,0.1,pct,2477.92675,1609.2915684999998,2983.216596,63.222895290041585
target_validation,Batch3791_and_Batch3753,3,N09,treatment,FSK,0.79,uM,Finerenone,0.001,uM,Aldosterone,0.1,uM,1994.79093,1609.2915684999998,2983.216596,28.058253091251732
target_validation,Batch3791_and_Batch3753,3,N10,treatment,FSK,0.79,uM,Finerenone,0.001,uM,Aldosterone,0.1,uM,2071.638313,1609.2915684999998,2983.216596,33.65152648403881
target_validation,Batch3791_and_Batch3753,3,N11,treatment,FSK,0.79,uM,Finerenone,0.001,uM,Aldosterone,1.0,uM,1963.124136,1609.2915684999998,2983.216596,25.753411606733394
target_validation,Batch3791_and_Batch3753,3,N12,treatment,FSK,0.79,uM,Finerenone,0.001,uM,Aldosterone,1.0,uM,1946.774338,1609.2915684999998,2983.216596,24.563405043584158
target_validation,Batch3791_and_Batch3753,3,N13,treatment,FSK,0.79,uM,Esaxerenone,0.001,uM,DMSO,0.1,pct,2359.887667,1609.2915684999998,2983.216596,54.63151798506705
target_validation,Batch3791_and_Batch3753,3,N14,treatment,FSK,0.79,uM,Esaxerenone,0.001,uM,DMSO,0.1,pct,2284.40233,1609.2915684999998,2983.216596,49.137379987060456
target_validation,Batch3791_and_Batch3753,3,N15,treatment,FSK,0.79,uM,Esaxerenone,0.001,uM,Aldosterone,0.1,uM,2003.851262,1609.2915684999998,2983.216596,28.717701883482135
target_validation,Batch3791_and_Batch3753,3,N16,treatment,FSK,0.79,uM,Esaxerenone,0.001,uM,Aldosterone,0.1,uM,2040.676935,1609.2915684999998,2983.216596,31.39802812129791
target_validation,Batch3791_and_Batch3753,3,N17,treatment,FSK,0.79,uM,Esaxerenone,0.001,uM,Aldosterone,1.0,uM,1839.397905,1609.2915684999998,2983.216596,16.74809992497936
target_validation,Batch3791_and_Batch3753,3,N18,treatment,FSK,0.79,uM,Esaxerenone,0.001,uM,Aldosterone,1.0,uM,1791.545046,1609.2915684999998,2983.216596,13.26516904868014
target_validation,Batch3791_and_Batch3753,3,N19,tox_ctrl,FSK,2.5,uM,STS,1.0,uM,DMSO,0.1,pct,931.0868119,1609.2915684999998,2983.216596,-49.36257386868219
target_validation,Batch3791_and_Batch3753,3,N20,tox_ctrl,FSK,2.5,uM,STS,1.0,uM,DMSO,0.1,pct,1039.571003,1609.2915684999998,2983.216596,-41.4666414903778
target_validation,Batch3791_and_Batch3753,3,N21,stim_only,FSK,2.5,uM,DMSO,0.1,pct,DMSO,0.1,pct,2884.462263,1609.2915684999998,2983.216596,92.81224731893165
target_validation,Batch3791_and_Batch3753,3,N22,stim_only,FSK,2.5,uM,DMSO,0.1,pct,DMSO,0.1,pct,2965.7528,1609.2915684999998,2983.216596,98.72891201117595
