Compound,Activity,Certainty,SMILES,Antineoplastic,Screening
1-(2-methoxyphenyl)pierazine hydrochloride,inactive,1.0,COc1c(N2CCNCC2)cccc1,False,spectrum
1-hydroxy-3.6.7-trimethoxy-2.8-diprenylxanthone,inactive,1.0,COc1c(CC=C(C)C)c(O)c2c(=O)c3c(CC=C(C)C)c(OC)c(OC)cc3oc2c1,False,spectrum
1-monopalmitin,inactive,1.0,CCCCCCCCCCCCCCCC(=O)OCC(O)CO,False,spectrum
1.2-dimethylhydrazine hydrochloride,inactive,1.0,CNNC,False,spectrum
1.2alpha-EPOXYDEACETOXYDIHYDROGEDUNIN,inactive,1.0,CC1(C)C(=O)[C@@H]2O[C@@H]2[C@@]2(C)C1C[C@@H](O)[C@]1(C)C2CC[C@@]2(C)[C@H](c3cocc3)OC(=O)C3OC321,False,spectrum
1.3-dideacetyl-7-deacetoxy-7-oxokhivorin,inactive,1.0,CC1(C)C2CC(=O)[C@]3(C)C(CC[C@@]4(C)[C@H](c5cocc5)OC(=O)C5OC543)[C@@]2(C)[C@@H](O)C[C@H]1O,False,spectrum
1.4-naphthoquinone,inactive,1.0,O=C1C=CC(=O)c2c1cccc2,False,spectrum
1.4.5.8-tetrahydroxy-2.6-dimethylanthroquinone,inactive,1.0,Cc1c(O)c2c(C(=O)c3c(C2=O)c(O)cc(C)c3O)c(O)c1,False,spectrum
1.7-dideacetoxy-1.7-dioxo-3-deacetylkhivorin,inactive,1.0,CC1(C)C2CC(=O)[C@]3(C)C(CC[C@@]4(C)[C@H](c5cocc5)OC(=O)[C@H]5O[C@]543)[C@@]2(C)C(=O)C[C@H]1O,False,spectrum
11a-ACETOXYPROGESTERONE,inactive,1.0,CC(=O)O[C@@H]1C[C@@]2(C)C(CC[C@@H]2C(C)=O)C2CCC3=CC(=O)CC[C@]3(C)C21,False,spectrum
12-METHOXY-4.4-BISNOR-5beta-8.11.13-PODOCARPATRIEN-3-OL,inactive,1.0,COc1cc2c(cc1)CC[C@@H]1C[C@H](O)CC[C@]21C,False,spectrum
12-hydroxy-4.4-bisnor-4.8.11.13-podocarpatetraen-3-one,inactive,1.0,C[C@]12CCC(=O)C=C1CCc1c2cc(O)cc1,False,spectrum
12a-HYDROXY-9-DEMETHYLMUNDUSERONE-8-CARBOXYLIC ACID,inactive,1.0,COc1cc2c(cc1OC)C1(O)C(=O)c3ccc(O)c(C(=O)O)c3OC1CO2,False,spectrum
13-methyl-4.4-bisnor-8.11.13-podocarpatrien-3-one,inactive,1.0,Cc1cc2c(cc1)[C@@]1(C)CCC(=O)C[C@@H]1CC2,False,spectrum
18alpha-GLYCYRRHETINIC ACID,inactive,1.0,CC1(C)C2CC[C@]3(C)C(C(=O)C=C4[C@H]5C[C@@](C)(C(=O)O)CC[C@]5(C)CC[C@]43C)[C@@]2(C)CC[C@@H]1O,False,spectrum
1r.2s-phenylpropylamine,inactive,1.0,C[C@H](N)[C@H](O)c1ccccc1,False,spectrum
1s.2r-phenylpropanolamine hydrochloride,inactive,1.0,C[C@@H](N)[C@@H](O)c1ccccc1,False,spectrum
2'-methoxyformonetin,inactive,1.0,COc1cc(OC)c(-c2coc3cc(O)ccc3c2=O)cc1,False,spectrum
2'.2'-bisepigallocatechin digallate,inactive,1.0,O=C(O[C@@H]1Cc2c(O)cc(O)cc2O[C@@H]1c1cc(O)c(O)c(O)c1-c1c(O)c(O)c(O)cc1[C@H]1Oc2cc(O)cc(O)c2C[C@H]1OC(=O)c1cc(O)c(O)c(O)c1)c1cc(O)c(O)c(O)c1,False,spectrum
2'.3-dihydroxy-4.4'.6'-trimethoxychalcone,inactive,1.0,COc1cc(O)c(C(=O)/C=C/c2ccc(OC)c(O)c2)c(OC)c1,False,spectrum
2'.4'-dihydroxy-4-methoxychalcone,inactive,1.0,COc1ccc(/C=C/C(=O)c2c(O)cc(O)cc2)cc1,False,spectrum
2'.4'-dihydroxychalcone,inactive,1.0,O=C(/C=C/c1ccccc1)c1c(O)cc(O)cc1,False,spectrum
2'.4'-dihydroxychalcone 4'-glucoside,inactive,1.0,O=C(/C=C/c1ccccc1)c1ccc(O[C@@H]2O[C@H](CO)[C@@H](O)[C@H](O)[C@H]2O)cc1O,False,spectrum
2'.4-dihydroxy-3.4'.6'-trimethoxychalcone,inactive,1.0,COc1cc(O)c(C(=O)/C=C/c2ccc(O)c(OC)c2)c(OC)c1,False,spectrum
2'.4-dihydroxychalcone,inactive,1.0,O=C(/C=C/c1ccc(O)cc1)c1c(O)cccc1,False,spectrum
2'.5'-dihydroxy-4-methoxychalcone,inactive,1.0,COc1ccc(/C=C/C(=O)c2c(O)ccc(O)c2)cc1,False,spectrum
2-acetylpyrrole,inactive,1.0,CC(=O)c1ccc[nH]1,False,spectrum
2-benzoyl-5-methoxybenzoquinone,inactive,1.0,COC1=CC(=O)C(C(=O)c2ccccc2)=CC1=O,False,spectrum
2-hydroxy-3.4-dimethoxybenzoic acid,inactive,1.0,COc1c(OC)c(O)c(C(=O)O)cc1,False,spectrum
2-hydroxy-5epoxy-tetrahydrocaryophyllene,inactive,1.0,CC1(C)CC2C1CCC1(C)OC1CCC2(C)O,False,spectrum
2-mercaptobenzothiazole,inactive,1.0,Sc1nc2ccccc2s1,False,spectrum
2-methoxy-5epoxy-tetrahydrocaryophyllene,inactive,1.0,COC1(C)CCC2OC2(C)CCC2C1CC2(C)C,False,spectrum
2-methoxyresorcinol,inactive,1.0,COc1c(O)cccc1O,False,spectrum
2-methyl gramine,inactive,1.0,Cc1c(CN(C)C)c2c(cccc2)[nH]1,False,spectrum
2-methyl-4-(piperidin-1-ylcarboxy)-5-isopropylphenyltrimethylammonium chloride,inactive,1.0,Cc1c([N+](C)(C)C)cc(C(C)C)c(OC(=O)N2CCCCC2)c1,False,spectrum
2-methyl-5.7.8-trimethoxyisoflavone,inactive,1.0,COc1c(OC)c2c(c(OC)c1)c(=O)c(-c1ccccc1)c(C)o2,False,spectrum
2-methylene-5-(2.5-dioxotetrahydrofuran-3-yl)-6-oxo--10.10-dimethylbicyclo[7: 2: 0]undecane,inactive,1.0,C=C1CCC(C2CC(=O)OC2=O)C(=O)CCC2C1CC2(C)C,False,spectrum
2-thiouracil,inactive,1.0,Oc1ccnc(S)n1,False,spectrum
2.2'-AZO-bis-2-AMINOPROPANE,enhancer,1.0,CC(C)(/N=N/C(C)(C)C(=N)N)C(=N)N,False,spectrum
2.3-dihydroxy-4-methoxy-4'-ethoxybenzophenone,inactive,1.0,CCOc1ccc(C(=O)c2c(O)c(O)c(OC)cc2)cc1,False,spectrum
2.3-dihydroxy-6.7-dichloroquinoxaline,inactive,1.0,Oc1nc2c(cc(Cl)c(Cl)c2)nc1O,False,spectrum
2.3.4'-trihydroxy-4-methoxybenzophenone,inactive,1.0,COc1c(O)c(O)c(C(=O)c2ccc(O)cc2)cc1,False,spectrum
2.3.4-trihydroxy-4'-ethoxybenzophenone,inactive,1.0,CCOc1ccc(C(=O)c2c(O)c(O)c(O)cc2)cc1,False,spectrum
2.5-dihydroxy-3.4-dimethoxy-4'-ethoxybenzophenone,inactive,1.0,CCOc1ccc(C(=O)c2cc(O)c(OC)c(OC)c2O)cc1,False,spectrum
2.6-dihydroxy-4-methoxytoluene,inactive,1.0,COc1cc(O)c(C)c(O)c1,False,spectrum
2.6-dimethoxyquinone,inactive,1.0,COC1=CC(=O)C=C(OC)C1=O,False,spectrum
21-acetoxypregnenolone,inactive,1.0,CC(=O)OCC(=O)[C@H]1CCC2C3CC=C4C[C@@H](O)CC[C@]4(C)C3CC[C@@]21C,False,spectrum
"3,4-didesmethyl-5-deshydroxy-3'-ethoxyscleroin",inactive,0.6,CCOc1cccc(C(=O)c2c(O)c(O)c(O)cc2)c1,False,spectrum
3-AMINO-beta-PINENE,inactive,1.0,C=C1C(N)CC2CC1C2(C)C,False,spectrum
3-DEOXO-3beta-HYDROXYMEXICANOLIDE 16-ENOL ETHER,reducer,1.0,COC(=O)C[C@H]1C(C)(C)[C@@H](O)[C@@H]2CC3=C4C=C(OC)O[C@@H](c5cocc5)[C@]4(C)CCC3[C@]1(C)C2=O,False,spectrum
3-HYDROXY-4-(SUCCIN-2-YL)-CARYOLANE delta-LACTONE,inactive,1.0,CC1(C)CC2C1CC[C@]1(C)CCC3C(C(=O)O)CC(=O)O[C@@]32C1,False,spectrum
3-Methyladenine,inactive,1.0,N1=CN=C2N(C=NC(=C12)N)C,False,selleckchem
3-acetamidocoumarin,inactive,1.0,CC(=O)Nc1cc2c(cccc2)oc1=O,False,spectrum
3-acetylgedunol,inactive,1.0,CC(=O)O[C@H]1CC[C@@]2(C)C(C[C@@H](OC(C)=O)[C@]3(C)C2CC[C@@]2(C)[C@H](c4cocc4)OC(=O)[C@H]4O[C@]423)C1(C)C,False,spectrum
3-amino-1.2.4-triazole,inactive,1.0,Nc1nnc[nH]1,False,spectrum
3-benzyloxy-4.4-bisnor-8.11.13-podocarpatriene,inactive,1.0,C[C@]12CCC(OC(=O)c3ccccc3)CC1CCc1c2cccc1,False,spectrum
3-deshydroxysappanol trimethyl ether,inactive,1.0,COc1cc2c(cc1)[C@@H](O)[C@H](Cc1ccc(OC)c(OC)c1)CO2,False,spectrum
3-hydroxycoumarin,inactive,1.0,O=c1oc2ccccc2cc1O,False,spectrum
3-hydroxyflavone,inactive,1.0,O=c1c(O)c(-c2ccccc2)oc2c1cccc2,False,spectrum
3-isobutyl-1-methylxanthine,inactive,1.0,CC(C)Cn1c(=O)n(C)c(=O)c2c1[nH]cn2,False,spectrum
3-methoxycatechol,inactive,1.0,COc1cccc(O)c1O,False,spectrum
3-methylorsellinic acid,inactive,1.0,Cc1cc(O)c(C)c(O)c1C(=O)O,False,spectrum
3-nor-3-oxopanasinsan-6-ol,inactive,1.0,CC1(C)CC23C(=O)CCC(O)C2(C)CCC13,False,spectrum
3-oxoursanolide,inactive,1.0,C[C@@H]1C2[C@]3(CC[C@H]1C)CCC1(C)[C@@]2(C=CC2[C@@]4(C)CCC(=O)C(C)(C)C4CC[C@]21C)OC3=O,False,spectrum
3-pinanone oxime,inactive,1.0,CC1/C(=N/O)C[C@@H]2C[C@H]1C2(C)C,False,spectrum
3.16-DIDEOXYMEXICANOLIDE-3beta-DIOL,inactive,1.0,COC(=O)C[C@H]1C(C)(C)[C@@H](O)[C@@H]2CC3=C4CC(O)O[C@@H](c5cocc5)[C@]4(C)CCC3[C@]1(C)C2=O,False,spectrum
3.3'-diindolylmethane,inactive,1.0,c1cc2c(cc1)c(Cc1c[nH]c3c1cccc3)c[nH]2,False,spectrum
3.4'-dimethoxyflavone,inactive,1.0,COc1ccc(-c2c(OC)c(=O)c3c(cccc3)o2)cc1,False,spectrum
3.4'.5.6.7-pentamethoxyflavone,inactive,1.0,COc1ccc(-c2c(OC)c(=O)c3c(cc(OC)c(OC)c3OC)o2)cc1,False,spectrum
3.4-dimethoxydalbergione,inactive,1.0,C=C[C@@H](C1=CC(=O)C(OC)=C(OC)C1=O)c1ccccc1,False,spectrum
3.6-dimethoxyflavone,inactive,1.0,COc1cc2c(cc1)oc(-c1ccccc1)c(OC)c2=O,False,spectrum
3.7-dihydroxyflavone,inactive,1.0,O=c1c(O)c(-c2ccccc2)oc2c1ccc(O)c2,False,spectrum
3.7-dimethoxyflavone,inactive,1.0,COc1cc2c(cc1)c(=O)c(OC)c(-c1ccccc1)o2,False,spectrum
3.7-epoxycaryophyllan-6-ol,inactive,1.0,CC1(C)CC2C1CCC1(C)OC2(C)CCC1O,False,spectrum
3.7-epoxycaryophyllan-6-one,inactive,1.0,CC12CCC3C(CC3(C)C)C(C)(CCC1=O)O2,False,spectrum
3alpha-ACETOXYDIHYDRODEOXYGEDUNIN,inactive,1.0,CC(=O)O[C@@H]1CC[C@@]2(C)C(C[C@@H](OC(C)=O)[C@@]3(C)C4=CC(=O)O[C@@H](c5cocc5)[C@]4(C)CCC23)C1(C)C,False,spectrum
3alpha-HYDROXY-4.4-BISNOR-8.11.13-PODOCARPATRIENE,inactive,1.0,C[C@]12CC[C@@H](O)C[C@H]1CCc1c2cccc1,False,spectrum
3beta-HYDROXY-23.24-BISNORCHOL-5-ENIC ACID,inactive,1.0,CC(C(=O)O)[C@H]1CCC2C3CC=C4C[C@@H](O)CC[C@]4(C)C3CC[C@@]21C,False,spectrum
3beta-HYDROXYDEOXODIHYDRODEOXYGEDUNIN,inactive,1.0,CC(=O)O[C@@H]1CC2C(C)(CC[C@H](O)C2(C)C)C2CC[C@]3(C)C(=CC(=O)O[C@H]3c3cocc3)C21C,False,spectrum
3beta-HYDROXYISOALLOSPIROST-9(11)-ENE,inactive,1.0,CC1CCC2(OC1)OC1CC3C4CCC5C[C@@H](O)CCC5(C)C4=CCC3(C)C1[C@@H]2C,False,spectrum
3h-1.2-dithiole-3-thione,inactive,1.0,S=c1ccss1,False,spectrum
4'-hydroxychalcone,inactive,1.0,O=C(/C=C/c1ccccc1)c1ccc(O)cc1,False,spectrum
4'-hydroxyflavanone,inactive,1.0,O=C1CC(c2ccc(O)cc2)Oc2c1cccc2,False,spectrum
4'-methoxychalcone,inactive,1.0,COc1ccc(C(=O)/C=C/c2ccccc2)cc1,False,spectrum
4'-methoxyflavone,inactive,1.0,COc1ccc(-c2cc(=O)c3c(cccc3)o2)cc1,False,spectrum
4-acetoxyphenol,inactive,1.0,CC(=O)Oc1ccc(O)cc1,False,spectrum
4-hydroxy-6-methylpyran-2-one,inactive,1.0,Cc1cc(O)cc(=O)o1,False,spectrum
4-hydroxyantipyrine,inactive,1.0,Cc1c(O)c(=O)n(-c2ccccc2)n1C,False,spectrum
4-hydroxyindole,inactive,1.0,Oc1cccc2c1cc[nH]2,False,spectrum
4-methoxydalbergione,inactive,1.0,C=CC(C1=CC(=O)C(OC)=CC1=O)c1ccccc1,False,spectrum
4-methyldaphnetin,enhancer,1.0,Cc1cc(=O)oc2c(O)c(O)ccc12,False,spectrum
4-methylesculetin,inactive,1.0,Cc1cc(=O)oc2c1cc(O)c(O)c2,False,spectrum
4-methylimidazole,inactive,1.0,Cc1c[nH]cn1,False,spectrum
4-naphthalimidobutyric acid,inactive,1.0,O=C(O)CCCN1C(=O)c2c3c(cccc3ccc2)C1=O,False,spectrum
4-nonylphenol,inactive,1.0,CCCCCCCCCc1ccc(O)cc1,False,spectrum
4-o-methylphloracetophenone,inactive,1.0,COc1cc(O)c(C(C)=O)c(O)c1,False,spectrum
4.4'-diisothiocyanostilbene-2.2'-sufonic acid sodium salt,inactive,1.0,O=S(=O)(O)c1cc(N=C=S)ccc1/C=C/c1c(S(=O)(=O)O)cc(N=C=S)cc1,False,spectrum
4.4'-dimethoxydalbergione,inactive,1.0,C=CC(C1=CC(=O)C(OC)=CC1=O)c1ccc(OC)cc1,False,spectrum
4.6-dimethoxy-5-methylisoflavone,inactive,1.0,COc1c(C)c(OC)c2c(=O)c(-c3ccccc3)coc2c1,False,spectrum
5-chloroindole-2-carboxylic acid,inactive,1.0,O=C(O)c1cc2cc(Cl)ccc2[nH]1,False,spectrum
5-hydroxy-2'.4'.7.8-tetramethoxyflavone,inactive,1.0,COc1cc(OC)c(-c2cc(=O)c3c(o2)c(OC)c(OC)cc3O)cc1,False,spectrum
5-methylhydantoin,inactive,1.0,CC1NC(=O)NC1=O,False,spectrum
5.2'-dimethoxyflavone,inactive,1.0,COc1ccccc1-c1cc(=O)c2c(cccc2OC)o1,False,spectrum
5.7-dihydroxy-4-methylcoumarin,inactive,1.0,Cc1cc(=O)oc2c1c(O)cc(O)c2,False,spectrum
5alpha-ANDROSTAN-3.17-DIONE,inactive,1.0,C[C@]12CCC3C(CC[C@H]4CC(=O)CC[C@]34C)C1CCC2=O,False,spectrum
5alpha-CHOLESTAN-3beta-OL-6-ONE,inactive,1.0,CC(C)CCCC(C)C1CCC2C3CC(=O)[C@H]4C[C@@H](O)CC[C@]4(C)C3CC[C@]12C,False,spectrum
5alpha-CHOLESTANOL,inactive,1.0,CC(C)CCCC(C)C1CCC2C3CC[C@H]4C[C@@H](O)CC[C@]4(C)C3CC[C@]12C,False,spectrum
6-aminonicotinamide,inactive,1.0,NC(=O)c1cnc(N)cc1,False,spectrum
6-hydroxyflavone,inactive,1.0,O=c1cc(-c2ccccc2)oc2c1cc(O)cc2,False,spectrum
6.2'-dimethoxyflavone,inactive,1.0,COc1cc2c(cc1)oc(-c1ccccc1OC)cc2=O,False,spectrum
6.3'-dimethoxyflavone,inactive,1.0,COc1cccc(-c2cc(=O)c3c(ccc(OC)c3)o2)c1,False,spectrum
6.4'-dihydroxyflavone,reducer,1.0,O=c1cc(-c2ccc(O)cc2)oc2c1cc(O)cc2,False,spectrum
6.4'-dimethoxyflavone,inactive,1.0,COc1ccc(-c2cc(=O)c3c(ccc(OC)c3)o2)cc1,False,spectrum
6.7-dichloro-3-hydroxy-2-quinoxalinecarboxylic acid,inactive,1.0,O=C(O)c1nc2cc(Cl)c(Cl)cc2nc1O,False,spectrum
6.7.2'.3'.4'-pentamethoxyisoflavone,inactive,1.0,COc1c(OC)cc2c(=O)c(-c3c(OC)c(OC)c(OC)cc3)coc2c1,False,spectrum
7-aminocephalosporanic acid,inactive,1.0,CC(=O)OCC1=C(C(=O)O)N2C(=O)[C@@H](N)C2SC1,False,spectrum
7-deacetoxy-7-oxokhivorin,inactive,1.0,CC(=O)O[C@H]1C[C@@H](OC(C)=O)C(C)(C)C2CC(=O)[C@]3(C)C(CC[C@@]4(C)[C@H](c5cocc5)OC(=O)[C@H]5O[C@]543)[C@]21C,False,spectrum
7-deacetylkhivorin,inactive,1.0,CC(=O)O[C@H]1C[C@@H](OC(C)=O)C(C)(C)C2C[C@@H](O)[C@]3(C)C(CC[C@@]4(C)[C@H](c5cocc5)OC(=O)[C@H]5O[C@]543)[C@]21C,False,spectrum
"7-desacetoxy-6,7-dehydrogedunin",reducer,1.0,CC1(C)C(=O)C=C[C@@]2(C)C1C=C[C@]1(C)C2CC[C@@]2(C)[C@H](c3cocc3)OC(=O)C3OC321,False,spectrum-validation
7-desacetoxy-6.7-dehydrogedunin,inactive,1.0,CC1(C)C(=O)C=C[C@@]2(C)C1C=C[C@]1(C)C2CC[C@@]2(C)[C@H](c3cocc3)OC(=O)[C@H]3O[C@]321,False,spectrum
7-deshydroxypyrogallin-4-carboxylic acid,inactive,1.0,O=C(O)c1cc2c(c(O)c(O)cc2)c(=O)c(O)c1,False,spectrum
7-hydroxy-2'-methoxyisoflavone,inactive,1.0,COc1c(-c2coc3cc(O)ccc3c2=O)cccc1,False,spectrum
7-hydroxyflavone,inactive,1.0,O=c1cc(-c2ccccc2)oc2c1ccc(O)c2,False,spectrum
7-methoxychromone,inactive,1.0,COc1cc2c(cc1)c(=O)cco2,False,spectrum
7-nitroindazole,inactive,1.0,O=[N+]([O-])c1c2[nH]ncc2ccc1,False,spectrum
7.2'-dihydroxyflavone,inactive,1.0,O=c1cc(-c2ccccc2O)oc2c1ccc(O)c2,False,spectrum
7.2'-dimethoxyflavone,inactive,1.0,COc1cc2c(cc1)c(=O)cc(-c1ccccc1OC)o2,False,spectrum
7.3'-dimethoxyflavone,inactive,1.0,COc1cccc(-c2cc(=O)c3c(cc(OC)cc3)o2)c1,False,spectrum
7.4'-dimethoxyisoflavone,inactive,1.0,COc1ccc(-c2coc3c(ccc(OC)c3)c2=O)cc1,False,spectrum
7.8-dihydroxyflavone,reducer,1.0,O=c1cc(-c2ccccc2)oc2c1ccc(O)c2O,False,spectrum
8-hydroxycarapinic acid,inactive,1.0,CC1(C)C(=O)[C@@H]2C[C@@]3(O)C4=CC(=O)O[C@@H](c5cocc5)[C@]4(C)CCC3[C@@](C)(C2=O)[C@H]1CC(=O)O,False,spectrum
8beta-HYDROXYCARAPIN. 3.8-HEMIACETAL,inactive,1.0,COC(=O)C[C@H]1C(C)(C)C2(O)OC34CC2C(=O)[C@]1(C)C3CC[C@]1(C)C4=CC(=O)O[C@H]1c1cocc1,False,spectrum
A-674563,reducer,1.0,C1=CC=CC(=C1)C[C@@H](COC2=CC(=CN=C2)C3=CC4=C(C=C3)NN=C4C)N,False,selleckchem
A-769662,inactive,1.0,C1(=CC=C(C=C1)C2=CSC3=C2C(=C(C(N3)=O)C#N)O)C4=CC=CC=C4O,False,selleckchem
A66,inactive,0.5,C1SC(=NC=1C2SC(=NC=2C)NC(N3[C@@H](CCC3)C(=O)N)=O)C(C)(C)C,False,selleckchem
ALANYL-dl-LEUCINE,inactive,1.0,CC(C)CC(NC(=O)CCN)C(=O)O,False,spectrum
AVERMECTIN A1a,inactive,1.0,CCC(C)[C@H]1O[C@]2(C=C[C@@H]1C)C[C@@H]1C[C@@H](C/C=C(\C)[C@@H](OC3C[C@H](OC)C(O[C@H]4C[C@H](OC)[C@@H](O)[C@H](C)O4)[C@H](C)O3)[C@@H](C)/C=C/C=C3\CO[C@@H]4[C@H](OC)C(C)=C[C@@H](C(=O)O1)[C@]34O)O2,False,spectrum
Abacavir sulfate,inactive,1.0,Nc1nc(NC2CC2)c2ncn(C3C=C[C@@H](CO)C3)c2n1,False,spectrum
Abamectin,inactive,1.0,CCC(C)[C@H]1O[C@]2(C=C[C@@H]1C)C[C@@H]1C[C@@H](C/C=C(\C)[C@@H](OC3C[C@H](OC)C(O[C@H]4C[C@H](OC)[C@@H](O)[C@H](C)O4)[C@H](C)O3)[C@@H](C)/C=C/C=C3\CO[C@@H]4[C@H](O)C(C)=C[C@@H](C(=O)O1)[C@]34O)O2,False,spectrum
Abietic acid,inactive,1.0,CC(C)C1=CC2=CCC3[C@@](C)(C(=O)O)CCC[C@]3(C)C2CC1,False,spectrum
Abscisic acid,inactive,1.0,CC1=CC(=O)CC(C)(C)C1(O)/C=C/C(C)=C\C(=O)O,False,spectrum
Acadesine,inactive,0.8,NC(=O)c1c(N)n(C2O[C@H](CO)[C@@H](O)[C@H]2O)cn1,False,spectrum
Acamprosate calcium,inactive,1.0,CC(=O)NCCCS(=O)(=O)O,False,spectrum
Acarbose,inactive,1.0,C[C@H]1O[C@H](O[C@@H]2[C@@H](CO)O[C@H](O[C@@H]3[C@@H](CO)OC(O)[C@H](O)[C@H]3O)[C@H](O)[C@H]2O)[C@H](O)[C@@H](O)[C@@H]1N[C@H]1C=C(CO)[C@@H](O)[C@H](O)[C@H]1O,False,spectrum
Acebutolol hydrochloride,inactive,1.0,CCCC(=O)Nc1cc(C(C)=O)c(OCC(O)CNC(C)C)cc1,False,spectrum
Acecainide hydrochloride,inactive,1.0,CCN(CC)CCNC(=O)c1ccc(NC(C)=O)cc1,False,spectrum
Aceclidine,inactive,1.0,CC(=O)OC1CN2CCC1CC2,False,spectrum
Aceclofenac,inactive,1.0,O=C(O)COC(=O)Cc1c(Nc2c(Cl)cccc2Cl)cccc1,False,spectrum
Acedapsone,inactive,1.0,CC(=O)Nc1ccc(S(=O)(=O)c2ccc(NC(C)=O)cc2)cc1,False,spectrum
Acedoben,inactive,1.0,CC(=O)Nc1ccc(C(=O)O)cc1,False,spectrum
Aceglutamide,inactive,1.0,CC(=O)N[C@@H](CCC(N)=O)C(=O)O,False,spectrum
Acemetacin,inactive,1.0,COc1cc2c(cc1)n(C(=O)c1ccc(Cl)cc1)c(C)c2CC(=O)OCC(=O)O,False,spectrum
Aceneuramic acid,inactive,1.0,CC(=O)N[C@H]1[C@@H](O)C[C@@](O)(C(=O)O)O[C@@H]1C(O)[C@H](O)CO,False,spectrum
Acenocoumarol,inactive,1.0,CC(=O)CC(c1ccc([N+](=O)[O-])cc1)c1c(O)c2ccccc2oc1=O,False,spectrum
Acepromazine maleate,inactive,1.0,CC(=O)c1cc2c(cc1)Sc1c(cccc1)N2CCCN(C)C,False,spectrum
Acesulfame potassium,inactive,1.0,CC1=CC(=O)NS(=O)(=O)O1,False,spectrum
Acetaminophen,inactive,1.0,CC(=O)Nc1ccc(O)cc1,False,spectrum
Acetaminosalol,inactive,1.0,CC(=O)Nc1ccc(OC(=O)c2c(O)cccc2)cc1,False,spectrum
Acetanilide,inactive,1.0,CC(=O)Nc1ccccc1,False,spectrum
Acetarsol,inactive,1.0,CC(=O)Nc1c(O)ccc([As](=O)(O)O)c1,False,spectrum
Acetazolamide,inactive,1.0,CC(=O)Nc1nnc(S(N)(=O)=O)s1,False,spectrum
Acetohexamide,inactive,1.0,CC(=O)c1ccc(S(=O)(=O)NC(=O)NC2CCCCC2)cc1,False,spectrum
Acetohydroxamic acid,inactive,1.0,CC(=O)NO,False,spectrum
Acetophenazine maleate,inactive,1.0,CC(=O)c1cc2c(cc1)N(CCCN1CCN(CCO)CC1)c1c(cccc1)S2,False,spectrum
Acetosyringone,inactive,1.0,COc1c(O)c(OC)cc(C(C)=O)c1,False,spectrum
Acetriazoic acid,inactive,1.0,CC(=O)Nc1c(I)cc(I)c(C(=O)O)c1I,False,spectrum
Acetyl hymetochrome,inactive,1.0,CC(=O)Oc1cc2c(cc1)c(C)cc(=O)o2,False,spectrum
Acetyl isogambogic acid,inactive,1.0,CC(=O)Oc1c2C=CC(C)(CCC=C(C)C)Oc2c(CC=C(C)C)c2c1C(=O)C1=C[C@@H]3CC4C(C)(C)OC(C/C=C(\C)C(=O)O)(C3=O)[C@@]14O2,False,spectrum
Acetyl-l-leucine,inactive,1.0,CC(=O)N[C@@H](CC(C)C)C(=O)O,False,spectrum
Acetylcholine chloride,enhancer,1.0,CC(=O)OCC[N+](C)(C)C,False,spectrum
Acetylcysteine,enhancer,1.0,CC(=O)N[C@H](CS)C(=O)O,False,spectrum
Acetylglucosamine,inactive,1.0,CC(=O)N[C@H]1[C@H](O)O[C@H](CO)[C@@H](O)[C@@H]1O,False,spectrum
Acetylphenylalanine,inactive,1.0,CC(=O)NC(Cc1ccccc1)C(=O)O,False,spectrum
Acexamic acid,inactive,1.0,CC(=O)NCCCCCC(=O)O,False,spectrum
Acipimox,inactive,1.0,Cc1cnc(C(=O)O)c[n+]1[O-],False,spectrum
Aconitic acid,inactive,1.0,O=C(O)/C=C(\CC(=O)O)C(=O)O,False,spectrum
Aconitine,inactive,1.0,CCN1C[C@@]2(COC)C3[C@@H](OC)[C@H]4[C@@H]1[C@]3(C(OC)C[C@H]2O)C1C[C@]2(O)[C@@H](OC)[C@H](O)[C@@]4(OC(C)=O)C1[C@H]2OC(=O)c1ccccc1,False,spectrum
Acriflavinium hydrochloride,inactive,1.0,C[n+]1c2cc(N)ccc2cc2c1cc(N)cc2,False,spectrum
Acrisorcin,enhancer,1.0,CCCCCCc1ccc(O)cc1O.Nc1c2ccccc2nc2c1cccc2,False,spectrum
Actarit,enhancer,1.0,CC(=O)Nc1ccc(CC(=O)O)cc1,False,spectrum
Actein,inactive,1.0,CC(=O)O[C@@H]1C[C@@]23C[C@@]24CC[C@H](O[C@@H]2OC[C@@H](O)[C@H](O)[C@H]2O)C(C)(C)C4CCC3[C@]2(C)C[C@@H]3OC4(C[C@@H](C)[C@@H]3[C@@]12C)O[C@H](O)[C@]1(C)O[C@H]41,False,spectrum
Actinonin,inactive,1.0,CCCCC[C@H](CC(=O)NO)C(=O)N[C@H](C(=O)N1CCC[C@H]1CO)C(C)C,False,spectrum
Actinoquinol sodium,inactive,1.0,CCOc1c2ncccc2c(S(=O)(=O)O)cc1,False,spectrum
Acyclovir,inactive,1.0,Nc1nc2c(ncn2COCCO)c(=O)[nH]1,False,spectrum
Adapalene,inactive,1.0,COc1ccc(-c2ccc3cc(C(=O)O)ccc3c2)cc1C12CC3CC(CC(C3)C1)C2,False,spectrum
Adelmidrol,inactive,1.0,O=C(CCCCCCCC(=O)NCCO)NCCO,False,spectrum
Adenine,inactive,1.0,Nc1ncnc2c1nc[nH]2,False,spectrum
Adenosine,enhancer,1.0,Nc1ncnc2c1ncn2[C@@H]1O[C@H](CO)[C@@H](O)[C@H]1O,False,spectrum
Adenosine phosphate,inactive,1.0,Nc1ncnc2c1ncn2C1O[C@H](COP(=O)(O)O)[C@@H](O)[C@H]1O,False,spectrum
Adiphenine hydrochloride,inactive,1.0,CCN(CC)CCOC(=O)C(c1ccccc1)c1ccccc1,False,spectrum
Adipic acid,inactive,1.0,O=C(O)CCCCC(=O)O,False,spectrum
Adonitol,inactive,1.0,OC[C@H](O)[C@H](O)[C@H](O)CO,False,spectrum
Adrenolone hydrochloride,enhancer,1.0,CNCC(=O)c1cc(O)c(O)cc1,False,spectrum
Aee788,reducer,1.0,C1=NC(=C2C(=N1)NC(=C2)C3=CC=C(C=C3)CN4CCN(CC4)CC)N[C@@H](C5=CC=CC=C5)C,False,selleckchem
Afalanine,inactive,1.0,CC(=O)N[C@@H](Cc1ccccc1)C(=O)O,False,spectrum
Afatinib,reducer,1.0,C1(=C(C=C(C=C1)NC2=NC=NC3=C2C=C(C(=C3)O[C@H]4CCOC4)NC(/C=C/CN(C)C)=O)Cl)F,True,selleckchem
Ag-1024,inactive,1.0,CC(C)(C)c1c(O)c(Br)cc(C=C(C#N)C#N)c1,False,selleckchem
Ag-1478,inactive,1.0,C1=C2C(=CC(=C1OC)OC)C(=NC=N2)NC3=CC(=CC=C3)Cl,False,selleckchem
Ag-490,inactive,1.0,C1(=C(C=CC(=C1)/C=C(/C(NCC2=CC=CC=C2)=O)C#N)O)O,False,selleckchem
Agaric acid,inactive,1.0,CCCCCCCCCCCCCCCCC(C(=O)O)C(O)(CC(=O)O)C(=O)O,False,spectrum
Agelasine,inactive,1.0,CC1=CCC[C@@H]2C1(C)CCC(C)[C@@]2(C)CC/C(C)=C/Cn1c[n+](C)c2c1ncnc2N,False,spectrum
Ajmaline,inactive,1.0,CC[C@H]1C2CC3[C@@H]4N(C)c5c(cccc5)[C@]45C[C@@H](C2C5O)N3[C@@H]1O,False,spectrum
Aklomide,inactive,1.0,NC(=O)c1ccc([N+](=O)[O-])cc1Cl,False,spectrum
Albendazole,inactive,1.0,CCCSc1ccc2nc(NC(=O)OC)[nH]c2c1,False,spectrum
Albuterol,inactive,1.0,CC(C)(C)NCC(O)c1ccc(O)c(CO)c1,False,spectrum
Alclometazone dipropionate,inactive,1.0,CCC(=O)OCC(=O)[C@@]1(OC(=O)CC)[C@H](C)CC2C3C([C@@H](O)C[C@@]21C)[C@@]1(C)C=CC(=O)C=C1C[C@H]3Cl,False,spectrum
Alendronate sodium,inactive,1.0,NCCCC(O)(P(=O)(O)O)P(=O)(O)O,False,spectrum
Aleuretic acid,inactive,1.0,O=C(O)CCCCCCCC(O)C(O)CCCCCCO,False,spectrum
Alexidine hydrochloride,inactive,1.0,CCCCC(CC)CNC(=N)NC(=N)NCCCCCCNC(=N)NC(=N)NCC(CC)CCCC,False,spectrum
Alfuzosin hydrochloride,inactive,1.0,COc1cc2nc(N(C)CCCNC(=O)C3CCCO3)nc(N)c2cc1OC,False,spectrum
Algestone acetophenide,inactive,1.0,CC(=O)[C@@]12O[C@](C)(c3ccccc3)O[C@@H]1CC1C3CCC4=CC(=O)CC[C@]4(C)C3CC[C@@]12C,False,spectrum
Aliskiren hemifumarate,inactive,1.0,COCCCOc1cc(C[C@@H](C[C@H](N)[C@@H](O)C[C@H](C(=O)NCC(C)(C)C(N)=O)C(C)C)C(C)C)ccc1OC,False,spectrum
Alizarin,inactive,1.0,O=C1c2ccccc2C(=O)c2c1ccc(O)c2O,False,spectrum
Allantoin,inactive,1.0,NC(=O)NC1NC(=O)NC1=O,False,spectrum
Allopregnanolone,inactive,1.0,CC(=O)C1CC[C@H]2C3CC[C@H]4C[C@H](O)CC[C@]4(C)C3CC[C@]12C,False,spectrum
Allopurinol,inactive,1.0,O=c1[nH]cnc2c1cn[nH]2,False,spectrum
Alloxan,inactive,1.0,O=C1NC(=O)C(=O)C(=O)N1,False,spectrum
Allylisothiocyanate,inactive,1.0,C=CCN=C=S,False,spectrum
Allylthiourea,inactive,1.0,C=CCNC(N)=S,False,spectrum
Almotriptan,inactive,1.0,CN(C)CCc1c[nH]c2ccc(CS(=O)(=O)N3CCCC3)cc12,False,spectrum
Aloin,inactive,1.0,O=C1c2c(O)cccc2C(O[C@@H]2O[C@H](CO)[C@@H](O)[C@H](O)[C@H]2O)c2c1c(O)cc(CO)c2,False,spectrum
Alprenolol,inactive,1.0,C=CCc1c(OCC(O)CNC(C)C)cccc1,False,spectrum
Alrestatin,inactive,1.0,O=C(O)CN1C(=O)c2c3c(cccc3ccc2)C1=O,False,spectrum
Althiazide,inactive,1.0,C=CCSCC1Nc2c(cc(S(N)(=O)=O)c(Cl)c2)S(=O)(=O)N1,False,spectrum
Altrenogest,inactive,1.0,C=CC[C@]1(O)CCC2C3CCC4=CC(=O)CCC4=C3C=C[C@@]21C,False,spectrum
Altretamine,inactive,1.0,CN(C)c1nc(N(C)C)nc(N(C)C)n1,True,spectrum
Alverine citrate,inactive,1.0,CCN(CCCc1ccccc1)CCCc1ccccc1,False,spectrum
Amantadine hydrochloride,inactive,1.0,NC12CC3CC(CC(C3)C1)C2,False,spectrum
Ambroxol hydrochloride,inactive,1.0,Nc1c(CNC2CCC(O)CC2)cc(Br)cc1Br,False,spectrum
Amcinonide,inactive,1.0,CC(=O)OCC(=O)[C@@]12OC3(CCCC3)O[C@@H]1CC1C3CCC4=CC(=O)C=C[C@]4(C)[C@@]3(F)[C@@H](O)C[C@@]12C,False,spectrum
Amg 900,inactive,1.0,C1=CC(=C(N=C1)OC2=CC=C(C=C2)NC3C4=C(C(=NN=3)C5SC=C(C=5)C)C=CC=C4)C6=NC(=NC=C6)N,False,selleckchem
Amg-208,inactive,1.0,C1(=CC=C2C(=C1)N=CC=C2OCC3N4C(=NN=3)C=CC(=N4)C5=CC=CC=C5)OC,False,selleckchem
Amg458,inactive,1.0,N1(N(C(C(=C1C)C(=O)NC2C=CC(=CN=2)OC3C=CN=C4C=C(C=CC=34)OC)=O)C5C=CC=CC=5)CC(C)(C)O,False,selleckchem
Amifostine,inactive,1.0,NCCCNCCSP(=O)(O)O,False,spectrum
Amikacin sulfate,inactive,1.0,NCC[C@@H](O)C(=O)N[C@@H]1C[C@H](N)[C@@H](O[C@H]2O[C@H](CN)[C@@H](O)[C@H](O)[C@H]2O)[C@H](O)[C@H]1O[C@H]1O[C@H](CO)[C@@H](O)[C@H](N)C1O,False,spectrum
Amiloride hydrochloride,inactive,1.0,N=C(N)NC(=O)c1nc(Cl)c(N)nc1N,False,spectrum
Aminacrine,inactive,1.0,Nc1c2ccccc2nc2c1cccc2,False,spectrum
Aminocaproic acid,inactive,1.0,NCCCCCC(=O)O,False,spectrum
Aminoethoxydiphenylborane,inactive,1.0,NCCOB(c1ccccc1)c1ccccc1,False,spectrum
Aminoethylisothiourea dihydrobromide,inactive,1.0,N=C(N)SCCN,False,spectrum
Aminoglutethimide,enhancer,1.0,CCC1(c2ccc(N)cc2)CCC(=O)NC1=O,False,spectrum
Aminohippuric acid,inactive,1.0,Nc1ccc(C(=O)NCC(=O)O)cc1,False,spectrum
Aminohydroxybutyric acid,inactive,1.0,NCC(O)CC(=O)O,False,spectrum
Aminolevulinic acid hydrochloride,inactive,1.0,NCC(=O)CCC(=O)O,True,spectrum
Aminopentamide sulfate,inactive,1.0,CC(CC(C(N)=O)(c1ccccc1)c1ccccc1)N(C)C,False,spectrum
Aminopterin,inactive,1.0,Nc1nc2ncc(CNc3ccc(C(=O)NC(CCC(=O)O)C(=O)O)cc3)nc2c(N)n1,False,spectrum
Aminopyrine,inactive,1.0,Cc1c(N(C)C)c(=O)n(-c2ccccc2)n1C,False,spectrum
Aminosalicylate sodium,inactive,1.0,Nc1cc(O)c(C(=O)O)cc1,False,spectrum
Aminothiazole,inactive,1.0,Nc1nccs1,False,spectrum
Amiodarone hydrochloride,inactive,0.8,CCCCc1c(C(=O)c2cc(I)c(OCCN(CC)CC)c(I)c2)c2c(cccc2)o1,False,spectrum
Amitraz,inactive,1.0,Cc1cc(C)c(/N=C/N(C)/C=N/c2c(C)cc(C)cc2)cc1,False,spectrum
Amitriptyline hydrochloride,inactive,1.0,CN(C)CCC=C1c2c(cccc2)CCc2c1cccc2,False,spectrum
Amlexanox,inactive,1.0,CC(C)c1cc2c(cc1)oc1nc(N)c(C(=O)O)cc1c2=O,False,spectrum
Amlodipine besylate,inactive,1.0,CCOC(=O)C1=C(COCCN)NC(C)=C(C(=O)OC)C1c1c(Cl)cccc1,False,spectrum
Ammonium lactate,inactive,1.0,CC(O)C(=O)O.N,False,spectrum
Amodiaquine dihydrochloride,inactive,1.0,CCN(CC)Cc1ccc(Nc2ccnc3cc(Cl)ccc23)cc1O,False,spectrum
Amorolfine hydrochloride,inactive,1.0,CCC(C)(C)c1ccc(CC(C)CN2C[C@H](C)O[C@H](C)C2)cc1,False,spectrum
Amoxapine,inactive,1.0,Clc1cc2c(cc1)Oc1c(cccc1)N=C2N1CCNCC1,False,spectrum
Amoxicillin,inactive,1.0,CC1(C)S[C@@H]2[C@H](NC(=O)[C@H](N)c3ccc(O)cc3)C(=O)N2[C@H]1C(=O)O,False,spectrum
Amphotericin b,inactive,1.0,CC1OC(O[C@H]2/C=C/C=C/C=C/C=C/C=C/C=C/C=C/[C@H](C)[C@@H](O)[C@@H](C)[C@H](C)OC(=O)CC(O)CC(O)CCC(O)C(O)CC(O)C[C@@]3(O)C[C@H](O)C(C(=O)O)C(C2)O3)C(O)[C@H](N)C1O,False,spectrum
Ampicillin sodium,inactive,1.0,CC1(C)S[C@@H]2[C@H](NC(=O)[C@H](N)c3ccccc3)C(=O)N2[C@H]1C(=O)O,False,spectrum
Ampiroxicam,inactive,1.0,CCOC(=O)OC(C)OC1=C(C(=O)Nc2ncccc2)N(C)S(=O)(=O)c2c1cccc2,False,spectrum
Amprolium,inactive,1.0,CCCc1ncc(C[n+]2c(C)cccc2)c(N)n1,False,spectrum
Ampyzine sulfate,inactive,1.0,CN(C)c1nccnc1,False,spectrum
Amsacrine,reducer,1.0,COc1cc(NS(C)(=O)=O)ccc1Cc1c2ccccc2nc2c1cccc2,False,spectrum
Amuvatinib,inactive,1.0,C1=CC=C2C(=C1)C3=C(O2)C(=NC=N3)N4CCN(CC4)C(=S)NCC5=CC=C6C(=C5)OCO6,False,selleckchem
Amygdalin,inactive,1.0,N#CC(O[C@@H]1O[C@H](CO[C@@H]2O[C@H](CO)[C@@H](O)[C@H](O)[C@H]2O)[C@@H](O)[C@H](O)[C@H]1O)c1ccccc1,False,spectrum
Amylene hydrate,inactive,1.0,CCC(C)(C)O,False,spectrum
Anabasamine hydrochloride,inactive,1.0,CN1CCCCC1c1ccc(-c2cccnc2)nc1,False,spectrum
Anabasine hydrochloride,inactive,1.0,c1cncc(C2CCCCN2)c1,False,spectrum
Anagrelide hydrochloride,inactive,1.0,O=C1CN2Cc3c(ccc(Cl)c3Cl)N=C2N1,True,spectrum
Anastrozole,inactive,1.0,CC(C)(C#N)c1cc(C(C)(C)C#N)cc(Cn2cncn2)c1,False,spectrum
Ancitabine hydrochloride,reducer,1.0,N=c1ccn2c(n1)O[C@@H]1[C@@H](O)[C@H](CO)O[C@@H]12,False,spectrum
Andrographolide,inactive,1.0,C=C1CCC2[C@@](C)(CC[C@@H](O)[C@@]2(C)CO)[C@@H]1C/C=C1/C(=O)OC[C@H]1O,False,spectrum
Androsta-1.4-dien-3.17-dione,inactive,1.0,C[C@]12C=CC(=O)C=C1CCC1C2CC[C@]2(C)C(=O)CCC12,False,spectrum
Androsterone acetate,inactive,1.0,CC(=O)O[C@@H]1CC[C@]2(C)C3CC[C@]4(C)C(=O)CCC4C3CC[C@H]2C1,False,spectrum
Anethole,inactive,1.0,C/C=C/c1ccc(OC)cc1,False,spectrum
Angolensin,inactive,1.0,COc1ccc([C@@H](C)C(=O)c2c(O)cc(O)cc2)cc1,False,spectrum
Anhydrobrazilic acid,inactive,1.0,COc1ccc2c(=O)c(CC(=O)O)coc2c1,False,spectrum
Aniracetam,inactive,1.0,COc1ccc(C(=O)N2CCCC2=O)cc1,False,spectrum
Anisindione,inactive,1.0,COc1ccc(C2C(=O)c3c(cccc3)C2=O)cc1,False,spectrum
Anisodamine hydrobromide,inactive,1.0,CN1C2C[C@H](OC(=O)[C@H](CO)c3ccccc3)C[C@@H]1[C@@H](O)C2,False,spectrum
Antazoline phosphate,inactive,1.0,c1ccc(CN(CC2=NCCN2)c2ccccc2)cc1,False,spectrum
Anthothecol,reducer,1.0,CC(=O)O[C@@H]1C[C@@]2(C)[C@H](c3cocc3)C[C@H]3O[C@]32[C@]2(C)C(=O)C(O)=C3C(C)(C)C(=O)C=C[C@]3(C)C12,False,spectrum
Anthralin,inactive,1.0,O=C1c2c(cccc2O)Cc2c1c(O)ccc2,False,spectrum
Anthraquinone,inactive,1.0,O=C1c2c(cccc2)C(=O)c2c1cccc2,False,spectrum
Antiarol,inactive,1.0,COc1c(OC)c(OC)cc(O)c1,False,spectrum
Antimony potassium tartrate trihydrate,inactive,1.0,O=C([O-])C1O[Sb]2OC(=O)C(O2)C(C(=O)[O-])O[Sb]2OC(=O)C1O2.[K+].[K+],False,spectrum
Antimycin a,inactive,1.0,CCCCC[C@H]1C(=O)O[C@H](C)[C@H](NC(=O)c2c(O)c(NC=O)ccc2)C(=O)O[C@@H](C)[C@@H]1OC(=O)CC(C)C,False,spectrum
Antipyrine,inactive,1.0,Cc1cc(=O)n(-c2ccccc2)n1C,False,spectrum
Apatinib,inactive,1.0,S(=O)(O)(C)=O.C1=CN=C(C(=C1)C(NC2=CC=C(C=C2)C3(CCCC3)C#N)=O)NCC4=CC=NC=C4,False,selleckchem
Aphyllic acid,inactive,1.0,O=C(O)C1CC(C2CCCCN2)CN2CCCCC12,False,spectrum
Apigenin,inactive,1.0,O=c1cc(-c2ccc(O)cc2)oc2c1c(O)cc(O)c2,False,spectrum
Apigenin dimethyl ether,inactive,1.0,COc1ccc(-c2cc(=O)c3c(cc(OC)cc3O)o2)cc1,False,spectrum
Apiole,inactive,1.0,C=CCc1cc(OC)c2OCOc2c1OC,False,spectrum
Apomorphine hydrochloride,inactive,1.0,CN1CCc2cccc3c2C1Cc1c-3c(O)c(O)cc1,False,spectrum
Apotoxicarol,inactive,1.0,COc1cc2c(cc1OC)-c1c(CO2)oc2cc(O)cc(O)c2c1=O,False,spectrum
Apramycin sulfate,inactive,1.0,CN[C@@H]1[C@@H](O[C@H]2O[C@H](CO)[C@@H](N)[C@H](O)[C@H]2O)O[C@H]2C[C@@H](N)[C@H](O[C@@H]3[C@@H](N)C[C@@H](N)[C@H](O)[C@H]3O)O[C@@H]2[C@@H]1O,False,spectrum
Arabitol,inactive,1.0,OC[C@H](O)C(O)[C@@H](O)CO,False,spectrum
Arbutin,inactive,1.0,OC[C@H]1O[C@@H](Oc2ccc(O)cc2)[C@H](O)[C@@H](O)[C@@H]1O,False,spectrum
Arecoline hydrobromide,enhancer,1.0,COC(=O)C1=CCCN(C)C1,False,spectrum
Arginine hydrochloride,inactive,1.0,Cl.N=C(N)NCCCC(N)C(=O)O,False,spectrum
Aripiprazole,inactive,1.0,O=C1CCc2c(cc(OCCCCN3CCN(c4c(Cl)c(Cl)ccc4)CC3)cc2)N1,False,spectrum
Aristolochic acid,inactive,1.0,COc1cccc2c3c4c(cc(C(=O)O)c3c([N+](=O)[O-])cc12)OCO4,False,spectrum
Armodafinil,inactive,1.0,NC(=O)C[S+]([O-])C(c1ccccc1)c1ccccc1,False,spectrum
Arq 197,reducer,1.0,C12=C3CCCN1C=C(C2=CC=C3)[C@]4([C@@](C(NC4=O)=O)(C5=CNC6=C5C=CC=C6)[H])[H],False,selleckchem
Arry-380,inactive,1.0,N1C=NC(=C2C=C(C=CC=12)C3OC(=CC=3)CNCCS(=O)(=O)C)NC4C=C(C(=CC=4)OC5=CC6N(C=C5)N=CN=6)C,False,selleckchem
Arry334543,inactive,1.0,C12=C(C(=NC=N1)NC3=CC(=C(C=C3)OCC4SC=CN=4)Cl)C=C(C=C2)NC5OC[C@H](N=5)C,False,selleckchem
Arsanilic acid,inactive,1.0,Nc1ccc([As](=O)(O)O)cc1,False,spectrum
Arsenic trioxide,inactive,1.0,O1[As]2O[As]3O[As]1O[As](O2)O3,True,spectrum
Artemisinin,inactive,1.0,C[C@@H]1CC[C@H]2[C@@H](C)C(=O)O[C@@H]3O[C@@]4(C)CC[C@@H]1[C@]32OO4,False,spectrum
Artenimol,inactive,1.0,C[C@@H]1CC[C@H]2[C@@H](C)C(O)O[C@@H]3O[C@@]4(C)CC[C@@H]1[C@@]23OO4,False,spectrum
Artesunate,inactive,1.0,C[C@@H]1CC[C@H]2[C@@H](C)[C@H](OC(=O)CCC(=O)O)O[C@@H]3O[C@@]4(C)CC[C@@H]1[C@@]23OO4,False,spectrum
Arthonioic acid,inactive,1.0,CCCCCC(=O)Cc1c(C(=O)Oc2cc(CC(=O)CCCCC)c(C(=O)O)c(OC)c2)c(O)cc(O)c1,False,spectrum
As-252424,inactive,1.0,C1(=CC(=C(C=C1)C2OC(=CC=2)/C=C3\SC(NC3=O)=O)O)F,False,selleckchem
As-604850,inactive,1.0,C12=C(C=CC(=C1)/C=C3\SC(NC3=O)=O)OC(O2)(F)F,False,selleckchem
As-605240,inactive,1.0,C1(=CC=C2C(=C1)N=CC=N2)/C=C3\SC(NC3=O)=O,False,selleckchem
As703026,inactive,1.0,C1=C(C=CC(=C1F)NC2=CN=CC=C2C(NC[C@@H](CO)O)=O)I,False,selleckchem
Asarylaldehyde,inactive,1.0,COc1c(C=O)cc(OC)c(OC)c1,False,spectrum
Ascorbic acid,inactive,1.0,O=C1O[C@H](C(O)CO)C(O)=C1O,False,spectrum
Ascorbyl palmitate,inactive,1.0,CCCCCCCCCCCCCCCC(=O)OCC(O)[C@H]1OC(=O)C(O)=C1O,False,spectrum
Asiatic acid,inactive,1.0,C[C@@H]1[C@H]2C3=CCC4[C@@]5(C)C[C@@H](O)[C@H](O)[C@@](C)(CO)C5CC[C@@]4(C)[C@]3(C)CC[C@@]2(C(=O)O)CC[C@H]1C,False,spectrum
Aspartame,inactive,1.0,COC(=O)[C@H](Cc1ccccc1)NC(=O)[C@@H](N)CC(=O)O,False,spectrum
Aspirin,inactive,1.0,CC(=O)Oc1c(C(=O)O)cccc1,False,spectrum
Ast-1306,inactive,0.5,C(C=C)(=O)NC1(=CC2=C(N=CN=C(C=C1)2)NC3C=C(C(=CC=3)OCC4C=C(C=CC=4)F)Cl).C5=CC(=CC=C5S(O)(=O)=O)C,False,selleckchem
Astaxanthin,inactive,1.0,CC1=C(/C=C/C(C)=C/C=C/C(C)=C/C=C/C=C(C)/C=C/C=C(C)/C=C/C2=C(C)C(=O)C(O)CC2(C)C)C(C)(C)CC(O)C1=O,False,spectrum
Astemizole,enhancer,1.0,COc1ccc(CCN2CCC(Nc3nc4ccccc4n3Cc3ccc(F)cc3)CC2)cc1,False,spectrum
Astragaloside iv,inactive,1.0,CC(C)(O)[C@@H]1CC[C@](C)([C@H]2[C@@H](O)C[C@@]3(C)C4C[C@H](O[C@@H]5O[C@H](CO)[C@@H](O)[C@H](O)[C@H]5O)C5C(C)(C)[C@@H](O[C@@H]6OC[C@@H](O)[C@H](O)[C@H]6O)CC[C@@]56C[C@@]46CC[C@]23C)O1,False,spectrum
At7519,reducer,1.0,C1=C(C(=C(C=C1)Cl)C(NC2=CNN=C2C(=O)NC3CCNCC3)=O)Cl,False,selleckchem
At7867,inactive,1.0,C1(=CC=C(C=C1)C2(C3=CC=C(C=C3)C4=CNN=C4)CCNCC2)Cl,False,selleckchem
At9283,reducer,1.0,N(C(=O)NC1C(=NNC=1)C2NC3C(N=2)=CC(=CC=3)CN4CCOCC4)C5CC5,False,selleckchem
Atenolol,inactive,1.0,CC(C)NCC(O)COc1ccc(CC(N)=O)cc1,False,spectrum
Atomoxetine hydrochloride,enhancer,1.0,CNCC[C@@H](Oc1ccccc1)c1ccccc1,False,spectrum
Atorvastatin calcium,inactive,1.0,CC(C)c1c(C(=O)c2ccccc2)c(-c2ccccc2)c(-c2ccc(F)cc2)n1CC[C@@H](O)C[C@@H](O)CC(=O)O,False,spectrum
Atovaquone,inactive,1.0,O=C1C(O)=C([C@H]2CC[C@H](c3ccc(Cl)cc3)CC2)C(=O)c2c1cccc2,False,spectrum
Atracurium besylate,inactive,1.0,COc1ccc(CC2c3cc(OC)c(OC)cc3CC[N+]2(C)CCC(=O)OCCCCCOC(=O)CC[N+]2(C)CCc3cc(OC)c(OC)cc3C2Cc2ccc(OC)c(OC)c2)cc1OC,False,spectrum
Atranorin,inactive,1.0,COC(=O)c1c(C)cc(OC(=O)c2c(O)c(C=O)c(O)cc2C)c(C)c1O,False,spectrum
Atropine oxide,inactive,1.0,C[N+]1([O-])[C@H]2CC[C@@H]1CC(OC(=O)C(CO)c1ccccc1)C2,False,spectrum
Atropine sulfate,inactive,1.0,CN1C2CCC1CC(OC(=O)C(CO)c1ccccc1)C2,False,spectrum
Auraptene,inactive,1.0,CC(C)=CCC/C(C)=C/COc1cc2c(cc1)ccc(=O)o2,False,spectrum
Aurin tricarboxylic acid,inactive,1.0,O=C(O)C1=CC(=C(c2ccc(O)c(C(=O)O)c2)c2ccc(O)c(C(=O)O)c2)C=CC1=O,False,spectrum
Avobenzone,inactive,1.0,COc1ccc(C(=O)CC(=O)c2ccc(C(C)(C)C)cc2)cc1,False,spectrum
Avocadene,inactive,1.0,C=CCCCCCCCCCCCC(O)CC(O)CO,False,spectrum
Avocadene acetate,inactive,1.0,C=CCCCCCCCCCCCC(O)CC(O)COC(C)=O,False,spectrum
Avocadyne,inactive,1.0,C#CCCCCCCCCCCCC(O)CC(O)CO,False,spectrum
Avocadyne acetate,inactive,1.0,C#CCCCCCCCCCCCC(O)CC(O)COC(C)=O,False,spectrum
Avocadynofuran,inactive,1.0,C#CCCCCCCCCCCCc1ccco1,False,spectrum
Avocatin a,inactive,1.0,C#CCCCCCCCCCCCC(O)CC(O)COC(C)=O.C=CCCCCCCCCCCCC(O)CC(O)COC(C)=O,False,spectrum
Avocatin b,inactive,1.0,C#CCCCCCCCCCCCC(O)CC(O)CO.C=CCCCCCCCCCCCC(O)CC(O)CO,False,spectrum
Axitinib,inactive,0.5,C1(=CC=CC=C1C(=O)NC)SC2=CC3=C(C=C2)C(=NN3)/C=C/C4=CC=CC=N4,True,selleckchem
Az 960,inactive,0.5,C1=C(C(=NC(=C1F)NC2C=C(NN=2)C)N[C@H](C3=CC=C(C=C3)F)C)C#N,False,selleckchem
Az628,inactive,1.0,C1(=CC=CC(=C1)C(NC2=CC=C(C(=C2)NC3=CC4=C(C=C3)N=CN(C4=O)C)C)=O)C(C#N)(C)C,False,selleckchem
Azacitidine,inactive,1.0,Nc1nc(=O)n([C@@H]2O[C@H](CO)[C@@H](O)[C@H]2O)cn1,True,spectrum
Azadirachtin,inactive,1.0,C/C=C(\C)C(=O)O[C@H]1C[C@@H](OC(C)=O)[C@@]2(C(=O)OC)CO[C@@H]3C2[C@]12CO[C@](O)(C(=O)OC)[C@H]2[C@](C)(C12O[C@@]1(C)[C@H]1C[C@@H]2OC2OC=C[C@@]21O)[C@@H]3O,False,spectrum
Azaperone,inactive,1.0,O=C(CCCN1CCN(c2ncccc2)CC1)c1ccc(F)cc1,False,spectrum
Azatadine maleate,inactive,1.0,CN1CCC(=C2c3c(cccc3)CCc3cccnc23)CC1,False,spectrum
Azathioprine,inactive,1.0,Cn1cnc([N+](=O)[O-])c1Sc1c2ncnc-2nc[nH]1,False,spectrum
Azd-0530,inactive,1.0,CN1CCN(CCOc2cc3c(c(OC4CCOCC4)c2)c(Nc2c(Cl)ccc4c2OCO4)ncn3)CC1,False,selleckchem
Azd2014,reducer,1.0,C1=C(N=C2C(=C1)C(=NC(=N2)N3[C@H](COCC3)C)N4[C@H](COCC4)C)C5=CC(=CC=C5)C(NC)=O,False,selleckchem
Azd4547,inactive,1.0,C1(=CC(=CC(=C1)CCC2=CC(=NN2)NC(=O)C3=CC=C(C=C3)N4C[C@@H](N[C@@H](C4)C)C)OC)OC,False,selleckchem
Azd5438,inactive,1.0,C1=C(C=CC(=C1)NC2=NC=CC(=N2)C3=CN=C(N3C(C)C)C)S(=O)(C)=O,False,selleckchem
Azd6244,inactive,1.0,C1=C2C(=C(C(=C1C(NOCCO)=O)NC3=CC=C(C=C3Cl)Br)F)N=CN2C,True,selleckchem
Azd7762,inactive,0.5,C1(=CC=CC(=C1)C2SC(=C(C=2)NC(N)=O)C(N[C@@H]3CNCCC3)=O)F,False,selleckchem
Azd8055,reducer,1.0,C1(=C(C=CC(=C1)C2=NC3=C(C=C2)C(=NC(=N3)N4[C@H](COCC4)C)N5[C@H](COCC5)C)OC)CO,False,selleckchem
Azd8330,inactive,1.0,C1=C(C=CC(=C1F)NC2N(C(C(=CC=2C(NOCCO)=O)C)=O)C)I,False,selleckchem
Azd8931,inactive,1.0,C1(=C(C=C2C(=C1)C(=NC=N2)NC3=C(F)C(=CC=C3)Cl)OC)OC4CCN(CC4)CC(NC)=O,False,selleckchem
Azelaic acid,inactive,1.0,O=C(O)CCCCCCCC(=O)O,False,spectrum
Azelastine hydrochloride,inactive,1.0,CN1CCCC(n2nc(Cc3ccc(Cl)cc3)c3c(cccc3)c2=O)CC1,False,spectrum
Azilsartan kamedoxomil,inactive,1.0,CCOc1nc2cccc(C(=O)OCc3c(C)oc(=O)o3)c2n1Cc1ccc(-c2ccccc2-c2noc(O)n2)cc1,False,spectrum
Azithromycin,inactive,1.0,CC[C@H]1OC(=O)[C@H](C)[C@@H](O[C@H]2C[C@@](C)(OC)[C@@H](O)[C@H](C)O2)[C@H](C)[C@@H](O[C@@H]2O[C@H](C)C[C@H](N(C)C)[C@H]2O)[C@](C)(O)C[C@@H](C)CN(C)[C@H](C)[C@@H](O)[C@]1(C)O,False,spectrum
Azlocillin sodium,inactive,1.0,CC1(C)S[C@@H]2[C@H](NC(=O)[C@H](NC(=O)N3CCNC3=O)c3ccccc3)C(=O)N2C1C(=O)O,False,spectrum
Azobenzene,inactive,1.0,c1ccc(/N=N\c2ccccc2)cc1,False,spectrum
Aztreonam,inactive,1.0,C[C@H]1[C@H](NC(=O)/C(=N/OC(C)(C)C(=O)O)c2csc(N)n2)C(=O)N1S(=O)(=O)O,False,spectrum
BS-181 HCl,inactive,1.0,C1(=CC(=NC2N1N=CC=2C(C)C)NCCCCCCN)NCC3(=CC=CC=C3).Cl,False,selleckchem
Bacampicillin hydrochloride,inactive,1.0,CCOC(=O)OC(C)OC(=O)C1N2C(=O)C(NC(=O)[C@H](N)c3ccccc3)C2SC1(C)C,False,spectrum
Baccatin iii,inactive,1.0,CC(=O)O[C@H]1C(=O)[C@@]2(C)C([C@H](OC(=O)c3ccccc3)[C@]3(O)C[C@H](O)C(C)=C1C3(C)C)[C@]1(OC(C)=O)CO[C@@H]1C[C@@H]2O,False,spectrum
Bacitracin,inactive,1.0,CCC(C)C(N)C1=NC(C(=O)NC(CC(C)C)C(=O)NC(CCC(=O)O)C(=O)NC(C(=O)NCCCCC2NC(=O)C(CC(N)=O)NC(=O)C(CC(=O)O)NC(=O)C(Cc3c[nH]cn3)NC(=O)C(Cc3ccccc3)NC(=O)C(C(C)CC)NC(=O)C(CCCN)NC2=O)C(C)CC)CS1,False,spectrum
Baclofen,enhancer,1.0,NCC(CC(=O)O)c1ccc(Cl)cc1,False,spectrum
Baicalein,inactive,1.0,O=c1cc(-c2ccccc2)oc2cc(O)c(O)c(O)c12,False,spectrum
Baicalin,inactive,1.0,O=C(O)[C@H]1O[C@@H](Oc2c(O)c(O)c3c(=O)cc(-c4ccccc4)oc3c2)[C@H](O)[C@@H](O)[C@@H]1O,False,spectrum
Balsalazide disodium,inactive,1.0,O=C(O)CCNC(=O)c1ccc(/N=N/c2cc(C(=O)O)c(O)cc2)cc1,False,spectrum
Bambuterol hydrochloride,inactive,1.0,CN(C)C(=O)Oc1cc(C(O)CNC(C)(C)C)cc(OC(=O)N(C)C)c1,False,spectrum
Barasertib,inactive,1.0,C1(=CC=C2C(=C1)N=CN=C2NC3NN=C(C=3)CC(NC4=CC=CC(=C4)F)=O)OCCCN(CCO)CC,False,selleckchem
Barbital,inactive,1.0,CCC1(CC)C(=O)NC(=O)NC1=O,False,spectrum
Baricitinib,inactive,1.0,N1(CC(C1)(CC#N)N2N=CC(=C2)C3C4=C(N=CN=3)NC=C4)S(=O)(=O)CC,False,selleckchem
Batyl alcohol,inactive,1.0,CCCCCCCCCCCCCCCCCCOCC(O)CO,False,spectrum
Beclamide,inactive,1.0,O=C(CCCl)NCc1ccccc1,False,spectrum
Beclomethasone dipropionate,inactive,1.0,CCC(=O)OCC(=O)C1(OC(=O)CC)C(C)CC2C3CCC4=CC(=O)C=CC4(C)C3(Cl)C(O)CC21C,False,spectrum
Bekanamycin sulfate,inactive,1.0,NC[C@H]1O[C@H](O[C@@H]2[C@@H](N)C[C@@H](N)[C@H](O[C@H]3O[C@H](CO)[C@@H](O)[C@H](N)[C@H]3O)[C@H]2O)[C@H](N)[C@@H](O)[C@@H]1O,False,spectrum
Bemotrizinol,inactive,1.0,CCCCC(CC)COc1cc(O)c(-c2nc(-c3ccc(OC)cc3)nc(-c3c(O)cc(OCC(CC)CCCC)cc3)n2)cc1,False,spectrum
Benazepril hydrochloride,inactive,1.0,CCOC(=O)[C@H](CCc1ccccc1)N[C@H]1CCc2c(cccc2)N(CC(=O)O)C1=O,False,spectrum
Bendroflumethiazide,inactive,1.0,NS(=O)(=O)c1cc2c(cc1C(F)(F)F)NC(Cc1ccccc1)NS2(=O)=O,False,spectrum
Benfluorex hydrochloride,inactive,1.0,CC(Cc1cccc(C(F)(F)F)c1)NCCOC(=O)c1ccccc1,False,spectrum
Benfotiamine,inactive,1.0,C/C(=C(/CCOP(=O)(O)O)SC(=O)c1ccccc1)N(C=O)Cc1cnc(C)nc1N,False,spectrum
Benoxinate hydrochloride,inactive,1.0,CCCCOc1c(N)ccc(C(=O)OCCN(CC)CC)c1,False,spectrum
Benserazide hydrochloride,enhancer,1.0,NC(CO)C(=O)NNCc1ccc(O)c(O)c1O,False,spectrum
Benurestat,inactive,1.0,O=C(CNC(=O)c1ccc(Cl)cc1)NO,False,spectrum
Benzalkonium chloride,reducer,1.0,CCCCCCCCCCCCC[N+](C)(C)Cc1ccccc1,False,spectrum
Benzanthrone,inactive,1.0,O=C1c2c(cccc2)-c2cccc3cccc1c23,False,spectrum
Benzbromarone,inactive,1.0,CCc1c(C(=O)c2cc(Br)c(O)c(Br)c2)c2c(cccc2)o1,False,spectrum
Benzethonium chloride,inactive,1.0,CC(C)(C)CC(C)(C)c1ccc(OCCOCC[N+](C)(C)Cc2ccccc2)cc1,False,spectrum
Benzocaine,inactive,1.0,CCOC(=O)c1ccc(N)cc1,False,spectrum
Benzoclidine,inactive,1.0,O=C(OC1CN2CCC1CC2)c1ccccc1,False,spectrum
Benzoic acid,inactive,1.0,O=C(O)c1ccccc1,False,spectrum
Benzonatate,inactive,1.0,CCCCNc1ccc(C(=O)OCCOCCOCCOCCOCCOCCOCCOCCOCCOC)cc1,False,spectrum
Benzoxiquine,inactive,1.0,O=C(Oc1cccc2cccnc12)c1ccccc1,False,spectrum
Benzoyl peroxide,inactive,1.0,O=C(OOC(=O)c1ccccc1)c1ccccc1,False,spectrum
Benzoylpas,inactive,1.0,O=C(Nc1cc(O)c(C(=O)O)cc1)c1ccccc1,False,spectrum
Benzthiazide,inactive,1.0,NS(=O)(=O)c1cc2c(cc1Cl)N=C(CSCc1ccccc1)NS2(=O)=O,False,spectrum
Benzydamine hydrochloride,reducer,0.6,CN(C)CCCOc1nn(Cc2ccccc2)c2c1cccc2,False,spectrum
Benzyl benzoate,inactive,1.0,O=C(OCc1ccccc1)c1ccccc1,False,spectrum
Benzyl isothiocyanate,reducer,1.0,S=C=NCc1ccccc1,False,spectrum
Benzylhydrazine hydrochloride,inactive,1.0,NNCc1ccccc1,False,spectrum
Bephenium hydroxynapthoate,inactive,1.0,C[N+](C)(CCOc1ccccc1)Cc1ccccc1.O=C([O-])c1cc2ccccc2cc1O,False,spectrum
Bepridil hydrochloride,inactive,1.0,CC(C)COCC(CN(Cc1ccccc1)c1ccccc1)N1CCCC1,False,spectrum
Berbamine hydrochloride,inactive,1.0,COc1cc2c3cc1Oc1c(OC)c(OC)cc4c1[C@@H](Cc1cccc(c1)Oc1cc(O)c(cc1)C[C@@H]3N(C)CC2)N(C)CC4,False,spectrum
Berberine chloride,inactive,1.0,COc1c(OC)c2c[n+]3c(cc2cc1)-c1cc2c(cc1CC3)OCO2,False,spectrum
Bergapten,inactive,1.0,COc1c2ccoc2cc2c1ccc(=O)o2,False,spectrum
Bergenin,inactive,1.0,COc1c(O)c2c(cc1O)C(=O)O[C@H]1[C@@H](O)[C@H](O)[C@@H](CO)O[C@H]21,False,spectrum
Betahistine hydrochloride,inactive,1.0,CNCCc1ncccc1,False,spectrum
Betaine hydrochloride,inactive,1.0,C[N+](C)(C)CC(=O)[O-],False,spectrum
Betamethasone,inactive,1.0,C[C@H]1CC2C3CCC4=CC(=O)C=C[C@]4(C)[C@@]3(F)[C@@H](O)C[C@]2(C)[C@@]1(O)C(=O)CO,False,spectrum
Betamethasone 17.21-dipropionate,inactive,1.0,CCC(=O)OCC(=O)[C@@]1(OC(=O)CC)[C@@H](C)CC2C3CCC4=CC(=O)C=C[C@]4(C)C3(F)[C@@H](O)C[C@@]21C,False,spectrum
Betamethasone acetate,inactive,1.0,CC(=O)OCC(=O)[C@@]1(O)[C@@H](C)CC2C3CCC4=CC(=O)C=C[C@]4(C)[C@@]3(F)[C@@H](O)C[C@@]21C,False,spectrum
Betamethasone sodium phosphate,inactive,1.0,C[C@H]1CC2C3CCC4=CC(=O)C=C[C@]4(C)[C@@]3(F)[C@@H](O)C[C@]2(C)[C@@]1(O)C(=O)COP(=O)(O)O,False,spectrum
Betamethasone valerate,reducer,0.6,CCCCC(=O)O[C@]1(C(=O)CO)[C@@H](C)CC2C3CCC4=CC(=O)C=C[C@]4(C)[C@@]3(F)C(O)C[C@@]21C,False,spectrum
Betamipron,inactive,1.0,O=C(O)CCNC(=O)c1ccccc1,False,spectrum
Betaxalol hydrochloride,inactive,1.0,CC(C)NCC(O)COc1ccc(CCOCC2CC2)cc1,False,spectrum
Betazole hydrochloride,inactive,1.0,NCCc1n[nH]cc1,False,spectrum
Bethanechol chloride,inactive,1.0,CC(C[N+](C)(C)C)OC(N)=O,False,spectrum
Betulin,inactive,1.0,C=C(C)[C@@H]1CC[C@]2(CO)CC[C@]3(C)[C@H](CCC4[C@@]5(C)CC[C@H](O)C(C)(C)C5CC[C@]43C)C12,False,spectrum
Betulinic acid,inactive,1.0,C=C(C)[C@@H]1CC[C@]2(C(=O)O)CCC3[C@H](CCC4[C@@]3(C)CCC3C(C)(C)[C@H](O)CC[C@@]34C)C12,False,spectrum
Bez235,reducer,1.0,C12=CN=C3C(=C1N(C(N2C)=O)C4=CC=C(C=C4)C(C#N)(C)C)C=C(C=C3)C5=CC6=C(N=C5)C=CC=C6,False,selleckchem
Bezafibrate,inactive,1.0,CC(C)(Oc1ccc(CCNC(=O)c2ccc(Cl)cc2)cc1)C(=O)O,False,spectrum
Bgj398,reducer,1.0,N(C(=O)NC1C(=C(C=C(C=1Cl)OC)OC)Cl)(C)C2N=CN=C(C=2)NC3C=CC(=CC=3)N4CCN(CC4)CC,False,selleckchem
Bi 2536,reducer,1.0,C1(=CC=C(C(=C1)OC)NC2=NC=C3C(=N2)N([C@@H](C(N3C)=O)CC)C4CCCC4)C(NC5CCN(CC5)C)=O,False,selleckchem
Bi6727,reducer,1.0,[C@H]1(C(N(C2=C(N1C(C)C)N=C(N=C2)NC3=CC=C(C=C3OC)C(N[C@@H]4CC[C@H](CC4)N5CCN(CC5)CC6CC6)=O)C)=O)CC,False,selleckchem
Bibf1120,inactive,1.0,C1=C(C=C2C(=C1)/C(C(N2)=O)=C(\C3=CC=CC=C3)NC4=CC=C(C=C4)N(C)C(CN5CCN(CC5)C)=O)C(OC)=O,True,selleckchem
Bicalutamide,reducer,1.0,CC(O)(CS(=O)(=O)c1ccc(F)cc1)C(=O)Nc1ccc(C#N)c(C(F)(F)F)c1,False,spectrum
Bicuculline,inactive,1.0,CN1CCc2c(cc3OCOc3c2)[C@H]1C1OC(=O)c2c1ccc1c2OCO1,False,spectrum
Bicuculline(-) methiodide,inactive,1.0,C[N+]1(C)CCc2c(cc3OCOc3c2)[C@H]1C1OC(=O)c2c1ccc1c2OCO1,False,spectrum
Bifonazole,inactive,1.0,c1ccc(-c2ccc(C(c3ccccc3)n3ccnc3)cc2)cc1,False,spectrum
Bilirubin,inactive,1.0,C=CC1=C(C)/C(=C/c2c(C)c(CCC(=O)O)c(Cc3c(CCC(=O)O)c(C)c(/C=C4\NC(=O)C(C)=C4C=C)[nH]3)[nH]2)NC1=O,False,spectrum
Biochanin a,inactive,1.0,COc1ccc(-c2coc3c(c(O)cc(O)c3)c2=O)cc1,False,spectrum
Biotin,inactive,1.0,O=C(O)CCCCC1SCC2NC(=O)NC21,False,spectrum
Biperiden,inactive,1.0,OC(CCN1CCCCC1)(c1ccccc1)C1CC2C=CC1C2,False,spectrum
Birb 796,inactive,1.0,C1=C(C2=C(C(=C1)OCCN3CCOCC3)C=CC=C2)NC(NC4=CC(=NN4C5=CC=C(C=C5)C)C(C)(C)C)=O,False,selleckchem
Bisacodyl,enhancer,1.0,CC(=O)Oc1ccc(C(c2ccc(OC(C)=O)cc2)c2ncccc2)cc1,False,spectrum
Bisanhydrorutilantinone,inactive,1.0,CCc1c(C(=O)OC)c2cc3c(C(=O)c4c(O)ccc(O)c4C3=O)c(O)c2cc1,False,spectrum
Bismuth subsalicylate,inactive,1.0,O=C1O[Bi](O)Oc2ccccc21,False,spectrum
Bisoctrizole,inactive,1.0,CC(C)(C)CC(C)(C)c1cc(-n2nc3ccccc3n2)c(O)c(Cc2cc(C(C)(C)CC(C)(C)C)cc(-n3nc4ccccc4n3)c2O)c1,False,spectrum
Bisoprolol fumarate,inactive,1.0,CC(C)NCC(O)COc1ccc(COCCOC(C)C)cc1,False,spectrum
Bissalicyl fumarate,inactive,1.0,O=C(/C=C/C(=O)Oc1c(C(=O)O)cccc1)Oc1c(C(=O)O)cccc1,False,spectrum
Bithionate sodium,inactive,1.0,Oc1c(Sc2c(O)c(Cl)cc(Cl)c2)cc(Cl)cc1Cl,False,spectrum
Bitoscanate,enhancer,1.0,S=C=Nc1ccc(N=C=S)cc1,False,spectrum
Bix 02188,inactive,1.0,C1=C(C=C2C(=C1)/C(C(N2)=O)=C(/NC3=CC(=CC=C3)CN(C)C)C4=CC=CC=C4)C(NC)=O,False,selleckchem
Bix 02189,inactive,1.0,C1=C(C=C2C(=C1)/C(C(N2)=O)=C(/NC3=CC(=CC=C3)CN(C)C)C4=CC=CC=C4)C(N(C)C)=O,False,selleckchem
Bixin,inactive,1.0,COC(=O)/C=C/C(C)=C/C=C/C(C)=C/C=C/C=C(C)/C=C/C=C(C)/C=C/C(=O)O,False,spectrum
Bkm120,reducer,1.0,C1=C(N=CC(=C1C(F)(F)F)C2=NC(=NC(=C2)N3CCOCC3)N4CCOCC4)N,False,selleckchem
Bleomycin,inactive,1.0,CC[C@@H]1OC(OC(c2c[nH]cn2)C(NC(=O)c2nc(C(CC(N)=O)NCC(N)C(N)=O)nc(N)c2C)C(=O)NC(C)C(O)C(C)C(=O)NC(C(=O)NCCc2nc(-c3nc(C(=O)NCCCCNC(=N)N)cs3)cs2)C(C)O)[C@@H](O[C@H]2O[C@H](CO)[C@@H](O)[C@H](OC(N)=O)[C@@H]2O)[C@@H](C)[C@@H]1C,False,spectrum
Bms 777607,inactive,1.0,C1(=C(N=CC=C1OC2=CC=C(C=C2F)NC(=O)C3C(N(C=CC=3OCC)C4=CC=C(C=C4)F)=O)N)Cl,False,selleckchem
Bms 794833,inactive,1.0,N1=C(C(=C(C=C1)OC2=CC=C(C=C2F)NC(C3=CNC=C(C3=O)C4=CC=C(C=C4)F)=O)Cl)N,False,selleckchem
Bms-265246,inactive,1.0,C(=O)(C1C(=CC(=CC=1F)C)F)C2C(=C3C(=NC=2)NN=C3)OCCCC,False,selleckchem
Bms-599626,inactive,1.0,C1(CN[C@@H](CO1)COC(NC2=CN3C(=C2C)C(=NC=N3)NC4=CC5=C(C=C4)N(N=C5)CC6=CC(=CC=C6)F)=O).Cl,False,selleckchem
Boldine,inactive,1.0,COc1c(O)cc2CC3c4c(-c2c1)c(OC)c(O)cc4CCN3C,False,spectrum
Bornyl acetate,inactive,1.0,CC(=O)OC1CC2CCC1(C)C2(C)C,False,spectrum
Bosutinib,inactive,1.0,N1=CC(=C(C2=CC(=C(C=C12)OCCCN3CCN(CC3)C)OC)NC4C(=CC(=C(C=4)OC)Cl)Cl)C#N,True,selleckchem
Bovinocidin,inactive,1.0,O=C(O)CC[N+](=O)[O-],False,spectrum
Brazilein,inactive,1.0,O=C1C=C2C[C@@]3(O)COc4c(ccc(O)c4)C3=C2C=C1O,False,spectrum
Brazilin,inactive,1.0,Oc1cc2c(cc1)C1c3cc(O)c(O)cc3CC1(O)CO2,False,spectrum
Brinzolamide,inactive,1.0,CCNC1CN(CCCOC)S(=O)(=O)c2c1cc(S(N)(=O)=O)s2,False,spectrum
Brivanib,inactive,1.0,C12=C(C(=C(C=C1)OC3=NC=NN4C3=C(C(=C4)OC[C@@H](C)O)C)F)C=C(N2)C,False,selleckchem
Brivanib alaninate,inactive,1.0,C12=C(C(=C(C=C1)OC3=NC=NN4C3=C(C(=C4)OC[C@@H](C)OC([C@@H](N)C)=O)C)F)C=C(N2)C,False,selleckchem
Bromhexine hydrochloride,inactive,1.0,CN(Cc1c(N)c(Br)cc(Br)c1)C1CCCCC1,False,spectrum
Bromindione,inactive,1.0,O=C1c2c(cccc2)C(=O)C1c1ccc(Br)cc1,False,spectrum
Bromocriptine mesylate,inactive,1.0,CC(C)CC1C(=O)N2CCC[C@H]2C2(O)O[C@](NC(=O)C3C=C4c5c6c(c(Br)[nH]c6ccc5)C[C@H]4N(C)C3)(C(C)C)C(=O)N12,False,spectrum
Bromopride,inactive,1.0,CCN(CC)CCNC(=O)c1c(OC)cc(N)c(Br)c1,False,spectrum
Bromperidol,inactive,1.0,O=C(CCCN1CCC(O)(c2ccc(Br)cc2)CC1)c1ccc(F)cc1,False,spectrum
Brompheniramine maleate,inactive,1.0,CN(C)CCC(c1ccc(Br)cc1)c1ncccc1,False,spectrum
Bronopol,inactive,1.0,O=[N+]([O-])C(Br)(CO)CO,False,spectrum
Broxaldine,inactive,1.0,Cc1ccc2c(Br)cc(Br)c(OC(=O)c3ccccc3)c2n1,False,spectrum
Broxyquinoline,inactive,1.0,Oc1c2ncccc2c(Br)cc1Br,False,spectrum
Brucine,inactive,1.0,COc1cc2c(cc1OC)[C@@]13CCN4CC5=CCOC6CC(=O)N2C1[C@H]6[C@H]5C[C@H]43,False,spectrum
Bucetin,inactive,1.0,CCOc1ccc(NC(=O)CC(C)O)cc1,False,spectrum
Bucladesine,reducer,1.0,CCCC(=O)Nc1ncnc2c1ncn2C1O[C@@H]2COP(=O)(O)O[C@H]2[C@H]1OC(=O)CCC,False,spectrum
Budesonide,inactive,1.0,CCCC1O[C@@H]2CC3C4CCC5=CC(=O)C=CC5(C)C4[C@@H](O)CC3(C)[C@]2(C(=O)CO)O1,False,spectrum
Bufexamac,inactive,1.0,CCCCOc1ccc(CC(=O)NO)cc1,False,spectrum
Buflomedil hydrochloride,inactive,1.0,COc1cc(OC)c(C(=O)CCCN2CCCC2)c(OC)c1,False,spectrum
Bumetanide,inactive,1.0,CCCCNc1cc(C(=O)O)cc(S(N)(=O)=O)c1Oc1ccccc1,False,spectrum
Bupivacaine hydrochloride,inactive,1.0,CCCCN1CCCCC1C(=O)Nc1c(C)cccc1C,False,spectrum
Bupropion,inactive,1.0,CC(NC(C)(C)C)C(=O)c1cc(Cl)ccc1,False,spectrum
Buramate,inactive,1.0,O=C(NCc1ccccc1)OCCO,False,spectrum
Buspirone hydrochloride,inactive,1.0,O=C1CC2(CCCC2)CC(=O)N1CCCCN1CCN(c2ncccn2)CC1,False,spectrum
Bussein,inactive,1.0,COC(=O)C[C@H]1C2(C)CC34OC5(C)O[C@]6(C7/C(=C(/O)C(C)C)C(=O)O[C@@H](c8cocc8)[C@]7(C)C(OC(C)=O)[C@@H](OC(C)=O)[C@]6(O5)[C@]13C)[C@H](OC(C)=O)[C@@]4(O)C2OC(=O)C(C)C,False,spectrum
Busulfan,inactive,1.0,CS(=O)(=O)OCCCCOS(C)(=O)=O,True,spectrum
Butacaine,inactive,1.0,CCCCN(CCCC)CCCOC(=O)c1ccc(N)cc1,False,spectrum
Butamben,inactive,1.0,CCCCOC(=O)c1ccc(N)cc1,False,spectrum
Butoconazole,inactive,1.0,Clc1ccc(CCC(Cn2ccnc2)Sc2c(Cl)cccc2Cl)cc1,False,spectrum
Butyl paraben,inactive,1.0,CCCCOC(=O)c1ccc(O)cc1,False,spectrum
Butylated hydroxyanisole,inactive,1.0,COc1cc(C(C)(C)C)c(O)cc1,False,spectrum
Butylated hydroxytoluene,inactive,1.0,Cc1cc(C(C)(C)C)c(O)c(C(C)(C)C)c1,False,spectrum
Bx-795,reducer,1.0,N1(CCCC1)C(=O)NC2C=C(C=CC=2)NC3N=C(C(=CN=3)I)NCCCNC(C4=CC=CS4)=O,False,selleckchem
Bx-912,inactive,1.0,N1(CCCC1)C(=O)NC2C=C(C=CC=2)NC3N=C(C(=CN=3)Br)NCCC4=CN=CN4,False,selleckchem
Byl719,inactive,1.0,N1([C@@H](CCC1)C(=O)N)C(=O)NC2SC(=C(N=2)C)C3=CC(=NC=C3)C(C(F)(F)F)(C)C,True,selleckchem
CARYOPHYLLENE [t(-)],inactive,1.0,C=C1C/C=C(\C)CC[C@@H]2[C@@H]1CC2(C)C,False,spectrum
CHLOROPHYLLIDE Cu COMPLEX Na SALT,inactive,1.0,C=Cc1c(C)/c2[nH]/c1=C\c1[nH]c(c(CC)c1C)/C=c1\[nH]c3c(c1C)C(=O)C(C(=O)O)C=3c1[nH]c(c(C)c1CCC(=O)O)\C=2,False,spectrum
Cacodylic acid,inactive,1.0,C[As](C)(=O)O,False,spectrum
Cadaverine tartrate,inactive,1.0,NCCCN,False,spectrum
Cadin-4-en-10-ol,inactive,1.0,CC1=CC2C(C(C)C)CCC(C)(O)C2CC1,False,spectrum
Caffeic acid,inactive,1.0,O=C(O)/C=C/c1ccc(O)c(O)c1,False,spectrum
Caffeine,inactive,1.0,Cn1c(=O)c2c(ncn2C)n(C)c1=O,False,spectrum
Cal-101,inactive,1.0,C1=CC=C2C(=C1F)C(N(C(=N2)[C@@H](NC3=C4C(=NC=N3)NC=N4)CC)C5=CC=CC=C5)=O,True,selleckchem
Calcium chloride,inactive,1.0,Cl[Ca]Cl,False,spectrum
Calcium gluceptate,inactive,1.0,O=C([O-])C(O)[C@H](O)[C@H](O)[C@H](O)[C@H](O)CO.O=C([O-])C(O)[C@H](O)[C@H](O)[C@H](O)[C@H](O)CO.[Ca+2],False,spectrum
Camphor,enhancer,1.0,CC1(C)[C@@H]2CC[C@@]1(C)C(=O)C2,False,spectrum
Camptothecin,inactive,0.4,CC[C@@]1(O)C(=O)OCc2c1cc1-c3nc4ccccc4cc3Cn1c2=O,False,spectrum
Camylofine dihydrochloride,inactive,1.0,CCN(CC)CCNC(C(=O)OCCC(C)C)c1ccccc1,False,spectrum
Canavanine,inactive,1.0,N=C(N)NOCC[C@H](N)C(=O)O,False,spectrum
Candesartan cilextil,inactive,1.0,CCOc1nc2cccc(C(=O)OC(C)OC(=O)OC3CCCCC3)c2n1Cc1ccc(-c2ccccc2-c2nnn[nH]2)cc1,False,spectrum
Candicidin,inactive,1.0,CC1/C=C/C=C/C=C/C=C/C=C/C=C/C=C/C(O[C@@H]2O[C@H](C)[C@H](O)[C@@H](O)[C@@H]2N)CC(O)C(C(=O)O)C(O)CC(=O)CC(O)CC(O)CC(O)CC(=O)CCCC(=O)CC(=O)OC1C(C)CC(C)C(O)CC(=O)c1ccc(N)cc1,False,spectrum
Canrenoic acid. potassium salt,inactive,1.0,C[C@]12CCC3C(C=CC4=CC(=O)CC[C@@]43C)C1CC[C@@]2(O)CCC(=O)O,False,spectrum
Canrenone,inactive,1.0,C[C@]12CCC3C(C=CC4=CC(=O)CC[C@@]43C)C1CC[C@@]21CCC(=O)O1,False,spectrum
Cantharidin,inactive,1.0,C[C@]12C(=O)OC(=O)[C@@]1(C)C1CCC2O1,False,spectrum
Canthaxanthin,inactive,1.0,CC1=C(/C=C/C(C)=C/C=C/C(C)=C/C=C/C=C(C)/C=C/C=C(C)/C=C/C2=C(C)C(=O)CCC2(C)C)C(C)(C)CCC1=O,False,spectrum
Capobenic acid,inactive,1.0,COc1c(OC)c(OC)cc(C(=O)NCCCCCC(=O)O)c1,False,spectrum
Capreomycin sulfate,enhancer,1.0,N=C1NCCC(C2NC(=O)/C(=C\NC(N)=O)NC(=O)C(CNC(=O)CC(N)CCCN)NC(=O)C(CO)NC(=O)C(N)CNC2=O)N1,False,spectrum
Capsaicin,inactive,1.0,COc1c(O)ccc(CNC(=O)CCCC/C=C/C(C)C)c1,False,spectrum
Capsanthin,inactive,1.0,CC1=C(/C=C/C(C)=C/C=C/C(C)=C/C=C/C=C(C)/C=C/C=C(C)/C=C/C(=O)[C@]2(C)C[C@@H](O)CC2(C)C)C(C)(C)C[C@H](O)C1,False,spectrum
Captamine,inactive,1.0,CN(C)CCS,False,spectrum
Captopril,enhancer,1.0,C[C@H](CS)C(=O)N1CCC[C@H]1C(=O)O,False,spectrum
Carapin,inactive,1.0,COC(=O)C[C@H]1C(C)(C)C(=O)[C@@H]2CC3C4=CC(=O)O[C@@H](c5cocc5)[C@]4(C)CCC3[C@]1(C)C2=O,False,spectrum
Carapin-8(9)-ene,inactive,1.0,COC(=O)C[C@H]1C(C)(C)C(=O)[C@@H]2CC3=C(CC[C@]4(C)C3=CC(=O)O[C@H]4c3cocc3)[C@]1(C)C2=O,False,spectrum
Carbachol,inactive,1.0,C[N+](C)(C)CCOC(N)=O,False,spectrum
Carbadox,inactive,1.0,COC(=O)N/N=C/c1[n+]([O-])c2c(cccc2)[n+]([O-])c1,False,spectrum
Carbamazepine,inactive,1.0,NC(=O)N1c2c(C=Cc3c1cccc3)cccc2,False,spectrum
Carbarsone,inactive,1.0,NC(=O)Nc1ccc([As](=O)(O)O)cc1,False,spectrum
Carbenicillin disodium,inactive,1.0,CC1(C)S[C@@H]2[C@H](NC(=O)C(C(=O)O)c3ccccc3)C(=O)N2[C@H]1C(=O)O,False,spectrum
Carbenoxolone sodium,inactive,1.0,CC1(C)C2CC[C@]3(C)C(C(=O)C=C4[C@@H]5C[C@@](C)(C(=O)O)CC[C@]5(C)CC[C@]43C)[C@@]2(C)CC[C@@H]1OC(=O)CCC(=O)O,False,spectrum
Carbetapentane citrate,inactive,1.0,CCN(CC)CCOCCOC(=O)C1(c2ccccc2)CCCC1,False,spectrum
Carbidopa,inactive,1.0,C[C@@](Cc1ccc(O)c(O)c1)(NN)C(=O)O,False,spectrum
Carbimazole,inactive,1.0,CCOC(=O)n1ccn(C)c1=S,False,spectrum
Carbinoxamine maleate,inactive,1.0,CN(C)CCOC(c1ccc(Cl)cc1)c1ncccc1,False,spectrum
Carboplatin,inactive,1.0,N.N.O=C1O[Pt]OC(=O)C12CCC2,False,spectrum
Carglumic acid,inactive,1.0,C=C(N)N[C@@H](CCC(=O)O)C(=O)O,False,spectrum
Carisoprodol,inactive,1.0,CCCC(C)(COC(N)=O)COC(=O)NC(C)C,False,spectrum
Carminic acid,inactive,1.0,Cc1c(C(=O)O)c(O)cc2c1C(=O)c1c(C2=O)c(O)c(O)c(O[C@H]2O[C@H](CO)[C@@H](O)[C@H](O)[C@H]2O)c1O,False,spectrum
Carmofur,inactive,1.0,CCCCCCNC(=O)n1cc(F)c(=O)[nH]c1=O,False,spectrum
Carmustine,inactive,1.0,O=NN(CCCl)C(=O)NCCCl,True,spectrum
Carnitine hydrochloride,inactive,1.0,C[N+](C)(C)CC(O)CC(=O)O,False,spectrum
Carnosic acid,inactive,1.0,CC(C)c1c(O)c(O)c2c(c1)CCC1C(C)(C)CCC[C@]21C(=O)O,False,spectrum
Carnosine,inactive,1.0,NCCC(=O)N[C@@H](Cc1c[nH]cn1)C(=O)O,False,spectrum
Carprofen,inactive,1.0,CC(C(=O)O)c1cc2c(cc1)c1c(ccc(Cl)c1)[nH]2,False,spectrum
Carsalam,inactive,1.0,O=c1[nH]c(=O)c2ccccc2o1,False,spectrum
Carteolol hydrochloride,inactive,1.0,CC(C)(C)NCC(O)COc1cccc2c1CCC(=O)N2,False,spectrum
Carvedilol,inactive,1.0,COc1c(OCCNCC(O)COc2cccc3c2c2c(cccc2)[nH]3)cccc1,False,spectrum
Carylophyllene oxide,inactive,1.0,C=C1CC2OC2(C)CC[C@@H]2[C@@H]1CC2(C)C,False,spectrum
Carzenide,inactive,1.0,NS(=O)(=O)c1ccc(C(=O)O)cc1,False,spectrum
Casanthranol,inactive,1.0,O=C1c2c(O)cccc2[C@@H](O[C@@H]2O[C@H](CO)[C@H](O)[C@@H](O)[C@H]2O)c2c1c(O)cc(CO)c2,False,spectrum
Catechin pentaacetate,inactive,1.0,CC(=O)Oc1cc2c(C[C@H](OC(C)=O)[C@@H](c3ccc(OC(C)=O)c(OC(C)=O)c3)O2)c(OC(C)=O)c1,False,spectrum
Catechin tetramethylether,inactive,1.0,COc1cc2c(C[C@H](O)[C@@H](c3cc(OC)c(OC)cc3)O2)c(OC)c1,False,spectrum
Cay10505,inactive,1.0,C1(=CC=C(C=C1)C2OC(=CC=2)/C=C3\C(NC(S3)=O)=O)F,False,selleckchem
Cct128930,inactive,1.0,N1=CN=C2C(=C1N3CCC(CC3)(N)CC4=CC=C(C=C4)Cl)C=CN2,False,selleckchem
Cct129202,inactive,1.0,C1(=CN=C2C(=C1N3CCN(CC3)CC(NC4SC=CN=4)=O)N=C(N2)C5=CC=C(C=C5)N(C)C)Cl,False,selleckchem
Cct137690,reducer,1.0,C1(=CN=C2C(=C1N3CCN(CC3)CC4C=C(ON=4)C)N=C(N2)C5=CC=C(C=C5)N6CCN(CC6)C)Br,False,selleckchem
Cearoin,inactive,1.0,COc1cc(O)c(C(=O)c2ccccc2)cc1O,False,spectrum
Cediranib,inactive,1.0,C1(=C(C=C2C(=C1)C(=NC=N2)OC3=C(C4=C(C=C3)NC(=C4)C)F)OCCCN5CCCC5)OC,False,selleckchem
Cedrelone,reducer,1.0,CC1(C)C(=O)C=C[C@@]2(C)C1=C(O)C(=O)[C@]1(C)C2CC[C@@]2(C)[C@H](c3cocc3)C[C@H]3O[C@]321,False,spectrum
Cedrol,inactive,1.0,C[C@@H]1CC[C@H]2C(C)(C)C3CC21CC[C@@]3(C)O,False,spectrum
Cedryl acetate,inactive,1.0,CC(=O)O[C@]1(C)CC[C@@]23CC1C(C)(C)[C@@H]2CC[C@H]3C,False,spectrum
Cefaclor,inactive,1.0,N[C@@H](C(=O)N[C@@H]1C(=O)N2C(C(=O)O)=C(Cl)CS[C@H]12)c1ccccc1,False,spectrum
Cefadroxil,inactive,1.0,CC1=C(C(=O)O)N2C(=O)[C@@H](NC(=O)C(N)c3ccc(O)cc3)[C@H]2SC1,False,spectrum
Cefalonium,inactive,1.0,NC(=O)c1cc[n+](CC2=C(C(=O)[O-])N3C(=O)[C@@H](NC(=O)Cc4cccs4)[C@H]3SC2)cc1,False,spectrum
Cefamandole nafate,inactive,1.0,Cn1nnnc1SCC1=C(C(=O)O)N2C(=O)C(NC(=O)C(OC=O)c3ccccc3)C2SC1,False,spectrum
Cefamandole sodium,inactive,1.0,Cn1nnnc1SCC1=C(C(=O)O)N2C(=O)C(NC(=O)C(O)c3ccccc3)C2SC1,False,spectrum
Cefazolin sodium,inactive,1.0,Cc1nnc(SCC2=C(C(=O)O)N3C(=O)[C@@H](NC(=O)Cn4cnnn4)[C@H]3SC2)s1,False,spectrum
Cefdinir,inactive,1.0,C=CC1=C(C(=O)O)N2C(=O)[C@@H](NC(=O)/C(=N\O)c3csc(N)n3)[C@H]2SC1,False,spectrum
Cefditorin pivoxil,inactive,1.0,CO/N=C(\C(=O)NC1C(=O)N2C(C(=O)OCOC(=O)C(C)(C)C)=C(/C=C\c3c(C)ncs3)CSC12)c1csc(N)n1,False,spectrum
Cefepime hydrochloride,inactive,1.0,CO/N=C(/C(=O)NC1C(=O)N2C(C(=O)O)=C(C[N+]3(C)CCCC3)CSC12)c1csc(N)n1,False,spectrum
Cefmenoxime hydrochloride,inactive,1.0,CO/N=C(/C(=O)NC1C(=O)N2C(C(=O)O)=C(CSc3nnnn3C)CSC12)c1csc(N)n1,False,spectrum
Cefmetazole sodium,inactive,1.0,CO[C@@]1(NC(=O)CSCC#N)C(=O)N2C(C(=O)O)=C(CSc3nnnn3C)CSC21,False,spectrum
Cefonicid sodium,inactive,1.0,O=C(O)C1=C(CSc2nnnn2CS(=O)(=O)O)CS[C@@H]2C(NC(=O)[C@H](O)c3ccccc3)C(=O)N12,False,spectrum
Cefoperazone,inactive,1.0,CCN1CCN(C(=O)NC(C(=O)NC2C(=O)N3C(C(=O)O)=C(CSc4nnnn4C)CSC23)c2ccc(O)cc2)C(=O)C1=O,False,spectrum
Ceforanide,inactive,1.0,NCc1c(CC(=O)NC2C(=O)N3C(C(=O)O)=C(CSc4nnnn4CC(=O)O)CSC23)cccc1,False,spectrum
Cefotaxime sodium,inactive,1.0,CO/N=C(/C(=O)N[C@@H]1C(=O)N2C(C(=O)O)=C(COC(C)=O)CS[C@H]12)c1csc(N)n1,False,spectrum
Cefotetan,inactive,1.0,CO[C@@]1(NC(=O)C2SC(=C(C(N)=O)C(=O)O)S2)C(=O)N2C(C(=O)O)=C(CSc3nnnn3C)CSC21,False,spectrum
Cefoxitin sodium,inactive,1.0,CO[C@@]1(NC(=O)Cc2cccs2)C(=O)N2C(C(=O)O)=C(COC(N)=O)CS[C@@H]21,False,spectrum
Cefpiramide,inactive,1.0,Cc1cc(O)c(C(=O)N[C@@H](C(=O)N[C@@H]2C(=O)N3C(C(=O)O)=C(CSc4nnnn4C)CSC23)c2ccc(O)cc2)cn1,False,spectrum
Cefpodoxime proxetil,inactive,1.0,COCC1=C(C(=O)OC(C)OC(=O)OC(C)C)N2C(=O)[C@@H](NC(=O)/C(=N/OC)c3csc(N)n3)[C@H]2SC1,False,spectrum
Cefprozil,inactive,1.0,C/C=C\C1=C(C(=O)O)N2C(=O)C(NC(=O)C(N)c3ccc(O)cc3)C2SC1,False,spectrum
Cefsulodin sodium,inactive,1.0,NC(=O)c1cc[n+](CC2=C(C(=O)O)N3C(=O)C(NC(=O)C(c4ccccc4)S(=O)(=O)[O-])C3SC2)cc1,False,spectrum
Ceftazidime,inactive,1.0,CC(C)(O/N=C(\C(=O)N[C@@H]1C(=O)N2C(C(=O)[O-])=C(C[n+]3ccccc3)CSC12)c1csc(N)n1)C(=O)O,False,spectrum
Ceftibuten,inactive,1.0,Nc1nc(/C(=C/CC(=O)O)C(=O)N[C@@H]2C(=O)N3C(C(=O)O)=CCS[C@H]23)cs1,False,spectrum
Ceftiofur hydrochloride,inactive,1.0,CO/N=C(/C(=O)N[C@@H]1C(=O)N2C(C(=O)OCSC(=O)c3ccco3)=CCS[C@H]12)c1csc(N)n1,False,spectrum
Ceftriaxone sodium trihydrate,enhancer,1.0,CO/N=C(/C(=O)N[C@@H]1C(=O)N2C(C(=O)O)=C(CSc3nc(=O)c(O)nn3C)CS[C@H]12)c1csc(N)n1,False,spectrum
Cefuroxime axetil,inactive,1.0,CO/N=C(/C(=O)NC1C(=O)N2C(C(=O)OC(C)OC(C)=O)=C(COC(N)=O)CSC12)c1ccco1,False,spectrum
Cefuroxime sodium,inactive,1.0,CO/N=C(/C(=O)NC1C(=O)N2C(C(=O)O)=C(COC(N)=O)CSC12)c1ccco1,False,spectrum
Celastrol,reducer,1.0,CC1=C(O)C(=O)C=C2C1=CC=C1[C@@]3(C)CC[C@@]4(C)CC[C@@](C)(C(=O)O)C[C@H]4[C@]3(C)CC[C@@]21C,False,spectrum
Celecoxib,inactive,1.0,Cc1ccc(-c2cc(C(F)(F)F)nn2-c2ccc(S(N)(=O)=O)cc2)cc1,True,spectrum
Cellobiose,inactive,1.0,OC[C@H]1O[C@@H](O[C@@H]2[C@@H](CO)O[C@H](O)[C@H](O)[C@H]2O)[C@H](O)[C@@H](O)[C@@H]1O,False,spectrum
Cep33779,inactive,0.5,C1(=CC=CC(=C1)NC2N=C3N(N=2)C=CC=C3C4=CC=C(C=C4)S(=O)(C)=O)N5CCN(CC5)C,False,selleckchem
Cephalexin,inactive,1.0,CC1=C(C(=O)O)N2C(=O)[C@@H](NC(=O)C(N)c3ccccc3)[C@H]2SC1,False,spectrum
Cephalosporin c sodium,inactive,1.0,CC(=O)OCC1=C(C(=O)O)N2C(=O)[C@@H](NC(=O)CCCC(N)C(=O)O)C2SC1,False,spectrum
Cephalothin sodium,enhancer,1.0,CC(=O)OCC1=C(C(=O)O)N2C(=O)[C@@H](NC(=O)Cc3cccs3)[C@H]2SC1,False,spectrum
Cephapirin sodium,enhancer,1.0,CC(=O)OCC1=C(C(=O)O)N2C(=O)[C@@H](NC(=O)CSc3ccncc3)[C@H]2SC1,False,spectrum
Cepharanthine,inactive,1.0,COc1c2cc(cc1)C[C@@H]1c3c(cc(OC)c(c3)Oc3c4OCOc4cc4c3[C@H](Cc3ccc(cc3)O2)N(C)CC4)CCN1C,False,spectrum
Cephradine,enhancer,1.0,CC1=C(C(=O)O)N2C(=O)[C@@H](NC(=O)[C@H](N)C3=CCC=CC3)C2SC1,False,spectrum
Cetirizine hydrochloride,inactive,1.0,O=C(O)COCCN1CCN(C(c2ccccc2)c2ccc(Cl)cc2)CC1,False,spectrum
Cetrimonium bromide,reducer,1.0,CCCCCCCCCCCCCCCC[N+](C)(C)C,False,spectrum
Cetylpyridinium chloride,reducer,1.0,CCCCCCCCCCCCCCCC[n+]1ccccc1,False,spectrum
Ch5424802,inactive,1.0,C1(=CC=C2C(=C1)NC3=C2C(C4=C(C3(C)C)C=C(C(=C4)CC)N5CCC(CC5)N6CCOCC6)=O)C#N,True,selleckchem
Chaulmoogric acid,inactive,1.0,O=C(O)CCCCCCCCCCCCC1C=CCC1,False,spectrum
Chaulmoogric acid. ethyl ester,inactive,1.0,CCOC(=O)CCCCCCCCCCCCC1C=CCC1,False,spectrum
Chenodiol,inactive,1.0,C[C@H](CCC(=O)O)[C@H]1CCC2C3C(CC[C@@]21C)[C@@]1(C)CC[C@@H](O)C[C@H]1C[C@H]3O,False,spectrum
Chiniofon,inactive,1.0,O=S(=O)(O)c1c2cccnc2c(O)c(I)c1,False,spectrum
Chir-124,reducer,1.0,C1(C(=C(C2=C(N1)C=CC(=C2)Cl)N[C@H]3C4CCN(C3)CC4)C5=NC6=C(N5)C=CC=C6)=O,False,selleckchem
Chir-98014,inactive,1.0,C1=C(C=C(C(=C1)C2=NC(=NC=C2N3C=CN=C3)NCCNC4=CC=C(C(=N4)N)[N+](=O)[O-])Cl)Cl,False,selleckchem
Chloralose,enhancer,1.0,OCC(O)[C@H]1O[C@@H]2O[C@H](C(Cl)(Cl)Cl)O[C@@H]2[C@H]1O,False,spectrum
Chlorambucil,inactive,1.0,O=C(O)CCCc1ccc(N(CCCl)CCCl)cc1,True,spectrum
Chloramine-t,inactive,1.0,Cc1ccc(S(=O)(=O)NCl)cc1,False,spectrum
Chloramphenicol,inactive,1.0,O=C(N[C@@H](CO)[C@H](O)c1ccc([N+](=O)[O-])cc1)C(Cl)Cl,False,spectrum
Chloramphenicol palmitate,inactive,1.0,CCCCCCCCCCCCCCCC(=O)OC[C@H](NC(=O)C(Cl)Cl)[C@H](O)c1ccc([N+](=O)[O-])cc1,False,spectrum
Chloramphenicol sodium succinate,inactive,1.0,O=C(O)CCC(=O)OC[C@@H](NC(=O)C(Cl)Cl)[C@H](O)c1ccc([N+](=O)[O-])cc1,False,spectrum
Chloranil,inactive,1.0,O=C1C(Cl)=C(Cl)C(=O)C(Cl)=C1Cl,False,spectrum
Chlorazanil hydrochloride,enhancer,1.0,Cc1ncnc(Nc2ccc(Cl)cc2)n1,False,spectrum
Chlorcyclizine hydrochloride,inactive,1.0,CN1CCN(C(c2ccccc2)c2ccc(Cl)cc2)CC1,False,spectrum
Chlorhexidine dihydrochloride,inactive,1.0,N=C(NCCCCCCNC(=N)NC(=N)Nc1ccc(Cl)cc1)NC(=N)Nc1ccc(Cl)cc1,False,spectrum
Chlorindanol,inactive,1.0,Oc1c2CCCc2c(Cl)cc1,False,spectrum
Chlorindione,inactive,1.0,O=C1c2c(cccc2)C(=O)C1c1ccc(Cl)cc1,False,spectrum
Chlormadinone acetate,inactive,1.0,CC(=O)O[C@]1(C(C)=O)CCC2C3C=C(Cl)C4=CC(=O)CC[C@]4(C)C3CC[C@@]21C,False,spectrum
Chlormezanone,inactive,1.0,CN1C(=O)CCS(=O)(=O)C1c1ccc(Cl)cc1,False,spectrum
Chlormidazole,inactive,1.0,Cc1nc2c(cccc2)n1Cc1ccc(Cl)cc1,False,spectrum
Chlorobutanol,inactive,1.0,CC(C)(O)C(Cl)(Cl)Cl,False,spectrum
Chlorocresol,inactive,1.0,Cc1c(Cl)ccc(O)c1,False,spectrum
Chlorogenic acid,inactive,1.0,O=C(/C=C/c1ccc(O)c(O)c1)O[C@@H]1C[C@](O)(C(=O)O)C[C@@H](O)[C@H]1O,False,spectrum
Chloroguanide hydrochloride,inactive,1.0,CC(C)NC(=N)NC(=N)Nc1ccc(Cl)cc1,False,spectrum
Chloropyramine hydrochloride,inactive,1.0,CN(C)CCN(Cc1ccc(Cl)cc1)c1ncccc1,False,spectrum
Chloroquine diphosphate,inactive,1.0,CCN(CC)CCCC(C)Nc1c2ccc(Cl)cc2ncc1,False,spectrum
Chlorothiazide,inactive,1.0,NS(=O)(=O)c1cc2c(cc1Cl)N=CNS2(=O)=O,False,spectrum
Chloroxine,enhancer,1.0,Oc1c2ncccc2c(Cl)cc1Cl,False,spectrum
Chloroxylenol,inactive,1.0,Cc1c(Cl)c(C)cc(O)c1,False,spectrum
Chlorpheniramine maleate,inactive,1.0,CN(C)CCC(c1ccc(Cl)cc1)c1ncccc1,False,spectrum
Chlorpromazine,inactive,1.0,CN(C)CCCN1c2c(cccc2)Sc2c1cc(Cl)cc2,False,spectrum
Chlorpropamide,reducer,1.0,CCCNC(=O)NS(=O)(=O)c1ccc(Cl)cc1,False,spectrum
Chlorprothixene hydrochloride,inactive,1.0,CN(C)CC/C=C1\c2c(cccc2)Sc2c1cc(Cl)cc2,False,spectrum
Chlorpyrifos,inactive,1.0,CCOP(=S)(OCC)Oc1nc(Cl)c(Cl)cc1Cl,False,spectrum
Chlorquinaldol,inactive,1.0,Cc1nc2c(O)c(Cl)cc(Cl)c2cc1,False,spectrum
Chlortetracycline hydrochloride,inactive,1.0,CN(C)[C@@H]1C(O)=C(C(N)=O)C(=O)[C@@]2(O)C(O)=C3C(=O)c4c(O)ccc(Cl)c4[C@@](C)(O)[C@H]3C[C@@H]12,False,spectrum
Chlorthalidone,inactive,1.0,NS(=O)(=O)c1cc(C2(O)NC(=O)c3c2cccc3)ccc1Cl,False,spectrum
Chlorzoxazone,inactive,1.0,O=c1[nH]c2cc(Cl)ccc2o1,False,spectrum
Cholecalciferol,inactive,1.0,C=C1CC[C@H](O)C/C1=C/C=C1\CCCC2(C)C1CCC2C(C)CCCC(C)C,False,spectrum
Cholest-5-en-3-one,inactive,1.0,CC(C)CCCC(C)[C@H]1CCC2C3CC=C4CC(=O)CC[C@]4(C)C3CC[C@@]21C,False,spectrum
Cholestan-3-one,inactive,1.0,CC(C)CCCC(C)C1CCC2C3CC[C@H]4CC(=O)CC[C@]4(C)C3CC[C@]12C,False,spectrum
Cholestane,inactive,1.0,CC(C)CCCC(C)C1CCC2C3CC[C@H]4CCCC[C@]4(C)C3CC[C@]12C,False,spectrum
Cholesterol,inactive,1.0,CC(C)CCCC(C)[C@H]1CCC2C3CC=C4C[C@@H](O)CC[C@]4(C)C3CC[C@@]21C,False,spectrum
Cholesteryl acetate,inactive,1.0,CC(=O)O[C@H]1CC[C@@]2(C)C(=CCC3C2CC[C@@]2(C)C3CC[C@@H]2C(C)CCCC(C)C)C1,False,spectrum
Cholesteryl benzoate,inactive,1.0,CC(C)CCCC(C)[C@H]1CCC2C3CC=C4C[C@@H](OC(=O)c5ccccc5)CC[C@]4(C)C3CC[C@@]21C,False,spectrum
Cholic acid,inactive,1.0,CC(CCC(=O)O)[C@H]1CCC2C3C(C[C@H](O)[C@@]21C)[C@@]1(C)CC[C@@H](O)C[C@H]1C[C@H]3O,False,spectrum
Cholic acid. methyl ester,inactive,1.0,COC(=O)CCC(C)[C@H]1CCC2C3C(C[C@H](O)[C@@]21C)[C@@]1(C)CC[C@@H](O)C[C@H]1C[C@H]3O,False,spectrum
Choline chloride,inactive,1.0,C[N+](C)(C)CCO.[Cl-],False,spectrum
Chromocarb,inactive,1.0,O=C(O)c1cc(=O)c2c(cccc2)o1,False,spectrum
Chrysanthemic acid,inactive,1.0,CC(C)=CC1C(C(=O)O)C1(C)C,False,spectrum
Chrysanthemic acid. ethyl ester,inactive,1.0,CCOC(=O)C1C(C=C(C)C)C1(C)C,False,spectrum
Chrysanthemyl alcohol,reducer,1.0,CC(C)=CC1C(CO)C1(C)C,False,spectrum
Chrysarobin,inactive,1.0,Cc1cc2c(C(=O)c3c(cccc3O)C2)c(O)c1,False,spectrum
Chrysin,inactive,1.0,O=c1cc(-c2ccccc2)oc2c1c(O)cc(O)c2,False,spectrum
Chrysin dimethyl ether,inactive,1.0,COc1cc2c(c(OC)c1)c(=O)cc(-c1ccccc1)o2,False,spectrum
Chrysophanol,inactive,1.0,Cc1cc2c(C(=O)c3c(O)cccc3C2=O)c(O)c1,False,spectrum
Ci-1033,inactive,1.0,C1(=C(C=C2C(=C1)C(=NC=N2)NC3=CC(=C(C=C3)F)Cl)OCCCN4CCOCC4)NC(C=C)=O,False,selleckchem
Ci-1040,inactive,1.0,C1=C(C(=C(C(=C1)C(NOCC2CC2)=O)NC3=CC=C(C=C3Cl)I)F)F,False,selleckchem
Cianidanol,enhancer,1.0,Oc1cc2c(C[C@H](O)[C@@H](c3cc(O)c(O)cc3)O2)c(O)c1,False,spectrum
Ciclopirox olamine,inactive,1.0,Cc1cc(=O)n(O)c(C2CCCCC2)c1,False,spectrum
Cilostazol,inactive,1.0,O=C1CCc2cc(OCCCCc3nnnn3C3CCCCC3)ccc2N1,False,spectrum
Cimetidine,inactive,1.0,CN/C(=N\C#N)NCCSCc1c(C)[nH]cn1,False,spectrum
Cimicifugoside h1,inactive,1.0,C[C@H](CC(=O)C1OC1(C)C)[C@H]1C(=O)C[C@@]2(C)C3=CCC4C(C)(C)[C@@H](O[C@@H]5OC[C@@H](O)[C@H](O)[C@H]5O)CC[C@@]45C[C@@]35[C@@H](O)C[C@]12C,False,spectrum
Cinchonidine,inactive,1.0,C=C[C@H]1C[N@]2CC[C@H]1C[C@H]2[C@H](O)c1ccnc2c1cccc2,False,spectrum
Cinchonine,inactive,1.0,C=C[C@H]1C[N@]2CC[C@H]1C[C@@H]2[C@H](O)c1ccnc2c1cccc2,False,spectrum
Cinchophen,inactive,1.0,O=C(O)c1cc(-c2ccccc2)nc2c1cccc2,False,spectrum
Cinnarazine,inactive,1.0,C(=C/N1CCN(C(c2ccccc2)c2ccccc2)CC1)\Cc1ccccc1,False,spectrum
Cinoctramide,inactive,1.0,COc1c(OC)c(OC)cc(/C=C/C(=O)N2CCCCCC2)c1,False,spectrum
Cinoxacin,inactive,1.0,CCn1nc(C(=O)O)c(=O)c2c1cc1OCOc1c2,False,spectrum
Cinromide,inactive,1.0,CCNC(=O)/C=C/c1cc(Br)ccc1,False,spectrum
Cintriamide,inactive,1.0,COc1cc(/C=C/C(N)=O)cc(OC)c1OC,False,spectrum
Ciprofibrate,inactive,1.0,CC(C)(Oc1ccc(C2CC2(Cl)Cl)cc1)C(=O)O,False,spectrum
Ciprofloxacin,inactive,1.0,O=C(O)c1cn(C2CC2)c2cc(N3CCNCC3)c(F)cc2c1=O,False,spectrum
Cisplatin,inactive,1.0,Cl[Pt]Cl.N.N,False,spectrum
Citalopram hydrobromide,inactive,1.0,CN(C)CCCC1(c2ccc(F)cc2)OCc2c1ccc(C#N)c2,False,spectrum
Citicoline,inactive,1.0,C[N+](C)(C)CCOP(=O)([O-])OP(=O)(O)OC[C@H]1OC(n2ccc(N)nc2=O)[C@H](O)[C@@H]1O,False,spectrum
Citiolone,enhancer,1.0,CC(=O)NC1CCSC1=O,False,spectrum
Citric acid,inactive,1.0,O=C(O)CC(O)(CC(=O)O)C(=O)O,False,spectrum
Citrinin,inactive,1.0,CC1=C2C(=CO[C@H](C)[C@H]2C)C(O)=C(C(=O)O)C1=O,False,spectrum
Citropten,inactive,1.0,COc1cc2c(ccc(=O)o2)c(OC)c1,False,spectrum
Citrulline,inactive,1.0,NC(=O)NCCCC(N)C(=O)O,False,spectrum
Clarithromycin,inactive,1.0,CC[C@H]1OC(=O)[C@H](C)[C@@H](O[C@H]2C[C@@](C)(OC)[C@@H](O)[C@H](C)O2)[C@H](C)[C@@H](O[C@@H]2O[C@H](C)C[C@H](N(C)C)[C@H]2O)[C@](C)(OC)C[C@@H](C)C(=O)[C@H](C)[C@@H](O)[C@]1(C)O,False,spectrum
Clavulanate lithium,inactive,1.0,O=C(O)[C@H]1/C(=C/CO)O[C@@H]2CC(=O)N21,False,spectrum
Clemastine fumarate,inactive,1.0,CN1CCC[C@@H]1CCO[C@](C)(c1ccccc1)c1ccc(Cl)cc1,False,spectrum
Clemizole hydrochloride,inactive,1.0,Clc1ccc(Cn2c(CN3CCCC3)nc3ccccc32)cc1,False,spectrum
Clenbuterol hydrochloride,inactive,1.0,CC(C)(C)NCC(O)c1cc(Cl)c(N)c(Cl)c1,False,spectrum
Clidinium bromide,inactive,1.0,C[N+]12CCC(CC1)C(OC(=O)C(O)(c1ccccc1)c1ccccc1)C2,False,spectrum
Climbazole,inactive,1.0,CC(C)(C)C(=O)C(Oc1ccc(Cl)cc1)n1ccnc1,False,spectrum
Clinafoxacin hydrochloride,inactive,1.0,NC1CCN(c2c(Cl)c3c(cc2F)c(=O)c(C(=O)O)cn3C2CC2)C1,False,spectrum
Clindamycin hydrochloride,inactive,1.0,CCC[C@@H]1C[C@@H](C(=O)N[C@@H](C2O[C@H](SC)[C@H](O)[C@@H](O)[C@H]2O)[C@H](C)Cl)N(C)C1,False,spectrum
Clindamycin palmitate hydrochloride,inactive,1.0,CCCCCCCCCCCCCCCC(=O)O[C@@H]1[C@@H](O)[C@@H](O)C([C@H](NC(=O)[C@@H]2C[C@@H](CCC)CN2C)[C@H](C)Cl)O[C@@H]1SC,False,spectrum
Clioquinol,inactive,1.0,Oc1c2ncccc2c(Cl)cc1I,False,spectrum
Clobetasol propionate,inactive,1.0,CCC(=O)O[C@]1(C(=O)CCl)[C@@H](C)CC2C3CCC4=CC(=O)C=C[C@]4(C)[C@@]3(F)[C@@H](O)C[C@@]21C,False,spectrum
Clofazimine,inactive,1.0,CC(C)/N=c1\cc2-c(nc3ccccc3n2-c2ccc(Cl)cc2)cc1Nc1ccc(Cl)cc1,False,spectrum
Clofibrate,inactive,1.0,CCOC(=O)C(C)(C)Oc1ccc(Cl)cc1,False,spectrum
Clofibric acid,inactive,1.0,CC(C)(Oc1ccc(Cl)cc1)C(=O)O,False,spectrum
Clofoctol,inactive,1.0,CC(C)(C)CC(C)(C)c1cc(Cc2c(Cl)cc(Cl)cc2)c(O)cc1,False,spectrum
Clomiphene citrate,inactive,1.0,CCN(CC)CCOc1ccc(/C(=C(\Cl)c2ccccc2)c2ccccc2)cc1,False,spectrum
Clomipramine hydrochloride,inactive,1.0,CN(C)CCCN1c2c(cccc2)CCc2ccc(Cl)cc21,False,spectrum
Clonidine hydrochloride,inactive,1.0,Clc1cccc(Cl)c1N=C1NCCN1,False,spectrum
Cloperastine hydrochloride,inactive,1.0,Clc1ccc(C(OCCN2CCCCC2)c2ccccc2)cc1,False,spectrum
Clopidogrel sulfate,inactive,1.0,COC(=O)[C@H](c1c(Cl)cccc1)N1CCc2c(ccs2)C1,False,spectrum
Clopidol,inactive,1.0,Cc1c(Cl)c(O)c(Cl)c(C)n1,False,spectrum
Clorgiline hydrochloride,inactive,1.0,C#CCN(C)CCCOc1c(Cl)cc(Cl)cc1,False,spectrum
Closantel,inactive,1.0,Cc1c(NC(=O)c2c(O)c(I)cc(I)c2)cc(Cl)c(C(C#N)c2ccc(Cl)cc2)c1,False,spectrum
Clotrimazole,inactive,1.0,Clc1c(C(c2ccccc2)(c2ccccc2)n2ccnc2)cccc1,False,spectrum
Clovanediol diacetate,inactive,1.0,CC(=O)OC1CCC23CC1(C)CCC2C(C)(C)CC3OC(C)=O,False,spectrum
Cloxacillin sodium,inactive,1.0,Cc1c(C(=O)N[C@@H]2C(=O)N3[C@@H](C(=O)O)C(C)(C)S[C@H]23)c(-c2c(Cl)cccc2)no1,False,spectrum
Cloxyquin,inactive,1.0,Oc1ccc(Cl)c2cccnc12,False,spectrum
Clozapine,inactive,1.0,CN1CCN(C2=Nc3c(ccc(Cl)c3)Nc3c2cccc3)CC1,False,spectrum
Colchiceine,inactive,1.0,COc1c(OC)c(OC)c2c(c1)CC[C@H](NC(C)=O)c1cc(=O)c(O)ccc1-2,False,spectrum
Colchicine,reducer,1.0,COc1c(OC)c(OC)c2c(c1)CC[C@H](NC(C)=O)c1cc(=O)c(OC)ccc1-2,False,spectrum
Colesevalam hydrochloride,enhancer,1.0,CCCCCCCCCCNCCC.CCCN.CCCNCCCCCC[N+](C)(C)C.ClCC1CO1,False,spectrum
Colforsin,inactive,1.0,C=C[C@@]1(C)CC(=O)[C@@]2(O)[C@](C)(O1)[C@@H](OC(C)=O)[C@@H](O)C1C(C)(C)CC[C@H](O)[C@@]12C,False,spectrum
Colistimethate sodium,enhancer,1.0,CCC(C)C1NC(=O)C(CCNCS(=O)(=O)O)NC(=O)C(NC(=O)C(CCNCS(=O)(=O)O)NC(=O)C(NC(=O)C(CCNCS(=O)(=O)O)NC(=O)CCCCC(C)C)C(C)O)CCNC(=O)C(C(C)O)NC(=O)C(CCNCS(=O)(=O)O)NC(=O)C(CCNCS(=O)(=O)O)NC(=O)C(C(C)CC)NC1=O,False,spectrum
Colistin sulfate,inactive,1.0,CCC(C)C1NC(=O)C(CCN)NC(=O)C(NC(=O)C(CCN)NC(=O)C(NC(=O)C(CCN)NC(=O)CCCCC(C)C)C(C)O)CCNC(=O)C(C(C)O)NC(=O)C(CCN)NC(=O)C(CCN)NC(=O)C(C(C)CC)NC1=O,False,spectrum
Conessine,inactive,1.0,C[C@H]1[C@H]2CCC3C4CC=C5C[C@@H](N(C)C)CC[C@]5(C)C4CC[C@@]32CN1C,False,spectrum
Convallatoxin,inactive,1.0,C[C@@H]1O[C@@H](O[C@H]2CC[C@]3(C=O)C4CC[C@]5(C)[C@@H](C6=CC(=O)OC6)CC[C@]5(O)C4CC[C@]3(O)C2)[C@H](O)[C@H](O)[C@H]1O,False,spectrum
Coralyne chloride,inactive,1.0,COc1cc2c(cc1OC)c(C)[n+]1ccc3cc(OC)c(OC)cc3c1c2,False,spectrum
Cortisone,inactive,1.0,C[C@]12CC(=O)C3C(CCC4=CC(=O)CC[C@@]43C)C1CC[C@]2(O)C(=O)CO,False,spectrum
Cortisone acetate,inactive,1.0,CC(=O)OCC(=O)[C@@]1(O)CCC2C3CCC4=CC(=O)CC[C@]4(C)C3C(=O)C[C@@]21C,False,spectrum
Corynanthine,inactive,1.0,COC(=O)[C@@H]1C(O)CC[C@H]2CN3CCc4c([nH]c5ccccc45)[C@@H]3C[C@H]12,False,spectrum
Cotarnine chloride,inactive,1.0,COc1c2OCOc2cc2c1C=[N+](C)CC2,False,spectrum
Cotinine,inactive,1.0,CN1C(=O)CC[C@H]1c1cccnc1,False,spectrum
Coumarin,inactive,1.0,O=c1ccc2c(cccc2)o1,False,spectrum
Coumophos,inactive,1.0,CCOP(=S)(OCC)Oc1cc2c(cc1)c(C)c(Cl)c(=O)o2,False,spectrum
Cp 673451,inactive,1.0,C1=CC(=C2C(=C1)C=CC(=N2)N3C4=CC=C(C=C4N=C3)OCCOC)N5CCC(CC5)N,False,selleckchem
Cp-724714,inactive,1.0,C1(=CC=C2C(=C1)C(=NC=N2)NC3=CC=C(C(=C3)C)OC4=CC=C(N=C4)C)/C=C/CNC(COC)=O,False,selleckchem
Creatinine,inactive,1.0,CN1CC(=O)NC1=N,False,spectrum
Crenolanib,inactive,0.5,C1=CC(=C2C(=C1)C=CC(=N2)N3C=NC4=C3C=CC(=C4)OCC5(COC5)C)N6CCC(CC6)N,False,selleckchem
Cresol,inactive,1.0,Cc1ccc(O)cc1,False,spectrum
Cresopirine,inactive,1.0,CC(=O)Oc1c(C(=O)O)cccc1C,False,spectrum
Crizotinib,inactive,1.0,C1(=CC(=C(N=C1)N)O[C@@H](C2=C(C=CC(=C2Cl)F)Cl)C)C3=CN(N=C3)C4CCNCC4,True,selleckchem
Cromolyn sodium,inactive,1.0,O=C(O)c1cc(=O)c2c(cccc2OCC(O)COc2c3c(=O)cc(C(=O)O)oc3ccc2)o1,False,spectrum
Crotamiton,inactive,1.0,C/C=C/C(=O)N(CC)c1c(C)cccc1,False,spectrum
Crustecdysone,inactive,1.0,CC(C)(O)CC[C@@H](O)[C@](C)(O)C1CC[C@@]2(O)C3=CC(=O)C4C[C@@H](O)[C@@H](O)C[C@]4(C)C3CC[C@]12C,False,spectrum
Cryptotanshinone,inactive,1.0,C[C@H]1COC2=C1C(=O)C(=O)c1c2ccc2c1CCCC2(C)C,False,spectrum
Curcumin,inactive,1.0,COc1cc(/C=C/C(=O)/C=C(O)/C=C/c2ccc(O)c(OC)c2)ccc1O,False,spectrum
Cx-4945,inactive,1.0,O=C(O)c1cc2c(cc1)c1c(ccnc1)c(Nc1cc(Cl)ccc1)n2,False,selleckchem
Cyacetacide,inactive,1.0,N#CCC(=O)NN,False,spectrum
Cyanocobalamin,inactive,1.0,C/C1=C2/N=C(/C=C3\N=C(/C(C)=C4\N[C@H]([C@H](CC(N)=O)[C@@]4(C)CCC(=O)NC[C@@H](C)OP(=O)(O)O[C@@H]4[C@@H](CO)O[C@H](n5cnc6c5cc(C)c(C)c6)[C@@H]4O)[C@]4(C)N=C1[C@@H](CCC(N)=O)[C@]4(C)CC(N)=O)[C@@H](CCC(N)=O)C3(C)C)[C@@H](CCC(N)=O)[C@]2(C)CC(N)=O,False,spectrum
Cyc116,inactive,1.0,C1(=NC=CC(=N1)C2SC(=NC=2C)N)NC3=CC=C(C=C3)N4CCOCC4,False,selleckchem
Cyclamic acid,inactive,1.0,O=S(=O)(O)NC1CCCCC1,False,spectrum
Cyclandelate,inactive,1.0,CC1CC(OC(=O)C(O)c2ccccc2)CC(C)(C)C1,False,spectrum
Cyclizine,inactive,1.0,CN1CCN(C(c2ccccc2)c2ccccc2)CC1,False,spectrum
Cyclobenzaprine hydrochloride,inactive,1.0,CN(C)CCC=C1c2c(C=Cc3c1cccc3)cccc2,False,spectrum
Cycloheximide,reducer,1.0,C[C@H]1C[C@H](C)C(=O)[C@H]([C@H](O)CC2CC(=O)NC(=O)C2)C1,False,spectrum
Cycloleucine,inactive,1.0,NC1(C(=O)O)CCCC1,False,spectrum
Cyclopentolate hydrochloride,inactive,1.0,CN(C)CCOC(=O)C(c1ccccc1)C1(O)CCCC1,False,spectrum
Cyclophosphamide,inactive,1.0,O=P1(N(CCCl)CCCl)NCCCO1,False,spectrum
Cycloserine,enhancer,1.0,N[C@@H]1CONC1=O,False,spectrum
Cyclosporine,inactive,1.0,C/C=C/CC(C)C(O)C1C(=O)NC(CC)C(=O)N(C)CC(=O)N(C)C(CC(C)C)C(=O)NC(C(C)C)C(=O)N(C)C(CC(C)C)C(=O)NC(C)C(=O)NC(C)C(=O)N(C)C(CC(C)C)C(=O)N(C)C(CC(C)C)C(=O)N(C)C(C(C)C)C(=O)N1C,False,spectrum
Cyclothiazide,inactive,1.0,NS(=O)(=O)c1cc2c(cc1Cl)NC(C1CC3C=CC1C3)NS2(=O)=O,False,spectrum
Cycloveratrylene,inactive,1.0,COc1cc2c(cc1OC)Cc1c(cc(OC)c(OC)c1)Cc1c(cc(OC)c(OC)c1)C2,False,spectrum
Cypermethrin,inactive,1.0,CC1(C)C(C=C(Cl)Cl)C1C(=O)OC(C#N)c1cc(Oc2ccccc2)ccc1,False,spectrum
Cyproheptadine hydrochloride,inactive,1.0,CN1CCC(=C2c3c(C=Cc4c2cccc4)cccc3)CC1,False,spectrum
Cyproterone,inactive,1.0,CC(=O)[C@@]1(O)CCC2C3C=C(Cl)C4=CC(=O)[C@@H]5CC5[C@]4(C)C3CC[C@@]21C,False,spectrum
Cyproterone acetate,inactive,1.0,CC(=O)O[C@]1(C(C)=O)CCC2C3C=C(Cl)C4=CC(=O)[C@@H]5C[C@@H]5[C@]4(C)C3CC[C@@]21C,False,spectrum
Cyromazine,inactive,1.0,Nc1nc(NC2CC2)nc(N)n1,False,spectrum
Cystamine dihydrochloride,inactive,1.0,NCCSSCCN,False,spectrum
Cysteamine hydrochloride,inactive,1.0,NCCS,False,spectrum
Cyt387,inactive,1.0,C1=C(C=CC(=C1)NC2=NC=CC(=N2)C3=CC=C(C=C3)C(NCC#N)=O)N4CCOCC4,False,selleckchem
Cytarabine,reducer,1.0,Nc1nc(=O)n(C2O[C@H](CO)[C@@H](O)[C@@H]2O)cc1,True,spectrum
Cytidine,inactive,1.0,Nc1nc(=O)n(C2O[C@H](CO)[C@@H](O)[C@H]2O)cc1,True,spectrum
Cytisine,inactive,1.0,O=c1cccc2C3CNC[C@@H](C3)Cn21,False,spectrum
D-(+)-maltose,inactive,1.0,OC[C@H]1O[C@H](O[C@@H]2[C@@H](CO)O[C@@H](O)[C@H](O)[C@H]2O)[C@H](O)[C@@H](O)[C@@H]1O,False,spectrum
D-lactitol monohydrate,inactive,1.0,OC[C@H](O)[C@@H](O)C(O[C@@H]1O[C@H](CO)[C@H](O)[C@H](O)[C@H]1O)[C@H](O)CO,False,spectrum
D-phenylalanine,inactive,1.0,N[C@H](Cc1ccccc1)C(=O)O,False,spectrum
DMSO,reducer,0.8017241379310345,C[S+](C)[O-],False,spectrum
DMSO+FSK,inactive,1.0,C=C[C@@]1(C)CC(=O)[C@@]2(O)[C@](C)(O1)[C@@H](OC(C)=O)[C@@H](O)[C@H]1C(C)(C)CC[C@H](O)[C@@]12C,False,spectrum
Dabigatran etexilate mesylate,inactive,1.0,CCCCCCOC(=O)/N=C(\N)c1ccc(NCc2nc3c(ccc(C(=O)N(CCC(=O)OCC)c4ncccc4)c3)n2C)cc1,False,spectrum
Dabrafenib,inactive,1.0,C1(C(=CC=CC=1F)F)S(=O)(=O)NC2C(=C(C=CC=2)C3N=C(SC=3C4=NC(=NC=C4)N)C(C)(C)C)F,True,selleckchem
Dacarbazine,inactive,1.0,CN(C)/N=N/c1c(C(N)=O)nc[nH]1,True,spectrum
Dacomitinib,reducer,1.0,C(/C=C/C(NC1=C(C=C2C(=C1)C(=NC=N2)NC3=CC(=C(C=C3)F)Cl)OC)=O)N4CCCCC4,True,selleckchem
Dactinomycin,reducer,1.0,Cc1c2oc3c(C)ccc(C(=O)OC(C)C4NC(=O)C(C(C)C)N(C)C(=O)CN(C)C(=O)C5CCCN5C(=O)C(C(C)C)NC4=O)c3nc-2c(C(=O)OC(C)C2NC(=O)C(C(C)C)N(C)C(=O)CN(C)C(=O)C3CCCN3C(=O)C(C(C)C)NC2=O)c(N)c1=O,False,spectrum
Daidzein,inactive,1.0,O=c1c(-c2ccc(O)cc2)coc2cc(O)ccc12,False,spectrum
Dalbergione,inactive,1.0,C=CC(C1=CC(=O)C=CC1=O)c1ccccc1,False,spectrum
Dalbergione. 4-methoxy-4'-hydroxy-,inactive,1.0,C=CC(C1=CC(=O)C(OC)=CC1=O)c1ccc(O)cc1,False,spectrum
Danazol,inactive,1.0,C#C[C@]1(O)CCC2C3CCC4=Cc5c(cno5)C[C@]4(C)C3CC[C@@]21C,False,spectrum
Danthron,inactive,1.0,O=C1c2c(C(=O)c3c1cccc3O)c(O)ccc2,False,spectrum
Dantrolene sodium,inactive,1.0,O=C1CN(/N=C/c2ccc(-c3ccc([N+](=O)[O-])cc3)o2)C(=O)N1,False,spectrum
Danusertib,inactive,1.0,C1(=CC=CC=C1)[C@H](C(N2CC3=C(C2)C(=NN3)NC(=O)C4=CC=C(C=C4)N5CCN(CC5)C)=O)OC,False,selleckchem
Dapsone,inactive,1.0,Nc1ccc(S(=O)(=O)c2ccc(N)cc2)cc1,False,spectrum
Darifenacin hydrobromide,inactive,1.0,NC(=O)C(c1ccccc1)(c1ccccc1)C1CCN(CCc2ccc3OCCc3c2)C1,False,spectrum
Dasatinib,inactive,1.0,N1=C(N=C(C=C1NC2=NC=C(S2)C(NC3=C(C=CC=C3C)Cl)=O)N4CCN(CC4)CCO)C,True,selleckchem
Daunorubicin,reducer,1.0,COc1cccc2c1C(=O)c1c(C2=O)c(O)c2C[C@@](O)(C(C)=O)C[C@H](O[C@H]3C[C@H](N)[C@H](O)[C@H](C)O3)c2c1O,True,spectrum-validation
Dcc-2036,inactive,1.0,C1(=C(C=C(C=C1)OC2=CC(=NC=C2)C(NC)=O)F)NC(NC3N(N=C(C=3)C(C)(C)C)C4=CC5=C(C=C4)N=CC=C5)=O,False,selleckchem
Deacetoxy(7)-7-oxokhivorinic acid,inactive,1.0,CC(=O)O[C@H]1C[C@@H](OC(C)=O)C(C)(C)C2CC(=O)[C@]3(C)C(CC[C@@]4(C)[C@H](C(=O)O)OC(=O)C5OC543)[C@]21C,False,spectrum
Deacetoxy-7-oxogedunin,inactive,1.0,CC1(C)C(=O)C=C[C@@]2(C)C1CC(=O)[C@]1(C)C2CC[C@@]2(C)[C@H](c3cocc3)OC(=O)[C@H]3O[C@]321,False,spectrum
Deacetylgedunin,inactive,1.0,CC1(C)C(=O)C=C[C@@]2(C)C1C[C@@H](O)[C@]1(C)C2CC[C@@]2(C)[C@H](c3cocc3)OC(=O)[C@H]3O[C@]321,False,spectrum
Debrisoquin sulfate,inactive,1.0,N=C(N)N1CCc2ccccc2C1,False,spectrum
Decoquinate,inactive,1.0,CCCCCCCCCCOc1cc2c(cc1OCC)ncc(C(=O)OCC)c2O,False,spectrum
Deferiprone,inactive,1.0,Cc1c(O)c(=O)ccn1C,False,spectrum
Deferoxamine mesylate,inactive,1.0,CC(=O)N(O)CCCCCNC(=O)CCC(=O)N(O)CCCCCNC(=O)CCC(=O)N(O)CCCCCN,False,spectrum
Deflazacort,inactive,1.0,CC(=O)OCC(=O)[C@@]12N=C(C)O[C@@H]1CC1C3CCC4=CC(=O)C=C[C@]4(C)C3[C@@H](O)C[C@@]12C,False,spectrum
Deforolimus,inactive,0.5,[C@H]1(C[C@@H](CC[C@@H]1OP(C)(=O)C)C[C@H]([C@@H]2CC([C@@H](/C=C(/[C@H]([C@@H](OC)C([C@@H](C[C@@H](/C=C/C=C/C=C(/[C@H](C[C@]3(CC[C@H]([C@](C(C(N4[C@](C(O2)=O)(CCCC4)[H])=O)=O)(O3)O)C)[H])OC)C)C)C)=O)O)C)C)=O)C)OC,False,selleckchem
Deguelin(-),reducer,1.0,COc1c(OC)cc2c(c1)OC[C@H]1Oc3c(ccc4c3C=CC(C)(C)O4)C(=O)[C@@H]21,False,spectrum
Dehydroabietamide,inactive,1.0,CC(C)c1cc2c(cc1)C1(C)CCCC(C)(C(N)=O)C1CC2,False,spectrum
Dehydroacetic acid,inactive,1.0,CC(=O)C1C(=O)C=C(C)OC1=O,False,spectrum
Dehydrocholate sodium,inactive,1.0,C[C@H](CCC(=O)O)[C@H]1CCC2C3C(=O)CC4CC(=O)CC[C@]4(C)C3CC(=O)[C@@]21C,False,spectrum
Dehydrocholic acid,inactive,1.0,CC(CCC(=O)O)[C@H]1CCC2C3C(=O)C[C@@H]4CC(=O)CC[C@]4(C)C3CC(=O)[C@@]21C,False,spectrum
Dehydrodihydrorotenone,inactive,1.0,COc1cc2c(cc1OC)-c1c(CO2)oc2c3CC(C(C)C)Oc3ccc2c1=O,False,spectrum
Dehydroepiandrosterone,inactive,1.0,C[C@]12CCC3C(CC=C4C[C@@H](O)CC[C@@]43C)C1CCC2=O,False,spectrum
Dehydrorotenone,inactive,1.0,C=C(C)C1Cc2c3oc4c(-c5c(cc(OC)c(OC)c5)OC4)c(=O)c3ccc2O1,False,spectrum
Dehydrovariabilin,inactive,1.0,COc1cc2c(cc1)-c1c(CO2)c2ccc(OC)cc2o1,False,spectrum
Demeclocycline hydrochloride,inactive,1.0,CN(C)[C@@H]1C(O)=C(C(N)=O)C(=O)[C@@]2(O)C(O)=C3C(=O)c4c(O)ccc(Cl)c4[C@@H](O)[C@H]3C[C@@H]12,False,spectrum
Demethylnobiletin,inactive,1.0,COc1c(OC)cc(-c2cc(=O)c3c(O)c(OC)c(OC)c(OC)c3o2)cc1,False,spectrum
Denatonium benzoate,inactive,1.0,CC[N+](CC)(CC(=O)Nc1c(C)cccc1C)Cc1ccccc1,False,spectrum
Deoxyadenosine,reducer,1.0,Nc1ncnc2c1ncn2C1C[C@H](O)[C@@H](CO)O1,False,spectrum
Deoxycholic acid,inactive,1.0,CC(CCC(=O)O)[C@H]1CCC2C3CC[C@@H]4C[C@H](O)CC[C@]4(C)C3C[C@H](O)[C@@]21C,False,spectrum
Deoxygedunin,inactive,1.0,CC(=O)O[C@@H]1CC2C(C)(C)C(=O)C=C[C@]2(C)C2CC[C@]3(C)C(=CC(=O)O[C@H]3c3cocc3)[C@@]21C,False,spectrum
Deoxykhivorin,inactive,1.0,CC(=O)O[C@H]1C[C@@H](OC(C)=O)C(C)(C)C2C[C@@H](OC(C)=O)[C@@]3(C)C4=CC(=O)O[C@@H](c5cocc5)[C@]4(C)CCC3[C@]21C,False,spectrum
Deoxypeganine hydrochloride,inactive,1.0,c1cc2c(cc1)N=C1CCCN1C2,False,spectrum
"Deoxysappanone b 7,3'-dimethyl ether acetate",reducer,1.0,COc1cc2c(cc1)C(=O)C(Cc1cc(OC(C)=O)c(OC)cc1)CO2,False,spectrum-validation
"Deoxysappanone b 7,4'-dimethyl ether",reducer,1.0,COc1cc2c(cc1)C(=O)C(Cc1cc(O)c(OC)cc1)CO2,False,spectrum-validation
Deoxysappanone b 7.3'-dimethyl ether,inactive,1.0,COc1cc2c(cc1)C(=O)C(Cc1ccc(O)c(OC)c1)CO2,False,spectrum
Deoxysappanone b trimethyl ether,inactive,1.0,COc1cc2c(cc1)C(=O)C(Cc1ccc(OC)c(OC)c1)CO2,False,spectrum
Dequalinium chloride,reducer,0.6,Cc1[n+](CCCCCCCCCC[n+]2c(C)cc(N)c3c2cccc3)c2c(cccc2)c(N)c1,False,spectrum
Deracoxib,inactive,1.0,COc1c(F)cc(-c2cc(C(F)F)nn2-c2ccc(S(N)(=O)=O)cc2)cc1,False,spectrum
Derrusnin,inactive,1.0,COc1cc(OC)c2c(OC)c(-c3cc4c(cc3)OCO4)c(=O)oc2c1,False,spectrum
Derrustone,inactive,1.0,COc1cc2c(c(OC)c1)c(=O)c(-c1ccc3OCOc3c1)co2,False,spectrum
Desacetylcolforsin,inactive,1.0,C=C[C@@]1(C)CC(=O)[C@@]2(O)[C@](C)(O1)[C@@H](O)[C@@H](O)C1C(C)(C)CC[C@H](O)[C@@]12C,False,spectrum
Desacetylkhivorinic acid. methyl ester,inactive,1.0,COC(=O)[C@@H]1OC(=O)C2OC23[C@@]1(C)CCC1[C@]2(C)C(C[C@@H](O)[C@]13C)C(C)(C)[C@H](OC(C)=O)C[C@@H]2OC(C)=O,False,spectrum
Desipramine hydrochloride,inactive,1.0,CNCCCN1c2c(cccc2)CCc2c1cccc2,False,spectrum
Desloratadine hydrochloride,inactive,1.0,Clc1ccc2C(=C3CCNCC3)c3ncccc3CCc2c1,False,spectrum
Desmethyl Erlotinib,inactive,1.0,C1=C(C=CC=C1NC2=NC=NC3=C2C=C(C(=C3)OCCOC)OCCO)C#C,False,selleckchem
Desonide,inactive,1.0,CC1(C)O[C@@H]2CC3C4CCC5=CC(=O)C=C[C@]5(C)C4[C@@H](O)C[C@]3(C)[C@]2(C(=O)CO)O1,False,spectrum
Desoxycorticosterone acetate,inactive,1.0,CC(=O)OCC(=O)[C@H]1CCC2C3CCC4=CC(=O)CC[C@]4(C)C3CC[C@@]21C,False,spectrum
Desoxymetasone,inactive,1.0,C[C@@H]1CC2C3CCC4=CC(=O)C=C[C@]4(C)[C@@]3(F)[C@@H](O)C[C@]2(C)[C@H]1C(=O)CO,False,spectrum
Desvenlafaxine succinate,inactive,1.0,CN(C)CC(c1ccc(O)cc1)C1(O)CCCCC1,False,spectrum
Dexamethasone,inactive,1.0,C[C@@H]1CC2C3CCC4=CC(=O)C=C[C@]4(C)[C@@]3(F)[C@@H](O)C[C@]2(C)[C@@]1(O)C(=O)CO,False,spectrum
Dexamethasone acetate,inactive,1.0,CC(=O)OCC(=O)[C@@]1(O)[C@H](C)CC2C3CCC4=CC(=O)C=C[C@]4(C)[C@@]3(F)[C@@H](O)C[C@@]21C,False,spectrum
Dexamethasone sodium phosphate,inactive,1.0,C[C@@H]1CC2C3CCC4=CC(=O)C=C[C@]4(C)[C@@]3(F)[C@@H](O)C[C@]2(C)[C@@]1(O)C(=O)COP(=O)(O)O,False,spectrum
Dexchlorpheniramine maleate,inactive,1.0,CN(C)CC[C@@H](c1ccc(Cl)cc1)c1ncccc1,False,spectrum
Dexfosfoserine,inactive,1.0,N[C@@H](COP(=O)(O)O)C(=O)O,False,spectrum
Dexibuprofen,inactive,1.0,CC(C)Cc1ccc([C@H](C)C(=O)O)cc1,False,spectrum
Dexlansoprazole,inactive,1.0,Cc1c(OCC(F)(F)F)ccnc1C[S@@+]([O-])c1nc2ccccc2[nH]1,False,spectrum
Dexpanthenol,inactive,1.0,CC(C)(CO)[C@@H](O)C(=O)NCCCO,False,spectrum
Dexpropranolol hydrochloride,inactive,1.0,CC(C)NC[C@H](O)COc1c2ccccc2ccc1,False,spectrum
Dextromethorphan hydrobromide,inactive,1.0,COc1cc2c(cc1)C[C@H]1[C@H]3CCCC[C@@]23CCN1C,False,spectrum
Diacerin,inactive,1.0,CC(=O)Oc1c2C(=O)c3c(cc(C(=O)O)cc3OC(C)=O)C(=O)c2ccc1,False,spectrum
Diacetamate,enhancer,1.0,CC(=O)Nc1ccc(OC(C)=O)cc1,False,spectrum
Diallyl sulfide,inactive,1.0,C=CCSCC=C,False,spectrum
Diatrizoic acid,inactive,1.0,CC(=O)Nc1c(I)c(NC(C)=O)c(I)c(C(=O)O)c1I,False,spectrum
Diaveridine,inactive,1.0,COc1ccc(Cc2cnc(N)nc2N)cc1OC,False,spectrum
Diazoxide,inactive,1.0,CC1=Nc2c(cc(Cl)cc2)S(=O)(=O)N1,False,spectrum
Dibekacin,inactive,1.0,NC[C@@H]1CC[C@@H](N)[C@@H](O[C@@H]2[C@@H](N)C[C@@H](N)[C@H](O[C@H]3O[C@H](CO)[C@@H](O)[C@H](N)[C@H]3O)[C@H]2O)O1,False,spectrum
Dibenzothiophene,inactive,1.0,c1cc2c(cc1)c1c(cccc1)s2,False,spectrum
Dibenzoylmethane,inactive,1.0,O=C(CC(=O)c1ccccc1)c1ccccc1,False,spectrum
Dibucaine hydrochloride,inactive,1.0,CCCCOc1cc(C(=O)NCCN(CC)CC)c2ccccc2n1,False,spectrum
Dibutyl phthalate,inactive,1.0,CCCCOC(=O)c1c(C(=O)OCCCC)cccc1,False,spectrum
Dichlorisone acetate,inactive,1.0,CC(=O)OCC(=O)[C@@]1(O)CCC2C3CCC4=CC(=O)C=C[C@]4(C)[C@@]3(Cl)[C@@H](Cl)C[C@@]21C,False,spectrum
Dichlorophen,inactive,1.0,Oc1c(Cc2c(O)ccc(Cl)c2)cc(Cl)cc1,False,spectrum
Dichloroprop,inactive,1.0,CC(Oc1c(Cl)cc(Cl)cc1)C(=O)O,False,spectrum
Dichlorvos,inactive,1.0,COP(=O)(OC)OC=C(Cl)Cl,False,spectrum
Diclazuril,inactive,1.0,N#CC(c1ccc(Cl)cc1)c1c(Cl)cc(-n2ncc(=O)[nH]c2=O)cc1Cl,False,spectrum
Diclofenac sodium,inactive,1.0,O=C(O)Cc1c(Nc2c(Cl)cccc2Cl)cccc1,False,spectrum
Dicloralurea,inactive,1.0,O=C(NC(O)C(Cl)(Cl)Cl)NC(O)C(Cl)(Cl)Cl,False,spectrum
Dicloxacillin sodium,inactive,1.0,Cc1c(C(=O)N[C@@H]2C(=O)N3[C@@H](C(=O)O)C(C)(C)S[C@H]23)c(-c2c(Cl)cccc2Cl)no1,False,spectrum
Dictamnine,inactive,1.0,COc1c2ccoc2nc2c1cccc2,False,spectrum
Dicumarol,inactive,1.0,O=c1oc2ccccc2c(O)c1Cc1c(O)c2c(cccc2)oc1=O,False,spectrum
Dicyclomine hydrochloride,inactive,1.0,CCN(CC)CCOC(=O)C1(C2CCCCC2)CCCCC1,False,spectrum
Dienestrol,inactive,1.0,C/C=C(C(=C/C)/c1ccc(O)cc1)\c1ccc(O)cc1,False,spectrum
Diethylcarbamazine citrate,inactive,1.0,CCN(CC)C(=O)N1CCN(C)CC1,False,spectrum
Diethylstilbestrol,inactive,1.0,CC/C(=C(/CC)c1ccc(O)cc1)c1ccc(O)cc1,False,spectrum
Diethyltoluamide,inactive,1.0,CCN(CC)C(=O)c1cc(C)ccc1,False,spectrum
Diffractaic acid,inactive,1.0,COc1c(C)c(OC)c(C(=O)Oc2cc(C)c(C(=O)O)c(O)c2C)c(C)c1,False,spectrum
Difloxacin hydrochloride,inactive,1.0,CN1CCN(c2c(F)cc3c(=O)c(C(=O)O)cn(-c4ccc(F)cc4)c3c2)CC1,False,spectrum
Diflunisal,inactive,1.0,O=C(O)c1cc(-c2c(F)cc(F)cc2)ccc1O,False,spectrum
Difucol hexamethyl ether,inactive,1.0,COc1cc(OC)c(-c2c(OC)cc(OC)cc2OC)c(OC)c1,False,spectrum
Digitonin,inactive,1.0,C[C@H]1C2C(O[C@]13CC[C@@H](C)CO3)C(O)C1C3CC[C@H]4C[C@H](O[C@@H]5O[C@H](CO)[C@H](O[C@@H]6O[C@H](CO)[C@@H](O)[C@H](O[C@@H]7OC[C@@H](O)[C@H](O)[C@H]7O)[C@H]6O[C@@H]6O[C@H](CO)[C@H](O)[C@H](O[C@@H]7O[C@H](CO)[C@@H](O)[C@H](O)[C@H]7O)[C@H]6O)[C@H](O)[C@H]5O)[C@H](O)C[C@]4(C)C3CC[C@@]12C,False,spectrum
Digitoxin,inactive,1.0,C[C@H]1O[C@@H](O[C@H]2[C@@H](O)C[C@H](O[C@H]3[C@@H](O)C[C@H](O[C@H]4CC[C@]5(C)C6CC[C@]7(C)[C@@H](C8=CC(=O)OC8)CC[C@]7(O)C6CC[C@@H]5C4)O[C@@H]3C)O[C@@H]2C)C[C@H](O)[C@@H]1O,False,spectrum
Digoxigenin,inactive,1.0,C[C@]12CC[C@H](O)C[C@H]1CCC1C2C[C@@H](O)[C@]2(C)[C@@H](C3=CC(=O)OC3)CC[C@]12O,False,spectrum
Digoxin,inactive,1.0,C[C@H]1O[C@@H](O[C@H]2[C@@H](O)C[C@H](O[C@H]3[C@@H](O)C[C@H](O[C@H]4CC[C@]5(C)C6C[C@@H](O)[C@]7(C)[C@@H](C8=CC(=O)OC8)CC[C@]7(O)C6CC[C@@H]5C4)O[C@@H]3C)O[C@@H]2C)C[C@H](O)[C@@H]1O,False,spectrum
Dihydrocelastrol,reducer,1.0,Cc1c2CC=C3[C@@]4(C)CC[C@@]5(C)CC[C@@](C)(C(=O)O)CC5[C@]4(C)CC[C@@]3(C)c2cc(O)c1O,False,spectrum
Dihydrocelastryl diacetate,reducer,1.0,CC(=O)Oc1cc2c(CC=C3[C@@]4(C)CC[C@@]5(C)CC[C@@](C)(C(=O)O)CC5[C@]4(C)CC[C@]32C)c(C)c1OC(C)=O,False,spectrum
Dihydroergotamine mesylate,inactive,1.0,CN1C[C@H](C(=O)N[C@]2(C)O[C@@]3(O)[C@@H]4CCCN4C(=O)[C@H](Cc4ccccc4)N3C2=O)C[C@@H]2c3c4c(c[nH]c4ccc3)C[C@H]21,False,spectrum
Dihydrofissinolide,inactive,1.0,COC(=O)C[C@H]1C(C)(C)[C@@H](OC(C)=O)[C@@H]2CC3C(CC[C@]4(C)C3CC(=O)O[C@H]4c3cocc3)[C@]1(C)C2=O,False,spectrum
Dihydrofolic acid,inactive,1.0,Nc1nc(=O)c2c(NC=C(CNc3ccc(C(=O)N[C@H](CCC(=O)O)C(=O)O)cc3)N2)[nH]1,False,spectrum
Dihydrogambogic acid,inactive,1.0,CC(C)=CCCC1(C)C=Cc2c(O)c3c(OC45C(=CC6CC4C(C)(C)OC5(C/C=C(/C)C(=O)O)C6O)C3=O)c(CC=C(C)C)c2O1,False,spectrum
Dihydrogedunic acid. methyl ester,inactive,1.0,COC(=O)[C@@H]1OC(=O)C2OC23[C@@]1(C)CCC1[C@@]3(C)[C@H](OC(C)=O)CC2C(C)(C)C(=O)CC[C@@]21C,False,spectrum
Dihydrogedunin,inactive,1.0,CC(=O)O[C@@H]1CC2C(C)(C)C(=O)CC[C@]2(C)C2CC[C@@]3(C)[C@H](c4cocc4)OC(=O)C4OC43[C@@]21C,False,spectrum
Dihydrojasmonic acid. methyl ester,inactive,1.0,CCCCCC1C(=O)CCC1CC(=O)OC,False,spectrum
Dihydromunduletone,inactive,1.0,COc1c(CC(=O)c2c(O)cc3OC(C)(C)C(O)Cc3c2)ccc2c1C=CC(C)(C)O2,False,spectrum
Dihydrorotenone,inactive,1.0,COc1c(OC)cc2c(c1)OC[C@H]1Oc3c(ccc4c3CC(C(C)C)O4)C(=O)[C@@H]21,False,spectrum
Dihydrostreptomycin sulfate,enhancer,1.0,CN[C@@H]1C(OC2[C@H](O[C@@H]3[C@@H](NC(=N)N)[C@H](O)[C@@H](NC(=N)N)[C@H](O)[C@H]3O)OC(C)[C@]2(O)CO)OC(CO)C(O)C1O,False,spectrum
Dihydrotanshinone i,inactive,1.0,Cc1c2ccc3c(C(=O)C(=O)C4=C3OCC4C)c2ccc1,False,spectrum
Dihydroxypregnan-20-one,inactive,1.0,CC(=O)C1CCC2C3CCC4C[C@H](O)CCC4(C)C3C[C@H](O)C12C,False,spectrum
Dilazep dihydrochloride,inactive,1.0,COc1c(OC)c(OC)cc(C(=O)OCCCN2CCCN(CCCOC(=O)c3cc(OC)c(OC)c(OC)c3)CC2)c1,False,spectrum
Diloxanide furoate,inactive,1.0,CN(C(=O)C(Cl)Cl)c1ccc(OC(=O)c2ccco2)cc1,False,spectrum
Diltiazem hydrochloride,inactive,1.0,COc1ccc(C2Sc3ccccc3N(CCN(C)C)C(=O)C2OC(C)=O)cc1,False,spectrum
Dimenhydrinate,inactive,1.0,CN(C)CCOC(c1ccccc1)c1ccccc1.Cn1c(=O)c2c(nc(Cl)[nH]2)n(C)c1=O,False,spectrum
Dimercaprol,inactive,1.0,OCC(S)CS,False,spectrum
Dimesna,inactive,1.0,O=S(=O)(O)CCSSCCS(=O)(=O)O,False,spectrum
Dimethadione,inactive,1.0,CC1(C)OC(=O)NC1=O,False,spectrum
Dimethyl caperatate,inactive,1.0,CCCCCCCCCCCCCCC(C(=O)OC)C(O)(CC(=O)OC)C(=O)OC,False,spectrum
Dimethyl fumarate,inactive,1.0,COC(=O)/C=C/C(=O)OC,False,spectrum
Dimethyl gamboginate,inactive,1.0,COC(=O)/C(C)=C\CC12OC(C)(C)C3CC(C=C4C(=O)c5c(OC431)c(CCC(C)(C)Cl)c1OC3(C)CCC(=C(C)C)C(C3)c1c5OC)C2=O,False,spectrum
Dimethylcaffeic acid,inactive,1.0,COc1ccc(/C=C/C(=O)O)cc1OC,False,spectrum
Dimethylsulfone,inactive,0.6,CS(C)(=O)=O,False,spectrum
Dimetridazole,inactive,1.0,Cc1ncc([N+](=O)[O-])n1C,False,spectrum
Diminazene aceturate,inactive,1.0,N=C(N)c1ccc(/N=N/Nc2ccc(C(=N)N)cc2)cc1,False,spectrum
Dimpylate,inactive,1.0,CCOP(=S)(OCC)Oc1cc(C)nc(C(C)C)n1,False,spectrum
Dinaciclib,reducer,1.0,C1C[C@H](N(CC1)C2C=C(N3C(N=2)=C(C=N3)CC)NCC4=CC=C[N+](=C4)[O-])CCO,False,selleckchem
Dinitolmide,inactive,1.0,Cc1c([N+](=O)[O-])cc([N+](=O)[O-])cc1C(N)=O,False,spectrum
Diosgenin,inactive,1.0,C[C@H]1C2C(CC3C4CC=C5C[C@@H](O)CC[C@]5(C)C4CC[C@@]32C)O[C@]12CC[C@@H](C)CO2,False,spectrum
Diosmin,inactive,1.0,COc1c(O)cc(-c2cc(=O)c3c(cc(O[C@@H]4O[C@H](CO[C@H]5O[C@H](C)[C@@H](O)[C@H](O)[C@@H]5O)[C@@H](O)[C@H](O)[C@H]4O)cc3O)o2)cc1,False,spectrum
Dioxybenzone,inactive,1.0,COc1cc(O)c(C(=O)c2c(O)cccc2)cc1,False,spectrum
Diperodon hydrochloride,inactive,1.0,O=C(Nc1ccccc1)OCC(CN1CCCCC1)OC(=O)Nc1ccccc1,False,spectrum
Diphenhydramine hydrochloride,inactive,1.0,CN(C)CCOC(c1ccccc1)c1ccccc1,False,spectrum
Diphenylpyraline hydrochloride,inactive,1.0,CN1CCC(OC(c2ccccc2)c2ccccc2)CC1,False,spectrum
Diplosalsalate,inactive,1.0,CC(=O)Oc1c(C(=O)Oc2c(C(=O)O)cccc2)cccc1,False,spectrum
Dipteryxin,inactive,1.0,COc1ccc(-c2coc3c(cc(OC)c(O)c3O)c2=O)cc1,False,spectrum
Dipyridamole,inactive,1.0,OCCN(CCO)c1nc2c(nc(N(CCO)CCO)nc2N2CCCCC2)c(N2CCCCC2)n1,False,spectrum
Dipyrocetyl,inactive,1.0,CC(=O)Oc1cccc(C(=O)O)c1OC(C)=O,False,spectrum
Dipyrone,inactive,1.0,Cc1c(N(C)CS(=O)(=O)O)c(=O)n(-c2ccccc2)n1C,False,spectrum
Dirithromycin,inactive,1.0,CC[C@H]1OC(=O)[C@H](C)[C@@H](O[C@H]2C[C@@](C)(OC)[C@@H](O)[C@H](C)O2)[C@H](C)[C@@H](O[C@@H]2O[C@H](C)C[C@H](N(C)C)[C@H]2O)[C@](C)(O)C[C@@H](C)[C@@H]2N[C@@H](COCCOC)O[C@H]([C@H]2C)[C@]1(C)O,False,spectrum
Disopyramide phosphate,inactive,1.0,CC(C)N(CCC(C(N)=O)(c1ccccc1)c1ncccc1)C(C)C,False,spectrum
Disulfiram,inactive,1.0,CCN(CC)C(=S)SSC(=S)N(CC)CC,False,spectrum
Dixanthogen,inactive,1.0,CCOC(=S)SSC(=S)OCC,False,spectrum
Djenkolic acid,inactive,0.6,NC(CSCSCC(N)C(=O)O)C(=O)O,False,spectrum
Dobutamine hydrochloride,inactive,1.0,CC(CNCCc1cc(O)c(O)cc1)Cc1cc(O)ccc1,False,spectrum
Docetaxel,inactive,1.0,CC(=O)O[C@@]12CO[C@@H]1C[C@H](O)[C@@]1(C)C(=O)[C@H](O)C3=C(C)[C@@H](OC(=O)[C@H](O)[C@@H](NC(=O)OC(C)(C)C)c4ccccc4)C[C@@](O)([C@@H](OC(=O)c4ccccc4)C12)C3(C)C,False,spectrum
Docosanol,inactive,1.0,CCCCCCCCCCCCCCCCCCCCCCO,False,spectrum
Docusate sodium,inactive,1.0,CCCCC(CC)COC(=O)CC(C(=O)OCC(CC)CCCC)S(=O)(=O)O,False,spectrum
Domperidone,inactive,1.0,O=c1[nH]c2c(cccc2)n1CCCN1CCC(n2c(=O)[nH]c3cc(Cl)ccc32)CC1,False,spectrum
Donepezil hydrochloride,inactive,1.0,COc1cc2c(cc1OC)C(=O)C(CC1CCN(Cc3ccccc3)CC1)C2,False,spectrum
Dopamine hydrochloride,inactive,1.0,NCCc1cc(O)c(O)cc1,False,spectrum
Doramectin,inactive,1.0,CO[C@H]1CC(O[C@@H]2/C(C)=C/C[C@@H]3C[C@@H](C[C@]4(C=C[C@H](C)[C@@H](C5CCCCC5)O4)O3)OC(=O)[C@@H]3C=C(C)[C@@H](O)[C@H]4OC/C(=C\C=C\[C@@H]2C)[C@@]34O)O[C@@H](C)C1O[C@H]1C[C@H](OC)[C@@H](O)[C@H](C)O1,False,spectrum
Dovitinib,inactive,1.0,C1=CC=C(C2=C1NC(C(=C2N)C3NC4=C(N=3)C=CC(=C4)N5CCN(CC5)C)=O)F,False,selleckchem
Doxapram hydrochloride,inactive,1.0,CCN1CC(CCN2CCOCC2)C(C(c2ccccc2)c2ccccc2)C1=O,False,spectrum
Doxepin hydrochloride,inactive,1.0,CN(C)CC/C=C1/c2c(cccc2)COc2c1cccc2,False,spectrum
Doxifluridine,inactive,1.0,C[C@H]1OC(n2cc(F)c(=O)[nH]c2=O)C(O)[C@@H]1O,False,spectrum
Doxofylline,inactive,1.0,Cn1c(=O)c2c(ncn2CC2OCCO2)n(C)c1=O,False,spectrum
Doxorubicin,reducer,1.0,COc1cccc2c1C(=O)c1c(C2=O)c(O)c2C[C@@](O)(C(=O)CO)C[C@H](OC3C[C@H](N)[C@H](O)[C@H](C)O3)c2c1O,True,spectrum-validation
Doxycycline hydrochloride,inactive,1.0,C[C@H]1c2cccc(O)c2C(=O)C2=C(O)[C@]3(O)C(=O)C(C(N)=O)=C(O)[C@@H](N(C)C)[C@@H]3[C@@H](O)[C@@H]21,False,spectrum
Doxylamine succinate,inactive,1.0,CN(C)CCOC(C)(c1ccccc1)c1ncccc1,False,spectrum
Drofenine hydrochloride,inactive,1.0,CCN(CC)CCOC(=O)C(c1ccccc1)C1CCCCC1,False,spectrum
Droperidol,inactive,1.0,O=C(CCCN1CC=C(n2c(=O)[nH]c3ccccc32)CC1)c1ccc(F)cc1,False,spectrum
Dropropizine,inactive,1.0,OCC(O)CN1CCN(c2ccccc2)CC1,False,spectrum
Drospirenone,inactive,1.0,C[C@]12CCC3C(C1[C@@H]1C[C@@H]1[C@@]21CCC(=O)O1)[C@H]1C[C@H]1C1=CC(=O)CC[C@@]13C,False,spectrum
Duartin,inactive,1.0,COc1c(O)c(OC)c([C@H]2COc3c(ccc(O)c3OC)C2)cc1,False,spectrum
Duartin. dimethyl ether,inactive,1.0,COc1c(OC)c2c(cc1)C[C@H](c1c(OC)c(OC)c(OC)cc1)CO2,False,spectrum
Duloxetine hydrochloride,inactive,1.0,CNCC[C@H](Oc1cccc2c1cccc2)c1cccs1,False,spectrum
Dyclonine hydrochloride,inactive,1.0,CCCCOc1ccc(C(=O)CCN2CCCCC2)cc1,False,spectrum
Dydrogesterone,inactive,1.0,CC(=O)[C@H]1CCC2C3C=CC4=CC(=O)CC[C@@]4(C)C3CC[C@@]21C,False,spectrum
Dyphylline,inactive,1.0,Cn1c(=O)c2c(ncn2CC(O)CO)n(C)c1=O,False,spectrum
E7080,inactive,1.0,C1(=C(C=C2C(=C1)C(=CC=N2)OC3=CC(=C(C=C3)NC(=O)NC4CC4)Cl)OC)C(N)=O,True,selleckchem
Ebselen,inactive,1.0,O=c1c2ccccc2[se]n1-c1ccccc1,False,spectrum
Ecamsule triethanolamine,inactive,1.0,CC1(C)C2CCC1(CS(=O)(=O)O)C(=O)/C2=C\c1ccc(/C=C2\C(=O)C3(CS(=O)(=O)O)CCC2C3(C)C)cc1,False,spectrum
Econazole nitrate,inactive,1.0,Clc1ccc(COC(Cn2ccnc2)c2c(Cl)cc(Cl)cc2)cc1,False,spectrum
Edaravone,inactive,1.0,CC1=NN(c2ccccc2)C(=O)C1,False,spectrum
Editol,inactive,1.0,CC(O)CN(CCN(CC(C)O)CC(C)O)CC(C)O,False,spectrum
Edoxudine,inactive,1.0,CCc1cn(C2OCC(O)C2CO)c(=O)nc1O,False,spectrum
Edrophonium chloride,inactive,1.0,CC[N+](C)(C)c1cc(O)ccc1,False,spectrum
Efaroxan hydrochloride,inactive,1.0,CCC1(C2=NCCN2)Cc2ccccc2O1,False,spectrum
Efloxate,inactive,1.0,CCOC(=O)COc1cc2c(cc1)c(=O)cc(-c1ccccc1)o2,False,spectrum
Elaidylphosphocholine,inactive,1.0,CCCCCCCC/C=C/CCCCCCCCOP(=O)([O-])OCC[N+](C)(C)C,False,spectrum
Eletriptan hydrobromide,inactive,1.0,CN1CCC[C@@H]1Cc1c[nH]c2cc(CCS(=O)(=O)c3ccccc3)ccc12,False,spectrum
Ellagic acid,inactive,1.0,O=c1oc2c3c(cc(O)c2O)c(=O)oc2c(O)c(O)cc1c23,False,spectrum
Eltanolone,inactive,1.0,CC(=O)[C@H]1CCC2[C@@H]3CCC4C[C@H](O)CC[C@]4(C)C3CC[C@@]21C,False,spectrum
Emetine dihydrochloride,reducer,1.0,CC[C@H]1CN2CCc3cc(OC)c(OC)cc3C2C[C@@H]1CC1NCCc2cc(OC)c(OC)cc21,False,spectrum
Emodin,inactive,1.0,Cc1cc2c(C(=O)c3c(cc(O)cc3O)C2=O)c(O)c1,False,spectrum
Enalapril maleate,inactive,1.0,CCOC(=O)[C@H](CCc1ccccc1)N[C@@H](C)C(=O)N1CCC[C@H]1C(=O)O,False,spectrum
Enalaprilat,inactive,1.0,C[C@H](N[C@@H](CCc1ccccc1)C(=O)O)C(=O)N1CCC[C@H]1C(=O)O,False,spectrum
Enilconazole sulfate,inactive,1.0,C=CCOC(Cn1ccnc1)c1c(Cl)cc(Cl)cc1,False,spectrum
Enmd-2076,inactive,1.0,N1(=C(C=C(N1)C)NC2=CC(=NC(=N2)/C=C/C3=CC=CC=C3)N4CCN(CC4)C).OC(=O)[C@@H]([C@H](C(O)=O)O)O,False,selleckchem
Enoxacin,inactive,1.0,CCn1cc(C(=O)O)c(=O)c2cc(F)c(N3CCNCC3)nc21,False,spectrum
Enoxolone,inactive,1.0,CC1(C)C2CC[C@]3(C)C(C(=O)C=C4[C@@H]5C[C@@](C)(C(=O)O)CC[C@]5(C)CC[C@]43C)[C@@]2(C)CC[C@@H]1O,False,spectrum
Enrofloxacin,inactive,1.0,CCN1CCN(c2c(F)cc3c(=O)c(C(=O)O)cn(C4CC4)c3c2)CC1,False,spectrum
Entacapone,inactive,1.0,CCN(CC)C(=O)/C(C#N)=C/c1cc([N+](=O)[O-])c(O)c(O)c1,False,spectrum
Entandrophragmin,inactive,1.0,CCC(C)C(=O)O[C@@H]1C[C@@]2(C)[C@H](c3cocc3)OC(=O)CC23OC2(C)OC34[C@H](OC(=O)C(C)C)[C@@]3(O)[C@@H](OC(=O)C5(C)OC5C)[C@@]5(C)C[C@]3(O)[C@@](C)([C@H]5CC(=O)OC)C14O2,False,spectrum
Enzastaurin,inactive,1.0,C1=CC=C2C(=C1)C(=CN2C3CCN(CC3)CC4=NC=CC=C4)C5C(NC(C=5C6C7C(N(C=6)C)=CC=CC=7)=O)=O,False,selleckchem
Ephedrine hydrochloride,inactive,1.0,CNC(C)[C@H](O)c1ccccc1,False,spectrum
Epiafzelechin trimethyl ether,inactive,1.0,COc1ccc([C@H]2Oc3c(C[C@H]2O)c(OC)cc(OC)c3)cc1,False,spectrum
Epiafzelechin(-),inactive,1.0,Oc1ccc([C@H]2Oc3c(C[C@H]2O)c(O)cc(O)c3)cc1,False,spectrum
Epiandrosterone,inactive,1.0,C[C@]12CCC3C(CC[C@H]4C[C@@H](O)CC[C@]34C)C1CCC2=O,False,spectrum
Epicatechin,inactive,0.4,Oc1cc2c(C[C@@H](O)[C@@H](c3cc(O)c(O)cc3)O2)c(O)c1,False,spectrum
Epicatechin monogallate,inactive,1.0,O=C(O[C@@H]1Cc2c(cc(O)cc2O)O[C@@H]1c1cc(O)c(O)cc1)c1cc(O)c(O)c(O)c1,False,spectrum
Epicatechin pentaacetate,inactive,1.0,CC(=O)Oc1cc2c(C[C@@H](OC(C)=O)[C@@H](c3ccc(OC(C)=O)c(OC(C)=O)c3)O2)c(OC(C)=O)c1,False,spectrum
Epicholestanol,inactive,1.0,CC(C)CCCC(C)C1CCC2C3CC[C@H]4C[C@H](O)CC[C@]4(C)C3CC[C@]12C,False,spectrum
Epiestriol,inactive,1.0,CC12CCC3c4c(cc(O)cc4)CCC3C1C[C@H](O)[C@@H]2O,False,spectrum
Epigallocatechin,inactive,1.0,Oc1cc2c(C[C@@H](O)[C@@H](c3cc(O)c(O)c(O)c3)O2)c(O)c1,False,spectrum
Epigallocatechin 3.5-digallate,inactive,1.0,O=C(Oc1cc(O)cc2c1C[C@@H](OC(=O)c1cc(O)c(O)c(O)c1)[C@@H](c1cc(O)c(O)c(O)c1)O2)c1cc(O)c(O)c(O)c1,False,spectrum
Epigallocatechin-3-monogallate,inactive,1.0,O=C(O[C@@H]1Cc2c(cc(O)cc2O)O[C@@H]1c1cc(O)c(O)c(O)c1)c1cc(O)c(O)c(O)c1,False,spectrum
Epinephrine bitartrate,inactive,1.0,CNC[C@@H](O)c1ccc(O)c(O)c1,False,spectrum
Epirubicin hydrochloride,reducer,1.0,COc1cccc2c1C(=O)c1c(C2=O)c(O)c2C[C@@](O)(C(=O)CO)C[C@H](O[C@H]3C[C@H](N)[C@@H](O)[C@H](C)O3)c2c1O,True,spectrum
Epitheaflavic acid,inactive,1.0,O=C(O)c1cc2c(c(O)c(O)cc2[C@H]2Oc3cc(O)cc(O)c3C[C@H]2O)c(=O)c(O)c1,False,spectrum
Epoxygedunin,inactive,1.0,CC(=O)O[C@@H]1CC2C(C)(C)C(=O)C3OC3[C@]2(C)C2CC[C@@]3(C)[C@H](c4cocc4)OC(=O)C4OC43[C@@]21C,False,spectrum
Eprinomectin,inactive,1.0,CCC(C)[C@H]1O[C@]2(C=C[C@@H]1C)C[C@@H]1C[C@@H](C/C=C(\C)[C@@H](OC3C[C@H](OC)C(O[C@H]4C[C@H](OC)[C@@H](NC(C)=O)[C@H](C)O4)[C@H](C)O3)[C@@H](C)/C=C/C=C3\CO[C@@H]4[C@H](O)C(C)=C[C@@H](C(=O)O1)[C@]34O)O2,False,spectrum
Eprobemide,inactive,1.0,O=C(NCCCN1CCOCC1)c1ccc(Cl)cc1,False,spectrum
Eprodisate disodium,inactive,1.0,O=S(=O)(O)CCCS(=O)(=O)O,False,spectrum
Equilin,enhancer,1.0,CC12CCC3C(=CCc4cc(O)ccc43)C1CCC2=O,False,spectrum
Erdosteine,inactive,1.0,O=C(O)CSCC(=O)NC1CCSC1=O,False,spectrum
Ergocalciferol,inactive,1.0,C=C1CC[C@H](O)C/C1=C/C=C1\CCC[C@]2(C)C([C@H](C)/C=C/[C@H](C)C(C)C)CC[C@@H]12,False,spectrum
Ergonovine maleate,inactive,1.0,CC(CO)NC(=O)C1C=C2c3c4c(c[nH]c4ccc3)C[C@H]2N(C)C1,False,spectrum
Ergosterol,reducer,1.0,CC(C)C(C)/C=C/C(C)C1CCC2C3=CC=C4CC(O)CCC4(C)C3CCC21C,False,spectrum
Ergosterol acetate,inactive,1.0,CC(=O)OC1CCC2(C)C(=CC=C3C2CCC2(C)C3CCC2C(C)/C=C/C(C)C(C)C)C1(C)C,False,spectrum
Ergotamine tartrate,inactive,1.0,CN1C[C@H](C(=O)N[C@]2(C)O[C@@]3(O)C4CCCN4C(=O)[C@H](Cc4ccccc4)N3C2=O)C=C2c3c4c(c[nH]c4ccc3)C[C@H]21,False,spectrum
Erlotinib HCl,inactive,1.0,C1(=CC=CC(=C1)C#C)NC2(=NC=NC3=C2C=C(C(=C3)OCCOC)OCCOC).Cl,False,selleckchem
Erythritol,inactive,1.0,OCC(O)[C@@H](O)CO,False,spectrum
Erythromycin,inactive,1.0,CC[C@H]1OC(=O)[C@H](C)[C@@H](O[C@H]2C[C@@](C)(OC)[C@@H](O)[C@H](C)O2)[C@H](C)[C@@H](O[C@@H]2O[C@H](C)C[C@H](N(C)C)[C@H]2O)[C@](C)(O)C[C@@H](C)C(=O)[C@H](C)[C@@H](O)[C@]1(C)O,False,spectrum
Erythromycin estolate,inactive,1.0,CCC(=O)O[C@H]1[C@H](O[C@@H]2[C@@H](C)[C@H](O[C@H]3C[C@@](C)(OC)[C@@H](O)[C@H](C)O3)[C@@H](C)C(=O)O[C@H](CC)[C@@](C)(O)[C@H](O)[C@@H](C)C(=O)[C@H](C)C[C@@]2(C)O)O[C@H](C)C[C@@H]1N(C)C,False,spectrum
Erythromycin ethylsuccinate,inactive,1.0,CCOC(=O)CCC(=O)O[C@H]1[C@H](O[C@@H]2[C@@H](C)[C@H](O[C@H]3C[C@@](C)(OC)[C@@H](O)[C@H](C)O3)[C@@H](C)C(=O)O[C@H](CC)[C@@](C)(O)[C@H](O)[C@@H](C)C(=O)[C@H](C)C[C@@]2(C)O)O[C@H](C)C[C@@H]1N(C)C,False,spectrum
Erythrose,inactive,1.0,O[C@@H]1CO[C@@H](O)[C@@H]1O,False,spectrum
Erythrosine sodium,inactive,1.0,O=C(O)c1c(-c2c3cc(I)c(=O)c(I)c-3oc3c2cc(I)c(O)c3I)cccc1,False,spectrum
Escitalopram oxalate,inactive,1.0,CN(C)CCC[C@@]1(c2ccc(F)cc2)OCc2c1ccc(C#N)c2,False,spectrum
Esculetin,inactive,1.0,O=c1ccc2cc(O)c(O)cc2o1,False,spectrum
Esculin monohydrate,inactive,1.0,O=c1ccc2c(cc(O)c(O[C@@H]3O[C@H](CO)[C@@H](O)[C@H](O)[C@H]3O)c2)o1,False,spectrum
Esomeprazole potassium,inactive,1.0,COc1ccc2[nH]c([S+]([O-])Cc3ncc(C)c(OC)c3C)nc2c1,False,spectrum
Estradiol,enhancer,1.0,C[C@]12CCC3c4c(cc(O)cc4)CCC3C1CC[C@@H]2O,False,spectrum
Estradiol acetate,inactive,1.0,CC(=O)OC1CCC2C3CCc4c(ccc(O)c4)C3CCC12C,False,spectrum
Estradiol benzoate,inactive,1.0,C[C@]12CCC3c4c(cc(OC(=O)c5ccccc5)cc4)CCC3C1CC[C@@H]2O,False,spectrum
Estradiol cypionate,inactive,1.0,C[C@]12CCC3c4c(cc(O)cc4)CCC3C1CC[C@@H]2OC(=O)CCC1CCCC1,False,spectrum
Estradiol methyl ether,inactive,1.0,COc1cc2c(cc1)C1CC[C@@]3(C)C(CC[C@@H]3O)C1CC2,False,spectrum
Estradiol valerate,inactive,1.0,CCCCC(=O)O[C@H]1CCC2C3CCc4c(ccc(O)c4)C3CC[C@@]21C,False,spectrum
Estradiol-3-sulfate. sodium salt,inactive,1.0,C[C@]12CCC3c4ccc(OS(=O)(=O)O)cc4CCC3C1CC[C@H]2O,False,spectrum
Estragole,inactive,1.0,C=CCc1ccc(OC)cc1,False,spectrum
Estramustine,inactive,1.0,C[C@]12CCC3c4c(cc(OC(=O)N(CCCl)CCCl)cc4)CCC3C1CC[C@@H]2O,False,spectrum
Estriol,inactive,1.0,C[C@]12CCC3c4c(cc(O)cc4)CCC3C1C[C@@H](O)[C@@H]2O,False,spectrum
Estrone,inactive,1.0,C[C@]12CCC3c4c(cc(O)cc4)CCC3C1CCC2=O,False,spectrum
Estrone benzoate,inactive,1.0,C[C@]12CCC3c4c(cc(OC(=O)c5ccccc5)cc4)CCC3C1CCC2=O,False,spectrum
Estropipate,inactive,1.0,C[C@]12CCC3c4ccc(OS(=O)(=O)O)cc4CCC3C1CCC2=O,False,spectrum
Eszopiclone,inactive,1.0,CN1CCN(C(=O)O[C@H]2c3nccnc3C(=O)N2c2ncc(Cl)cc2)CC1,False,spectrum
Ethacridine lactate,inactive,1.0,CCOc1cc2c(N)c3c(cc(N)cc3)nc2cc1,False,spectrum
Ethacrynic acid,inactive,1.0,C=C(CC)C(=O)c1c(Cl)c(Cl)c(OCC(=O)O)cc1,False,spectrum
Ethambutol hydrochloride,inactive,1.0,CC[C@@H](CO)NCCN[C@@H](CC)CO,False,spectrum
Ethamivan,inactive,1.0,CCN(CC)C(=O)c1cc(OC)c(O)cc1,False,spectrum
Ethanolamine oleate,inactive,1.0,CCCCCCCC/C=C\CCCCCCCC(=O)O.NCCO,False,spectrum
Ethaverine hydrochloride,inactive,1.0,CCOc1ccc(Cc2nccc3cc(OCC)c(OCC)cc23)cc1OCC,False,spectrum
Ethenzamide,inactive,1.0,CCOc1c(C(N)=O)cccc1,False,spectrum
Ethinyl estradiol,inactive,1.0,C#C[C@]1(O)CCC2C3CCc4c(ccc(O)c4)C3CC[C@@]21C,False,spectrum
Ethionamide,inactive,1.0,CCc1nccc(C(N)=S)c1,False,spectrum
Ethionine,inactive,1.0,CCSCCC(N)C(=O)O,False,spectrum
Ethisterone,inactive,1.0,C#CC1(O)CCC2C3CCC4=CC(=O)CCC4(C)C3CCC21C,False,spectrum
Ethopabate,inactive,1.0,CCOc1c(C(=O)OC)ccc(NC(C)=O)c1,False,spectrum
Ethopropazine hydrochloride,inactive,1.0,CCN(CC)C(C)CN1c2c(cccc2)Sc2c1cccc2,False,spectrum
Ethosuximide,inactive,1.0,CCC1(C)CC(=O)NC1=O,False,spectrum
Ethotoin,inactive,1.0,CCN1C(=O)NC(c2ccccc2)C1=O,False,spectrum
Ethoxzolamide,inactive,1.0,CCOc1ccc2nc(S(N)(=O)=O)sc2c1,False,spectrum
Ethyl paraben,inactive,1.0,CCOC(=O)c1ccc(O)cc1,False,spectrum
Ethyl vanillin,inactive,1.0,CCOc1c(O)ccc(C=O)c1,False,spectrum
Ethylnorepinephrine hydrochloride,inactive,1.0,CCC(N)C(O)c1cc(O)c(O)cc1,False,spectrum
Ethynodiol diacetate,inactive,1.0,C#C[C@@H]1CC2C3CCC4=C[C@@H](OC(C)=O)CCC4C3CC[C@]2(C)[C@H]1OC(C)=O,False,spectrum
Eticlopride hydrochloride,inactive,1.0,CCc1cc(Cl)c(OC)c(C(=O)NCC2CCCN2CC)c1O,False,spectrum
Etidronate disodium,inactive,1.0,CC(O)(P(=O)(O)O)P(=O)(O)O,False,spectrum
Etodolac,inactive,1.0,CCc1c2[nH]c3c(CCOC3(CC)CC(=O)O)c2ccc1,False,spectrum
Etomidate,inactive,1.0,CCOC(=O)c1cncn1[C@H](C)c1ccccc1,False,spectrum
Etoposide,reducer,1.0,COc1cc([C@@H]2c3cc4c(cc3C(OC3O[C@@H]5COC(C)O[C@H]5[C@H](O)[C@H]3O)C3COC(=O)[C@@H]32)OCO4)cc(OC)c1O,True,spectrum
Etosalamide,inactive,1.0,CCOCCOc1c(C(N)=O)cccc1,False,spectrum
Eucalyptol,inactive,1.0,CC1(C)O[C@]2(C)CC[C@H]1CC2,False,spectrum
Eucatropine hydrochloride,inactive,1.0,CC1C(OC(=O)C(O)c2ccccc2)CCC(C)(C)N1C,False,spectrum
Eugenol,inactive,1.0,C=CCc1cc(OC)c(O)cc1,False,spectrum
Euparin,inactive,1.0,C=C(C)c1cc2cc(C(C)=O)c(O)cc2o1,False,spectrum
Euphol,inactive,1.0,CC(C)=CCCC(C)[C@@H]1CC[C@]2(C)C3=C(CC[C@@]12C)C1(C)CC[C@H](O)C(C)(C)C1CC3,False,spectrum
Evans blue,inactive,1.0,Cc1cc(-c2cc(C)c(/N=N/c3ccc4c(S(=O)(=O)O)cc(S(=O)(=O)O)c(N)c4c3O)cc2)ccc1/N=N/c1ccc2c(S(=O)(=O)O)cc(S(=O)(=O)O)c(N)c2c1O,False,spectrum
Everninic acid,inactive,1.0,COc1cc(O)c(C(=O)O)c(C)c1,False,spectrum
Everolimus,inactive,1.0,C(O)CO[C@H]1[C@@H](C[C@@H](CC1)C[C@@H]([C@H]2OC(=O)[C@@H]3CCCCN3C(=O)C([C@]4([C@@H](CC[C@H](O4)C[C@@H](/C(=C/C=C/C=C/[C@H](C[C@H](C([C@@H]([C@@H](O)/C(=C/[C@H](C(C2)=O)C)C)OC)=O)C)C)C)OC)C)O)=O)C)OC,True,selleckchem
Evoxine,inactive,1.0,COc1c2ccc(OCC(O)C(C)(C)O)c(OC)c2nc2c1cco2,False,spectrum
Exalamide,inactive,1.0,CCCCCCOc1c(C(N)=O)cccc1,False,spectrum
Ezetimibe,inactive,1.0,O=C1[C@H](CCC(O)c2ccc(F)cc2)[C@@H](c2ccc(O)cc2)N1c1ccc(F)cc1,False,spectrum
Famciclovir,inactive,1.0,CC(=O)OCC(CCn1cnc2cnc(N)nc21)COC(C)=O,False,spectrum
Famotidine,inactive,1.0,NC(N)=Nc1nc(CSCC/C(N)=N\S(N)(=O)=O)cs1,False,spectrum
Fampridine,inactive,1.0,Nc1ccncc1,False,spectrum
Famprofazone,inactive,1.0,CC(C)c1c(CN(C)C(C)Cc2ccccc2)n(C)n(-c2ccccc2)c1=O,False,spectrum
Farnesol,inactive,1.0,CC(C)=CCC/C(C)=C/CC/C(C)=C/CO,False,spectrum
Fasudil hydrochloride,inactive,1.0,O=S(=O)(c1cccc2cnccc12)N1CCCNCC1,False,spectrum
Febuxostat,inactive,1.0,Cc1c(C(=O)O)sc(-c2ccc(OCC(C)C)c(C#N)c2)n1,False,spectrum
Felbinac,inactive,1.0,O=C(O)Cc1ccc(-c2ccccc2)cc1,False,spectrum
Fenaclon,inactive,0.4,O=C(CCCl)NCCc1ccccc1,False,spectrum
Fenbendazole,reducer,1.0,COC(=O)Nc1nc2ccc(Sc3ccccc3)cc2[nH]1,False,spectrum
Fenbufen,inactive,1.0,O=C(O)CCC(=O)c1ccc(-c2ccccc2)cc1,False,spectrum
Fenbutyramide,inactive,1.0,CCC(C(N)=O)c1ccccc1,False,spectrum
Fenclonine,inactive,1.0,NC(Cc1ccc(Cl)cc1)C(=O)O,False,spectrum
Fenipentol,inactive,1.0,CCCCC(O)c1ccccc1,False,spectrum
Fenofibrate,inactive,1.0,CC(C)OC(=O)C(C)(C)Oc1ccc(C(=O)c2ccc(Cl)cc2)cc1,False,spectrum
Fenofibric acid,inactive,1.0,CC(C)(Oc1ccc(C(=O)c2ccc(Cl)cc2)cc1)C(=O)O,False,spectrum
Fenoldopam mesylate,inactive,1.0,Oc1ccc(C2CNCCc3c(Cl)c(O)c(O)cc32)cc1,False,spectrum
Fenoprofen,inactive,1.0,CC(C(=O)O)c1cc(Oc2ccccc2)ccc1,False,spectrum
Fenoterol hydrobromide,inactive,1.0,CC(Cc1ccc(O)cc1)NCC(O)c1cc(O)cc(O)c1,False,spectrum
Fenspiride hydrochloride,inactive,1.0,O=C1NCC2(CCN(CCc3ccccc3)CC2)O1,False,spectrum
Fenthion,inactive,1.0,COP(=S)(OC)Oc1ccc(SC)c(C)c1,False,spectrum
Ferrous fumarate,inactive,1.0,O=C([O-])/C=C/C(=O)[O-].[Fe+2],False,spectrum
Ferulic acid,inactive,1.0,COc1cc(/C=C/C(=O)O)ccc1O,False,spectrum
Fexofenadine hydrochloride,inactive,1.0,CC(C)(C(=O)O)c1ccc(C(O)CCCN2CCC(C(O)(c3ccccc3)c3ccccc3)CC2)cc1,False,spectrum
Finasteride,inactive,1.0,CC(C)(C)NC(=O)[C@H]1CCC2C3CCC4NC(=O)C=C[C@]4(C)C3CC[C@@]21C,False,spectrum
Fipexide hydrochloride,inactive,1.0,O=C(COc1ccc(Cl)cc1)N1CCN(Cc2ccc3OCOc3c2)CC1,False,spectrum
Fipronil,enhancer,1.0,N#Cc1nn(-c2c(Cl)cc(C(F)(F)F)cc2Cl)c(N)c1[S+]([O-])C(F)(F)F,False,spectrum
Firocoxib,inactive,1.0,CC1(C)OC(=O)C(OCC2CC2)=C1c1ccc(S(C)(=O)=O)cc1,False,spectrum
Fissinolide,inactive,1.0,COC(=O)C[C@H]1C(C)(C)[C@@H](OC(C)=O)[C@@H]2CC3=C4CC(=O)O[C@@H](c5cocc5)[C@]4(C)CCC3[C@]1(C)C2=O,False,spectrum
FlUMAZENIL,inactive,1.0,CCOC(=O)c1c2CN(C)C(=O)c3c(ccc(F)c3)-n2cn1,False,spectrum
Flavanone,inactive,1.0,O=C1CC(c2ccccc2)Oc2c1cccc2,False,spectrum
Flavopiridol HCl,reducer,1.0,CN1CC[C@H](c2c(O)cc(O)c3c2oc(-c2ccccc2Cl)cc3=O)[C@H](O)C1,False,selleckchem
Flopropione,inactive,1.0,CCC(=O)c1c(O)cc(O)cc1O,False,spectrum
Florfenicol,inactive,1.0,CS(=O)(=O)c1ccc(C(O)[C@H](CF)NC(=O)C(Cl)Cl)cc1,False,spectrum
Floxuridine,inactive,1.0,O=c1[nH]c(=O)n(C2C[C@@H](O)[C@@H](CO)O2)cc1F,True,spectrum
Flubendazole,reducer,1.0,COC(=O)Cc1nc2cc(C(=O)c3ccc(F)cc3)ccc2[nH]1,False,spectrum
Fluconazole,inactive,1.0,OC(Cn1cncn1)(Cn1cncn1)c1c(F)cc(F)cc1,False,spectrum
Flucytosine,inactive,1.0,Nc1nc(=O)[nH]cc1F,False,spectrum
Fludarabine phosphate,inactive,1.0,Nc1c2ncn([C@@H]3O[C@H](COP(=O)(O)O)[C@@H](O)[C@@H]3O)c2nc(F)n1,True,spectrum
Fludrocortisone acetate,inactive,1.0,CC(=O)OCC(=O)[C@@]1(O)CCC2C3CCC4=CC(=O)CC[C@]4(C)[C@@]3(F)[C@@H](O)C[C@@]21C,False,spectrum
Flufenamic acid,enhancer,1.0,O=C(O)c1c(Nc2cccc(C(F)(F)F)c2)cccc1,False,spectrum
Flumequine,inactive,1.0,CC1CCc2cc(F)cc3c2n1cc(C(=O)O)c3=O,False,spectrum
Flumethasone,inactive,1.0,C[C@@H]1CC2C3C[C@H](F)C4=CC(=O)C=C[C@]4(C)[C@@]3(F)[C@@H](O)C[C@]2(C)[C@@]1(O)C(=O)CO,False,spectrum
Flumethazone pivalate,inactive,1.0,C[C@@H]1CC2C3C[C@H](F)C4=CC(=O)C=C[C@]4(C)[C@@]3(F)[C@@H](O)C[C@]2(C)[C@@]1(O)C(=O)COC(=O)C(C)(C)C,False,spectrum
Flunarizine hydrochloride,inactive,1.0,Fc1ccc(C(c2ccc(F)cc2)N2CCN(C/C=C/c3ccccc3)CC2)cc1,False,spectrum
Flunisolide,inactive,1.0,CC1(C)O[C@@H]2CC3C4C[C@H](F)C5=CC(=O)C=CC5(C)C4C(O)CC3(C)[C@]2(C(=O)CO)O1,False,spectrum
Flunixin meglumine,inactive,1.0,Cc1c(C(F)(F)F)cccc1Nc1c(C(=O)O)cccn1,False,spectrum
Fluocinolone acetonide,inactive,1.0,CC1(C)O[C@@H]2CC3C4C[C@H](F)C5=CC(=O)C=C[C@]5(C)[C@@]4(F)[C@@H](O)C[C@]3(C)[C@]2(C(=O)CO)O1,False,spectrum
Fluocinonide,inactive,1.0,CC(=O)OCC(=O)[C@@]12OC(C)(C)O[C@@H]1CC1C3C[C@H](F)C4=CC(=O)C=C[C@]4(C)[C@@]3(F)[C@@H](O)C[C@@]12C,False,spectrum
Fluorescein,inactive,1.0,O=C1OC2(c3c(cc(O)cc3)Oc3c2ccc(O)c3)c2c1cccc2,False,spectrum
Fluorometholone,inactive,1.0,CC(=O)[C@@]1(O)CCC2C3C[C@H](C)C4=CC(=O)C=CC4(C)[C@@]3(F)[C@@H](O)C[C@@]21C,False,spectrum
Fluorouracil,inactive,1.0,O=c1[nH]cc(F)c(=O)[nH]1,True,spectrum
Fluoxetine,inactive,0.6,CNCCC(Oc1ccc(C(F)(F)F)cc1)c1ccccc1,False,spectrum
Fluphenazine hydrochloride,inactive,1.0,OCCN1CCN(CCCN2c3c(cccc3)Sc3c2cc(C(F)(F)F)cc3)CC1,False,spectrum
Flurandrenolide,inactive,1.0,CC1(C)O[C@@H]2CC3C4C[C@H](F)C5=CC(=O)CC[C@]5(C)C4[C@@H](O)C[C@]3(C)[C@]2(C(=O)CO)O1,False,spectrum
Flurbiprofen,inactive,1.0,CC(C(=O)O)c1cc(F)c(-c2ccccc2)cc1,False,spectrum
Flurothyl,inactive,1.0,FC(F)(F)COCC(F)(F)F,False,spectrum
Fluroxene,inactive,1.0,C=COCC(F)(F)F,False,spectrum
Flutamide,inactive,1.0,CC(C)C(=O)Nc1cc(C(F)(F)F)c([N+](=O)[O-])cc1,False,spectrum
Fluticasone propionate,inactive,1.0,CCC(=O)O[C@]1(C(=O)SCF)[C@H](C)CC2C3CC(F)C4=CC(=O)C=C[C@]4(C)C3(F)[C@@H](O)C[C@@]21C,False,spectrum
Fluvastatin,inactive,1.0,CC(C)n1c(/C=C/[C@@H](O)C[C@@H](O)CC(=O)O)c(-c2ccc(F)cc2)c2ccccc21,False,spectrum
Fluvoxamine maleate,inactive,1.0,COCCCC/C(=N\OCCN)c1ccc(C(F)(F)F)cc1,False,spectrum
Folic acid,inactive,1.0,Nc1nc(=O)c2nc(CNc3ccc(C(=O)N[C@@H](CCC(=O)O)C(=O)O)cc3)cnc2[nH]1,False,spectrum
Fomepizole,inactive,1.0,Cc1c[nH]nc1,False,spectrum
Foretinib,inactive,1.0,C1(=CC=C(C=C1)F)NC(C2(C(NC3=CC(=C(C=C3)OC4C5=C(N=CC=4)C=C(C(=C5)OC)OCCCN6CCOCC6)F)=O)CC2)=O,False,selleckchem
Formestane,inactive,1.0,CC1=C2CCC3C4CCC(=O)[C@@]4(C)CCC3[C@@]2(C)CCC1=O,False,spectrum
Formononetin,inactive,1.0,COc1ccc(-c2coc3cc(O)ccc3c2=O)cc1,False,spectrum
Foscarnet sodium,inactive,1.0,O=C(O)P(=O)(O)O,False,spectrum
Fosfomycin calcium,inactive,1.0,CC1OC1P(=O)(O)O,False,spectrum
Fosfosal,inactive,1.0,O=C(O)c1c(OP(=O)(O)O)cccc1,False,spectrum
Friedelin,inactive,1.0,C[C@H]1C(=O)CCC2[C@]3(C)CC[C@@]4(C)C5CC(C)(C)CC[C@]5(C)CC[C@]4(C)C3CC[C@@]21C,False,spectrum
Ftaxilide,inactive,1.0,Cc1cccc(C)c1NC(=O)c1c(C(=O)O)cccc1,False,spectrum
Fucostanol,inactive,1.0,CC[C@H](CCC(C)[C@H]1CCC2C3CCC4C[C@@H](O)CC[C@]4(C)C3CC[C@@]21C)C(C)C,False,spectrum
Fulvestrant,inactive,1.0,C[C@]12CCC3c4ccc(O)cc4C[C@@H](CCCCCCCCC[S+]([O-])CCCC(F)(F)C(F)(F)F)C3C1CC[C@@H]2O,False,spectrum
Fumarprotocetraric acid,inactive,1.0,Cc1c2C(=O)Oc3c(COC(=O)/C=C/C(=O)O)c(O)c(C(=O)O)c(C)c3Oc2c(C=O)c(O)c1,False,spectrum
Furaltadone,inactive,1.0,O=C1OC(CN2CCOCC2)CN1/N=C/c1ccc([N+](=O)[O-])o1,False,spectrum
Furazolidone,inactive,1.0,O=C1OCCN1/N=C/c1ccc([N+](=O)[O-])o1,False,spectrum
Furosemide,inactive,1.0,NS(=O)(=O)c1cc(C(=O)O)c(NCc2ccco2)cc1Cl,False,spectrum
Fusidic acid,inactive,1.0,CC(=O)O[C@H]1C[C@@]2(C)[C@@H](C[C@@H](O)C3[C@@]4(C)CC[C@@H](O)[C@@H](C)[C@@H]4CC[C@@]32C)/C1=C(/CCC=C(C)C)C(=O)O,False,spectrum
Gabapentin,inactive,1.0,NCC1CCCCC1CC(=O)O,False,spectrum
Gaboxadol hydrochloride,inactive,1.0,Oc1noc2c1CCNC2,False,spectrum
Gadoteridol,inactive,1.0,CC(O)CN1CCN(CC(=O)[O-])CCN(CC(=O)[O-])CCN(CC(=O)[O-])CC1.[Gd+3],False,spectrum
Galangin,inactive,1.0,O=c1c(O)c(-c2ccccc2)oc2cc(O)cc(O)c12,False,spectrum
Galangin 3-o-methyl ether,inactive,1.0,COc1c(-c2ccccc2)oc2cc(O)cc(O)c2c1=O,False,spectrum
Galangin trimethyl ether,inactive,1.0,COc1cc(OC)c2c(=O)c(OC)c(-c3ccccc3)oc2c1,False,spectrum
Galantamine,inactive,1.0,COc1ccc2CN(C)CC[C@@]34C=C[C@H](O)C[C@@H]3Oc1c24,False,spectrum
Gallamine triethiodide,inactive,1.0,CC[N+](CC)(CC)CCOc1c(OCC[N+](CC)(CC)CC)c(OCC[N+](CC)(CC)CC)ccc1,False,spectrum
Gallic acid,inactive,1.0,O=C(O)c1cc(O)c(O)c(O)c1,False,spectrum
Gambogic acid,reducer,1.0,CC(C)=CCCC1(C)C=Cc2c(O)c3c(OC45C(=CC6CC4C(C)(C)OC5(C/C=C(/C)C(=O)O)C6=O)C3=O)c(CC=C(C)C)c2O1,False,spectrum
Ganciclovir,inactive,1.0,Nc1nc2c(ncn2COC(CO)CO)c(=O)[nH]1,False,spectrum
Gangaleoidin,inactive,1.0,COC(=O)c1c(OC)cc2OC(=O)c3c(Oc2c1C)c(Cl)c(O)c(Cl)c3C,False,spectrum
Garcinolic acid,inactive,1.0,CC(C)=CCCC1(C)C=Cc2c(O)c3c(OC45C(=CCCC4C(C)(C)O[C@@]5(C/C=C(\C)C(=O)O)C(=O)O)C3=O)c(CC=C(C)C)c2O1,False,spectrum
Gardenin b,inactive,1.0,COc1ccc(-c2cc(=O)c3c(O)c(OC)c(OC)c(OC)c3o2)cc1,False,spectrum
Garlicin,inactive,1.0,C=CCSSCC=C,False,spectrum
Gatifloxacin,inactive,1.0,COc1c(N2CCNC(C)C2)c(F)cc2c1n(C1CC1)cc(C(=O)O)c2=O,False,spectrum
Gdc-0068,inactive,0.5,C1CN(CCN1C([C@@H](C2=CC=C(C=C2)Cl)CNC(C)C)=O)C3=C4C(=NC=N3)[C@H](C[C@H]4C)O,False,selleckchem
Gdc-0879,inactive,1.0,C(CN1N=C(C(=C1)C2=CC=C3C(=C2)CCC/3=N/O)C4C=CN=CC=4)O,False,selleckchem
Gdc-0941,inactive,0.5,C1(=CC=CC2=C1C=NN2)C3=NC(=C4C(=N3)C=C(S4)CN5CCN(CC5)S(=O)(=O)C)N6CCOCC6,False,selleckchem
Gdc-0980,reducer,1.0,C1(=CN=C(N=C1)N)C2=NC(=C3C(=N2)C(=C(S3)CN4CCN(CC4)C([C@@H](O)C)=O)C)N5CCOCC5,False,selleckchem
Gedunin,inactive,1.0,CC(=O)O[C@@H]1CC2C(C)(C)C(=O)C=C[C@]2(C)C2CC[C@@]3(C)[C@H](c4cocc4)OC(=O)[C@H]4O[C@]43[C@@]21C,False,spectrum
Gefitinib,inactive,1.0,C1(=C(C=C2C(=C1)N=CN=C2NC3=CC=C(C(=C3)Cl)F)OCCCN4CCOCC4)OC,True,selleckchem
Gemfibrozil,inactive,1.0,Cc1cc(OCCCC(C)(C)C(=O)O)c(C)cc1,False,spectrum
Gemifloxacin mesylate,inactive,1.0,CO/N=C1\CN(c2nc3c(cc2F)c(=O)c(C(=O)O)cn3C2CC2)CC1CN,False,spectrum
Geneticin,inactive,1.0,CN[C@@H]1[C@@H](O)C(OC2[C@@H](N)C[C@@H](N)[C@H](O[C@H]3O[C@H](C(C)O)[C@@H](O)[C@H](O)[C@H]3N)[C@H]2O)OC[C@]1(C)O,False,spectrum
Genistein,inactive,1.0,O=c1c(-c2ccc(O)cc2)coc2c1c(O)cc(O)c2,False,spectrum
Genkwanin,inactive,1.0,COc1cc2c(c(O)c1)c(=O)cc(-c1ccc(O)cc1)o2,False,spectrum
Gentamicin sulfate,inactive,1.0,CNC(C)[C@@H]1CC[C@@H](N)[C@@H](OC2[C@@H](N)C[C@@H](N)[C@H](OC3OC[C@](C)(O)[C@H](NC)[C@H]3O)[C@H]2O)O1,False,spectrum
Gentian violet,inactive,1.0,CN(C)c1ccc(C(=C2C=CC(=[N+](C)C)C=C2)c2ccc(N(C)C)cc2)cc1,False,spectrum
Gibberellic acid,inactive,1.0,C=C1C[C@]23C[C@@]1(O)CC[C@H]2[C@@]12C=C[C@H](O)[C@](C)(C(=O)O1)[C@H]2[C@@H]3C(=O)O,False,spectrum
Ginkgolide a,inactive,1.0,C[C@@H]1C(=O)OC2[C@H](O)C34[C@@H]5OC(=O)[C@@]3(O[C@@H]3OC(=O)[C@H](O)[C@@]34[C@H](C(C)(C)C)[C@H]5O)[C@]21O,False,spectrum
Gitoxin,inactive,1.0,C[C@H]1OC(O[C@H]2[C@@H](O)CC(O[C@H]3[C@@H](O)C[C@H](O[C@H]4CC[C@]5(C)C6CC[C@]7(C)[C@@H](C8=CC(=O)OC8)[C@@H](O)C[C@]7(O)[C@@H]6CC[C@@H]5C4)O[C@@H]3C)O[C@@H]2C)C[C@H](O)C1O,False,spectrum
Glafenine,inactive,1.0,O=C(OCC(O)CO)c1c(Nc2ccnc3cc(Cl)ccc23)cccc1,False,spectrum
Gliclazide,inactive,1.0,Cc1ccc(S(=O)(=O)NC(=O)NN2CC3CCCC3C2)cc1,False,spectrum
Glimepiride,inactive,1.0,CCC1=C(C)CN(C(=O)NCCc2ccc(S(=O)(=O)NC(=O)N[C@H]3CC[C@H](C)CC3)cc2)C1=O,False,spectrum
Glipizide,inactive,1.0,Cc1cnc(C(=O)NCCc2ccc(S(=O)(=O)NC(=O)NC3CCCCC3)cc2)cn1,False,spectrum
Glucitol-4-gucopyanoside,inactive,1.0,OC[C@H](O)[C@@H](O)[C@H](O[C@@H]1O[C@H](CO)[C@@H](O)[C@H](O)[C@H]1O)[C@H](O)CO,False,spectrum
Gluconolactone,inactive,1.0,O=C1O[C@@H](CO)[C@H](O)[C@@H](O)[C@@H]1O,False,spectrum
Glucosamine hydrochloride,inactive,1.0,N[C@H]1[C@H](O)O[C@H](CO)[C@@H](O)[C@@H]1O,False,spectrum
Glucosaminic acid,inactive,1.0,N[C@@H](C(=O)O)[C@@H](O)[C@H](O)[C@H](O)CO,False,spectrum
Glutamine,inactive,1.0,NC(=O)CC[C@H](N)C(=O)O,False,spectrum
Glutathione,enhancer,0.5,N[C@@H](CCC(=O)N[C@@H](CS)C(=O)NCC(=O)O)C(=O)O,False,spectrum
Glyburide,reducer,1.0,COc1c(C(=O)NCCc2ccc(S(=O)(=O)NC(=O)NC3CCCCC3)cc2)cc(Cl)cc1,False,spectrum
Glycocholic acid,inactive,1.0,C[C@H](CCC(=O)NCC(=O)O)[C@H]1CCC2C3C(C[C@H](O)[C@@]21C)[C@@]1(C)CC[C@@H](O)CC1C[C@H]3O,False,spectrum
Glycopyrrolate,inactive,1.0,C[N+]1(C)CCC(OC(=O)C(O)(c2ccccc2)C2CCCC2)C1,False,spectrum
Glycyrrhizic acid. ammonium salt,inactive,1.0,CC1(C)C2CC[C@@]3(C)C4CC[C@@]5(C)CC[C@](C)(C(=O)O)C[C@H]5C4=CC(=O)C3[C@@]2(C)CC[C@@H]1O[C@@H]1O[C@H](C(=O)O)[C@@H](O[C@@H]2O[C@H](C(=O)O)[C@@H](O)[C@H](O)[C@H]2O)[C@H](O)[C@H]1O,False,spectrum
Golvatinib,inactive,1.0,C1=C(C=CC(=C1F)NC(C2(C(NC3=CC=C(C=C3)F)=O)CC2)=O)OC4=CC(=NC=C4)NC(N5CCC(CC5)N6CCN(CC6)C)=O,False,selleckchem
Gossypetin,inactive,1.0,O=c1c(O)c(-c2cc(O)c(O)cc2)oc2c1c(O)cc(O)c2O,False,spectrum
Gossypin,inactive,1.0,O=c1c(O)c(-c2cc(O)c(O)cc2)oc2c1c(O)cc(O)c2O[C@@H]1O[C@H](CO)[C@H](O)[C@@H](O)[C@H]1O,False,spectrum
Gossypol,inactive,1.0,Cc1cc2c(C(C)C)c(O)c(O)c(C=O)c2c(O)c1-c1c(O)c2c(C=O)c(O)c(O)c(C(C)C)c2cc1C,False,spectrum
Gramicidin,reducer,1.0,CC(C)CC(NC(=O)C(C)NC(=O)CNC(=O)C(NC=O)C(C)C)C(=O)NC(C)C(=O)NC(C(=O)NC(C(=O)NC(C(=O)NC(Cc1c[nH]c2c1cccc2)C(=O)NC(CC(C)C)C(=O)NC(Cc1c[nH]c2c1cccc2)C(=O)NC(CC(C)C)C(=O)NC(Cc1c[nH]c2c1cccc2)C(=O)NC(CC(C)C)C(=O)NC(Cc1c[nH]c2c1cccc2)C(=O)NCCO)C(C)C)C(C)C)C(C)C,False,spectrum
Gramine,inactive,1.0,CN(C)Cc1c[nH]c2c1cccc2,False,spectrum
Granisetron hydrochloride,inactive,1.0,CN1C2CCCC1CC(NC(=O)c1nn(C)c3c1cccc3)C2,False,spectrum
Grayanotoxin i,inactive,1.0,CC(=O)O[C@@H]1C2CC[C@@H]3C1(C[C@@H](O)[C@@]1(O)[C@@H](C[C@H](O)C1(C)C)[C@]3(C)O)C[C@@]2(C)O,False,spectrum
Griseofulvic acid,inactive,1.0,COc1cc(OC)c2C(=O)C3(Oc2c1Cl)C(O)=CC(=O)CC3C,False,spectrum
Griseofulvin,inactive,1.0,COC1=CC(=O)C[C@@H](C)[C@]12Oc1c(Cl)c(OC)cc(OC)c1C2=O,False,spectrum
Gsk1059615,reducer,1.0,C1(=CC=C2C(=C1)C(=CC=N2)C3=CC=NC=C3)/C=C4/C(NC(S4)=O)=O,False,selleckchem
Gsk1070916,inactive,1.0,C1=CN=C2C(=C1C3=CN(N=C3C4=CC=C(C=C4)NC(N(C)C)=O)CC)C=C(N2)C5=CC=CC(=C5)CN(C)C,False,selleckchem
Gsk1120212,inactive,1.0,C1(N(C(=C2C(=C1C)N(C(N(C2=O)C3CC3)=O)C4=CC(=CC=C4)NC(C)=O)NC5=CC=C(C=C5F)I)C)=O,True,selleckchem
Gsk1838705a,inactive,0.5,N1=C(N=C2C(=C1NC3=CC=CC(=C3C(=O)NC)F)C=CN2)NC4=C(C=C5C(=C4)N(CC5)C(=O)CN(C)C)OC,False,selleckchem
Gsk1904529a,inactive,1.0,C1=C(C(=C(C=C1)F)NC(C2=C(C=CC(=C2)C3=C(N4C(=N3)C=CC=C4)C5=CC=NC(=N5)NC6=C(C=C(C(=C6)CC)N7CCC(CC7)N8CCN(CC8)S(C)(=O)=O)OC)OC)=O)F,False,selleckchem
Gsk461364,inactive,1.0,C1N(CCN(C1)CC2=CC3=C(C=C2)N=CN3C4=CC(=C(S4)C(=O)N)O[C@H](C)C5=CC=CC=C5C(F)(F)F)C,False,selleckchem
Gsk690693,reducer,1.0,C12=C(C(=CN=C1C#CC(C)(O)C)OC[C@@H]3CNCCC3)N(C(=N2)C4C(=NON=4)N)CC,False,selleckchem
Guaiacol,inactive,1.0,COc1c(O)cccc1,False,spectrum
Guaiazulene,inactive,1.0,Cc1ccc(C(C)C)cc2c(C)ccc1-2,False,spectrum
Guaifenesin,inactive,1.0,COc1c(OCC(O)CO)cccc1,False,spectrum
Guanabenz acetate,inactive,1.0,N=C(N)N/N=C\c1c(Cl)cccc1Cl,False,spectrum
Guanadrel sulfate,inactive,1.0,N=C(N)NCC1COC2(CCCCC2)O1,False,spectrum
Guanethidine monosulfate,inactive,1.0,N=C(N)NCCN1CCCCCCC1,False,spectrum
Guanfacine hydrochloride,inactive,1.0,NC(N)=NC(=O)Cc1c(Cl)cccc1Cl,False,spectrum
Guanidine hydrochloride,inactive,1.0,N=C(N)N,False,spectrum
Haematommic acid. ethyl ester,inactive,1.0,CCOC(=O)c1c(O)c(C=O)c(O)cc1C,False,spectrum
Haematoporphyrin,inactive,1.0,CC1=C(CCC(=O)O)c2cc3c(CCC(=O)O)c(C)c(cc4nc(cc5[nH]c(cc1n2)c(C)c5C(C)O)C(C)=C4C(C)O)[nH]3,False,spectrum
Haematoxylin,inactive,1.0,Oc1cc2c(cc1O)C1c3c(OCC1(O)C2)c(O)c(O)cc3,False,spectrum
Haematoxylin pentaacetate,inactive,1.0,CC(=O)Oc1c(OC(C)=O)c2c(cc1)C1c3cc(OC(C)=O)c(OC(C)=O)c(OC(C)=O)c3CC1(O)CO2,False,spectrum
Halazone,inactive,1.0,O=C(O)c1ccc(S(=O)(=O)N(Cl)Cl)cc1,False,spectrum
Haloperidol,inactive,1.0,O=C(CCCN1CCC(O)(c2ccc(Cl)cc2)CC1)c1ccc(F)cc1,False,spectrum
Halothane,inactive,1.0,FC(F)(F)C(Cl)Br,False,spectrum
Harmaline,inactive,1.0,COc1ccc2c3c([nH]c2c1)C(C)=NCC3,False,spectrum
Harmalol hydrochloride dihydrate,inactive,1.0,CC1=NCCc2c1[nH]c1cc(O)ccc21,False,spectrum
Harmane,inactive,1.0,Cc1nccc2c1[nH]c1c2cccc1,False,spectrum
Harmine,inactive,1.0,COc1cc2c(cc1)c1c([nH]2)c(C)ncc1,False,spectrum
Harmol hydrochloride,inactive,1.0,Cc1nccc2c1[nH]c1c2ccc(O)c1,False,spectrum
Harpagoside,inactive,1.0,O=C(/C=C/c1ccccc1)O[C@H]1C[C@@H](O)[C@]2(O)C=CO[C@@H](O[C@@H]3O[C@H](CO)[C@@H](O)[C@H](O)[C@H]3O)[C@H]12,False,spectrum
Hecogenin,inactive,0.5,CC1CCC2(OC1)OC1CC3C4CC[C@H]5C[C@@H](O)CC[C@]5(C)C4CC(=O)[C@]3(C)C1C2C,False,spectrum
Hecogenin acetate,inactive,1.0,CC(=O)OC1CCC2(C)C3CC(=O)C4(C)C(CC5OC6(CCC(C)CO6)[C@@H](C)C54)C3CC[C@H]2C1,False,spectrum
Hederagenin,inactive,1.0,CC1(C)CC[C@]2(C(=O)O)CC[C@]3(C)C(=CCC4[C@@]5(C)CC[C@H](O)[C@@](C)(CO)C5CC[C@]43C)C2C1,False,spectrum
Helenine,inactive,1.0,C=C1C(=O)O[C@@H]2C[C@@]3(C)CCC[C@H](C)C3=C[C@H]12,False,spectrum
Helicin,inactive,1.0,O=Cc1c(O[C@@H]2O[C@H](CO)[C@H](O)[C@@H](O)[C@H]2O)cccc1,False,spectrum
Hematein,inactive,1.0,O=C1C=C2CC3(O)COc4c(ccc(O)c4O)C3=C2C=C1O,False,spectrum
Heptaminol hydrochloride,inactive,1.0,CC(N)CCCC(C)(C)O,False,spectrum
Herniarin,inactive,1.0,COc1cc2c(cc1)ccc(=O)o2,False,spectrum
Hesperadin,reducer,1.0,C1(=CC=C2C(=C1)/C(C(N2)=O)=C(\C3=CC=CC=C3)NC4=CC=C(C=C4)CN5CCCCC5)NS(CC)(=O)=O,False,selleckchem
Hesperetin,inactive,1.0,COc1c(O)cc([C@@H]2CC(=O)c3c(cc(O)cc3O)O2)cc1,False,spectrum
Hesperidin,inactive,1.0,COc1c(O)cc([C@@H]2CC(=O)c3c(cc(O[C@@H]4O[C@H](CO[C@H]5O[C@@H](C)[C@H](O)[C@@H](O)[C@H]5O)[C@@H](O)[C@H](O)[C@H]4O)cc3O)O2)cc1,False,spectrum
Hetacillin potassium,inactive,1.0,CC1(C)S[C@@H]2C(N3C(=O)[C@@H](c4ccccc4)NC3(C)C)C(=O)N2[C@H]1C(=O)O,False,spectrum
Heteropeucenin. methyl ether,inactive,1.0,COc1c(CC=C(C)C)c2c(c(O)c1)c(=O)cc(C)o2,False,spectrum
Hexachlorophene,inactive,1.0,Oc1c(Cl)cc(Cl)c(Cl)c1Cc1c(Cl)c(Cl)cc(Cl)c1O,False,spectrum
Hexamethonium bromide,inactive,1.0,C[N+](C)(C)CCCCCC[N+](C)(C)C,False,spectrum
Hexamethylquercetagetin,inactive,1.0,COc1c(OC)cc(-c2c(OC)c(=O)c3c(cc(OC)c(OC)c3OC)o2)cc1,False,spectrum
Hexestrol,inactive,1.0,CCC(c1ccc(O)cc1)C(CC)c1ccc(O)cc1,False,spectrum
Hexetidine,inactive,1.0,CCCCC(CC)CN1CN(CC(CC)CCCC)CC(C)(N)C1,False,spectrum
Hexylene glycol,inactive,1.0,CC(O)CC(C)(C)O,False,spectrum
Hexylresorcinol,inactive,1.0,CCCCCCc1ccc(O)cc1O,False,spectrum
Hieracin,inactive,1.0,O=c1cc(-c2cc(O)c(O)c(O)c2)oc2c1c(O)cc(O)c2,False,spectrum
Histamine dihydrochloride,inactive,1.0,NCCc1c[nH]cn1,False,spectrum
Hmn-214,reducer,1.0,C1=CC=CC(=C1N(S(C2=CC=C(C=C2)OC)(=O)=O)C(C)=O)/C=C/C3=CC=N(C=C3)=O,False,selleckchem
Homatropine hydrobromide,inactive,1.0,CN1C2CC[C@H]1C[C@@H](OC(=O)C(O)c1ccccc1)C2,False,spectrum
Homatropine methylbromide,inactive,1.0,C[N+]1(C)C2CC[C@H]1C[C@@H](OC(=O)C(O)c1ccccc1)C2,False,spectrum
Homidium bromide,inactive,1.0,CC[n+]1c2cc(N)ccc2c2ccc(N)cc2c1-c1ccccc1,False,spectrum
Homopterocarpin,inactive,1.0,COc1ccc2c(c1)O[C@H]1c3c(cc(OC)cc3)OC[C@@H]21,False,spectrum
Homosalate,enhancer,1.0,CC1CC(OC(=O)c2c(O)cccc2)CC(C)(C)C1,False,spectrum
Humulene,inactive,1.0,C/C1=C/CC(C)(C)/C=C/C/C(C)=C/CC1,False,spectrum
Huperzine a,inactive,1.0,C/C=C1\[C@H]2C=C(C)C[C@]1(N)c1c(C2)[nH]c(=O)cc1,False,spectrum
Hycanthone,inactive,1.0,CCN(CC)CCNc1ccc(CO)c2c1c(=O)c1c(cccc1)s2,False,spectrum
Hydralazine hydrochloride,inactive,1.0,NNc1nncc2c1cccc2,False,spectrum
Hydrastine,inactive,1.0,COc1c(OC)c2c(cc1)[C@@H]([C@H]1c3c(cc4OCOc4c3)CCN1C)OC2=O,False,spectrum
Hydrastinine hydrochloride,inactive,1.0,CN1CCc2c(cc3OCOc3c2)C1O,False,spectrum
Hydrochlorothiazide,inactive,1.0,NS(=O)(=O)c1cc2c(cc1Cl)NCNS2(=O)=O,False,spectrum
Hydrocortisone,inactive,1.0,C[C@]12C[C@H](O)C3C(CCC4=CC(=O)CC[C@@]43C)C1CC[C@]2(O)C(=O)CO,False,spectrum
Hydrocortisone acetate,inactive,1.0,CC(=O)OCC(=O)[C@@]1(O)CCC2C3CCC4=CC(=O)CC[C@]4(C)C3[C@@H](O)C[C@@]21C,False,spectrum
Hydrocortisone butyrate,inactive,1.0,CCCC(=O)O[C@]1(C(=O)CO)CCC2[C@@H]3CCC4=CC(=O)CC[C@]4(C)C3[C@@H](O)C[C@@]21C,False,spectrum
Hydrocortisone hemisuccinate,inactive,1.0,C[C@]12C[C@H](O)C3C(CCC4=CC(=O)CC[C@@]43C)C1CC[C@]2(O)C(=O)COC(=O)CCC(=O)O,False,spectrum
Hydrocortisone phosphate triethylamine,inactive,1.0,CC12CCC(=O)C=C1CCC1C2[C@@H](O)CC2(C)C1CC[C@]2(O)C(=O)COP(=O)(O)O,False,spectrum
Hydrocortisone valerate,inactive,1.0,CCCCC(=O)O[C@]1(C(=O)CO)CCC2C3CCC4=CC(=O)CC[C@]4(C)C3[C@@H](O)C[C@@]21C,False,spectrum
Hydroflumethiazide,inactive,1.0,NS(=O)(=O)c1cc2c(cc1C(F)(F)F)NCNS2(=O)=O,False,spectrum
Hydrolysis product of bussein,inactive,1.0,CC(C)/C(O)=C1/C(=O)O[C@@H](c2cocc2)[C@]2(C)C(O)[C@@H](O)[C@@]34OC5(C)OC67CC(C)(C(O)[C@]6(O)[C@@H](O)[C@]3(O5)C12)[C@H](CC(=O)O)[C@]74C,False,spectrum
Hydroquinidine,inactive,1.0,CC[C@H]1CN2CCC1C[C@@H]2[C@@H](O)c1ccnc2c1cc(OC)cc2,False,spectrum
Hydroquinone,inactive,1.0,Oc1ccc(O)cc1,False,spectrum
Hydroxyamphetamine hydrobromide,inactive,1.0,CC(N)Cc1ccc(O)cc1,False,spectrum
Hydroxychloroquine sulfate,inactive,1.0,CCN(CCO)CCCC(C)Nc1c2ccc(Cl)cc2ncc1,False,spectrum
Hydroxyprogesterone,inactive,1.0,CC(=O)[C@@]1(O)CCC2C3CCC4=CC(=O)CC[C@]4(C)C3CC[C@@]21C,False,spectrum
Hydroxyprogesterone caproate,inactive,1.0,CCCCCC(=O)O[C@]1(C(C)=O)CCC2C3CCC4=CC(=O)CC[C@]4(C)C3CC[C@@]21C,False,spectrum
Hydroxytoluic acid,inactive,1.0,Cc1cccc(C(=O)O)c1O,False,spectrum
Hydroxyurea,inactive,1.0,NC(=O)NO,True,spectrum
Hydroxyzine pamoate,inactive,1.0,OCCOCCN1CCN(C(c2ccccc2)c2ccc(Cl)cc2)CC1,False,spectrum
Hygromycin b,inactive,1.0,CN[C@H]1C[C@@H](N)[C@H](O)[C@@H](O[C@@H]2O[C@H](CO)[C@@H]3OC4(O[C@@H]3[C@@H]2O)O[C@H](C(N)CO)[C@H](O)[C@H](O)[C@H]4O)[C@@H]1O,False,spectrum
Hymechrome,inactive,1.0,Cc1cc(=O)oc2c1ccc(O)c2,False,spectrum
Hymecromone methyl ether,inactive,1.0,COc1cc2c(cc1)c(C)cc(=O)o2,False,spectrum
Hyoscyamine,inactive,1.0,CN1C2CC[C@@H]1C[C@@H](OC(=O)[C@H](CO)c1ccccc1)C2,False,spectrum
Hypoxanthine,inactive,1.0,O=c1[nH]cnc2c1[nH]cn2,False,spectrum
Ibandronate sodium,inactive,1.0,CCCCCN(C)CCC(O)(P(=O)(O)O)P(=O)(O)O,False,spectrum
Ibuprofen,inactive,1.0,CC(C)Cc1ccc(C(C)C(=O)O)cc1,False,spectrum
Ic-87114,inactive,1.0,C12=C(N=C(N(C1=O)C3=C(C=CC=C3)C)CN4C=NC5=C4N=CN=C5N)C=CC=C2C,False,selleckchem
Icariin,reducer,1.0,COc1ccc(-c2c(O[C@@H]3O[C@@H](C)[C@H](O)[C@@H](O)[C@H]3O)c(=O)c3c(O)cc(O[C@@H]4O[C@H](CO)[C@@H](O)[C@H](O)[C@H]4O)c(CC=C(C)C)c3o2)cc1,False,spectrum
Idazoxan hydrochloride,inactive,1.0,c1ccc2OC(C3=NCCN3)COc2c1,False,spectrum
Idebenone,inactive,1.0,COC1=C(OC)C(=O)C(CCCCCCCCCCO)=C(C)C1=O,False,spectrum
Idoxuridine,inactive,1.0,O=c1[nH]c(=O)n([C@H]2C[C@H](O)C(CO)O2)cc1I,False,spectrum
Idramantone,inactive,1.0,O=C1C2CC3CC1CC(O)(C3)C2,False,spectrum
Ifosfamide,inactive,1.0,O=P1(NCCCl)OCCCN1CCCl,True,spectrum
Imatinib,inactive,1.0,N1=C(N=C(C=C1)C2=CC=CN=C2)NC3=CC(=CC=C3C)NC(=O)C4=CC=C(C=C4)CN5CCN(CC5)C,True,selleckchem
Imd 0354,reducer,1.0,C1=CC(=CC(=C1O)C(NC2=CC(=CC(=C2)C(F)(F)F)C(F)(F)F)=O)Cl,False,selleckchem
Imexon,inactive,1.0,N=C1NC(=O)N2CC12,False,spectrum
Imipenem,inactive,1.0,C[C@@H](O)[C@H]1C(=O)N2C(C(=O)O)=C(SCCNC=N)C[C@H]12,False,spectrum
Imipramine hydrochloride,inactive,1.0,CN(C)CCCN1c2c(cccc2)CCc2c1cccc2,False,spectrum
Imiquimod,inactive,1.0,CC(C)Cn1cnc2c1c1ccccc1nc2N,False,spectrum
Inamrinone,inactive,1.0,Nc1cc(-c2ccncc2)c[nH]c1=O,False,spectrum
Incb28060,inactive,1.0,C(C1C(=CC(=CC=1)C2C=NC3N(N=2)C(=CN=3)CC4C=C5C=CC=NC(=CC=4)5)F)(=O)NC,True,selleckchem
Indapamide,inactive,1.0,CC1Cc2c(cccc2)N1NC(=O)c1ccc(Cl)c(S(N)(=O)=O)c1,False,spectrum
Indirubin,inactive,1.0,C1=CC=C2C(=C1)NC(C/2=C3\NC4=C(C3=O)C=CC=C4)=O,False,selleckchem
Indole-3-carbinol,inactive,1.0,OCc1c[nH]c2c1cccc2,False,spectrum
Indomethacin,inactive,1.0,COc1cc2c(cc1)n(C(=O)c1ccc(Cl)cc1)c(C)c2CC(=O)O,False,spectrum
Indoprofen,inactive,1.0,CC(C(=O)O)c1ccc(N2Cc3ccccc3C2=O)cc1,False,spectrum
Ink 128,reducer,1.0,N1=CN=C2C(=C1N)C(=NN2C(C)C)C3=CC4=C(C=C3)OC(=N4)N,False,selleckchem
Inosine,inactive,1.0,O=c1[nH]cnc2c1ncn2C1O[C@H](CO)[C@@H](O)[C@H]1O,False,spectrum
Inositol,inactive,1.0,O[C@H]1[C@H](O)[C@@H](O)[C@H](O)[C@@H](O)[C@H]1O,False,spectrum
Iodipamide,inactive,1.0,CC(=O)NCc1c(I)c(C(=O)O)c(I)c(NC(C)=O)c1I,False,spectrum
Iodixanol,inactive,1.0,CC(=O)N(CC(O)CN(C(C)=O)c1c(I)c(C(=O)NCC(O)CO)c(I)c(C(=O)NCC(O)CO)c1I)c1c(I)c(C(=O)NCC(O)CO)c(I)c(C(=O)NCC(O)CO)c1I,False,spectrum
Iodoquinol,inactive,1.0,Oc1c2ncccc2c(I)cc1I,False,spectrum
Iohexol,inactive,1.0,C[C@H](O)C(=O)Nc1c(I)c(C(=O)NC(CO)CO)c(I)c(C(=O)NC(CO)CO)c1I,False,spectrum
Iopanic acid,inactive,1.0,CCC(Cc1c(I)c(N)c(I)cc1I)C(=O)O,False,spectrum
Iothalamic acid,inactive,1.0,CNC(=O)c1c(I)c(NC(C)=O)c(I)c(C(=O)O)c1I,False,spectrum
Ioversol,inactive,1.0,O=C(NCC(O)CO)c1c(I)c(N(CCO)C(=O)CO)c(I)c(C(=O)NCC(O)CO)c1I,False,spectrum
Ioxilan,inactive,1.0,CC(=O)N(CC(O)CO)c1c(I)c(C(=O)NCC(O)CO)c(I)c(C(=O)NCCO)c1I,False,spectrum
Ipratropium bromide,reducer,1.0,CC(C)[N+]1(C)C2CC[C@H]1C[C@@H](OC(=O)C(CO)c1ccccc1)C2,False,spectrum
Ipriflavone,inactive,1.0,CC(C)Oc1cc2c(cc1)c(=O)cc(-c1ccccc1)o2,False,spectrum
Iproheptine,inactive,1.0,CC(C)CCCC(C)NC(C)C,False,spectrum
Iproniazid sulfate,inactive,1.0,CC(C)NNC(=O)c1ccncc1,False,spectrum
Irbesartan,inactive,1.0,CCCCC1=NC2(CCCC2)C(=O)N1Cc1ccc(-c2ccccc2-c2nnn[nH]2)cc1,False,spectrum
Iretol,inactive,1.0,COc1c(O)cc(O)cc1O,False,spectrum
Iridin,inactive,1.0,COc1c(OC)c(O)cc(-c2coc3cc(O[C@@H]4O[C@H](CO)[C@@H](O)[C@H](O)[C@H]4O)c(OC)c(O)c3c2=O)c1,False,spectrum
Irigenin,inactive,1.0,COc1c(OC)c(O)cc(-c2coc3cc(O)c(OC)c(O)c3c2=O)c1,False,spectrum
Irigenin trimethyl ether,inactive,1.0,COc1cc(-c2coc3cc(OC)c(OC)c(OC)c3c2=O)cc(OC)c1OC,False,spectrum
Irigenin. dibenzyl ether,inactive,1.0,COc1c(OC)c(OCc2ccccc2)cc(-c2coc3cc(OCc4ccccc4)c(OC)c(O)c3c2=O)c1,False,spectrum
Irigenol,inactive,1.0,O=c1c(-c2cc(O)c(O)c(O)c2)coc2cc(O)c(O)c(O)c12,False,spectrum
Iriginol hexaacetate,inactive,1.0,CC(=O)Oc1cc(-c2coc3cc(OC(C)=O)c(OC(C)=O)c(OC(C)=O)c3c2=O)cc(OC(C)=O)c1OC(C)=O,False,spectrum
Irinotecan hydrochloride,inactive,1.0,CCc1c2Cn3c(cc4c(COC(=O)[C@]4(O)CC)c3=O)-c2nc2ccc(OC(=O)N3CCC(N4CCCCC4)CC3)cc12,True,spectrum
Irsogladine maleate,inactive,1.0,Nc1nc(-c2c(Cl)ccc(Cl)c2)nc(N)n1,False,spectrum
Isaxonine,inactive,1.0,CC(C)Nc1ncccn1,False,spectrum
Isobergaptene,inactive,1.0,COc1cc2c(cco2)c2c1ccc(=O)o2,False,spectrum
Isobutamben,inactive,1.0,CC(C)COC(=O)c1ccc(N)cc1,False,spectrum
Isobutylmethylxanthine,inactive,1.0,CC(C)Cn1c(=O)n(C)c(=O)c2c1nc[nH]2,False,spectrum
Isoetharine mesylate,inactive,1.0,CCC(NC(C)C)C(O)c1cc(O)c(O)cc1,False,spectrum
Isoflupredone acetate,inactive,1.0,CC(=O)OCC(=O)[C@@]1(O)CCC2C3CCC4=CC(=O)C=C[C@]4(C)[C@@]3(F)[C@@H](O)C[C@@]21C,False,spectrum
Isoformononetin,inactive,1.0,COc1ccc2c(=O)c(-c3ccc(O)cc3)coc2c1,False,spectrum
Isokobusone,inactive,1.0,C=C1CCC2C(CC2(C)C)C(=O)CCC1O,False,spectrum
Isoliquiritigenin,inactive,1.0,O=C(/C=C/c1ccc(O)cc1)c1c(O)cc(O)cc1,False,spectrum
Isoniazid,inactive,1.0,NNC(=O)c1ccncc1,False,spectrum
Isoosajin,inactive,1.0,CC1(C)C=Cc2c(O1)c1c(OC(C)(C)CC1)c1c2occ(-c2ccc(O)cc2)c1=O,False,spectrum
Isopeonol,inactive,1.0,COc1c(C(C)=O)ccc(O)c1,False,spectrum
Isopimpinellin,inactive,1.0,COc1c2ccc(=O)oc2c(OC)c2c1cco2,False,spectrum
Isopomiferin,inactive,1.0,CC1(C)C=Cc2c(O1)c1c(OC(C)(C)CC1)c1c2occ(-c2cc(O)c(O)cc2)c1=O,False,spectrum
Isopropamide iodide,inactive,1.0,CC(C)[N+](C)(CCC(C(N)=O)(c1ccccc1)c1ccccc1)C(C)C,False,spectrum
Isoproterenol hydrochloride,inactive,1.0,CC(C)NCC(O)c1ccc(O)c(O)c1,False,spectrum
Isorotenone,reducer,1.0,COc1c(OC)cc2c(c1)OC[C@H]1Oc3c4cc(C(C)C)oc4ccc3C(=O)[C@@H]21,False,spectrum
Isosorbide dinitrate,inactive,1.0,O=[N+]([O-])O[C@H]1CO[C@H]2[C@@H]1OC[C@H]2O[N+](=O)[O-],False,spectrum
Isosorbide mononitrate,inactive,1.0,O=[N+]([O-])O[C@@H]1CO[C@@H]2[C@@H](O)CO[C@H]12,False,spectrum
Isotectorigenin. 7-methyl ether,inactive,1.0,COc1ccc(-c2coc3c(c(O)cc(OC)c3OC)c2=O)cc1,False,spectrum
Isotretinon,inactive,1.0,CC1=C(/C=C/C(C)=C/C=C/C(C)=C\C(=O)O)C(C)(C)CCC1,True,spectrum
Isovaleramide,inactive,1.0,CC(C)CC(N)=O,False,spectrum
Isoxicam,inactive,1.0,Cc1cc(NC(=O)C2=C(O)c3c(cccc3)S(=O)(=O)N2C)no1,False,spectrum
Isoxsuprine hydrochloride,inactive,1.0,CC(COc1ccccc1)NC(C)[C@H](O)c1ccc(O)cc1,False,spectrum
Isradipine,inactive,1.0,COC(=O)C1=C(C)NC(C)=C(C(=O)OC(C)C)C1c1cccc2nonc12,False,spectrum
Itopride  hydrochloride,inactive,1.0,COc1c(OC)cc(C(=O)NCc2ccc(OCCN(C)C)cc2)cc1,False,spectrum
Itraconazole,inactive,1.0,CCC(C)n1ncn(-c2ccc(N3CCN(c4ccc(OC[C@H]5CO[C@](Cn6cncn6)(c6c(Cl)cc(Cl)cc6)O5)cc4)CC3)cc2)c1=O,False,spectrum
Ivermectin,inactive,1.0,CCC(C)[C@H]1O[C@]2(CC[C@@H]1C)C[C@@H]1C[C@@H](C/C=C(\C)[C@@H](OC3C[C@H](OC)C(O[C@H]4C[C@H](OC)[C@@H](O)[C@H](C)O4)[C@H](C)O3)[C@@H](C)/C=C/C=C3\CO[C@@H]4[C@H](O)C(C)=C[C@@H](C(=O)O1)[C@]34O)O2,False,spectrum
Izalpinin,inactive,1.0,COc1cc(O)c2c(=O)c(O)c(-c3ccccc3)oc2c1,False,spectrum
Jnj-38877605,inactive,1.0,N1=CC=CC2=C1C=CC(=C2)C(C3N4C(=NN=3)C=CC(=N4)C5C=NN(C=5)C)(F)F,False,selleckchem
Jnj-7706621,inactive,1.0,C1(=CC=C(C=C1)NC2N=C(N(N=2)C(C3=C(C=CC=C3F)F)=O)N)S(N)(=O)=O,False,selleckchem
Juarezic acid,inactive,1.0,O=C(O)/C=C/C=C/c1ccccc1,False,spectrum
Juglone,inactive,1.0,O=C1C=CC(=O)c2c1cccc2O,False,spectrum
Kaempferol,inactive,1.0,O=c1c(O)c(-c2ccc(O)cc2)oc2cc(O)cc(O)c12,False,spectrum
Kainic acid,inactive,1.0,C=C(C)C1CNC(C(=O)O)C1CC(=O)O,False,spectrum
Kanamycin a sulfate,inactive,1.0,NC[C@H]1O[C@H](OC2[C@@H](N)C[C@@H](N)[C@H](O[C@H]3O[C@H](CO)[C@@H](O)[C@H](N)[C@H]3O)[C@H]2O)[C@H](O)[C@@H](O)[C@@H]1O,False,spectrum
Kasugamycin hydrochloride,inactive,1.0,C[C@H]1O[C@H](O[C@@H]2[C@@H](O)[C@@H](O)[C@H](O)[C@H](O)[C@H]2O)[C@@H](N)C[C@@H]1NC(=N)C(=O)O,False,spectrum
Kawain,inactive,1.0,COC1=CC(=O)OC(/C=C/c2ccccc2)C1,False,spectrum
Ketanserin tartrate,inactive,1.0,O=C(c1ccc(F)cc1)C1CCN(CCn2c(=O)[nH]c3c(cccc3)c2=O)CC1,False,spectrum
Ketoconazole,inactive,1.0,CC(=O)N1CCN(c2ccc(OCC3CO[C@](Cn4ccnc4)(c4c(Cl)cc(Cl)cc4)O3)cc2)CC1,False,spectrum
Ketoprofen,inactive,1.0,CC(C(=O)O)c1cc(C(=O)c2ccccc2)ccc1,False,spectrum
Ketorolac tromethamine,inactive,1.0,O=C(c1ccccc1)c1ccc2C(C(=O)O)CCn12,False,spectrum
Ketotifen fumarate,enhancer,1.0,CN1CCC(=C2c3c(cccc3)CC(=O)c3c2ccs3)CC1,False,spectrum
Khayanthone,inactive,1.0,CC(=O)O[C@H]1C[C@@H](OC(C)=O)C(C)(C)C2C[C@@H](OC(C)=O)[C@]3(C)C(CC[C@@]4(C)[C@H](c5cocc5)C(=O)[C@H]5O[C@]543)[C@]21C,False,spectrum
Khellin,inactive,1.0,COc1c2oc(C)cc(=O)c2c(OC)c2c1occ2,False,spectrum
Khivorin,inactive,1.0,CC(=O)O[C@H]1C[C@@H](OC(C)=O)C(C)(C)C2C[C@@H](OC(C)=O)[C@]3(C)C(CC[C@@]4(C)[C@H](c5cocc5)OC(=O)[C@H]5O[C@]543)[C@]21C,False,spectrum
Ki8751,inactive,1.0,C1=CN=C2C(=C1OC3=CC=C(C(=C3)F)NC(NC4=CC=C(C=C4F)F)=O)C=C(C(=C2)OC)OC,False,selleckchem
Kinetin,inactive,1.0,c1coc(CNc2ncnc3c2nc[nH]3)c1,False,spectrum
Kobusone,inactive,1.0,CC1(C)C[C@@H]2C(=O)CC[C@H]3O[C@]3(C)CC[C@H]21,False,spectrum
Koparin,inactive,1.0,COc1c(O)c(O)c(-c2coc3cc(O)ccc3c2=O)cc1,False,spectrum
Krn 633,inactive,1.0,C1(=C(C=C2C(=C1)C(=NC=N2)OC3=CC=C(C(=C3)Cl)NC(=O)NCCC)OC)OC,False,selleckchem
Ku-0063794,reducer,1.0,N1=C(N=C2C(=C1N3CCOCC3)C=CC(=N2)C4=CC(=C(C=C4)OC)CO)N5C[C@H](O[C@H](C5)C)C,False,selleckchem
Ku-55933,inactive,1.0,C1=CC=C2C(=C1)SC3=C(S2)C=CC=C3C4=CC(C=C(O4)N5CCOCC5)=O,False,selleckchem
Ku-60019,inactive,1.0,C1=C(C=CC2=C1CC3=C(S2)C(=CC=C3)C4=CC(C=C(O4)N5CCOCC5)=O)NC(CN6C[C@@H](O[C@@H](C6)C)C)=O,False,selleckchem
Kuhlmannin,inactive,1.0,COc1c(O)cc2c(-c3ccccc3)cc(=O)oc2c1OC,False,spectrum
Kw 2449,inactive,1.0,C1=CC=CC2=C1NN=C2/C=C/C3=CC=C(C=C3)C(=O)N4CCNCC4,False,selleckchem
Kx2-391,reducer,1.0,C1=C(C=CC(=C1)C2=CC=C(N=C2)CC(NCC3=CC=CC=C3)=O)OCCN4CCOCC4,False,selleckchem
Kynurenine,inactive,1.0,Nc1c(C(=O)CC(N)C(=O)O)cccc1,False,spectrum
L(+/-)-alliin,inactive,1.0,C=CC[S+]([O-])C[C@H](N)C(=O)O,False,spectrum
L-buthionine sulfoximine,inactive,1.0,CCCCS(=N)(=O)CCC(N)C(=O)O,False,spectrum
L-deoxyalliin,inactive,1.0,C=CCSC[C@@H](N)C(=O)O,False,spectrum
L-leucyl-l-alanine,inactive,1.0,CC(C)C[C@H](N)C(=O)N[C@@H](C)C(=O)O,False,spectrum
L-phenylalaninol,inactive,1.0,N[C@H](CO)Cc1ccccc1,False,spectrum
L-seryl-l-glutamine,inactive,1.0,NC(=O)CC[C@H](NC(=O)[C@@H](N)CO)C(=O)O,False,spectrum
Labetalol hydrochloride,enhancer,1.0,CC(CCc1ccccc1)NCC(O)c1ccc(O)c(C(N)=O)c1,False,spectrum
Laccaic acid a,inactive,1.0,CC(=O)NCCc1cc(-c2c(O)c3c(C(=O)c4c(C3=O)c(C(=O)O)c(C(=O)O)c(O)c4)c(O)c2O)c(O)cc1,False,spectrum
Lacitol,inactive,1.0,OC[C@H](O)[C@@H](O)[C@H](O[C@@H]1O[C@H](CO)[C@H](O)[C@H](O)[C@H]1O)[C@H](O)CO,False,spectrum
Lactobionic acid,inactive,1.0,O=C(O)[C@H](O)[C@@H](O)[C@H](O[C@@H]1O[C@H](CO)[C@H](O)[C@H](O)[C@H]1O)[C@H](O)CO,False,spectrum
Lactose monohydrate,inactive,1.0,OC[C@H]1O[C@H](O)[C@H](O)[C@@H](O)[C@@H]1O[C@@H]1O[C@H](CO)[C@H](O)[C@H](O)[C@H]1O,False,spectrum
Lactulose,inactive,1.0,OC[C@H]1O[C@](O)(CO)[C@@H](O)[C@@H]1O[C@@H]1O[C@H](CO)[C@H](O)[C@H](O)[C@H]1O,False,spectrum
Lagochilin,inactive,1.0,C[C@@H]1CCC2[C@](C)(CC[C@H](O)[C@@]2(C)CO)[C@@]12CC[C@@](CO)(CCO)O2,False,spectrum
Lamivudine,inactive,1.0,Nc1nc(=O)n(C2CSC(CO)O2)cc1,False,spectrum
Lamotrigine,inactive,1.0,Nc1nnc(-c2c(Cl)c(Cl)ccc2)c(N)n1,False,spectrum
Lanatoside c,inactive,1.0,CC(=O)O[C@H]1C[C@H](O[C@H]2[C@@H](O)C[C@H](O[C@H]3[C@@H](O)C[C@H](O[C@H]4CC[C@@]5(C)C(CCC6C5C[C@@H](O)[C@]5(C)[C@@H](C7=CC(=O)OC7)CC[C@]65O)C4)O[C@@H]3C)O[C@@H]2C)O[C@H](C)[C@H]1O[C@@H]1O[C@H](CO)[C@@H](O)[C@H](O)[C@H]1O,False,spectrum
Lanosterol,reducer,1.0,CC(C)=CCCC(C)C1CC[C@@]2(C)C3=C(CC[C@]12C)C1(C)CC[C@H](O)C(C)(C)C1CC3,False,spectrum
Lanosterol acetate,reducer,1.0,CC(=O)O[C@H]1CCC2(C)C3=C(CCC2C1(C)C)[C@]1(C)CCC(C(C)CCC=C(C)C)[C@@]1(C)CC3,False,spectrum
Lansoprazole,inactive,1.0,Cc1c(OCC(F)(F)F)ccnc1C[S+]([O-])c1nc2ccccc2[nH]1,False,spectrum
Lapachol,inactive,1.0,CC(C)=CCC1=C(O)C(=O)c2c(cccc2)C1=O,False,spectrum
Lapatinib Ditosylate,reducer,1.0,C1(=C(C=C2C(=C1)N=CN=C2NC3=CC=C(C(=C3)Cl)OCC4=CC=CC(=C4)F)C5OC(=CC=5)CNCCS(=O)(C)=O).C6(=C(C=CC(=C6)S(O)(=O)=O)C).C7=C(C=CC(=C7)S(O)(=O)=O)C,False,selleckchem
Larixinic acid,inactive,1.0,Cc1c(O)c(=O)cco1,False,spectrum
Larixol,inactive,1.0,C=C[C@@](C)(O)CCC1C(=C)C[C@H](O)C2C(C)(C)CCCC12C,False,spectrum
Lasalocid sodium,inactive,1.0,CC[C@@H](C(=O)C(C)[C@@H](O)[C@H](C)CCc1c(C(=O)O)c(O)c(C)cc1)C1OC(CC)(C2CC[C@](O)(CC)[C@H](C)O2)C[C@@H]1C,False,spectrum
Lathosterol,inactive,1.0,CC(C)CCCC(C)C1CCC2C3=CC[C@H]4C[C@@H](O)CC[C@]4(C)C3CC[C@@]21C,False,spectrum
Lawsone,inactive,1.0,O=C1C=C(O)C(=O)c2c1cccc2,False,spectrum
Lecanoric acid,inactive,1.0,Cc1c(C(=O)O)c(O)cc(OC(=O)c2c(O)cc(O)cc2C)c1,False,spectrum
Leflunomide,inactive,1.0,Cc1c(C(=O)Nc2ccc(C(F)(F)F)cc2)cno1,False,spectrum
Leoidin,enhancer,1.0,COC(=O)c1c(O)c(C)c2OC(=O)c3c(Oc2c1C)c(Cl)c(O)c(Cl)c3C,False,spectrum
Letrozole,inactive,1.0,N#Cc1ccc(C(c2ccc(C#N)cc2)n2cncn2)cc1,False,spectrum
Leucovorin calcium,inactive,1.0,Nc1nc(=O)c2c(NCC(CNc3ccc(C(=O)N[C@@H](CCC(=O)O)C(=O)O)cc3)N2C=O)[nH]1,False,spectrum
Levalbuterol hydrochloride,inactive,1.0,CC(C)(C)NC[C@H](O)c1ccc(O)c(CO)c1,False,spectrum
Levamisole hydrochloride,inactive,1.0,c1ccc([C@H]2CN3CCSC3=N2)cc1,False,spectrum
Levcycloserine,inactive,1.0,N[C@H]1CONC1=O,False,spectrum
Levobunolol hydrochloride,inactive,1.0,CC(C)(C)NCC(O)COc1cccc2c1CCCC2=O,False,spectrum
Levocarnitine,inactive,1.0,C[N+](C)(C)C[C@H](O)CC(=O)[O-],False,spectrum
Levocetirizine dihydrochloride,inactive,1.0,O=C(O)CCCN1CCN([C@H](c2ccccc2)c2ccc(Cl)cc2)CC1,False,spectrum
Levodopa,inactive,1.0,N[C@@H](Cc1ccc(O)c(O)c1)C(=O)O,False,spectrum
Levofloxacin,inactive,1.0,C[C@H]1COc2c(N3CCN(C)CC3)c(F)cc3c2n1cc(C(=O)O)c3=O,False,spectrum
Levomenthol,inactive,1.0,CC(C)[C@@H]1CC[C@@H](C)C[C@H]1O,False,spectrum
Levonorgestrel,inactive,1.0,C#C[C@]1(O)CCC2C3CCC4=CC(=O)CC[C@@H]4C3CC[C@@]21CC,False,spectrum
Levosimendan,inactive,1.0,C[C@@H]1CC(=O)NN=C1c1ccc(NN=C(C#N)C#N)cc1,False,spectrum
Levothyroxine,inactive,1.0,N[C@@H](Cc1cc(I)c(Oc2cc(I)c(O)c(I)c2)c(I)c1)C(=O)O,False,spectrum
Levulinic acid.  3-benzylidenyl-,inactive,1.0,CC(=O)/C(=C\c1ccccc1)CC(=O)O,False,spectrum
Lidocaine hydrochloride,enhancer,1.0,CCN(CC)CC(=O)Nc1c(C)cccc1C,False,spectrum
Limonin,inactive,1.0,CC1(C)O[C@H]2CC(=O)OC[C@@]23[C@H]1CC(=O)[C@]1(C)[C@@H]3CC[C@@]2(C)[C@H](c3cocc3)OC(=O)[C@H]3O[C@]321,False,spectrum
Linagliptin,inactive,1.0,CC#CCn1c(N2CCC[C@@H](N)C2)nc2c1c(=O)n(Cc1nc(C)c3ccccc3n1)c(=O)n2C,False,spectrum
Linalool,inactive,1.0,C=C[C@](C)(O)CCC=C(C)C,False,spectrum
Linamarin,inactive,1.0,CC(C)(C#N)O[C@@H]1O[C@H](CO)[C@@H](O)[C@H](O)[C@H]1O,False,spectrum
Lincomycin hydrochloride,inactive,1.0,CCC[C@@H]1C[C@@H](C(=O)N[C@@H]([C@H](C)O)[C@H]2O[C@H](SC)[C@H](O)[C@@H](O)[C@H]2O)N(C)C1,False,spectrum
Lindane,inactive,1.0,Cl[C@H]1[C@H](Cl)[C@@H](Cl)[C@@H](Cl)[C@H](Cl)[C@H]1Cl,False,spectrum
Linezolid,inactive,1.0,CC(=O)NC[C@H]1CN(c2cc(F)c(N3CCOCC3)cc2)C(=O)O1,False,spectrum
Linifanib,inactive,1.0,C12=CC=CC(=C1C(=NN2)N)C3=CC=C(C=C3)NC(=O)NC4=C(C=CC(=C4)C)F,False,selleckchem
Linsitinib,inactive,0.5,C1=C(C=C2C(=C1)C=CC(=N2)C3=CC=CC=C3)C4=C5N(C(=N4)[C@H]6C[C@@](C6)(C)O)C=CN=C5N,False,selleckchem
Liothyronine,inactive,1.0,N[C@H](Cc1cc(I)c(Oc2ccc(O)c(I)c2)c(I)c1)C(=O)O,False,spectrum
Liothyronine sodium,inactive,1.0,N[C@@H](Cc1cc(I)c(Oc2ccc(O)c(I)c2)c(I)c1)C(=O)O,False,spectrum
Lipoamide,inactive,1.0,NC(=O)CCCCC1CCSS1,False,spectrum
Lisinopril,inactive,1.0,NCCCC[C@H](N[C@@H](CCc1ccccc1)C(=O)O)C(=O)N1CCC[C@H]1C(=O)O,False,spectrum
Lithium citrate,inactive,1.0,O=C([O-])CC(O)(CC(=O)[O-])C(=O)[O-].[Li+].[Li+].[Li+],False,spectrum
Lithocholic acid,inactive,1.0,CC(CCC(=O)O)[C@H]1CCC2C3CC[C@@H]4C[C@H](O)CC[C@]4(C)C3CC[C@@]21C,False,spectrum
Lobaric acid,inactive,1.0,CCCCCc1c2Oc3c(C(=O)Oc2cc(O)c1C(=O)O)c(C(=O)CCCC)cc(OC)c3,False,spectrum
Lobeline hydrochloride,inactive,1.0,CN1C(CC(=O)c2ccccc2)CCCC1CC(O)c1ccccc1,False,spectrum
Lobendazole,inactive,1.0,CCOC(=O)Nc1nc2ccccc2[nH]1,False,spectrum
Lofexidine  hydrochloride,inactive,1.0,CC(Oc1c(Cl)cccc1Cl)C1=NCCN1,False,spectrum
Lomefloxacin hydrochloride,inactive,1.0,CCn1cc(C(=O)O)c(=O)c2cc(F)c(N3CCNC(C)C3)c(F)c21,False,spectrum
Lomerizine hydrochloride,inactive,1.0,COc1ccc(CN2CCN(C(c3ccc(F)cc3)c3ccc(F)cc3)CC2)c(OC)c1OC,False,spectrum
Lomustine,inactive,1.0,O=NN(CCCl)C(=O)NC1CCCCC1,True,spectrum
Lonidamine,inactive,1.0,O=C(O)c1nn(Cc2c(Cl)cc(Cl)cc2)c2c1cccc2,False,spectrum
Loperamide hydrochloride,enhancer,1.0,CN(C)C(=O)C(CCN1CCC(O)(c2ccc(Cl)cc2)CC1)(c1ccccc1)c1ccccc1,False,spectrum
Loratadine,inactive,1.0,CCOC(=O)N1CCC(=C2c3ccc(Cl)cc3CCc3cccnc23)CC1,False,spectrum
Lorglumide sodium,enhancer,1.0,CCCCCN(CCCCC)C(=O)C(CCC(=O)O)NC(=O)c1cc(Cl)c(Cl)cc1,False,spectrum
Lornoxicam,inactive,1.0,CN1C(C(=O)Nc2ncccc2)=C(O)c2c(cc(Cl)s2)S1(=O)=O,False,spectrum
Losartan,inactive,1.0,CCCCc1nc(Cl)c(CO)n1Cc1ccc(-c2ccccc2-c2nnn[nH]2)cc1,False,spectrum
Lovastatin,inactive,1.0,CC[C@H](C)C(=O)O[C@H]1C[C@@H](C)C=C2C=C[C@H](C)[C@H](CC[C@@H]3C[C@@H](O)CC(=O)O3)[C@H]21,False,spectrum
Loxapine succinate,inactive,1.0,CN1CCN(C2=Nc3c(cccc3)Oc3c2cc(Cl)cc3)CC1,False,spectrum
Loxoprofen,inactive,1.0,CC(C(=O)O)c1cc(CC2CCCC2=O)ccc1,False,spectrum
Lufenuron,inactive,1.0,O=C(NC(=O)c1c(F)cccc1F)Nc1c(Cl)cc(OC(F)(F)C(F)C(F)(F)F)c(Cl)c1,False,spectrum
Lumiracoxib,inactive,1.0,Cc1cc(CC(=O)O)c(Nc2c(Cl)cccc2F)cc1,False,spectrum
Lupanine perchlorate,inactive,1.0,O=C1CCCC2C3CC(CN12)[C@@H]1CCCCN1C3.[O-][Cl+3]([O-])([O-])O,False,spectrum
Lupanyl acid hydrochloride,inactive,1.0,O=C(O)CCC1NCC2CC1CN1CCCCC21,False,spectrum
Lupeol,inactive,1.0,C=C(C)[C@@H]1CC[C@]2(C)CC[C@]3(C)[C@@H](CCC4[C@@]5(C)CC[C@H](O)C(C)(C)C5CC[C@]43C)C12,False,spectrum
Lupeol acetate,inactive,1.0,C=C(C)[C@@H]1CC[C@]2(C)CC[C@]3(C)[C@@H](CCC4[C@@]5(C)CC[C@H](OC(C)=O)C(C)(C)C5CC[C@]43C)C12,False,spectrum
Lupinine,inactive,1.0,OC[C@@H]1CCCN2CCCC[C@H]12,False,spectrum
Ly2228820,inactive,1.0,CC(C1=NC(=C(N1)C2=NC3=C(C=C2)N=C(N3CC(C)(C)C)N)C4=CC=C(C=C4)F)(C)C.CS(=O)(=O)O.CS(=O)(=O)O,False,selleckchem
Ly2603618,reducer,1.0,C1=C(C(=CC(=C1OC[C@@H]2CNCCO2)NC(NC3=CN=C(C=N3)C)=O)Br)C,False,selleckchem
Ly2784544,inactive,1.0,C1C(=NN2C(C=1CN3CCOCC3)=NC(=C2CC4=CC=C(C=C4F)Cl)C)NC5NN=C(C=5)C,False,selleckchem
Ly294002,inactive,1.0,C1=CC(=C2C(=C1)C(C=C(O2)N3CCOCC3)=O)C4=CC=CC=C4,False,selleckchem
Lysine hydrochloride,inactive,1.0,Cl.NCCCC[C@H](N)C(=O)O,False,spectrum
MK-2206 2HCl,inactive,1.0,NC1(c2ccc(-c3nc4c(cc3-c3ccccc3)c3n[nH]c(=O)n3cc4)cc2)CCC1,False,selleckchem
Madecassic acid,inactive,1.0,C[C@@H]1[C@H]2C3=CCC4[C@@]5(C)C[C@@H](O)[C@H](O)[C@@](C)(CO)C5[C@H](O)C[C@@]4(C)[C@]3(C)CC[C@@]2(C(=O)O)CC[C@H]1C,False,spectrum
Mafenide hydrochloride,inactive,1.0,NCc1ccc(S(N)(=O)=O)cc1,False,spectrum
Malathion,inactive,1.0,CCOC(=O)CC(SP(=S)(OC)OC)C(=O)OCC,False,spectrum
Mangafodipir trisodium,inactive,1.0,Cc1nc(COP(=O)([O-])O)cc2c1O[Mn]Oc1c(cc(COP(=O)([O-])O)nc1C)CN(CC(=O)O)CCN(CC(=O)[O-])C2.[Na+].[Na+].[Na+],False,spectrum
Mangiferin,inactive,1.0,O=c1c2cc(O)c(O)cc2oc2cc(O)c(C3O[C@H](CO)[C@H](O)[C@@H](O)[C@H]3O)c(O)c12,False,spectrum
Mangostin trimethyl ether,inactive,1.0,COc1c(CC=C(C)C)c(OC)c2c(=O)c3c(CC=C(C)C)c(OC)c(OC)cc3oc2c1,False,spectrum
Manidipine hydrochloride,inactive,1.0,COC(=O)C1=C(C)NC(C)=C(C(=O)OCCN2CCN(C(c3ccccc3)c3ccccc3)CC2)C1c1cccc([N+](=O)[O-])c1,False,spectrum
Mannitol,inactive,1.0,OC[C@H](O)[C@@H](O)[C@H](O)[C@H](O)CO,False,spectrum
Maprotiline hydrochloride,inactive,1.0,CNCCCC12CCC(c3c1cccc3)c1c2cccc1,False,spectrum
Masitinib,inactive,0.5,C1(=C(C=C(C=C1)NC(=O)C2=CC=C(C=C2)CN3CCN(CC3)C)NC4=NC(=CS4)C5=CC=CN=C5)C,False,selleckchem
Mebendazole,reducer,1.0,COC(=O)Nc1nc2cc(C(=O)c3ccccc3)ccc2[nH]1,False,spectrum
Mebeverine hydrochloride,inactive,1.0,CCN(CCCCOC(=O)c1cc(OC)c(OC)cc1)C(C)Cc1ccc(OC)cc1,False,spectrum
Mebhydrolin naphthalenesulfonate,inactive,1.0,CN1CCc2c(C1)c1c(cccc1)n2Cc1ccccc1,False,spectrum
Mecamylamine hydrochloride,inactive,1.0,CNC1(C)C2CCC(C2)C1(C)C,False,spectrum
Mechlorethamine,inactive,1.0,CN(CCCl)CCCl,True,spectrum
Meclizine hydrochloride,inactive,1.0,Cc1cccc(CN2CCN(C(c3ccccc3)c3ccc(Cl)cc3)CC2)c1,False,spectrum
Meclocycline sulfosalicylate,inactive,1.0,C=C1c2c(C(=O)C3=C(O)[C@]4(O)C(=O)C(C(N)=O)=C(O)[C@@H](N(C)C)[C@@H]4[C@@H](O)[C@H]13)c(O)ccc2Cl.O=C(O)c1cc(S(=O)(=O)O)ccc1O,False,spectrum
Meclofenamate sodium,inactive,1.0,Cc1ccc(Cl)c(Nc2c(C(=O)O)cccc2)c1Cl,False,spectrum
Meclofenoxate hydrochloride,inactive,1.0,CN(C)CCOC(=O)COc1ccc(Cl)cc1,False,spectrum
Mecysteine hydrochloride,inactive,1.0,COC(=O)C(N)CS,False,spectrum
Medroxyprogesterone acetate,inactive,1.0,CC(=O)O[C@]1(C(C)=O)CCC2C3C[C@H](C)C4=CC(=O)CC[C@]4(C)C3CC[C@@]21C,False,spectrum
Medrysone,inactive,1.0,CC(=O)[C@H]1CCC2C3C[C@H](C)C4=CC(=O)CC[C@]4(C)C3[C@@H](O)C[C@@]21C,False,spectrum
Mefenamic acid,inactive,1.0,Cc1cccc(Nc2c(C(=O)O)cccc2)c1C,False,spectrum
Mefexamide hydrochloride,inactive,1.0,CCN(CC)CCNC(=O)COc1ccc(OC)cc1,False,spectrum
Mefloquine,inactive,1.0,OC(c1c2cccc(C(F)(F)F)c2nc(C(F)(F)F)c1)C1CCCCN1,False,spectrum
Megestrol acetate,inactive,0.4,CC(=O)O[C@]1(C(C)=O)CCC2C3C=C(C)C4=CC(=O)CCC4(C)C3CCC21C,False,spectrum
Meglumine,inactive,1.0,CNC[C@H](O)[C@@H](O)[C@H](O)[C@H](O)CO,False,spectrum
Meglutol,inactive,1.0,CC(O)(CC(=O)O)CC(=O)O,False,spectrum
Melatonin,inactive,1.0,COc1cc2c(cc1)[nH]cc2CCNC(C)=O,False,spectrum
Melengestrol acetate,inactive,1.0,C=C1CC2C3C=C(C)C4=CC(=O)CC[C@]4(C)C3CC[C@]2(C)[C@@]1(OC(C)=O)C(C)=O,False,spectrum
Melezitose,inactive,1.0,OC[C@H]1O[C@@H](O[C@H]2[C@H](O)[C@@H](CO)O[C@@]2(CO)O[C@@H]2O[C@H](CO)[C@@H](O)[C@H](O)[C@H]2O)[C@H](O)[C@@H](O)[C@@H]1O,False,spectrum
Melibiose,inactive,1.0,OC[C@H]1O[C@H](OC[C@H]2O[C@@H](O)[C@H](O)[C@@H](O)[C@@H]2O)[C@H](O)[C@@H](O)[C@H]1O,False,spectrum
Meloxicam sodium,inactive,1.0,Cc1cnc(NC(=O)C2=C(O)c3c(cccc3)S(=O)(=O)N2C)s1,False,spectrum
Melperone hydrochloride,inactive,1.0,CC1CCN(CCCC(=O)c2ccc(F)cc2)CC1,False,spectrum
Melphalan,inactive,1.0,N[C@@H](Cc1ccc(N(CCCl)CCCl)cc1)C(=O)O,True,spectrum
Memantine hydrochloride,inactive,1.0,CC12CC3CC(C)(C1)CC(N)(C3)C2,False,spectrum
Menadione,inactive,1.0,CC1=CC(=O)c2c(cccc2)C1=O,False,spectrum
Menaquinone-4,inactive,1.0,CC(C)=CCC/C(C)=C\CC1=C(C)C(=O)c2c(cccc2)C1=O,False,spectrum
Menbutone,inactive,1.0,COc1c2ccccc2c(C(=O)CCC(=O)O)cc1,False,spectrum
Menthone,inactive,1.0,CC(C)[C@@H]1CC[C@@H](C)CC1=O,False,spectrum
Menthyl benzoate,inactive,1.0,CC(C)[C@@H]1CC[C@@H](C)C[C@H]1OC(=O)c1ccccc1,False,spectrum
Meparfylon,inactive,1.0,C#CC(C)(O)CC,False,spectrum
Mepartricin,enhancer,1.0,CNc1ccc(C(=O)CC(O)CCC(C)C2OC(=O)CC(O)CC(=O)CC(O)CC(O)CC(O)CC(O)CC3(O)CC(O)C(C(=O)OC)C(CC(O[C@@H]4O[C@H](C)[C@@H](O)[C@H](N)[C@@H]4O)/C=C/C=C/C=C/C=C/C=C/C=C/C=C/C2C)O3)cc1,False,spectrum
Mepenzolate bromide,inactive,1.0,C[N+]1(C)CCCC(OC(=O)C(O)(c2ccccc2)c2ccccc2)C1,False,spectrum
Mephenesin,inactive,1.0,Cc1c(OCC(O)CO)cccc1,False,spectrum
Mephentermine sulfate,inactive,1.0,CNC(C)(C)Cc1ccccc1,False,spectrum
Mephenytoin,inactive,1.0,CCC1(c2ccccc2)NC(=O)N(C)C1=O,False,spectrum
Mepiroxol,inactive,1.0,[O-][n+]1cc(CO)ccc1,False,spectrum
Mepivacaine hydrochloride,inactive,1.0,Cc1c(NC(=O)C2CCCCN2C)c(C)ccc1,False,spectrum
Meprylcaine hydrochloride,inactive,1.0,CCCNC(C)(C)COC(=O)c1ccccc1,False,spectrum
Mequinol,inactive,1.0,COc1ccc(O)cc1,False,spectrum
Merbromin,inactive,1.0,O=C([O-])c1ccccc1-c1c2cc(Br)c(=O)cc-2oc2c([Hg]O)c([O-])c(Br)cc12.[Na+].[Na+],False,spectrum
Mercaptopurine,inactive,1.0,S=c1[nH]cnc2c1[nH]cn2,False,spectrum
Merogedunin,inactive,1.0,CC1=C2C(O)C(=O)OC3CC4C(C)(C)C(=O)C=C[C@]4(C)C(CC1)[C@]23C,False,spectrum
Meropenem,inactive,1.0,C[C@@H](O)[C@H]1C(=O)N2C(C(=O)O)=C(SC3CN[C@H](C(=O)N(C)C)C3)[C@H](C)[C@H]12,False,spectrum
Mesalamine,inactive,1.0,Nc1cc(C(=O)O)c(O)cc1,False,spectrum
Mesna,inactive,1.0,O=S(=O)(O)CCS,False,spectrum
Mesoridazine besylate,inactive,1.0,CN1CCCCC1CCN1c2ccccc2Sc2ccc([S+](C)[O-])cc21,False,spectrum
Mestranol,inactive,1.0,C#C[C@]1(O)CCC2C3CCc4c(ccc(OC)c4)C3CC[C@@]21C,False,spectrum
Metacetamol,inactive,0.8,CC(=O)Nc1cc(O)ccc1,False,spectrum
Metameconine,inactive,1.0,COc1cc2c(cc1OC)C(=O)OC2,False,spectrum
Metaproterenol,inactive,1.0,CC(C)NCC(O)c1cc(O)cc(O)c1,False,spectrum
Metaraminol bitartrate,inactive,1.0,CC(N)[C@H](O)c1cc(O)ccc1,False,spectrum
Metaxalone,inactive,1.0,Cc1cc(OCC2CNC(=O)O2)cc(C)c1,False,spectrum
Metergoline,inactive,1.0,CN1CC(CNC(=O)OCc2ccccc2)C[C@H]2c3cccc4c3c(cn4C)CC21,False,spectrum
Metformin,inactive,0.6,CN(C)C(=N)N=C(N)N,False,spectrum
Metformin hydrochloride,inactive,1.0,CN(C)C(=N)NC(=N)N,False,spectrum
Methacholine chloride,inactive,1.0,CC(=O)OC(C)C[N+](C)(C)C,False,spectrum
Methacycline hydrochloride,inactive,1.0,C=C1c2c(C(=O)C3=C(O)[C@]4(O)C(=O)C(C(N)=O)=C(O)[C@@H](N(C)C)[C@@H]4[C@@H](O)[C@H]13)c(O)ccc2,False,spectrum
Methapyrilene hydrochloride,inactive,1.0,CN(C)CCN(Cc1cccs1)c1ncccc1,False,spectrum
Methazolamide,inactive,1.0,CC(=O)/N=c1\sc(S(N)(=O)=O)nn1C,False,spectrum
Methenamine,inactive,1.0,C1N2CN3CN1CN(C2)C3,False,spectrum
Methicillin sodium,inactive,1.0,COc1c(C(=O)N[C@@H]2C(=O)N3[C@@H](C(=O)O)C(C)(C)S[C@H]23)c(OC)ccc1,False,spectrum
Methimazole,inactive,1.0,Cn1cc[nH]c1=S,False,spectrum
Methionine sulfoximine,inactive,1.0,CS(=N)(=O)CC[C@H](N)C(=O)O,False,spectrum
Methocarbamol,inactive,1.0,COc1c(OCC(O)COC(N)=O)cccc1,False,spectrum
Methoprene,inactive,1.0,COC(C)(C)CCC[C@H](C)C/C=C/C(C)=C/C(=O)OC(C)C,False,spectrum
Methotrexate(+/-),inactive,1.0,CN(Cc1cnc2nc(N)nc(N)c2n1)c1ccc(C(=O)NC(CCC(=O)O)C(=O)O)cc1,True,spectrum
Methoxamine hydrochloride,inactive,1.0,COc1cc(C(O)C(C)N)c(OC)cc1,False,spectrum
Methoxsalen,inactive,1.0,COc1c2oc(=O)ccc2cc2c1occ2,False,spectrum
Methoxyamine hydrochloride,inactive,1.0,CON,False,spectrum
Methoxyvone,inactive,1.0,COc1cc2c(c(C)c1)c(=O)cc(-c1ccccc1)o2,False,spectrum
Methscopolamine bromide,inactive,1.0,C[N+]1(C)C2CC(OC(=O)[C@@H](CO)c3ccccc3)CC1C1OC12,False,spectrum
Methsuximide,inactive,1.0,CN1C(=O)CC(C)(c2ccccc2)C1=O,False,spectrum
Methyclothiazide,inactive,1.0,CN1C(CCl)Nc2c(cc(S(N)(=O)=O)c(Cl)c2)S1(=O)=O,False,spectrum
Methyl 7-deshydroxypyrogallin-4-carboxylate,inactive,1.0,COC(=O)c1cc2c(c(O)c(O)cc2)c(=O)c(O)c1,False,spectrum
Methyl 7-desoxypurpurogallin-7-carboxylate trimethyl ether,inactive,1.0,COC(=O)c1cc2c(c(OC)c(OC)cc2)c(=O)c(OC)c1,False,spectrum
Methyl deoxycholate,inactive,1.0,COC(=O)CCC(C)C1CCC2C3CC[C@@H]4C[C@H](O)CC[C@]4(C)C3C[C@H](O)[C@]12C,False,spectrum
Methyl gambogate,inactive,1.0,COC(=O)/C(C)=C\CC12OC(C)(C)C3CC(C=C4C(=O)c5c(OC431)c(CC=C(C)C)c1OC(C)(CCC=C(C)C)C=Cc1c5O)C2=O,False,spectrum
Methyl gambogate methyl ether,reducer,1.0,COC(=O)/C(C)=C\CC12OC(C)(C)C3CC(C=C4C(=O)c5c(OC431)c(CC=C(C)C)c1OC(C)(CCC=C(C)C)C=Cc1c5OC)C2=O,False,spectrum-validation
Methyl orsellinate,inactive,1.0,COC(=O)c1c(O)cc(O)cc1C,False,spectrum
Methyl robustone,inactive,1.0,COc1c2c(=O)c(-c3ccc4OCOc4c3)coc2cc2c1C=CC(C)(C)O2,False,spectrum
Methyl trimethoxycinnamate,inactive,1.0,COC(=O)/C=C/c1cc(OC)c(OC)c(OC)c1,False,spectrum
Methylatropine nitrate,inactive,1.0,C[N+]1(C)C2CCC1CC(OC(=O)C(CO)c1ccccc1)C2,False,spectrum
Methylbenzethonium chloride,reducer,1.0,Cc1c(OCCOCC[N+](C)(C)Cc2ccccc2)ccc(C(C)(C)CC(C)(C)C)c1,False,spectrum
Methyldopa,inactive,1.0,C[C@](N)(Cc1ccc(O)c(O)c1)C(=O)O,False,spectrum
Methylene blue,inactive,1.0,CN(C)c1cc2[s+]c3cc(N(C)C)ccc3nc2cc1,False,spectrum
Methylergonovine maleate,inactive,1.0,CC[C@@H](CO)NC(=O)[C@@H]1C=C2c3c4c(c[nH]c4ccc3)C[C@H]2N(C)C1,False,spectrum
Methylphenidate hydrochloride,inactive,1.0,COC(=O)C(c1ccccc1)C1CCCCN1,False,spectrum
Methylprednisolone,inactive,1.0,C[C@H]1CC2C3CC[C@](O)(C(=O)CO)[C@@]3(C)C[C@H](O)C2[C@@]2(C)C=CC(=O)C=C12,False,spectrum
Methylprednisolone sodium succinate,inactive,1.0,C[C@H]1CC2C3CC[C@](O)(C(=O)COC(=O)CCC(=O)O)[C@@]3(C)C[C@H](O)C2[C@@]2(C)C=CC(=O)C=C12,False,spectrum
Methylthiouracil,inactive,1.0,Cc1nc(S)nc(O)c1,False,spectrum
Methysergide maleate,inactive,1.0,CC[C@@H](CO)NC(=O)[C@@H]1C=C2c3c4c(cn(C)c4ccc3)C[C@H]2N(C)C1,False,spectrum
Meticrane,inactive,1.0,Cc1cc2c(cc1S(N)(=O)=O)S(=O)(=O)CCC2,False,spectrum
Metitepine maleate,inactive,1.0,CSc1cc2c(cc1)Sc1ccccc1CC2N1CCN(C)CC1,False,spectrum
Metoclopramide hydrochloride,inactive,1.0,CCN(CC)CCNC(=O)c1c(OC)cc(N)c(Cl)c1,False,spectrum
Metolazone,inactive,1.0,Cc1c(N2C(=O)c3cc(S(N)(=O)=O)c(Cl)cc3NC2C)cccc1,False,spectrum
Metoprolol tartrate,inactive,1.0,COCCc1ccc(OCC(O)CNC(C)C)cc1,False,spectrum
Metronidazole,inactive,1.0,Cc1ncc([N+](=O)[O-])n1CCO,False,spectrum
Metyrapone,inactive,1.0,CC(C)(C(=O)c1cccnc1)c1cccnc1,False,spectrum
Mevalonic acid lactone,inactive,1.0,CC1(O)CCOC(=O)C1,False,spectrum
Mexeneone,inactive,1.0,COc1cc(O)c(C(=O)c2ccc(C)cc2)cc1,False,spectrum
Mexicanolide,inactive,1.0,COC(=O)C[C@H]1C(C)(C)C(=O)[C@@H]2CC3=C4CC(=O)O[C@@H](c5cocc5)[C@]4(C)CCC3[C@]1(C)C2=O,False,spectrum
Mexiletine hydrochloride,inactive,1.0,Cc1cccc(C)c1OCC(C)N,False,spectrum
Mgcd-265,inactive,1.0,C1(=CC=CC=C1)CC(NC(NC2=CC=C(C(=C2)F)OC3=C4C(=NC=C3)C=C(S4)C5N=CN(C=5)C)=S)=O,False,selleckchem
Mianserin hydrochloride,inactive,1.0,CN1CCN2c3c(cccc3)Cc3c(cccc3)C2C1,False,spectrum
Miconazole nitrate,inactive,1.0,Clc1cc(Cl)c(COC(Cn2ccnc2)c2c(Cl)cc(Cl)cc2)cc1,False,spectrum
Midodrine hydrochloride,inactive,1.0,COc1cc(C(O)CNC(=O)CN)c(OC)cc1,False,spectrum
Miglitol,inactive,1.0,OCCN1C[C@@H](O)[C@@H](O)C(O)C1CO,False,spectrum
Milciclib,reducer,1.0,CNC(=O)c1nn(C)c2c1C(C)(C)Cc1cnc(Nc3ccc(N4CCN(C)CC4)cc3)nc1-2,False,selleckchem
Milnacipran hydrochloride,inactive,1.0,CCN(CC)C(=O)C1(c2ccccc2)CC1CN,False,spectrum
Milrinone,inactive,1.0,Cc1c(-c2ccncc2)cc(C#N)c(=O)[nH]1,False,spectrum
Miltefosine,inactive,1.0,CCCCCCCCCCCCCCCCOP(=O)([O-])OCC[N+](C)(C)C,False,spectrum
Mimosine,inactive,1.0,NC(Cn1ccc(=O)c(O)c1)C(=O)O,False,spectrum
Minaprine hydrochloride,inactive,1.0,Cc1c(NCCN2CCOCC2)nnc(-c2ccccc2)c1,False,spectrum
Minocycline hydrochloride,inactive,1.0,CN(C)c1c2C[C@H]3C[C@H]4[C@H](N(C)C)C(O)=C(C(N)=O)C(=O)[C@@]4(O)C(O)=C3C(=O)c2c(O)cc1,False,spectrum
Minoxidil,inactive,1.0,Nc1cc(N2CCCCC2)nc(N)[n+]1[O-],False,spectrum
Mitomycin,reducer,1.0,CO[C@]12[C@@H](COC(N)=O)C3=C(C(=O)C(C)=C(N)C3=O)N1CC1N[C@H]12,True,spectrum
Mitotane,inactive,1.0,Clc1ccc(C(c2c(Cl)cccc2)C(Cl)Cl)cc1,True,spectrum
Mitoxantrone hydrochloride,reducer,1.0,O=C1c2c(C(=O)c3c1c(NCCNCCO)ccc3NCCNCCO)c(O)ccc2O,True,spectrum
Mitraphylline,inactive,1.0,COC(=O)C1=CO[C@@H](C)C2CN3CC[C@]4(C(=O)Nc5c4cccc5)C3C[C@H]12,False,spectrum
Mizoribine,inactive,1.0,NC(=O)c1c(O)n([C@@H]2O[C@H](CO)[C@@H](O)[C@H]2O)cn1,False,spectrum
Mk-2461,inactive,1.0,C12=C(C(C3=C(C=C1)C=CC(=C3)NS(N(C[C@H]4OCCOC4)C)(=O)=O)=O)C=C(C=N2)C5=CN(N=C5)C,False,selleckchem
Mk-5108,inactive,0.5,N1=C(C=CC=C1C[C@]2(CC[C@H](CC2)OC3=C(C(=CC=C3)Cl)F)C(=O)O)NC4SC=CN=4,False,selleckchem
Mln8054,inactive,0.5,C1=C(C=C2C(=C1)C3=C(CN=C2C4=C(C=CC=C4F)F)C=NC(=N3)NC5=CC=C(C=C5)C(=O)O)Cl,False,selleckchem
Mln8237,inactive,0.5,C1=CC=C(C(=C1OC)C2=NCC3=C(C4=C2C=C(C=C4)Cl)N=C(N=C3)NC5=CC(=C(C=C5)C(O)=O)OC)F,False,selleckchem
Modaline sulfate,inactive,1.0,Cc1nccnc1N1CCCCC1,False,spectrum
Moguisteine,inactive,1.0,CCOC(=O)CC(=O)N1CCSC1COc1c(OC)cccc1,False,spectrum
Molindone hydrochloride,inactive,1.0,CCc1c(C)[nH]c2c1C(=O)C(CN1CCOCC1)CC2,False,spectrum
Molsidomine,inactive,1.0,CCOC(=O)[N-]c1c[n+](N2CCOCC2)no1,False,spectrum
Mometasone furoate,inactive,1.0,C[C@@H]1CC2C3CCC4=CC(=O)C=C[C@]4(C)[C@@]3(Cl)[C@@H](O)C[C@]2(C)[C@@]1(OC(=O)c1ccco1)C(=O)CCl,False,spectrum
Monensin sodium,reducer,0.6,CC[C@@]1(C2O[C@@H](C3O[C@@](O)(CC)[C@H](C)C[C@@H]3C)C[C@@H]2C)CC[C@H]([C@]2(C)CCC3(C[C@H](O)[C@@H](C)[C@@H]([C@H](C)[C@@H](OC)[C@H](C)C(=O)O)O3)O2)O1,False,spectrum
Monobenzone,inactive,1.0,Oc1ccc(OCc2ccccc2)cc1,False,spectrum
Monocrotaline,inactive,1.0,C[C@H]1C(=O)O[C@@H]2CCN3CC=C(COC(=O)[C@](C)(O)[C@]1(C)O)[C@H]23,False,spectrum
Montelukast sodium,inactive,1.0,CC(C)(O)c1c(CC[C@@H](SC2(CC(=O)O)CC2)c2cc(/C=C/c3nc4cc(Cl)ccc4cc3)ccc2)cccc1,False,spectrum
Morantel citrate,inactive,1.0,Cc1c(/C=C/C2=NCCCN2C)scc1,False,spectrum
Morin,inactive,1.0,O=c1c(O)c(-c2c(O)cc(O)cc2)oc2c1c(O)cc(O)c2,False,spectrum
Moroxydine hydrochloride,inactive,1.0,N=C(N)NC(=N)N1CCOCC1,False,spectrum
Motesanib Diphosphate,enhancer,0.5,C1(=CN=CC=C1CNC2=C(C=CC=N2)C(=O)NC3=CC=C4C(=C3)NCC4(C)C).P(O)(=O)(O)O.P(O)(=O)(O)O,False,selleckchem
Moxalactam disodium,inactive,1.0,CO[C@@]1(NC(=O)C(C(=O)O)c2ccc(O)cc2)C(=O)N2C(C(=O)O)=C(CSc3nnnn3C)CO[C@@H]21,False,spectrum
Moxidectin,inactive,1.0,CO/N=C1/C[C@]2(C[C@@H]3C[C@@H](C/C=C(\C)C[C@@H](C)/C=C/C=C4\CO[C@@H]5[C@H](O)C(C)=C[C@@H](C(=O)O3)[C@]45O)O2)O[C@H](/C(C)=C/C(C)C)[C@H]1C,False,spectrum
Moxifloxacin hydrochloride,inactive,0.8,COc1c(CN2CC[C@@H]3CCCN[C@@H]3C2)c(F)cc2c1n(C1CC1)cc(C(=O)O)c2=O,False,spectrum
Moxisylyte hydrochoride,inactive,1.0,CC(=O)Oc1c(C)cc(OCCN(C)C)c(C(C)C)c1,False,spectrum
Mubritinib,reducer,1.0,C1=C(C=CC(=C1)/C=C/C2OC=C(N=2)COC3=CC=C(C=C3)CCCCN4N=NC=C4)C(F)(F)F,False,selleckchem
Mucic acid,inactive,1.0,O=C(O)C(O)C(O)C(O)C(O)C(=O)O,False,spectrum
Mundoserone,inactive,1.0,COc1cc2c(cc1)C(=O)[C@H]1c3c(cc(OC)c(OC)c3)OC[C@H]1O2,False,spectrum
Mundulone,reducer,1.0,COc1c2C=CC(C)(C)Oc2ccc1-c1coc2cc3c(cc2c1=O)CC(O)C(C)(C)O3,False,spectrum
Mundulone acetate,inactive,1.0,COc1c2C=CC(C)(C)Oc2ccc1-c1coc2cc3c(cc2c1=O)CC(OC(C)=O)C(C)(C)O3,False,spectrum
Mupirocin,inactive,1.0,C/C(=C\C(=O)OCCCCCCCCC(=O)O)C[C@@H]1OC[C@H](C[C@@H]2O[C@H]2[C@@H](C)[C@H](C)O)[C@@H](O)[C@H]1O,False,spectrum
Muurolladie-3-one,inactive,1.0,CC1=CC2C(CC1=O)C(C)=CCC2C(C)C,False,spectrum
Mycophenolate mofetil,reducer,1.0,COc1c(C/C=C(\C)CCC(=O)OCCN2CCOCC2)c(O)c2C(=O)OCc2c1C,False,spectrum
Mycophenolic acid,inactive,1.0,COc1c(C/C=C(\C)CCC(=O)O)c(O)c2C(=O)OCc2c1C,False,spectrum
Myosmine,inactive,1.0,c1cncc(C2=NCCC2)c1,False,spectrum
N-acetylmuramic acid,inactive,1.0,CC(=O)N[C@H]1[C@H](O)O[C@H](CO)[C@@H](O)[C@@H]1OC(C)C(=O)O,False,spectrum
N-acetylproline,inactive,1.0,CC(=O)N1CCCC1C(=O)O,False,spectrum
N-methyl-d-aspartic acid,inactive,1.0,CN[C@H](CC(=O)O)C(=O)O,False,spectrum
N-methylanthranilic acid,inactive,1.0,CNc1c(C(=O)O)cccc1,False,spectrum
N-methylbenzylamine hydrochloride,inactive,1.0,CNCc1ccccc1,False,spectrum
N-methylephedrine,inactive,1.0,C[C@@H]([C@H](O)c1ccccc1)N(C)C,False,spectrum
N-methylisoleucine,reducer,1.0,CCC(C)C(NC)C(=O)O,False,spectrum
N-phenylanthranilic acid,inactive,1.0,O=C(O)c1c(Nc2ccccc2)cccc1,False,spectrum
N.n-hexamethyleneamiloride,inactive,1.0,N=C(N)NC(=O)c1nc(Cl)c(N2CCCCCC2)nc1N,False,spectrum
Nabumetone,inactive,1.0,COc1cc2ccc(CCC(C)=O)cc2cc1,False,spectrum
Nadide,inactive,1.0,NC(=O)c1c[n+]([C@@H]2O[C@H](COP(=O)([O-])OP(=O)(O)OC[C@H]3O[C@@H](n4cnc5c4ncnc5N)[C@H](O)[C@@H]3O)[C@@H](O)[C@H]2O)ccc1,False,spectrum
Nadifloxacin,inactive,1.0,CC1CCc2c(N3CCC(O)CC3)c(F)cc3c2n1cc(C(=O)O)c3=O,False,spectrum
Nadolol,inactive,1.0,CC(C)(C)NCC(O)COc1cccc2c1C[C@H](O)[C@H](O)C2,False,spectrum
Nafcillin sodium,inactive,1.0,CCOc1c(NC(=O)[C@@H]2C(=O)N3C(C(=O)O)C(C)(C)S[C@H]23)c2c(cccc2)cc1,False,spectrum
Nafronyl oxalate,inactive,1.0,CCN(CC)CCOC(=O)C(Cc1cccc2c1cccc2)CC1CCCO1,False,spectrum
Naftifine hydrochloride,inactive,1.0,CN(C/C=C/c1ccccc1)Cc1cccc2c1cccc2,False,spectrum
Naftopidil,enhancer,1.0,COc1c(N2CCN(CC(O)COc3c4ccccc4ccc3)CC2)cccc1,False,spectrum
Nalbuphine hydrochloride,inactive,1.0,Oc1ccc2C[C@H]3N(CC4CCC4)CC[C@]45c2c1OC4[C@@H](O)CC[C@@]35O,False,spectrum
Nalidixic acid,inactive,1.0,CCn1cc(C(=O)O)c(=O)c2ccc(C)nc21,False,spectrum
Naloxone hydrochloride,inactive,1.0,C=CCN1CCC23c4c5O[C@H]2C(=O)CC[C@@]3(O)[C@H]1Cc4ccc5O,False,spectrum
Naltrexone hydrochloride,inactive,1.0,O=C1CC[C@@]2(O)[C@H]3Cc4ccc(O)c5c4C2(CCN3CC2CC2)[C@H]1O5,False,spectrum
Nanofin,inactive,1.0,CC1CCCC(C)N1,False,spectrum
Naphazoline hydrochloride,inactive,1.0,c1cc2c(cc1)c(CC1=NCCN1)ccc2,False,spectrum
Naproxen(+),inactive,1.0,COc1ccc2cc([C@H](C)C(=O)O)ccc2c1,False,spectrum
Naringenin,inactive,1.0,O=C1C[C@@H](c2ccc(O)cc2)Oc2c1c(O)cc(O)c2,False,spectrum
Naringin,inactive,1.0,C[C@@H]1O[C@@H](O[C@@H]2[C@@H](O)[C@H](O)[C@@H](CO)O[C@@H]2Oc2cc(O)c3C(=O)C[C@@H](c4ccc(O)cc4)Oc3c2)[C@H](O)[C@H](O)[C@H]1O,False,spectrum
Natamycin,inactive,1.0,CC1C/C=C/C=C/C=C/C=C/C(O[C@@H]2O[C@H](C)[C@@H](O)[C@H](N)[C@@H]2O)CC2OC(O)(CC(O)CC3OC3/C=C/C(=O)O1)CC(O)C2C(=O)O,False,spectrum
Nateglinide,inactive,1.0,CC(C)[C@H]1CC[C@H](C(=O)N[C@@H](Cc2ccccc2)C(=O)O)CC1,False,spectrum
Nefazodone hydrochloride,inactive,1.0,CCc1nn(CCCN2CCN(c3cc(Cl)ccc3)CC2)c(=O)n1CCOc1ccccc1,False,spectrum
Nefiracetam,inactive,1.0,Cc1c(NC(=O)CN2CCCC2=O)c(C)ccc1,False,spectrum
Nefopam,inactive,1.0,CN1CCOC(c2ccccc2)c2c(cccc2)C1,False,spectrum
Nelarabin,enhancer,1.0,COc1c2ncn(C3O[C@H](CO)[C@@H](O)[C@@H]3O)c2nc(N)n1,True,spectrum
Neomycin sulfate,inactive,1.0,NC[C@@H]1O[C@H](O[C@@H]2[C@@H](CO)OC(O[C@@H]3[C@@H](O)[C@H](N)C[C@H](N)[C@H]3OC3O[C@H](CN)[C@@H](O)[C@H](O)[C@H]3N)[C@@H]2O)[C@H](N)[C@@H](O)[C@@H]1O,False,spectrum
Neostigmine bromide,enhancer,1.0,CN(C)C(=O)Oc1cccc([N+](C)(C)C)c1,False,spectrum
Neratinib,inactive,1.0,C1(=C(C=C2C(=C1)N=CC(=C2NC3=CC=C(C(=C3)Cl)OCC4=NC=CC=C4)C#N)NC(/C=C/CN(C)C)=O)OCC,True,selleckchem
Nerol,inactive,1.0,CC(C)=CCC/C(C)=C/CO,False,spectrum
Nerolidol,inactive,1.0,C=CC(C)(O)CC/C=C(\C)CCC=C(C)C,False,spectrum
Netilmicin sulfate,inactive,1.0,CCN[C@@H]1C[C@H](N)[C@@H](O[C@H]2OC(CN)=CC[C@H]2N)[C@H](O)[C@H]1OC1OC[C@](C)(O)[C@H](NC)[C@H]1O,False,spectrum
Niacin,inactive,1.0,O=C(O)c1cnccc1,False,spectrum
Niacinamide,inactive,1.0,NC(=O)c1cnccc1,False,spectrum
Nialamide,inactive,1.0,O=C(CCNNC(=O)c1ccncc1)NCc1ccccc1,False,spectrum
Nicardipine hydrochloride,inactive,1.0,COC(=O)C1=C(C)NC(C)=C(C(=O)OCCN(C)Cc2ccccc2)C1c1cccc([N+](=O)[O-])c1,False,spectrum
Nicergoline,inactive,1.0,CO[C@]12C[C@@H](COC(=O)c3cc(Br)cnc3)CN(C)[C@@H]1Cc1cn(C)c3c1c2ccc3,False,spectrum
Niclosamide,inactive,1.0,O=C(Nc1c(Cl)cc([N+](=O)[O-])cc1)c1c(O)ccc(Cl)c1,False,spectrum
Nicopholine,inactive,1.0,O=C(c1cccnc1)N1CCOCC1,False,spectrum
Nicorandil,inactive,1.0,O=C(NCCO[N+](=O)[O-])c1cnccc1,False,spectrum
Nicotine bitartrate,inactive,1.0,CN1CCC[C@H]1c1cccnc1,False,spectrum
Nicotinyl alcohol tartrate,inactive,1.0,OCc1cccnc1,False,spectrum
Nifedipine,enhancer,1.0,COC(=O)C1=C(C)NC(C)=C(C(=O)OC)C1c1c([N+](=O)[O-])cccc1,False,spectrum
Nifenazone,inactive,1.0,Cc1c(NC(=O)c2cccnc2)c(=O)n(-c2ccccc2)n1C,False,spectrum
Niflumic acid,inactive,1.0,O=C(O)c1c(Nc2cccc(C(F)(F)F)c2)nccc1,False,spectrum
Nifuroxazide,inactive,1.0,O=C(N/N=C/c1ccc([N+](=O)[O-])o1)c1ccc(O)cc1,False,spectrum
Nifursol,inactive,1.0,O=C(N/N=C/c1ccc([N+](=O)[O-])o1)c1cc([N+](=O)[O-])cc([N+](=O)[O-])c1O,False,spectrum
Nikethamide,inactive,1.0,CCN(CC)C(=O)c1cnccc1,False,spectrum
Nilotinib,inactive,1.0,C1(=CC=C(C(=C1)NC2=NC=CC(=N2)C3=CN=CC=C3)C)C(=O)NC4=CC(=CC(=C4)N5C=C(N=C5)C)C(F)(F)F,True,selleckchem
Nilutamide,inactive,1.0,CC1(C)NC(=O)N(c2ccc([N+](=O)[O-])c(C(F)(F)F)c2)C1=O,False,spectrum
Nimesulide,inactive,1.0,CS(=O)(=O)Nc1c(Oc2ccccc2)cc([N+](=O)[O-])cc1,False,spectrum
Nimodipine,inactive,1.0,COCCOC(=O)C1=C(C)NC(C)=C(C(=O)OC(C)C)C1c1cccc([N+](=O)[O-])c1,False,spectrum
Nimustine,inactive,1.0,Cc1ncc(CNC(=O)N(CCCl)N=O)c(N)n1,False,spectrum
Nisoldipine,inactive,1.0,COC(=O)C1=C(C)NC(C)=C(C(=O)OCC(C)C)C1c1c([N+](=O)[O-])cccc1,False,spectrum
Nitarsone,inactive,1.0,O=[N+]([O-])c1ccc([As](=O)(O)O)cc1,False,spectrum
Nitazoxanide,inactive,1.0,CC(=O)Oc1c(C(=O)Nc2ncc([N+](=O)[O-])s2)cccc1,False,spectrum
Nithiamide,inactive,1.0,CC(=O)Nc1ncc([N+](=O)[O-])s1,False,spectrum
Nitrendipine,inactive,1.0,CCOC(=O)C1=C(C)NC(C)=C(C(=O)OC)C1c1cccc([N+](=O)[O-])c1,False,spectrum
Nitrofurantoin,inactive,1.0,O=C1CN(/N=C/c2ccc([N+](=O)[O-])o2)C(=O)N1,False,spectrum
Nitrofurazone,inactive,1.0,NC(=O)N/N=C/c1ccc([N+](=O)[O-])o1,False,spectrum
Nitromide,inactive,1.0,NC(=O)c1cc([N+](=O)[O-])cc([N+](=O)[O-])c1,False,spectrum
Nitroxoline,inactive,1.0,O=[N+]([O-])c1c2cccnc2c(O)cc1,False,spectrum
Nizatidine,inactive,1.0,CN/C(=C\[N+](=O)[O-])NCCSCc1csc(CN(C)C)n1,False,spectrum
Nobiletin,inactive,1.0,COc1c(OC)cc(-c2cc(=O)c3c(o2)c(OC)c(OC)c(OC)c3OC)cc1,False,spectrum
Nomifensine maleate,inactive,1.0,CN1Cc2c(cccc2N)C(c2ccccc2)C1,False,spectrum
Nonic acid,inactive,1.0,CCCCC[C@H](CC(=O)O)C(=O)O,False,spectrum
Nonivamide,inactive,1.0,CCCCCCCCC(=O)NCc1cc(OC)c(O)cc1,False,spectrum
Nonoxynol-9,inactive,1.0,CCCCCCCCCc1ccc(OCCOCCOCCOCCOCCOCCOCCOCCOCCO)cc1,False,spectrum
Norcantharidin,inactive,1.0,O=C1OC(=O)C2C3CCC(O3)C12,False,spectrum
Norepinephrine,inactive,1.0,NC[C@H](O)c1ccc(O)c(O)c1,False,spectrum
Norethindrone,inactive,1.0,C#C[C@]1(O)CCC2C3CCC4=CC(=O)CC[C@@H]4C3CC[C@@]21C,False,spectrum
Norethindrone acetate,inactive,1.0,C#C[C@]1(OC(C)=O)CCC2C3CCC4=CC(=O)CC[C@@H]4C3CC[C@@]21C,False,spectrum
Norethynodrel,inactive,1.0,C#C[C@]1(O)CCC2C3CCC4=C(CCC(=O)C4)C3CC[C@@]21C,False,spectrum
Norfloxacin,inactive,1.0,CCn1cc(C(=O)O)c(=O)c2cc(F)c(N3CCNCC3)cc21,False,spectrum
Norgestimate,inactive,1.0,C#C[C@]1(OC(C)=O)CCC2C3CCC4=C/C(=N/O)CCC4C3CC[C@@]21CC,False,spectrum
Norgestrel,inactive,1.0,C#C[C@]1(O)CCC2C3CCC4=CC(=O)CC[C@@H]4C3CCC21CC,False,spectrum
Norstictic acid,inactive,1.0,Cc1cc(O)c(C=O)c2c1C(=O)Oc1c(O2)c2c(C(=O)OC2O)c(O)c1C,False,spectrum
Nortriptyline hydrochloride,inactive,1.0,CNCCC=C1c2c(cccc2)CCc2c1cccc2,False,spectrum
Noscapine hydrochloride,inactive,1.0,COc1c(OC)c2c(cc1)[C@H]([C@H]1c3c(OC)c4c(cc3CCN1C)OCO4)OC2=O,False,spectrum
Novobiocin sodium,inactive,1.0,CO[C@@H]1[C@@H](OC(N)=O)[C@@H](O)[C@H](Oc2ccc3c(O)c(NC(=O)c4ccc(O)c(CC=C(C)C)c4)c(=O)oc3c2C)OC1(C)C,False,spectrum
Nu7441,inactive,0.5,O=c1cc(N2CCOCC2)oc2c1cccc2-c1cccc2c1sc1ccccc12,False,selleckchem
Nvp-adw742,reducer,1.0,C12=C(N=CN=C1N)N(C=C2C3=CC(=CC=C3)OCC4=CC=CC=C4)[C@@H]5C[C@H](C5)CN6CCCC6,False,selleckchem
Nvp-bhg712,inactive,1.0,C12=C(N=C(N=C1NC3=CC(=CC=C3C)C(NC4=CC=CC(=C4)C(F)(F)F)=O)C5=CC=CN=C5)N(N=C2)C,False,selleckchem
Nvp-bsk805,reducer,1.0,C1(=CC=C2C(=C1C3=CC(=C(C(=C3)F)CN4CCOCC4)F)N=C(C=N2)C5=CN(N=C5)C6CCNCC6).Cl.Cl,False,selleckchem
Nvp-bvu972,inactive,1.0,C1C(=NN2C(C=1)=NC=C2CC3=CC=C4C(=C3)C=CC=N4)C5C=NN(C=5)C,False,selleckchem
Nvp-tae226,inactive,0.5,C1(=CC(=C(C=C1)NC2=NC(=C(C=N2)Cl)NC3=C(C=CC=C3)C(NC)=O)OC)N4CCOCC4,False,selleckchem
Nylidrin hydrochloride,inactive,1.0,CC(CCc1ccccc1)NC(C)C(O)c1ccc(O)cc1,False,spectrum
Nystatin,inactive,1.0,CC1[C@H](C)OC(=O)CC(O)CC(O)CC(O)CCC(O)C(O)C[C@]2(O)CC(O)C(C(=O)O)C(CC(OC3O[C@H](C)[C@@H](O)[C@H](N)[C@@H]3O)/C=C/C=C/C=C/C=C/CC/C=C/C=C/[C@H](C)[C@H]1O)O2,False,spectrum
O-BENZYL-l-SERINE,inactive,1.0,NC(COCc1ccccc1)C(=O)O,False,spectrum
Obliquin,inactive,1.0,C=C(C)[C@H]1COc2c(cc3ccc(=O)oc3c2)O1,False,spectrum
Obtusaquinone,inactive,1.0,COC1=CC(=O)C(O)=C/C1=C\C=C\c1ccccc1,False,spectrum
Octinoxate,inactive,1.0,CCCC[C@@H](CC)COC(=O)/C=C/c1ccc(OC)cc1,False,spectrum
Octisalate,inactive,1.0,CCCC[C@@H](CC)COC(=O)c1c(O)cccc1,False,spectrum
Octocrylene,inactive,1.0,CCCC[C@@H](CC)COC(=O)C(C#N)=C(c1ccccc1)c1ccccc1,False,spectrum
Octodrine,inactive,1.0,CC(C)CCCC(C)N,False,spectrum
Octopamine hydrochloride,inactive,1.0,NCC(O)c1ccc(O)cc1,False,spectrum
Ofloxacin,inactive,1.0,CC1COc2c(N3CCN(C)CC3)c(F)cc3c2n1cc(C(=O)O)c3=O,False,spectrum
Olanzapine,inactive,1.0,Cc1cc2c(Nc3ccccc3N=C2N2CCN(C)CC2)s1,False,spectrum
Oleandomycin phosphate,inactive,1.0,CO[C@H]1C[C@H](O[C@@H]2[C@@H](C)C(=O)O[C@H](C)[C@H](C)[C@H](O)[C@@H](C)C(=O)[C@@]3(CO3)C[C@H](C)[C@H](OC3O[C@H](C)C[C@H](N(C)C)[C@H]3O)[C@H]2C)O[C@@H](C)[C@@H]1O,False,spectrum
Oleanoic acid,inactive,1.0,CC1(C)CC[C@]2(C(=O)O)CC[C@]3(C)C(=CCC4[C@@]5(C)CC[C@@H](O)C(C)(C)C5CC[C@]43C)C2C1,False,spectrum
Olmesartan medoxomil,inactive,1.0,CCCc1nc(C(C)(C)O)c(C(=O)OCc2c(C)oc(=O)o2)n1Cc1ccc(-c2ccccc2-c2n[nH]nn2)cc1,False,spectrum
Olsalazine sodium,inactive,1.0,O=C(O)c1cc(/N=N/c2cc(C(=O)O)c(O)cc2)ccc1O,False,spectrum
Oltipraz,inactive,1.0,Cc1c(-c2nccnc2)ssc1=S,False,spectrum
Omega-3-acid esters,inactive,1.0,CC/C=C\C/C=C\C/C=C\C/C=C\C/C=C\CCCC(=O)OCC,False,spectrum
Omeprazole,inactive,1.0,COc1ccc2nc([S+]([O-])Cc3ncc(C)c(OC)c3C)[nH]c2c1,False,spectrum
On-01910,reducer,1.0,C1(=C(C=C(C=C1OC)OC)OC)/C=C/S(CC2=CC=C(C(=C2)NCC(O[Na])=O)OC)(=O)=O,False,selleckchem
Ondansetron,inactive,1.0,Cc1nccn1CC1CCc2c(C1=O)c1ccccc1n2C,False,spectrum
Ononetin,inactive,1.0,COc1ccc(CC(=O)c2c(O)cc(O)cc2)cc1,False,spectrum
Orbifloxacin,inactive,1.0,C[C@H]1CN(c2c(F)c3c(c(F)c2F)c(=O)c(C(=O)O)cn3C2CC2)C[C@@H](C)N1,False,spectrum
Orlistat,inactive,1.0,CCCCCCCCCCC[C@@H](C[C@H]1OC(=O)[C@H]1CCCCCC)OC(=O)[C@@H](CC(C)C)NC=O,False,spectrum
Ornidazole,inactive,1.0,Cc1ncc([N+](=O)[O-])n1CC(O)CCl,False,spectrum
Ornithine hydrochloride,inactive,1.0,NCCCC(N)C(=O)O,False,spectrum
Orotic acid,inactive,1.0,O=C(O)c1cc(=O)[nH]c(=O)[nH]1,False,spectrum
Orphenadrine citrate,inactive,1.0,Cc1c(C(OCCN(C)C)c2ccccc2)cccc1,False,spectrum
Orsellinic acid,reducer,1.0,Cc1cc(O)cc(O)c1C(=O)O,False,spectrum
Orsellinic acid. ethyl ester,inactive,1.0,CCOC(=O)c1c(O)cc(O)cc1C,False,spectrum
Osajin,inactive,1.0,CC(C)=CCc1c(O)c2c(occ(-c3ccc(O)cc3)c2=O)c2c1OC(C)(C)C=C2,False,spectrum
Osajin 4'-methyl ether,inactive,1.0,COc1ccc(-c2coc3c(c(O)c(CC=C(C)C)c4c3C=CC(C)(C)O4)c2=O)cc1,False,spectrum
Oseltamivir phosphate,inactive,1.0,CCC(CC)O[C@@H]1C=C(C(=O)OC)C[C@H](N)[C@H]1NC(C)=O,False,spectrum
Osi-027,inactive,1.0,N1C=NN2C(C=1N)=C(N=C2[C@@H]3CC[C@H](CC3)C(=O)O)C4NC5=C(C=4)C=CC=C5OC,False,selleckchem
Osi-930,inactive,1.0,C1=CC=C2C(=C1)C(=CC=N2)CNC3=C(SC=C3)C(NC4=CC=C(C=C4)OC(F)(F)F)=O,False,selleckchem
Osu-03012,reducer,1.0,C12=C(C=CC3=C1C=CC(=C3)C4=CC(=NN4C5=CC=C(C=C5)NC(CN)=O)C(F)(F)F)C=CC=C2,False,selleckchem
Ouabain,inactive,1.0,C[C@@H]1O[C@@H](O[C@H]2C[C@@H](O)[C@]3(CO)C4C(CC[C@]3(O)C2)[C@@]2(O)CC[C@H](C3=CC(=O)OC3)[C@@]2(C)C[C@H]4O)[C@H](O)[C@H](O)[C@H]1O,False,spectrum
Oxacillin sodium,inactive,1.0,Cc1c(C(=O)NC2C(=O)N3[C@@H](C(=O)O)C(C)(C)S[C@H]23)c(-c2ccccc2)no1,False,spectrum
Oxaliplatin,inactive,1.0,NC1CCCC[C@H]1N.O=C1O[Pt]OC1=O,False,spectrum
Oxantel pamoate,inactive,1.0,CN1CCCN=C1/C=C/c1cc(O)ccc1,False,spectrum
Oxaprozin,inactive,1.0,O=C(O)CCc1nc(-c2ccccc2)c(-c2ccccc2)o1,False,spectrum
Oxcarbazepine,inactive,1.0,NC(=O)N1c2c(cccc2)CC(=O)c2c1cccc2,False,spectrum
Oxedrine,inactive,1.0,CNCC(O)c1ccc(O)cc1,False,spectrum
Oxelaidin citrate,inactive,1.0,CCN(CC)CCOCCOC(=O)C(CC)(CC)c1ccccc1,False,spectrum
Oxethazaine,inactive,1.0,CN(C(=O)CN(CCO)CC(=O)N(C)C(C)(C)Cc1ccccc1)C(C)(C)Cc1ccccc1,False,spectrum
Oxfendazole,inactive,1.0,COC(=O)Nc1nc2ccc([S+]([O-])c3ccccc3)cc2[nH]1,False,spectrum
Oxibendazole,reducer,1.0,CCCOc1ccc2nc(NC(=O)OC)[nH]c2c1,False,spectrum
Oxiconazole nitrate,inactive,1.0,Clc1cc(Cl)c(CO/N=C(\Cn2ccnc2)c2c(Cl)cc(Cl)cc2)cc1,False,spectrum
Oxidopamine hydrochloride,inactive,1.0,NCCc1c(O)cc(O)c(O)c1,False,spectrum
Oxiglutatione disodium salt,inactive,1.0,N[C@@H](CCC(=O)N[C@@H](CSSC[C@H](NC(=O)CC[C@H](N)C(=O)O)C(=O)NCC(=O)O)C(=O)NCC(=O)O)C(=O)O,False,spectrum
Oxiniacic acid,inactive,1.0,O=C(O)c1ccc[n+]([O-])c1,False,spectrum
Oxolamine citrate,inactive,1.0,CCN(CC)CCc1nc(-c2ccccc2)no1,False,spectrum
Oxolinic acid,inactive,1.0,CCn1cc(C(=O)O)c(=O)c2cc3c(cc21)OCO3,False,spectrum
Oxonitine,inactive,1.0,COC[C@]12CN(C=O)C3[C@@H]4[C@H](OC)C1[C@]3(C1CC3(O)C(OC)C(O)C4(OC(C)=O)C1C3OC(=O)c1ccccc1)[C@@H](OC)C[C@H]2O,False,spectrum
Oxtriphylline,inactive,1.0,Cn1c(=O)c2c(nc[nH]2)n(C)c1=O,False,spectrum
Oxybenzone,inactive,1.0,COc1cc(O)c(C(=O)c2ccccc2)cc1,False,spectrum
Oxybutynin chloride,inactive,1.0,CCN(CC)CC#CCOC(=O)C(O)(c1ccccc1)C1CCCCC1,False,spectrum
Oxyclozanide,inactive,1.0,O=C(Cc1c(O)c(Cl)cc(Cl)c1)c1c(Cl)c(Cl)cc(Cl)c1O,False,spectrum
Oxymetazoline hydrochloride,inactive,1.0,Cc1cc(C(C)(C)C)c(O)c(C)c1CC1=NCCN1,False,spectrum
Oxyphenbutazone,inactive,1.0,CCCCC1C(=O)N(c2ccccc2)N(c2ccc(O)cc2)C1=O,False,spectrum
Oxyphencyclimine hydrochloride,inactive,1.0,CN1CCCN=C1COC(=O)C(O)(c1ccccc1)C1CCCCC1,False,spectrum
Oxyphenonium bromide,inactive,1.0,CC[N+](C)(CC)CCOC(=O)C(O)(c1ccccc1)C1CCCCC1,False,spectrum
Oxyquinoline sulfate,inactive,1.0,Oc1cccc2cccnc12,False,spectrum
Oxytetracycline,inactive,1.0,CN(C)[C@@H]1C(O)=C(C(N)=O)C(=O)[C@@]2(O)C(O)=C3C(=O)c4c(cccc4O)[C@@](C)(O)[C@H]3[C@H](O)[C@@H]12,False,spectrum
Oxythiamine chloride hydrochloride,inactive,1.0,Cc1ncc(C[n+]2csc(CCO)c2C)c(O)n1,False,spectrum
PANTOTHENIC ACID(d) Na salt,inactive,1.0,CC(C)(CO)[C@@H](O)C(=O)NCCC(=O)O,False,spectrum
PD 0332991 HCl,reducer,1.0,CC(=O)c1c(C)c2cnc(Nc3ncc(N4CCNCC4)cc3)nc2n(C2CCCC2)c1=O,True,selleckchem
PD153035 HCl,inactive,1.0,C1(=C(C=C2C(=C1)C(=NC=N2)NC3=CC(=CC=C3)Br)OC)OC.Cl,False,selleckchem
POTASSIUM p-AMINOBENZOATE,inactive,1.0,Nc1ccc(C(=O)O)cc1,False,spectrum
Pachyrrhizin,inactive,1.0,COc1c(-c2cc3c(cc4occc4c3)oc2=O)cc2OCOc2c1,False,spectrum
Paclitaxel,enhancer,1.0,CC(=O)O[C@H]1C(=O)[C@@]2(C)C([C@H](OC(=O)c3ccccc3)[C@]3(O)C[C@H](OC(=O)[C@H](O)[C@@H](NC(=O)c4ccccc4)c4ccccc4)C(C)=C1C3(C)C)[C@]1(OC(C)=O)CO[C@@H]1C[C@@H]2O,True,spectrum
Paeonol,inactive,1.0,COc1cc(O)c(C(C)=O)cc1,False,spectrum
Palmatine chloride,inactive,1.0,COc1c(OC)cc2c(c1)CC[n+]1c-2cc2ccc(OC)c(OC)c2c1,False,spectrum
Palmidrol,inactive,1.0,CCCCCCCCCCCCCCCC(=O)NCCO,False,spectrum
Palomid 529,inactive,1.0,C1=C(C=CC(=C1)COC2=C(C=C3C(=C2)OC(C4=C3C=CC(=C4)C(C)O)=O)OC)OC,False,selleckchem
Pamabrom,inactive,1.0,Cn1c(=O)c2c(nc(Br)[nH]2)n(C)c1=O,False,spectrum
Pangamic acid sodium,inactive,1.0,CN(C)CC(=O)OC[C@@H](O)[C@@H](O)[C@H](O)[C@@H](O)C(=O)O,False,spectrum
Pantethine,inactive,1.0,CC(C)(CO)C(O)C(=O)NCCC(=O)NCCSSCCNC(=O)CCNC(=O)C(O)C(C)(C)CO,False,spectrum
Panthenol,inactive,1.0,CC(C)(CO)C(O)C(=O)NCCCO,False,spectrum
Pantoprazole,enhancer,1.0,COc1ccnc(C[S+]([O-])c2nc3cc(OC(F)F)ccc3[nH]2)c1OC,False,spectrum
Papaverine hydrochloride,inactive,1.0,COc1ccc(Cc2nccc3cc(OC)c(OC)cc23)cc1OC,False,spectrum
Parachlorophenol,inactive,1.0,Oc1ccc(Cl)cc1,False,spectrum
Paramethadione,inactive,1.0,CCC1(C)OC(=O)N(C)C1=O,False,spectrum
Paraxanthine,inactive,1.0,Cn1c(=O)[nH]c2c(c1=O)n(C)cn2,False,spectrum
Pargyline hydrochloride,inactive,1.0,C#CCN(C)Cc1ccccc1,False,spectrum
Paromomycin sulfate,inactive,1.0,NC[C@@H]1O[C@H](O[C@@H]2[C@@H](CO)OC(O[C@@H]3[C@@H](O)[C@H](N)C[C@H](N)[C@H]3O[C@H]3O[C@H](CO)[C@@H](O)[C@H](O)[C@H]3N)[C@@H]2O)[C@H](N)[C@@H](O)[C@@H]1O,False,spectrum
Paroxetine hydrochloride,inactive,1.0,Fc1ccc([C@@H]2CCNC[C@H]2COc2ccc3OCOc3c2)cc1,False,spectrum
Paroxypropione,inactive,1.0,CCC(=O)c1ccc(O)cc1,False,spectrum
Pasiniazid,inactive,1.0,NNC(=O)c1ccncc1.Nc1cc(O)c(C(=O)O)cc1,False,spectrum
Patulin,reducer,1.0,O=C1C=C2C(=CCOC2O)O1,False,spectrum
Pazopanib HCl,inactive,1.0,C1(=C(C(=CC(=C1)NC2=NC=CC(=N2)N(C3C=CC4C(C=3)=NN(C=4C)C)C)S(=O)(N)=O)C).Cl,False,selleckchem
Pazufloxacin mesylate,inactive,1.0,C[C@H]1COc2c(C3(N)CC3)c(F)cc3c2n1cc(C(=O)O)c3=O,False,spectrum
Pci-32765,inactive,1.0,C1=NC(=C2C(=N1)N(N=C2C3=CC=C(C=C3)OC4=CC=CC=C4)[C@H]5CN(CCC5)C(C=C)=O)N,False,selleckchem
Pd0325901,inactive,0.6666666666666666,C1=CC(=C(C(=C1C(=O)NOC[C@H](O)CO)NC2=CC=C(C=C2F)I)F)F,False,selleckchem
Pd173074,inactive,1.0,N1=C(N=C2C(=C1)C=C(C(=N2)NC(NC(C)(C)C)=O)C3=CC(=CC(=C3)OC)OC)NCCCCN(CC)CC,False,selleckchem
Pd318088,inactive,1.0,C1=C(C(=C(C(=C1C(NOCC(CO)O)=O)NC2=CC=C(C=C2F)I)F)F)Br,False,selleckchem
Pd98059,inactive,1.0,C1=CC=C2C(=C1)C(C=C(O2)C3=CC=CC(=C3N)OC)=O,False,selleckchem
Pectolinarin,inactive,1.0,COc1ccc(-c2cc(=O)c3c(O)c(OC)c(O[C@H]4O[C@H](CO[C@@H]5O[C@@H](C)[C@H](O)[C@@H](O)[C@H]5O)[C@@H](O)[C@H](O)[C@H]4O)cc3o2)cc1,False,spectrum
Pefloxacine mesylate,inactive,1.0,CCn1cc(C(=O)O)c(=O)c2c1cc(N1CCN(C)CC1)c(F)c2,False,spectrum
Pelitinib,reducer,1.0,C1(=C(C=C2C(=C1)N=CC(=C2NC3=CC(=C(C=C3)F)Cl)C#N)NC(/C=C/CN(C)C)=O)OCC,False,selleckchem
Pemetrexed,inactive,1.0,Nc1nc(=O)c2c([nH]cc2CCc2ccc(C(=O)N[C@@H](CCC(=O)O)C(=O)O)cc2)[nH]1,False,spectrum
Pempidine tartrate,inactive,1.0,CN1C(C)(C)CCCC1(C)C,False,spectrum
Penbutolol sulfate,inactive,1.0,CC(C)(C)NC[C@H](O)COc1c(C2CCCC2)cccc1,False,spectrum
Penciclovir,inactive,1.0,Nc1nc2c(ncn2CCC(CO)CO)c(=O)[nH]1,False,spectrum
Penfluridol,inactive,1.0,OC1(c2ccc(Cl)c(C(F)(F)F)c2)CCN(CCCC(c2ccc(F)cc2)c2ccc(F)cc2)CC1,False,spectrum
Penicillamine,inactive,1.0,CC(C)(S)C(N)C(=O)O,False,spectrum
Penicillin g potassium,inactive,1.0,CC1(C)S[C@@H]2[C@H](NC(=O)Cc3ccccc3)C(=O)N2[C@H]1C(=O)O,False,spectrum
Penicillin v potassium,inactive,1.0,CC1(C)S[C@@H]2[C@H](NC(=O)COc3ccccc3)C(=O)N2[C@H]1C(=O)O,False,spectrum
Pentagastrin,enhancer,1.0,CSCC[C@H](NC(=O)[C@H](Cc1c[nH]c2c1cccc2)NC(=O)[C@H](C)NC(=O)OC(C)(C)C)C(=O)N[C@@H](CC(=O)O)C(=O)N[C@@H](Cc1ccccc1)C(N)=O,False,spectrum
Pentamidine isethionate,inactive,1.0,N=C(N)c1ccc(OCCCCCOc2ccc(C(=N)N)cc2)cc1,False,spectrum
Pentetic acid,inactive,1.0,O=C(O)CN(CCN(CC(=O)O)CC(=O)O)CCN(CC(=O)O)CC(=O)O,False,spectrum
Pentoxifylline,inactive,1.0,CC(=O)CCCCn1c(=O)c2c(ncn2C)n(C)c1=O,False,spectrum
Pentylenetetrazol,inactive,1.0,C1CCc2nnnn2CC1,False,spectrum
Peoniflorin,inactive,1.0,C[C@@]12CC[C@@H]3[C@@](COC(=O)c4ccccc4)(O[C@@H]4O[C@H](CO)[C@@H](O)[C@H](O)[C@H]4O)C(O1)O[C@]3(O)C2,False,spectrum
Peonol methyl ether,inactive,1.0,COc1cc(OC)c(C(C)=O)cc1,False,spectrum
Pergolide mesylate,inactive,1.0,CCCN1C[C@H](CSC)C[C@@H]2c3c4c(c[nH]c4ccc3)C[C@H]21,False,spectrum
Perhexiline maleate,inactive,1.0,C1CCC(C(CC2CCCCN2)C2CCCCC2)CC1,False,spectrum
Perillic acid,inactive,1.0,C=C(C)[C@H]1CC=C(C(=O)O)CC1,False,spectrum
Perillyl alcohol,inactive,1.0,C=C(C)C1CC=C(CO)CC1,False,spectrum
Perindopril erbumine,inactive,1.0,CCC[C@H](N[C@@H](C)C(=O)N1[C@H](C(=O)O)C[C@@H]2CCCC[C@@H]21)C(=O)OCC,False,spectrum
Permethrin,inactive,1.0,CC1(C)C(C=C(Cl)Cl)C1C(=O)OCc1cccc(Oc2ccccc2)c1,False,spectrum
Perphenazine,inactive,1.0,OCCN1CCN(CCCN2c3c(cccc3)Sc3c2cc(Cl)cc3)CC1,False,spectrum
Perseitol,inactive,1.0,OC[C@H](O)[C@@H](O)[C@H](O)[C@H](O)[C@H](O)CO,False,spectrum
Perseitol heptaacetate,inactive,1.0,CC(=O)OCC(OC(C)=O)C(OC(C)=O)C(OC(C)=O)C(OC(C)=O)C(COC(C)=O)OC(C)=O,False,spectrum
Peruvoside,inactive,1.0,CO[C@@H]1[C@@H](O)[C@H](C)O[C@H](O[C@H]2CC[C@]3(C=O)C4CC[C@]5(C)[C@@H](C6=CC(=O)OC6)CC[C@]5(O)C4CC[C@@H]3C2)[C@H]1O,False,spectrum
Peucenin,inactive,1.0,CC(C)=CCc1c(O)cc2oc(C)cc(=O)c2c1O,False,spectrum
Pf-00562271,inactive,1.0,C1(=NC(=C(C=C1)CNC2=C(C=NC(=N2)NC3=CC=C4C(=C3)CC(N4)=O)C(F)(F)F)N(C)S(=O)(C)=O).C5=CC=CC(=C5)S(O)(=O)=O,False,selleckchem
Pf-03814735,reducer,1.0,C12=C(C=C(C=C1)NC3=NC(=C(C=N3)C(F)(F)F)NC4CCC4)[C@@H]5CC[C@@H]2N5C(CNC(C)=O)=O,False,selleckchem
Pf-04217903,inactive,1.0,C12=CC=CN=C1C=CC(=C2)CN3C4=C(N=N3)N=CC(=N4)C5=CN(N=C5)CCO,False,selleckchem
Pf-04691502,enhancer,1.0,N1=C(N=C2C(=C1C)C=C(C(N2[C@H]3CC[C@@H](CC3)OCCO)=O)C4=CC=C(N=C4)OC)N,False,selleckchem
Pf-05212384,reducer,1.0,N1=C(N=C(N=C1N2CCOCC2)C3=CC=C(C=C3)NC(NC4=CC=C(C=C4)C(N5CCC(CC5)N(C)C)=O)=O)N6CCOCC6,False,selleckchem
Ph-797804,inactive,1.0,C1(=C(C=CC(=C1)C(=O)NC)C)N2C(=CC(=C(C2=O)Br)OCC3=CC=C(C=C3F)F)C,False,selleckchem
Pha-665752,inactive,1.0,C1=CC=C(C(=C1Cl)CS(C2=CC3=C(C=C2)NC(C/3=C/C4=C(C(=C(N4)C)C(N5[C@H](CCC5)CN6CCCC6)=O)C)=O)(=O)=O)Cl,False,selleckchem
Pha-680632,inactive,1.0,C1(=CC=C(C=C1)C(=O)NC2C3=C(NN=2)CN(C3)C(=O)NC4=C(C=CC=C4CC)CC)N5CCN(CC5)C,False,selleckchem
Pha-767491,inactive,1.0,C1=NC=CC(=C1)C2NC3=C(C=2)C(NCC3)=O,False,selleckchem
Pha-793887,inactive,0.5,N1N=C(C2=C1C(N(C2)C(C3CCN(CC3)C)=O)(C)C)NC(CC(C)C)=O,False,selleckchem
Phenacemide,inactive,1.0,NC(=O)NC(=O)Cc1ccccc1,False,spectrum
Phenacetin,inactive,1.0,CCOc1ccc(NC(C)=O)cc1,False,spectrum
Phenacylamine hydrochloride,inactive,1.0,NCC(=O)c1ccccc1,False,spectrum
Phenazopyridine hydrochloride,inactive,1.0,Nc1ccc(/N=N/c2ccccc2)c(N)n1,False,spectrum
Phenelzine sulfate,inactive,1.0,NNCCc1ccccc1,False,spectrum
Phenethyl caffeate,reducer,0.6,O=C(/C=C/c1ccc(O)c(O)c1)OCCc1ccccc1,False,spectrum
Phenethylamine hydrochloride,inactive,1.0,NCCc1ccccc1,False,spectrum
Phenformin HCl,inactive,1.0,NC(N)=NC(N)=NCCc1ccccc1,False,selleckchem
Phenformin hydrochloride,inactive,1.0,N=C(N)NC(=N)NCCc1ccccc1,False,spectrum
Phenindione,inactive,1.0,O=C1c2c(cccc2)C(=O)C1c1ccccc1,False,spectrum
Pheniramine maleate,inactive,1.0,CN(C)CCC(c1ccccc1)c1ncccc1,False,spectrum
Phenolphthalein,inactive,1.0,O=C1OC(c2ccc(O)cc2)(c2ccc(O)cc2)c2c1cccc2,False,spectrum
Phenothiazine,inactive,1.0,c1cc2c(cc1)Sc1c(cccc1)N2,False,spectrum
Phenothrin,inactive,1.0,CC(C)=CC1C(C(=O)OCc2cccc(Oc3ccccc3)c2)C1(C)C,False,spectrum
Phenoxybenzamine hydrochloride,inactive,1.0,CC(COc1ccccc1)N(CCCl)Cc1ccccc1,False,spectrum
Phensuccimide,inactive,1.0,CN1C(=O)CC(c2ccccc2)C1=O,False,spectrum
Phentolamine hydrochloride,inactive,1.0,Cc1ccc(N(CC2=NCCN2)c2cc(O)ccc2)cc1,False,spectrum
Phenyl aminosalicylate,inactive,1.0,Nc1cc(O)c(C(=O)Oc2ccccc2)cc1,False,spectrum
Phenylalaniine hydrochloride,inactive,1.0,N[C@@H](Cc1ccccc1)C(=O)O,False,spectrum
Phenylbutazone,inactive,1.0,CCCCC1C(=O)N(c2ccccc2)N(c2ccccc2)C1=O,False,spectrum
Phenylbutyrate sodium,inactive,1.0,CCC(C(=O)O)c1ccccc1,False,spectrum
Phenylephrine hydrochloride,inactive,1.0,CNC[C@H](O)c1cc(O)ccc1,False,spectrum
Phenylethyl alcohol,inactive,1.0,OCCc1ccccc1,False,spectrum
Phenytoin sodium,inactive,1.0,O=C1NC(=O)C(c2ccccc2)(c2ccccc2)N1,False,spectrum
Phloracetophenone,inactive,1.0,CC(=O)c1c(O)cc(O)cc1O,False,spectrum
Phloretin,inactive,1.0,O=C(CCc1ccc(O)cc1)c1c(O)cc(O)cc1O,False,spectrum
Phloridzin,inactive,1.0,O=C(CCc1ccc(O)cc1)c1c(O)cc(O)cc1O[C@@H]1O[C@H](CO)[C@@H](O)[C@H](O)[C@H]1O,False,spectrum
Pht-427,inactive,1.0,C1=C(C=CC(=C1)S(=O)(NC2=NN=CS2)=O)CCCCCCCCCCCC,False,selleckchem
Phthalylsulfacetamide,inactive,1.0,CC(=O)NS(=O)(=O)c1ccc(NC(=O)c2c(C(=O)O)cccc2)cc1,False,spectrum
Phthalylsulfathiazole,inactive,1.0,O=C(O)c1c(C(=O)Nc2ccc(S(=O)(=O)Nc3nccs3)cc2)cccc1,False,spectrum
Physcion,inactive,1.0,COc1cc2c(C(=O)c3c(cc(C)cc3O)C2=O)c(O)c1,False,spectrum
Physostigmine salicylate,inactive,1.0,CNC(=O)Oc1cc2c(cc1)N(C)[C@H]1N(C)CC[C@@]21C,False,spectrum
Phytol,inactive,1.0,C/C(=C\CO)CC[C@H](C)CCC[C@H](C)CCCC(C)C,False,spectrum
Phytonadione,inactive,1.0,CC1=C(C/C=C(\C)CCC[C@H](C)CCC[C@H](C)CCCC(C)C)C(=O)c2c(cccc2)C1=O,False,spectrum
Pi-103,reducer,1.0,C12=C(N=C(N=C1N3CCOCC3)C4=CC=CC(=C4)O)C5=C(O2)N=CC=C5,False,selleckchem
Piceatannol,inactive,1.0,C1(C(=CC(=CC=1)/C=C/C2C=C(C=C(C=2)O)O)O)O,False,selleckchem
Piceid,inactive,1.0,OC[C@H]1O[C@H](Oc2cc(O)cc(/C=C/c3ccc(O)cc3)c2)[C@H](O)[C@@H](O)[C@@H]1O,False,spectrum
Piceid methyl ether,inactive,1.0,COc1ccc(/C=C/c2cc(O[C@@H]3O[C@H](CO)[C@@H](O)[C@H](O)[C@H]3O)cc(O)c2)cc1,False,spectrum
Picolamine,inactive,1.0,NCc1cccnc1,False,spectrum
Piconol,inactive,1.0,OCc1ncccc1,False,spectrum
Picropodophyllin,reducer,1.0,COc1c(OC)c(OC)cc([C@@H]2c3c(cc4OCOc4c3)[C@H](O)[C@H]3COC(=O)[C@@H]23)c1,False,spectrum
Picropodophyllin acetate,reducer,1.0,COc1c(OC)c(OC)cc([C@@H]2c3c(cc4OCOc4c3)[C@H](OC(C)=O)[C@H]3COC(=O)[C@@H]23)c1,False,spectrum
Picrotin,inactive,1.0,CC(C)(O)[C@H]1[C@@H]2C(=O)O[C@H]1[C@H]1OC(=O)[C@@]34O[C@@H]3C[C@]2(O)[C@@]14C,False,spectrum
Picrotoxinin,inactive,1.0,C=C(C)[C@H]1[C@@H]2C(=O)O[C@H]1[C@H]1OC(=O)[C@@]34O[C@@H]3C[C@]2(O)[C@@]14C,False,spectrum
Pidolic acid,inactive,1.0,O=C1CC[C@@H](C(=O)O)N1,False,spectrum
Pidotimod,inactive,1.0,O=C1CC[C@@H](C(=O)N2CSC[C@H]2C(=O)O)N1,False,spectrum
Pik-293,inactive,1.0,C1(N(C(C2=C(N=1)C=CC=C2C)=O)C3=C(C=CC=C3)C)CN4N=CC5=C4N=CN=C5N,False,selleckchem
Pik-294,inactive,1.0,N1=CN=C2C(=C1N)C(=NN2CC3N(C(C4=C(N=3)C=CC=C4C)=O)C5=C(C=CC=C5)C)C6=CC(=CC=C6)O,False,selleckchem
Pik-75,inactive,0.6666666666666666,C1(C(=CN2C(C=1)=NC=C2/C=N/N(S(C3=C(C=CC(=C3)[N+](=O)[O-])C)(=O)=O)C)Br).Cl,False,selleckchem
Pik-90,inactive,0.5,C1=C(C(=C2C(=C1)C3N(C(=N2)NC(C4=CC=CN=C4)=O)CCN=3)OC)OC,False,selleckchem
Pik-93,inactive,1.0,C1(=C(C=C(C=C1)C2SC(=NC=2C)NC(C)=O)S(=O)(=O)NCCO)Cl,False,selleckchem
Pilocarpine nitrate,inactive,1.0,CC[C@@H]1C(=O)OC[C@@H]1Cc1cncn1C,False,spectrum
Pimagedine hydrochloride,inactive,1.0,N=C(N)NN,False,spectrum
Pimethixene maleate,inactive,1.0,CN1CCC(=C2c3c(cccc3)Sc3c2cccc3)CC1,False,spectrum
Pimozide,inactive,1.0,O=c1[nH]c2ccccc2n1C1CCN(CCCC(c2ccc(F)cc2)c2ccc(F)cc2)CC1,False,spectrum
Pimpinellin,inactive,1.0,COc1c2ccc(=O)oc2c2ccoc2c1OC,False,spectrum
Pinacidil,inactive,1.0,CC(N/C(=N/C#N)Nc1ccncc1)C(C)(C)C,False,spectrum
Pindolol,inactive,1.0,CC(C)NCC(O)COc1cccc2c1cc[nH]2,False,spectrum
Pioglitazone hydrochloride,inactive,1.0,CCc1cnc(CCOc2ccc(CC3SC(=O)NC3=O)cc2)cc1,False,spectrum
Pipamperone,inactive,1.0,NC(=O)C1(N2CCCCC2)CCN(CCCC(=O)c2ccc(F)cc2)CC1,False,spectrum
Pipemidic acid,inactive,1.0,CCn1cc(C(=O)O)c(=O)c2c1nc(N1CCNCC1)nc2,False,spectrum
Pipenzolate bromide,inactive,1.0,CC[N+]1(C)CCCC(OC(=O)C(O)(c2ccccc2)c2ccccc2)C1,False,spectrum
Piperacetazine,inactive,1.0,CC(=O)c1cc2c(cc1)Sc1c(cccc1)N2CCCN1CCC(CCO)CC1,False,spectrum
Piperacillin sodium,inactive,1.0,CCN1CCN(C(=O)NC(C(=O)N[C@@H]2C(=O)N3[C@@H](C(=O)O)C(C)(C)S[C@H]23)c2ccccc2)C(=O)C1=O,False,spectrum
Piperazine,inactive,1.0,C1CNCCN1,False,spectrum
Piperic acid,inactive,1.0,O=C(O)/C=C/C=C/c1cc2c(cc1)OCO2,False,spectrum
Piperidolate hydrochloride,inactive,1.0,CCN1CCCC(OC(=O)C(c2ccccc2)c2ccccc2)C1,False,spectrum
Piperine,enhancer,1.0,O=C(/C=C/C=C/c1ccc2OCOc2c1)N1CCCCC1,False,spectrum
Piperonyl butoxide,inactive,1.0,CCCCOCCOCCOCc1c(CCC)cc2OCOc2c1,False,spectrum
Piperonylic acid,inactive,1.0,O=C(O)c1cc2c(cc1)OCO2,False,spectrum
Piplartine,inactive,1.0,COc1c(OC)c(OC)cc(/C=C/C(=O)N2CCC=CC2=O)c1,False,spectrum
Pipobroman,inactive,1.0,O=C(CCBr)N1CCN(C(=O)CCBr)CC1,True,spectrum
Piracetam,inactive,1.0,NC(=O)CN1CCCC1=O,False,spectrum
Pirenperone,inactive,1.0,Cc1c(CCN2CCC(C(=O)c3ccc(F)cc3)CC2)c(=O)n2ccccc2n1,False,spectrum
Pirenzepine hydrochloride,inactive,1.0,CN1CCN(CC(=O)N2c3c(cccc3)C(=O)Nc3c2nccc3)CC1,False,spectrum
Piroctone olamine,inactive,1.0,CC(N)O.Cc1cc(=O)n(O)c(CC(C)CC(C)(C)C)c1,False,spectrum
Piromidic acid,inactive,1.0,CCn1cc(C(=O)O)c(=O)c2c1nc(N1CCCC1)nc2,False,spectrum
Piroxicam,inactive,1.0,CN1C(C(=O)Nc2ncccc2)=C(O)c2c(cccc2)S1(=O)=O,False,spectrum
Piscidic acid,inactive,1.0,O=C(O)[C@H](O)[C@@](O)(Cc1ccc(O)cc1)C(=O)O,False,spectrum
Pitavastatin calcium,inactive,1.0,O=C(O)C[C@H](O)C[C@H](O)/C=C/c1c(-c2ccc(F)cc2)c2ccccc2nc1C1CC1,False,spectrum
Pizotyline malate,inactive,1.0,CN1CCC(=C2c3c(cccc3)CCc3c2ccs3)CC1,False,spectrum
Pki-402,reducer,1.0,C12=C(N=C(N=C1N3CCOCC3)C4=CC=C(C=C4)NC(NC5=CC=C(C=C5)C(N6CCN(CC6)C)=O)=O)N(N=N2)CC,False,selleckchem
Plumbagin,reducer,0.6,CC1=CC(=O)c2c(cccc2O)C1=O,False,spectrum
Plx-4720,inactive,1.0,C1(=CN=C2C(=C1)C(=CN2)C(=O)C3=C(C(=CC=C3F)NS(=O)(=O)CCC)F)Cl,False,selleckchem
Podofilox,reducer,1.0,COc1c(OC)c(OC)cc([C@@H]2c3c(cc4OCOc4c3)[C@H](O)[C@H]3COC(=O)[C@H]23)c1,False,spectrum
Podophyllin acetate,reducer,1.0,COc1c(OC)c(OC)cc([C@@H]2c3c(cc4OCOc4c3)[C@H](OC(C)=O)[C@H]3COC(=O)[C@H]23)c1,False,spectrum
Podototarin,inactive,1.0,CC(C)c1c2CCC3C(C)(C)CCC[C@]3(C)c2cc(-c2c(O)c(C(C)C)c3CCC4C(C)(C)CCC[C@]4(C)c3c2)c1O,False,spectrum
Polymyxin b sulfate,inactive,1.0,CCC(C)CCCCC(=O)NC(CCN)C(=O)NC(C(=O)NC(CCN)C(=O)NC1CCNC(=O)C(C(C)O)NC(=O)C(CCN)NC(=O)C(CCN)NC(=O)C(CC(C)C)NC(=O)C(Cc2ccccc2)NC(=O)C(CCN)NC1=O)C(C)O,False,spectrum
Pomiferin,inactive,1.0,CC(C)=CCc1c(O)c2c(occ(-c3cc(O)c(O)cc3)c2=O)c2c1OC(C)(C)C=C2,False,spectrum
Pomiferin dimethyl ether,inactive,1.0,COc1c(OC)cc(-c2coc3c(c(O)c(CC=C(C)C)c4c3C=CC(C)(C)O4)c2=O)cc1,False,spectrum
Pomiferin trimethyl ether,inactive,1.0,COc1c(OC)cc(-c2coc3c(c(OC)c(CC=C(C)C)c4c3C=CC(C)(C)O4)c2=O)cc1,False,spectrum
Ponatinib,reducer,1.0,C1C=NN2C(C=1)=NC=C2C#CC3=C(C=CC(=C3)C(=O)NC4=CC(=C(C=C4)CN5CCN(CC5)C)C(F)(F)F)C,True,selleckchem
Pp-121,reducer,1.0,C1(=CN=C2C(=C1)C=CN2)C3=NN(C4=C3C(=NC=N4)N)C5CCCC5,False,selleckchem
Pp242,reducer,1.0,N1=CN=C2C(=C1N)C(=NN2C(C)C)C3NC4=C(C=3)C=C(C=C4)O,False,selleckchem
Pralidoxime chloride,inactive,1.0,C[n+]1c(C=NO)cccc1,False,spectrum
Pramoxine hydrochloride,inactive,1.0,CCCCOc1ccc(OCCCN2CCOCC2)cc1,False,spectrum
Pranoprofen,inactive,1.0,CC(C(=O)O)c1cc2c(cc1)Oc1c(cccn1)C2,False,spectrum
Prasterone,inactive,1.0,C[C@]12CCC3C(CC=C4C[C@@H](O)CC[C@@]43C)[C@@H]1CCC2=O,False,spectrum
Prasterone acetate,inactive,1.0,CC(=O)O[C@H]1CC[C@@]2(C)C(=CCC3C4CCC(=O)[C@@]4(C)CCC32)C1,False,spectrum
Prasugrel,inactive,1.0,CC(=O)Oc1cc2c(CCN([C@H](C(=O)C3CC3)c3c(F)cccc3)C2)s1,False,spectrum
Pravastatin sodium,enhancer,1.0,CCC(C)C(=O)O[C@H]1C[C@H](O)C=C2C=C[C@H](C)[C@H](CC[C@@H](O)C[C@@H](O)CC(=O)O)C21,False,spectrum
Praziquantel,inactive,1.0,O=C(C1CCCCC1)N1CC(=O)N2CCc3c(cccc3)C2C1,False,spectrum
Prazosin hydrochloride,inactive,1.0,COc1cc2nc(N3CCN(C(=O)c4ccco4)CC3)nc(N)c2cc1OC,False,spectrum
Prednicarbate,inactive,1.0,CCOC(=O)O[C@]1(C(=O)COC(=O)CC)CCC2C3CCC4=CC(=O)C=C[C@]4(C)C3[C@@H](O)C[C@@]21C,False,spectrum
Prednisolone,enhancer,1.0,C[C@]12C[C@H](O)C3C(CCC4=CC(=O)C=C[C@@]43C)C1CC[C@]2(O)C(=O)CO,False,spectrum
Prednisolone acetate,inactive,1.0,CC(=O)OCC(=O)[C@@]1(O)CCC2C3CCC4=CC(=O)C=CC4(C)C3[C@@H](O)C[C@@]21C,False,spectrum
Prednisolone hemisuccinate,inactive,1.0,C[C@]12C[C@H](O)C3C(CCC4=CC(=O)C=C[C@@]43C)C1CC[C@]2(O)C(=O)COC(=O)CCC(=O)O,False,spectrum
Prednisolone sodium phosphate,inactive,1.0,C[C@]12C[C@H](O)C3C(CCC4=CC(=O)C=C[C@@]43C)C1CC[C@]2(O)C(=O)COP(=O)(O)O,False,spectrum
Prednisolone tebutate,inactive,1.0,CC(C)(C)CC(=O)OCC(=O)[C@@]1(O)CCC2C3CCC4=CC(=O)C=C[C@]4(C)C3[C@@H](O)C[C@@]21C,False,spectrum
Prednisone,inactive,1.0,C[C@]12CC(=O)C3C(CCC4=CC(=O)C=C[C@@]43C)C1CC[C@]2(O)C(=O)CO,False,spectrum
Pregabalin,inactive,1.0,CC(C)C[C@@H](CN)CC(=O)O,False,spectrum
Pregnenolone,inactive,1.0,CC(=O)[C@H]1CCC2C3CC=C4C[C@@H](O)CC[C@]4(C)C3CC[C@@]21C,False,spectrum
Pregnenolone succinate,inactive,0.6,CC(=O)[C@H]1CCC2C3CC=C4C[C@@H](OC(=O)CCC(=O)O)CC[C@]4(C)C3CC[C@@]21C,False,spectrum
Prenyletin,inactive,1.0,CC(C)=CCOc1c(O)cc2ccc(=O)oc2c1,False,spectrum
Pridinol methanesulfonate,inactive,1.0,OC(CCN1CCCCC1)(c1ccccc1)c1ccccc1,False,spectrum
Prilocaine hydrochloride,inactive,1.0,CCCNC(C)C(=O)Nc1c(C)cccc1,False,spectrum
Primaquine phosphate,inactive,1.0,COc1cc(NC(C)CCCN)c2ncccc2c1,False,spectrum
Primidone,inactive,1.0,CCC1(c2ccccc2)C(=O)NCNC1=O,False,spectrum
Primuletin,inactive,1.0,O=c1cc(-c2ccccc2)oc2c1c(O)ccc2,False,spectrum
Pristimerin,inactive,1.0,COC(=O)[C@]1(C)CC[C@]2(C)CC[C@]3(C)C4=CC=C5C(=CC(=O)C(O)=C5C)[C@]4(C)CC[C@@]3(C)[C@@H]2C1,False,spectrum
Proadifen hydrochloride,inactive,1.0,CCCC(C(=O)OCCN(CC)CC)(c1ccccc1)c1ccccc1,False,spectrum
Probenecid,inactive,1.0,CCCN(CCC)S(=O)(=O)c1ccc(C(=O)O)cc1,False,spectrum
Probucol,inactive,1.0,CC(C)(Sc1cc(C(C)(C)C)c(O)c(C(C)(C)C)c1)Sc1cc(C(C)(C)C)c(O)c(C(C)(C)C)c1,False,spectrum
Procainamide hydrochloride,inactive,1.0,CCN(CC)CCNC(=O)c1ccc(N)cc1,False,spectrum
Procaine hydrochloride,inactive,1.0,CCN(CC)CCOC(=O)c1ccc(N)cc1,False,spectrum
Procarbazine hydrochloride,inactive,1.0,CNNCc1ccc(C(=O)NC(C)C)cc1,True,spectrum
Prochlorperazine edisylate,inactive,1.0,CN1CCN(CCCN2c3c(cccc3)Sc3c2cc(Cl)cc3)CC1,False,spectrum
Procodazole,inactive,1.0,O=C(O)CCc1nc2c(cccc2)[nH]1,False,spectrum
Procyclidine hydrochloride,inactive,1.0,OC(CCN1CCCC1)(c1ccccc1)C1CCCCC1,False,spectrum
Proflavine hemisulfate,inactive,1.0,Nc1cc2nc3c(ccc(N)c3)cc2cc1,False,spectrum
Progesterone,inactive,1.0,CC(=O)[C@H]1CCC2C3CCC4=CC(=O)CC[C@]4(C)C3CC[C@@]21C,False,spectrum
Proglumide,inactive,1.0,CCCN(CCC)C(=O)C(CCC(=O)O)NC(=O)c1ccccc1,False,spectrum
Proline,inactive,1.0,O=C(O)[C@@H]1CCCN1,False,spectrum
Promazine hydrochloride,inactive,1.0,CN(C)CCCN1c2c(cccc2)Sc2c1cccc2,False,spectrum
Promethazine hydrochloride,inactive,1.0,CC(CN1c2c(cccc2)Sc2c1cccc2)N(C)C,False,spectrum
Pronetalol hydrochloride,inactive,1.0,CC(C)NCC(O)c1cc2ccccc2cc1,False,spectrum
Propafenone hydrochloride,inactive,1.0,CCCNCC(O)COc1c(C(=O)CCc2ccccc2)cccc1,False,spectrum
Propantheline bromide,inactive,1.0,CC(C)[N+](C)(CCOC(=O)C1c2c(cccc2)Oc2c1cccc2)C(C)C,False,spectrum
Proparacaine hydrochloride,inactive,1.0,CCCOc1c(N)cc(C(=O)OCCN(CC)CC)cc1,False,spectrum
Propiolactone,inactive,1.0,O=C1CCO1,False,spectrum
Propofol,enhancer,1.0,CC(C)c1c(O)c(C(C)C)ccc1,False,spectrum
Propoxur,inactive,1.0,CNC(=O)Oc1c(OC(C)C)cccc1,False,spectrum
Propoxycaine hydrochloride,inactive,1.0,CCCOc1c(C(=O)OCCN(CC)CC)ccc(N)c1,False,spectrum
Propranolol hydrochloride,inactive,1.0,CC(C)NCC(O)COc1c2ccccc2ccc1,False,spectrum
Propylthiouracil,inactive,1.0,CCCc1cc(=O)[nH]c(=S)[nH]1,False,spectrum
Proscillaridin,inactive,1.0,C[C@]12CC[C@H](OC3OC(O)C(O)C(O)C3O)C=C1CCC1C2CC[C@]2(C)[C@@H](c3coc(=O)cc3)CC[C@]12O,False,spectrum
Protionamide,inactive,1.0,CCCc1nccc(C(N)=S)c1,False,spectrum
Protirelin,enhancer,1.0,NC(=O)C1CCCN1C(=O)C(Cc1c[nH]cn1)NC(=O)C1CCC(=O)N1,False,spectrum
Protoporphyrin ix,inactive,1.0,C=CC1=C(C)c2nc1cc1c(C)c(CCC(=O)O)c(cc3nc(cc4[nH]c(c2)c(C=C)c4C)C(C)=C3CCC(=O)O)[nH]1,False,spectrum
Protryptyline hydrochloride,inactive,1.0,CNCCCC1c2c(C=Cc3c1cccc3)cccc2,False,spectrum
Proxyphylline,inactive,1.0,CC(O)Cn1cnc2c1c(=O)n(C)c(=O)n2C,False,spectrum
Prulifloxacin,enhancer,1.0,Cc1c(CN2CCN(c3c(F)cc4c(=O)c(C(=O)O)c5CC(C)n5c4c3)CC2)oc(=O)o1,False,spectrum
Pseudo-anisatin,inactive,1.0,C[C@H]1C[C@@H](O)[C@]2(O)[C@@]13CC(=O)OC[C@@]2(C)[C@](C)(O)C(=O)C3,False,spectrum
Ptaeroxylin,inactive,1.0,CC1=CCc2c(cc3oc(C)cc(=O)c3c2O)OC1,False,spectrum
Puerarin,inactive,1.0,O=c1c(-c2ccc(O)cc2)coc2c1ccc(O)c2C1O[C@H](CO)[C@@H](O)[C@H](O)[C@H]1O,False,spectrum
Puromycin dihydrochloride,inactive,1.0,COc1ccc(C[C@H](N)C(=O)N[C@@H]2[C@@H](CO)OC(n3cnc4c3ncnc4N(C)C)[C@@H]2O)cc1,False,spectrum
Purpurin,inactive,1.0,O=C1c2c(cccc2)C(=O)c2c1c(O)cc(O)c2O,False,spectrum
Purpurogallin,inactive,1.0,O=c1c(O)cccc2cc(O)c(O)c(O)c12,False,spectrum
Purpurogallin-4-carboxylic acid,inactive,1.0,O=C(O)c1cc2cc(O)c(O)c(O)c2c(=O)c(O)c1,False,spectrum
Putrescine dihydrochloride,inactive,1.0,NCCCCN,False,spectrum
Pyrantel pamoate,inactive,1.0,CN1CCCN=C1/C=C/c1cccs1,False,spectrum
Pyrazinamide,inactive,1.0,NC(=O)c1nccnc1,False,spectrum
Pyrethrins,inactive,1.0,C=C/C=C\CC1=C[C@@H](OC(=O)[C@@H]2[C@@H](C=C(C)C)C2(C)C)CC1=O,False,spectrum
Pyridostigmine bromide,inactive,1.0,CN(C)C(=O)Oc1ccc[n+](C)c1,False,spectrum
Pyridoxine,inactive,1.0,Cc1ncc(CO)c(CO)c1O,False,spectrum
Pyrilamine maleate,inactive,1.0,COc1ccc(CN(CCN(C)C)c2ncccc2)cc1,False,spectrum
Pyrimethamine,inactive,1.0,CCc1c(-c2ccc(Cl)cc2)c(N)nc(N)n1,False,spectrum
Pyrithione zinc,reducer,1.0,O[n+]1ccccc1[S-],False,spectrum-validation
Pyrithyldione,inactive,1.0,CCC1(CC)C(=O)C=CNC1=O,False,spectrum
Pyritinol,inactive,1.0,Cc1c(O)c(CO)c(CSSCc2cnc(C)c(O)c2CO)cn1,False,spectrum
Pyronaridine tetraphosphate,inactive,1.0,COc1nc2c(cc1)nc1cc(Cl)ccc1c2Nc1cc(CN2CCCC2)c(O)c(CN2CCCC2)c1,False,spectrum
Pyrromycin,inactive,1.0,CC[C@@]1(O)C[C@H](O[C@H]2C[C@H](N(C)C)[C@H](O)[C@H](C)O2)c2c(O)c3c(cc2[C@H]1C(=O)OC)C(=O)c1c(O)ccc(O)c1C3=O,False,spectrum
Pyrvinium pamoate,reducer,1.0,Cc1cc(/C=C/c2ccc3cc(N(C)C)ccc3[n+]2C)c(C)n1-c1ccccc1,False,spectrum
Quassin,inactive,1.0,COC1=CC(C)[C@@H]2C[C@H]3OC(=O)C[C@H]4C(C)=C(OC)C(=O)C([C@@]2(C)C1=O)[C@@]34C,False,spectrum
Quebrachitol,inactive,1.0,COC1C(O)C(O)C(O)[C@@H](O)C1O,False,spectrum
Quercetin,inactive,1.0,C1(=CC(=C2C(=C1)OC(=C(C2=O)O)C3=CC=C(C(=C3)O)O)O)O,False,selleckchem
Quercetin 5.7.3'.4'-tetramethyl ether,inactive,1.0,COc1cc2c(c(OC)c1)c(=O)c(O)c(-c1cc(OC)c(OC)cc1)o2,False,spectrum
Quercitrin,inactive,1.0,CC1O[C@@H](Oc2c(-c3cc(O)c(O)cc3)oc3c(c(O)cc(O)c3)c2=O)[C@H](O)[C@H](O)[C@H]1O,False,spectrum
Quetiapine,inactive,1.0,OCCOCCN1CCN(C2=Nc3c(cccc3)Sc3c2cccc3)CC1,False,spectrum
Quinacrine hydrochloride,inactive,1.0,CCN(CC)CCCC(C)Nc1c2cc(OC)ccc2nc2c1ccc(Cl)c2,False,spectrum
Quinapril hydrochloride,inactive,1.0,CCOC(=O)[C@H](CCc1ccccc1)N[C@@H](C)C(=O)N1Cc2c(cccc2)C[C@H]1C(=O)O,False,spectrum
Quinaprilat,inactive,1.0,C[C@H](N[C@@H](CCc1ccccc1)C(=O)O)C(=O)N1Cc2c(cccc2)C[C@H]1C(=O)O,False,spectrum
Quinestrol,inactive,1.0,C#C[C@]1(O)CCC2C3CCc4c(ccc(OC5CCCC5)c4)C3CC[C@@]21C,False,spectrum
Quinethazone,inactive,1.0,CCC1NC(=O)c2c(cc(Cl)c(S(N)(=O)=O)c2)N1,False,spectrum
Quinic acid,inactive,1.0,O=C(O)[C@]1(O)C[C@@H](O)[C@@H](O)[C@H](O)C1,False,spectrum
Quinidine gluconate,inactive,1.0,C=C[C@H]1C[N@]2CC[C@H]1C[C@@H]2[C@@H](O)c1c2cc(OC)ccc2ncc1,False,spectrum
Quinine ethyl carbonate,inactive,1.0,C=C[C@H]1C[N@]2CC[C@H]1C[C@@H]2[C@@H](OC(=O)OCC)c1ccnc2c1cc(OC)cc2,False,spectrum
Quinine sulfate,inactive,1.0,C=C[C@H]1C[N@]2CC[C@H]1C[C@@H]2[C@H](O)c1ccnc2c1cc(OC)cc2,False,spectrum
Quinolinic acid,inactive,1.0,O=C(O)c1c(C(=O)O)nccc1,False,spectrum
Quipazine maleate,inactive,1.0,c1cc2c(cc1)nc(N1CCNCC1)cc2,False,spectrum
Quizartinib,inactive,0.5,C1=C(C=CC(=C1)C2N=C3N(C=2)C4C(S3)=CC(=CC=4)OCCN5CCOCC5)NC(NC6C=C(ON=6)C(C)(C)C)=O,False,selleckchem
R406,reducer,0.7142857142857143,C1(=C(C=C(C=C1OC)NC2=NC(=C(C=N2)F)NC3=NC4=C(C=C3)OC(C(N4)=O)(C)C)OC)OC.C5=CC=CC(=C5)S(O)(=O)=O,False,selleckchem
R788,inactive,0.5,C1(=C(C(=CC(=C1)NC2=NC=C(C(=N2)NC3=CC=C4C(=N3)N(C(C(O4)(C)C)=O)COP(O)(O)=O)F)OC)OC)OC,False,selleckchem
Rabeprazole sodium,inactive,1.0,COCCCOc1ccnc(C[S+]([O-])c2nc3ccccc3[nH]2)c1C,False,spectrum
Racecadotril,inactive,1.0,CC(=O)SCC(Cc1ccccc1)C(=O)NCC(=O)OCc1ccccc1,False,spectrum
Racephedrine hydrochloride,inactive,1.0,CNC(C)C(O)c1ccccc1,False,spectrum
Ractopamine hydrochloride,inactive,1.0,CC(CCc1ccc(O)cc1)NCC(O)c1ccc(O)cc1,False,spectrum
Raf265 derivative,inactive,1.0,C12=C(C=CC(=C1)OC3=CC=NC(=C3)C4NC(=CN=4)C(F)(F)F)NC(=N2)NC5=CC=C(C=C5)C(F)(F)F,False,selleckchem
Raloxifene hydrochloride,inactive,1.0,O=C(c1ccc(OCCN2CCCCC2)cc1)c1c(-c2ccc(O)cc2)sc2c1ccc(O)c2,False,spectrum
Ramelteon,inactive,1.0,CCC(=O)NCC[C@@H]1CCc2c1c1c(cc2)OCC1,False,spectrum
Ramifenazone,inactive,1.0,Cc1c(NC(C)C)c(=O)n(-c2ccccc2)n1C,False,spectrum
Ramipril,inactive,1.0,CCOC(=O)[C@H](CCc1ccccc1)N[C@@H](C)C(=O)N1[C@H](C(=O)O)C[C@@H]2CCC[C@@H]21,False,spectrum
Ramoplanin,inactive,1.0,CC(C)C/C=C/C=C\C(=O)N[C@@H](CC(N)=O)C(=O)N[C@@H]1C(=O)N[C@H](c2ccc(O)cc2)C(=O)N[C@H](CCCN)C(=O)N[C@H]([C@H](C)O)C(=O)N[C@@H](c2ccc(O)cc2)C(=O)N[C@H](c2ccc(O)cc2)C(=O)N[C@@H]([C@H](C)O)C(=O)N[C@@H](Cc2ccccc2)C(=O)N[C@H](CCCN)C(=O)N[C@@H](c2ccc(O[C@@H]3O[C@H](CO)[C@H](O)[C@@H](O)[C@@H]3O[C@@H]3O[C@H](CO)[C@@H](O)[C@H](O)[C@H]3O)cc2)C(=O)NC(C(C)O)C(=O)N[C@@H](c2ccc(O)cc2)C(=O)NCC(=O)N[C@@H](CC(C)C)C(=O)N[C@H](C)C(=O)N[C@@H](c2cc(Cl)c(O)cc2)C(=O)O[C@@H]1C(N)=O,False,spectrum
Ranitidine hydrochloride,inactive,1.0,CN/C(=C\[N+](=O)[O-])NCCSCc1ccc(CN(C)C)o1,False,spectrum
Ranolazine,inactive,1.0,COc1c(OCC(O)CN2CCN(CC(=O)Nc3c(C)cccc3C)CC2)cccc1,False,spectrum
Rapamycin,reducer,0.8666666666666667,CO[C@H]1C[C@@H]2CC[C@@H](C)[C@@](O)(O2)C(=O)C(=O)N2CCCC[C@H]2C(=O)O[C@H]([C@H](C)C[C@@H]2CC[C@@H](O)[C@H](OC)C2)CC(=O)[C@H](C)/C=C(\C)[C@@H](O)[C@@H](OC)C(=O)[C@H](C)C[C@H](C)/C=C/C=C/C=C/1C,False,spectrum
Rebamipide,inactive,1.0,O=C(NC(Cc1cc(=O)[nH]c2c1cccc2)C(=O)O)c1ccc(Cl)cc1,False,spectrum
Regorafenib,inactive,1.0,C1=NC(=CC(=C1)OC2=CC(=C(C=C2)NC(NC3=CC=C(C(=C3)C(F)(F)F)Cl)=O)F)C(=O)NC,True,selleckchem
Repaglinide,inactive,1.0,CCOc1c(C(=O)O)ccc(CC(=O)N[C@@H](CC(C)C)c2ccccc2N2CCCCC2)c1,False,spectrum
Reserpine,inactive,1.0,COC(=O)[C@H]1[C@H]2C[C@@H]3c4c(CCN3C[C@H]2C[C@@H](OC(=O)c2cc(OC)c(OC)c(OC)c2)[C@@H]1OC)c1ccc(OC)cc1[nH]4,False,spectrum
Resorcinol,inactive,1.0,Oc1cccc(O)c1,False,spectrum
Resorcinol monoacetate,inactive,1.0,CC(=O)Oc1cc(O)ccc1,False,spectrum
Resveratrol,inactive,1.0,Oc1ccc(/C=C/c2cc(O)cc(O)c2)cc1,False,spectrum
Resveratrol 4'-methyl ether,inactive,1.0,COc1ccc(/C=C/c2cc(O)cc(O)c2)cc1,False,spectrum
Retinol,enhancer,1.0,CC1=C(/C=C/C(C)=C/C=C/C(C)=C/CO)C(C)(C)CCC1,False,spectrum
Retinyl acetate,inactive,1.0,CC(=O)OC/C=C(C)/C=C/C=C(C)/C=C/C1=C(C)CCCC1(C)C,False,spectrum
Retinyl palmitate,inactive,1.0,CCCCCCCCCCCCCCCC(=O)OC/C=C(C)/C=C/C=C(C)/C=C/C1=C(C)CCCC1(C)C,False,spectrum
Retusin,inactive,1.0,COc1cc2c(c(O)c1)c(=O)c(OC)c(-c1cc(OC)c(OC)cc1)o2,False,spectrum
Rhetsinine,inactive,1.0,CNc1c(C(=O)N2CCc3c([nH]c4ccccc34)C2=O)cccc1,False,spectrum
Rhodinyl acetate,inactive,1.0,CC(=O)OCC[C@H](C)CCC=C(C)C,False,spectrum
Rhodocladonic acid,inactive,1.0,COC1=C(O)C(=O)c2c(cc3oc(C(C)=O)c(O)c3c2O)C1=O,False,spectrum
Rhoifolin,inactive,1.0,C[C@@H]1O[C@@H](O[C@H]2[C@H](Oc3cc(O)c4c(=O)cc(-c5ccc(O)cc5)oc4c3)O[C@H](CO)[C@@H](O)[C@@H]2O)[C@H](O)[C@H](O)[C@H]1O,False,spectrum
Ribavirin,inactive,1.0,NC(=O)c1nn([C@@H]2O[C@H](CO)[C@@H](O)[C@H]2O)cn1,False,spectrum
Riboflavin,inactive,1.0,Cc1cc2c(cc1C)n(C[C@@H](O)[C@@H](O)[C@@H](O)CO)c1nc(=O)[nH]c(=O)c-1n2,False,spectrum
Riboflavin 5-phosphate sodium,inactive,1.0,Cc1cc2c(cc1C)n(C[C@@H](O)[C@@H](O)[C@@H](O)COP(=O)(O)O)c1nc(=O)[nH]c(=O)c-1n2,False,spectrum
Ribostamycin sulfate,inactive,1.0,NC[C@H]1O[C@H](O[C@H]2C(O[C@@H]3O[C@H](CO)[C@@H](O)[C@H]3O)[C@@H](O)[C@H](N)C[C@@H]2N)[C@H](N)[C@@H](O)[C@@H]1O,False,spectrum
Rifampin,inactive,1.0,CO[C@H]1/C=C/O[C@@]2(C)Oc3c(C2=O)c2c(c(O)c3C)c(O)c(NC(=O)/C(C)=C\C=C\C(C)[C@H](O)[C@@H](C)[C@@H](O)[C@@H](C)[C@@H](OC(C)=O)[C@@H]1C)c(C=NN1CCN(C)CC1)c2O,False,spectrum
Rifaximin,enhancer,1.0,CO[C@H]1/C=C/O[C@@]2(C)Oc3c(C)c(O)c4c(O)c(NC(=O)/C(C)=C\C=C\[C@H](C)[C@H](O)[C@@H](C)C(O)[C@@H](C)[C@H](OC(C)=O)[C@@H]1C)c1c(nc5cc(C)ccn51)c4c3C2=O,False,spectrum
Rimantadine hydrochloride,inactive,1.0,CC(N)C12CC3CC(CC(C3)C1)C2,False,spectrum
Risedronate sodium,inactive,1.0,O=P(O)(O)C(O)(Cc1cccnc1)P(=O)(O)O,False,spectrum
Risperidone,inactive,1.0,Cc1c(CCN2CCC(c3noc4c3ccc(F)c4)CC2)c(=O)n2CCCCc2n1,False,spectrum
Ritanserin,inactive,1.0,Cc1c(CCN2CCC(=C(c3ccc(F)cc3)c3ccc(F)cc3)CC2)c(=O)n2ccsc2n1,False,spectrum
Ritodrine hydrochloride,inactive,1.0,CC(NCCc1ccc(O)cc1)C(O)c1ccc(O)cc1,False,spectrum
Ritonavir,inactive,1.0,CC(C)c1nc(CN(C)C(=O)N[C@H](C(=O)N[C@@H](Cc2ccccc2)C[C@H](O)[C@H](Cc2ccccc2)NC(=O)OCc2cncs2)C(C)C)cs1,False,spectrum
Rivastigmine tartrate,inactive,1.0,CCN(C)C(=O)Oc1cccc([C@H](C)N(C)C)c1,False,spectrum
Rizatriptan benzoate,inactive,1.0,CN(C)CCc1c[nH]c2ccc(Cn3cncn3)cc12,False,spectrum
Robustic acid,inactive,1.0,COc1ccc(-c2c(O)c3c(OC)c4c(cc3oc2=O)OC(C)(C)C=C4)cc1,False,spectrum
Roccellic acid,inactive,1.0,CCCCCCCCCCCC[C@H](C(=O)O)[C@@H](C)C(=O)O,False,spectrum
Rofecoxib,inactive,1.0,CS(=O)(=O)c1ccc(C2=C(c3ccccc3)C(=O)OC2)cc1,False,spectrum
Rolipram,inactive,1.0,COc1c(OC2CCCC2)cc(C2CNC(=O)C2)cc1,False,spectrum
Rolitetracycline,inactive,1.0,CN(C)[C@@H]1C(O)=C(C(=O)NCN2CCCC2)C(=O)[C@@]2(O)C(O)=C3C(=O)c4c(O)cccc4[C@@](C)(O)[C@H]3C[C@@H]12,False,spectrum
Ronidazole,inactive,1.0,Cn1c([N+](=O)[O-])cnc1COC(N)=O,False,spectrum
Ropinirole hydrochloride,inactive,1.0,CCCN(CCC)CCc1cccc2c1CC(=O)N2,False,spectrum
Roscovitine,reducer,0.9375,N1=C2C(=C(N=C1N[C@@H](CO)CC)NCC3=CC=CC=C3)N=CN2C(C)C,False,selleckchem
Rosiglitazone maleate,inactive,1.0,CN(CCOc1ccc(CC2SC(=O)NC2=O)cc1)c1ncccc1,False,spectrum
Rosmarinic acid,inactive,1.0,O=C(/C=C/c1ccc(O)c(O)c1)OC(Cc1ccc(O)c(O)c1)C(=O)O,False,spectrum
Rosolic acid,inactive,1.0,O=C1C=CC(=C(c2ccc(O)cc2)c2ccc(O)cc2)C=C1,False,spectrum
Rosuvastatin calcium,inactive,1.0,CC(C)c1nc(N(C)S(C)(=O)=O)nc(-c2ccc(F)cc2)c1/C=C/[C@@H](O)C[C@@H](O)CC(=O)O,False,spectrum
Rotenone,reducer,1.0,C=C(C)[C@H]1Cc2c(ccc3c2O[C@@H]2COc4cc(OC)c(OC)cc4[C@@H]2C3=O)O1,False,spectrum
Roxarsone,inactive,1.0,O=[N+]([O-])c1cc([As](=O)(O)O)ccc1O,False,spectrum
Roxatidine acetate hydrochloride,inactive,1.0,CC(=O)OCC(=O)NCCCOc1cccc(CN2CCCCC2)c1,False,spectrum
Roxithromycin,inactive,1.0,CC[C@H]1OC(=O)[C@H](C)[C@@H](O[C@H]2C[C@@](C)(OC)[C@@H](O)[C@H](C)O2)[C@H](C)[C@@H](O[C@@H]2O[C@H](C)C[C@H](N(C)C)[C@H]2O)[C@](C)(O)C[C@@H](C)/C(=N\OCOCCOC)[C@H](C)[C@@H](O)[C@]1(C)O,False,spectrum
Rufloxacin hydrochloride,inactive,1.0,CN1CCN(c2c(F)cc3c(=O)c(C(=O)O)cn4CCSc2c34)CC1,False,spectrum
Rutilantinone,inactive,1.0,CC[C@@]1(O)C[C@H](O)c2c(O)c3c(cc2[C@H]1C(=O)OC)C(=O)c1c(O)ccc(O)c1C3=O,False,spectrum
Rutin,inactive,1.0,C[C@@H]1O[C@@H](OC[C@H]2OC(Oc3c(-c4cc(O)c(O)cc4)oc4c(c(O)cc(O)c4)c3=O)[C@H](O)[C@@H](O)[C@@H]2O)[C@H](O)[C@H](O)[C@H]1O,False,spectrum
Ruxolitinib,inactive,1.0,N1=CN=C2C(=C1C3=CN(N=C3)[C@@H](CC#N)C4CCCC4)C=CN2,True,selleckchem
S-isocorydine,inactive,1.0,COc1ccc2C[C@H]3c4c(c(OC)c(OC)cc4CCN3C)-c2c1O,False,spectrum
Saccharin,inactive,1.0,O=C1NS(=O)(=O)c2c1cccc2,False,spectrum
Safrole,inactive,1.0,C=CCc1cc2c(cc1)OCO2,False,spectrum
Salicin,inactive,1.0,OCc1c(O[C@@H]2O[C@H](CO)[C@@H](O)[C@H](O)[C@H]2O)cccc1,False,spectrum
Salicyl alcohol,inactive,1.0,OCc1c(O)cccc1,False,spectrum
Salicylamide,inactive,1.0,NC(=O)c1c(O)cccc1,False,spectrum
Salicylanilide,enhancer,1.0,O=C(Nc1ccccc1)c1c(O)cccc1,False,spectrum
Salicylic acid,inactive,1.0,O=C(O)c1c(O)cccc1,False,spectrum
Salidroside,inactive,1.0,OC[C@H]1O[C@H](OCCCc2ccc(O)cc2)[C@H](O)[C@@H](O)[C@@H]1O,False,spectrum
Salinomycin. sodium,inactive,1.0,CC[C@@H](C(=O)[C@@H](C)[C@@H](O)[C@H](C)[C@@H]1O[C@@H]([C@@H](CC)C(=O)O)CC[C@@H]1C)[C@H]1OC2(C=C[C@@H](O)[C@]3(CC[C@@](C)([C@H]4CC[C@](O)(CC)[C@H](C)O4)O3)O2)[C@H](C)C[C@@H]1C,False,spectrum
Salsalate,inactive,1.0,O=C(Oc1c(C(=O)O)cccc1)c1c(O)cccc1,False,spectrum
Salsolidine,inactive,1.0,COc1c(OC)cc2c(c1)CCNC2C,False,spectrum
Salsoline,inactive,1.0,COc1c(O)cc2CCNC(C)c2c1,False,spectrum
Salsolinol hydrobromide,inactive,1.0,CC1NCCc2cc(O)c(O)cc21,False,spectrum
Salvinorin a,inactive,1.0,COC(=O)[C@@H]1C[C@H](OC(C)=O)C(=O)[C@H]2[C@@]1(C)CC[C@H]1C(=O)O[C@H](c3cocc3)C[C@]21C,False,spectrum
Sanguinarine sulfate,inactive,1.0,C[n+]1c2c3cc4c(cc3ccc2c2ccc3c(OCO3)c2c1)OCO4,False,spectrum
Santonin,inactive,1.0,CC1=C2[C@H]3OC(=O)[C@@H](C)[C@@H]3CC[C@@]2(C)C=CC1=O,False,spectrum
Sappanone a dimethyl ether,inactive,1.0,COc1ccc2C(=O)/C(=C/c3ccc(OC)c(O)c3)COc2c1,False,spectrum
Sar131675,inactive,1.0,C12C(N(C(=C(C1=O)C(NC)=O)N)CC)=NC(=CC=2)C#C[C@](O)(C)COC,False,selleckchem
Sarafloxacin hydrochloride,inactive,1.0,O=C(O)c1cn(-c2ccc(F)cc2)c2cc(N3CCNCC3)c(F)cc2c1=O,False,spectrum
Saxagliptin,inactive,1.0,N#C[C@@H]1C[C@@H]2C[C@@H]2N1C(=O)[C@@H](N)[C@]12CC3CC(C[C@@](O)(C3)C1)C2,False,spectrum
Sb 202190,inactive,1.0,C1=C(C=CC(=C1)C2N=C(NC=2C3=CC=NC=C3)C4=CC=C(C=C4)O)F,False,selleckchem
Sb 203580,inactive,1.0,N1=CC=C(C=C1)C2=C(N=C(N2)C3=CC=C(C=C3)S(C)=O)C4=CC=C(C=C4)F,False,selleckchem
Sb 216763,inactive,1.0,C1=CC=CC2=C1N(C=C2C3=C(C(NC3=O)=O)C4=CC=C(C=C4Cl)Cl)C,False,selleckchem
Sb 415286,inactive,1.0,C1(C(=C(C(N1)=O)NC2=CC(=C(C=C2)O)Cl)C3=C(C=CC=C3)[N+](=O)[O-])=O,False,selleckchem
Sb 431542,inactive,1.0,C1=CC=CC(=N1)C2NC(=NC=2C3=CC4=C(C=C3)OCO4)C5=CC=C(C=C5)C(=O)N,False,selleckchem
Sb 525334,inactive,1.0,C1(=CC=C2C(=C1)N=CC=N2)C3NC(=NC=3C4=CC=CC(=N4)C)C(C)(C)C,False,selleckchem
Sb590885,inactive,1.0,N1C(=C(NC=1C2=CC=C(C=C2)OCCN(C)C)C3=CC=C4C(=C3)CCC/4=N/O)C5=CC=NC=C5,False,selleckchem
Sclareol,inactive,1.0,C=C[C@](C)(O)CC[C@H]1[C@@](C)(O)CC[C@H]2C(C)(C)CCC[C@@]21C,False,spectrum
Sclareolide,reducer,1.0,CC1(C)CCC[C@@]2(C)[C@H]1CC[C@@]1(C)OC(=O)C[C@H]21,False,spectrum
Scopolamine hydrobromide,inactive,1.0,CN1C2C[C@H](OC(=O)[C@H](CO)c3ccccc3)C[C@H]1[C@H]1OC21,False,spectrum
Secnidazole,inactive,1.0,Cc1ncc([N+](=O)[O-])n1CC(C)O,False,spectrum
Securinine,inactive,1.0,O=C1C=C2C=C[C@@H]3C[C@@]2(O1)[C@H]1CCCCN31,False,spectrum
Selamectin,inactive,1.0,CO[C@H]1CC(O[C@@H]2/C(C)=C/C[C@@H]3C[C@@H](C[C@]4(CC[C@H](C)[C@@H](C5CCCCC5)O4)O3)OC(=O)[C@@H]3C=C(C)/C(=N/O)[C@H]4OC/C(=C\C=C\[C@@H]2C)[C@@]34O)O[C@@H](C)C1O,False,spectrum
Selegiline hydrochloride,inactive,1.0,C#CCN(C)C(C)Cc1ccccc1,False,spectrum
Selenomethionine,inactive,1.0,C[Se]CC[C@H](N)C(=O)O,False,spectrum
Semaxanib,inactive,1.0,C1=CC=C2C(=C1)/C(C(N2)=O)=C/C3NC(=CC=3C)C,False,selleckchem
Semustine,inactive,1.0,CC1CCC(NC(=O)N(CCCl)N=O)CC1,False,spectrum
Sennoside a,inactive,1.0,O=C(O)c1cc2c(C(=O)c3c(O[C@H]4O[C@H](CO)[C@@H](O)[C@H](O)[C@H]4O)cccc3[C@@H]2[C@H]2c3c(C(=O)c4c2cccc4O[C@H]2O[C@H](CO)[C@@H](O)[C@H](O)[C@H]2O)c(O)cc(C(=O)O)c3)c(O)c1,False,spectrum
Seratrodast,inactive,1.0,CC1=C(C)C(=O)C(C(CCCCCC(=O)O)c2ccccc2)=C(C)C1=O,False,spectrum
Serotonin hydrochloride,reducer,0.6,NCCc1c[nH]c2c1cc(O)cc2,False,spectrum
Sertraline hydrochloride,inactive,1.0,CN[C@H]1CC[C@@H](c2cc(Cl)c(Cl)cc2)c2c1cccc2,False,spectrum
Sgx-523,inactive,1.0,C1=C2C(=CC(=C1)SC3N4C(=NN=3)C=CC(=N4)C5C=NN(C=5)C)C=CC=N2,False,selleckchem
Shikimic acid,inactive,1.0,O=C(O)C1=C[C@@H](O)[C@@H](O)[C@H](O)C1,False,spectrum
Sibutramine hydrochloride,inactive,1.0,CC(C)CC(N(C)C)C1(c2ccc(Cl)cc2)CCC1,False,spectrum
Sildenafil citrate,inactive,1.0,CCCc1nn(C)c2c1nc(-c1c(OCC)ccc(S(=O)(=O)N3CCN(C)CC3)c1)[nH]c2=O,False,spectrum
Silibinin,inactive,1.0,COc1c(O)ccc([C@H]2Oc3cc([C@H]4Oc5c(C(=O)[C@@H]4O)c(O)cc(O)c5)ccc3O[C@@H]2CO)c1,False,spectrum
Simazine,inactive,1.0,CCNc1nc(NCC)nc(Cl)n1,False,spectrum
Simvastatin,inactive,1.0,CCC(C)(C)C(=O)O[C@H]1C[C@@H](C)C=C2C=C[C@H](C)[C@H](CC[C@@H]3C[C@@H](O)CC(=O)O3)[C@H]21,False,spectrum
Sinapic acid,inactive,1.0,COc1c(O)c(OC)cc(/C=C/C(=O)O)c1,False,spectrum
Sinapic acid methyl ether,inactive,1.0,COc1cc(/C=C/C(=O)O)cc(OC)c1OC,False,spectrum
Sinensetin,inactive,1.0,COc1c(OC)cc(-c2cc(=O)c3c(OC)c(OC)c(OC)cc3o2)cc1,False,spectrum
Sinomenine,inactive,1.0,COC1=C[C@@H]2[C@@H]3Cc4c(c(O)c(OC)cc4)[C@]2(CCN3C)CC1=O,False,spectrum
Sirolimus,reducer,1.0,COC1CC2CCC(C)C(O)(O2)C(=O)C(=O)N2CCCCC2C(=O)OC(C(C)CC2CCC(O)C(OC)C2)CC(=O)C(C)/C=C(\C)C(O)C(OC)C(=O)C(C)CC(C)/C=C/C=C/C=C/1C,False,spectrum
Sisomicin sulfate,inactive,1.0,CN[C@@H]1C(O)[C@@H](O[C@@H]2[C@@H](O)[C@H](O[C@H]3OC(CN)=CC[C@H]3N)[C@@H](N)C[C@H]2N)OC[C@]1(C)O,False,spectrum
Sitagliptin monophosphate monohydrate,inactive,1.0,N[C@@H](CC(=O)N1CCn2c(nnc2C(F)(F)F)C1)Cc1cc(F)c(F)cc1F,False,spectrum
Sitosteryl acetate,inactive,1.0,CCC(CCC(C)[C@H]1CCC2C3CC=C4C[C@@H](OC(C)=O)CC[C@]4(C)C3CC[C@@]21C)C(C)C,False,spectrum
Skatole,inactive,1.0,Cc1c[nH]c2c1cccc2,False,spectrum
Smilagenin,inactive,1.0,CC1CC[C@@]2(OC1)O[C@H]1CC3C4CC[C@@H]5C[C@@H](O)CC[C@]5(C)C4CC[C@]3(C)[C@H]1[C@@H]2C,False,spectrum
Smilagenin acetate,inactive,1.0,CC(=O)O[C@H]1CC[C@]2(C)C3CC[C@@]4(C)C(CC5O[C@@]6(CCC(C)CO6)[C@@H](C)C54)C3CC[C@@H]2C1,False,spectrum
Sns-032,reducer,1.0,C1(=CN=C(O1)CSC2=CN=C(S2)NC(=O)C3CCNCC3)C(C)(C)C,False,selleckchem
Sns-314,inactive,1.0,C12(=C(N=CN=C1NCCC3SC(=NC=3)NC(NC4=CC(=CC=C4)Cl)=O)C=CS2).CS(=O)(=O)O,False,selleckchem
Sodium cyclamate,inactive,1.0,O=S(=O)([O-])NC1CCCCC1.[Na+],False,spectrum
Sodium gluconate,inactive,1.0,O=C([O-])[C@H](O)[C@@H](O)[C@H](O)[C@H](O)CO.[Na+],False,spectrum
Sodium lactate,inactive,1.0,CC(O)C(=O)[O-].[Na+],False,spectrum
Sodium monofluorophosphate,inactive,1.0,O=P([O-])([O-])F.[Na+].[Na+],False,spectrum
Sodium nitroprusside,inactive,1.0,N#C[Fe-2](C#N)(C#N)(C#N)(C#N)N=O.[Na+].[Na+],False,spectrum
Sodium oxybate,inactive,1.0,O=C(O)CCCO,False,spectrum
Sodium phenylacetate,inactive,1.0,O=C([O-])Cc1ccccc1.[Na+],False,spectrum
Sodium phenylbutyrate,inactive,1.0,O=C(O)CCCc1ccccc1,False,spectrum
Sodium salicylate,inactive,1.0,O=C([O-])c1c(O)cccc1.[Na+],False,spectrum
Sodium tetradecyl sulfate,inactive,1.0,CCCCC(CC)CCC(CC(C)C)OS(=O)(=O)O,False,spectrum
Sodium thioglycolate,inactive,1.0,O=C(O)CS,False,spectrum
Solanesyl acetate,inactive,1.0,CC(=O)OC/C=C(\C)CC/C=C(\C)CC/C=C(\C)CC/C=C(\C)CC/C=C(\C)CC/C=C(\C)CC/C=C(\C)CC/C=C(\C)CCC=C(C)C,False,spectrum
Solasodine,inactive,1.0,C[C@H]1C2[C@H](C[C@H]3C4CC=C5C[C@@H](O)CC[C@]5(C)C4CC[C@]23C)O[C@]12CC[C@@H](C)CN2,False,spectrum
Solidagenone,inactive,1.0,CC1=CC(=O)C2C(C)(C)CCC[C@]2(C)[C@@]1(O)CCc1cocc1,False,spectrum
Solifenacin succinate,inactive,1.0,O=C(O[C@H]1CN2CCC1CC2)C1NCc2c(cccc2)[C@@H]1c1ccccc1,False,spectrum
Sorafenib,reducer,0.9393939393939394,C1(=CC=C(C=C1C(F)(F)F)NC(NC2=CC=C(C=C2)OC3=CC=NC(=C3)C(NC)=O)=O)Cl.C4=CC(=CC=C4S(O)(=O)=O)C,False,selleckchem
Sorbitol,inactive,1.0,OC[C@@H](O)[C@H](O)[C@@H](O)[C@H](O)CO,False,spectrum
Sotalol hydrochloride,inactive,1.0,CC(C)NCC(O)c1ccc(NS(C)(=O)=O)cc1,False,spectrum
Sotrastaurin,inactive,1.0,N1C(C(=C(C1=O)C2N=C(N=C3C=CC=CC=23)N4CCN(CC4)C)C5=CNC6C=CC=CC5=6)=O,False,selleckchem
Sp600125,inactive,1.0,C1C=CC2=C(C=1)C(C3=C4C2=NNC4=CC=C3)=O,False,selleckchem
Spaglumic acid,inactive,1.0,CC(=O)N[C@@H](CC(=O)O)C(=O)N[C@@H](CCC(=O)O)C(=O)O,False,spectrum
Sparfloxacin,inactive,1.0,CC1CN(c2c(F)c3c(c(N)c2F)c(=O)c(C(=O)O)cn3C2CC2)C[C@H](C)N1,False,spectrum
Sparteine sulfate,inactive,1.0,C1CCN2C[C@H]3C[C@@H](CN4CCCC[C@H]34)[C@@H]2C1,False,spectrum
Spectinomycin hydrochloride,inactive,1.0,CN[C@H]1[C@@H](O)[C@@H](NC)[C@H](O)[C@H]2O[C@@H]3O[C@H](C)CC(=O)[C@]3(O)O[C@H]12,False,spectrum
Spermidine trihydrochloride,inactive,1.0,NCCCCNCCCN,False,spectrum
Spermine,inactive,1.0,NCCCNCCCCNCCCN,False,spectrum
Sphondin,inactive,1.0,COc1c2occc2c2oc(=O)ccc2c1,False,spectrum
Spiperone,inactive,1.0,O=C(CCCN1CCC2(CC1)C(=O)NCN2c1ccccc1)c1ccc(F)cc1,False,spectrum
Spiramycin,inactive,1.0,CO[C@@H]1[C@@H](O[C@@H]2O[C@H](C)[C@@H](O[C@H]3C[C@@](C)(O)[C@H](O)[C@H](C)O3)[C@H](N(C)C)[C@H]2O)[C@@H](CC=O)C[C@@H](C)[C@@H](O[C@H]2CC[C@H](N(C)C)[C@@H](C)O2)/C=C/C=C/C[C@H](C)OC(=O)C[C@H]1O,False,spectrum
Spironolactone,inactive,1.0,CC(=O)S[C@@H]1CC2=CC(=O)CC[C@]2(C)[C@H]2CC[C@@]3(C)[C@@H](CC[C@@]34CCC(=O)O4)C21,False,spectrum
Staurosporin,reducer,0.8181818181818182,[C@]12([C@@H]([C@@H](C[C@@H](O1)N3C4=C5C(=C6C(=C4C7C3=CC=CC=7)C(NC6)=O)C8=C(N25)C=CC=C8)NC)OC)C,False,selleckchem
Stavudine,inactive,1.0,Cc1cn([C@H]2C=C[C@@H](CO)O2)c(=O)[nH]c1=O,False,spectrum
Stictic acid,inactive,1.0,COc1c(C=O)c2c(C(=O)Oc3c(O2)c2c(C(=O)OC2O)c(O)c3C)c(C)c1,False,spectrum
Stigmasta-4.22-dien-3-one,inactive,1.0,CC[C@H](/C=C/C(C)C1CCC2C3CCC4=CC(=O)CC[C@]4(C)C3CC[C@]12C)C(C)C,False,spectrum
Stigmasterol,inactive,1.0,CCC(/C=C/[C@@H](C)[C@H]1CCC2C3CC=C4C[C@@H](O)CC[C@]4(C)C3CC[C@@]21C)C(C)C,False,spectrum
Streptomycin sulfate,inactive,1.0,CN[C@@H]1[C@H](OC2[C@H](O[C@@H]3[C@@H](NC(=N)N)[C@H](O)[C@@H](NC(=N)N)[C@H](O)[C@H]3O)O[C@@H](C)[C@]2(O)C=O)O[C@@H](CO)[C@H](O)[C@H]1O,False,spectrum
Streptozosin,inactive,1.0,CN(N=O)C(=O)N[C@H]1[C@@H](O)O[C@H](CO)[C@@H](O)[C@@H]1O,True,spectrum
Strophanthidin,inactive,1.0,C[C@]12CCC3C(CC[C@]4(O)C[C@@H](O)CC[C@]34C=O)[C@@]1(O)CCC2C1=CC(=O)OC1,False,spectrum
Strophanthidinic acid lactone acetate,inactive,1.0,CC(=O)OC1CCC23C(=O)OC45CCC(C6=CC(=O)OC6)C4(C)CCC2C5CCC3(O)C1,False,spectrum
Strychnine,inactive,1.0,O=C1CC2OCC=C3CN4CC[C@]56c7c(cccc7)N1C5[C@H]2[C@H]3CC46,False,spectrum
Strychnine methiodide,inactive,1.0,C[N+]12CC[C@@]34c5c(cccc5)N5C(=O)CC6OCC=C(C1)[C@H](CC32)[C@@H]6C54,False,spectrum
Su11274,inactive,1.0,C1(=CC=CC(=C1)N(C)S(C2=CC3=C(C=C2)NC(C/3=C/C4NC(=C(C=4C)C(N5CCN(CC5)C)=O)C)=O)(=O)=O)Cl,False,selleckchem
Succinylsulfathiazole,inactive,1.0,O=C(O)CCC(=O)Nc1ccc(S(=O)(=O)Nc2nccs2)cc1,False,spectrum
Sucralfate,inactive,1.0,O=S(=O)(OC[C@H]1O[C@H](O[C@]2(COS(=O)(=O)O[Al](O)O)O[C@H](COS(=O)(=O)O[Al](O)O)[C@@H](OS(=O)(=O)O[Al](O)O)[C@@H]2OS(=O)(=O)O[Al](O)O)[C@H](OS(=O)(=O)O[Al](O)O)[C@@H](OS(=O)(=O)O[Al](O)O)[C@@H]1OS(=O)(=O)O[Al](O)O)O[Al](O)O.O[Al](O)O.O[Al](O)O.O[Al](O)O.O[Al](O)O.O[Al](O)O.O[Al](O)O.O[Al](O)O.O[Al](O)O,False,spectrum
Sucralose,inactive,1.0,OC[C@H]1O[C@H](O[C@]2(CCl)O[C@H](CCl)[C@@H](O)[C@@H]2O)[C@H](O)[C@@H](O)[C@H]1Cl,False,spectrum
Sulbactam,inactive,1.0,CC1(C)C(C(=O)O)N2C(=O)C[C@H]2S1(=O)=O,False,spectrum
Sulbentine,inactive,1.0,O=C1SCN(Cc2ccccc2)CN1Cc1ccccc1,False,spectrum
Sulconazole nitrate,inactive,1.0,Clc1ccc(CSC(Cn2ccnc2)c2c(Cl)cc(Cl)cc2)cc1,False,spectrum
Sulfabenzamide,inactive,1.0,Nc1ccc(S(=O)(=O)NC(=O)c2ccccc2)cc1,False,spectrum
Sulfacarbamide,inactive,1.0,NC(=O)NS(=O)(=O)c1ccc(N)cc1,False,spectrum
Sulfacetamide,inactive,1.0,CC(=O)NS(=O)(=O)c1ccc(N)cc1,False,spectrum
Sulfachlorpyridazine,inactive,1.0,Nc1ccc(S(=O)(=O)Nc2nnc(Cl)cc2)cc1,False,spectrum
Sulfadiazine,inactive,1.0,Nc1ccc(S(=O)(=O)Nc2ncccn2)cc1,False,spectrum
Sulfadimethoxine,inactive,1.0,COc1cc(NS(=O)(=O)c2ccc(N)cc2)nc(OC)n1,False,spectrum
Sulfadoxine,inactive,1.0,COc1ncnc(NS(=O)(=O)c2ccc(N)cc2)c1OC,False,spectrum
Sulfaguanidine,inactive,1.0,N=C(N)NS(=O)(=O)c1ccc(N)cc1,False,spectrum
Sulfamerazine,inactive,1.0,Cc1ccnc(NS(=O)(=O)c2ccc(N)cc2)n1,False,spectrum
Sulfameter,inactive,1.0,COc1cnc(NS(=O)(=O)c2ccc(N)cc2)nc1,False,spectrum
Sulfamethazine,inactive,1.0,Cc1cc(C)nc(NS(=O)(=O)c2ccc(N)cc2)n1,False,spectrum
Sulfamethizole,inactive,1.0,Cc1nnc(NS(=O)(=O)c2ccc(N)cc2)s1,False,spectrum
Sulfamethoxazole,inactive,1.0,Cc1cc(NS(=O)(=O)c2ccc(N)cc2)no1,False,spectrum
Sulfamethoxypyridazine,inactive,1.0,COc1nnc(NS(=O)(=O)c2ccc(N)cc2)cc1,False,spectrum
Sulfamonomethoxine,inactive,1.0,COc1cc(NS(=O)(=O)c2ccc(N)cc2)ncn1,False,spectrum
Sulfanilamide,inactive,1.0,Nc1ccc(S(N)(=O)=O)cc1,False,spectrum
Sulfanilate zinc,inactive,1.0,Nc1ccc(S(=O)(=O)O)cc1,False,spectrum
Sulfanitran,inactive,1.0,CC(=O)Nc1ccc(S(=O)(=O)Nc2ccc([N+](=O)[O-])cc2)cc1,False,spectrum
Sulfaphenazole,inactive,1.0,Nc1ccc(S(=O)(=O)Nc2ccnn2-c2ccccc2)cc1,False,spectrum
Sulfapyridine,inactive,1.0,Nc1ccc(S(=O)(=O)Nc2ncccc2)cc1,False,spectrum
Sulfaquinoxaline sodium,inactive,1.0,Nc1ccc(S(=O)(=O)Nc2nc3ccccc3nc2)cc1,False,spectrum
Sulfasalazine,inactive,1.0,O=C(O)c1cc(/N=N/c2ccc(S(=O)(=O)Nc3ncccc3)cc2)ccc1O,False,spectrum
Sulfathiazole,inactive,1.0,Nc1ccc(S(=O)(=O)Nc2nccs2)cc1,False,spectrum
Sulfinpyrazone,inactive,1.0,O=C1C(CC[S+]([O-])c2ccccc2)C(=O)N(c2ccccc2)N1c1ccccc1,False,spectrum
Sulfisoxazole,inactive,1.0,Cc1noc(NS(=O)(=O)c2ccc(N)cc2)c1C,False,spectrum
Sulfisoxazole acetyl,inactive,1.0,CC(=O)Nc1ccc(S(=O)(=O)Nc2c(C)c(C)no2)cc1,False,spectrum
Sulindac,inactive,1.0,CC1=C(CC(=O)O)c2cc(F)ccc2/C1=C\c1ccc([S+](C)[O-])cc1,False,spectrum
Sulisobenzone,inactive,1.0,COc1cc(O)cc(C(=O)c2ccccc2)c1S(=O)(=O)O,False,spectrum
Suloctidil,inactive,1.0,CCCCCCCCNC(C)C(O)c1ccc(SC(C)C)cc1,False,spectrum
Sulpiride,inactive,1.0,CCN1CCC(CNC(=O)c2c(OC)ccc(S(N)(=O)=O)c2)C1,False,spectrum
Sumatriptan succinate,inactive,1.0,CNS(=O)(=O)Cc1ccc2[nH]cc(CCN(C)C)c2c1,False,spectrum
Sunitinib Malate,inactive,1.0,C1(=CC=C2C(=C1)/C(C(N2)=O)=C/C3NC(=C(C=3C)C(NCCN(CC)CC)=O)C)F.C(C[C@@H](C(O)=O)O)(O)=O,False,selleckchem
Suramin hexasodium,inactive,1.0,Cc1c(NC(=O)c2cc(NC(=O)Nc3cccc(C(=O)Nc4cc(C(=O)Nc5ccc(S(=O)(=O)O)c6cc(S(=O)(=O)O)cc(S(=O)(=O)O)c56)ccc4C)c3)ccc2)cc(C(=O)Nc2ccc(S(=O)(=O)O)c3cc(S(=O)(=O)O)cc(S(=O)(=O)O)c23)cc1,False,spectrum
Suxibuzone,inactive,1.0,CCCCC1(COC(=O)CCC(=O)O)C(=O)N(c2ccccc2)N(c2ccccc2)C1=O,False,spectrum
Symclosene,inactive,1.0,O=c1n(Cl)c(=O)n(Cl)c(=O)n1Cl,False,spectrum
Syringic acid,inactive,1.0,COc1cc(C(=O)O)cc(OC)c1O,False,spectrum
TEICOPLANIN [A(2-1) shown],inactive,1.0,CCCCC/C=C/CCC(=O)N[C@H]1[C@H](Oc2c3cc4cc2Oc2ccc(cc2Cl)[C@@H](O[C@@H]2O[C@H](CO)[C@@H](O)[C@H](O)[C@H]2NC(C)=O)[C@@H]2NC(=O)[C@H](NC(=O)[C@@H]4NC(=O)[C@H]4NC(=O)C(Cc5ccc(O3)c(Cl)c5)NC(=O)[C@H](N)c3cc(c(O)cc3)Oc3cc4cc(O)c3)c3cc(c(O)cc3)-c3c(cc(O)cc3OC3O[C@H](CO)[C@@H](O)[C@H](O)[C@@H]3O)[C@@H](C(=O)O)NC2=O)O[C@H](CO)[C@@H](O)[C@@H]1O,False,spectrum
Tacrine hydrochloride,inactive,1.0,Nc1c2CCCCc2nc2c1cccc2,False,spectrum
Tacrolimus,inactive,1.0,C=CC[C@@H]1/C=C(\C)C[C@H](C)C[C@H](OC)[C@H]2O[C@@](O)(C(=O)C(=O)N3CCCC[C@H]3C(=O)O[C@H](/C(C)=C/C3CC[C@@H](O)[C@H](OC)C3)[C@H](C)[C@@H](O)CC1=O)[C@H](C)C[C@@H]2OC,False,spectrum
Tadalafil,inactive,1.0,CN1CC(=O)N2[C@H](Cc3c([nH]c4ccccc34)[C@H]2c2cc3c(cc2)OCO3)C1=O,False,spectrum
Tae684,reducer,1.0,C1=CC(=CC(=C1NC2=NC=C(C(=N2)NC3=C(C=CC=C3)S(=O)(=O)C(C)C)Cl)OC)N4CCC(CC4)N5CCN(CC5)C,False,selleckchem
Tak-285,inactive,1.0,C12=C(C(=NC=N1)NC3=CC=C(C(=C3)Cl)OC4=CC=CC(=C4)C(F)(F)F)N(C=C2)CCNC(=O)CC(O)(C)C,False,selleckchem
Tak-733,inactive,1.0,N1(C=NC2=C(C1=O)C(=C(C(N2C)=O)F)NC3=CC=C(C=C3F)I)C[C@@H](O)CO,False,selleckchem
Tak-901,reducer,1.0,C1N(CCC(C1)NC(C2=C(C3=C(C(=C2)C4=CC(=CC=C4)S(CC)(=O)=O)C5=C(N3)N=CC(=C5)C)C)=O)C,False,selleckchem
Tamoxifen citrate,inactive,1.0,CC/C(=C(\c1ccccc1)c1ccc(OCCN(C)C)cc1)c1ccccc1,False,spectrum
Tandutinib,inactive,1.0,C1=C(C(=CC2=C1N=CN=C2N3CCN(CC3)C(NC4=CC=C(C=C4)OC(C)C)=O)OC)OCCCN5CCCCC5,False,selleckchem
Tangeritin,inactive,1.0,COc1ccc(-c2cc(=O)c3c(o2)c(OC)c(OC)c(OC)c3OC)cc1,False,spectrum
Tannic acid,inactive,1.0,O=C(OC[C@H]1O[C@H](OC(=O)c2cc(O)c(O)c(OC(=O)c3cc(O)c(O)c(O)c3)c2)[C@H](OC(=O)c2cc(O)c(O)c(OC(=O)c3cc(O)c(O)c(O)c3)c2)[C@@H](OC(=O)c2cc(O)c(O)c(OC(=O)c3cc(O)c(O)c(O)c3)c2)[C@@H]1OC(=O)c1cc(O)c(O)c(OC(=O)c2cc(O)c(O)c(O)c2)c1)c1cc(O)c(O)c(OC(=O)c2cc(O)c(O)c(O)c2)c1,False,spectrum
Tanshinone iia,inactive,1.0,Cc1coc2c1C(=O)C(=O)c1c-2ccc2c1CCCC2(C)C,False,spectrum
Tanshinone iia sulfonate sodium,inactive,1.0,Cc1c(S(=O)(=O)O)oc2c1C(=O)C(=O)c1c3CCCC(C)(C)c3ccc-21,False,spectrum
Tapentadol hydrochloride,inactive,1.0,CC[C@H](c1cc(O)ccc1)[C@@H](C)CN(C)C,False,spectrum
Tartaric acid,inactive,1.0,O=C(O)[C@H](O)[C@@H](O)C(=O)O,False,spectrum
Taurine,inactive,1.0,NCCS(=O)(=O)O,False,spectrum
Tegaserod maleate,inactive,1.0,CCCCCNC(=N)N/N=C/c1c[nH]c2c1cc(OC)cc2,False,spectrum
Telatinib,inactive,1.0,N1=C(C2=C(C(=N1)OCC3=CC(=NC=C3)C(=O)NC)OC=C2)NC4=CC=C(C=C4)Cl,False,selleckchem
Telenzepine hydrochloride,inactive,1.0,Cc1c2c(cs1)C(=O)Nc1c(cccc1)N2C(=O)CN1CCN(C)CC1,False,spectrum
Telithromycin,inactive,1.0,CCC1OC(=O)[C@H](C)C(=O)[C@H](C)[C@@H](OC2O[C@H](C)C[C@H](N(C)C)[C@H]2O)[C@](C)(OC)C[C@@H](C)C(=O)[C@@H](C)[C@@H]2N(CCCCn3cnc(-c4cccnc4)c3)C(=O)O[C@@]12C,False,spectrum
Telmisartan,inactive,1.0,CCCc1nc2c(C)cc(-c3nc4ccccc4n3C)cc2n1Cc1ccc(-c2c(C(=O)O)cccc2)cc1,False,spectrum
Temozolamide,inactive,1.0,Cn1nnc2c(C(N)=O)ncn2c1=O,True,spectrum
Temsirolimus,reducer,1.0,[C@H]1(C[C@@H](CC[C@@H]1OC(C(CO)(CO)C)=O)C[C@H]([C@@H]2CC([C@@H](/C=C(/[C@H]([C@@H](OC)C([C@@H](C[C@@H](/C=C/C=C/C=C(/[C@H](C[C@]3(CC[C@H]([C@](C(C(N4[C@](C(O2)=O)(CCCC4)[H])=O)=O)(O3)O)C)[H])OC)C)C)C)=O)O)C)C)=O)C)OC,True,selleckchem
Tenatoprazole,inactive,1.0,COc1ccc2[nH]c([S+]([O-])Cc3ncc(C)c(OC)c3C)nc2n1,False,spectrum
Teniposide,reducer,1.0,COc1cc([C@@H]2c3cc4c(cc3C(O[C@@H]3O[C@@H]5CO[C@@H](c6cccs6)OC5[C@H](O)[C@H]3O)C3COC(=O)[C@@H]32)OCO4)cc(OC)c1O,True,spectrum
Tenofovir,inactive,1.0,C[C@H](Cn1cnc2c1ncnc2N)OCP(=O)(O)O,False,spectrum
Tenoxicam,inactive,1.0,CN1C(C(=O)Nc2ncccc2)=C(O)c2c(ccs2)S1(=O)=O,False,spectrum
Tenylidone,inactive,1.0,O=C1/C(=C/c2cccs2)CCC/C1=C\c1cccs1,False,spectrum
Tepoxalin,inactive,1.0,COc1ccc(-n2nc(CCC(=O)N(C)O)cc2-c2ccc(Cl)cc2)cc1,False,spectrum
Terbinafine hydrochloride,inactive,1.0,CN(C/C=C/C#CC(C)(C)C)Cc1c2ccccc2ccc1,False,spectrum
Terbutaline hemisulfate,inactive,1.0,CC(C)(C)NCC(O)c1cc(O)cc(O)c1,False,spectrum
Terconazole,inactive,1.0,CC(C)N1CCN(c2ccc(OC[C@H]3CO[C@](Cn4cncn4)(c4c(Cl)cc(Cl)cc4)O3)cc2)CC1,False,spectrum
Terfenadine,enhancer,1.0,CC(C)(C)c1ccc(C(O)CCCN2CCC(C(O)(c3ccccc3)c3ccccc3)CC2)cc1,False,spectrum
Terpene hydrate,inactive,1.0,CC1(O)CCC(C(C)(C)O)CC1,False,spectrum
Testosterone,inactive,1.0,C[C@]12CCC3C(CCC4=CC(=O)CC[C@@]43C)C1CC[C@@H]2O,False,spectrum
Testosterone propionate,inactive,1.0,CCC(=O)O[C@H]1CCC2C3CCC4=CC(=O)CC[C@]4(C)C3CC[C@@]21C,False,spectrum
Tetracaine hydrochloride,inactive,1.0,CCCCNc1ccc(C(=O)OCCN(C)C)cc1,False,spectrum
Tetracycline hydrochloride,inactive,1.0,CN(C)[C@@H]1C(O)=C(C(N)=O)C(=O)[C@@]2(O)C(O)=C3C(=O)c4c(O)cccc4[C@@](C)(O)[C@H]3C[C@@H]12,False,spectrum
Tetrahydrogambogic acid,inactive,1.0,CC(C)=CCCC1(C)C=Cc2c(O)c3c(OC45C(CC6CC4C(C)(C)OC5(C/C=C(/C)C(=O)O)C6O)C3=O)c(CC=C(C)C)c2O1,False,spectrum
Tetrahydrosappanone a trimethyl ether,inactive,1.0,COc1cc2c(cc1)[C@H](O)[C@H](Cc1ccc(OC)c(OC)c1)CO2,False,spectrum
Tetrahydrozoline hydrochloride,inactive,1.0,c1cc2c(cc1)C(C1=NCCN1)CCC2,False,spectrum
Tetramizole hydrochloride,inactive,1.0,c1ccc(C2CN3CCSC3=N2)cc1,False,spectrum
Tetrandrine,inactive,1.0,COc1ccc2cc1Oc1ccc(cc1)C[C@H]1c3c(cc(OC)c(c3)Oc3c(OC)c(OC)cc4c3[C@H](C2)N(C)CC4)CCN1C,False,spectrum
Tetroquinone,inactive,1.0,O=C1C(O)=C(O)C(=O)C(O)=C1O,False,spectrum
Tg 100713,inactive,1.0,Nc1nc2ncc(-c3cc(O)ccc3)nc2c(N)n1,False,selleckchem
Tg100-115,inactive,1.0,C1(=C(N=C2C(=N1)C(=NC(=N2)N)N)C3=CC=CC(=C3)O)C4=CC(=CC=C4)O,False,selleckchem
Tg101209,reducer,1.0,C1=C(C=C(C=C1)NC2=NC(=NC=C2C)NC3=CC=C(C=C3)N4CCN(CC4)C)S(NC(C)(C)C)(=O)=O,False,selleckchem
Tg101348,reducer,1.0,C1(=CC=C(C=C1)NC2=NC(=C(C=N2)C)NC3=CC=CC(=C3)S(NC(C)(C)C)(=O)=O)OCCN4CCCC4,True,selleckchem
Tgx-221,inactive,1.0,C1=C(C=C(C2N1C(C=C(N=2)N3CCOCC3)=O)C(C)NC4=CC=CC=C4)C,False,selleckchem
Thalidomide,inactive,1.0,O=C1CCC(N2C(=O)c3ccccc3C2=O)C(=O)N1,False,spectrum
Theaflavin,inactive,1.0,O=c1c(O)cc([C@H]2Oc3cc(O)cc(O)c3C[C@H]2O)cc2c1c(O)c(O)cc2[C@H]1Oc2cc(O)cc(O)c2C[C@@H]1O,False,spectrum
Theaflavin monogallates,inactive,1.0,O=C(O[C@@H]1Cc2c(O)cc(O)cc2O[C@@H]1c1cc2c(c(O)c(O)cc2[C@H]2Oc3cc(O)cc(O)c3C[C@H]2O)c(=O)c(O)c1)c1cc(O)c(O)c(O)c1,False,spectrum
Theanine potassium,inactive,1.0,CCNC(=O)CC[C@H](N)C(=O)O,False,spectrum
Theobromine,enhancer,1.0,Cn1cnc2c1c(=O)[nH]c(=O)n2C,False,spectrum
Thiabendazole,inactive,1.0,c1ccc2[nH]c(-c3cscn3)nc2c1,False,spectrum
Thiamine,inactive,1.0,Cc1nc(C[n+]2csc(CCO)c2C)cc(N)n1,False,spectrum
Thiamphenicol,inactive,1.0,CS(=O)(=O)c1ccc([C@@H](O)[C@@H](CO)NC(=O)C(Cl)Cl)cc1,False,spectrum
Thiamylal sodium,inactive,1.0,C=CCC1(C(C)CCC)C(=O)N=C(S)NC1=O,False,spectrum
Thiazovivin,inactive,1.0,C1(SC=C(N=1)C(NCC2=CC=CC=C2)=O)NC3=CC=NC=N3,False,selleckchem
Thimerosal,inactive,1.0,CC[Hg]Sc1ccccc1C(=O)[O-].[Na+],False,spectrum
Thioctic acid,inactive,1.0,O=C(O)CCCCC1CCSS1,False,spectrum
Thiodiglycol,inactive,1.0,OCCSCCO,False,spectrum
Thioguanine,inactive,1.0,Nc1nc2c([nH]cn2)c(=S)[nH]1,False,spectrum
Thioguanosine,inactive,1.0,Nc1nc2c(ncn2C2O[C@H](CO)[C@@H](O)[C@H]2O)c(=S)[nH]1,False,spectrum
Thiopental sodium,inactive,1.0,CCCC(C)C1(CC)C(=O)N=C(S)NC1=O,False,spectrum
Thioridazine hydrochloride,inactive,1.0,CSc1cc2c(cc1)Sc1c(cccc1)N2CCC1CCCCN1C,False,spectrum
Thiostrepton,inactive,1.0,C=C(NC(=O)C(=C)NC(=O)c1csc(C2=NC3c4csc(n4)C4NC(=O)c5csc(n5)C(C(C)(O)C(C)O)NC(=O)C5CSC(=N5)/C(=C\C)NC(=O)C(C(C)O)NC(=O)c5csc(n5)C3(CC2)NC(=O)C(C)NC(=O)C(=C)NC(=O)C(C)NC(=O)C(C(C)CC)NC2C=Cc3c(nc(cc3C(C)O)C(=O)OC4C)C2O)n1)C(N)=O,False,spectrum
Thiotepa,enhancer,1.0,S=P(N1CC1)(N1CC1)N1CC1,True,spectrum
Thiothixene,inactive,1.0,CN1CCN(CC/C=C2\c3ccccc3Sc3ccc(S(=O)(=O)N(C)C)cc23)CC1,False,spectrum
Thiram,reducer,1.0,CN(C)C(=S)SSC(=S)N(C)C,False,spectrum-validation
Thonzonium bromide,inactive,1.0,CCCCCCCCCCCCCCCC[N+](C)(C)CCN(Cc1ccc(OC)cc1)c1ncccn1,False,spectrum
Thonzylamine hydrochloride,inactive,1.0,COc1ccc(CN(CCN(C)C)c2ncccn2)cc1,False,spectrum
Threonine,inactive,1.0,C[C@@H](O)[C@H](N)C(=O)O,False,spectrum
Thymopentin,inactive,1.0,CC(C)[C@H](NC(=O)[C@H](CC(=O)O)NC(=O)[C@H](CCCCN)NC(=O)[C@@H](N)CCCNC(=N)N)C(=O)N[C@@H](Cc1ccc(O)cc1)C(=O)O,False,spectrum
Thymoquinone,inactive,1.0,CC1=CC(=O)C(C(C)C)=CC1=O,False,spectrum
Tiapride hydrochloride,inactive,1.0,CCN(CC)CCNC(=O)c1cc(S(C)(=O)=O)ccc1OC,False,spectrum
Ticarcillin disodium,inactive,1.0,CC1(C)S[C@@H]2[C@H](NC(=O)[C@H](C(=O)O)c3cccs3)C(=O)N2[C@H]1C(=O)O,False,spectrum
Ticlopidine hydrochloride,inactive,1.0,Clc1c(CN2CCc3c(ccs3)C2)cccc1,False,spectrum
Tideglusib,inactive,1.0,S1N(C(N(C1=O)CC2C=CC=CC=2)=O)C3C=CC=C4C=CC=CC=34,False,selleckchem
Tie2 kinase inhibitor,inactive,1.0,C12=C(C=CC(=C1)C3=C(N=C(N3)C4=CC=C(C=C4)S(C)=O)C5=CC=NC=C5)C=C(C=C2)OC,False,selleckchem
Tigecycline,inactive,1.0,CN(C)c1c2C[C@H]3C[C@@H]4C(C(=O)C(C(N)=O)=C(O)[C@H]4N(C)C)C(O)=C3C(=O)c2c(O)c(NC(=O)CNC(C)(C)C)c1,False,spectrum
Tigogenin,inactive,1.0,C[C@H]1[C@H]2[C@H](CC3C4CC[C@H]5C[C@@H](O)CC[C@]5(C)C4CC[C@@]32C)O[C@]12CC[C@@H](C)CO2,False,spectrum
Tiletamine hydrochloride,inactive,1.0,CCNC1(c2cccs2)CCCCC1=O,False,spectrum
Tilmicosin,inactive,1.0,CC[C@@H]1OC(=O)C[C@@H](O)[C@H](C)[C@@H](O[C@@H]2O[C@H](C)[C@@H](O)[C@H](N(C)C)[C@H]2O)[C@@H](CCN2C[C@@H](C)C[C@@H](C)C2)C[C@@H](C)C(=O)/C=C/C(C)=C\[C@@H]1CO[C@@H]1O[C@H](C)[C@@H](O)[C@@H](OC)[C@H]1OC,False,spectrum
Tilorone,inactive,1.0,CCN(CC)CCOc1cc2c(cc1)-c1ccc(OCCN(CC)CC)cc1C2=O,False,spectrum
Timolol maleate,inactive,1.0,CC(C)(C)NC[C@@H](O)COc1nsnc1N1CCOCC1,False,spectrum
Timonacic,inactive,1.0,O=C(O)C1CSCN1,False,spectrum
Tinidazole,inactive,1.0,CCS(=O)(=O)CCn1c([N+](=O)[O-])cnc1C,False,spectrum
Tioconazole,inactive,1.0,Clc1cc(Cl)c(C(Cn2ccnc2)OCc2c(Cl)scc2)cc1,False,spectrum
Tiopronin,inactive,1.0,CC(S)C(=O)NCC(=O)O,False,spectrum
Tioxolone,inactive,1.0,O=c1oc2cc(O)ccc2s1,False,spectrum
Tiratricol,inactive,1.0,O=C(O)Cc1cc(I)c(Oc2ccc(O)c(I)c2)c(I)c1,False,spectrum
Tivozanib,inactive,1.0,C1(=CC=C(C(=C1)Cl)NC(=O)NC2C=C(ON=2)C)OC3=CC=NC4=C3C=C(C(=C4)OC)OC,True,selleckchem
Tobramycin,inactive,1.0,NC[C@H]1O[C@H](O[C@@H]2[C@@H](N)C[C@@H](N)[C@H](O[C@H]3O[C@H](CO)[C@@H](O)[C@H](N)[C@H]3O)[C@H]2O)[C@H](N)C[C@@H]1O,False,spectrum
Tocainide hydrochloride,inactive,1.0,Cc1cccc(C)c1NC(=O)C(C)N,False,spectrum
Todralazine hydrochloride,inactive,1.0,CCOC(=O)NNc1nncc2c1cccc2,False,spectrum
Tofacitinib,inactive,1.0,N1=CN=C2C(=C1N(C)[C@H]3CN(CC[C@@H]3C)C(=O)CC#N)C=CN2,False,selleckchem
Tolazamide,inactive,1.0,Cc1ccc(S(=O)(=O)NC(=O)NN2CCCCCC2)cc1,False,spectrum
Tolazoline hydrochloride,inactive,1.0,c1ccc(CC2=NCCN2)cc1,False,spectrum
Tolbutamide,inactive,1.0,CCCCNC(=O)NS(=O)(=O)c1ccc(C)cc1,False,spectrum
Tolfenamic acid,inactive,1.0,Cc1c(Nc2c(C(=O)O)cccc2)cccc1Cl,False,spectrum
Tolmetin sodium,inactive,1.0,Cc1ccc(C(=O)c2ccc(CC(=O)O)n2C)cc1,False,spectrum
Tolnaftate,inactive,1.0,Cc1cccc(N(C)C(=S)Oc2ccc3ccccc3c2)c1,False,spectrum
Tolonium chloride,inactive,1.0,Cc1cc2nc3ccc(N(C)C)cc3[s+]c2cc1N,False,spectrum
Tolperisone hydrochloride,inactive,1.0,Cc1ccc(C(=O)C(C)CN2CCCCC2)cc1,False,spectrum
Toltrazuril,inactive,1.0,Cc1c(Oc2ccc(SC(F)(F)F)cc2)ccc(-n2c(=O)[nH]c(=O)n(C)c2=O)c1,False,spectrum
Tomatine,inactive,1.0,C[C@H]1CC[C@]2(NC1)OC1C3CCC4C[C@@H](O[C@H]5O[C@H](CO)[C@H](O[C@H]6O[C@H](CO)[C@@H](O)[C@H](O[C@H]7OC[C@@H](O)[C@H](O)[C@H]7O[C@H]7O[C@H](CO)[C@@H](O)[C@H](O)[C@H]7O)[C@H]6O)[C@H](O)[C@H]5O)CC[C@]4(C)C3CC[C@]1(C)[C@@H]2C,False,spectrum
Topiramate,inactive,1.0,CC1(C)O[C@@H]2CO[C@@]3(COS(N)(=O)=O)OC(C)(C)O[C@H]3[C@@H]2O1,False,spectrum
Topotecan hydrochloride,reducer,1.0,CC[C@@]1(O)C(=O)OCc2c1cc1-c3nc4ccc(O)c(CN(C)C)c4cc3Cn1c2=O,True,spectrum
Toremiphene citrate,inactive,1.0,CN(C)CCOc1ccc(/C(=C(/CCCl)c2ccccc2)c2ccccc2)cc1,False,spectrum
Torin 1,reducer,1.0,N1(C(C=CC2C=NC3C(C1=2)=CC(=CC=3)C4C=NC5=CC=CC=C(C=4)5)=O)C6C=C(C(=CC=6)N7CCN(CC7)C(CC)=O)C(F)(F)F,False,selleckchem
Torin 2,reducer,1.0,N1(C(C=CC2C=NC3C(C1=2)=CC(=CC=3)C4C=NC(=CC=4)N)=O)C5C=C(C=CC=5)C(F)(F)F,False,selleckchem
Torsemide,inactive,1.0,Cc1cccc(Nc2c(S(=O)(=O)NC(=O)NC(C)C)cncc2)c1,False,spectrum
Totarol,reducer,0.6,CC(C)c1c2CCC3C(C)(C)CCC[C@]3(C)c2ccc1O,False,spectrum
Totarol-19-carboxylic acid. methyl ester,inactive,1.0,COC(=O)[C@@]1(C)CCC[C@]2(C)c3c(CCC12)c(C(C)C)c(O)cc3,False,spectrum
Tpca-1,inactive,1.0,C1(=C(C=C(S1)C2C=CC(=CC=2)F)C(=O)N)NC(=O)N,False,selleckchem
Tramadol hydrochloride,inactive,1.0,COc1cccc([C@]2(O)CCCC[C@H]2CN(C)C)c1,False,spectrum
Tramiprosate,inactive,1.0,NCCCS(=O)(=O)O,False,spectrum
Trandolapril,inactive,1.0,CCOC(=O)[C@H](CCc1ccccc1)N[C@H](C)C(=O)N1C2CCCCC2C[C@H]1C(=O)O,False,spectrum
Tranexamic acid,inactive,1.0,NC[C@H]1CC[C@H](C(=O)O)CC1,False,spectrum
Tranilast,inactive,1.0,COc1ccc(/C=C/C(=O)Nc2c(C(=O)O)cccc2)cc1OC,False,spectrum
Tranylcypromine sulfate,inactive,1.0,NC1C[C@H]1c1ccccc1,False,spectrum
Trazodone hydrochloride,inactive,1.0,O=c1n(CCCN2CCN(c3cc(Cl)ccc3)CC2)nc2ccccn12,False,spectrum
Tretinoin,inactive,1.0,CC1=C(/C=C/C(C)=C/C=C/C(C)=C/C(=O)O)C(C)(C)CCC1,True,spectrum
Triacetin,inactive,1.0,CC(=O)OCC(COC(C)=O)OC(C)=O,False,spectrum
Triacetylresveratrol,inactive,1.0,CC(=O)Oc1ccc(/C=C/c2cc(OC(C)=O)cc(OC(C)=O)c2)cc1,False,spectrum
Triamcinolone,inactive,1.0,C[C@]12C[C@H](O)[C@@]3(F)C(CCC4=CC(=O)C=C[C@@]43C)C1C[C@@H](O)[C@]2(O)C(=O)CO,False,spectrum
Triamcinolone acetonide,inactive,1.0,CC1(C)O[C@@H]2CC3C4CCC5=CC(=O)C=C[C@]5(C)[C@@]4(F)[C@@H](O)C[C@]3(C)[C@]2(C(=O)CO)O1,False,spectrum
Triamcinolone diacetate,inactive,1.0,CC(=O)OCC(=O)[C@@]1(O)[C@H](OC(C)=O)CC2C3CCC4=CC(=O)C=C[C@]4(C)[C@@]3(F)[C@@H](O)C[C@@]21C,False,spectrum
Triamterene,inactive,1.0,Nc1nc(N)c2nc(-c3ccccc3)c(N)nc2n1,False,spectrum
Trichlorfon,inactive,1.0,COP(=O)(OC)C(O)C(Cl)(Cl)Cl,False,spectrum
Trichlormethiazide,inactive,1.0,NS(=O)(=O)c1cc2c(cc1Cl)NC(C(Cl)Cl)NS2(=O)=O,False,spectrum
Trichlormethine hydrochloride,inactive,1.0,ClCCN(CCCl)CCCl,False,spectrum
Triciribine,inactive,1.0,[C@H]1([C@@H]([C@H](O[C@@H]1N2C3=C4C(=C2)C(=NN(C4=NC=N3)C)N)CO)O)O,False,selleckchem
Triclabendazole,inactive,1.0,CSc1nc2c(cc(Oc3c(Cl)c(Cl)ccc3)c(Cl)c2)[nH]1,False,spectrum
Triclosan,inactive,1.0,Oc1c(Oc2c(Cl)cc(Cl)cc2)ccc(Cl)c1,False,spectrum
Trientine hydrochloride,inactive,1.0,NCCNCCNCCN,False,spectrum
Trifluoperazine hydrochloride,inactive,1.0,CN1CCN(CCCN2c3c(cccc3)Sc3c2cc(C(F)(F)F)cc3)CC1,False,spectrum
Triflupromazine hydrochloride,inactive,1.0,CN(C)CCCN1c2c(cccc2)Sc2c1cc(C(F)(F)F)cc2,False,spectrum
Trifluridine,inactive,1.0,O=c1[nH]c(=O)n(C2C[C@H](O)[C@@H](CO)O2)cc1C(F)(F)F,True,spectrum
Trigonelline,inactive,1.0,C[n+]1cc(C(=O)[O-])ccc1,False,spectrum
Trilostane,inactive,1.0,C[C@]12CCC3[C@@H](CC[C@@]45O[C@@H]4C(O)=C(C#N)C[C@]35C)C1CC[C@@H]2O,False,spectrum
Trimebutine maleate,inactive,1.0,CCC(COC(=O)c1cc(OC)c(OC)c(OC)c1)(c1ccccc1)N(C)C,False,spectrum
Trimedlure,inactive,1.0,C[C@@H]1CC(Cl)CC[C@H]1C(=O)OC(C)(C)C,False,spectrum
Trimeprazine tartrate,inactive,1.0,CC(CN(C)C)CN1c2c(cccc2)Sc2c1cccc2,False,spectrum
Trimetazidine dihydrochloride,inactive,1.0,COc1ccc(CN2CCNCC2)c(OC)c1OC,False,spectrum
Trimethadione,inactive,1.0,CN1C(=O)OC(C)(C)C1=O,False,spectrum
Trimethobenzamide hydrochloride,inactive,1.0,COc1c(OC)c(OC)cc(C(=O)NCc2ccc(OCCN(C)C)cc2)c1,False,spectrum
Trimethoprim,inactive,1.0,COc1c(OC)c(OC)cc(Cc2cnc(N)nc2N)c1,False,spectrum
Trimetozine,inactive,1.0,COc1cc(C(=O)N2CCOCC2)cc(OC)c1OC,False,spectrum
Trimipramine maleate,inactive,1.0,CC(CN(C)C)CN1c2c(cccc2)CCc2c1cccc2,False,spectrum
Trioxsalen,inactive,1.0,Cc1cc2cc3c(oc(=O)cc3C)c(C)c2o1,False,spectrum
Tripelennamine citrate,inactive,1.0,CN(C)CCN(Cc1ccccc1)c1ncccc1,False,spectrum
Triprolidine hydrochloride,inactive,1.0,Cc1ccc(/C(=C\CN2CCCC2)c2ncccc2)cc1,False,spectrum
Triptophenolide,inactive,1.0,CC(C)c1ccc2c(c1O)CC[C@H]1C3=C(CC[C@]21C)C(=O)OC3,False,spectrum
Trisodium ethylenediamine tetracetate,inactive,1.0,O=C(O)CN(CCN(CC(=O)O)CC(=O)O)CC(=O)O.[Na+].[Na+].[Na+],False,spectrum
Troclosene potassium,inactive,1.0,O=c1[nH]c(=O)n(Cl)c(=O)n1Cl,False,spectrum
Troleandomycin,inactive,1.0,CO[C@H]1C[C@H](O[C@@H]2[C@@H](C)C(=O)O[C@H](C)[C@H](C)[C@H](OC(C)=O)[C@@H](C)C(=O)[C@@]3(CO3)C[C@H](C)[C@H](OC3O[C@H](C)C[C@H](N(C)C)[C@H]3OC(C)=O)[C@H]2C)O[C@@H](C)[C@@H]1OC(C)=O,False,spectrum
Trolox,inactive,1.0,Cc1c(C)c2c(CCC(C)(C(=O)O)O2)c(C)c1O,False,spectrum
Tropicamide,inactive,1.0,CCN(Cc1ccncc1)C(=O)C(CO)c1ccccc1,False,spectrum
Tropisetron hydrochloride,inactive,1.0,CN1C2CCC1CC(OC(=O)c1c[nH]c3c1cccc3)C2,False,spectrum
Trospium chloride,inactive,1.0,O=C(OC1CC2CCC(C1)[N+]21CCCC1)C(O)(c1ccccc1)c1ccccc1,False,spectrum
Troxerutin,inactive,1.0,C[C@@H]1O[C@@H](OC[C@H]2OC(Oc3c(-c4cc(OCCO)c(OCCO)cc4)oc4c(c(O)cc(OCCO)c4)c3=O)[C@H](O)[C@@H](O)[C@@H]2O)[C@H](O)[C@H](O)[C@H]1O,False,spectrum
Trypan blue,inactive,1.0,Cc1c(/N=N/c2c(S(=O)(=O)O)cc3cc(S(=O)(=O)O)cc(N)c3c2O)ccc(-c2cc(C)c(/N=N/c3c(S(=O)(=O)O)cc4cc(S(=O)(=O)O)cc(N)c4c3O)cc2)c1,False,spectrum
Tryptamine,inactive,1.0,NCCc1c[nH]c2c1cccc2,False,spectrum
Tryptophan,inactive,1.0,NC(Cc1c[nH]c2c1cccc2)C(=O)O,False,spectrum
Tsu-68,inactive,1.0,C1=CC=C2C(=C1)/C(C(N2)=O)=C/C3NC(=C(C=3C)CCC(O)=O)C,False,selleckchem
Tuaminoheptane sulfate,inactive,1.0,CCCCCC(C)N,False,spectrum
Tulobuterol hydrochloride,inactive,1.0,CC(C)(C)NCC(O)c1c(Cl)cccc1,False,spectrum
Tws119,inactive,1.0,C1=CC=C(C=C1O)OC2=NC=NC3=C2C=C(N3)C4=CC=CC(=C4)N,False,selleckchem
Tylosin tartrate,inactive,1.0,CC[C@H]1OC(=O)C[C@@H](O)[C@H](C)[C@@H](O[C@@H]2O[C@H](C)[C@@H](O[C@H]3C[C@@](C)(O)[C@@H](O)[C@H](C)O3)[C@H](N(C)C)[C@H]2O)[C@@H](CC=O)C[C@@H](C)C(=O)/C=C/C(C)=C/[C@@H]1CO[C@@H]1O[C@H](C)[C@@H](O)[C@@H](OC)[C@H]1OC,False,spectrum
Tyloxapol,inactive,1.0,CCCCCCCCc1cc(C)c(OC)c(CC)c1.CCCCCCCCc1cc(C)c(OC)cc1.CCCCCCCCc1ccc(OC)c(C)c1.CCOCCOCCOCCOCCOCCOCCOCCOCCOCCO,False,spectrum
Tyramine,inactive,1.0,NCCc1ccc(O)cc1,False,spectrum
Tyrosine,inactive,1.0,NC(Cc1ccc(O)cc1)C(=O)O,False,spectrum
Tyrothricin,inactive,1.0,CC(C)CC1NC(=O)C(CCCN)NC(=O)C(C(C)C)NC(=O)C(Cc2ccc(O)cc2)NC(=O)C(CCC(=O)O)NC(=O)C(CC(=O)O)NC(=O)C(Cc2ccccc2)NC(=O)C(Cc2ccccc2)NC(=O)C2CCCN2C(=O)C(Cc2ccccc2)NC1=O,False,spectrum
Tyrphostin AG 879,inactive,1.0,C(/C(=C/C1C=C(C(=C(C=1)C(C)(C)C)O)C(C)(C)C)C#N)(N)=S,False,selleckchem
U0126-EtOH,inactive,1.0,C1(=CC=C(C(=C1)SC(/N)=C(\C(=C(\SC2=C(C=CC=C2)N)N)C#N)C#N)N).CCO,False,selleckchem
Ubidecareneone,inactive,1.0,COC1=C(OC)C(=O)C(C/C=C(\C)CC/C=C(\C)CC/C=C(\C)CC/C=C(/C)CC/C=C(\C)CC/C=C(\C)CC/C=C(\C)CC/C=C(\C)CC/C=C(\C)CCC=C(C)C)=C(C)C1=O,False,spectrum
Umbelliferone,inactive,1.0,O=c1ccc2c(cc(O)cc2)o1,False,spectrum
Undecylenic acid,inactive,1.0,C=CCCCCCCCCC(=O)O,False,spectrum
Uracil,inactive,1.0,O=c1cc[nH]c(=O)[nH]1,False,spectrum
Urapidil hydrochloride,inactive,1.0,COc1c(N2CCN(CCCNc3cc(=O)n(C)c(=O)n3C)CC2)cccc1,False,spectrum
Urea,inactive,1.0,NC(N)=O,False,spectrum
Urethane,inactive,1.0,CCOC(N)=O,False,spectrum
Uridine,inactive,1.0,O=c1ccn([C@@H]2O[C@H](CO)[C@@H](O)[C@H]2O)c(=O)[nH]1,False,spectrum
Uridine triphosphate trisodium,inactive,1.0,O=c1ccn([C@@H]2O[C@H](COP(=O)(O)OP(=O)(O)OP(=O)(O)O)[C@@H](O)[C@H]2O)c(=O)[nH]1,False,spectrum
Ursinoic acid,inactive,1.0,COc1c2C=CC(C)(C)Oc2c(C(=O)CC(=O)O)cc1,False,spectrum
Ursocholanic acid,inactive,1.0,CC(CCC(=O)O)[C@H]1CCC2C3CC[C@@H]4CCCC[C@]4(C)C3CC[C@@]21C,False,spectrum
Ursodiol,inactive,1.0,C[C@H](CCC(=O)O)[C@H]1CCC2C3C(CC[C@@]21C)[C@@]1(C)CC[C@@H](O)C[C@H]1C[C@@H]3O,False,spectrum
Usnic acid,inactive,1.0,CC(=O)c1c(O)c(C)c(O)c2c1OC1=CC(=O)C(C(C)=O)C(=O)C12C,False,spectrum
Utilin,inactive,1.0,CCC(C)C(=O)O[C@@H]1C[C@@]2(C)[C@H](c3cocc3)OC(=O)CC23OC2(C)O[C@@]34[C@H](OC(C)=O)[C@@]3(O)C(OC(=O)C5(C)OC5C)C5(C)CC3(O)[C@@](C)([C@H]5CC(=O)OC)[C@@]14O2,False,spectrum
Valacyclovir hydrochloride,inactive,1.0,CC(C)[C@H](N)C(=O)OCCOCn1cnc2c1nc(N)[nH]c2=O,False,spectrum
Valeryl salycilate,inactive,1.0,CCCCC(=O)Oc1c(C(=O)O)cccc1,False,spectrum
Valganciclovir hydrochloride,inactive,1.0,CC(C)[C@H](N)C(=O)OCC(CO)OCn1cnc2c1nc(N)[nH]c2=O,False,spectrum
Valinomycin,reducer,1.0,CC1OC(=O)[C@@H](C(C)C)NC(=O)C(C(C)C)OC(=O)[C@H](C(C)C)NC(=O)C(C)OC(=O)[C@@H](C(C)C)NC(=O)C(C(C)C)OC(=O)[C@H](C(C)C)NC(=O)C(C)OC(=O)[C@@H](C(C)C)NC(=O)C(C(C)C)OC(=O)[C@H](C(C)C)NC1=O,False,spectrum
Valproate sodium,inactive,1.0,CCCC(CCC)C(=O)O,False,spectrum
Valsartan,enhancer,1.0,CCCCC(=O)N(Cc1ccc(-c2ccccc2-c2n[nH]nn2)cc1)[C@H](C(=O)O)C(C)C,False,spectrum
Vancomycin hydrochloride,inactive,1.0,CN[C@H](CC(C)C)C(=O)NC1C(=O)N[C@@H](CC(N)=O)C(=O)N[C@H]2C(=O)NC3C(=O)C[C@H](C(=O)N[C@@H](C(=O)O)c4cc(O)cc(O)c4-c4cc3ccc4O)[C@H](O)c3ccc(Oc4c(O[C@@H]5OC(CO)[C@@H](O)[C@H](O)[C@H]5O[C@H]5C[C@](C)(N)[C@H](O)[C@H](C)O5)c(cc2c4)Oc2c(Cl)cc(cc2)[C@H]1O)c(Cl)c3,False,spectrum
Vandetanib,inactive,1.0,C12=C(C(=NC=N1)NC3=C(C=C(C=C3)Br)F)C=C(C(=C2)OCC4CCN(CC4)C)OC,True,selleckchem
Vardenafil hydrochloride,inactive,1.0,CCCc1nc(C)c2c(=O)[nH]c(-c3c(OCC)ccc(S(=O)(=O)N4CCN(CC)CC4)c3)nn12,False,spectrum
Vatalanib 2HCl,inactive,1.0,Clc1ccc(Nc2nnc(Cc3ccncc3)c3ccccc23)cc1,False,selleckchem
Vecuronium bromide,inactive,1.0,CC(=O)O[C@H]1CC2CCC3C(CC[C@@]4(C)C3C[C@H]([N+]3(C)CCCCC3)[C@@H]4OC(C)=O)[C@@]2(C)C[C@@H]1N1CCCCC1,False,spectrum
Vemurafenib,inactive,1.0,C1(=CN=C2C(=C1)C(=CN2)C(=O)C3=C(C(=CC=C3F)NS(=O)(=O)CCC)F)C4=CC=C(C=C4)Cl,True,selleckchem
Venlafaxine hydrochloride,inactive,1.0,COc1ccc(C(CN(C)C)C2(O)CCCCC2)cc1,False,spectrum
Verapamil hydrochloride,inactive,1.0,COc1ccc(CCN(C)CCCC(C#N)(c2cc(OC)c(OC)cc2)C(C)C)cc1OC,False,spectrum
Veratric acid,inactive,1.0,COc1c(OC)cc(C(=O)O)cc1,False,spectrum
Veratrine sulfate,inactive,1.0,C/C=C(/C)C(=O)O[C@H]1CC[C@@]2(C)[C@@H]3CC[C@@H]4[C@@]2(C[C@@]2(O)[C@@H]5CN6C[C@@H](C)CC[C@H]6[C@@](C)(O)[C@@]5(O)[C@@H](O)C[C@@]42O)O[C@]13O,False,spectrum
Verbenalin,inactive,1.0,COC(=O)C1=CO[C@@H](O[C@@H]2O[C@H](CO)[C@@H](O)[C@H](O)[C@H]2O)[C@H]2C1C(=O)C[C@@H]2C,False,spectrum
Vidarabine,inactive,1.0,Nc1ncnc2c1ncn2[C@@H]1O[C@H](CO)[C@@H](O)[C@@H]1O,False,spectrum
Vigabatrin,enhancer,1.0,C=CC(N)CCC(=O)O,False,spectrum
Vilazodone hydrochloride,inactive,1.0,N#Cc1cc2c(cc1)[nH]cc2CCCCN1CCN(c2ccc3oc(C(N)=O)cc3c2)CC1,False,spectrum
Vinblastine sulfate,reducer,1.0,CC[C@]1(O)CC2CN(CCc3c([nH]c4ccccc34)[C@@](C(=O)OC)(c3c(OC)cc4c(c3)[C@@]35CCN6CC=C[C@@](CC)([C@@H](OC(C)=O)[C@](O)(C(=O)OC)[C@@H]3N4C)[C@H]65)C2)C1,True,spectrum
Vincamine,inactive,1.0,CC[C@@]12CCCN3CCc4c([C@@H]31)n(c1c4cccc1)[C@](O)(C(=O)OC)C2,False,spectrum
Vincristine sulfate,reducer,1.0,CC[C@]1(O)CC2CN(CCc3c([nH]c4ccccc34)[C@@](C(=O)OC)(c3c(OC)cc4c(c3)[C@@]35CCN6CC=C[C@@](CC)([C@@H](OC(C)=O)[C@](O)(C(=O)OC)[C@@H]3N4C=O)[C@H]65)C2)C1,True,spectrum
Vinpocetine,inactive,1.0,CCOC(=O)C1=C[C@]2(CC)CCCN3CCc4c([C@@H]32)n1c1c4cccc1,False,spectrum
Violastyrene,inactive,1.0,COc1cc(C/C=C/c2ccccc2)c(OC)cc1O,False,spectrum
Viomycin sulfate,inactive,1.0,NCCC[C@H](N)CC(=O)NC1CNC(=O)[C@H]([C@H]2C[C@H](O)NC(N)=N2)NC(=O)/C(=C/NC(N)=O)NC(=O)[C@H](CO)NC(=O)[C@H](CO)NC1=O,False,spectrum
Visnagin,inactive,1.0,COc1c2c(=O)cc(C)oc2cc2c1cco2,False,spectrum
Voriconazole,inactive,1.0,C[C@@H](c1c(F)cncn1)[C@](O)(Cn1cncn1)c1c(F)cc(F)cc1,False,spectrum
Vulpinic acid,inactive,1.0,COC(=O)/C(=C1\OC(=O)C(c2ccccc2)=C1O)c1ccccc1,False,spectrum
Vx-680,inactive,1.0,C1(=CC(=NC(=N1)SC2=CC=C(C=C2)NC(=O)C3CC3)N4CCN(CC4)C)NC5C=C(NN=5)C,False,selleckchem
Vx-702,inactive,1.0,C1=CC(=C(C(=C1)F)N(C2=NC(=C(C=C2)C(N)=O)C3=C(C=C(C=C3)F)F)C(=O)N)F,False,selleckchem
Warfarin,inactive,1.0,CC(=O)CC(c1ccccc1)c1c(O)c2ccccc2oc1=O,False,spectrum
Way-600,reducer,1.0,C12=C(C=CC(=C1)C3=NC4=C(C(=N3)N5CCOCC5)C=NN4C6CCN(CC6)CC7=CC=CN=C7)NC=C2,False,selleckchem
Whi-p154,inactive,0.5,N1C=NC(=C2C=C(C(=CC=12)OC)OC)NC3C=C(C(=CC=3)O)Br,False,selleckchem
Wortmannin,inactive,1.0,C1(C2C3[C@]([C@H](O1)COC)(C4=C(C(C=3OC=2)=O)[C@@]5(CCC([C@@](C[C@@H]4OC(=O)C)5C)=O)[H])C)=O,False,selleckchem
Wp1066,inactive,1.0,C(/C(=C/C1C=CC=C(N=1)Br)C#N)(=O)N[C@@H](C)C2C=CC=CC=2,False,selleckchem
Wp1130,reducer,1.0,C1(=CC=CC(=N1)/C=C(/C(N[C@H](C2=CC=CC=C2)CCC)=O)C#N)Br,False,selleckchem
Wye-125132,reducer,1.0,C1(=NC(=NC2=C1C=NN2C3CCC4(CC3)OCCO4)C5=CC=C(C=C5)NC(=O)NC)N6CC7CCC(O7)C6,False,selleckchem
Wye-354,reducer,1.0,C1=C(C=CC(=C1)C2=NC3=C(C(=N2)N4CCOCC4)C=NN3C5CCN(CC5)C(=O)OC)NC(OC)=O,False,selleckchem
Wye-687,reducer,1.0,C1=C(C=CC(=C1)C2=NC3=C(C(=N2)N4CCOCC4)C=NN3C5CCN(CC5)CC6=CC=CN=C6)NC(OC)=O,False,selleckchem
Wz3146,reducer,1.0,C1(=CC=C(C=C1)NC2=NC=C(C(=N2)OC3=CC(=CC=C3)NC(C=C)=O)Cl)N4CCN(CC4)C,False,selleckchem
Wz4002,inactive,0.5,C1(=CC(=C(C=C1)NC2=NC=C(C(=N2)OC3=CC(=CC=C3)NC(C=C)=O)Cl)OC)N4CCN(CC4)C,False,selleckchem
Wz8040,inactive,0.5,C1(=CC=C(C=C1)NC2=NC=C(C(=N2)SC3=CC(=CC=C3)NC(C=C)=O)Cl)N4CCN(CC4)C,False,selleckchem
Xanthone,inactive,1.0,O=c1c2c(cccc2)oc2c1cccc2,False,spectrum
Xanthopterin,inactive,1.0,Nc1nc2c([nH]c(=O)cn2)c(=O)[nH]1,False,spectrum
Xanthoxylin,inactive,1.0,COc1cc(O)c(C(C)=O)c(OC)c1,False,spectrum
Xanthurenic acid,reducer,1.0,O=C(O)c1cc(O)c2cccc(O)c2n1,False,spectrum
Xanthyletin,inactive,1.0,CC1(C)C=Cc2c(cc3oc(=O)ccc3c2)O1,False,spectrum
Xl-184,enhancer,0.5,COc1cc2nccc(Oc3ccc(NC(=O)C4(C(=O)Nc5ccc(F)cc5)CC4)cc3)c2cc1OC,True,selleckchem
Xl147,inactive,1.0,C1=CC=C2C(=C1)N=C(C(=N2)NS(=O)(=O)C3=CC=C(C=C3)C)NC4=CC5C(C=C4)=NSN=5,False,selleckchem
Xl765,inactive,1.0,C12=CC=CC=C1N=C(C(=N2)NC3=CC(=CC(=C3)OC)OC)NS(C4=CC=C(C=C4)NC(=O)C5=CC=C(C(=C5)OC)C)(=O)=O,False,selleckchem
Xylazine,inactive,1.0,Cc1c(NC2=NCCCS2)c(C)ccc1,False,spectrum
Xylocarpus a,inactive,1.0,COC(=O)CC1C(C)(C)C(OC(C)=O)[C@@H]2[C@@H](OC(C)=O)[C@]34O[C@@]2(O)[C@]1(C)C3CC[C@]1(C)C4=CC(=O)O[C@H]1c1cocc1,False,spectrum
Xylometazoline hydrochloride,inactive,1.0,Cc1c(CC2=NCCN2)c(C)cc(C(C)(C)C)c1,False,spectrum
Xylose,inactive,1.0,O=C[C@H](O)[C@@H](O)[C@H](O)CO,False,spectrum
Y-27632 2HCl,inactive,1.0,[C@@H]1(CC[C@@H](CC1)[C@@H](C)N)C(=O)NC2(C=CN=CC=2).Cl.Cl,False,selleckchem
Ym201636,inactive,1.0,C1C(=CC=C(N=1)N)C(=O)NC2C=C(C=CC=2)C3N=C4C(=C(N=3)N5CCOCC5)OC6C(=CC=CN=6)4,False,selleckchem
Yohimbic acid hydrate,inactive,1.0,O=C(O)[C@H]1[C@@H](O)CC[C@H]2CN3CCc4c([nH]c5ccccc45)[C@@H]3C[C@@H]21,False,spectrum
Yohimbine hydrochloride,inactive,1.0,COC(=O)C1[C@@H](O)CC[C@H]2CN3CCc4c([nH]c5ccccc45)[C@@H]3C[C@H]12,False,spectrum
Zalcitabine,inactive,1.0,Nc1nc(=O)n([C@H]2CC[C@@H](CO)O2)cc1,False,spectrum
Zaleplon,inactive,1.0,CCN(C(C)=O)c1cc(-c2ccnc3c(C#N)cnn23)ccc1,False,spectrum
Zaprinast,inactive,1.0,CCCOc1c(-c2nc3c(nn[nH]3)c(=O)[nH]2)cccc1,False,spectrum
Zidovudine,inactive,1.0,Cc1cn([C@H]2C[C@H](N=[N+]=[N-])[C@@H](CO)O2)c(=O)[nH]c1=O,False,spectrum
Zileuton,inactive,1.0,CC(c1cc2ccccc2s1)N(O)C(N)=O,False,spectrum
Zinc undecylenate,inactive,1.0,C=CCCCCCCCCC(=O)[O-].C=CCCCCCCCCC(=O)[O-].NCCO.NCCO.[Zn+2],False,spectrum
Ziprasidone mesylate,inactive,1.0,O=C1Cc2c(cc(Cl)c(CCN3CCN(c4nsc5c4cccc5)CC3)c2)N1,False,spectrum
Zm 336372,inactive,1.0,C1(=CC=CC(=C1)C(NC2=CC(=C(C=C2)C)NC(C3=CC=C(C=C3)O)=O)=O)N(C)C,False,selleckchem
Zm-447439,inactive,1.0,O1CCN(CC1)CCCOC2=C(C=C3C(=C2)N=CN=C3NC4=CC=C(C=C4)NC(=O)C5=CC=CC=C5)OC,False,selleckchem
Zolmitriptan,inactive,1.0,CN(C)CCc1c[nH]c2ccc(C[C@H]3COC(=O)N3)cc12,False,spectrum
Zolpidem,inactive,1.0,Cc1ccc(-c2c(CC(=O)N(C)C)n3cc(C)ccc3n2)cc1,False,spectrum
Zomepirac sodium,inactive,1.0,Cc1c(C(=O)c2ccc(Cl)cc2)n(C)c(CC(=O)O)c1,False,spectrum
Zoxazolamine,inactive,1.0,Nc1nc2c(ccc(Cl)c2)o1,False,spectrum
Zstk474,reducer,1.0,N1=C(N=C(N=C1N2CCOCC2)N3C4=C(N=C3C(F)F)C=CC=C4)N5CCOCC5,False,selleckchem
alpha-CYANO-3-HYDROXYCINNAMIC ACID,inactive,1.0,N#C/C(=C\c1cc(O)ccc1)C(=O)O,False,spectrum
alpha-CYANO-4-HYDROXYCINNAMIC ACID,inactive,1.0,N#C/C(=C\c1ccc(O)cc1)C(=O)O,False,spectrum
alpha-HYDROXYDEOXYCHOLIC ACID,inactive,1.0,CC(CCC(=O)O)[C@H]1CCC2C3C[C@H](O)[C@@H]4C[C@H](O)CC[C@]4(C)C3CC[C@@]21C,False,spectrum
alpha-MANGOSTIN,inactive,1.0,COc1c(O)cc2oc3cc(O)c(CC=C(C)C)c(O)c3c(=O)c2c1CC=C(C)C,False,spectrum
alpha-METHYL-L-TYROSINE,enhancer,1.0,C[C@](N)(Cc1ccc(O)cc1)C(=O)O,False,spectrum
alpha-TOCHOPHEROL,inactive,1.0,Cc1c(O)c(C)c2CCC(C)(CCCC(C)CCCC(C)CCCC(C)C)Oc2c1C,False,spectrum
alpha-TOCHOPHERYL ACETATE,inactive,1.0,CC(=O)Oc1c(C)c(C)c2OC(C)(CCCC(C)CCCC(C)CCCC(C)C)CCc2c1C,False,spectrum
alpha-TOXICAROL,reducer,0.6,COc1cc2c(cc1OC)C1C(=O)c3c(OC1CO2)c1c(cc3O)OC(C)(C)C=C1,False,spectrum
beta-AMYRIN,inactive,1.0,CC1(C)CC[C@]2(C)CC[C@]3(C)C(=CCC4[C@@]5(C)CC[C@H](O)C(C)(C)C5CC[C@]43C)C2C1,False,spectrum
beta-AMYRIN ACETATE,inactive,1.0,CC(=O)O[C@H]1CC[C@@]2(C)C(CC[C@]3(C)C2CC=C2C4CC(C)(C)CC[C@]4(C)CC[C@]23C)C1(C)C,False,spectrum
beta-CAROTENE,inactive,1.0,CC1=C(/C=C/C(C)=C/C=C/C(C)=C/C=C/C=C(C)/C=C/C=C(C)/C=C/C2=C(C)CCCC2(C)C)C(C)(C)CCC1,False,spectrum
beta-CARYOPHYLLENE ALCOHOL,inactive,1.0,CC12CCCC(O)(C1)C1CC(C)(C)C1CC2,False,spectrum
beta-NAPHTHOL,inactive,1.0,Oc1ccc2ccccc2c1,False,spectrum
beta-SITOSTEROL,inactive,1.0,CCC(CCC(C)[C@H]1CCC2C3CC=C4C[C@@H](O)CC[C@]4(C)C3CC[C@@]21C)C(C)C,False,spectrum
d-LIMONENE,inactive,1.0,C=C(C)C1CC=C(C)CC1,False,spectrum
d.l-threo-3-HYDROXYASPARTIC ACID,inactive,1.0,NC(C(=O)O)C(O)C(=O)O,False,spectrum
gamma-AMINOBUTYRIC ACID,inactive,1.0,NCCCC(=O)O,False,spectrum
meta-CRESYL ACETATE,inactive,1.0,CC(=O)Oc1cc(C)ccc1,False,spectrum
