target_chembl_id,smiles,original_smiles,pchembl_value,assay_chembl_id,assay_description,activity_id,assay_type,standard_type,confidence_score,standard_relation,target_organism,molecule_chembl_id,document_chembl_id,assay_tissue,assay_cell_type,relationship_description,variant_sequence,indication_class,max_phase,oral,prodrug,withdrawn_flag,might_rancemic,pchembl_value_mean,pchembl_value_std,pchembl_value_median,pchembl_value_mad,pchembl_value_counts,QSPRID,pchembl_value_median_original,Split_IsTrain
CHEMBL226,CCCn1c(=O)c2c(nc3cc(OC)ccn32)n(Cc2ccccc2)c1=O,CCCn1c(=O)c2c(nc3cc(OC)ccn32)n(Cc2ccccc2)c1=O,6.75,CHEMBL641818,Displacement of [3H]DPCPX from CHO cell membrane expressing human Adenosine A1 receptor,1220163,B,Ki,9,=,Homo sapiens,CHEMBL113634,CHEMBL1135743,,CHO,Direct protein target assigned,,,,False,-1,False,False,,,6.75,,,ADORA1_Ki_0008,6.75,False
CHEMBL226,CCCC1C(=O)c2nc(CN3N=C(Cl)CCC3=O)[nH]c2N(C)C1=O,CCCC1C(=O)c2nc(CN3N=C(Cl)CCC3=O)[nH]c2N(C)C1=O,5.039999961853027,CHEMBL633815,Binding affinity at adenosine A1 receptor.,684788,B,Ki,8,=,Homo sapiens,CHEMBL95071,CHEMBL1148458,,,Homologous protein target assigned,,,,False,-1,False,False,,,5.039999961853027,,,ADORA1_Ki_0014,5.039999961853027,False
CHEMBL226,CCCC1C(=O)c2nc(CCN3N=C(c4ccccc4)CCC3=O)[nH]c2N(C)C1=O,CCCC1C(=O)c2nc(CCN3N=C(c4ccccc4)CCC3=O)[nH]c2N(C)C1=O,6.119999885559082,CHEMBL633815,Binding affinity at adenosine A1 receptor.,688807,B,Ki,8,=,Homo sapiens,CHEMBL93615,CHEMBL1148458,,,Homologous protein target assigned,,,,False,-1,False,False,,,6.119999885559082,,,ADORA1_Ki_0017,6.119999885559082,False
CHEMBL226,CC1C(=O)c2nc(CCCCN3N=C(c4ccccc4)CCC3=O)[nH]c2N(C)C1=O,CC1C(=O)c2nc(CCCCN3N=C(c4ccccc4)CCC3=O)[nH]c2N(C)C1=O,5.670000076293945,CHEMBL633815,Binding affinity at adenosine A1 receptor.,709939,B,Ki,8,=,Homo sapiens,CHEMBL94531,CHEMBL1148458,,,Homologous protein target assigned,,,,False,-1,False,False,,,5.670000076293945,,,ADORA1_Ki_0023,5.670000076293945,False
CHEMBL226,CC1C(=O)c2nc(CCCN3N=C(Cl)CCC3=O)[nH]c2N(C)C1=O,CC1C(=O)c2nc(CCCN3N=C(Cl)CCC3=O)[nH]c2N(C)C1=O,5.059999942779541,CHEMBL633815,Binding affinity at adenosine A1 receptor.,713748,B,Ki,8,=,Homo sapiens,CHEMBL330275,CHEMBL1148458,,,Homologous protein target assigned,,,,False,-1,False,False,,,5.059999942779541,,,ADORA1_Ki_0026,5.059999942779541,False
CHEMBL226,Cn1c(-c2cccc(F)c2)nc2c(N)nc(C#CC3(O)CCCCC3)nc21,Cn1c(-c2cccc(F)c2)nc2c(N)nc(C#CC3(O)CCCCC3)nc21,7.849999904632568,CHEMBL637242,Binding Affinity towards Adenosine A1 receptor expressed in CHO-K1 cells versus [3H]CCPA,1295658,B,Ki,8,=,Homo sapiens,CHEMBL48153,CHEMBL1134604,,CHO-K1,Homologous protein target assigned,,,,False,-1,False,False,,,7.849999904632568,,,ADORA1_Ki_0032,7.849999904632568,False
CHEMBL226,Cn1c(-c2cccc(F)c2)nc2c(N)nc(C#CC(C)(C)O)nc21,Cn1c(-c2cccc(F)c2)nc2c(N)nc(C#CC(C)(C)O)nc21,7.519999980926514,CHEMBL637242,Binding Affinity towards Adenosine A1 receptor expressed in CHO-K1 cells versus [3H]CCPA,1298597,B,Ki,8,=,Homo sapiens,CHEMBL300624,CHEMBL1134604,,CHO-K1,Homologous protein target assigned,,,,False,-1,False,False,,,7.519999980926514,,,ADORA1_Ki_0033,7.519999980926514,False
CHEMBL226,CC(C)Nc1nc(C#Cc2ccccc2)nc2c1ncn2C1OC(CO)C(O)C1O,CC(C)Nc1nc(C#Cc2ccccc2)nc2c1ncn2[C@@H]1O[C@H](CO)[C@@H](O)[C@H]1O,6.369999885559082,CHEMBL643491,Binding affinity against Human recombinant Adenosine A1 receptor stably transfected in CHO cells using [3H]CCPA as radioligand,220736,B,Ki,8,=,Homo sapiens,CHEMBL2113551,CHEMBL1135517,,CHO,Homologous protein target assigned,,,,False,-1,False,False,,,6.369999885559082,,,ADORA1_Ki_0043,6.369999885559082,False
CHEMBL226,C#CCn1c(=O)c2c(nc(C=Cc3cccc(OC)c3)n2C)n(CCCO)c1=O,C#CCn1c(=O)c2c(nc(/C=C/c3cccc(OC)c3)n2C)n(CCCO)c1=O,5.599999904632568,CHEMBL643492,Binding affinity against human adenosine A1 receptor using [3H]-CCPA (95% confidence),1107430,B,Ki,9,=,Homo sapiens,CHEMBL413079,CHEMBL1133582,,,Direct protein target assigned,,,,False,-1,False,False,,,5.599999904632568,,,ADORA1_Ki_0044,5.599999904632568,False
CHEMBL226,Cc1ccc2c(O)cc(-c3ccc([N+](=O)[O-])cc3)nc2n1,Cc1ccc2c(O)cc(-c3ccc([N+](=O)[O-])cc3)nc2n1,5.510000228881836,CHEMBL643493,Binding affinity against adenosine A1 receptor in human cortical membranes using [3H]CHA as radioligand,343686,B,Ki,8,=,Homo sapiens,CHEMBL316630,CHEMBL1149169,,,Homologous protein target assigned,,,,False,-1,False,False,,,5.510000228881836,,,ADORA1_Ki_0051,5.510000228881836,False
CHEMBL226,Cc1ccc2c(O)cc(-c3ccccc3F)nc2n1,Cc1ccc2c(O)cc(-c3ccccc3F)nc2n1,6.309999942779541,CHEMBL643493,Binding affinity against adenosine A1 receptor in human cortical membranes using [3H]CHA as radioligand,345144,B,Ki,8,=,Homo sapiens,CHEMBL95384,CHEMBL1149169,,,Homologous protein target assigned,,,,False,-1,False,False,,,6.309999942779541,,,ADORA1_Ki_0052,6.309999942779541,False
CHEMBL226,CCCn1c(=O)c2nc(-c3cc(NC(=O)Cc4ccc(F)c(F)c4)nn3C)[nH]c2n(CCC)c1=O,CCCn1c(=O)c2nc(-c3cc(NC(=O)Cc4ccc(F)c(F)c4)nn3C)[nH]c2n(CCC)c1=O,5.71999979019165,CHEMBL643499,Displacement of specific [3H]DPCPX binding at human adenosine A1 receptor expressed in CHO cells,475534,B,Ki,8,=,Homo sapiens,CHEMBL32950,CHEMBL1148292,,CHO,Homologous protein target assigned,,,,False,-1,False,False,,,5.71999979019165,,,ADORA1_Ki_0070,5.71999979019165,False
CHEMBL226,CCCn1c(=O)c2nc(-c3cc(NC(=O)Cc4ccccc4)nn3C)[nH]c2n(CCC)c1=O,CCCn1c(=O)c2nc(-c3cc(NC(=O)Cc4ccccc4)nn3C)[nH]c2n(CCC)c1=O,6.050000190734863,CHEMBL643499,Displacement of specific [3H]DPCPX binding at human adenosine A1 receptor expressed in CHO cells,476713,B,Ki,8,=,Homo sapiens,CHEMBL32481,CHEMBL1148292,,CHO,Homologous protein target assigned,,,,False,-1,False,False,,,6.050000190734863,,,ADORA1_Ki_0073,6.050000190734863,False
CHEMBL226,CCCn1c(=O)c2nc(-c3cc(OCC(=O)Nc4ccc(Cl)c(Cl)c4)nn3C)[nH]c2n(CCC)c1=O,CCCn1c(=O)c2nc(-c3cc(OCC(=O)Nc4ccc(Cl)c(Cl)c4)nn3C)[nH]c2n(CCC)c1=O,6.519999980926514,CHEMBL643499,Displacement of specific [3H]DPCPX binding at human adenosine A1 receptor expressed in CHO cells,498151,B,Ki,8,=,Homo sapiens,CHEMBL32802,CHEMBL1148292,,CHO,Homologous protein target assigned,,,,False,-1,False,False,,,6.519999980926514,,,ADORA1_Ki_0093,6.519999980926514,False
CHEMBL226,CCCn1c(=O)c2nc(-c3ccc(NC(=O)Nc4cccc(Cl)c4)cc3)[nH]c2n(CCC)c1=O,CCCn1c(=O)c2nc(-c3ccc(NC(=O)Nc4cccc(Cl)c4)cc3)[nH]c2n(CCC)c1=O,5.869999885559082,CHEMBL643499,Displacement of specific [3H]DPCPX binding at human adenosine A1 receptor expressed in CHO cells,500624,B,Ki,8,=,Homo sapiens,CHEMBL32751,CHEMBL1148292,,CHO,Homologous protein target assigned,,,,False,-1,False,False,,,5.869999885559082,,,ADORA1_Ki_0096,5.869999885559082,False
CHEMBL226,CCCn1c(=O)c2nc(-c3cc(NC(=O)Cc4ccc(OC)cc4)nn3C)[nH]c2n(CCC)c1=O,CCCn1c(=O)c2nc(-c3cc(NC(=O)Cc4ccc(OC)cc4)nn3C)[nH]c2n(CCC)c1=O,6.070000171661377,CHEMBL643499,Displacement of specific [3H]DPCPX binding at human adenosine A1 receptor expressed in CHO cells,504292,B,Ki,8,=,Homo sapiens,CHEMBL32150,CHEMBL1148292,,CHO,Homologous protein target assigned,,,,False,-1,False,False,,,6.070000171661377,,,ADORA1_Ki_0099,6.070000171661377,False
CHEMBL226,CNC(=O)C1SC(n2cnc3c(NC)nc(Cl)nc32)C(O)C1O,CNC(=O)[C@H]1S[C@@H](n2cnc3c(NC)nc(Cl)nc32)[C@H](O)[C@@H]1O,5.880000114440918,CHEMBL643500,Binding affinity for human Adenosine A1 receptor in CHO cells using [3H]N6-(R)-phenylisopropyladenosine,387523,B,Ki,9,=,Homo sapiens,CHEMBL201706,CHEMBL1145992,,CHO,Direct protein target assigned,,,,False,-1,False,False,,,5.880000114440918,,,ADORA1_Ki_0109,5.880000114440918,False
CHEMBL226,Nc1nc2c(cnn2CCCc2ccc3c(c2)OCO3)c2nc(-c3ccco3)nn12,Nc1nc2c(cnn2CCCc2ccc3c(c2)OCO3)c2nc(-c3ccco3)nn12,5.659999847412109,CHEMBL644141,Displacement of [3H]CHA from human Adenosine A1 receptor expressed in CHO cells,921946,B,Ki,9,=,Homo sapiens,CHEMBL307748,CHEMBL1131246,,CHO,Direct protein target assigned,,,,False,-1,False,False,,,5.659999847412109,,,ADORA1_Ki_0120,5.659999847412109,False
CHEMBL226,O=C(Nc1cccc(Cl)c1)Nc1nc2nn(CCc3ccccc3)cc2c2nc(-c3ccco3)nn12,O=C(Nc1cccc(Cl)c1)Nc1nc2nn(CCc3ccccc3)cc2c2nc(-c3ccco3)nn12,6.599999904632568,CHEMBL644311,Displacement of [3H]DPCPX from human Adenosine A1 receptor expressed in CHO cells,865939,B,Ki,9,=,Homo sapiens,CHEMBL137950,CHEMBL1132457,,CHO,Direct protein target assigned,,,,False,-1,False,False,,,6.599999904632568,,,ADORA1_Ki_0132,6.599999904632568,False
CHEMBL226,Cn1nc2nc(N)n3nc(-c4ccco4)nc3c2c1Nc1ccc(O)cc1,Cn1nc2nc(N)n3nc(-c4ccco4)nc3c2c1Nc1ccc(O)cc1,6.179999828338623,CHEMBL644313,Displacement of [3H]- DPCPX binding at human Adenosine A1 receptor expressed in CHO cells,810293,B,Ki,8,=,Homo sapiens,CHEMBL283572,CHEMBL1136743,,CHO,Homologous protein target assigned,,,,False,-1,False,False,,,6.179999828338623,,,ADORA1_Ki_0149,6.179999828338623,False
CHEMBL226,Nc1nc2c(cnn2CCCc2ccc(S(=O)(=O)O)cc2)c2nc(-c3ccco3)nn12,Nc1nc2c(cnn2CCCc2ccc(S(=O)(=O)O)cc2)c2nc(-c3ccco3)nn12,6.860000133514404,CHEMBL644317,Displacement of [3H]-DPCPX from human Adenosine A1 receptor expressed in CHO cells; ranges from 107-181,1272497,B,Ki,9,=,Homo sapiens,CHEMBL278605,CHEMBL1135389,,CHO,Direct protein target assigned,,,,False,-1,False,False,,,6.860000133514404,,,ADORA1_Ki_0156,6.860000133514404,False
CHEMBL226,CN1CCN(S(=O)(=O)c2ccc(CCn3ncc4c3nc(N)n3nc(-c5ccco5)nc43)cc2)CC1,CN1CCN(S(=O)(=O)c2ccc(CCn3ncc4c3nc(N)n3nc(-c5ccco5)nc43)cc2)CC1,6.429999828338623,CHEMBL644318,Displacement of [3H]DPCPX from human Adenosine A1 receptor expressed in CHO cells; ranges from 324-420,1286402,B,Ki,9,=,Homo sapiens,CHEMBL418564,CHEMBL1135389,,CHO,Direct protein target assigned,,,,False,-1,False,False,,,6.429999828338623,,,ADORA1_Ki_0157,6.429999828338623,False
CHEMBL226,Nc1nc2c(cnn2CCc2ccc(S(=O)(=O)N(CCCl)CCCl)cc2)c2nc(-c3ccco3)nn12,Nc1nc2c(cnn2CCc2ccc(S(=O)(=O)N(CCCl)CCCl)cc2)c2nc(-c3ccco3)nn12,5.28000020980835,CHEMBL644322,Displacement of specific [3H]DPCPX binding at human Adenosine A1 receptor expressed in CHO cells.,1277894,B,Ki,8,=,Homo sapiens,CHEMBL278805,CHEMBL1135389,,CHO,Homologous protein target assigned,,,,False,-1,False,False,,,5.28000020980835,,,ADORA1_Ki_0166,5.28000020980835,False
CHEMBL226,Nc1nc2c(cnn2CCc2ccc(N(CCO)CCO)cc2)c2nc(-c3ccco3)nn12,Nc1nc2c(cnn2CCc2ccc(N(CCO)CCO)cc2)c2nc(-c3ccco3)nn12,6.909999847412109,CHEMBL644322,Displacement of specific [3H]DPCPX binding at human Adenosine A1 receptor expressed in CHO cells.,1300056,B,Ki,8,=,Homo sapiens,CHEMBL22202,CHEMBL1135389,,CHO,Homologous protein target assigned,,,,False,-1,False,False,,,6.909999847412109,,,ADORA1_Ki_0177,6.909999847412109,False
CHEMBL226,Nc1nc2c(cnn2CCCc2cc3c(cc2S(=O)(=O)O)OCO3)c2nc(-c3ccco3)nn12,Nc1nc2c(cnn2CCCc2cc3c(cc2S(=O)(=O)O)OCO3)c2nc(-c3ccco3)nn12,5.190000057220459,CHEMBL644323,Displacement of [3H]DPCPX binding at human Adenosine A1 receptor expressed in CHO cells; ranges from 5697-7171,1298840,B,Ki,9,=,Homo sapiens,CHEMBL22974,CHEMBL1135389,,CHO,Direct protein target assigned,,,,False,-1,False,False,,,5.190000057220459,,,ADORA1_Ki_0179,5.190000057220459,False
CHEMBL226,CCCCn1cc2c(nc(NC(=O)Nc3ccc([N+](=O)[O-])cc3)n3nc(-c4ccco4)nc23)n1,CCCCn1cc2c(nc(NC(=O)Nc3ccc([N+](=O)[O-])cc3)n3nc(-c4ccco4)nc23)n1,6.230000019073486,CHEMBL639528,Displacement of [3H]DPCPX from human Adenosine A1 receptor expressed in CHO cells,725421,B,Ki,9,=,Homo sapiens,CHEMBL167915,CHEMBL1136016,,CHO,Direct protein target assigned,,,,False,-1,False,False,,,6.230000019073486,,,ADORA1_Ki_0184,6.230000019073486,False
CHEMBL226,CCCCn1cc2c(nc(NC(=O)Nc3ccc(C)cc3)n3nc(-c4ccco4)nc23)n1,CCCCn1cc2c(nc(NC(=O)Nc3ccc(C)cc3)n3nc(-c4ccco4)nc23)n1,6.550000190734863,CHEMBL645023,Displacement of [3H]DPCPX from human Adenosine A1 receptor expressed in CHO cells; range 210-376,739019,B,Ki,9,=,Homo sapiens,CHEMBL166684,CHEMBL1136016,,CHO,Direct protein target assigned,,,,False,-1,False,False,,,6.550000190734863,,,ADORA1_Ki_0196,6.550000190734863,False
CHEMBL226,CCCn1cc2c(nc(NC(=O)Nc3ccc(Cl)cc3)n3nc(-c4ccco4)nc23)n1,CCCn1cc2c(nc(NC(=O)Nc3ccc(Cl)cc3)n3nc(-c4ccco4)nc23)n1,6.489999771118164,CHEMBL645033,Displacement of [3H]DPCPX from human Adenosine A1 receptor expressed in CHO cells; range 265-400,736358,B,Ki,9,=,Homo sapiens,CHEMBL164905,CHEMBL1136016,,CHO,Direct protein target assigned,,,,False,-1,False,False,,,6.489999771118164,,,ADORA1_Ki_0205,6.489999771118164,False
CHEMBL226,Cn1cc2c(nc(NC(=O)Nc3ccccc3Cl)n3nc(-c4ccco4)nc23)n1,Cn1cc2c(nc(NC(=O)Nc3ccccc3Cl)n3nc(-c4ccco4)nc23)n1,6.400000095367432,CHEMBL641979,Displacement of [3H]DPCPX from human Adenosine A1 receptor expressed in CHO cells; range 332-479,731449,B,Ki,9,=,Homo sapiens,CHEMBL164281,CHEMBL1136016,,CHO,Direct protein target assigned,,,,False,-1,False,False,,,6.400000095367432,,,ADORA1_Ki_0211,6.400000095367432,False
CHEMBL226,Cn1cc2c(nc(NC(=O)Nc3ccc(Cl)cc3)n3nc(-c4ccco4)nc23)n1,Cn1cc2c(nc(NC(=O)Nc3ccc(Cl)cc3)n3nc(-c4ccco4)nc23)n1,6.369999885559082,CHEMBL641982,Displacement of [3H]DPCPX from human Adenosine A1 receptor expressed in CHO cells; range 351-526,749409,B,Ki,9,=,Homo sapiens,CHEMBL167753,CHEMBL1136016,,CHO,Direct protein target assigned,,,,False,-1,False,False,,,6.369999885559082,,,ADORA1_Ki_0214,6.369999885559082,False
CHEMBL226,CCn1cc2c(nc(NC(=O)Nc3ccc(Cl)c(Cl)c3)n3nc(-c4ccco4)nc23)n1,CCn1cc2c(nc(NC(=O)Nc3ccc(Cl)c(Cl)c3)n3nc(-c4ccco4)nc23)n1,6.28000020980835,CHEMBL875254,Displacement of [3H]DPCPX from human Adenosine A1 receptor expressed in CHO cells; range 453-609,741619,B,Ki,9,=,Homo sapiens,CHEMBL164275,CHEMBL1136016,,CHO,Direct protein target assigned,,,,False,-1,False,False,,,6.28000020980835,,,ADORA1_Ki_0220,6.28000020980835,False
CHEMBL226,CCn1cc2c(nc(NC(=O)Nc3ccc4c(c3)OCO4)n3nc(-c4ccco4)nc23)n1,CCn1cc2c(nc(NC(=O)Nc3ccc4c(c3)OCO4)n3nc(-c4ccco4)nc23)n1,6.099999904632568,CHEMBL640585,Displacement of [3H]DPCPX from human Adenosine A1 receptor expressed in CHO cells; range 724-889,723053,B,Ki,9,=,Homo sapiens,CHEMBL165083,CHEMBL1136016,,CHO,Direct protein target assigned,,,,False,-1,False,False,,,6.099999904632568,,,ADORA1_Ki_0229,6.099999904632568,False
CHEMBL226,O=C(Cc1cccc2ccccc12)Nc1nc2nn(CCc3ccccc3)cc2c2nc(-c3ccco3)nn12,O=C(Cc1cccc2ccccc12)Nc1nc2nn(CCc3ccccc3)cc2c2nc(-c3ccco3)nn12,7.050000190734863,CHEMBL640560,Displacement of [3H]DPCPX from human Adenosine A1 receptor expressed in CHO cells,70347,B,Ki,9,=,Homo sapiens,CHEMBL135719,CHEMBL1145112,,CHO,Direct protein target assigned,,,,False,-1,False,False,,,7.050000190734863,,,ADORA1_Ki_0240,7.050000190734863,False
CHEMBL226,Nc1nc(N=NNC(=O)Nc2cccc(Cl)c2)nc2c1ncn2C1OC(CO)C(O)C1O,Nc1nc(/N=N/NC(=O)Nc2cccc(Cl)c2)nc2c1ncn2C1O[C@H](CO)[C@@H](O)[C@H]1O,7.820000171661377,CHEMBL643030,In vitro binding affinity towards human adenosine A1 receptor by [3H]DPCPX displacement.,501816,B,Ki,8,=,Homo sapiens,CHEMBL605486,CHEMBL1136764,,,Homologous protein target assigned,,,,False,-1,False,False,,,7.820000171661377,,,ADORA1_Ki_0270,7.820000171661377,False
CHEMBL226,COc1ccc(NC(=O)Nc2nc3nn(C(C)(C)C)cc3c3nc(-c4ccco4)nn23)cc1,COc1ccc(NC(=O)Nc2nc3nn(C(C)(C)C)cc3c3nc(-c4ccco4)nn23)cc1,6.099999904632568,CHEMBL643051,Displacement of [3H]DPCPX from human adenosine A1 receptor expressed in CHO cells; range 632-1003,1007395,B,Ki,9,=,Homo sapiens,CHEMBL357663,CHEMBL1133118,,CHO,Direct protein target assigned,,,,False,-1,False,False,,,6.099999904632568,,,ADORA1_Ki_0296,6.099999904632568,False
CHEMBL226,CC(C)CCn1cc2c(nc(NC(=O)Nc3cccc(Cl)c3)n3nc(-c4ccco4)nc23)n1,CC(C)CCn1cc2c(nc(NC(=O)Nc3cccc(Cl)c3)n3nc(-c4ccco4)nc23)n1,7.0,CHEMBL643055,Displacement of [3H]DPCPX from human adenosine A1 receptor expressed in CHO cells; range 83-120,993659,B,Ki,9,=,Homo sapiens,CHEMBL359044,CHEMBL1133118,,CHO,Direct protein target assigned,,,,False,-1,False,False,,,7.0,,,ADORA1_Ki_0298,7.0,False
CHEMBL226,O=C(Nc1cccc(Cl)c1)Nc1nc2ccc(Cl)cc2c2nc(-c3ccco3)nn12,O=C(Nc1cccc(Cl)c1)Nc1nc2ccc(Cl)cc2c2nc(-c3ccco3)nn12,8.09000015258789,CHEMBL637697,Displacement of [3H]-DPCPX from human adenosine A1 receptor expressed in CHO cells; range 6.9-9.7,1007404,B,Ki,9,=,Homo sapiens,CHEMBL141550,CHEMBL1133118,,CHO,Direct protein target assigned,,,,False,-1,False,False,,,8.09000015258789,,,ADORA1_Ki_0305,8.09000015258789,False
CHEMBL226,O=C(NC1CCC1)OCC1OC(n2cnc3c(NC4CCOC4)ncnc32)C(O)C1O,O=C(NC1CCC1)OC[C@H]1OC(n2cnc3c(NC4CCOC4)ncnc32)[C@H](O)[C@@H]1O,6.510000228881836,CHEMBL645034,Binding affinity for adenosine A1 receptor determined using hamster DDT1 cell membranes with [3H]CCPA as radioligand,865116,B,Ki,8,=,Homo sapiens,CHEMBL149735,CHEMBL1137938,,DDT1,Homologous protein target assigned,,,,False,-1,False,False,,,6.510000228881836,,,ADORA1_Ki_0308,6.510000228881836,False
CHEMBL226,CCCN=C(S)OCC1OC(n2cnc3c(NC4CCOC4)ncnc32)C(O)C1O,CCC/N=C(\S)OC[C@H]1OC(n2cnc3c(NC4CCOC4)ncnc32)[C@H](O)[C@@H]1O,7.300000190734863,CHEMBL645034,Binding affinity for adenosine A1 receptor determined using hamster DDT1 cell membranes with [3H]CCPA as radioligand,867710,B,Ki,8,=,Homo sapiens,CHEMBL149520,CHEMBL1137938,,DDT1,Homologous protein target assigned,,,,False,-1,False,False,,,7.300000190734863,,,ADORA1_Ki_0314,7.300000190734863,False
CHEMBL226,OC1C(COC(S)=NC2CC2)OC(n2cnc3c(NC4CCOC4)ncnc32)C1O,O[C@@H]1[C@@H](CO/C(S)=N/C2CC2)OC(n2cnc3c(NC4CCOC4)ncnc32)[C@@H]1O,6.800000190734863,CHEMBL645034,Binding affinity for adenosine A1 receptor determined using hamster DDT1 cell membranes with [3H]CCPA as radioligand,867718,B,Ki,8,=,Homo sapiens,CHEMBL151074,CHEMBL1137938,,DDT1,Homologous protein target assigned,,,,False,-1,False,False,,,6.800000190734863,,,ADORA1_Ki_0315,6.800000190734863,False
CHEMBL226,C=CCN=C(S)OCC1OC(n2cnc3c(NC4CCOC4)ncnc32)C(O)C1O,C=CC/N=C(\S)OC[C@H]1OC(n2cnc3c(NC4CCOC4)ncnc32)[C@H](O)[C@@H]1O,7.460000038146973,CHEMBL645034,Binding affinity for adenosine A1 receptor determined using hamster DDT1 cell membranes with [3H]CCPA as radioligand,873900,B,Ki,8,=,Homo sapiens,CHEMBL150200,CHEMBL1137938,,DDT1,Homologous protein target assigned,,,,False,-1,False,False,,,7.460000038146973,,,ADORA1_Ki_0318,7.460000038146973,False
CHEMBL226,CN=C(S)OCC1OC(n2cnc3c(NC4CCOC4)nc(Cl)nc32)C(O)C1O,C/N=C(\S)OC[C@H]1OC(n2cnc3c(NC4CCOC4)nc(Cl)nc32)[C@H](O)[C@@H]1O,7.150000095367432,CHEMBL645034,Binding affinity for adenosine A1 receptor determined using hamster DDT1 cell membranes with [3H]CCPA as radioligand,881321,B,Ki,8,=,Homo sapiens,CHEMBL358227,CHEMBL1137938,,DDT1,Homologous protein target assigned,,,,False,-1,False,False,,,7.150000095367432,,,ADORA1_Ki_0321,7.150000095367432,False
CHEMBL226,CNC(=O)OCC1OC(n2cnc3c(NC4CCOC4)ncnc32)C(O)C1O,CNC(=O)OC[C@H]1OC(n2cnc3c(NC4CCOC4)ncnc32)[C@H](O)[C@@H]1O,6.849999904632568,CHEMBL645034,Binding affinity for adenosine A1 receptor determined using hamster DDT1 cell membranes with [3H]CCPA as radioligand,889946,B,Ki,8,=,Homo sapiens,CHEMBL150950,CHEMBL1137938,,DDT1,Homologous protein target assigned,,,,False,-1,False,False,,,6.849999904632568,,,ADORA1_Ki_0325,6.849999904632568,False
CHEMBL226,N#Cc1c(N)nc(SCCO)c(C#N)c1-c1cccc(F)c1,N#Cc1c(N)nc(SCCO)c(C#N)c1-c1cccc(F)c1,7.400000095367432,CHEMBL841776,Displacement of [3H]DPCPX binding to human adenosine A1 receptor expressed in CHO cells,1404225,B,Ki,9,=,Homo sapiens,CHEMBL179198,CHEMBL1145202,,CHO,Direct protein target assigned,,,,False,-1,False,False,,,7.400000095367432,,,ADORA1_Ki_0354,7.400000095367432,False
CHEMBL226,COc1cccc(-c2c(C#N)c(N)nc(SCCO)c2C#N)c1,COc1cccc(-c2c(C#N)c(N)nc(SCCO)c2C#N)c1,8.369999885559082,CHEMBL841776,Displacement of [3H]DPCPX binding to human adenosine A1 receptor expressed in CHO cells,1404391,B,Ki,9,=,Homo sapiens,CHEMBL176254,CHEMBL1145202,,CHO,Direct protein target assigned,,,,False,-1,False,False,,,8.369999885559082,,,ADORA1_Ki_0366,8.369999885559082,False
CHEMBL226,CCc1ccccc1Nc1nc(NC2CCCCC2)c2[nH]cnc2n1,CCc1ccccc1Nc1nc(NC2CCCCC2)c2[nH]cnc2n1,5.5,CHEMBL829629,Percent inhibition of [3H]DPCPX binding to human adenosine A1 receptor expressed in CHO cells at 10 uM,1481961,B,Ki,9,=,Homo sapiens,CHEMBL426076,CHEMBL1140335,,CHO,Direct protein target assigned,,,,False,-1,False,False,,,5.5,,,ADORA1_Ki_0402,5.5,False
CHEMBL226,c1ccc(Oc2nc3ncnc-3c(NC3CCCCC3)[nH]2)cc1,c1ccc(Oc2nc3ncnc-3c(NC3CCCCC3)[nH]2)cc1,4.579999923706055,CHEMBL829118,Percent inhibition of [3H]DPCPX binding to human adenosine A1 receptor expressed in CHO cells at 10 uM,1482078,B,Ki,9,=,Homo sapiens,CHEMBL363419,CHEMBL1140335,,CHO,Direct protein target assigned,,,,False,-1,False,False,,,4.579999923706055,,,ADORA1_Ki_0408,4.579999923706055,False
CHEMBL226,CCNC(=O)C1OC(n2cnc3c(NC(=O)Nc4ccc(S(N)(=O)=O)cc4)ncnc32)C(O)C1O,CCNC(=O)[C@H]1O[C@@H](n2cnc3c(NC(=O)Nc4ccc(S(N)(=O)=O)cc4)ncnc32)[C@H](O)[C@@H]1O,7.519999980926514,CHEMBL829685,Displacement of [3H]CHA binding to Adenosine A1 receptor expressed in CHO cells,1473560,B,Ki,9,=,Homo sapiens,CHEMBL265587,CHEMBL1138800,,CHO,Direct protein target assigned,,,,False,-1,False,False,,,7.519999980926514,,,ADORA1_Ki_0414,7.519999980926514,False
CHEMBL226,CCNC(=O)C1OC(n2cnc3c(NC(=O)Nc4ccc(S(=O)(=O)N5CC=CC5)cc4)ncnc32)C(O)C1O,CCNC(=O)[C@H]1OC(n2cnc3c(NC(=O)Nc4ccc(S(=O)(=O)N5CC=CC5)cc4)ncnc32)[C@H](O)[C@@H]1O,6.599999904632568,CHEMBL829685,Displacement of [3H]CHA binding to Adenosine A1 receptor expressed in CHO cells,1474075,B,Ki,9,=,Homo sapiens,CHEMBL610846,CHEMBL1138800,,CHO,Direct protein target assigned,,,,False,-1,False,False,,,6.599999904632568,,,ADORA1_Ki_0432,6.599999904632568,False
CHEMBL226,CCCn1c(=O)c2c(nc3[nH]c(C(C)C)cn32)n(Cc2ccccc2)c1=O,CCCn1c(=O)c2c(nc3[nH]c(C(C)C)cn32)n(Cc2ccccc2)c1=O,6.340000152587891,CHEMBL839981,Inhibition of [3H]DPCPX binding to human A1 receptors expressed in CHO cells; range is 424 to 498,1492013,B,Ki,9,=,Homo sapiens,CHEMBL188269,CHEMBL1140322,,CHO,Direct protein target assigned,,,,False,-1,False,False,,,6.340000152587891,,,ADORA1_Ki_0438,6.340000152587891,False
CHEMBL226,Cc1nccn1-c1sc(Nc2cnccn2)nc1-c1cccc(C#N)c1,Cc1nccn1-c1sc(Nc2cnccn2)nc1-c1cccc(C#N)c1,6.710000038146973,CHEMBL829635,Displacement of [3H]DPCPX from human adenosine A1 receptors transfected in CHO cells,1523657,B,Ki,9,=,Homo sapiens,CHEMBL2113096,CHEMBL1139627,,CHO,Direct protein target assigned,,,,False,-1,False,False,,,6.710000038146973,,,ADORA1_Ki_0457,6.710000038146973,False
CHEMBL226,Cc1ccc2c(O)c(C(=O)NCc3ccccc3)cnc2n1,Cc1ccc2c(O)c(C(=O)NCc3ccccc3)cnc2n1,6.199999809265137,CHEMBL884788,Inhibition of [3H]CHA binding to adenosine A1 receptor of human brain cortical membrane,1604932,B,Ki,9,=,Homo sapiens,CHEMBL194331,CHEMBL1143448,,,Direct protein target assigned,,,,False,-1,False,False,,,6.199999809265137,,,ADORA1_Ki_0461,6.199999809265137,False
CHEMBL226,Cc1ccc2c(O)c(C(=O)NC3CCC(C)CC3)cnc2n1,Cc1ccc2c(O)c(C(=O)NC3CCC(C)CC3)cnc2n1,5.25,CHEMBL884788,Inhibition of [3H]CHA binding to adenosine A1 receptor of human brain cortical membrane,1604954,B,Ki,9,=,Homo sapiens,CHEMBL194704,CHEMBL1143448,,,Direct protein target assigned,,,,False,-1,False,False,,,5.25,,,ADORA1_Ki_0463,5.25,False
CHEMBL226,COc1ccc(CNC(=O)c2cnc3nc(C)ccc3c2O)cc1,COc1ccc(CNC(=O)c2cnc3nc(C)ccc3c2O)cc1,5.360000133514404,CHEMBL884788,Inhibition of [3H]CHA binding to adenosine A1 receptor of human brain cortical membrane,1604966,B,Ki,9,=,Homo sapiens,CHEMBL197359,CHEMBL1143448,,,Direct protein target assigned,,,,False,-1,False,False,,,5.360000133514404,,,ADORA1_Ki_0465,5.360000133514404,False
CHEMBL226,OCC1OC(n2cnc3c(NC4C5CCC4CC5)ncnc32)C(O)C1O,OC[C@H]1O[C@@H](n2cnc3c(NC4C5CCC4CC5)ncnc32)[C@H](O)[C@@H]1O,9.319999694824219,CHEMBL860161,Displacement of [3H]R-PIA or [3H]CGS 21680 from human adenosine A1 receptor in CHO cells,1652817,B,Ki,9,=,Homo sapiens,CHEMBL176551,CHEMBL1140427,,CHO,Direct protein target assigned,,,,False,-1,False,False,,,9.319999694824219,,,ADORA1_Ki_0482,9.319999694824219,True
CHEMBL226,O=C(NCc1ccccc1)c1nc2c(O)nc3ccccc3n2n1,O=C(NCc1ccccc1)c1nc2c(O)nc3ccccc3n2n1,6.690000057220459,CHEMBL860040,Displacement of [3H]CHA from cloned human adenosine A1 receptor expressed in CHO cells,1652783,B,Ki,9,=,Homo sapiens,CHEMBL334286,CHEMBL1140434,,CHO,Direct protein target assigned,,,,False,-1,False,False,,,6.690000057220459,,,ADORA1_Ki_0490,6.690000057220459,False
CHEMBL226,CCCn1c(=O)c2nc(-c3cnn(Cc4cc(-c5ccccc5OC)on4)c3)[nH]c2n(CCC)c1=O,CCCn1c(=O)c2nc(-c3cnn(Cc4cc(-c5ccccc5OC)on4)c3)[nH]c2n(CCC)c1=O,5.480000019073486,CHEMBL871362,Displacement of [3H]CPX from Adenosine A1 receptor expressed in CHO cells,1665358,B,Ki,9,=,Homo sapiens,CHEMBL200509,CHEMBL1147761,,CHO,Direct protein target assigned,,,,False,-1,False,False,,,5.480000019073486,,,ADORA1_Ki_0501,5.480000019073486,False
CHEMBL226,CCCn1c(=O)c2nc(-c3cnn(Cc4noc(-c5ccc(OC)cc5)n4)c3)[nH]c2n(CCC)c1=O,CCCn1c(=O)c2nc(-c3cnn(Cc4noc(-c5ccc(OC)cc5)n4)c3)[nH]c2n(CCC)c1=O,5.409999847412109,CHEMBL871362,Displacement of [3H]CPX from Adenosine A1 receptor expressed in CHO cells,1665369,B,Ki,9,=,Homo sapiens,CHEMBL200230,CHEMBL1147761,,CHO,Direct protein target assigned,,,,False,-1,False,False,,,5.409999847412109,,,ADORA1_Ki_0511,5.409999847412109,False
CHEMBL226,CCCn1c(=O)c2nc(-c3cnn(Cc4nc(-c5ccc(C(F)(F)F)cc5)no4)c3)[nH]c2n(CCC)c1=O,CCCn1c(=O)c2nc(-c3cnn(Cc4nc(-c5ccc(C(F)(F)F)cc5)no4)c3)[nH]c2n(CCC)c1=O,5.480000019073486,CHEMBL871362,Displacement of [3H]CPX from Adenosine A1 receptor expressed in CHO cells,1665387,B,Ki,9,=,Homo sapiens,CHEMBL199309,CHEMBL1147761,,CHO,Direct protein target assigned,,,,False,-1,False,False,,,5.480000019073486,,,ADORA1_Ki_0527,5.480000019073486,False
CHEMBL226,CNC(=O)C1SC(n2cnc3c(NC4CC4)nc(Cl)nc32)C(O)C1O,CNC(=O)[C@H]1S[C@@H](n2cnc3c(NC4CC4)nc(Cl)nc32)[C@H](O)[C@@H]1O,7.429999828338623,CHEMBL863394,Displacement of [3H]R-PIA from human adenosine A1 receptor transfected in CHO cells,1668858,B,Ki,9,=,Homo sapiens,CHEMBL200184,CHEMBL1148606,,CHO,Direct protein target assigned,,,,False,-1,False,False,,,7.429999828338623,,,ADORA1_Ki_0534,7.429999828338623,False
CHEMBL226,CCNC(=O)C1SC(n2cnc3c(NC4CCCC4)nc(Cl)nc32)C(O)C1O,CCNC(=O)[C@H]1S[C@@H](n2cnc3c(NC4CCCC4)nc(Cl)nc32)[C@H](O)[C@@H]1O,8.699999809265137,CHEMBL863394,Displacement of [3H]R-PIA from human adenosine A1 receptor transfected in CHO cells,1668882,B,Ki,9,=,Homo sapiens,CHEMBL202189,CHEMBL1148606,,CHO,Direct protein target assigned,,,,False,-1,False,False,,,8.699999809265137,,,ADORA1_Ki_0538,8.699999809265137,False
CHEMBL226,CNC(=O)C1SC(n2cnc3c(NCc4ccccc4C)nc(Cl)nc32)C(O)C1O,CNC(=O)[C@H]1S[C@@H](n2cnc3c(NCc4ccccc4C)nc(Cl)nc32)[C@H](O)[C@@H]1O,6.289999961853027,CHEMBL863394,Displacement of [3H]R-PIA from human adenosine A1 receptor transfected in CHO cells,1668938,B,Ki,9,=,Homo sapiens,CHEMBL370187,CHEMBL1148606,,CHO,Direct protein target assigned,,,,False,-1,False,False,,,6.289999961853027,,,ADORA1_Ki_0544,6.289999961853027,False
CHEMBL226,CCCn1c(=O)c2nc(-c3ccc(OCC(=O)NCc4ccccc4)cc3)[nH]c2n(CCC)c1=O,CCCn1c(=O)c2nc(-c3ccc(OCC(=O)NCc4ccccc4)cc3)[nH]c2n(CCC)c1=O,7.199999809265137,CHEMBL853018,Binding affinity to recombinant human adenosine A1 receptor,1674856,B,Ki,9,=,Homo sapiens,CHEMBL275605,CHEMBL1148617,,,Direct protein target assigned,,,,False,-1,False,False,,,7.199999809265137,,,ADORA1_Ki_0555,7.199999809265137,False
CHEMBL226,CCNC(=O)C1OC(n2cnc3c(NCC)nc(C#CC(O)c4cccc(C(=O)OC)c4)nc32)C(O)C1O,CCNC(=O)[C@H]1O[C@@H](n2cnc3c(NCC)nc(C#CC(O)c4cccc(C(=O)OC)c4)nc32)[C@H](O)[C@@H]1O,8.210000038146973,CHEMBL866264,Displacement of [125I]ABA from human adenosine A1 receptor expressed in HEK cells,1709382,B,Ki,9,=,Homo sapiens,CHEMBL383643,CHEMBL1147002,,HEK293,Direct protein target assigned,,,,False,-1,False,False,,,8.210000038146973,,,ADORA1_Ki_0564,8.210000038146973,False
CHEMBL226,CCNC(=O)C1OC(n2cnc3c(NCC)nc(C#CC(O)c4ccccc4[N+](=O)[O-])nc32)C(O)C1O,CCNC(=O)[C@H]1O[C@@H](n2cnc3c(NCC)nc(C#CC(O)c4ccccc4[N+](=O)[O-])nc32)[C@H](O)[C@@H]1O,8.460000038146973,CHEMBL866264,Displacement of [125I]ABA from human adenosine A1 receptor expressed in HEK cells,1709859,B,Ki,9,=,Homo sapiens,CHEMBL205850,CHEMBL1147002,,HEK293,Direct protein target assigned,,,,False,-1,False,False,,,8.460000038146973,,,ADORA1_Ki_0568,8.460000038146973,False
CHEMBL226,c1ccc(-c2nc(-c3ccccc3)c3[nH]c(-c4ccccc4)nc3n2)cc1,c1ccc(-c2nc(-c3ccccc3)c3[nH]c(-c4ccccc4)nc3n2)cc1,7.679999828338623,CHEMBL866934,Displacement of [3H]DPCPX from human adenosine A1 receptor expressed in CHO cells,1712874,B,Ki,9,=,Homo sapiens,CHEMBL378959,CHEMBL1147670,,CHO,Direct protein target assigned,,,,False,-1,False,False,,,7.679999828338623,,,ADORA1_Ki_0594,7.679999828338623,False
CHEMBL226,Cc1ccc(-c2nc(-c3ccccc3)c3[nH]cnc3n2)cc1,Cc1ccc(-c2nc(-c3ccccc3)c3[nH]cnc3n2)cc1,8.399999618530273,CHEMBL866934,Displacement of [3H]DPCPX from human adenosine A1 receptor expressed in CHO cells,1712876,B,Ki,9,=,Homo sapiens,CHEMBL205194,CHEMBL1147670,,CHO,Direct protein target assigned,,,,False,-1,False,False,,,8.399999618530273,,,ADORA1_Ki_0596,8.399999618530273,False
CHEMBL226,Cc1ccc(Nc2[nH]c3ccccc3c3nc(C4CCCC4)nc2-3)cc1,Cc1ccc(Nc2[nH]c3ccccc3c3nc(C4CCCC4)nc2-3)cc1,5.420000076293945,CHEMBL859160,Displacement of [3H]R-PIA from human adenosine A1 receptor in CHO membrane,1719252,B,Ki,9,=,Homo sapiens,CHEMBL210380,CHEMBL1148506,,,Direct protein target assigned,,,,False,-1,False,False,,,5.420000076293945,,,ADORA1_Ki_0599,5.420000076293945,False
CHEMBL226,CCCn1c(=O)c2[nH]c(-c3cnn(Cc4ccccc4)c3)nc2n(CCC)c1=O,CCCn1c(=O)c2[nH]c(-c3cnn(Cc4ccccc4)c3)nc2n(CCC)c1=O,7.119999885559082,CHEMBL870845,Displacement of [3H]CPX from human adenosine A3 receptor expressed in CHO cells,1721566,B,Ki,9,=,Homo sapiens,CHEMBL254725,CHEMBL1148648,,CHO,Direct protein target assigned,,,,False,-1,False,False,,,7.119999885559082,,,ADORA1_Ki_0605,7.119999885559082,False
CHEMBL226,CCCn1c(=O)[nH]c2nc(-c3ccc(S(=O)(=O)N4CCN(Cc5ccccc5)CC4)cc3)[nH]c2c1=O,CCCn1c(=O)[nH]c2nc(-c3ccc(S(=O)(=O)N4CCN(Cc5ccccc5)CC4)cc3)[nH]c2c1=O,5.679999828338623,CHEMBL864797,Displacement of [3H]CCPA from human recombinant adenosine A1 receptor expressed in CHO cells,1742831,B,Ki,9,=,Homo sapiens,CHEMBL212625,CHEMBL1138067,,CHO,Direct protein target assigned,,,,False,-1,False,False,,,5.679999828338623,,,ADORA1_Ki_0642,5.679999828338623,False
CHEMBL226,CCCn1c(=O)c2nc(C34CCC(CCC(=O)O)(CC3)CC4)[nH]c2n(CCC)c1=O,CCCn1c(=O)c2nc([C@]34CC[C@](CCC(=O)O)(CC3)CC4)[nH]c2n(CCC)c1=O,8.130000114440918,CHEMBL908372,Displacement of [125I]ABA from human adenosine A1 receptor expressed in CHOK1 cells,1781426,B,Ki,9,=,Homo sapiens,CHEMBL386974,CHEMBL1137359,,CHO-K1,Direct protein target assigned,,,,False,-1,False,False,,,8.130000114440918,,,ADORA1_Ki_0654,8.130000114440918,False
CHEMBL226,CNc1nc(-n2cc(CC3CCCC3)nn2)nc2c1ncn2C1OC(CO)C(O)C1O,CNc1nc(-n2cc(CC3CCCC3)nn2)nc2c1ncn2[C@@H]1O[C@H](CO)[C@@H](O)[C@H]1O,6.46999979019165,CHEMBL909304,Displacement of [3H]CCPA from human Adenosine A1 receptor expressed in CHO cells,1795723,B,Ki,9,=,Homo sapiens,CHEMBL219256,CHEMBL1137298,,CHO,Direct protein target assigned,,,,False,-1,False,False,,,6.46999979019165,,,ADORA1_Ki_0682,6.46999979019165,False
CHEMBL226,CCC(CC)c1nc2c(-c3ccccc3)cc(-c3ccccc3)nc2[nH]1,CCC(CC)c1nc2c(-c3ccccc3)cc(-c3ccccc3)nc2[nH]1,9.0600004196167,CHEMBL907967,Displacement of [3H]DPCPX from human adenosine A1 receptor expressed in CHO cells,1818115,B,Ki,9,=,Homo sapiens,CHEMBL385109,CHEMBL1141417,,CHO,Direct protein target assigned,,,,False,-1,False,False,,,9.0600004196167,,,ADORA1_Ki_0718,9.0600004196167,False
CHEMBL226,CC(C)c1nc2c(-c3ccccc3)cc(-c3ccccc3)nc2[nH]1,CC(C)c1nc2c(-c3ccccc3)cc(-c3ccccc3)nc2[nH]1,9.210000038146973,CHEMBL907967,Displacement of [3H]DPCPX from human adenosine A1 receptor expressed in CHO cells,1818117,B,Ki,9,=,Homo sapiens,CHEMBL221343,CHEMBL1141417,,CHO,Direct protein target assigned,,,,False,-1,False,False,,,9.210000038146973,,,ADORA1_Ki_0720,9.210000038146973,False
CHEMBL226,CNC(=O)C1OC(n2cnc3c(NOC)nc(C#Cc4ccc(C(C)=O)cc4)nc32)C(O)C1O,CNC(=O)[C@H]1O[C@@H](n2cnc3c(NOC)nc(C#Cc4ccc(C(C)=O)cc4)nc32)[C@H](O)[C@@H]1O,4.269999980926514,CHEMBL917986,Displacement of [3H]CCPA from human recombinant adenosine A1 receptor expressed in CHO cells,1822742,B,Ki,9,=,Homo sapiens,CHEMBL223625,CHEMBL1142938,,CHO,Direct protein target assigned,,,,False,-1,False,False,,,4.269999980926514,,,ADORA1_Ki_0733,4.269999980926514,False
CHEMBL226,CCCCCc1ccc(C#Cc2nc(NOC)c3ncn(C4OC(CO)C(O)C4O)c3n2)cc1,CCCCCc1ccc(C#Cc2nc(NOC)c3ncn([C@@H]4O[C@H](CO)[C@@H](O)[C@H]4O)c3n2)cc1,6.139999866485596,CHEMBL917986,Displacement of [3H]CCPA from human recombinant adenosine A1 receptor expressed in CHO cells,1822755,B,Ki,9,=,Homo sapiens,CHEMBL374320,CHEMBL1142938,,CHO,Direct protein target assigned,,,,False,-1,False,False,,,6.139999866485596,,,ADORA1_Ki_0746,6.139999866485596,False
CHEMBL226,CONc1nc(C#CCC(C)O)nc2c1ncn2C1OC(CO)C(O)C1O,CONc1nc(C#CCC(C)O)nc2c1ncn2[C@@H]1O[C@H](CO)[C@@H](O)[C@H]1O,7.019999980926514,CHEMBL917986,Displacement of [3H]CCPA from human recombinant adenosine A1 receptor expressed in CHO cells,1822761,B,Ki,9,=,Homo sapiens,CHEMBL219888,CHEMBL1142938,,CHO,Direct protein target assigned,,,,False,-1,False,False,,,7.019999980926514,,,ADORA1_Ki_0752,7.019999980926514,False
CHEMBL226,Nc1nc(OCCc2ccsc2)nc2c1ncn2C1OC(CO)C(O)C1O,Nc1nc(OCCc2ccsc2)nc2c1ncn2[C@@H]1O[C@H](CO)[C@@H](O)[C@H]1O,6.550000190734863,CHEMBL918607,Displacement of [3H]CPPA from human adenosine A1 receptor expressed in CHO cells,1831056,B,Ki,9,=,Homo sapiens,CHEMBL225287,CHEMBL1144471,,CHO,Direct protein target assigned,,,,False,-1,False,False,,,6.550000190734863,,,ADORA1_Ki_0764,6.550000190734863,False
CHEMBL226,Nc1nc(OCCc2c[nH]c3ccc(O)cc23)nc2c1ncn2C1OC(CO)C(O)C1O,Nc1nc(OCCc2c[nH]c3ccc(O)cc23)nc2c1ncn2[C@@H]1O[C@H](CO)[C@@H](O)[C@H]1O,6.510000228881836,CHEMBL918607,Displacement of [3H]CPPA from human adenosine A1 receptor expressed in CHO cells,1831153,B,Ki,9,=,Homo sapiens,CHEMBL222500,CHEMBL1144471,,CHO,Direct protein target assigned,,,,False,-1,False,False,,,6.510000228881836,,,ADORA1_Ki_0787,6.510000228881836,False
CHEMBL226,O=C(Nc1cc(-c2ccccc2)nc(-c2ccccc2)n1)C1CCCCC1,O=C(Nc1cc(-c2ccccc2)nc(-c2ccccc2)n1)C1CCCCC1,7.809999942779541,CHEMBL918669,Displacement of [3H]DPCPX from human adenosine A1 receptor expressed in CHO cells,1840808,B,Ki,9,=,Homo sapiens,CHEMBL222496,CHEMBL1149279,,CHO,Direct protein target assigned,,,,False,-1,False,False,,,7.809999942779541,,,ADORA1_Ki_0802,7.809999942779541,False
CHEMBL226,O=C(Nc1cc(-c2ccccc2)nc(-c2ccccc2)n1)C1CCCC1,O=C(Nc1cc(-c2ccccc2)nc(-c2ccccc2)n1)C1CCCC1,8.670000076293945,CHEMBL918669,Displacement of [3H]DPCPX from human adenosine A1 receptor expressed in CHO cells,1840809,B,Ki,9,=,Homo sapiens,CHEMBL375631,CHEMBL1149279,,CHO,Direct protein target assigned,,,,False,-1,False,False,,,8.670000076293945,,,ADORA1_Ki_0803,8.670000076293945,False
CHEMBL226,CC(C)C(=O)Nc1cc(-c2ccccc2)nc(-c2ccccc2)n1,CC(C)C(=O)Nc1cc(-c2ccccc2)nc(-c2ccccc2)n1,7.960000038146973,CHEMBL918669,Displacement of [3H]DPCPX from human adenosine A1 receptor expressed in CHO cells,1840817,B,Ki,9,=,Homo sapiens,CHEMBL222433,CHEMBL1149279,,CHO,Direct protein target assigned,,,,False,-1,False,False,,,7.960000038146973,,,ADORA1_Ki_0811,7.960000038146973,False
CHEMBL226,Cc1cccc(-n2nc3c(NC4CCCCC4)nc4ccccc4n3c2=O)c1,Cc1cccc(-n2nc3c(NC4CCCCC4)nc4ccccc4n3c2=O)c1,8.399999618530273,CHEMBL920042,Displacement of [3H]DPCPX from human adenosine A1 receptor expressed in CHO cells,1844788,B,Ki,8,=,Homo sapiens,CHEMBL275421,CHEMBL1139469,,CHO,Homologous protein target assigned,,,,False,-1,False,False,,,8.399999618530273,,,ADORA1_Ki_0838,8.399999618530273,False
CHEMBL226,O=c1n(-c2ccccc2)nc2c(NC3CCCC3)nc3ccccc3n12,O=c1n(-c2ccccc2)nc2c(NC3CCCC3)nc3ccccc3n12,9.399999618530273,CHEMBL920042,Displacement of [3H]DPCPX from human adenosine A1 receptor expressed in CHO cells,1844792,B,Ki,8,=,Homo sapiens,CHEMBL280278,CHEMBL1139469,,CHO,Homologous protein target assigned,,,,False,-1,False,False,,,9.399999618530273,,,ADORA1_Ki_0842,9.399999618530273,False
CHEMBL226,O=c1n(-c2ccccc2)nc2c(NC3CCCCC3)nc3ccccc3n12,O=c1n(-c2ccccc2)nc2c(NC3CCCCC3)nc3ccccc3n12,8.800000190734863,CHEMBL920042,Displacement of [3H]DPCPX from human adenosine A1 receptor expressed in CHO cells,1844793,B,Ki,8,=,Homo sapiens,CHEMBL274267,CHEMBL1139469,,CHO,Homologous protein target assigned,,,,False,-1,False,False,,,8.800000190734863,,,ADORA1_Ki_0843,8.800000190734863,False
CHEMBL226,CCCCOC(=O)c1cnc2c(cnn2CC(Cl)c2ccccc2)c1NCc1ccccc1,CCCCOC(=O)c1cnc2c(cnn2CC(Cl)c2ccccc2)c1NCc1ccccc1,5.0,CHEMBL920042,Displacement of [3H]DPCPX from human adenosine A1 receptor expressed in CHO cells,1844831,B,Ki,8,=,Homo sapiens,CHEMBL390169,CHEMBL1139469,,CHO,Homologous protein target assigned,,,,False,-1,False,False,,,5.0,,,ADORA1_Ki_0864,5.0,False
CHEMBL226,CC(C)OC(=O)c1cnc2c(cnn2CC(Cl)c2ccccc2)c1NCCc1ccccc1Cl,CC(C)OC(=O)c1cnc2c(cnn2CC(Cl)c2ccccc2)c1NCCc1ccccc1Cl,7.400000095367432,CHEMBL920042,Displacement of [3H]DPCPX from human adenosine A1 receptor expressed in CHO cells,1844838,B,Ki,8,=,Homo sapiens,CHEMBL223821,CHEMBL1139469,,CHO,Homologous protein target assigned,,,,False,-1,False,False,,,7.400000095367432,,,ADORA1_Ki_0871,7.400000095367432,False
CHEMBL226,CCCOC(=O)c1cnc2c(cnn2CC(Cl)c2ccccc2)c1NCCc1ccccc1,CCCOC(=O)c1cnc2c(cnn2CC(Cl)c2ccccc2)c1NCCc1ccccc1,6.900000095367432,CHEMBL920042,Displacement of [3H]DPCPX from human adenosine A1 receptor expressed in CHO cells,1844846,B,Ki,8,=,Homo sapiens,CHEMBL390096,CHEMBL1139469,,CHO,Homologous protein target assigned,,,,False,-1,False,False,,,6.900000095367432,,,ADORA1_Ki_0879,6.900000095367432,False
CHEMBL226,CCOC(=O)c1cnc2c(cnn2CC(Cl)c2ccccc2)c1NCCc1ccc(C)cc1,CCOC(=O)c1cnc2c(cnn2CC(Cl)c2ccccc2)c1NCCc1ccc(C)cc1,7.699999809265137,CHEMBL920042,Displacement of [3H]DPCPX from human adenosine A1 receptor expressed in CHO cells,1844855,B,Ki,8,=,Homo sapiens,CHEMBL376588,CHEMBL1139469,,CHO,Homologous protein target assigned,,,,False,-1,False,False,,,7.699999809265137,,,ADORA1_Ki_0888,7.699999809265137,False
CHEMBL226,CCNC(=O)C1OC(n2cnc3c(Nc4ccc(OCC(=O)Nc5ccncc5)cc4)ncnc32)C(O)C1O,CCNC(=O)[C@H]1O[C@@H](n2cnc3c(Nc4ccc(OCC(=O)Nc5ccncc5)cc4)ncnc32)[C@H](O)[C@@H]1O,7.949999809265137,CHEMBL904111,Displacement of [3H]CHA from human adenosine A1 receptor expressed in CHO cells,1875866,B,Ki,9,=,Homo sapiens,CHEMBL388406,CHEMBL1142924,,CHO,Direct protein target assigned,,,,False,-1,False,False,,,7.949999809265137,,,ADORA1_Ki_0907,7.949999809265137,False
CHEMBL226,CCNC(=O)C1OC(n2cnc3c(Nc4ccc(OCC(=O)Nc5ccc(OC)c(OC)c5)cc4)ncnc32)C(O)C1O,CCNC(=O)[C@H]1O[C@@H](n2cnc3c(Nc4ccc(OCC(=O)Nc5ccc(OC)c(OC)c5)cc4)ncnc32)[C@H](O)[C@@H]1O,8.109999656677246,CHEMBL904111,Displacement of [3H]CHA from human adenosine A1 receptor expressed in CHO cells,1875871,B,Ki,9,=,Homo sapiens,CHEMBL226244,CHEMBL1142924,,CHO,Direct protein target assigned,,,,False,-1,False,False,,,8.109999656677246,,,ADORA1_Ki_0912,8.109999656677246,False
CHEMBL226,OCC1OC(n2cnc3c(NC4CCCC4)nc(-n4cccn4)nc32)C(O)C1O,OC[C@H]1O[C@@H](n2cnc3c(NC4CCCC4)nc(-n4cccn4)nc32)[C@H](O)[C@@H]1O,7.46999979019165,CHEMBL889815,Displacement of [3H]CPX from adenosine A1 receptor in DDT membranes,1952216,B,Ki,8,=,Homo sapiens,CHEMBL393172,CHEMBL1146258,,,Homologous protein target assigned,,,,False,-1,False,False,,,7.46999979019165,,,ADORA1_Ki_0937,7.46999979019165,False
CHEMBL226,CCOC(=O)c1cnn(-c2nc(NC3CCCO3)c3ncn(C4OC(CO)C(O)C4O)c3n2)c1,CCOC(=O)c1cnn(-c2nc(N[C@H]3CCCO3)c3ncn([C@@H]4O[C@H](CO)[C@@H](O)[C@H]4O)c3n2)c1,8.520000457763672,CHEMBL889815,Displacement of [3H]CPX from adenosine A1 receptor in DDT membranes,1952231,B,Ki,8,=,Homo sapiens,CHEMBL398588,CHEMBL1146258,,,Homologous protein target assigned,,,,False,-1,False,False,,,8.520000457763672,,,ADORA1_Ki_0952,8.520000457763672,False
CHEMBL226,COc1ccc(NC(=O)Nc2nc3ccccc3n3c(=O)c(-c4ccccc4)nn23)cc1,COc1ccc(NC(=O)Nc2nc3ccccc3n3c(=O)c(-c4ccccc4)nn23)cc1,6.329999923706055,CHEMBL901018,Displacement of [3H]DPCPX from human adenosine A1 receptor expressed in CHO cells,1995980,B,Ki,9,=,Homo sapiens,CHEMBL235719,CHEMBL1137613,,CHO,Direct protein target assigned,,,,False,-1,False,False,,,6.329999923706055,,,ADORA1_Ki_0976,6.329999923706055,False
CHEMBL226,Nc1nc2ccccc2n2c(=O)c(-c3ccc(Cl)cc3)nn12,Nc1nc2ccccc2n2c(=O)c(-c3ccc(Cl)cc3)nn12,6.980000019073486,CHEMBL901018,Displacement of [3H]DPCPX from human adenosine A1 receptor expressed in CHO cells,1995996,B,Ki,9,=,Homo sapiens,CHEMBL397821,CHEMBL1137613,,CHO,Direct protein target assigned,,,,False,-1,False,False,,,6.980000019073486,,,ADORA1_Ki_0990,6.980000019073486,False
CHEMBL226,OCC1OC(n2cnc3c(NC4CC[Se]C4)ncnc32)C(O)C1O,OC[C@H]1O[C@@H](n2cnc3c(N[C@@H]4CC[Se]C4)ncnc32)[C@H](O)[C@@H]1O,8.100000381469727,CHEMBL901888,Displacement of [3H]CPX from adenosine A1 receptor expressed in DDT1 MF2 cells,2003344,B,Ki,9,=,Homo sapiens,CHEMBL240065,CHEMBL1138285,,DDT1 MF2,Direct protein target assigned,,,,False,-1,False,False,,,8.100000381469727,,,ADORA1_Ki_1008,8.100000381469727,True
CHEMBL226,OCC1OC(n2cnc3c(NC4CCSC4)ncnc32)C(O)C1O,OC[C@H]1O[C@@H](n2cnc3c(N[C@@H]4CCSC4)ncnc32)[C@H](O)[C@@H]1O,7.159999847412109,CHEMBL901888,Displacement of [3H]CPX from adenosine A1 receptor expressed in DDT1 MF2 cells,2003345,B,Ki,9,=,Homo sapiens,CHEMBL391029,CHEMBL1138285,,DDT1 MF2,Direct protein target assigned,,,,False,-1,False,False,,,7.159999847412109,,,ADORA1_Ki_1009,7.159999847412109,True
CHEMBL226,CC1(C)CC(Nc2ncnc3c2ncn3C2OC(CO)C(O)C2O)CC(C)(C)N1[O],CC1(C)CC(Nc2ncnc3c2ncn3[C@@H]2O[C@H](CO)[C@@H](O)[C@H]2O)CC(C)(C)N1[O],7.300000190734863,CHEMBL940793,Binding affinity to adenosine A1 receptor,2041483,B,Ki,8,=,Homo sapiens,CHEMBL250316,CHEMBL1139782,,,Homologous protein target assigned,,,,False,-1,False,False,,,7.300000190734863,,,ADORA1_Ki_1018,7.300000190734863,False
CHEMBL226,CN(C)CC(=O)Nc1cc(-n2cccn2)nc(-c2ccco2)n1,CN(C)CC(=O)Nc1cc(-n2cccn2)nc(-c2ccco2)n1,7.550000190734863,CHEMBL943927,Displacement of [3H]DPCPX from human recombinant adenosine A1 receptor expressed in HEK293 cells,2067955,B,Ki,9,=,Homo sapiens,CHEMBL399577,CHEMBL1140734,,HEK293,Direct protein target assigned,,,,False,-1,False,False,,,7.550000190734863,,,ADORA1_Ki_1022,7.550000190734863,False
CHEMBL226,CC1(O)C(O)C(CO)OC1n1cnc2c(NC3CCOC3)ncnc21,C[C@@]1(O)[C@H](O)[C@@H](CO)O[C@H]1n1cnc2c(N[C@@H]3CCOC3)ncnc21,7.679999828338623,CHEMBL927309,Displacement of [3H]CCPA from human recombinant adenosine A1 receptor expressed in CHO cells,2070693,B,Ki,9,=,Homo sapiens,CHEMBL400190,CHEMBL1140761,,CHO,Direct protein target assigned,,,,False,-1,False,False,,,7.679999828338623,,,ADORA1_Ki_1023,7.679999828338623,False
CHEMBL226,CC1(O)C(O)C(CO)OC1n1cnc2c(NC3CCOC3)nc(Cl)nc21,C[C@@]1(O)[C@H](O)[C@@H](CO)O[C@H]1n1cnc2c(N[C@@H]3CCOC3)nc(Cl)nc21,7.809999942779541,CHEMBL927309,Displacement of [3H]CCPA from human recombinant adenosine A1 receptor expressed in CHO cells,2070695,B,Ki,9,=,Homo sapiens,CHEMBL400782,CHEMBL1140761,,CHO,Direct protein target assigned,,,,False,-1,False,False,,,7.809999942779541,,,ADORA1_Ki_1025,7.809999942779541,False
CHEMBL226,CNC(=S)OCC1OC(n2cnc3c(NC4CCOC4)nc(Cl)nc32)C(C)(O)C1O,CNC(=S)OC[C@H]1O[C@@H](n2cnc3c(N[C@@H]4CCOC4)nc(Cl)nc32)[C@](C)(O)[C@@H]1O,6.079999923706055,CHEMBL927309,Displacement of [3H]CCPA from human recombinant adenosine A1 receptor expressed in CHO cells,2070836,B,Ki,9,=,Homo sapiens,CHEMBL254896,CHEMBL1140761,,CHO,Direct protein target assigned,,,,False,-1,False,False,,,6.079999923706055,,,ADORA1_Ki_1027,6.079999923706055,False
CHEMBL226,Cc1cc(OCC(=O)Nc2cc(-n3nc(C)cc3C)nc(-c3ccc(C)o3)n2)cc(C)n1,Cc1cc(OCC(=O)Nc2cc(-n3nc(C)cc3C)nc(-c3ccc(C)o3)n2)cc(C)n1,6.130000114440918,CHEMBL928987,Displacement of [3H]DPCPX from human adenosine A1 receptor expressed in HEK293 cells,2082386,B,Ki,9,=,Homo sapiens,CHEMBL253528,CHEMBL1141544,,HEK293,Direct protein target assigned,,,,False,-1,False,False,,,6.130000114440918,,,ADORA1_Ki_1041,6.130000114440918,False
CHEMBL226,COc1cc(CN(C)C)ccc1OCC(=O)Nc1cc(-n2nc(C)cc2C)nc(-c2ccc(C)o2)n1,COc1cc(CN(C)C)ccc1OCC(=O)Nc1cc(-n2nc(C)cc2C)nc(-c2ccc(C)o2)n1,7.0,CHEMBL928987,Displacement of [3H]DPCPX from human adenosine A1 receptor expressed in HEK293 cells,2082389,B,Ki,9,=,Homo sapiens,CHEMBL429125,CHEMBL1141544,,HEK293,Direct protein target assigned,,,,False,-1,False,False,,,7.0,,,ADORA1_Ki_1044,7.0,False
CHEMBL226,Cc1cc(C)n(-c2cc(NC(=O)COc3cccc(CCN(C)C)c3)nc(-c3ccc(C)o3)n2)n1,Cc1cc(C)n(-c2cc(NC(=O)COc3cccc(CCN(C)C)c3)nc(-c3ccc(C)o3)n2)n1,7.110000133514404,CHEMBL928987,Displacement of [3H]DPCPX from human adenosine A1 receptor expressed in HEK293 cells,2082397,B,Ki,9,=,Homo sapiens,CHEMBL403846,CHEMBL1141544,,HEK293,Direct protein target assigned,,,,False,-1,False,False,,,7.110000133514404,,,ADORA1_Ki_1052,7.110000133514404,False
CHEMBL226,Cc1cc(C)n(-c2cc(NC(=O)COc3cc(F)cc(CN(C)C)c3)nc(-c3ccc(C)o3)n2)n1,Cc1cc(C)n(-c2cc(NC(=O)COc3cc(F)cc(CN(C)C)c3)nc(-c3ccc(C)o3)n2)n1,6.849999904632568,CHEMBL928987,Displacement of [3H]DPCPX from human adenosine A1 receptor expressed in HEK293 cells,2082400,B,Ki,9,=,Homo sapiens,CHEMBL256331,CHEMBL1141544,,HEK293,Direct protein target assigned,,,,False,-1,False,False,,,6.849999904632568,,,ADORA1_Ki_1055,6.849999904632568,False
CHEMBL226,Cc1cc(C)n(-c2cc(NC(=O)COc3cccc(CN)c3)nc(-c3ccc(C)o3)n2)n1,Cc1cc(C)n(-c2cc(NC(=O)COc3cccc(CN)c3)nc(-c3ccc(C)o3)n2)n1,7.139999866485596,CHEMBL928987,Displacement of [3H]DPCPX from human adenosine A1 receptor expressed in HEK293 cells,2082401,B,Ki,9,=,Homo sapiens,CHEMBL403845,CHEMBL1141544,,HEK293,Direct protein target assigned,,,,False,-1,False,False,,,7.139999866485596,,,ADORA1_Ki_1056,7.139999866485596,False
CHEMBL226,Cc1cc(C)n(-c2cc(NC(=O)COc3cccc(CN4CCOCC4)c3)nc(-c3ccc(C)o3)n2)n1,Cc1cc(C)n(-c2cc(NC(=O)COc3cccc(CN4CCOCC4)c3)nc(-c3ccc(C)o3)n2)n1,6.21999979019165,CHEMBL928987,Displacement of [3H]DPCPX from human adenosine A1 receptor expressed in HEK293 cells,2082402,B,Ki,9,=,Homo sapiens,CHEMBL256125,CHEMBL1141544,,HEK293,Direct protein target assigned,,,,False,-1,False,False,,,6.21999979019165,,,ADORA1_Ki_1057,6.21999979019165,False
CHEMBL226,Cc1ccc(-c2nc(NC(=O)COc3cccc(F)c3)cc(-c3nccs3)n2)o1,Cc1ccc(-c2nc(NC(=O)COc3cccc(F)c3)cc(-c3nccs3)n2)o1,5.659999847412109,CHEMBL928987,Displacement of [3H]DPCPX from human adenosine A1 receptor expressed in HEK293 cells,2082414,B,Ki,9,=,Homo sapiens,CHEMBL255859,CHEMBL1141544,,HEK293,Direct protein target assigned,,,,False,-1,False,False,,,5.659999847412109,,,ADORA1_Ki_1068,5.659999847412109,False
CHEMBL226,Cc1cc(C)n(-c2cc(NC(=O)CN3CCN(C)CC3)nc(-c3ccccn3)n2)n1,Cc1cc(C)n(-c2cc(NC(=O)CN3CCN(C)CC3)nc(-c3ccccn3)n2)n1,5.360000133514404,CHEMBL949243,Displacement of [3H]DPCPX from human adenosine A1 receptor expressed in HEK293 cells,2117680,B,Ki,9,=,Homo sapiens,CHEMBL409711,CHEMBL1142326,,HEK293,Direct protein target assigned,,,,False,-1,False,False,,,5.360000133514404,,,ADORA1_Ki_1071,5.360000133514404,False
CHEMBL226,Cc1cc(C)n(-c2cc(NC(=O)CN3CCC(OC(C)C)C3)nc(-c3ccc(C)o3)n2)n1,Cc1cc(C)n(-c2cc(NC(=O)CN3CC[C@H](OC(C)C)C3)nc(-c3ccc(C)o3)n2)n1,5.639999866485596,CHEMBL949248,Displacement of [3H]-DPCPX from human adenosine A1 receptor expressed in HEK293 cell membrane,2117741,B,Ki,9,=,Homo sapiens,CHEMBL409230,CHEMBL1142327,,HEK293,Direct protein target assigned,,,,False,-1,False,False,,,5.639999866485596,,,ADORA1_Ki_1084,5.639999866485596,False
CHEMBL226,Cc1cc(C)n(-c2cc(NC(=O)CN3CCC(CN(C)C)CC3)nc(-c3ccc(C)o3)n2)n1,Cc1cc(C)n(-c2cc(NC(=O)CN3CCC(CN(C)C)CC3)nc(-c3ccc(C)o3)n2)n1,6.420000076293945,CHEMBL949248,Displacement of [3H]-DPCPX from human adenosine A1 receptor expressed in HEK293 cell membrane,2117750,B,Ki,9,=,Homo sapiens,CHEMBL409459,CHEMBL1142327,,HEK293,Direct protein target assigned,,,,False,-1,False,False,,,6.420000076293945,,,ADORA1_Ki_1091,6.420000076293945,False
CHEMBL226,Nc1nc2ccccc2n2nc(-c3ccco3)nc12,Nc1nc2ccccc2n2nc(-c3ccco3)nc12,8.25,CHEMBL941041,Displacement of [3]DPCPX from human adenosine A1 receptor expressed in CHO cells,2141801,B,Ki,9,=,Homo sapiens,CHEMBL261345,CHEMBL1143971,,CHO,Direct protein target assigned,,,,False,-1,False,False,,,8.25,,,ADORA1_Ki_1110,8.25,False
CHEMBL226,CCOc1nc2ccccc2n2nc(-c3ccco3)nc12,CCOc1nc2ccccc2n2nc(-c3ccco3)nc12,5.429999828338623,CHEMBL941041,Displacement of [3]DPCPX from human adenosine A1 receptor expressed in CHO cells,2141812,B,Ki,9,=,Homo sapiens,CHEMBL265705,CHEMBL1143971,,CHO,Direct protein target assigned,,,,False,-1,False,False,,,5.429999828338623,,,ADORA1_Ki_1117,5.429999828338623,False
CHEMBL226,c1coc(CNc2nc3ccccc3n3nc(-c4ccco4)nc23)c1,c1coc(CNc2nc3ccccc3n3nc(-c4ccco4)nc23)c1,7.480000019073486,CHEMBL941041,Displacement of [3]DPCPX from human adenosine A1 receptor expressed in CHO cells,2141823,B,Ki,9,=,Homo sapiens,CHEMBL410264,CHEMBL1143971,,CHO,Direct protein target assigned,,,,False,-1,False,False,,,7.480000019073486,,,ADORA1_Ki_1128,7.480000019073486,False
CHEMBL226,COc1cc(OCC(=O)N2CCN(c3ccccc3)CC2)ccc1-c1cc2c([nH]1)c(=O)n(C)c(=O)n2C,COc1cc(OCC(=O)N2CCN(c3ccccc3)CC2)ccc1-c1cc2c([nH]1)c(=O)n(C)c(=O)n2C,6.269999980926514,CHEMBL939995,Displacement of [3H]DPCPX from human adenosine A1 receptor expressed in CHO cells,2140865,B,Ki,9,=,Homo sapiens,CHEMBL428605,CHEMBL1143979,,CHO,Direct protein target assigned,,,,False,-1,False,False,,,6.269999980926514,,,ADORA1_Ki_1135,6.269999980926514,False
CHEMBL226,O=C(Nc1cc(-c2ccc3c(c2)OCO3)nc(-c2ccccc2)n1)C1CC1,O=C(Nc1cc(-c2ccc3c(c2)OCO3)nc(-c2ccccc2)n1)C1CC1,7.889999866485596,CHEMBL922854,Displacement of [3H]DPCPX from human adenosine A1 receptor expressed in CHO cells,2142150,B,Ki,9,=,Homo sapiens,CHEMBL409125,CHEMBL1143999,,CHO,Direct protein target assigned,,,,False,-1,False,False,,,7.889999866485596,,,ADORA1_Ki_1159,7.889999866485596,False
CHEMBL226,Nc1cc(-c2ccc3c(c2)OCO3)nc(-c2ccccc2)n1,Nc1cc(-c2ccc3c(c2)OCO3)nc(-c2ccccc2)n1,7.809999942779541,CHEMBL922854,Displacement of [3H]DPCPX from human adenosine A1 receptor expressed in CHO cells,2142154,B,Ki,9,=,Homo sapiens,CHEMBL258834,CHEMBL1143999,,CHO,Direct protein target assigned,,,,False,-1,False,False,,,7.809999942779541,,,ADORA1_Ki_1163,7.809999942779541,False
CHEMBL226,C[Se]CC1OC(n2cnc3c(NC4CC5CC4C4SC54)ncnc32)C(O)C1O,C[Se]C[C@H]1O[C@@H](n2cnc3c(N[C@H]4C[C@@H]5C[C@@H]4C4SC45)ncnc32)[C@H](O)[C@@H]1O,7.519999980926514,CHEMBL922120,Displacement of [3H]CPX from adenosine A1 receptor in DDT1MF-2 cells,2134835,B,Ki,8,=,Homo sapiens,CHEMBL412104,CHEMBL1144002,,DDT1MF-2,Homologous protein target assigned,,,,False,-1,False,False,,,7.519999980926514,,,ADORA1_Ki_1164,7.519999980926514,False
CHEMBL226,CC(=O)NCC1OC(n2cnc3c(NC4CC5CCC4C5)ncnc32)C(O)C1O,CC(=O)NC[C@H]1O[C@@H](n2cnc3c(N[C@H]4C[C@H]5CC[C@H]4C5)ncnc32)[C@H](O)[C@@H]1O,5.230000019073486,CHEMBL922120,Displacement of [3H]CPX from adenosine A1 receptor in DDT1MF-2 cells,2134842,B,Ki,8,=,Homo sapiens,CHEMBL262850,CHEMBL1144002,,DDT1MF-2,Homologous protein target assigned,,,,False,-1,False,False,,,5.230000019073486,,,ADORA1_Ki_1171,5.230000019073486,False
CHEMBL226,C[Se]CC1OC(n2cnc3c(NC4CC5CCC4C5)ncnc32)C(O)C1O,C[Se]C[C@H]1O[C@@H](n2cnc3c(N[C@H]4C[C@H]5CC[C@H]4C5)ncnc32)[C@H](O)[C@@H]1O,6.539999961853027,CHEMBL922120,Displacement of [3H]CPX from adenosine A1 receptor in DDT1MF-2 cells,2134846,B,Ki,8,=,Homo sapiens,CHEMBL262876,CHEMBL1144002,,DDT1MF-2,Homologous protein target assigned,,,,False,-1,False,False,,,6.539999961853027,,,ADORA1_Ki_1174,6.539999961853027,False
CHEMBL226,CCCSCC1OC(n2cnc3c(NC4CC5CCC4C5)ncnc32)C(O)C1O,CCCSC[C@H]1O[C@@H](n2cnc3c(N[C@H]4C[C@H]5CC[C@H]4C5)ncnc32)[C@H](O)[C@@H]1O,6.420000076293945,CHEMBL922120,Displacement of [3H]CPX from adenosine A1 receptor in DDT1MF-2 cells,2134848,B,Ki,8,=,Homo sapiens,CHEMBL258972,CHEMBL1144002,,DDT1MF-2,Homologous protein target assigned,,,,False,-1,False,False,,,6.420000076293945,,,ADORA1_Ki_1176,6.420000076293945,False
CHEMBL226,O=C(COc1ccc(Nc2nc(OCCc3c[nH]c4cc(Br)ccc34)nc3c2ncn3C2OC(CO)C(O)C2O)cc1)N1CCCC1,O=C(COc1ccc(Nc2nc(OCCc3c[nH]c4cc(Br)ccc34)nc3c2ncn3[C@@H]2O[C@H](CO)[C@@H](O)[C@H]2O)cc1)N1CCCC1,6.380000114440918,CHEMBL937357,Displacement of [3H]CCPA from human adenosine A1 receptor expressed in CHO cells,2154260,B,Ki,9,=,Homo sapiens,CHEMBL406594,CHEMBL1145544,,CHO,Direct protein target assigned,,,,False,-1,False,False,,,6.380000114440918,,,ADORA1_Ki_1188,6.380000114440918,False
CHEMBL226,Cn1c(=O)n(CC2CC2)c(=O)c2[nH]c(-c3cnn(Cc4cccc(C(F)(F)F)c4)c3)nc21,Cn1c(=O)n(CC2CC2)c(=O)c2[nH]c(-c3cnn(Cc4cccc(C(F)(F)F)c4)c3)nc21,6.78000020980835,CHEMBL933587,Displacement of [3H]CPX from human recombinant adenosine A1 receptor expressed in CHO cells,2154354,B,Ki,9,=,Homo sapiens,CHEMBL412747,CHEMBL1145545,,CHO,Direct protein target assigned,,,,False,-1,False,False,,,6.78000020980835,,,ADORA1_Ki_1211,6.78000020980835,False
CHEMBL226,CCCCn1c(=O)c2[nH]c(-c3cnn(Cc4ccccc4)c3)nc2n(C)c1=O,CCCCn1c(=O)c2[nH]c(-c3cnn(Cc4ccccc4)c3)nc2n(C)c1=O,6.380000114440918,CHEMBL933587,Displacement of [3H]CPX from human recombinant adenosine A1 receptor expressed in CHO cells,2154363,B,Ki,9,=,Homo sapiens,CHEMBL260763,CHEMBL1145545,,CHO,Direct protein target assigned,,,,False,-1,False,False,,,6.380000114440918,,,ADORA1_Ki_1220,6.380000114440918,False
CHEMBL226,O=C(c1cccs1)c1nc(NCc2ccccc2)nc2ccsc12,O=C(c1cccs1)c1nc(NCc2ccccc2)nc2ccsc12,5.760000228881836,CHEMBL933564,Binding affinity to human adenosine A1 receptor,2165738,B,Ki,9,=,Homo sapiens,CHEMBL264433,CHEMBL1145611,,,Direct protein target assigned,,,,False,-1,False,False,,,5.760000228881836,,,ADORA1_Ki_1228,5.760000228881836,False
CHEMBL226,CN(C)c1nc(-c2ncc[nH]2)c2sccc2n1,CN(C)c1nc(-c2ncc[nH]2)c2sccc2n1,5.239999771118164,CHEMBL933568,Binding affinity at human adenosine A1 receptor,2165816,B,Ki,9,=,Homo sapiens,CHEMBL408146,CHEMBL1145612,,,Direct protein target assigned,,,,False,-1,False,False,,,5.239999771118164,,,ADORA1_Ki_1258,5.239999771118164,False
CHEMBL226,Cc1cnc(-c2nc(N(C)C)nc3ccsc23)s1,Cc1cnc(-c2nc(N(C)C)nc3ccsc23)s1,6.039999961853027,CHEMBL933568,Binding affinity at human adenosine A1 receptor,2165818,B,Ki,9,=,Homo sapiens,CHEMBL407064,CHEMBL1145612,,,Direct protein target assigned,,,,False,-1,False,False,,,6.039999961853027,,,ADORA1_Ki_1260,6.039999961853027,False
CHEMBL226,CNc1nc(-c2ccco2)c2sccc2n1,CNc1nc(-c2ccco2)c2sccc2n1,6.25,CHEMBL933568,Binding affinity at human adenosine A1 receptor,2165826,B,Ki,9,=,Homo sapiens,CHEMBL259445,CHEMBL1145612,,,Direct protein target assigned,,,,False,-1,False,False,,,6.25,,,ADORA1_Ki_1268,6.25,False
CHEMBL226,Nc1nc(-c2cncs2)c2ncn(C(=O)NCc3ccccc3)c2n1,Nc1nc(-c2cncs2)c2ncn(C(=O)NCc3ccccc3)c2n1,6.079999923706055,CHEMBL921474,Binding affinity at human adenosine A1 receptor,2166065,B,Ki,9,=,Homo sapiens,CHEMBL258960,CHEMBL1145614,,,Direct protein target assigned,,,,False,-1,False,False,,,6.079999923706055,,,ADORA1_Ki_1288,6.079999923706055,False
CHEMBL226,Cc1ccc(CNC(=O)n2cnc3c(-c4ccco4)nc(N)nc32)cc1,Cc1ccc(CNC(=O)n2cnc3c(-c4ccco4)nc(N)nc32)cc1,7.119999885559082,CHEMBL921474,Binding affinity at human adenosine A1 receptor,2166069,B,Ki,9,=,Homo sapiens,CHEMBL264432,CHEMBL1145614,,,Direct protein target assigned,,,,False,-1,False,False,,,7.119999885559082,,,ADORA1_Ki_1292,7.119999885559082,False
CHEMBL226,Nc1nc(-c2ccco2)c2cnn(CCc3ccccc3)c2n1,Nc1nc(-c2ccco2)c2cnn(CCc3ccccc3)c2n1,6.329999923706055,CHEMBL921474,Binding affinity at human adenosine A1 receptor,2166119,B,Ki,9,=,Homo sapiens,CHEMBL259210,CHEMBL1145614,,,Direct protein target assigned,,,,False,-1,False,False,,,6.329999923706055,,,ADORA1_Ki_1340,6.329999923706055,False
CHEMBL226,Nc1nc(-c2ccco2)c2cn[nH]c2n1,Nc1nc(-c2ccco2)c2cn[nH]c2n1,6.190000057220459,CHEMBL921474,Binding affinity at human adenosine A1 receptor,2166124,B,Ki,9,=,Homo sapiens,CHEMBL260557,CHEMBL1145614,,,Direct protein target assigned,,,,False,-1,False,False,,,6.190000057220459,,,ADORA1_Ki_1345,6.190000057220459,False
CHEMBL226,CNC(=O)C12CC1C(n1cnc3c(NCc4cccc(C#CCCCC(=O)O)c4)nc(Cl)nc31)C(O)C2O,CNC(=O)[C@@]12C[C@@H]1[C@@H](n1cnc3c(NCc4cccc(C#CCCCC(=O)O)c4)nc(Cl)nc31)[C@H](O)[C@@H]2O,6.5,CHEMBL935758,Displacement of radioligand from human adenosine A1 receptor expressed in CHO cells,2167361,B,Ki,9,=,Homo sapiens,CHEMBL256520,CHEMBL1145629,,CHO,Direct protein target assigned,,,,False,-1,False,False,,,6.5,,,ADORA1_Ki_1350,6.5,False
CHEMBL226,N#Cc1c(-c2ccc3c(c2)OCO3)cc(-c2ccccc2)nc1N,N#Cc1c(-c2ccc3c(c2)OCO3)cc(-c2ccccc2)nc1N,8.149999618530273,CHEMBL1000453,Displacement of [3H]DPCPX from human adenosine A1 receptor expressed in CHO cell membrane,2563446,B,Ki,9,=,Homo sapiens,CHEMBL513867,CHEMBL1155896,,CHO,Direct protein target assigned,,,,False,-1,False,False,,,8.149999618530273,,,ADORA1_Ki_1392,8.149999618530273,False
CHEMBL226,N#Cc1c(-c2cccs2)cc(-c2ccccc2)nc1N,N#Cc1c(-c2cccs2)cc(-c2ccccc2)nc1N,7.659999847412109,CHEMBL1000453,Displacement of [3H]DPCPX from human adenosine A1 receptor expressed in CHO cell membrane,2563526,B,Ki,9,=,Homo sapiens,CHEMBL476298,CHEMBL1155896,,CHO,Direct protein target assigned,,,,False,-1,False,False,,,7.659999847412109,,,ADORA1_Ki_1405,7.659999847412109,False
CHEMBL226,N#Cc1c(-c2ccccc2)cc(-c2cccs2)nc1N,N#Cc1c(-c2ccccc2)cc(-c2cccs2)nc1N,7.920000076293945,CHEMBL1000453,Displacement of [3H]DPCPX from human adenosine A1 receptor expressed in CHO cell membrane,2563528,B,Ki,9,=,Homo sapiens,CHEMBL476308,CHEMBL1155896,,CHO,Direct protein target assigned,,,,False,-1,False,False,,,7.920000076293945,,,ADORA1_Ki_1407,7.920000076293945,False
CHEMBL226,COCCC1CCCCN1c1cc(NC(C)=O)nc(-n2nc(C)cc2C)n1,COCC[C@@H]1CCCCN1c1cc(NC(C)=O)nc(-n2nc(C)cc2C)n1,5.329999923706055,CHEMBL987751,Displacement of [3H]DPCPX from human adenosine A1 receptor expressed in HEK293 cells,2501670,B,Ki,9,=,Homo sapiens,CHEMBL515218,CHEMBL1143380,,HEK293,Direct protein target assigned,,,,False,-1,False,False,,,5.329999923706055,,,ADORA1_Ki_1426,5.329999923706055,False
CHEMBL226,CCn1c(=O)[nH]c2nc(-c3ccc(S(=O)(=O)N4CCN(Cc5cccc(F)c5)CC4)cc3)[nH]c2c1=O,CCn1c(=O)[nH]c2nc(-c3ccc(S(=O)(=O)N4CCN(Cc5cccc(F)c5)CC4)cc3)[nH]c2c1=O,5.679999828338623,CHEMBL947865,Displacement of [3H]CCPA from human adenosine A1 receptor expressed in CHO cells,2635324,B,Ki,9,=,Homo sapiens,CHEMBL484899,CHEMBL1137016,,CHO,Direct protein target assigned,,,,False,-1,False,False,,,5.679999828338623,,,ADORA1_Ki_1436,5.679999828338623,False
CHEMBL226,COC(C)CNc1nc(-c2ccco2)c(C(=O)c2ccccc2)s1,COC(C)CNc1nc(-c2ccco2)c(C(=O)c2ccccc2)s1,5.400000095367432,CHEMBL1029810,Displacement of [3H]DPCPX from human recombinant adenosine A1 receptor expressed in CHOK1 cells,2616099,B,Ki,9,=,Homo sapiens,CHEMBL460171,CHEMBL1154525,,CHO-K1,Direct protein target assigned,,,,False,-1,False,False,,,5.400000095367432,,,ADORA1_Ki_1476,5.400000095367432,False
CHEMBL226,COc1cccc(-n2c(=O)n(Cc3c(F)cccc3OC)c3cnc(NC4CC4)nc32)c1,COc1cccc(-n2c(=O)n(Cc3c(F)cccc3OC)c3cnc(NC4CC4)nc32)c1,6.480000019073486,CHEMBL1018641,Displacement of [3H]DPCPX from human recombinant adenosine A1 receptor expressed in CHOK1 cells,2286066,B,Ki,9,=,Homo sapiens,CHEMBL489321,CHEMBL1152880,,CHO-K1,Direct protein target assigned,,,,False,-1,False,False,,,6.480000019073486,,,ADORA1_Ki_1491,6.480000019073486,False
CHEMBL226,COc1cccc(-n2c(=O)n(Cc3c(F)cccc3F)c3cnc(NCCN(C)C)nc32)c1,COc1cccc(-n2c(=O)n(Cc3c(F)cccc3F)c3cnc(NCCN(C)C)nc32)c1,5.0,CHEMBL1018641,Displacement of [3H]DPCPX from human recombinant adenosine A1 receptor expressed in CHOK1 cells,2286083,B,Ki,9,=,Homo sapiens,CHEMBL491285,CHEMBL1152880,,CHO-K1,Direct protein target assigned,,,,False,-1,False,False,,,5.0,,,ADORA1_Ki_1506,5.0,False
CHEMBL226,COc1cccc(-n2c(=O)n(Cc3c(F)cccc3F)c3cnc(NCCc4cccs4)nc32)c1,COc1cccc(-n2c(=O)n(Cc3c(F)cccc3F)c3cnc(NCCc4cccs4)nc32)c1,5.710000038146973,CHEMBL1018641,Displacement of [3H]DPCPX from human recombinant adenosine A1 receptor expressed in CHOK1 cells,2286084,B,Ki,9,=,Homo sapiens,CHEMBL522268,CHEMBL1152880,,CHO-K1,Direct protein target assigned,,,,False,-1,False,False,,,5.710000038146973,,,ADORA1_Ki_1507,5.710000038146973,False
CHEMBL226,Nc1nc(-c2ccco2)c2nnn(Cc3ccc([N+](=O)[O-])cc3)c2n1,Nc1nc(-c2ccco2)c2nnn(Cc3ccc([N+](=O)[O-])cc3)c2n1,6.110000133514404,CHEMBL1021383,Displacement of radioligand from human recombinant adenosine A1 receptor at 21 degC after 90 mins by cell-based microplate scintillation counting,2247476,B,Ki,9,=,Homo sapiens,CHEMBL505977,CHEMBL1139344,,,Direct protein target assigned,,,,False,-1,False,False,,,6.110000133514404,,,ADORA1_Ki_1551,6.110000133514404,False
CHEMBL226,COc1ccccc1Cn1nnc2c(-c3ccco3)nc(N)nc21,COc1ccccc1Cn1nnc2c(-c3ccco3)nc(N)nc21,6.5,CHEMBL1021383,Displacement of radioligand from human recombinant adenosine A1 receptor at 21 degC after 90 mins by cell-based microplate scintillation counting,2247482,B,Ki,9,=,Homo sapiens,CHEMBL443665,CHEMBL1139344,,,Direct protein target assigned,,,,False,-1,False,False,,,6.5,,,ADORA1_Ki_1557,6.5,False
CHEMBL226,Nc1nc(-c2ccco2)c2nnn(CC3CCCCC3)c2n1,Nc1nc(-c2ccco2)c2nnn(CC3CCCCC3)c2n1,6.639999866485596,CHEMBL1021383,Displacement of radioligand from human recombinant adenosine A1 receptor at 21 degC after 90 mins by cell-based microplate scintillation counting,2247491,B,Ki,9,=,Homo sapiens,CHEMBL467035,CHEMBL1139344,,,Direct protein target assigned,,,,False,-1,False,False,,,6.639999866485596,,,ADORA1_Ki_1566,6.639999866485596,False
CHEMBL226,OC1C(CCl)OC(n2cnc3c(NC4CCCC4)ncnc32)C1O,O[C@@H]1[C@H](O)[C@@H](CCl)O[C@H]1n1cnc2c(NC3CCCC3)ncnc21,9.229999542236328,CHEMBL1015328,Displacement of [3H]CCPA from human recombinant adenosine A1 receptor expressed in CHO cells,2421953,B,Ki,9,=,Homo sapiens,CHEMBL477444,CHEMBL1153422,,CHO,Direct protein target assigned,,,,False,-1,False,False,,,9.229999542236328,,,ADORA1_Ki_1580,9.229999542236328,True
CHEMBL226,OC1C(CCl)OC(n2cnc3c(NC4CC5CCC4C5)nc(Cl)nc32)C1O,O[C@@H]1[C@H](O)[C@@H](CCl)O[C@H]1n1cnc2c(NC3CC4CCC3C4)nc(Cl)nc21,8.789999961853027,CHEMBL1015328,Displacement of [3H]CCPA from human recombinant adenosine A1 receptor expressed in CHO cells,2421956,B,Ki,9,=,Homo sapiens,CHEMBL514541,CHEMBL1153422,,CHO,Direct protein target assigned,,,,False,-1,False,False,,,8.789999961853027,,,ADORA1_Ki_1582,8.789999961853027,False
CHEMBL226,CCCCn1c(Br)nc2c(N)ncnc21,CCCCn1c(Br)nc2c(N)ncnc21,5.5,CHEMBL955115,Displacement of [3H]CCPA from human adenosine A1 receptor expressed in CHO cells,2281107,B,Ki,9,=,Homo sapiens,CHEMBL505089,CHEMBL1153377,,CHO,Direct protein target assigned,,,,False,-1,False,False,,,5.5,,,ADORA1_Ki_1610,5.5,False
CHEMBL226,CC(O)Cn1cnc2c(N)ncnc21,CC(O)Cn1cnc2c(N)ncnc21,4.539999961853027,CHEMBL955115,Displacement of [3H]CCPA from human adenosine A1 receptor expressed in CHO cells,2281126,B,Ki,9,=,Homo sapiens,CHEMBL504495,CHEMBL1153377,,CHO,Direct protein target assigned,,,,False,-1,False,False,,,4.539999961853027,,,ADORA1_Ki_1621,4.539999961853027,False
CHEMBL226,Nc1ncnc2c1nc(Br)n2CC(O)CO,Nc1ncnc2c1nc(Br)n2CC(O)CO,4.800000190734863,CHEMBL955115,Displacement of [3H]CCPA from human adenosine A1 receptor expressed in CHO cells,2281131,B,Ki,9,=,Homo sapiens,CHEMBL505633,CHEMBL1153377,,CHO,Direct protein target assigned,,,,False,-1,False,False,,,4.800000190734863,,,ADORA1_Ki_1623,4.800000190734863,False
CHEMBL226,Nc1nc(NC(=O)c2ccccc2)c([N+](=O)[O-])c(-c2ccco2)n1,Nc1nc(NC(=O)c2ccccc2)c([N+](=O)[O-])c(-c2ccco2)n1,5.690000057220459,CHEMBL1036413,Displacement of [3H]CGS21680 from human adenosine A1 receptor,2676606,B,Ki,9,=,Homo sapiens,CHEMBL557624,CHEMBL1151872,,,Direct protein target assigned,,,,False,-1,False,False,,,5.690000057220459,,,ADORA1_Ki_1626,5.690000057220459,False
CHEMBL226,Cn1cc2c(nc(NC(=O)Cc3cccc(Cl)c3)n3nc(-c4ccco4)nc23)n1,Cn1cc2c(nc(NC(=O)Cc3cccc(Cl)c3)n3nc(-c4ccco4)nc23)n1,6.389999866485596,CHEMBL1037716,Displacement of [3H]CCPA from human adenosine A1 receptor expressed in CHO cells,2916714,B,Ki,9,=,Homo sapiens,CHEMBL583960,CHEMBL1154073,,CHO,Direct protein target assigned,,,,False,-1,False,False,,,6.389999866485596,,,ADORA1_Ki_1672,6.389999866485596,False
CHEMBL226,Cn1cc2c(nc(NC(=O)Cc3cccc4ccccc34)n3nc(-c4ccco4)nc23)n1,Cn1cc2c(nc(NC(=O)Cc3cccc4ccccc34)n3nc(-c4ccco4)nc23)n1,6.059999942779541,CHEMBL1037716,Displacement of [3H]CCPA from human adenosine A1 receptor expressed in CHO cells,2917087,B,Ki,9,=,Homo sapiens,CHEMBL575825,CHEMBL1154073,,CHO,Direct protein target assigned,,,,False,-1,False,False,,,6.059999942779541,,,ADORA1_Ki_1689,6.059999942779541,False
CHEMBL226,Nc1nc(C(=O)NCc2ccccn2)cc(-c2ccccc2F)n1,Nc1nc(C(=O)NCc2ccccn2)cc(-c2ccccc2F)n1,7.320000171661377,CHEMBL1073400,Displacement of radioligand from human adenosine A1 receptor expressed in cells by topcount microplate scintillation counting,3060004,B,Ki,9,=,Homo sapiens,CHEMBL611954,CHEMBL1152564,,,Direct protein target assigned,,,,False,-1,False,False,,,7.320000171661377,,,ADORA1_Ki_1741,7.320000171661377,False
CHEMBL226,COc1cccc(-c2cc(C(=O)NCc3ccccn3)nc(N)n2)c1,COc1cccc(-c2cc(C(=O)NCc3ccccn3)nc(N)n2)c1,6.599999904632568,CHEMBL1073400,Displacement of radioligand from human adenosine A1 receptor expressed in cells by topcount microplate scintillation counting,3060045,B,Ki,9,=,Homo sapiens,CHEMBL595131,CHEMBL1152564,,,Direct protein target assigned,,,,False,-1,False,False,,,6.599999904632568,,,ADORA1_Ki_1764,6.599999904632568,False
CHEMBL226,Cc1cccnc1CNC(=O)c1cc(N)nc(-c2ccco2)c1,Cc1cccnc1CNC(=O)c1cc(N)nc(-c2ccco2)c1,6.039999961853027,CHEMBL1073400,Displacement of radioligand from human adenosine A1 receptor expressed in cells by topcount microplate scintillation counting,3061079,B,Ki,9,=,Homo sapiens,CHEMBL608100,CHEMBL1152564,,,Direct protein target assigned,,,,False,-1,False,False,,,6.039999961853027,,,ADORA1_Ki_1786,6.039999961853027,False
CHEMBL226,Cn1c(=O)c2[nH]c(-c3cccs3)nc2n(CC2CCCCC2)c1=O,Cn1c(=O)c2[nH]c(-c3cccs3)nc2n(CC2CCCCC2)c1=O,6.659999847412109,CHEMBL1071008,Displacement of [3H]DPCPX from human recombinant adenosine A1 receptor expressed in CHO cells by microplate beta scintillation counter,3114951,B,Ki,9,=,Homo sapiens,CHEMBL597580,CHEMBL1157555,,CHO,Direct protein target assigned,,,,False,-1,False,False,,,6.659999847412109,,,ADORA1_Ki_1807,6.659999847412109,False
CHEMBL226,CCSCCn1c(=O)n(CC)c(=O)c2[nH]c(-c3ccccc3)nc21,CCSCCn1c(=O)n(CC)c(=O)c2[nH]c(-c3ccccc3)nc21,6.829999923706055,CHEMBL1071008,Displacement of [3H]DPCPX from human recombinant adenosine A1 receptor expressed in CHO cells by microplate beta scintillation counter,3114952,B,Ki,9,=,Homo sapiens,CHEMBL597169,CHEMBL1157555,,CHO,Direct protein target assigned,,,,False,-1,False,False,,,6.829999923706055,,,ADORA1_Ki_1808,6.829999923706055,False
CHEMBL226,Cc1ccc(C(=O)c2sc(NC(=O)c3ccccc3)nc2-c2ccccc2)cc1,Cc1ccc(C(=O)c2sc(NC(=O)c3ccccc3)nc2-c2ccccc2)cc1,7.239999771118164,CHEMBL1074281,Displacement of [3H]CCPA from human adenosine A1 receptor expressed in CHO cells,3117725,B,Ki,9,=,Homo sapiens,CHEMBL592679,CHEMBL1157642,,CHO,Direct protein target assigned,,,,False,-1,False,False,,,7.239999771118164,,,ADORA1_Ki_1811,7.239999771118164,False
CHEMBL226,O=C(Nc1ccc(-c2ccncc2)c(-c2cncs2)n1)C1CC1,O=C(Nc1ccc(-c2ccncc2)c(-c2cncs2)n1)C1CC1,6.5,CHEMBL1102043,Displacement of [3H]DPCPX from human adenosine A1 receptor expressed in CHO cells after 90 mins by filtration binding assay,3199092,B,Ki,9,=,Homo sapiens,CHEMBL1082171,CHEMBL1154947,,CHO,Direct protein target assigned,,,,False,-1,False,False,,,6.5,,,ADORA1_Ki_1826,6.5,False
CHEMBL226,CC(=O)Nc1ccc(-c2ccncc2)c(-c2cccc(F)c2)n1,CC(=O)Nc1ccc(-c2ccncc2)c(-c2cccc(F)c2)n1,7.239999771118164,CHEMBL1102043,Displacement of [3H]DPCPX from human adenosine A1 receptor expressed in CHO cells after 90 mins by filtration binding assay,3199097,B,Ki,9,=,Homo sapiens,CHEMBL1082208,CHEMBL1154947,,CHO,Direct protein target assigned,,,,False,-1,False,False,,,7.239999771118164,,,ADORA1_Ki_1831,7.239999771118164,False
CHEMBL226,O=c1[nH]c2cc(-c3ccncn3)c(-c3ccco3)nc2[nH]1,O=c1[nH]c2cc(-c3ccncn3)c(-c3ccco3)nc2[nH]1,6.5,CHEMBL1100688,Displacement of [3H]DPCPX from human adenosine A1 receptor expressed in CHO cells after 90 mins by filtration binding assay,3200461,B,Ki,9,=,Homo sapiens,CHEMBL1076563,CHEMBL1154955,,CHO,Direct protein target assigned,,,,False,-1,False,False,,,6.5,,,ADORA1_Ki_1842,6.5,False
CHEMBL226,CCn1ncc2c1nc(N)n1nc(-c3ccc(Cl)cc3)nc21,CCn1ncc2c1nc(N)n1nc(-c3ccc(Cl)cc3)nc21,6.920000076293945,CHEMBL1117074,Displacement of [3H]CCPA from human cloned adenosine A1 receptor expressed in CHO cells,3253653,B,Ki,9,=,Homo sapiens,CHEMBL1093430,CHEMBL1156179,,CHO,Direct protein target assigned,,,,False,-1,False,False,,,6.920000076293945,,,ADORA1_Ki_1849,6.920000076293945,False
CHEMBL226,Cn1cc2c(nc(NC(=O)Cc3ccccc3)n3nc(-c4ccc(Cl)cc4)nc23)n1,Cn1cc2c(nc(NC(=O)Cc3ccccc3)n3nc(-c4ccc(Cl)cc4)nc23)n1,5.309999942779541,CHEMBL1117074,Displacement of [3H]CCPA from human cloned adenosine A1 receptor expressed in CHO cells,3253673,B,Ki,9,=,Homo sapiens,CHEMBL1091641,CHEMBL1156179,,CHO,Direct protein target assigned,,,,False,-1,False,False,,,5.309999942779541,,,ADORA1_Ki_1862,5.309999942779541,False
CHEMBL226,Cn1cc2c(nc(NC(=O)Cc3ccccc3)n3nc(-c4ccc([N+](=O)[O-])cc4)nc23)n1,Cn1cc2c(nc(NC(=O)Cc3ccccc3)n3nc(-c4ccc([N+](=O)[O-])cc4)nc23)n1,4.630000114440918,CHEMBL1117074,Displacement of [3H]CCPA from human cloned adenosine A1 receptor expressed in CHO cells,3253676,B,Ki,9,=,Homo sapiens,CHEMBL1090461,CHEMBL1156179,,CHO,Direct protein target assigned,,,,False,-1,False,False,,,4.630000114440918,,,ADORA1_Ki_1864,4.630000114440918,False
CHEMBL226,CCCCn1c(=S)sc2c1ncn1nc(-c3ccco3)nc21,CCCCn1c(=S)sc2c1ncn1nc(-c3ccco3)nc21,6.829999923706055,CHEMBL1105451,Displacement of [3H]DPCPX from human adenosine A1 receptor expressed in HEK293 cells after 60 mins by rapid filtration assay,3243715,B,Ki,9,=,Homo sapiens,CHEMBL1092270,CHEMBL1156165,,HEK293,Direct protein target assigned,,,,False,-1,False,False,,,6.829999923706055,,,ADORA1_Ki_1867,6.829999923706055,False
CHEMBL226,COc1ccc(NC(C)=O)c2sc(NC(=O)c3ccc(F)cc3)nc12,COc1ccc(NC(C)=O)c2sc(NC(=O)c3ccc(F)cc3)nc12,5.800000190734863,CHEMBL1175306,Displacement of [3H]-DPCPX from human adenosine A1 receptor expressed in CHO-K1 cells after 1 hr by scintillation counting,3351956,B,Ki,9,=,Homo sapiens,CHEMBL1170518,CHEMBL1177799,,CHO-K1,Direct protein target assigned,,,,False,-1,False,False,,,5.800000190734863,,,ADORA1_Ki_1912,5.800000190734863,False
CHEMBL226,COc1ccc(N(CC(F)(F)F)C(C)=O)c2sc(NC(=O)c3ccc(F)cc3)nc12,COc1ccc(N(CC(F)(F)F)C(C)=O)c2sc(NC(=O)c3ccc(F)cc3)nc12,7.380000114440918,CHEMBL1175306,Displacement of [3H]-DPCPX from human adenosine A1 receptor expressed in CHO-K1 cells after 1 hr by scintillation counting,3351960,B,Ki,9,=,Homo sapiens,CHEMBL1172269,CHEMBL1177799,,CHO-K1,Direct protein target assigned,,,,False,-1,False,False,,,7.380000114440918,,,ADORA1_Ki_1916,7.380000114440918,False
CHEMBL226,CCN(C(C)=O)c1ccc(OC)c2nc(NC(=O)c3ccc(C(=O)N(C)CCOC)cc3)sc12,CCN(C(C)=O)c1ccc(OC)c2nc(NC(=O)c3ccc(C(=O)N(C)CCOC)cc3)sc12,6.75,CHEMBL1175306,Displacement of [3H]-DPCPX from human adenosine A1 receptor expressed in CHO-K1 cells after 1 hr by scintillation counting,3351982,B,Ki,9,=,Homo sapiens,CHEMBL1172442,CHEMBL1177799,,CHO-K1,Direct protein target assigned,,,,False,-1,False,False,,,6.75,,,ADORA1_Ki_1938,6.75,False
CHEMBL226,CC(C)CC(=O)Nc1nc(-c2ccccc2)c(-c2ncon2)s1,CC(C)CC(=O)Nc1nc(-c2ccccc2)c(-c2ncon2)s1,7.110000133514404,CHEMBL1227963,Displacement of [3H]DPCPX from human adenosine A1 receptor expressed in CHO cells by liquid scintillation counting,3424269,B,Ki,9,=,Homo sapiens,CHEMBL1222371,CHEMBL1221257,,CHO,Direct protein target assigned,,,,False,-1,False,False,,,7.110000133514404,,,ADORA1_Ki_1957,7.110000133514404,False
CHEMBL226,Cc1noc(-c2sc(NC(=O)c3ccco3)nc2-c2ccccc2)n1,Cc1noc(-c2sc(NC(=O)c3ccco3)nc2-c2ccccc2)n1,6.570000171661377,CHEMBL1227963,Displacement of [3H]DPCPX from human adenosine A1 receptor expressed in CHO cells by liquid scintillation counting,3424272,B,Ki,9,=,Homo sapiens,CHEMBL1221455,CHEMBL1221257,,CHO,Direct protein target assigned,,,,False,-1,False,False,,,6.570000171661377,,,ADORA1_Ki_1960,6.570000171661377,False
CHEMBL226,CCn1nnc(-c2sc(NC(=O)c3ccco3)nc2-c2ccccc2)n1,CCn1nnc(-c2sc(NC(=O)c3ccco3)nc2-c2ccccc2)n1,6.190000057220459,CHEMBL1227963,Displacement of [3H]DPCPX from human adenosine A1 receptor expressed in CHO cells by liquid scintillation counting,3424278,B,Ki,9,=,Homo sapiens,CHEMBL1221505,CHEMBL1221257,,CHO,Direct protein target assigned,,,,False,-1,False,False,,,6.190000057220459,,,ADORA1_Ki_1966,6.190000057220459,False
CHEMBL226,Cc1nc2c(=O)n(Cc3ccccc3)nc(-c3cccnc3)c2c2cc(-c3ccccc3)nn12,Cc1nc2c(=O)n(Cc3ccccc3)nc(-c3cccnc3)c2c2cc(-c3ccccc3)nn12,7.320000171661377,CHEMBL1286671,Displacement of [3H]DPCPX from human adenosine A1 receptor expressed in CHO-A1 cells after 60 mins,3560348,B,Ki,9,=,Homo sapiens,CHEMBL1278010,CHEMBL1275345,,CHO-A1,Direct protein target assigned,,,,False,-1,False,False,,,7.320000171661377,,,ADORA1_Ki_1973,7.320000171661377,False
CHEMBL226,Cc1nc2c(=O)n(Cc3ccccc3)nc(-c3ccccc3)c2c2cc(-c3ccccc3)nn12,Cc1nc2c(=O)n(Cc3ccccc3)nc(-c3ccccc3)c2c2cc(-c3ccccc3)nn12,5.800000190734863,CHEMBL1286671,Displacement of [3H]DPCPX from human adenosine A1 receptor expressed in CHO-A1 cells after 60 mins,3560358,B,Ki,9,=,Homo sapiens,CHEMBL1277302,CHEMBL1275345,,CHO-A1,Direct protein target assigned,,,,False,-1,False,False,,,5.800000190734863,,,ADORA1_Ki_1983,5.800000190734863,False
CHEMBL226,O=c1c2ncn3nc(-c4ccccc4)cc3c2c(-c2ccc(F)cc2)nn1Cc1ccccc1,O=c1c2ncn3nc(-c4ccccc4)cc3c2c(-c2ccc(F)cc2)nn1Cc1ccccc1,6.599999904632568,CHEMBL1286671,Displacement of [3H]DPCPX from human adenosine A1 receptor expressed in CHO-A1 cells after 60 mins,3560362,B,Ki,9,=,Homo sapiens,CHEMBL1276852,CHEMBL1275345,,CHO-A1,Direct protein target assigned,,,,False,-1,False,False,,,6.599999904632568,,,ADORA1_Ki_1987,6.599999904632568,False
CHEMBL226,O=c1c2ncn3nc(-c4ccccc4)cc3c2c(-c2ccccc2)nn1Cc1ccccc1,O=c1c2ncn3nc(-c4ccccc4)cc3c2c(-c2ccccc2)nn1Cc1ccccc1,5.840000152587891,CHEMBL1286671,Displacement of [3H]DPCPX from human adenosine A1 receptor expressed in CHO-A1 cells after 60 mins,3560363,B,Ki,9,=,Homo sapiens,CHEMBL1276851,CHEMBL1275345,,CHO-A1,Direct protein target assigned,,,,False,-1,False,False,,,5.840000152587891,,,ADORA1_Ki_1988,5.840000152587891,False
CHEMBL226,Cc1nn(C(C)c2ccccc2)c(=O)c2nc(C)n3nc(-c4ccccc4)cc3c12,Cc1nn(C(C)c2ccccc2)c(=O)c2nc(C)n3nc(-c4ccccc4)cc3c12,5.510000228881836,CHEMBL1286671,Displacement of [3H]DPCPX from human adenosine A1 receptor expressed in CHO-A1 cells after 60 mins,3560367,B,Ki,9,=,Homo sapiens,CHEMBL1277207,CHEMBL1275345,,CHO-A1,Direct protein target assigned,,,,False,-1,False,False,,,5.510000228881836,,,ADORA1_Ki_1991,5.510000228881836,False
CHEMBL226,CCCC(=O)Nc1nc(-c2ccccc2F)cc(-c2ccccc2F)n1,CCCC(=O)Nc1nc(-c2ccccc2F)cc(-c2ccccc2F)n1,7.630000114440918,CHEMBL1664119,Displacement of [3H]DPCPX from human adenosine A1 receptor expressed in CHO cells by liquid scintillation counting,5191544,B,Ki,9,=,Homo sapiens,CHEMBL1650165,CHEMBL1649418,,CHO,Direct protein target assigned,,,,False,-1,False,False,,,7.630000114440918,,,ADORA1_Ki_2029,7.630000114440918,False
CHEMBL226,CCCC(=O)Nc1nc(-c2ccc3c(c2)OCO3)cc(-c2ccc3c(c2)OCO3)n1,CCCC(=O)Nc1nc(-c2ccc3c(c2)OCO3)cc(-c2ccc3c(c2)OCO3)n1,6.170000076293945,CHEMBL1664119,Displacement of [3H]DPCPX from human adenosine A1 receptor expressed in CHO cells by liquid scintillation counting,5191546,B,Ki,9,=,Homo sapiens,CHEMBL1650174,CHEMBL1649418,,CHO,Direct protein target assigned,,,,False,-1,False,False,,,6.170000076293945,,,ADORA1_Ki_2031,6.170000076293945,False
CHEMBL226,CCCC(=O)Nc1nc(-c2ccsc2)cc(-c2ccsc2)n1,CCCC(=O)Nc1nc(-c2ccsc2)cc(-c2ccsc2)n1,7.070000171661377,CHEMBL1664119,Displacement of [3H]DPCPX from human adenosine A1 receptor expressed in CHO cells by liquid scintillation counting,5191549,B,Ki,9,=,Homo sapiens,CHEMBL1650348,CHEMBL1649418,,CHO,Direct protein target assigned,,,,False,-1,False,False,,,7.070000171661377,,,ADORA1_Ki_2034,7.070000171661377,False
CHEMBL226,CCCC(=O)Nc1cc(-c2ccsc2)nc(-c2ccsc2)n1,CCCC(=O)Nc1cc(-c2ccsc2)nc(-c2ccsc2)n1,7.190000057220459,CHEMBL1664119,Displacement of [3H]DPCPX from human adenosine A1 receptor expressed in CHO cells by liquid scintillation counting,5191571,B,Ki,9,=,Homo sapiens,CHEMBL1650395,CHEMBL1649418,,CHO,Direct protein target assigned,,,,False,-1,False,False,,,7.190000057220459,,,ADORA1_Ki_2053,7.190000057220459,False
CHEMBL226,CCC(=O)Nc1cnc(-c2ccncc2)c(-c2ccco2)n1,CCC(=O)Nc1cnc(-c2ccncc2)c(-c2ccco2)n1,7.380000114440918,CHEMBL1679074,Displacement of [3H]DPCPX from human adenosine A1 receptor expressed in CHO cells after 90 mins by filtration binding assay,5221788,B,Ki,9,=,Homo sapiens,CHEMBL1672613,CHEMBL1671839,,CHO,Direct protein target assigned,,,,False,-1,False,False,,,7.380000114440918,,,ADORA1_Ki_2066,7.380000114440918,False
CHEMBL226,CCN(C(C)=O)c1ccc(OC)c2nc(NC(=O)C3CCC(NCc4cccc(C(F)(F)F)c4)C3)sc12,CCN(C(C)=O)c1ccc(OC)c2nc(NC(=O)[C@@H]3CC[C@H](NCc4cccc(C(F)(F)F)c4)C3)sc12,6.659999847412109,CHEMBL1764850,Displacement of [3H]-DPCPX from human adenosine A1 receptor after 1 hr,6161691,B,Ki,9,=,Homo sapiens,CHEMBL1760891,CHEMBL1759892,,,Direct protein target assigned,,,,False,-1,False,False,,,6.659999847412109,,,ADORA1_Ki_2083,6.659999847412109,False
CHEMBL226,Nc1nc2c(cnn2CCCc2ccc(OCC(=O)NCCNC(=O)CCCCc3cn(CCCCCCC(=O)CCOCCOCCOCCOCCNC(=O)CCCCC4SCC5NC(=O)NC54)nn3)cc2)c2nc(-c3ccco3)nn12,Nc1nc2c(cnn2CCCc2ccc(OCC(=O)NCCNC(=O)CCCCc3cn(CCCCCCC(=O)CCOCCOCCOCCOCCNC(=O)CCCC[C@@H]4SC[C@@H]5NC(=O)N[C@@H]54)nn3)cc2)c2nc(-c3ccco3)nn12,5.889999866485596,CHEMBL1772676,Displacement of [3H]DPCPX from human recombinant adenosine A1 receptor expressed in CHO cells after 60 mins by liquid scintillation counting,6178789,B,Ki,9,=,Homo sapiens,CHEMBL1771812,CHEMBL1770126,,CHO,Direct protein target assigned,,,,False,-1,False,False,,,5.889999866485596,,,ADORA1_Ki_2091,5.889999866485596,False
CHEMBL226,CC(=O)NCCn1cc(CCCCC(=O)NCCNC(=O)COc2ccc(CCCn3ncc4c3nc(N)n3nc(-c5ccco5)nc43)cc2)nn1,CC(=O)NCCn1cc(CCCCC(=O)NCCNC(=O)COc2ccc(CCCn3ncc4c3nc(N)n3nc(-c5ccco5)nc43)cc2)nn1,5.769999980926514,CHEMBL1772676,Displacement of [3H]DPCPX from human recombinant adenosine A1 receptor expressed in CHO cells after 60 mins by liquid scintillation counting,6178790,B,Ki,9,=,Homo sapiens,CHEMBL1770169,CHEMBL1770126,,CHO,Direct protein target assigned,,,,False,-1,False,False,,,5.769999980926514,,,ADORA1_Ki_2092,5.769999980926514,False
CHEMBL226,Cn1cc2c(n1)c(N)nc1c(OCc3ccccc3)cccc12,Cn1cc2c(n1)c(N)nc1c(OCc3ccccc3)cccc12,6.010000228881836,CHEMBL1798404,Displacement of [3H]DPCPX from human recombinant adenosine A1 receptor expressed in CHO cell membranes by scintillation counting,6261799,B,Ki,9,=,Homo sapiens,CHEMBL1795502,CHEMBL1795254,,CHO,Direct protein target assigned,,,,False,-1,False,False,,,6.010000228881836,,,ADORA1_Ki_2097,6.010000228881836,False
CHEMBL226,C=CCN1C(=O)N2CC(CC)N=C2c2[nH]c(-c3cc(OC)no3)nc21,C=CCN1C(=O)N2CC(CC)N=C2c2[nH]c(-c3cc(OC)no3)nc21,5.519999980926514,CHEMBL1803413,Displacement of [3H]DPCPX from human adenosine A1 receptor expressed in CHO cells after 120 mins by scintillation spectrometry,6285544,B,Ki,9,=,Homo sapiens,CHEMBL1800862,CHEMBL1799944,,CHO,Direct protein target assigned,,,,False,-1,False,False,,,5.519999980926514,,,ADORA1_Ki_2103,5.519999980926514,False
CHEMBL226,COc1ccc(-c2nc3c4cn(CCc5ccccc5)nc4nc(NC(=O)c4ccccc4)n3n2)cc1,COc1ccc(-c2nc3c4cn(CCc5ccccc5)nc4nc(NC(=O)c4ccccc4)n3n2)cc1,6.079999923706055,CHEMBL1837538,Displacement of [3H]CCPA from human recombinant adenosine A1 receptor expressed in CHO cells after 3 hrs,6390995,B,Ki,9,=,Homo sapiens,CHEMBL1834699,CHEMBL1833919,,CHO,Direct protein target assigned,,,,False,-1,False,False,,,6.079999923706055,,,ADORA1_Ki_2111,6.079999923706055,False
CHEMBL226,O=C(Cc1ccccc1)Nc1nc2nn(CCc3ccccc3)cc2c2nc(-c3ccccc3)nn12,O=C(Cc1ccccc1)Nc1nc2nn(CCc3ccccc3)cc2c2nc(-c3ccccc3)nn12,6.71999979019165,CHEMBL1837538,Displacement of [3H]CCPA from human recombinant adenosine A1 receptor expressed in CHO cells after 3 hrs,6390996,B,Ki,9,=,Homo sapiens,CHEMBL1834700,CHEMBL1833919,,CHO,Direct protein target assigned,,,,False,-1,False,False,,,6.71999979019165,,,ADORA1_Ki_2112,6.71999979019165,False
CHEMBL226,COc1cc(N)[nH]c2nc(-c3ccc(F)cc3)c(-c3ccncc3)c1-2,COc1cc(N)[nH]c2nc(-c3ccc(F)cc3)c(-c3ccncc3)c1-2,6.289999961853027,CHEMBL1909213,DRUGMATRIX: Adenosine A1 radioligand binding (ligand: DPCPX),7804913,B,Ki,8,=,Homo sapiens,CHEMBL115769,CHEMBL1909046,,CHO,Homologous protein target assigned,,,,False,-1,False,False,,,6.289999961853027,,,ADORA1_Ki_2127,6.289999961853027,False
CHEMBL226,Nc1nc2cn(CCCc3ccccc3)cc2c2nc(-c3ccco3)nn12,Nc1nc2cn(CCCc3ccccc3)cc2c2nc(-c3ccco3)nn12,7.75,CHEMBL1936134,Displacement of [3H]-DPCPX from human adenosine A1 receptor expressed in CHO cells after 120 mins by liquid scintillation counting,7985222,B,Ki,9,=,Homo sapiens,CHEMBL1935746,CHEMBL1932966,,CHO,Direct protein target assigned,,,,False,-1,False,False,,,7.75,,,ADORA1_Ki_2155,7.75,False
CHEMBL226,CCCn1cc2nc(NC(=O)Nc3ccc(OC)cc3)n3nc(-c4ccco4)nc3c2c1,CCCn1cc2nc(NC(=O)Nc3ccc(OC)cc3)n3nc(-c4ccco4)nc3c2c1,6.130000114440918,CHEMBL1936134,Displacement of [3H]-DPCPX from human adenosine A1 receptor expressed in CHO cells after 120 mins by liquid scintillation counting,7985224,B,Ki,9,=,Homo sapiens,CHEMBL1935748,CHEMBL1932966,,CHO,Direct protein target assigned,,,,False,-1,False,False,,,6.130000114440918,,,ADORA1_Ki_2157,6.130000114440918,False
CHEMBL226,COc1ccc(NC(=O)Nc2nc3cn(C)nc3c3nc(-c4ccco4)nn23)cc1,COc1ccc(NC(=O)Nc2nc3cn(C)nc3c3nc(-c4ccco4)nn23)cc1,6.039999961853027,CHEMBL1936134,Displacement of [3H]-DPCPX from human adenosine A1 receptor expressed in CHO cells after 120 mins by liquid scintillation counting,7985240,B,Ki,9,=,Homo sapiens,CHEMBL1935764,CHEMBL1932966,,CHO,Direct protein target assigned,,,,False,-1,False,False,,,6.039999961853027,,,ADORA1_Ki_2172,6.039999961853027,False
CHEMBL226,CCCn1c(=O)c2[nH]c(-c3cc(OCc4nc5cc(Br)ccc5[nH]4)nn3C)nc2n(CCC)c1=O,CCCn1c(=O)c2[nH]c(-c3cc(OCc4nc5cc(Br)ccc5[nH]4)nn3C)nc2n(CCC)c1=O,6.550000190734863,CHEMBL1959505,Displacement of [3H]DPCPX from human recombinant adenosine A1 receptor expressed in CHO cells after 120 mins by scintillation counting,8056759,B,Ki,9,=,Homo sapiens,CHEMBL1955901,CHEMBL1955727,,CHO,Direct protein target assigned,,,,False,-1,False,False,,,6.550000190734863,,,ADORA1_Ki_2183,6.550000190734863,False
CHEMBL226,CCCn1c(=O)c2[nH]c(-c3cc(OCc4nc5c(C)cccc5[nH]4)nn3C)nc2n(CCC)c1=O,CCCn1c(=O)c2[nH]c(-c3cc(OCc4nc5c(C)cccc5[nH]4)nn3C)nc2n(CCC)c1=O,6.159999847412109,CHEMBL1959505,Displacement of [3H]DPCPX from human recombinant adenosine A1 receptor expressed in CHO cells after 120 mins by scintillation counting,8056766,B,Ki,9,=,Homo sapiens,CHEMBL1955906,CHEMBL1955727,,CHO,Direct protein target assigned,,,,False,-1,False,False,,,6.159999847412109,,,ADORA1_Ki_2189,6.159999847412109,False
CHEMBL226,CCCn1c(=O)c2[nH]c(-c3cc(OCc4nc5ccccc5[nH]4)no3)nc2n(CCC)c1=O,CCCn1c(=O)c2[nH]c(-c3cc(OCc4nc5ccccc5[nH]4)no3)nc2n(CCC)c1=O,6.559999942779541,CHEMBL1959505,Displacement of [3H]DPCPX from human recombinant adenosine A1 receptor expressed in CHO cells after 120 mins by scintillation counting,8056774,B,Ki,9,=,Homo sapiens,CHEMBL1955914,CHEMBL1955727,,CHO,Direct protein target assigned,,,,False,-1,False,False,,,6.559999942779541,,,ADORA1_Ki_2194,6.559999942779541,False
CHEMBL226,CCNc1nc(Cl)nc2c1ncn2C1C(O)C(O)C2CC21,CCNc1nc(Cl)nc2c1ncn2[C@H]1[C@H](O)[C@H](O)[C@@H]2C[C@@H]21,6.03000020980835,CHEMBL2014359,Displacement of [3H]R-PIA from human recombinant adenosine receptor-1 expressed in CHO cell membrane after 60 mins by liquid scintillation counting,10839212,B,Ki,9,=,Homo sapiens,CHEMBL2012680,CHEMBL2010736,,CHO,Direct protein target assigned,,,,False,-1,False,False,,,6.03000020980835,,,ADORA1_Ki_2215,6.03000020980835,False
CHEMBL226,Nc1nnc(-c2ccccc2)c(-c2ccccc2)n1,Nc1nnc(-c2ccccc2)c(-c2ccccc2)n1,6.559999942779541,CHEMBL2024728,Displacement of [3H]DPCPX from human adenosine A1 receptor expressed in CHO cells after 1 hr by liquid scintillation counting,10873953,B,Ki,9,=,Homo sapiens,CHEMBL1370747,CHEMBL2021853,,CHO,Direct protein target assigned,,,,False,-1,False,False,,,6.559999942779541,,,ADORA1_Ki_2222,6.559999942779541,False
CHEMBL226,Nc1nnc(-c2cccc(Cl)c2)c(-c2ccccc2)n1,Nc1nnc(-c2cccc(Cl)c2)c(-c2ccccc2)n1,7.25,CHEMBL2024728,Displacement of [3H]DPCPX from human adenosine A1 receptor expressed in CHO cells after 1 hr by liquid scintillation counting,10873954,B,Ki,9,=,Homo sapiens,CHEMBL2024111,CHEMBL2021853,,CHO,Direct protein target assigned,,,,False,-1,False,False,,,7.25,,,ADORA1_Ki_2223,7.25,False
CHEMBL226,Nc1nc(S(=O)(=O)CCc2ccc(S(=O)(=O)O)cc2)nc2c1ncn2C1OC(CO)C(O)C1O,Nc1nc(S(=O)(=O)CCc2ccc(S(=O)(=O)O)cc2)nc2c1ncn2[C@@H]1O[C@H](CO)[C@@H](O)[C@H]1O,6.260000228881836,CHEMBL2046072,Displacement of [3H]CCPA from human recombinant adenosine A1 receptor,10923741,B,Ki,9,=,Homo sapiens,CHEMBL2043426,CHEMBL2040767,,,Direct protein target assigned,,,,False,-1,False,False,,,6.260000228881836,,,ADORA1_Ki_2236,6.260000228881836,False
CHEMBL226,COC(=O)C(C#N)=Cc1cccc(OC)c1O,COC(=O)/C(C#N)=C/c1cccc(OC)c1O,5.599999904632568,CHEMBL2045249,Displacement of [3H]DPCPX from human adenosine A1 receptor expressed in CHO cells after 60 mins by beta scintillation counting,10925742,B,Ki,9,=,Homo sapiens,CHEMBL2042091,CHEMBL2040792,,CHO,Direct protein target assigned,,,,False,-1,False,False,,,5.599999904632568,,,ADORA1_Ki_2242,5.599999904632568,False
CHEMBL226,Cn1cc2c(nc(NC(=O)NC3CCN(Cc4ccc(C#N)cc4)CC3)n3nc(-c4ccco4)nc23)n1,Cn1cc2c(nc(NC(=O)NC3CCN(Cc4ccc(C#N)cc4)CC3)n3nc(-c4ccco4)nc23)n1,6.78000020980835,CHEMBL2073178,Displacement of [3H]DPCPX from human adenosine A1 receptor expressed in CHO cells after 120 mins by scintillation counter,10984466,B,Ki,9,=,Homo sapiens,CHEMBL2070891,CHEMBL2069218,,CHO,Direct protein target assigned,,,,False,-1,False,False,,,6.78000020980835,,,ADORA1_Ki_2259,6.78000020980835,False
CHEMBL226,O=C(O)c1cnn(-c2nc(NC(C3CC3)C3CC3)c3ncn(C4C(O)C(O)C5CC54)c3n2)c1,O=C(O)c1cnn(-c2nc(NC(C3CC3)C3CC3)c3ncn([C@H]4[C@H](O)[C@H](O)[C@@H]5C[C@@H]54)c3n2)c1,5.96999979019165,CHEMBL2174889,Displacement of [3H]R-PIA from human A1 adenosine receptor expressed in CHO cells after 60 min by Perkin Elmer Liquid Scintillation Analyzer,12099299,B,Ki,9,=,Homo sapiens,CHEMBL2170799,CHEMBL2169760,,CHO,Direct protein target assigned,,,,False,-1,False,False,,,5.96999979019165,,,ADORA1_Ki_2304,5.96999979019165,False
CHEMBL226,OC1C(O)C(n2cnc3c(NCC(C4CC4)C4CC4)nc(Cl)nc32)C2CC12,O[C@@H]1[C@H](O)[C@@H]2C[C@@H]2[C@H]1n1cnc2c(NCC(C3CC3)C3CC3)nc(Cl)nc21,6.110000133514404,CHEMBL2174889,Displacement of [3H]R-PIA from human A1 adenosine receptor expressed in CHO cells after 60 min by Perkin Elmer Liquid Scintillation Analyzer,12099314,B,Ki,9,=,Homo sapiens,CHEMBL2170800,CHEMBL2169760,,CHO,Direct protein target assigned,,,,False,-1,False,False,,,6.110000133514404,,,ADORA1_Ki_2310,6.110000133514404,False
CHEMBL226,CCCN1C(=O)N2CCN=C2c2[nH]c(-c3ccc(Br)cc3)nc21,CCCN1C(=O)N2CCN=C2c2[nH]c(-c3ccc(Br)cc3)nc21,5.75,CHEMBL2187070,Displacement of [3H]CCPA from human recombinant adenosine A1 receptor expressed in CHO cells after 60 mins by gamma counter,12139198,B,Ki,9,=,Homo sapiens,CHEMBL2181965,CHEMBL2177029,,CHO,Direct protein target assigned,,,,False,-1,False,False,,,5.75,,,ADORA1_Ki_2312,5.75,False
CHEMBL226,CCC1CN2C(=O)N(C)c3nc(-c4ccccc4)[nH]c3C2=N1,CC[C@@H]1CN2C(=O)N(C)c3nc(-c4ccccc4)[nH]c3C2=N1,5.789999961853027,CHEMBL2187070,Displacement of [3H]CCPA from human recombinant adenosine A1 receptor expressed in CHO cells after 60 mins by gamma counter,12139199,B,Ki,9,=,Homo sapiens,CHEMBL1625681,CHEMBL2177029,,CHO,Direct protein target assigned,,,,False,-1,False,False,,,5.789999961853027,,,ADORA1_Ki_2313,5.789999961853027,False
CHEMBL226,Cn1cc2c(nc(N3CCOCC3)n3nc(-c4ccco4)nc23)n1,Cn1cc2c(nc(N3CCOCC3)n3nc(-c4ccco4)nc23)n1,5.619999885559082,CHEMBL2188180,Displacement of [3H]CCPA from human adenosine A1 receptor expressed in CHO cell membrane,12142509,B,Ki,9,=,Homo sapiens,CHEMBL2180909,CHEMBL2177027,,CHO,Direct protein target assigned,,,,False,-1,False,False,,,5.619999885559082,,,ADORA1_Ki_2320,5.619999885559082,False
CHEMBL226,CCCCCN(CCCCC)c1nc2nn(C)cc2c2nc(-c3ccco3)nn12,CCCCCN(CCCCC)c1nc2nn(C)cc2c2nc(-c3ccco3)nn12,5.480000019073486,CHEMBL2188180,Displacement of [3H]CCPA from human adenosine A1 receptor expressed in CHO cell membrane,12142517,B,Ki,9,=,Homo sapiens,CHEMBL2180922,CHEMBL2177027,,CHO,Direct protein target assigned,,,,False,-1,False,False,,,5.480000019073486,,,ADORA1_Ki_2328,5.480000019073486,False
CHEMBL226,Cn1cc2c(nc(NCCCO)n3nc(-c4ccco4)nc23)n1,Cn1cc2c(nc(NCCCO)n3nc(-c4ccco4)nc23)n1,6.670000076293945,CHEMBL2188180,Displacement of [3H]CCPA from human adenosine A1 receptor expressed in CHO cell membrane,12142530,B,Ki,9,=,Homo sapiens,CHEMBL2181143,CHEMBL2177027,,CHO,Direct protein target assigned,,,,False,-1,False,False,,,6.670000076293945,,,ADORA1_Ki_2341,6.670000076293945,False
CHEMBL226,Cn1cc2c(nc(NCCO)n3nc(-c4ccco4)nc23)n1,Cn1cc2c(nc(NCCO)n3nc(-c4ccco4)nc23)n1,6.190000057220459,CHEMBL2188180,Displacement of [3H]CCPA from human adenosine A1 receptor expressed in CHO cell membrane,12142531,B,Ki,9,=,Homo sapiens,CHEMBL2181142,CHEMBL2177027,,CHO,Direct protein target assigned,,,,False,-1,False,False,,,6.190000057220459,,,ADORA1_Ki_2342,6.190000057220459,False
CHEMBL226,Cn1cc2c(nc(NCc3ccc(-c4ccccc4)cc3)n3nc(-c4ccco4)nc23)n1,Cn1cc2c(nc(NCc3ccc(-c4ccccc4)cc3)n3nc(-c4ccco4)nc23)n1,4.760000228881836,CHEMBL2188180,Displacement of [3H]CCPA from human adenosine A1 receptor expressed in CHO cell membrane,12142536,B,Ki,9,=,Homo sapiens,CHEMBL2180939,CHEMBL2177027,,CHO,Direct protein target assigned,,,,False,-1,False,False,,,4.760000228881836,,,ADORA1_Ki_2347,4.760000228881836,False
CHEMBL226,Cc1ccc(CNc2nc3nn(C)cc3c3nc(-c4ccco4)nn23)cc1,Cc1ccc(CNc2nc3nn(C)cc3c3nc(-c4ccco4)nn23)cc1,6.269999980926514,CHEMBL2188180,Displacement of [3H]CCPA from human adenosine A1 receptor expressed in CHO cell membrane,12142542,B,Ki,9,=,Homo sapiens,CHEMBL2180933,CHEMBL2177027,,CHO,Direct protein target assigned,,,,False,-1,False,False,,,6.269999980926514,,,ADORA1_Ki_2353,6.269999980926514,False
CHEMBL226,CC(C)Nc1nc2nn(C)cc2c2nc(-c3ccco3)nn12,CC(C)Nc1nc2nn(C)cc2c2nc(-c3ccco3)nn12,6.480000019073486,CHEMBL2188180,Displacement of [3H]CCPA from human adenosine A1 receptor expressed in CHO cell membrane,12142563,B,Ki,9,=,Homo sapiens,CHEMBL2181149,CHEMBL2177027,,CHO,Direct protein target assigned,,,,False,-1,False,False,,,6.480000019073486,,,ADORA1_Ki_2369,6.480000019073486,False
CHEMBL226,O=C(CCCc1ccccc1)Nc1nc2cc(Cl)ccc2c(=O)s1,O=C(CCCc1ccccc1)Nc1nc2cc(Cl)ccc2c(=O)s1,6.110000133514404,CHEMBL2382693,Displacement of [3H]CCPA from human recombinant adenosine A1 receptor expressed in CHO cells after 90 mins by liquid scintillation counting analysis,13299679,B,Ki,9,=,Homo sapiens,CHEMBL2382423,CHEMBL2380255,,CHO,Direct protein target assigned,,,,False,-1,False,False,,,6.110000133514404,,,ADORA1_Ki_2387,6.110000133514404,False
CHEMBL226,O=C(CC=Cc1cccc(Cl)c1)Nc1nc2ccccc2c(=O)s1,O=C(C/C=C/c1cccc(Cl)c1)Nc1nc2ccccc2c(=O)s1,6.25,CHEMBL2382693,Displacement of [3H]CCPA from human recombinant adenosine A1 receptor expressed in CHO cells after 90 mins by liquid scintillation counting analysis,13299688,B,Ki,9,=,Homo sapiens,CHEMBL2382440,CHEMBL2380255,,CHO,Direct protein target assigned,,,,False,-1,False,False,,,6.25,,,ADORA1_Ki_2390,6.25,False
CHEMBL226,CN(C)c1nc(N)nc(-c2sc(NC(=O)c3ccccc3)nc2-c2ccccc2)n1,CN(C)c1nc(N)nc(-c2sc(NC(=O)c3ccccc3)nc2-c2ccccc2)n1,6.099999904632568,CHEMBL2394445,Displacement of [3H]CCPA from human adenosine A1 receptor expressed in CHO cells,13348205,B,Ki,9,=,Homo sapiens,CHEMBL2391844,CHEMBL2390947,,CHO,Direct protein target assigned,,,,False,-1,False,False,,,6.099999904632568,,,ADORA1_Ki_2401,6.099999904632568,False
CHEMBL226,O=C(Nc1nc(-c2ccccc2)c(C(=O)c2ccccn2)s1)c1ccco1,O=C(Nc1nc(-c2ccccc2)c(C(=O)c2ccccn2)s1)c1ccco1,6.389999866485596,CHEMBL2394445,Displacement of [3H]CCPA from human adenosine A1 receptor expressed in CHO cells,13348214,B,Ki,9,=,Homo sapiens,CHEMBL2391831,CHEMBL2390947,,CHO,Direct protein target assigned,,,,False,-1,False,False,,,6.389999866485596,,,ADORA1_Ki_2404,6.389999866485596,False
CHEMBL226,CCCCn1c(N=Cc2ccc(Cl)cc2)c(C#N)sc1=S,CCCCn1c(/N=C/c2ccc(Cl)cc2)c(C#N)sc1=S,4.610000133514404,CHEMBL2422900,Displacement of [3H]DPCPX from human A1 receptor expressed in HEK293 cell membranes after 60 mins by scintillation counting,13418960,B,Ki,9,=,Homo sapiens,CHEMBL2419141,CHEMBL2417388,,HEK293,Direct protein target assigned,,,,False,-1,False,False,,,4.610000133514404,,,ADORA1_Ki_2414,4.610000133514404,False
CHEMBL226,CCCn1c(N=Cc2ccc(Br)cc2)c(C#N)sc1=S,CCCn1c(/N=C/c2ccc(Br)cc2)c(C#N)sc1=S,6.21999979019165,CHEMBL2422900,Displacement of [3H]DPCPX from human A1 receptor expressed in HEK293 cell membranes after 60 mins by scintillation counting,13418963,B,Ki,9,=,Homo sapiens,CHEMBL2419138,CHEMBL2417388,,HEK293,Direct protein target assigned,,,,False,-1,False,False,,,6.21999979019165,,,ADORA1_Ki_2416,6.21999979019165,False
CHEMBL226,CCCCn1c(N=Cc2ccc(Br)cc2)c(C#N)sc1=S,CCCCn1c(/N=C/c2ccc(Br)cc2)c(C#N)sc1=S,10.0,CHEMBL2422900,Displacement of [3H]DPCPX from human A1 receptor expressed in HEK293 cell membranes after 60 mins by scintillation counting,13418964,B,Ki,9,=,Homo sapiens,CHEMBL2419137,CHEMBL2417388,,HEK293,Direct protein target assigned,,,,False,-1,False,False,,,10.0,,,ADORA1_Ki_2417,10.0,False
CHEMBL226,Cn1c(-c2ccco2)nc2c(NC(=O)Nc3ccccc3)ncnc21,Cn1c(-c2ccco2)nc2c(NC(=O)Nc3ccccc3)ncnc21,6.300000190734863,CHEMBL3090424,Displacement of [3H]CCPA from human recombinant adenosine A1 receptor expressed in CHO cells,13834901,B,Ki,9,=,Homo sapiens,CHEMBL3087713,CHEMBL3085675,,CHO,Direct protein target assigned,,,,False,-1,False,False,,,6.300000190734863,,,ADORA1_Ki_2425,6.300000190734863,False
CHEMBL226,Cn1c(-c2ccco2)nc2c(NC(=O)C(c3ccccc3)c3ccccc3)ncnc21,Cn1c(-c2ccco2)nc2c(NC(=O)C(c3ccccc3)c3ccccc3)ncnc21,5.519999980926514,CHEMBL3090424,Displacement of [3H]CCPA from human recombinant adenosine A1 receptor expressed in CHO cells,13834904,B,Ki,9,=,Homo sapiens,CHEMBL3087710,CHEMBL3085675,,CHO,Direct protein target assigned,,,,False,-1,False,False,,,5.519999980926514,,,ADORA1_Ki_2428,5.519999980926514,False
CHEMBL226,CC(C)(C)Cn1cc2c(Cl)nc(NC(=O)c3ccc(F)cc3)nc2n1,CC(C)(C)Cn1cc2c(Cl)nc(NC(=O)c3ccc(F)cc3)nc2n1,4.78000020980835,CHEMBL3119410,Displacement of [3H]-CCPA from human adenosine A1 receptor expressed in CHO cells after 3 hrs by topcount scintillation counting analysis,13912440,B,Ki,9,=,Homo sapiens,CHEMBL3114152,CHEMBL3112554,,CHO,Direct protein target assigned,,,,False,-1,False,False,,,4.78000020980835,,,ADORA1_Ki_2461,4.78000020980835,False
CHEMBL226,Cn1cc2c(Cl)nc(NC(=O)Cc3ccccc3)nc2n1,Cn1cc2c(Cl)nc(NC(=O)Cc3ccccc3)nc2n1,4.789999961853027,CHEMBL3119410,Displacement of [3H]-CCPA from human adenosine A1 receptor expressed in CHO cells after 3 hrs by topcount scintillation counting analysis,13912442,B,Ki,9,=,Homo sapiens,CHEMBL3114163,CHEMBL3112554,,CHO,Direct protein target assigned,,,,False,-1,False,False,,,4.789999961853027,,,ADORA1_Ki_2462,4.789999961853027,False
CHEMBL226,CC(C)n1cc2c(Cl)nc(N)nc2n1,CC(C)n1cc2c(Cl)nc(N)nc2n1,5.050000190734863,CHEMBL3119410,Displacement of [3H]-CCPA from human adenosine A1 receptor expressed in CHO cells after 3 hrs by topcount scintillation counting analysis,13912456,B,Ki,9,=,Homo sapiens,CHEMBL3114140,CHEMBL3112554,,CHO,Direct protein target assigned,,,,False,-1,False,False,,,5.050000190734863,,,ADORA1_Ki_2468,5.050000190734863,False
CHEMBL226,Cn1c(=O)c2[nH]c(-c3ccc(OCCN4CCOCC4)cc3)nc2n(C)c1=O,Cn1c(=O)c2[nH]c(-c3ccc(OCCN4CCOCC4)cc3)nc2n(C)c1=O,8.59000015258789,CHEMBL3123573,Displacement of [3H]-CCPA from human recombinant adenosine A1 receptor expressed in CHO cell membranes after 3 hrs by microbeta counting analysis,13934262,B,Ki,9,=,Homo sapiens,CHEMBL3121723,CHEMBL3120062,,CHO,Direct protein target assigned,,,,False,-1,False,False,,,8.59000015258789,,,ADORA1_Ki_2477,8.59000015258789,False
CHEMBL226,Nc1nc(-c2ccco2)nc2sc(CN3CCCC(F)(F)C3)cc12,Nc1nc(-c2ccco2)nc2sc(CN3CCCC(F)(F)C3)cc12,6.539999961853027,CHEMBL3223904,Antagonist activity at human adenosine A1 receptor expressed in CHO-K1 cells preincubated for 15 mins before r-PIA addition measured after 5.5 to 6 hrs by beta-galactosidase reporter gene assay,14552577,B,Ki,9,=,Homo sapiens,CHEMBL3222061,CHEMBL3217453,,CHO-K1,Direct protein target assigned,,,,False,-1,False,False,,,6.539999961853027,,,ADORA1_Ki_2496,6.539999961853027,False
CHEMBL226,CC1CCCC(C)N1Cc1cc2c(N)nc(-c3cccc(C#N)c3)nc2s1,C[C@@H]1CCC[C@H](C)N1Cc1cc2c(N)nc(-c3cccc(C#N)c3)nc2s1,6.340000152587891,CHEMBL3223904,Antagonist activity at human adenosine A1 receptor expressed in CHO-K1 cells preincubated for 15 mins before r-PIA addition measured after 5.5 to 6 hrs by beta-galactosidase reporter gene assay,14552590,B,Ki,9,=,Homo sapiens,CHEMBL3222110,CHEMBL3217453,,CHO-K1,Direct protein target assigned,,,,False,-1,False,False,,,6.340000152587891,,,ADORA1_Ki_2501,6.340000152587891,False
CHEMBL226,Nc1nc(-c2cc3ccccc3o2)nc2sc(CN3CCC(F)CC3)cc12,Nc1nc(-c2cc3ccccc3o2)nc2sc(CN3CCC(F)CC3)cc12,6.199999809265137,CHEMBL3223904,Antagonist activity at human adenosine A1 receptor expressed in CHO-K1 cells preincubated for 15 mins before r-PIA addition measured after 5.5 to 6 hrs by beta-galactosidase reporter gene assay,14552596,B,Ki,9,=,Homo sapiens,CHEMBL3222102,CHEMBL3217453,,CHO-K1,Direct protein target assigned,,,,False,-1,False,False,,,6.199999809265137,,,ADORA1_Ki_2506,6.199999809265137,False
CHEMBL226,Nc1nc(-c2ccco2)nc2sc(CN3CCC(F)CC3)cc12,Nc1nc(-c2ccco2)nc2sc(CN3CCC(F)CC3)cc12,6.130000114440918,CHEMBL3223904,Antagonist activity at human adenosine A1 receptor expressed in CHO-K1 cells preincubated for 15 mins before r-PIA addition measured after 5.5 to 6 hrs by beta-galactosidase reporter gene assay,14552603,B,Ki,9,=,Homo sapiens,CHEMBL3222059,CHEMBL3217453,,CHO-K1,Direct protein target assigned,,,,False,-1,False,False,,,6.130000114440918,,,ADORA1_Ki_2513,6.130000114440918,False
CHEMBL226,Nc1nc(-c2ccc(F)c(F)c2)nc2sc(CN3CCOCC3)cc12,Nc1nc(-c2ccc(F)c(F)c2)nc2sc(CN3CCOCC3)cc12,5.539999961853027,CHEMBL3223904,Antagonist activity at human adenosine A1 receptor expressed in CHO-K1 cells preincubated for 15 mins before r-PIA addition measured after 5.5 to 6 hrs by beta-galactosidase reporter gene assay,14552638,B,Ki,9,=,Homo sapiens,CHEMBL3222107,CHEMBL3217453,,CHO-K1,Direct protein target assigned,,,,False,-1,False,False,,,5.539999961853027,,,ADORA1_Ki_2542,5.539999961853027,False
CHEMBL226,N#Cc1c(N)nc(SCc2csc(-c3ccc(Cl)cc3)n2)nc1-c1ccc(O)cc1,N#Cc1c(N)nc(SCc2csc(-c3ccc(Cl)cc3)n2)nc1-c1ccc(O)cc1,7.820000171661377,CHEMBL3240796,Displacement of [3H]DPCPX from human adenosine A1 receptor expressed in CHO cell membranes after 1 hr by beta scintillation counting analysis,14570064,B,Ki,9,=,Homo sapiens,CHEMBL3234940,CHEMBL3232854,,CHO,Direct protein target assigned,,,,False,-1,False,False,,,7.820000171661377,,,ADORA1_Ki_2567,7.820000171661377,False
CHEMBL226,N#Cc1c(N)nc(SCc2csc(-c3ccc4c(c3)OCO4)n2)nc1-c1ccc2c(c1)OCO2,N#Cc1c(N)nc(SCc2csc(-c3ccc4c(c3)OCO4)n2)nc1-c1ccc2c(c1)OCO2,8.600000381469727,CHEMBL3240796,Displacement of [3H]DPCPX from human adenosine A1 receptor expressed in CHO cell membranes after 1 hr by beta scintillation counting analysis,14570074,B,Ki,9,=,Homo sapiens,CHEMBL3234953,CHEMBL3232854,,CHO,Direct protein target assigned,,,,False,-1,False,False,,,8.600000381469727,,,ADORA1_Ki_2577,8.600000381469727,False
CHEMBL226,COCCOc1ccc(N2CCN(CCn3cnc4c3nc(N)n3nc(-c5ccccn5)nc43)CC2)cc1,COCCOc1ccc(N2CCN(CCn3cnc4c3nc(N)n3nc(-c5ccccn5)nc43)CC2)cc1,5.869999885559082,CHEMBL3267349,Inhibition of human recombinant adenosine A1 receptor,14645643,B,Ki,9,=,Homo sapiens,CHEMBL246675,CHEMBL3259781,,,Direct protein target assigned,,,,False,-1,False,False,,,5.869999885559082,,,ADORA1_Ki_2596,5.869999885559082,False
CHEMBL226,Nc1nc2c(cnn2CCN2CCOCC2)c2nn(Cc3cccc(Cl)c3)c(=O)n12,Nc1nc2c(cnn2CCN2CCOCC2)c2nn(Cc3cccc(Cl)c3)c(=O)n12,5.849999904632568,CHEMBL3267349,Inhibition of human recombinant adenosine A1 receptor,14645647,B,Ki,9,=,Homo sapiens,CHEMBL1762515,CHEMBL3259781,,,Direct protein target assigned,,,,False,-1,False,False,,,5.849999904632568,,,ADORA1_Ki_2600,5.849999904632568,False
CHEMBL226,COc1cnc(N2CCOCC2)c2sc(NC(=O)c3ccc(F)cc3)nc12,COc1cnc(N2CCOCC2)c2sc(NC(=O)c3ccc(F)cc3)nc12,5.679999828338623,CHEMBL3267349,Inhibition of human recombinant adenosine A1 receptor,14645649,B,Ki,9,=,Homo sapiens,CHEMBL3260726,CHEMBL3259781,,,Direct protein target assigned,,,,False,-1,False,False,,,5.679999828338623,,,ADORA1_Ki_2602,5.679999828338623,False
CHEMBL226,CCc1nc2c(=O)n(Cc3ccccc3)nc(C3CCCC3)c2c2cc(-c3ccccc3)nn12,CCc1nc2c(=O)n(Cc3ccccc3)nc(C3CCCC3)c2c2cc(-c3ccccc3)nn12,8.460000038146973,CHEMBL3383135,Displacement of [3H]DPCPX from human adenosine A1 receptor expressed in CHO cells after 120 mins,14994309,B,Ki,9,=,Homo sapiens,CHEMBL3359411,CHEMBL3351777,,CHO,Direct protein target assigned,,,,False,-1,False,False,,,8.460000038146973,,,ADORA1_Ki_2614,8.460000038146973,False
CHEMBL226,COc1ccc(-c2nc3cnc4ccc(C)cc4n3n2)cc1,COc1ccc(-c2nc3cnc4ccc(C)cc4n3n2)cc1,5.699999809265137,CHEMBL3376726,Displacement of [3H]DPCPX from human adenosine A1 receptor expressed in CHO cells,14991659,B,Ki,9,=,Homo sapiens,CHEMBL3356374,CHEMBL3352157,,CHO,Direct protein target assigned,,,,False,-1,False,False,,,5.699999809265137,,,ADORA1_Ki_2620,5.699999809265137,False
CHEMBL226,Clc1ccc2ncc3nc(-c4ccccc4)nn3c2c1,Clc1ccc2ncc3nc(-c4ccccc4)nn3c2c1,6.889999866485596,CHEMBL3376726,Displacement of [3H]DPCPX from human adenosine A1 receptor expressed in CHO cells,14991662,B,Ki,9,=,Homo sapiens,CHEMBL3356371,CHEMBL3352157,,CHO,Direct protein target assigned,,,,False,-1,False,False,,,6.889999866485596,,,ADORA1_Ki_2622,6.889999866485596,False
CHEMBL226,CCOC(=O)N1Cc2nc(-c3ccc(OC)cc3)nn2-c2cc(C)ccc21,CCOC(=O)N1Cc2nc(-c3ccc(OC)cc3)nn2-c2cc(C)ccc21,7.070000171661377,CHEMBL3376726,Displacement of [3H]DPCPX from human adenosine A1 receptor expressed in CHO cells,14991664,B,Ki,9,=,Homo sapiens,CHEMBL3355976,CHEMBL3352157,,CHO,Direct protein target assigned,,,,False,-1,False,False,,,7.070000171661377,,,ADORA1_Ki_2623,7.070000171661377,False
CHEMBL226,CCc1nc(N)c2nn(-c3ccccc3)cc2n1,CCc1nc(N)c2nn(-c3ccccc3)cc2n1,7.050000190734863,CHEMBL3379783,Displacement of [3H]-DPCPX from human adenosine A1 receptor expressed in CHO cells by scintillation counting analysis,15026025,B,Ki,9,=,Homo sapiens,CHEMBL3317556,CHEMBL3352340,,CHO,Direct protein target assigned,,,,False,-1,False,False,,,7.050000190734863,,,ADORA1_Ki_2632,7.050000190734863,False
CHEMBL226,COc1ccccc1Cc1nc(N)c2nn(-c3ccccc3)cc2n1,COc1ccccc1Cc1nc(N)c2nn(-c3ccccc3)cc2n1,6.429999828338623,CHEMBL3379783,Displacement of [3H]-DPCPX from human adenosine A1 receptor expressed in CHO cells by scintillation counting analysis,15026027,B,Ki,9,=,Homo sapiens,CHEMBL3317560,CHEMBL3352340,,CHO,Direct protein target assigned,,,,False,-1,False,False,,,6.429999828338623,,,ADORA1_Ki_2634,6.429999828338623,False
CHEMBL226,CNC(=O)c1cnc(NC(=O)Nc2ccccc2)n2nc(-c3ccco3)nc12,CNC(=O)c1cnc(NC(=O)Nc2ccccc2)n2nc(-c3ccco3)nc12,6.900000095367432,CHEMBL3366211,Displacement of [3H]CCPA from human adenosine A1 receptor expressed in CHO cells,15054510,B,Ki,9,=,Homo sapiens,CHEMBL3314877,CHEMBL3351655,,CHO,Direct protein target assigned,,,,False,-1,False,False,,,6.900000095367432,,,ADORA1_Ki_2667,6.900000095367432,False
CHEMBL226,CNC(=O)c1cnc(NC(=O)Cc2ccccc2)n2nc(-c3ccco3)nc12,CNC(=O)c1cnc(NC(=O)Cc2ccccc2)n2nc(-c3ccco3)nc12,6.53000020980835,CHEMBL3366211,Displacement of [3H]CCPA from human adenosine A1 receptor expressed in CHO cells,15054512,B,Ki,9,=,Homo sapiens,CHEMBL3314879,CHEMBL3351655,,CHO,Direct protein target assigned,,,,False,-1,False,False,,,6.53000020980835,,,ADORA1_Ki_2669,6.53000020980835,False
CHEMBL226,CCOC(=O)c1cnc(NC2CC2)n2nc(-c3ccco3)nc12,CCOC(=O)c1cnc(NC2CC2)n2nc(-c3ccco3)nc12,7.21999979019165,CHEMBL3366211,Displacement of [3H]CCPA from human adenosine A1 receptor expressed in CHO cells,15054525,B,Ki,9,=,Homo sapiens,CHEMBL3314892,CHEMBL3351655,,CHO,Direct protein target assigned,,,,False,-1,False,False,,,7.21999979019165,,,ADORA1_Ki_2679,7.21999979019165,False
CHEMBL226,CCOC(=O)c1cnc(NOC)n2nc(-c3ccco3)nc12,CCOC(=O)c1cnc(NOC)n2nc(-c3ccco3)nc12,5.190000057220459,CHEMBL3366211,Displacement of [3H]CCPA from human adenosine A1 receptor expressed in CHO cells,15054539,B,Ki,9,=,Homo sapiens,CHEMBL3314914,CHEMBL3351655,,CHO,Direct protein target assigned,,,,False,-1,False,False,,,5.190000057220459,,,ADORA1_Ki_2691,5.190000057220459,False
CHEMBL226,CCOC(=O)c1nc(NC(=O)c2ccc(Br)cc2)nc2nn(CCc3ccccc3)cc12,CCOC(=O)c1nc(NC(=O)c2ccc(Br)cc2)nc2nn(CCc3ccccc3)cc12,5.579999923706055,CHEMBL3411599,Displacement of [3H]CCPA from human adenosine A1 receptor expressed in CHO cells by Top Count analysis,15191382,B,Ki,9,=,Homo sapiens,CHEMBL3410315,CHEMBL3407439,,CHO,Direct protein target assigned,,,,False,-1,False,False,,,5.579999923706055,,,ADORA1_Ki_2716,5.579999923706055,False
CHEMBL226,CCNC(=O)C1OC(n2cnc3c(N)nc(N4CCN(c5ccc(OCc6ccccc6)cc5)CC4)nc32)C(O)C1O,CCNC(=O)[C@H]1O[C@@H](n2cnc3c(N)nc(N4CCN(c5ccc(OCc6ccccc6)cc5)CC4)nc32)[C@H](O)[C@@H]1O,6.610000133514404,CHEMBL3419482,Displacement of [3H]CCPA from human adenosine A1 receptor expressed in CHO cell membranes incubated for 120 mins by scintillation counting method,15210240,B,Ki,9,=,Homo sapiens,CHEMBL3416805,CHEMBL3414558,,CHO,Direct protein target assigned,,,,False,-1,False,False,,,6.610000133514404,,,ADORA1_Ki_2743,6.610000133514404,False
CHEMBL226,COc1cccc2c1nc(N)n1nc(CN3CCN(c4cnn(C(C)(C)C)c4)CC3C)nc21,COc1cccc2c1nc(N)n1nc(CN3CCN(c4cnn(C(C)(C)C)c4)C[C@H]3C)nc21,4.71999979019165,CHEMBL3598726,Inhibition of human adenosine A1 receptor,15659125,B,Ki,9,=,Homo sapiens,CHEMBL3596590,CHEMBL3596192,,,Direct protein target assigned,,,,False,-1,False,False,,,4.71999979019165,,,ADORA1_Ki_2749,4.71999979019165,False
CHEMBL226,COc1cccc2c1nc(N)n1nc(CN3CCN(c4sc(C)nc4C)CC3C)nc21,COc1cccc2c1nc(N)n1nc(CN3CCN(c4sc(C)nc4C)C[C@H]3C)nc21,5.71999979019165,CHEMBL3598726,Inhibition of human adenosine A1 receptor,15659128,B,Ki,9,=,Homo sapiens,CHEMBL3596517,CHEMBL3596192,,,Direct protein target assigned,,,,False,-1,False,False,,,5.71999979019165,,,ADORA1_Ki_2752,5.71999979019165,False
CHEMBL226,COc1cccc2c1nc(N)n1nc(CN3CCN(c4cnn(C)c4)CC3C)nc21,COc1cccc2c1nc(N)n1nc(CN3CCN(c4cnn(C)c4)C[C@H]3C)nc21,4.800000190734863,CHEMBL3598726,Inhibition of human adenosine A1 receptor,15659131,B,Ki,9,=,Homo sapiens,CHEMBL3596514,CHEMBL3596192,,,Direct protein target assigned,,,,False,-1,False,False,,,4.800000190734863,,,ADORA1_Ki_2755,4.800000190734863,False
CHEMBL226,COc1cccc(N2CCN(Cc3nc4c5cccc(OC)c5nc(N)n4n3)C(C)C2)c1,COc1cccc(N2CCN(Cc3nc4c5cccc(OC)c5nc(N)n4n3)[C@H](C)C2)c1,5.300000190734863,CHEMBL3598726,Inhibition of human adenosine A1 receptor,15659133,B,Ki,9,=,Homo sapiens,CHEMBL3596512,CHEMBL3596192,,,Direct protein target assigned,,,,False,-1,False,False,,,5.300000190734863,,,ADORA1_Ki_2757,5.300000190734863,False
CHEMBL226,COc1ccc(-c2c(C#N)c(N)nc(SCc3csc(-c4ccc(C)cc4)n3)c2C#N)cc1,COc1ccc(-c2c(C#N)c(N)nc(SCc3csc(-c4ccc(C)cc4)n3)c2C#N)cc1,7.71999979019165,CHEMBL3615756,Displacement of [3H]DPCPX from human adenosine A1 receptor expressed in CHO cell membranes by competition association assay,15703431,B,Ki,9,=,Homo sapiens,CHEMBL3613134,CHEMBL3612021,,CHO,Direct protein target assigned,,,,False,-1,False,False,,,7.71999979019165,,,ADORA1_Ki_2774,7.71999979019165,True
CHEMBL226,COc1ccc(-c2nc(CSc3nc(N)c(C#N)c(-c4ccc(OC)cc4)c3C#N)cs2)cc1,COc1ccc(-c2nc(CSc3nc(N)c(C#N)c(-c4ccc(OC)cc4)c3C#N)cs2)cc1,8.029999732971191,CHEMBL3615756,Displacement of [3H]DPCPX from human adenosine A1 receptor expressed in CHO cell membranes by competition association assay,15703432,B,Ki,9,=,Homo sapiens,CHEMBL3613133,CHEMBL3612021,,CHO,Direct protein target assigned,,,,False,-1,False,False,,,8.029999732971191,,,ADORA1_Ki_2775,8.029999732971191,True
CHEMBL226,COc1ccc(-c2c(C#N)c(N)nc(SCc3csc(-c4ccc(Cl)c(Cl)c4)n3)c2C#N)cc1,COc1ccc(-c2c(C#N)c(N)nc(SCc3csc(-c4ccc(Cl)c(Cl)c4)n3)c2C#N)cc1,7.960000038146973,CHEMBL3615756,Displacement of [3H]DPCPX from human adenosine A1 receptor expressed in CHO cell membranes by competition association assay,15703433,B,Ki,9,=,Homo sapiens,CHEMBL3613132,CHEMBL3612021,,CHO,Direct protein target assigned,,,,False,-1,False,False,,,7.960000038146973,,,ADORA1_Ki_2776,7.960000038146973,True
CHEMBL226,COc1ccc(-c2c(C#N)c(N)nc(SCc3csc(-c4cccc(Cl)c4)n3)c2C#N)cc1,COc1ccc(-c2c(C#N)c(N)nc(SCc3csc(-c4cccc(Cl)c4)n3)c2C#N)cc1,7.920000076293945,CHEMBL3615756,Displacement of [3H]DPCPX from human adenosine A1 receptor expressed in CHO cell membranes by competition association assay,15703435,B,Ki,9,=,Homo sapiens,CHEMBL3613130,CHEMBL3612021,,CHO,Direct protein target assigned,,,,False,-1,False,False,,,7.920000076293945,,,ADORA1_Ki_2778,7.920000076293945,True
CHEMBL226,COc1ccc(-c2c(C#N)c(N)nc(SCc3csc(-c4ccc(F)cc4)n3)c2C#N)cc1,COc1ccc(-c2c(C#N)c(N)nc(SCc3csc(-c4ccc(F)cc4)n3)c2C#N)cc1,8.640000343322754,CHEMBL3615756,Displacement of [3H]DPCPX from human adenosine A1 receptor expressed in CHO cell membranes by competition association assay,15703438,B,Ki,9,=,Homo sapiens,CHEMBL3613127,CHEMBL3612021,,CHO,Direct protein target assigned,,,,False,-1,False,False,,,8.640000343322754,,,ADORA1_Ki_2781,8.640000343322754,True
CHEMBL226,COc1ccc(-c2c(C#N)c(N)nc(SCc3csc(-c4ccccc4)n3)c2C#N)cc1,COc1ccc(-c2c(C#N)c(N)nc(SCc3csc(-c4ccccc4)n3)c2C#N)cc1,8.079999923706055,CHEMBL3615756,Displacement of [3H]DPCPX from human adenosine A1 receptor expressed in CHO cell membranes by competition association assay,15703440,B,Ki,9,=,Homo sapiens,CHEMBL3613125,CHEMBL3612021,,CHO,Direct protein target assigned,,,,False,-1,False,False,,,8.079999923706055,,,ADORA1_Ki_2783,8.079999923706055,True
CHEMBL226,N#Cc1c(N)nc(SCc2csc(-c3ccc(Cl)cc3)n2)c(C#N)c1-c1ccc2c(c1)OCO2,N#Cc1c(N)nc(SCc2csc(-c3ccc(Cl)cc3)n2)c(C#N)c1-c1ccc2c(c1)OCO2,8.34000015258789,CHEMBL3615756,Displacement of [3H]DPCPX from human adenosine A1 receptor expressed in CHO cell membranes by competition association assay,15703444,B,Ki,9,=,Homo sapiens,CHEMBL3613121,CHEMBL3612021,,CHO,Direct protein target assigned,,,,False,-1,False,False,,,8.34000015258789,,,ADORA1_Ki_2787,8.34000015258789,True
CHEMBL226,N#Cc1c(N)nc(SCc2csc(-c3ccc(Cl)cc3)n2)c(C#N)c1-c1ccc(O)cc1,N#Cc1c(N)nc(SCc2csc(-c3ccc(Cl)cc3)n2)c(C#N)c1-c1ccc(O)cc1,8.819999694824219,CHEMBL3615756,Displacement of [3H]DPCPX from human adenosine A1 receptor expressed in CHO cell membranes by competition association assay,15703445,B,Ki,9,=,Homo sapiens,CHEMBL3613120,CHEMBL3612021,,CHO,Direct protein target assigned,,,,False,-1,False,False,,,8.819999694824219,,,ADORA1_Ki_2788,8.819999694824219,True
CHEMBL226,COc1ccc(-c2c(C#N)c(N)nc(SCc3csc(-c4ccc(Cl)cc4)n3)c2C#N)cc1,COc1ccc(-c2c(C#N)c(N)nc(SCc3csc(-c4ccc(Cl)cc4)n3)c2C#N)cc1,8.300000190734863,CHEMBL3615756,Displacement of [3H]DPCPX from human adenosine A1 receptor expressed in CHO cell membranes by competition association assay,15703446,B,Ki,9,=,Homo sapiens,CHEMBL3613119,CHEMBL3612021,,CHO,Direct protein target assigned,,,,False,-1,False,False,,,8.300000190734863,,,ADORA1_Ki_2789,8.300000190734863,True
CHEMBL226,N#Cc1c(N)nc(SCc2csc(-c3ccc(Cl)cc3)n2)c(C#N)c1-c1ccc(OCCO)cc1,N#Cc1c(N)nc(SCc2csc(-c3ccc(Cl)cc3)n2)c(C#N)c1-c1ccc(OCCO)cc1,8.850000381469727,CHEMBL3615756,Displacement of [3H]DPCPX from human adenosine A1 receptor expressed in CHO cell membranes by competition association assay,15703447,B,Ki,9,=,Homo sapiens,CHEMBL3235279,CHEMBL3612021,,CHO,Direct protein target assigned,,,2.0,False,0,False,False,,,8.850000381469727,,,ADORA1_Ki_2790,8.850000381469727,True
CHEMBL226,O=[N+]([O-])OCC1OC(n2cnc3c(NC4CCCC4)ncnc32)C(O)C1O,O=[N+]([O-])OC[C@H]1O[C@@H](n2cnc3c(NC4CCCC4)ncnc32)[C@H](O)[C@@H]1O,9.010000228881836,CHEMBL3705717,Binding Assay: The affinities of selected Purine Derivatives for the adenosine A1 receptor were determined by measuring the displacement of specific [3H] 2-chloro-N6-cyclopentyl adenosine binding in CHO cells stably transfected with human recombinant A1 adenosine receptor expressed as Ki (nM).,16290448,B,Ki,9,=,Homo sapiens,CHEMBL3545407,CHEMBL3638760,,CHO,Direct protein target assigned,,,3.0,False,0,False,False,,,9.010000228881836,,,ADORA1_Ki_2800,9.010000228881836,True
CHEMBL226,O=S(=O)(O)CC1OC(n2cnc3c(NC4CCCC4)ncnc32)C(O)C1O,O=S(=O)(O)C[C@H]1O[C@@H](n2cnc3c(NC4CCCC4)ncnc32)[C@H](O)[C@@H]1O,8.390000343322754,CHEMBL3705717,Binding Assay: The affinities of selected Purine Derivatives for the adenosine A1 receptor were determined by measuring the displacement of specific [3H] 2-chloro-N6-cyclopentyl adenosine binding in CHO cells stably transfected with human recombinant A1 adenosine receptor expressed as Ki (nM).,16344626,B,Ki,9,=,Homo sapiens,CHEMBL3642984,CHEMBL3638760,,CHO,Direct protein target assigned,,,,False,-1,False,False,,,8.390000343322754,,,ADORA1_Ki_2801,8.390000343322754,True
CHEMBL226,CCCn1c(-c2ccco2)nc2c(NCCc3ccccc3)ncnc21,CCCn1c(-c2ccco2)nc2c(NCCc3ccccc3)ncnc21,5.610000133514404,CHEMBL3744101,Displacement of [3H]CCPA from human adenosine A1 receptor expressed in CHO cells,16402193,B,Ki,9,=,Homo sapiens,CHEMBL3741337,CHEMBL3739359,,CHO,Direct protein target assigned,,,,False,-1,False,False,,,5.610000133514404,,,ADORA1_Ki_2807,5.610000133514404,False
CHEMBL226,CCCn1c(Br)nc2c(N)nc(NCCc3ccccc3)nc21,CCCn1c(Br)nc2c(N)nc(NCCc3ccccc3)nc21,6.429999828338623,CHEMBL3744101,Displacement of [3H]CCPA from human adenosine A1 receptor expressed in CHO cells,16402203,B,Ki,9,=,Homo sapiens,CHEMBL3739795,CHEMBL3739359,,CHO,Direct protein target assigned,,,,False,-1,False,False,,,6.429999828338623,,,ADORA1_Ki_2817,6.429999828338623,False
CHEMBL226,CCn1nnc(C2OC(n3cnc4c(N)nc(N(C)C)nc43)C(O)C2O)n1,CCn1nnc([C@H]2O[C@@H](n3cnc4c(N)nc(N(C)C)nc43)[C@H](O)[C@@H]2O)n1,5.75,CHEMBL3743196,Displacement of [3H]-DPCPX from human adenosine A1 receptor expressed in CHO cells after 60 mins by liquid scintillation counting analysis,16406741,B,Ki,9,=,Homo sapiens,CHEMBL3740939,CHEMBL3739405,,CHO,Direct protein target assigned,,,,False,-1,False,False,,,5.75,,,ADORA1_Ki_2822,5.75,False
CHEMBL226,CCn1nnc(C2OC(n3cnc4c(N)nc(NC(C)Cc5ccc(Br)cc5)nc43)C(O)C2O)n1,CCn1nnc([C@H]2O[C@@H](n3cnc4c(N)nc(NC(C)Cc5ccc(Br)cc5)nc43)[C@H](O)[C@@H]2O)n1,5.920000076293945,CHEMBL3743196,Displacement of [3H]-DPCPX from human adenosine A1 receptor expressed in CHO cells after 60 mins by liquid scintillation counting analysis,16406749,B,Ki,9,=,Homo sapiens,CHEMBL3741931,CHEMBL3739405,,CHO,Direct protein target assigned,,,,False,-1,False,False,,,5.920000076293945,,,ADORA1_Ki_2823,5.920000076293945,False
CHEMBL226,CCNc1nc(I)nc2c1ncn2C1C(O)C(O)C2(C(=O)NC)CC12,CCNc1nc(I)nc2c1ncn2[C@H]1[C@H](O)[C@H](O)[C@]2(C(=O)NC)C[C@H]12,5.71999979019165,CHEMBL3749015,Displacement of [3H]N6-R-phenylisopropyladenosine from human adenosine A1 receptor stably expressed in CHO cell membrane by radioligand binding assay,16416343,B,Ki,9,=,Homo sapiens,CHEMBL3747461,CHEMBL3745601,,CHO,Direct protein target assigned,,,,False,-1,False,False,,,5.71999979019165,,,ADORA1_Ki_2840,5.71999979019165,False
CHEMBL226,c1ccc(Oc2nc(NC3CCCCC3)n3nc(-c4ccco4)nc3n2)cc1,c1ccc(Oc2nc(NC3CCCCC3)n3nc(-c4ccco4)nc3n2)cc1,6.119999885559082,CHEMBL3757836,Displacement of [3H]CCPA from human A1 adenosine receptor expressed in CHO cell membranes,16440093,B,Ki,9,=,Homo sapiens,CHEMBL3753118,CHEMBL3751698,,CHO,Direct protein target assigned,,,,False,-1,False,False,,,6.119999885559082,,,ADORA1_Ki_2850,6.119999885559082,False
CHEMBL226,O=C(Nc1nc(NC2CCCCC2)nc2nc(-c3ccco3)nn12)c1ccccc1,O=C(Nc1nc(NC2CCCCC2)nc2nc(-c3ccco3)nn12)c1ccccc1,5.119999885559082,CHEMBL3757836,Displacement of [3H]CCPA from human A1 adenosine receptor expressed in CHO cell membranes,16440099,B,Ki,9,=,Homo sapiens,CHEMBL3752421,CHEMBL3751698,,CHO,Direct protein target assigned,,,,False,-1,False,False,,,5.119999885559082,,,ADORA1_Ki_2856,5.119999885559082,False
CHEMBL226,CNc1nc(NC(=O)c2ccccc2)n2nc(-c3ccco3)nc2n1,CNc1nc(NC(=O)c2ccccc2)n2nc(-c3ccco3)nc2n1,4.980000019073486,CHEMBL3757836,Displacement of [3H]CCPA from human A1 adenosine receptor expressed in CHO cell membranes,16440101,B,Ki,9,=,Homo sapiens,CHEMBL3753604,CHEMBL3751698,,CHO,Direct protein target assigned,,,,False,-1,False,False,,,4.980000019073486,,,ADORA1_Ki_2858,4.980000019073486,False
CHEMBL226,O=C(Nc1nc(-c2cccs2)nc2cn(-c3ccccc3)nc12)c1cccnc1,O=C(Nc1nc(-c2cccs2)nc2cn(-c3ccccc3)nc12)c1cccnc1,6.119999885559082,CHEMBL3756023,Displacement of [3H]DPCPX at human A1 receptor expressed in CHO cell membrane after 120 mins by scintillation counting method,16443324,B,Ki,9,=,Homo sapiens,CHEMBL3753642,CHEMBL3751669,,CHO,Direct protein target assigned,,,,False,-1,False,False,,,6.119999885559082,,,ADORA1_Ki_2868,6.119999885559082,False
CHEMBL226,Nc1nc(C(=O)NCc2cccc3cccnc23)c2cc(Cl)cc(Cl)c2n1,Nc1nc(C(=O)NCc2cccc3cccnc23)c2cc(Cl)cc(Cl)c2n1,7.300000190734863,CHEMBL3767376,Displacement of [3H]DPCPX from human adenosine A1 receptor expressed in CHO cell membranes after 60 mins by microplate scintillation counting analysis,16479142,B,Ki,9,=,Homo sapiens,CHEMBL3764338,CHEMBL3763049,,CHO,Direct protein target assigned,,,,False,-1,False,False,,,7.300000190734863,,,ADORA1_Ki_2891,7.300000190734863,False
CHEMBL226,Nc1nc(C(=O)NCc2cccc3[nH]cnc23)c2cccc(F)c2n1,Nc1nc(C(=O)NCc2cccc3[nH]cnc23)c2cccc(F)c2n1,6.550000190734863,CHEMBL3767376,Displacement of [3H]DPCPX from human adenosine A1 receptor expressed in CHO cell membranes after 60 mins by microplate scintillation counting analysis,16479156,B,Ki,9,=,Homo sapiens,CHEMBL3764397,CHEMBL3763049,,CHO,Direct protein target assigned,,,,False,-1,False,False,,,6.550000190734863,,,ADORA1_Ki_2903,6.550000190734863,False
CHEMBL226,Nc1nc(C(=O)NCc2ccc3ccccc3n2)c2cccc(F)c2n1,Nc1nc(C(=O)NCc2ccc3ccccc3n2)c2cccc(F)c2n1,7.110000133514404,CHEMBL3767376,Displacement of [3H]DPCPX from human adenosine A1 receptor expressed in CHO cell membranes after 60 mins by microplate scintillation counting analysis,16479163,B,Ki,9,=,Homo sapiens,CHEMBL3764552,CHEMBL3763049,,CHO,Direct protein target assigned,,,,False,-1,False,False,,,7.110000133514404,,,ADORA1_Ki_2910,7.110000133514404,False
CHEMBL226,CCOc1ccnc2c(CNC(=O)c3nc(N)nc4c(F)cccc34)cccc12,CCOc1ccnc2c(CNC(=O)c3nc(N)nc4c(F)cccc34)cccc12,6.599999904632568,CHEMBL3767376,Displacement of [3H]DPCPX from human adenosine A1 receptor expressed in CHO cell membranes after 60 mins by microplate scintillation counting analysis,16479165,B,Ki,9,=,Homo sapiens,CHEMBL3764812,CHEMBL3763049,,CHO,Direct protein target assigned,,,,False,-1,False,False,,,6.599999904632568,,,ADORA1_Ki_2912,6.599999904632568,False
CHEMBL226,Nc1nc(C(=O)NCc2cccc3cc(C(=O)NCCCCCc4ccccc4)cnc23)c2cccc(F)c2n1,Nc1nc(C(=O)NCc2cccc3cc(C(=O)NCCCCCc4ccccc4)cnc23)c2cccc(F)c2n1,6.800000190734863,CHEMBL3767376,Displacement of [3H]DPCPX from human adenosine A1 receptor expressed in CHO cell membranes after 60 mins by microplate scintillation counting analysis,16479169,B,Ki,9,=,Homo sapiens,CHEMBL3765424,CHEMBL3763049,,CHO,Direct protein target assigned,,,,False,-1,False,False,,,6.800000190734863,,,ADORA1_Ki_2916,6.800000190734863,False
CHEMBL226,COc1cccc(Cn2cc3nc(-c4ccc(C)o4)nc(N)c3n2)c1,COc1cccc(Cn2cc3nc(-c4ccc(C)o4)nc(N)c3n2)c1,6.920000076293945,CHEMBL3802551,Displacement of [3H]-DPCPX from human adenosine A1 receptor expressed in CHO cell membranes after 120 mins by scintillation counting method,16580323,B,Ki,9,=,Homo sapiens,CHEMBL3800587,CHEMBL3797185,,CHO,Direct protein target assigned,,,,False,-1,False,False,,,6.920000076293945,,,ADORA1_Ki_2940,6.920000076293945,False
CHEMBL226,O=c1oc2c(O)cccc2cc1-c1cccs1,O=c1oc2c(O)cccc2cc1-c1cccs1,5.46999979019165,CHEMBL3821863,Displacement of [3H]CCPA from human A1 adenosine receptor expressed in CHO cells,16621687,B,Ki,9,=,Homo sapiens,CHEMBL3818884,CHEMBL3817835,,CHO,Direct protein target assigned,,,,False,-1,False,False,,,5.46999979019165,,,ADORA1_Ki_2942,5.46999979019165,False
CHEMBL226,CCOC(=O)C12CC1C(n1cnc3c(NC(C4CC4)C4CC4)nc(Cl)nc31)C(O)C2O,CCOC(=O)[C@@]12C[C@@H]1[C@@H](n1cnc3c(NC(C4CC4)C4CC4)nc(Cl)nc31)[C@H](O)[C@@H]2O,6.440000057220459,CHEMBL3863864,Displacement of [3H]N6-phenylisopropyladenosine from recombinant human A1AR expressed in CHO cell membranes after 60 mins by liquid scintillation counting method,16771155,B,Ki,9,=,Homo sapiens,CHEMBL3955519,CHEMBL3862033,,CHO,Direct protein target assigned,,,,False,-1,False,False,,,6.440000057220459,,,ADORA1_Ki_2972,6.440000057220459,False
CHEMBL226,OCCCCNc1ncc(-c2cccc(Cl)c2)c(-c2ccccc2)n1,OCCCCNc1ncc(-c2cccc(Cl)c2)c(-c2ccccc2)n1,6.889999866485596,CHEMBL3878177,Displacement of [3H]DPCPX from recombinant human adenosine A1 receptor expressed in CHO cell membranes after 1 hr by beta scintillation counting method,16849880,B,Ki,9,=,Homo sapiens,CHEMBL3956222,CHEMBL3877273,,CHO,Direct protein target assigned,,,,False,-1,False,False,,,6.889999866485596,,,ADORA1_Ki_2978,6.889999866485596,False
CHEMBL226,OCCCNc1ncc(-c2cccc(Cl)c2)c(-c2ccccc2)n1,OCCCNc1ncc(-c2cccc(Cl)c2)c(-c2ccccc2)n1,7.230000019073486,CHEMBL3878177,Displacement of [3H]DPCPX from recombinant human adenosine A1 receptor expressed in CHO cell membranes after 1 hr by beta scintillation counting method,16849881,B,Ki,9,=,Homo sapiens,CHEMBL3976804,CHEMBL3877273,,CHO,Direct protein target assigned,,,,False,-1,False,False,,,7.230000019073486,,,ADORA1_Ki_2979,7.230000019073486,False
CHEMBL226,Nc1ncc(-c2ccc(O)c(O)c2)c(-c2ccccc2)n1,Nc1ncc(-c2ccc(O)c(O)c2)c(-c2ccccc2)n1,7.920000076293945,CHEMBL3878177,Displacement of [3H]DPCPX from recombinant human adenosine A1 receptor expressed in CHO cell membranes after 1 hr by beta scintillation counting method,16849887,B,Ki,9,=,Homo sapiens,CHEMBL3930969,CHEMBL3877273,,CHO,Direct protein target assigned,,,,False,-1,False,False,,,7.920000076293945,,,ADORA1_Ki_2985,7.920000076293945,False
CHEMBL226,OC1CC2(n3cnc4c(NCCF)nc(Cl)nc43)CC2C1O,O[C@H]1[C@@H](O)C[C@@]2(n3cnc4c(NCCF)nc(Cl)nc43)C[C@@H]12,7.139999866485596,CHEMBL3887516,"Radioligand Binding Assay: Radioligand binding assays at A1, A2A, and A3ARs were performed according to the procedures described previously. Each tube in the binding assay contained 100 uL of membrane suspension (20 ug of protein), 50 pt of a stock solution of agonist radioligand, and 50 uL of increasing concentrations of the test ligands in Tris-HCl buffer (50 mM, pH 7.5) containing 10 mM MgCl2. Nonspecific binding was determined using a final concentration of 10 uM NECA, a non-specific agonist, diluted with the buffer.The mixtures were incubated at 25° C. for 60 min. Binding reactions were terminated by filtration through Whatman GF/B filters under a reduced pressure using a MT-24 cell harvester (Brandell, Gaithersburg, Md.). Filters were washed three times with 5 ml of 50 mM ice-cold Tris-HCl buffer (pH 7.5). The radioactive agonists [3H]R-PIA and [3H]CGS21680 were used for the A1 and A2AAR assays, respectively, while [125I]AB-MECA was used for the A3AR assay.",17719168,B,Ki,8,=,Homo sapiens,CHEMBL3963154,CHEMBL3886349,,MT-24,Homologous protein target assigned,,,,False,-1,False,False,,,7.139999866485596,,,ADORA1_Ki_3024,7.139999866485596,False
CHEMBL226,Cn1cc2c(nc(NNC(=S)Nc3ccc(-c4c5ccc(=O)cc-5oc5cc(O)ccc45)c(C(=O)O)c3)n3nc(-c4ccco4)nc23)n1,Cn1cc2c(nc(NNC(=S)Nc3ccc(-c4c5ccc(=O)cc-5oc5cc(O)ccc45)c(C(=O)O)c3)n3nc(-c4ccco4)nc23)n1,5.019999980926514,CHEMBL3887908,"Radioligand Binding Assays: Radioligand binding assays at hA1, hA2A, and hA3ARs were performed according to the procedures described in Gao, Z. G., et al., Biochem Pharmacol. 2003; 65: 1675-84, using the radiolabeled agonists [3H]R-PIA from Moravek Biochemicals (Brea, Calif.) or [3H]CGS21680 and [125I]I-AB-MECA from PerkinElmer (Waltham, Mass.) for the hA1, hA2AAR, and hA3AR assays, respectively.",17738367,B,Ki,8,=,Homo sapiens,CHEMBL3897613,CHEMBL3886184,,,Homologous protein target assigned,,,,False,-1,False,False,,,5.019999980926514,,,ADORA1_Ki_3034,5.019999980926514,False
CHEMBL226,CCCn1c(NCc2cccc(Cl)c2)nc2nc(C3CCCC3)[nH]c2c1=O,CCCn1c(NCc2cccc(Cl)c2)nc2nc(C3CCCC3)[nH]c2c1=O,6.920000076293945,CHEMBL3994388,Displacement of [3H]DPCPX from human adenosine A1 receptor expressed in HEK293 cell membranes after 90 mins,17961314,B,Ki,9,=,Homo sapiens,CHEMBL4064971,CHEMBL3992564,,HEK293,Direct protein target assigned,,,,False,-1,False,False,,,6.920000076293945,,,ADORA1_Ki_3043,6.920000076293945,False
CHEMBL226,CNC(=O)C1[Se]C(n2cnc3c(NC4CC4c4ccccc4)ncnc32)C(O)C1O,CNC(=O)[C@H]1[Se][C@@H](n2cnc3c(N[C@@H]4C[C@H]4c4ccccc4)ncnc32)[C@H](O)[C@@H]1O,6.380000114440918,CHEMBL4011494,Displacement of [3H]R-PLA from human adenosine A1 receptor expressed in CHO cells after 60 mins by liquid scintillation analyzer,18051340,B,Ki,9,=,Homo sapiens,CHEMBL4069499,CHEMBL4007510,,,Direct protein target assigned,,,,False,-1,False,False,,,6.380000114440918,,,ADORA1_Ki_3085,6.380000114440918,False
CHEMBL226,Nc1nc(-c2ccccc2)cn2c(=O)n(-c3ccc([N+](=O)[O-])cc3)nc12,Nc1nc(-c2ccccc2)cn2c(=O)n(-c3ccc([N+](=O)[O-])cc3)nc12,8.09000015258789,CHEMBL4012871,Displacement of [3H]CCPA from human adenosine receptor A1 expressed in CHO cell membranes after 3 hrs by microbeta scintillation counting method,18059333,B,Ki,9,=,Homo sapiens,CHEMBL4089735,CHEMBL4011624,,,Direct protein target assigned,,,,False,-1,False,False,,,8.09000015258789,,,ADORA1_Ki_3111,8.09000015258789,False
CHEMBL226,COc1ccc(-n2nc3c(N)nc(C)cn3c2=O)cc1,COc1ccc(-n2nc3c(N)nc(C)cn3c2=O)cc1,5.760000228881836,CHEMBL4012871,Displacement of [3H]CCPA from human adenosine receptor A1 expressed in CHO cell membranes after 3 hrs by microbeta scintillation counting method,18059335,B,Ki,9,=,Homo sapiens,CHEMBL4067571,CHEMBL4011624,,,Direct protein target assigned,,,,False,-1,False,False,,,5.760000228881836,,,ADORA1_Ki_3113,5.760000228881836,False
CHEMBL226,Cc1cc(C)n(CC2OC(n3cnc4c(NC5CCOC5)nc(Cl)nc43)C(O)C2O)n1,Cc1cc(C)n(C[C@H]2O[C@@H](n3cnc4c(N[C@@H]5CCOC5)nc(Cl)nc43)[C@H](O)[C@@H]2O)n1,6.360000133514404,CHEMBL4027918,Displacement of [3H]CCPA from recombinant human adenosine A1 receptor expressed in CHO cell membranes after 3 hrs,18126119,B,Ki,9,=,Homo sapiens,CHEMBL4067452,CHEMBL4024784,,,Direct protein target assigned,,,,False,-1,False,False,,,6.360000133514404,,,ADORA1_Ki_3122,6.360000133514404,False
CHEMBL226,CC(=O)Nc1cc(-c2ccccc2)cc(-c2ccccc2)n1,CC(=O)Nc1cc(-c2ccccc2)cc(-c2ccccc2)n1,7.679999828338623,CHEMBL4041314,Displacement of [3H]DPCPX from human adenosine A1 receptor expressed in CHO cell membranes after 60 mins,18189198,B,Ki,9,=,Homo sapiens,CHEMBL4099480,CHEMBL4038346,,,Direct protein target assigned,,,,False,-1,False,False,,,7.679999828338623,,,ADORA1_Ki_3132,7.679999828338623,False
CHEMBL226,CCn1nnc(C2OC(n3cnc4c(NCc5ccc(Cl)cc5F)nc(Cl)nc43)C(O)C2O)n1,CCn1nnc([C@H]2O[C@@H](n3cnc4c(NCc5ccc(Cl)cc5F)nc(Cl)nc43)[C@H](O)[C@@H]2O)n1,7.75,CHEMBL4052147,Displacement of [3H]CCPA from recombinant human adenosine A1 receptor expressed in CHO cell membranes after 3 hrs by microbeta scintillation counting,18240228,B,Ki,9,=,Homo sapiens,CHEMBL4100130,CHEMBL4049451,,,Direct protein target assigned,,,,False,-1,False,False,,,7.75,,,ADORA1_Ki_3155,7.75,False
CHEMBL226,CC(C)n1nc(-c2ccccn2)c2sccc2c1=O,CC(C)n1nc(-c2ccccn2)c2sccc2c1=O,6.039999961853027,CHEMBL4121317,Displacement of [3H]DPCPX from recombinant human A1 receptor expressed in CHO cell membranes measured after 90 mins by scintillation counting method,18285861,B,Ki,9,=,Homo sapiens,CHEMBL4128054,CHEMBL4118119,,CHO,Direct protein target assigned,,,,False,-1,False,False,,,6.039999961853027,,,ADORA1_Ki_3158,6.039999961853027,False
CHEMBL226,CCn1nc(-c2cccs2)c2sccc2c1=O,CCn1nc(-c2cccs2)c2sccc2c1=O,6.139999866485596,CHEMBL4121317,Displacement of [3H]DPCPX from recombinant human A1 receptor expressed in CHO cell membranes measured after 90 mins by scintillation counting method,18285862,B,Ki,9,=,Homo sapiens,CHEMBL4125984,CHEMBL4118119,,CHO,Direct protein target assigned,,,,False,-1,False,False,,,6.139999866485596,,,ADORA1_Ki_3159,6.139999866485596,False
CHEMBL226,Nn1nc(-c2cccs2)c2sccc2c1=O,Nn1nc(-c2cccs2)c2sccc2c1=O,5.449999809265137,CHEMBL4121317,Displacement of [3H]DPCPX from recombinant human A1 receptor expressed in CHO cell membranes measured after 90 mins by scintillation counting method,18285866,B,Ki,9,=,Homo sapiens,CHEMBL4126822,CHEMBL4118119,,CHO,Direct protein target assigned,,,,False,-1,False,False,,,5.449999809265137,,,ADORA1_Ki_3163,5.449999809265137,False
CHEMBL226,COc1ccccc1CNc1nc(N)c2nc(C)sc2n1,COc1ccccc1CNc1nc(N)c2nc(C)sc2n1,6.550000190734863,CHEMBL4124833,Displacement of [3H]-DPCPX from human A1 adenosine receptor expressed in CHO cell membranes after 90 mins by scintillation counting method,18300936,B,Ki,9,=,Homo sapiens,CHEMBL4128638,CHEMBL4118252,,CHO,Direct protein target assigned,,,,False,-1,False,False,,,6.550000190734863,,,ADORA1_Ki_3179,6.550000190734863,False
CHEMBL226,COc1cccc(CNc2nc(N)c3nc(C)sc3n2)c1,COc1cccc(CNc2nc(N)c3nc(C)sc3n2)c1,6.710000038146973,CHEMBL4124833,Displacement of [3H]-DPCPX from human A1 adenosine receptor expressed in CHO cell membranes after 90 mins by scintillation counting method,18300937,B,Ki,9,=,Homo sapiens,CHEMBL4128787,CHEMBL4118252,,CHO,Direct protein target assigned,,,,False,-1,False,False,,,6.710000038146973,,,ADORA1_Ki_3180,6.710000038146973,False
CHEMBL226,CCn1c(-c2ccccc2)nc2c(N)ncnc21,CCn1c(-c2ccccc2)nc2c(N)ncnc21,7.510000228881836,CHEMBL4152680,Displacement of [3H]CCPA from recombinant human adenosine A1 receptor transfected in CHO cell membranes after 3 hrs by microbeta scintillation counting analysis,18414224,B,Ki,9,=,Homo sapiens,CHEMBL4173347,CHEMBL4152191,,CHO,Direct protein target assigned,,,,False,-1,False,False,,,7.510000228881836,,,ADORA1_Ki_3185,7.510000228881836,False
CHEMBL226,Cn1c(-c2ccccc2)nc2c(NC3CCCCC3)ncnc21,Cn1c(-c2ccccc2)nc2c(NC3CCCCC3)ncnc21,8.239999771118164,CHEMBL4152680,Displacement of [3H]CCPA from recombinant human adenosine A1 receptor transfected in CHO cell membranes after 3 hrs by microbeta scintillation counting analysis,18414235,B,Ki,9,=,Homo sapiens,CHEMBL4167077,CHEMBL4152191,,CHO,Direct protein target assigned,,,,False,-1,False,False,,,8.239999771118164,,,ADORA1_Ki_3196,8.239999771118164,False
CHEMBL226,Cc1cccc(-c2nc3c(NC4CCCC4)ncnc3n2C)c1,Cc1cccc(-c2nc3c(NC4CCCC4)ncnc3n2C)c1,8.210000038146973,CHEMBL4152680,Displacement of [3H]CCPA from recombinant human adenosine A1 receptor transfected in CHO cell membranes after 3 hrs by microbeta scintillation counting analysis,18414240,B,Ki,9,=,Homo sapiens,CHEMBL4170850,CHEMBL4152191,,CHO,Direct protein target assigned,,,,False,-1,False,False,,,8.210000038146973,,,ADORA1_Ki_3201,8.210000038146973,False
CHEMBL226,Cn1c(-c2ccccc2Cl)nc2c(NC3CCCC3)ncnc21,Cn1c(-c2ccccc2Cl)nc2c(NC3CCCC3)ncnc21,7.429999828338623,CHEMBL4152680,Displacement of [3H]CCPA from recombinant human adenosine A1 receptor transfected in CHO cell membranes after 3 hrs by microbeta scintillation counting analysis,18414242,B,Ki,9,=,Homo sapiens,CHEMBL4161796,CHEMBL4152191,,CHO,Direct protein target assigned,,,,False,-1,False,False,,,7.429999828338623,,,ADORA1_Ki_3203,7.429999828338623,False
CHEMBL226,Cn1c(-c2ccc(F)cc2)nc2c(NC3CCCC3)ncnc21,Cn1c(-c2ccc(F)cc2)nc2c(NC3CCCC3)ncnc21,8.210000038146973,CHEMBL4152680,Displacement of [3H]CCPA from recombinant human adenosine A1 receptor transfected in CHO cell membranes after 3 hrs by microbeta scintillation counting analysis,18414245,B,Ki,9,=,Homo sapiens,CHEMBL4177249,CHEMBL4152191,,CHO,Direct protein target assigned,,,,False,-1,False,False,,,8.210000038146973,,,ADORA1_Ki_3206,8.210000038146973,False
CHEMBL226,Cc1ccc(-c2nc3c(N)nc(NCc4cccs4)nc3s2)o1,Cc1ccc(-c2nc3c(N)nc(NCc4cccs4)nc3s2)o1,7.150000095367432,CHEMBL4156071,Displacement of [3H]DPCPX from human adenosine A1 receptor expressed in CHO cell membranes measured after 90 mins by scintillation counting method,18434089,B,Ki,9,=,Homo sapiens,CHEMBL4172715,CHEMBL4152311,,CHO,Direct protein target assigned,,,,False,-1,False,False,,,7.150000095367432,,,ADORA1_Ki_3213,7.150000095367432,False
CHEMBL226,Nc1nc(NCc2ccco2)nc2sc(-c3ccco3)nc12,Nc1nc(NCc2ccco2)nc2sc(-c3ccco3)nc12,7.420000076293945,CHEMBL4156071,Displacement of [3H]DPCPX from human adenosine A1 receptor expressed in CHO cell membranes measured after 90 mins by scintillation counting method,18434100,B,Ki,9,=,Homo sapiens,CHEMBL4172399,CHEMBL4152311,,CHO,Direct protein target assigned,,,,False,-1,False,False,,,7.420000076293945,,,ADORA1_Ki_3224,7.420000076293945,False
CHEMBL226,Nc1nc(NCc2cccs2)nc2sc(-c3ccco3)nc12,Nc1nc(NCc2cccs2)nc2sc(-c3ccco3)nc12,7.900000095367432,CHEMBL4156071,Displacement of [3H]DPCPX from human adenosine A1 receptor expressed in CHO cell membranes measured after 90 mins by scintillation counting method,18434101,B,Ki,9,=,Homo sapiens,CHEMBL4161758,CHEMBL4152311,,CHO,Direct protein target assigned,,,,False,-1,False,False,,,7.900000095367432,,,ADORA1_Ki_3225,7.900000095367432,False
CHEMBL226,C=CCOc1ccc(-c2c(C#N)c(N)nc(SCc3ccn[nH]3)c2C#N)cc1,C=CCOc1ccc(-c2c(C#N)c(N)nc(SCc3ccn[nH]3)c2C#N)cc1,7.360000133514404,CHEMBL4198433,Displacement of [3H]DPCPX from human adenosine A1 receptor expressed in CHO cell membranes after 90 mins by scintillation counting analysis,18545864,B,Ki,9,=,Homo sapiens,CHEMBL4215017,CHEMBL4196073,,CHO,Direct protein target assigned,,,,False,-1,False,False,,,7.360000133514404,,,ADORA1_Ki_3246,7.360000133514404,False
CHEMBL226,COc1ccc(-n2c(C(=O)c3sc(Nc4ccc(Cl)cc4)nc3C)cnc2N)cc1,COc1ccc(-n2c(C(=O)c3sc(Nc4ccc(Cl)cc4)nc3C)cnc2N)cc1,4.480000019073486,CHEMBL4258819,Displacement of [3H]CCPA from recombinant human A1 receptor expressed in CHO cell membranes,18724222,B,Ki,9,=,Homo sapiens,CHEMBL4277784,CHEMBL4257492,,CHO,Direct protein target assigned,,,,False,-1,False,False,,,4.480000019073486,,,ADORA1_Ki_3249,4.480000019073486,False
CHEMBL226,CN(C)c1nc(NC(=O)c2ccccc2)sc1C(=O)c1cnc(N)n1-c1ccc(C(F)(F)F)cc1,CN(C)c1nc(NC(=O)c2ccccc2)sc1C(=O)c1cnc(N)n1-c1ccc(C(F)(F)F)cc1,4.710000038146973,CHEMBL4258819,Displacement of [3H]CCPA from recombinant human A1 receptor expressed in CHO cell membranes,18724227,B,Ki,9,=,Homo sapiens,CHEMBL4290353,CHEMBL4257492,,CHO,Direct protein target assigned,,,,False,-1,False,False,,,4.710000038146973,,,ADORA1_Ki_3253,4.710000038146973,False
CHEMBL226,CCOC(=O)c1cnc(NNC(=O)OC(C)(C)C)n2nc(-c3ccco3)nc12,CCOC(=O)c1cnc(NNC(=O)OC(C)(C)C)n2nc(-c3ccco3)nc12,4.920000076293945,CHEMBL4275270,Displacement of [3H]CCPA from human adenosine A1 receptor expressed in CHO cell membranes after 3 hrs by micro beta scintillation counting method,18806445,B,Ki,9,=,Homo sapiens,CHEMBL4279573,CHEMBL4270622,,CHO,Direct protein target assigned,,,,False,-1,False,False,,,4.920000076293945,,,ADORA1_Ki_3268,4.920000076293945,False
CHEMBL226,CNc1ncc(C(=O)NCCc2ccccc2)c2nc(-c3ccco3)nn12,CNc1ncc(C(=O)NCCc2ccccc2)c2nc(-c3ccco3)nn12,7.139999866485596,CHEMBL4275270,Displacement of [3H]CCPA from human adenosine A1 receptor expressed in CHO cell membranes after 3 hrs by micro beta scintillation counting method,18806455,B,Ki,9,=,Homo sapiens,CHEMBL4287636,CHEMBL4270622,,CHO,Direct protein target assigned,,,,False,-1,False,False,,,7.139999866485596,,,ADORA1_Ki_3276,7.139999866485596,False
CHEMBL226,CNc1ncc(C(=O)NCc2ccc(Cl)cc2)c2nc(-c3ccco3)nn12,CNc1ncc(C(=O)NCc2ccc(Cl)cc2)c2nc(-c3ccco3)nn12,6.860000133514404,CHEMBL4275270,Displacement of [3H]CCPA from human adenosine A1 receptor expressed in CHO cell membranes after 3 hrs by micro beta scintillation counting method,18806459,B,Ki,9,=,Homo sapiens,CHEMBL4287429,CHEMBL4270622,,CHO,Direct protein target assigned,,,,False,-1,False,False,,,6.860000133514404,,,ADORA1_Ki_3279,6.860000133514404,False
CHEMBL226,CNc1ncc(C(=O)NCc2ccc(C(F)(F)F)cc2)c2nc(-c3ccco3)nn12,CNc1ncc(C(=O)NCc2ccc(C(F)(F)F)cc2)c2nc(-c3ccco3)nn12,5.420000076293945,CHEMBL4275270,Displacement of [3H]CCPA from human adenosine A1 receptor expressed in CHO cell membranes after 3 hrs by micro beta scintillation counting method,18806460,B,Ki,9,=,Homo sapiens,CHEMBL4292012,CHEMBL4270622,,CHO,Direct protein target assigned,,,,False,-1,False,False,,,5.420000076293945,,,ADORA1_Ki_3280,5.420000076293945,False
CHEMBL226,CNc1ncc(C(=O)OC(C)c2ccccc2)c2nc(-c3ccco3)nn12,CNc1ncc(C(=O)OC(C)c2ccccc2)c2nc(-c3ccco3)nn12,7.289999961853027,CHEMBL4275270,Displacement of [3H]CCPA from human adenosine A1 receptor expressed in CHO cell membranes after 3 hrs by micro beta scintillation counting method,18806465,B,Ki,9,=,Homo sapiens,CHEMBL4290842,CHEMBL4270622,,CHO,Direct protein target assigned,,,,False,-1,False,False,,,7.289999961853027,,,ADORA1_Ki_3285,7.289999961853027,False
CHEMBL226,CNc1ncc(C(=O)OCc2ccc(OC)cc2)c2nc(-c3ccco3)nn12,CNc1ncc(C(=O)OCc2ccc(OC)cc2)c2nc(-c3ccco3)nn12,6.989999771118164,CHEMBL4275270,Displacement of [3H]CCPA from human adenosine A1 receptor expressed in CHO cell membranes after 3 hrs by micro beta scintillation counting method,18806473,B,Ki,9,=,Homo sapiens,CHEMBL4278397,CHEMBL4270622,,CHO,Direct protein target assigned,,,,False,-1,False,False,,,6.989999771118164,,,ADORA1_Ki_3293,6.989999771118164,False
CHEMBL226,O=C(Nc1nc(-c2ccccc2)nc2sc(-c3ccco3)nc12)c1ccco1,O=C(Nc1nc(-c2ccccc2)nc2sc(-c3ccco3)nc12)c1ccco1,6.579999923706055,CHEMBL4333783,Displacement of [3H]CCPA from human adenosine A1 receptor expressed in CHO cells after 3 hrs by scintillation counting method,18959603,B,Ki,9,=,Homo sapiens,CHEMBL4530009,CHEMBL4330140,,CHO,Direct protein target assigned,,,,False,-1,False,False,,,6.579999923706055,,,ADORA1_Ki_3321,6.579999923706055,False
CHEMBL226,Nc1nc(-c2ccco2)nc2sc(-c3ccccc3)nc12,Nc1nc(-c2ccco2)nc2sc(-c3ccccc3)nc12,7.170000076293945,CHEMBL4333783,Displacement of [3H]CCPA from human adenosine A1 receptor expressed in CHO cells after 3 hrs by scintillation counting method,18959620,B,Ki,9,=,Homo sapiens,CHEMBL4440137,CHEMBL4330140,,CHO,Direct protein target assigned,,,,False,-1,False,False,,,7.170000076293945,,,ADORA1_Ki_3336,7.170000076293945,False
CHEMBL226,Nc1nc(-n2ccnc2)c2c3c(sc2n1)CCCC3,Nc1nc(-n2ccnc2)c2c3c(sc2n1)CCCC3,4.980000019073486,CHEMBL4342846,Displacement of [3H]-CCPA binding from human A1 receptor expressed in CHO cells by radioligand competitive binding assay,18997493,B,Ki,9,=,Homo sapiens,CHEMBL4552737,CHEMBL4342407,,CHO,Direct protein target assigned,,,,False,-1,False,False,,,4.980000019073486,,,ADORA1_Ki_3346,4.980000019073486,False
CHEMBL226,CCCn1c(=O)[nH]c2nc(-c3ccc(S(=O)(=O)N4CCN(Cc5cccc(C)c5)CC4)cc3)[nH]c2c1=O,CCCn1c(=O)[nH]c2nc(-c3ccc(S(=O)(=O)N4CCN(Cc5cccc(C)c5)CC4)cc3)[nH]c2c1=O,6.099999904632568,CHEMBL4346834,Displacement of [3H]CCPA from recombinant human A1 adenosine receptor expressed in CHO cell membranes measured after 90 mins in presence of adenosine deaminase by liquid scintillation counting method,19016177,B,Ki,9,=,Homo sapiens,CHEMBL4440526,CHEMBL4346653,,CHO,Direct protein target assigned,,,,False,-1,False,False,,,6.099999904632568,,,ADORA1_Ki_3350,6.099999904632568,False
CHEMBL226,CCCn1c(=O)[nH]c2nc(-c3ccc(S(=O)(=O)N4CCN(C)CC4)cc3)[nH]c2c1=O,CCCn1c(=O)[nH]c2nc(-c3ccc(S(=O)(=O)N4CCN(C)CC4)cc3)[nH]c2c1=O,6.480000019073486,CHEMBL4346834,Displacement of [3H]CCPA from recombinant human A1 adenosine receptor expressed in CHO cell membranes measured after 90 mins in presence of adenosine deaminase by liquid scintillation counting method,19016202,B,Ki,9,=,Homo sapiens,CHEMBL4455937,CHEMBL4346653,,CHO,Direct protein target assigned,,,,False,-1,False,False,,,6.480000019073486,,,ADORA1_Ki_3358,6.480000019073486,False
CHEMBL226,Nc1nc(NN=Cc2ccc(N3CCOCC3)cc2)nc2c1ncn2C1OC(CO)C(O)C1O,Nc1nc(N/N=C/c2ccc(N3CCOCC3)cc2)nc2c1ncn2[C@@H]1O[C@H](CO)[C@@H](O)[C@H]1O,8.600000381469727,CHEMBL4354235,Displacement of [3H]DPCPX from human cloned adenosine receptor A1 expressed in CHO-K1 cell membranes incubated for 60 mins by microbeta counting method,19048517,B,Ki,9,=,Homo sapiens,CHEMBL4440287,CHEMBL4351010,,CHO-K1,Direct protein target assigned,,,,False,-1,False,False,,,8.600000381469727,,,ADORA1_Ki_3371,8.600000381469727,False
CHEMBL226,Nc1nc(NN=Cc2ccc3ncccc3c2)nc2c1ncn2C1OC(CO)C(O)C1O,Nc1nc(N/N=C/c2ccc3ncccc3c2)nc2c1ncn2[C@@H]1O[C@H](CO)[C@@H](O)[C@H]1O,8.010000228881836,CHEMBL4354235,Displacement of [3H]DPCPX from human cloned adenosine receptor A1 expressed in CHO-K1 cell membranes incubated for 60 mins by microbeta counting method,19048530,B,Ki,9,=,Homo sapiens,CHEMBL4458638,CHEMBL4351010,,CHO-K1,Direct protein target assigned,,,,False,-1,False,False,,,8.010000228881836,,,ADORA1_Ki_3381,8.010000228881836,False
CHEMBL226,OC1CCCC1Nc1nc(C#Cc2ccc(Cl)s2)nc2[nH]cnc12,O[C@H]1CCC[C@@H]1Nc1nc(C#Cc2ccc(Cl)s2)nc2[nH]cnc12,5.829999923706055,CHEMBL4369158,Displacement of [3H]DPCPX from recombinant human A1 receptor expressed in CHO cell membranes,19103360,B,Ki,9,=,Homo sapiens,CHEMBL4587951,CHEMBL4368860,,CHO,Direct protein target assigned,,,,False,-1,False,False,,,5.829999923706055,,,ADORA1_Ki_3392,5.829999923706055,False
CHEMBL226,Cn1cc2c(nc(NCCCOCCOCCOCCCN)n3nc(-c4ccco4)nc23)n1,Cn1cc2c(nc(NCCCOCCOCCOCCCN)n3nc(-c4ccco4)nc23)n1,5.78000020980835,CHEMBL4373895,Displacement of [3H]-CCPA from human adenosine A1 receptor expressed in CHO cells by radioligand competition analysis,19125761,B,Ki,9,=,Homo sapiens,CHEMBL4553304,CHEMBL4373634,,CHO,Direct protein target assigned,,,,False,-1,False,False,,,5.78000020980835,,,ADORA1_Ki_3428,5.78000020980835,False
CHEMBL226,CC(=O)COc1cccc2cc(-c3ccccc3)c(=O)oc12,CC(=O)COc1cccc2cc(-c3ccccc3)c(=O)oc12,4.980000019073486,CHEMBL4379760,Displacement of [3H]CCPA from human adenosine receptor A1 expressed in CHO cell membranes by radioligand competition assay,19148751,B,Ki,9,=,Homo sapiens,CHEMBL4471897,CHEMBL4376839,,CHO,Direct protein target assigned,,,,False,-1,False,False,,,4.980000019073486,,,ADORA1_Ki_3431,4.980000019073486,False
CHEMBL226,N#Cc1c(NCc2ccccc2)nc(SCCO)c(C#N)c1-c1ccco1,N#Cc1c(NCc2ccccc2)nc(SCCO)c(C#N)c1-c1ccco1,7.190000057220459,CHEMBL4407526,Displacement of [3H]DPCPX from human A1AR expressed in CHO cell membranes measured after 90 mins by scintillation counting method,19274576,B,Ki,9,=,Homo sapiens,CHEMBL4560929,CHEMBL4406810,,CHO,Direct protein target assigned,,,,False,-1,False,False,,,7.190000057220459,,,ADORA1_Ki_3466,7.190000057220459,False
CHEMBL226,COC(=O)c1ccc(CSc2nc(N)c(C#N)c(-c3ccco3)c2C#N)o1,COC(=O)c1ccc(CSc2nc(N)c(C#N)c(-c3ccco3)c2C#N)o1,7.090000152587891,CHEMBL4407526,Displacement of [3H]DPCPX from human A1AR expressed in CHO cell membranes measured after 90 mins by scintillation counting method,19274590,B,Ki,9,=,Homo sapiens,CHEMBL4547699,CHEMBL4406810,,CHO,Direct protein target assigned,,,,False,-1,False,False,,,7.090000152587891,,,ADORA1_Ki_3480,7.090000152587891,False
CHEMBL226,N#Cc1c(N)nc(OCCO)c(C#N)c1-c1ccco1,N#Cc1c(N)nc(OCCO)c(C#N)c1-c1ccco1,6.199999809265137,CHEMBL4407526,Displacement of [3H]DPCPX from human A1AR expressed in CHO cell membranes measured after 90 mins by scintillation counting method,19274601,B,Ki,9,=,Homo sapiens,CHEMBL4579483,CHEMBL4406810,,CHO,Direct protein target assigned,,,,False,-1,False,False,,,6.199999809265137,,,ADORA1_Ki_3491,6.199999809265137,False
CHEMBL226,COc1ccc(-c2cc(-c3cccc(Br)c3)c(C#N)c(N)n2)cc1,COc1ccc(-c2cc(-c3cccc(Br)c3)c(C#N)c(N)n2)cc1,6.679999828338623,CHEMBL4417608,Displacement of [3H]DPCPX from human A1AR expressed in CHO cells incubated for 50 mins by radioligand binding assay,19320149,B,Ki,9,=,Homo sapiens,CHEMBL4454608,CHEMBL4414680,,CHO,Direct protein target assigned,,,,False,-1,False,False,,,6.679999828338623,,,ADORA1_Ki_3501,6.679999828338623,False
CHEMBL226,Cn1c(=O)c2c(nc3n2CCN(CCc2ccc(Cl)cc2Cl)C3)n(C)c1=O,Cn1c(=O)c2c(nc3n2CCN(CCc2ccc(Cl)cc2Cl)C3)n(C)c1=O,5.449999809265137,CHEMBL4430972,Displacement of [3H]CCPA from human A1 receptor expressed in CHO cell membrane by liquid scintillation counting method,19438790,B,Ki,9,=,Homo sapiens,CHEMBL4474238,CHEMBL4428125,,CHO,Direct protein target assigned,,,,False,-1,False,False,,,5.449999809265137,,,ADORA1_Ki_3522,5.449999809265137,False
CHEMBL226,Nc1nc(N2CCN(c3ccc(S(N)(=O)=O)cc3)CC2)nc2sc(-c3ccco3)nc12,Nc1nc(N2CCN(c3ccc(S(N)(=O)=O)cc3)CC2)nc2sc(-c3ccco3)nc12,6.409999847412109,CHEMBL4628745,Displacement of [3H]DPCPX from human A1 receptor expressed in CHO cells by competitive binding assay,20708810,B,Ki,9,=,Homo sapiens,CHEMBL4644153,CHEMBL4627330,,CHO,Direct protein target assigned,,,,False,-1,False,False,,,6.409999847412109,,,ADORA1_Ki_3535,6.409999847412109,False
CHEMBL226,Nc1nc(-c2ccc(OCCO)cc2)cn2c(=O)n(-c3ccccc3)nc12,Nc1nc(-c2ccc(OCCO)cc2)cn2c(=O)n(-c3ccccc3)nc12,6.289999961853027,CHEMBL4629158,Displacement of [3H]-CCPA from human A1 receptor expressed in CHO cells,20711282,B,Ki,9,=,Homo sapiens,CHEMBL4646402,CHEMBL4627356,,CHO,Direct protein target assigned,,,,False,-1,False,False,,,6.289999961853027,,,ADORA1_Ki_3560,6.289999961853027,False
CHEMBL226,CCOC(=O)C(Nc1nc2nn(C)cc2c2nc(-c3ccco3)nn12)C(O)c1ccccc1,CCOC(=O)C(Nc1nc2nn(C)cc2c2nc(-c3ccco3)nn12)C(O)c1ccccc1,6.050000190734863,CHEMBL4673790,Displacement of [3H]CCPA from human A1 receptor expressed in CHO cell membrane by radioligand binding assay,22422258,B,Ki,9,=,Homo sapiens,CHEMBL4758037,CHEMBL4673199,,CHO,Direct protein target assigned,,,,False,-1,False,False,,,6.050000190734863,,,ADORA1_Ki_3565,6.050000190734863,False
CHEMBL226,Cc1ccc(C(=O)c2sc(NC(=O)c3ccco3)nc2-c2ccccc2)cc1,Cc1ccc(C(=O)c2sc(NC(=O)c3ccco3)nc2-c2ccccc2)cc1,8.119999885559082,CHEMBL4682726,Displacement of [3H]CCPA from human adenosine receptor A1 expressed in CHO cell membranes incubated for 90 mins by radioligand competition assay,22459670,B,Ki,9,=,Homo sapiens,CHEMBL4796077,CHEMBL4680130,,CHO,Direct protein target assigned,,,,False,-1,False,False,,,8.119999885559082,,,ADORA1_Ki_3579,8.119999885559082,False
CHEMBL226,Nc1nc(-n2cccn2)nc(-n2cccn2)c1Br,Nc1nc(-n2cccn2)nc(-n2cccn2)c1Br,5.599999904632568,CHEMBL4701041,Antagonist activity at human adenosine A1 receptor expressed in CHO cells by radioligand competition binding assay,22757047,B,Ki,9,=,Homo sapiens,CHEMBL3694769,CHEMBL4699449,,CHO,Direct protein target assigned,,,1.0,False,0,False,False,,,5.599999904632568,,,ADORA1_Ki_3589,5.599999904632568,False
CHEMBL226,Nc1nc(-c2ccc(NC(=O)CCC(=O)O)cc2)cn2c(=O)n(-c3ccccc3)nc12,Nc1nc(-c2ccc(NC(=O)CCC(=O)O)cc2)cn2c(=O)n(-c3ccccc3)nc12,5.639999866485596,CHEMBL4708442,Displacement of [3H]-CCPA from human A1 receptor stably expressed in CHO cell membranes by radioligand competitive binding assay,22786104,B,Ki,9,=,Homo sapiens,CHEMBL4784043,CHEMBL4706508,,CHO,Direct protein target assigned,,,,False,-1,False,False,,,5.639999866485596,,,ADORA1_Ki_3593,5.639999866485596,False
CHEMBL226,Nc1nc(-c2ccc(NC(=O)CCNCCc3ccc(S(N)(=O)=O)cc3)cc2)cn2c(=O)n(-c3ccccc3)nc12,Nc1nc(-c2ccc(NC(=O)CCNCCc3ccc(S(N)(=O)=O)cc3)cc2)cn2c(=O)n(-c3ccccc3)nc12,5.989999771118164,CHEMBL4708442,Displacement of [3H]-CCPA from human A1 receptor stably expressed in CHO cell membranes by radioligand competitive binding assay,22786116,B,Ki,9,=,Homo sapiens,CHEMBL4793920,CHEMBL4706508,,CHO,Direct protein target assigned,,,,False,-1,False,False,,,5.989999771118164,,,ADORA1_Ki_3605,5.989999771118164,False
CHEMBL226,Nc1nc(-c2ccc(OCCNC(=O)c3ccc(S(N)(=O)=O)cc3)cc2)cn2c(=O)n(-c3ccccc3)nc12,Nc1nc(-c2ccc(OCCNC(=O)c3ccc(S(N)(=O)=O)cc3)cc2)cn2c(=O)n(-c3ccccc3)nc12,6.380000114440918,CHEMBL4708442,Displacement of [3H]-CCPA from human A1 receptor stably expressed in CHO cell membranes by radioligand competitive binding assay,22786121,B,Ki,9,=,Homo sapiens,CHEMBL4786281,CHEMBL4706508,,CHO,Direct protein target assigned,,,,False,-1,False,False,,,6.380000114440918,,,ADORA1_Ki_3610,6.380000114440918,False
CHEMBL226,CCNC(=O)C1OC(n2cnc3c(NCCCCc4ccccc4)ncnc32)C(O)C1O,CCNC(=O)[C@H]1O[C@@H](n2cnc3c(NCCCCc4ccccc4)ncnc32)[C@H](O)[C@@H]1O,6.090000152587891,CHEMBL4828923,Displacement [3H]DPCPX from human adenosine A1 receptor expressed in CHO cell membrane incubated for 60 mins by microplate beta scintillation counting based radioligand inhibition assay,23239662,B,Ki,9,=,Homo sapiens,CHEMBL4861092,CHEMBL4828708,,CHO,Direct protein target assigned,,,,False,-1,False,False,,,6.090000152587891,,,ADORA1_Ki_3633,6.090000152587891,False
CHEMBL226,Nc1nc(-c2ccccc2)c2c(n1)-c1ccc(OCCCN3CCCC3)cc1C2,Nc1nc(-c2ccccc2)c2c(n1)-c1ccc(OCCCN3CCCC3)cc1C2,6.079999923706055,CHEMBL5032899,Displacement of [3H]CCPA from human recombinant adenosine A1 receptor expressed in CHO cells by liquid scintillation counting analysis,24354283,B,Ki,9,=,Homo sapiens,CHEMBL5094263,CHEMBL5032500,,CHO,Direct protein target assigned,,,,False,-1,False,False,,,6.079999923706055,,,ADORA1_Ki_3644,6.079999923706055,False
CHEMBL226,Nc1nc(-c2ccc(OCCCN3CCCCC3)cc2)c2c(n1)-c1ccccc1C2=O,Nc1nc(-c2ccc(OCCCN3CCCCC3)cc2)c2c(n1)-c1ccccc1C2=O,6.880000114440918,CHEMBL5032899,Displacement of [3H]CCPA from human recombinant adenosine A1 receptor expressed in CHO cells by liquid scintillation counting analysis,24354288,B,Ki,9,=,Homo sapiens,CHEMBL5089580,CHEMBL5032500,,CHO,Direct protein target assigned,,,,False,-1,False,False,,,6.880000114440918,,,ADORA1_Ki_3647,6.880000114440918,False
CHEMBL226,Cc1cc(C)cc(-c2nc(NC(=O)c3cccnc3)sc2-c2ccncc2)c1,Cc1cc(C)cc(-c2nc(NC(=O)c3cccnc3)sc2-c2ccncc2)c1,6.789999961853027,CHEMBL5042379,Displacement of [3H] DPCPX from human adenosine A1 receptor expressed in HEK293 cells incubated for 60 mins by radioligand binding assay,24395776,B,Ki,9,=,Homo sapiens,CHEMBL2181976,CHEMBL5038675,,HEK293,Direct protein target assigned,,,,False,-1,False,False,,,6.789999961853027,,,ADORA1_Ki_3657,6.789999961853027,False
CHEMBL226,Cc1cc(Br)cc(-c2nc(NC(=O)c3cccnc3)sc2-c2ccncc2)c1,Cc1cc(Br)cc(-c2nc(NC(=O)c3cccnc3)sc2-c2ccncc2)c1,5.840000152587891,CHEMBL5042379,Displacement of [3H] DPCPX from human adenosine A1 receptor expressed in HEK293 cells incubated for 60 mins by radioligand binding assay,24395778,B,Ki,9,=,Homo sapiens,CHEMBL5081520,CHEMBL5038675,,HEK293,Direct protein target assigned,,,,False,-1,False,False,,,5.840000152587891,,,ADORA1_Ki_3659,5.840000152587891,False
CHEMBL226,CCCn1c(=O)c2[nH]c(C34CCC(C(=O)NCCNC(=O)CCCCCNC(=O)COc5ccc(C=CC6=[N+]7C(=Cc8ccc(-c9cccs9)n8[B-]7(F)F)C=C6)cc5)(CC3)CC4)nc2n(CCC)c1=O,CCCn1c(=O)c2[nH]c(C34CCC(C(=O)NCCNC(=O)CCCCCNC(=O)COc5ccc(/C=C/C6=[N+]7C(=Cc8ccc(-c9cccs9)n8[B-]7(F)F)C=C6)cc5)(CC3)CC4)nc2n(CCC)c1=O,7.690000057220459,CHEMBL5042666,Displacement of [3H]DPCPX from human A1 adenosine receptor expressed in Flp-In-CHO cells by radioligand competitive binding assay,24396476,B,Ki,9,=,Homo sapiens,CHEMBL5083466,CHEMBL5042471,,Flp-In-CHO,Direct protein target assigned,,,,False,-1,False,False,,,7.690000057220459,,,ADORA1_Ki_3672,7.690000057220459,False
CHEMBL226,CCCn1c(=O)c2[nH]c(-c3ccc(OCC(=O)NCCNC(=O)CCCCNC(=O)COc4ccc(C=CC5=[N+]6C(=Cc7ccc(-c8cccs8)n7[B-]6(F)F)C=C5)cc4)cc3)nc2n(CCC)c1=O,CCCn1c(=O)c2[nH]c(-c3ccc(OCC(=O)NCCNC(=O)CCCCNC(=O)COc4ccc(/C=C/C5=[N+]6C(=Cc7ccc(-c8cccs8)n7[B-]6(F)F)C=C5)cc4)cc3)nc2n(CCC)c1=O,8.029999732971191,CHEMBL5042685,Binding affinity to N-terminal NLuc tagged human A1 adenosine receptor expressed in Flp-In-CHO cells by competitive binding assay,24396534,B,Ki,9,=,Homo sapiens,CHEMBL5081913,CHEMBL5042471,,Flp-In-CHO,Direct protein target assigned,,,,False,-1,False,False,,,8.029999732971191,,,ADORA1_Ki_3676,8.029999732971191,False
CHEMBL226,CCNc1nc(-c2ccccc2)c(C#N)c(-c2cccc(C#N)c2)n1,CCNc1nc(-c2ccccc2)c(C#N)c(-c2cccc(C#N)c2)n1,8.609999656677246,CHEMBL5044912,Displacement of [3H]DPCPX from human A1AR expressed in CHO cell membrane incubated for 60 mins by microbeta trilux scintillation counter analysis,24405655,B,Ki,9,=,Homo sapiens,CHEMBL5086487,CHEMBL5042528,,CHO,Direct protein target assigned,,,,False,-1,False,False,,,8.609999656677246,,,ADORA1_Ki_3679,8.609999656677246,False
CHEMBL226,Cc1ccc(-c2nc(N)nc(-c3ccccc3)c2C#N)cc1,Cc1ccc(-c2nc(N)nc(-c3ccccc3)c2C#N)cc1,8.270000457763672,CHEMBL5044912,Displacement of [3H]DPCPX from human A1AR expressed in CHO cell membrane incubated for 60 mins by microbeta trilux scintillation counter analysis,24405669,B,Ki,9,=,Homo sapiens,CHEMBL5086094,CHEMBL5042528,,CHO,Direct protein target assigned,,,,False,-1,False,False,,,8.270000457763672,,,ADORA1_Ki_3692,8.270000457763672,False
CHEMBL226,CNc1nc(-c2ccccc2)c(C#N)c(-c2ccccc2)n1,CNc1nc(-c2ccccc2)c(C#N)c(-c2ccccc2)n1,8.039999961853027,CHEMBL5044912,Displacement of [3H]DPCPX from human A1AR expressed in CHO cell membrane incubated for 60 mins by microbeta trilux scintillation counter analysis,24405682,B,Ki,9,=,Homo sapiens,CHEMBL5093448,CHEMBL5042528,,CHO,Direct protein target assigned,,,,False,-1,False,False,,,8.039999961853027,,,ADORA1_Ki_3705,8.039999961853027,False
CHEMBL226,CNc1nc(-c2ccccc2)c(C#N)c(-c2cc(OC)c(OC)c(OC)c2)n1,CNc1nc(-c2ccccc2)c(C#N)c(-c2cc(OC)c(OC)c(OC)c2)n1,7.929999828338623,CHEMBL5044912,Displacement of [3H]DPCPX from human A1AR expressed in CHO cell membrane incubated for 60 mins by microbeta trilux scintillation counter analysis,24405687,B,Ki,9,=,Homo sapiens,CHEMBL5084704,CHEMBL5042528,,CHO,Direct protein target assigned,,,,False,-1,False,False,,,7.929999828338623,,,ADORA1_Ki_3710,7.929999828338623,False
CHEMBL226,N#Cc1c(-c2ccccc2)nc(N)nc1-c1cc(Cl)cc(Cl)c1,N#Cc1c(-c2ccccc2)nc(N)nc1-c1cc(Cl)cc(Cl)c1,7.800000190734863,CHEMBL5044912,Displacement of [3H]DPCPX from human A1AR expressed in CHO cell membrane incubated for 60 mins by microbeta trilux scintillation counter analysis,24405694,B,Ki,9,=,Homo sapiens,CHEMBL5092031,CHEMBL5042528,,CHO,Direct protein target assigned,,,,False,-1,False,False,,,7.800000190734863,,,ADORA1_Ki_3717,7.800000190734863,False
CHEMBL226,CNc1nc(-c2ccccc2)c(C#N)c(-c2cc(Cl)cc(Cl)c2)n1,CNc1nc(-c2ccccc2)c(C#N)c(-c2cc(Cl)cc(Cl)c2)n1,7.570000171661377,CHEMBL5044912,Displacement of [3H]DPCPX from human A1AR expressed in CHO cell membrane incubated for 60 mins by microbeta trilux scintillation counter analysis,24405703,B,Ki,9,=,Homo sapiens,CHEMBL5083508,CHEMBL5042528,,CHO,Direct protein target assigned,,,,False,-1,False,False,,,7.570000171661377,,,ADORA1_Ki_3726,7.570000171661377,False
CHEMBL226,CNc1nc(-c2ccccc2)c(C#N)c(-c2ccccc2F)n1,CNc1nc(-c2ccccc2)c(C#N)c(-c2ccccc2F)n1,7.53000020980835,CHEMBL5044912,Displacement of [3H]DPCPX from human A1AR expressed in CHO cell membrane incubated for 60 mins by microbeta trilux scintillation counter analysis,24405707,B,Ki,9,=,Homo sapiens,CHEMBL5083244,CHEMBL5042528,,CHO,Direct protein target assigned,,,,False,-1,False,False,,,7.53000020980835,,,ADORA1_Ki_3729,7.53000020980835,False
CHEMBL226,Cn1cc(-c2cnc(N)nc2-c2ccco2)ccc1=O,Cn1cc(-c2cnc(N)nc2-c2ccco2)ccc1=O,7.050000190734863,CHEMBL5046034,Displacement of [3H] DPCPX from human recombinant A1 adenosine receptor expressed in CHO cells incubated for 60 mins by radioligand binding competition assay,24410632,B,Ki,9,=,Homo sapiens,CHEMBL5076643,CHEMBL5042554,,CHO,Direct protein target assigned,,,,False,-1,False,False,,,7.050000190734863,,,ADORA1_Ki_3756,7.050000190734863,False
CHEMBL226,OCC1OC(n2cnc3c(NC4CCCC4OCc4cccc(Cl)c4)ncnc32)C(O)C1O,OC[C@H]1O[C@@H](n2cnc3c(N[C@@H]4CCC[C@H]4OCc4cccc(Cl)c4)ncnc32)[C@H](O)[C@@H]1O,6.150000095367432,CHEMBL5099261,Inhibition of CA200645 binding to NanoLuc-fused human adenosine A1 receptor expressed in HEK293 cells measured for 10 mins by NanoBRET competition binding assay,24669189,B,Ki,9,=,Homo sapiens,CHEMBL5209222,CHEMBL5096218,,HEK293,Direct protein target assigned,,,,False,-1,False,False,,,6.150000095367432,,,ADORA1_Ki_3765,6.150000095367432,False
CHEMBL226,CCNC(=O)C1OC(n2cnc3c(NC4CCCC4Oc4cccc(OC)c4)ncnc32)C(O)C1O,CCNC(=O)[C@H]1O[C@@H](n2cnc3c(N[C@@H]4CCC[C@H]4Oc4cccc(OC)c4)ncnc32)[C@H](O)[C@@H]1O,7.260000228881836,CHEMBL5099261,Inhibition of CA200645 binding to NanoLuc-fused human adenosine A1 receptor expressed in HEK293 cells measured for 10 mins by NanoBRET competition binding assay,24669205,B,Ki,9,=,Homo sapiens,CHEMBL5187330,CHEMBL5096218,,HEK293,Direct protein target assigned,,,,False,-1,False,False,,,7.260000228881836,,,ADORA1_Ki_3779,7.260000228881836,False
CHEMBL226,CCNC(=O)C1OC(n2cnc3c(NC4CCCC4Oc4cccc(Br)c4)ncnc32)C(O)C1O,CCNC(=O)[C@H]1O[C@@H](n2cnc3c(N[C@@H]4CCC[C@H]4Oc4cccc(Br)c4)ncnc32)[C@H](O)[C@@H]1O,7.050000190734863,CHEMBL5099261,Inhibition of CA200645 binding to NanoLuc-fused human adenosine A1 receptor expressed in HEK293 cells measured for 10 mins by NanoBRET competition binding assay,24669206,B,Ki,9,=,Homo sapiens,CHEMBL5203632,CHEMBL5096218,,HEK293,Direct protein target assigned,,,,False,-1,False,False,,,7.050000190734863,,,ADORA1_Ki_3780,7.050000190734863,False
CHEMBL226,CCNC(=O)C1OC(n2cnc3c(NC4CCCC4Oc4ccccc4Cl)ncnc32)C(O)C1O,CCNC(=O)[C@H]1O[C@@H](n2cnc3c(N[C@@H]4CCC[C@H]4Oc4ccccc4Cl)ncnc32)[C@H](O)[C@@H]1O,7.389999866485596,CHEMBL5099261,Inhibition of CA200645 binding to NanoLuc-fused human adenosine A1 receptor expressed in HEK293 cells measured for 10 mins by NanoBRET competition binding assay,24669207,B,Ki,9,=,Homo sapiens,CHEMBL5195714,CHEMBL5096218,,HEK293,Direct protein target assigned,,,,False,-1,False,False,,,7.389999866485596,,,ADORA1_Ki_3781,7.389999866485596,False
CHEMBL226,COc1cc(Nc2nc(C#N)cc3c(-c4ccccc4)n[nH]c23)cc(OC)c1OC,COc1cc(Nc2nc(C#N)cc3c(-c4ccccc4)n[nH]c23)cc(OC)c1OC,8.359999656677246,CHEMBL5112000,Binding affinity to wild type A1R (unknown origin) expressed in CHO-K1 cells assessed as equilibrium binding affinity constant by nanoBRET assay,24717947,B,Ki,9,=,Homo sapiens,CHEMBL5181728,CHEMBL5108055,,CHO-K1,Direct protein target assigned,,,,False,-1,False,False,,,8.359999656677246,,,ADORA1_Ki_3785,8.359999656677246,False
CHEMBL226,COc1cc(Nc2nc(CN)cc3c(-c4ccccc4)n[nH]c23)cc(OC)c1OC,COc1cc(Nc2nc(CN)cc3c(-c4ccccc4)n[nH]c23)cc(OC)c1OC,7.639999866485596,CHEMBL5112000,Binding affinity to wild type A1R (unknown origin) expressed in CHO-K1 cells assessed as equilibrium binding affinity constant by nanoBRET assay,24717953,B,Ki,9,=,Homo sapiens,CHEMBL5196781,CHEMBL5108055,,CHO-K1,Direct protein target assigned,,,,False,-1,False,False,,,7.639999866485596,,,ADORA1_Ki_3791,7.639999866485596,False
CHEMBL226,Cc1ccc(-c2nc(N)c3cc(Cc4ccccc4)sc3n2)o1,Cc1ccc(-c2nc(N)c3cc(Cc4ccccc4)sc3n2)o1,7.960000038146973,CHEMBL5126831,Binding affinity to human adenosine A1 receptor,24772357,B,Ki,9,=,Homo sapiens,CHEMBL2377239,CHEMBL5126505,,,Direct protein target assigned,,,,False,-1,False,False,,,7.960000038146973,,,ADORA1_Ki_3799,7.960000038146973,False
CHEMBL226,N=c1nc(N)c2c(C(F)(F)F)cc(-c3ccccc3)nc2[nH]1,N=c1nc(N)c2c(C(F)(F)F)cc(-c3ccccc3)nc2[nH]1,6.210000038146973,CHEMBL5126850,Binding affinity to human adenosine A1A receptor expressed in CHO cells measured by radioligand binding assay,24772439,B,Ki,9,=,Homo sapiens,CHEMBL5187176,CHEMBL5126505,,CHO,Direct protein target assigned,,,,False,-1,False,False,,,6.210000038146973,,,ADORA1_Ki_3806,6.210000038146973,False
CHEMBL226,O=c1oc2c(O)cccc2cc1-c1ccc(Br)cc1,O=c1oc2c(O)cccc2cc1-c1ccc(Br)cc1,5.619999885559082,CHEMBL5126875,Displacement of [3H]CCPA from human adenosine A1A receptor expressed in CHO cells measured by radioligand competition assay,24772517,B,Ki,9,=,Homo sapiens,CHEMBL4526845,CHEMBL5126505,,CHO,Direct protein target assigned,,,,False,-1,False,False,,,5.619999885559082,,,ADORA1_Ki_3819,5.619999885559082,False
CHEMBL226,COc1cccc(NC(=O)c2cn3c(nc4ccccc43)c(N)n2)c1,COc1cccc(NC(=O)c2cn3c(nc4ccccc43)c(N)n2)c1,8.800000190734863,CHEMBL5148524,Displacement of [3H]DPCPX from human A1AR expressed in HEK293 cells membrane assessed as inhibition constant preincubated for 5 mins followed by [3H]DPCPX addition and measured after 1.5 hrs by TopCount scintillation counting method,24855126,B,Ki,9,=,Homo sapiens,CHEMBL5181565,CHEMBL5143715,,HEK293,Direct protein target assigned,,,,False,-1,False,False,,,8.800000190734863,,,ADORA1_Ki_3831,8.800000190734863,False
CHEMBL226,Cc1cc(-c2nnc(N)nc2-c2ccc(F)cc2)cc(Cl)n1,Cc1cc(-c2nnc(N)nc2-c2ccc(F)cc2)cc(Cl)n1,6.880000114440918,CHEMBL5148524,Displacement of [3H]DPCPX from human A1AR expressed in HEK293 cells membrane assessed as inhibition constant preincubated for 5 mins followed by [3H]DPCPX addition and measured after 1.5 hrs by TopCount scintillation counting method,24855145,B,Ki,9,=,Homo sapiens,CHEMBL4594442,CHEMBL5143715,,HEK293,Direct protein target assigned,,,2.0,False,0,False,False,,,6.880000114440918,,,ADORA1_Ki_3848,6.880000114440918,False
CHEMBL226,CCOc1ccc2c(O)cc(-c3ccccc3)nc2n1,CCOc1ccc2c(O)cc(-c3ccccc3)nc2n1;CCOc1ccc2c(O)cc(-c3ccccc3)nc2n1,5.580;8.300,CHEMBL643493;CHEMBL920042,Binding affinity against adenosine A1 receptor in human cortical membranes using [3H]CHA as radioligand;Displacement of [3H]DPCPX from human adenosine A1 receptor expressed in CHO cells,342511;1844814,B;B,Ki;Ki,8;8,=;=,Homo sapiens;Homo sapiens,CHEMBL97895;CHEMBL97895,CHEMBL1149169;CHEMBL1139469,None;None,None;CHO,Homologous protein target assigned;Homologous protein target assigned,None;None,None;None,None;None,False;False,-1;-1,False;False,True,6.94,1.3600000000000003,6.94,1.3600000000000003,2.0,ADORA1_Ki_3861,6.94,False
CHEMBL226,CCCc1cc(O)c2ccc(C)nc2n1,CCCc1cc(O)c2ccc(C)nc2n1;CCCc1cc(O)c2ccc(C)nc2n1;CCCc1cc(O)c2ccc(C)nc2n1,5.840;5.820;7.300,CHEMBL641817;CHEMBL643493;CHEMBL920042,Displacement of [3H]DPCPX from adenosine A1 receptor in human brain cortical membranes;Binding affinity against adenosine A1 receptor in human cortical membranes using [3H]CHA as radioligand;Displacement of [3H]DPCPX from human adenosine A1 receptor expressed in CHO cells,326838;326834;1844800,B;B;B,Ki;Ki;Ki,9;8;8,=;=;=,Homo sapiens;Homo sapiens;Homo sapiens,CHEMBL103150;CHEMBL103150;CHEMBL103150,CHEMBL1149169;CHEMBL1149169;CHEMBL1139469,None;None;None,None;None;CHO,Direct protein target assigned;Homologous protein target assigned;Homologous protein target assigned,None;None;None,None;None;None,None;None;None,False;False;False,-1;-1;-1,False;False;False,True,6.32,0.6930127463955237,5.84,0.0199999999999995,3.0,ADORA1_Ki_3862,5.84,False
CHEMBL226,CCCc1cc(O)c2ccc(N)nc2n1,CCCc1cc(O)c2ccc(N)nc2n1;CCCc1cc(O)c2ccc(N)nc2n1,5.390;6.700,CHEMBL643493;CHEMBL920042,Binding affinity against adenosine A1 receptor in human cortical membranes using [3H]CHA as radioligand;Displacement of [3H]DPCPX from human adenosine A1 receptor expressed in CHO cells,337443;1844799,B;B,Ki;Ki,8;8,=;=,Homo sapiens;Homo sapiens,CHEMBL103588;CHEMBL103588,CHEMBL1149169;CHEMBL1139469,None;None,None;CHO,Homologous protein target assigned;Homologous protein target assigned,None;None,None;None,None;None,False;False,-1;-1,False;False,True,6.045,0.6550000000000002,6.045,0.6550000000000002,2.0,ADORA1_Ki_3863,6.045,False
CHEMBL226,Nc1nc(-c2ccccc2)cc(-c2ccc3c(c2)OCO3)n1,Nc1nc(-c2ccccc2)cc(-c2ccc3c(c2)OCO3)n1;Nc1nc(-c2ccccc2)cc(-c2ccc3c(c2)OCO3)n1,7.460;6.270,CHEMBL922854;CHEMBL5044914,Displacement of [3H]DPCPX from human adenosine A1 receptor expressed in CHO cells;Displacement of [3H]DPCPX from A1 adenosine receptor (unknown origin) expressed in CHO cell membrane incubated for 60 mins at room temperature by NXT microplate scintillation counter analysis,2142083;24405739,B;B,Ki;Ki,9;9,=;=,Homo sapiens;Homo sapiens,CHEMBL406714;CHEMBL406714,CHEMBL1143999;CHEMBL5042528,None;None,CHO;CHO,Direct protein target assigned;Direct protein target assigned,None;None,None;None,None;None,False;False,-1;-1,False;False,True,6.865,0.5950000000000002,6.865,0.5950000000000002,2.0,ADORA1_Ki_3867,6.865,False
CHEMBL226,CCCC(O)c1nc(N)c2nc(-n3nccn3)n(C)c2n1,CCCC(O)c1nc(N)c2nc(-n3nccn3)n(C)c2n1;CCCC(O)c1nc(N)c2nc(-n3nccn3)n(C)c2n1,6.800;6.920,CHEMBL2401082;CHEMBL3887273,"Displacement of [3H]DPCPX from human recombinant adenosine A1 receptor expressed in CHO-K1 cells after 60 mins;Competition Binding Assay: Competition binding experiments have been performed incubating membranes from CHO-K1 cells stably transfected with the human adenosine A1 receptor (cat. ES-010-M400UA, Perkin Elmer, Boston, Mass., USA) (5-10 ug of protein/sample) with a single concentration of [3H]DPCPX (1.7 nmol/l) (Perkin Elmer), in the presence of various concentrations (ranging from 10E-5 to 10E-10 M) of cold DPCPX, ST4206 and ST4208 in 96-well filter plates (MultiScreen system, cat #MAFBN0B10, Millipore, Billerica, Mass., USA) for 60 min at 25 C. in a total volume of 200 uL/well of 25 mmol/l Hepes, 5 mmol/L MgCl2, 1 mmol/l CaCl2, 100 mmol/L NaCl, pH 7.4 (all from Sigma-Aldrich). Non-specific binding has been determined in the presence of 250 umol/l of cold DPCPX (8-cyclopentyl-1,3-dipropylxanthine, Sigma-Aldrich). At the end of incubation, bound and free radioligands have been separated by filtering the 96-well filter plates using a Millipore filtration apparatus.",13356845;17706547,B;B,Ki;Ki,9;8,=;=,Homo sapiens;Homo sapiens,CHEMBL2398480;CHEMBL2398480,CHEMBL2396554;CHEMBL3886250,None;None,CHO-K1;CHO-K1,Direct protein target assigned;Homologous protein target assigned,None;None,None;None,None;None,False;False,-1;-1,False;False,True,6.859999999999999,0.06,6.859999999999999,0.06,2.0,ADORA1_Ki_3879,6.859999999999999,False
CHEMBL226,COc1ccc(Nc2ncnc3c2ncn3C2OC(CO)C(O)C2O)cc1,COc1ccc(Nc2ncnc3c2ncn3[C@@H]2O[C@H](CO)[C@@H](O)[C@H]2O)cc1;COc1ccc(Nc2ncnc3c2ncn3[C@@H]2O[C@H](CO)[C@@H](O)[C@H]2O)cc1;COc1ccc(Nc2ncnc3c2ncn3[C@@H]2O[C@H](CO)[C@@H](O)[C@H]2O)cc1;COc1ccc(Nc2ncnc3c2ncn3[C@@H]2O[C@H](CO)[C@@H](O)[C@H]2O)cc1;COc1ccc(Nc2ncnc3c2ncn3[C@@H]2O[C@H](CO)[C@@H](O)[C@H]2O)cc1;COc1ccc(Nc2ncnc3c2ncn3[C@@H]2O[C@H](CO)[C@@H](O)[C@H]2O)cc1;COc1ccc(Nc2ncnc3c2ncn3[C@@H]2O[C@H](CO)[C@@H](O)[C@H]2O)cc1;COc1ccc(Nc2ncnc3c2ncn3[C@@H]2O[C@H](CO)[C@@H](O)[C@H]2O)cc1,6.080;6.080;6.720;6.710;7.370;7.150;5.730;5.700,CHEMBL1107962;CHEMBL1107962;CHEMBL1107963;CHEMBL1107963;CHEMBL1109724;CHEMBL1109724;CHEMBL1109725;CHEMBL1109725,Displacement of [3H]DPCX from human adenosine A1 receptor expressed in CHO cells by scintillation counting;Displacement of [3H]DPCX from human adenosine A1 receptor expressed in CHO cells by scintillation counting;Displacement of [3H]DPCX from human adenosine A1 receptor expressed in CHO cells by scintillation counting in presence of 10 uM allosteric modulator PD-81723;Displacement of [3H]DPCX from human adenosine A1 receptor expressed in CHO cells by scintillation counting in presence of 10 uM allosteric modulator PD-81723;Displacement of [3H]DPCX from human adenosine A1 receptor expressed in CHO cells at high affinity site by scintillation counting;Displacement of [3H]DPCX from human adenosine A1 receptor expressed in CHO cells at high affinity site by scintillation counting;Displacement of [3H]DPCX from human adenosine A1 receptor expressed in CHO cells at low affinity site by scintillation counting;Displacement of [3H]DPCX from human adenosine A1 receptor expressed in CHO cells at low affinity site by scintillation counting,3240482;3240510;3240472;3240520;3240533;3240534;3240535;3240536,B;B;B;B;B;B;B;B,Ki;Ki;Ki;Ki;Ki;Ki;Ki;Ki,9;9;9;9;9;9;9;9,=;=;=;=;=;=;=;=,Homo sapiens;Homo sapiens;Homo sapiens;Homo sapiens;Homo sapiens;Homo sapiens;Homo sapiens;Homo sapiens,CHEMBL1093910;CHEMBL1093910;CHEMBL1093910;CHEMBL1093910;CHEMBL1093910;CHEMBL1093910;CHEMBL1093910;CHEMBL1093910,CHEMBL1156209;CHEMBL1156209;CHEMBL1156209;CHEMBL1156209;CHEMBL1156209;CHEMBL1156209;CHEMBL1156209;CHEMBL1156209,None;None;None;None;None;None;None;None,CHO;CHO;CHO;CHO;CHO;CHO;CHO;CHO,Direct protein target assigned;Direct protein target assigned;Direct protein target assigned;Direct protein target assigned;Direct protein target assigned;Direct protein target assigned;Direct protein target assigned;Direct protein target assigned,None;None;None;None;None;None;None;None,None;None;None;None;None;None;None;None,None;None;None;None;None;None;None;None,False;False;False;False;False;False;False;False,-1;-1;-1;-1;-1;-1;-1;-1,False;False;False;False;False;False;False;False,True,6.4425,0.5948896956579429,6.395,0.4949999999999996,8.0,ADORA1_Ki_3887,6.395,False
CHEMBL226,Nc1nc(NN=CC2CCCCC2)nc2c1ncn2C1OC(CO)C(O)C1O,Nc1nc(N/N=C/C2CCCCC2)nc2c1ncn2[C@@H]1O[C@H](CO)[C@@H](O)[C@H]1O;Nc1nc(N/N=C/C2CCCCC2)nc2c1ncn2[C@@H]1O[C@H](CO)[C@@H](O)[C@H]1O,4.320;6.770,CHEMBL2327713;CHEMBL2328348,Displacement of [3H]CCPA from human recombinant adenosine A1 receptor;Displacement of [3H]CCPA from human recombinant adenosine A1 receptor expressed in CHO cells 90 mins by liquid scintillation counting analysis,12656900;12657013,B;B,Ki;Ki,9;9,=;=,Homo sapiens;Homo sapiens,CHEMBL1950554;CHEMBL1950554,CHEMBL2321867;CHEMBL2321867,None;None,None;CHO,Direct protein target assigned;Direct protein target assigned,None;None,None;None,3.0;3.0,False;False,0;0,False;False,True,5.545,1.2249999999999996,5.545,1.2249999999999996,2.0,ADORA1_Ki_3889,5.545,False
CHEMBL226,CC(NC(=O)COc1ccc2[nH]c(=O)c(-c3nccs3)c(CCc3ccccc3)c2c1)c1ccccc1,C[C@H](NC(=O)COc1ccc2[nH]c(=O)c(-c3nccs3)c(CCc3ccccc3)c2c1)c1ccccc1;C[C@@H](NC(=O)COc1ccc2[nH]c(=O)c(-c3nccs3)c(CCc3ccccc3)c2c1)c1ccccc1,7.820;6.770,CHEMBL1292002;CHEMBL1292002,Displacement of [3H]DPCPX from human adenosine A1 receptor expressed in CHO-K1 cells after 2 hrs;Displacement of [3H]DPCPX from human adenosine A1 receptor expressed in CHO-K1 cells after 2 hrs,3594644;3594645,B;B,Ki;Ki,9;9,=;=,Homo sapiens;Homo sapiens,CHEMBL1290210;CHEMBL1290209,CHEMBL1287765;CHEMBL1287765,None;None,CHO-K1;CHO-K1,Direct protein target assigned;Direct protein target assigned,None;None,None;None,None;None,False;False,-1;-1,False;False,True,7.295,0.5250000000000004,7.295,0.5250000000000004,2.0,ADORA1_Ki_3901,7.295,False
CHEMBL226,Nc1nc(C(=O)NCc2ccccn2)cn2c1nc1ccccc12,Nc1nc(C(=O)NCc2ccccn2)cn2c1nc1ccccc12;Nc1nc(C(=O)NCc2ccccn2)cn2c1nc1ccccc12,7.770;8.130,CHEMBL5148524;CHEMBL5148524,Displacement of [3H]DPCPX from human A1AR expressed in HEK293 cells membrane assessed as inhibition constant preincubated for 5 mins followed by [3H]DPCPX addition and measured after 1.5 hrs by TopCount scintillation counting method;Displacement of [3H]DPCPX from human A1AR expressed in HEK293 cells membrane assessed as inhibition constant preincubated for 5 mins followed by [3H]DPCPX addition and measured after 1.5 hrs by TopCount scintillation counting method,24855131;24855144,B;B,Ki;Ki,9;9,=;=,Homo sapiens;Homo sapiens,CHEMBL5176737;CHEMBL5203105,CHEMBL5143715;CHEMBL5143715,None;None,HEK293;HEK293,Direct protein target assigned;Direct protein target assigned,None;None,None;None,None;None,False;False,-1;-1,False;False,True,7.95,0.1800000000000006,7.95,0.1800000000000006,2.0,ADORA1_Ki_3911,7.95,False
CHEMBL226,CCOC(=O)c1cnc2c(cnn2CC(Cl)c2ccccc2)c1NCCc1ccc(Cl)cc1,CCOC(=O)c1cnc2c(cnn2CC(Cl)c2ccccc2)c1NCCc1ccc(Cl)cc1;CCOC(=O)c1cnc2c(cnn2CC(Cl)c2ccccc2)c1NCCc1ccc(Cl)cc1,6.820;7.700,CHEMBL920042;CHEMBL920042,Displacement of [3H]DPCPX from human adenosine A1 receptor expressed in CHO cells;Displacement of [3H]DPCPX from human adenosine A1 receptor expressed in CHO cells,1844749;1844872,B;B,Ki;Ki,8;8,=;=,Homo sapiens;Homo sapiens,CHEMBL224909;CHEMBL224909,CHEMBL1139469;CHEMBL1139469,None;None,CHO;CHO,Homologous protein target assigned;Homologous protein target assigned,None;None,None;None,None;None,False;False,-1;-1,False;False,True,7.26,0.4399999999999999,7.26,0.4399999999999999,2.0,ADORA1_Ki_3930,7.26,False
CHEMBL226,CC(NC(=O)n1cnc2c(-c3ccco3)nc(N)nc21)c1ccccc1,C[C@@H](NC(=O)n1cnc2c(-c3ccco3)nc(N)nc21)c1ccccc1;C[C@H](NC(=O)n1cnc2c(-c3ccco3)nc(N)nc21)c1ccccc1,5.730;6.640,CHEMBL921474;CHEMBL921474,Binding affinity at human adenosine A1 receptor;Binding affinity at human adenosine A1 receptor,2166074;2166075,B;B,Ki;Ki,9;9,=;=,Homo sapiens;Homo sapiens,CHEMBL410679;CHEMBL409682,CHEMBL1145614;CHEMBL1145614,None;None,None;None,Direct protein target assigned;Direct protein target assigned,None;None,None;None,None;None,False;False,-1;-1,False;False,True,6.1850000000000005,0.4549999999999996,6.1850000000000005,0.4549999999999996,2.0,ADORA1_Ki_3957,6.1850000000000005,False
CHEMBL226,C#CCNC(=O)C12CCC(c3nc4c(=O)n(CCCC)c(=O)n(CCCNC(=O)c5ccc(S(=O)(=O)F)cc5)c4[nH]3)(CC1)CC2,C#CCNC(=O)C12CCC(c3nc4c(=O)n(CCCC)c(=O)n(CCCNC(=O)c5ccc(S(=O)(=O)F)cc5)c4[nH]3)(CC1)CC2;C#CCNC(=O)C12CCC(c3nc4c(=O)n(CCCC)c(=O)n(CCCNC(=O)c5ccc(S(=O)(=O)F)cc5)c4[nH]3)(CC1)CC2;C#CCNC(=O)C12CCC(c3nc4c(=O)n(CCCC)c(=O)n(CCCNC(=O)c5ccc(S(=O)(=O)F)cc5)c4[nH]3)(CC1)CC2;C#CCNC(=O)C12CCC(c3nc4c(=O)n(CCCC)c(=O)n(CCCNC(=O)c5ccc(S(=O)(=O)F)cc5)c4[nH]3)(CC1)CC2,7.580;7.580;7.410;7.410,CHEMBL5037223;CHEMBL5037223;CHEMBL5037228;CHEMBL5037228,Displacement of [3H] DPCPX from human A1 adenosine receptor expressed in Flp-In-CHO cell membrane incubated for 4 hrs by microbeta scintillation counting method;Displacement of [3H] DPCPX from human A1 adenosine receptor expressed in Flp-In-CHO cell membrane incubated for 4 hrs by microbeta scintillation counting method;Displacement of [3H] DPCPX from human adenosine A1 receptor expressed in Flp-In-CHO cell membrane incubated for 3 hrs followed by compound washout and further incubated for 4 hrs with radioligand by microbeta scintillation counting method;Displacement of [3H] DPCPX from human adenosine A1 receptor expressed in Flp-In-CHO cell membrane incubated for 3 hrs followed by compound washout and further incubated for 4 hrs with radioligand by microbeta scintillation counting method,24376084;24376087;24376107;24376134,B;B;B;B,Ki;Ki;Ki;Ki,9;9;9;9,=;=;=;=,Homo sapiens;Homo sapiens;Homo sapiens;Homo sapiens,CHEMBL5089727;CHEMBL5089727;CHEMBL5089727;CHEMBL5089727,CHEMBL5036326;CHEMBL5036326;CHEMBL5036326;CHEMBL5036326,None;None;None;None,Flp-In-CHO;Flp-In-CHO;Flp-In-CHO;Flp-In-CHO,Direct protein target assigned;Direct protein target assigned;Direct protein target assigned;Direct protein target assigned,None;None;None;None,None;None;None;None,None;None;None;None,False;False;False;False,-1;-1;-1;-1,False;False;False;False,True,7.495,0.0849999999999999,7.495,0.0849999999999999,4.0,ADORA1_Ki_3973,7.495,False
CHEMBL226,CCCCn1c(=O)c2nc(C34CCC(C(=O)NCCOCCOCCOCCN=[N+]=[N-])(CC3)CC4)[nH]c2n(CCCNC(=O)c2ccc(S(=O)(=O)F)cc2)c1=O,CCCCn1c(=O)c2nc(C34CCC(C(=O)NCCOCCOCCOCCN=[N+]=[N-])(CC3)CC4)[nH]c2n(CCCNC(=O)c2ccc(S(=O)(=O)F)cc2)c1=O;CCCCn1c(=O)c2nc(C34CCC(C(=O)NCCOCCOCCOCCN=[N+]=[N-])(CC3)CC4)[nH]c2n(CCCNC(=O)c2ccc(S(=O)(=O)F)cc2)c1=O;CCCCn1c(=O)c2nc(C34CCC(C(=O)NCCOCCOCCOCCN=[N+]=[N-])(CC3)CC4)[nH]c2n(CCCNC(=O)c2ccc(S(=O)(=O)F)cc2)c1=O;CCCCn1c(=O)c2nc(C34CCC(C(=O)NCCOCCOCCOCCN=[N+]=[N-])(CC3)CC4)[nH]c2n(CCCNC(=O)c2ccc(S(=O)(=O)F)cc2)c1=O,8.300;8.300;7.860;7.860,CHEMBL5037223;CHEMBL5037223;CHEMBL5037228;CHEMBL5037228,Displacement of [3H] DPCPX from human A1 adenosine receptor expressed in Flp-In-CHO cell membrane incubated for 4 hrs by microbeta scintillation counting method;Displacement of [3H] DPCPX from human A1 adenosine receptor expressed in Flp-In-CHO cell membrane incubated for 4 hrs by microbeta scintillation counting method;Displacement of [3H] DPCPX from human adenosine A1 receptor expressed in Flp-In-CHO cell membrane incubated for 3 hrs followed by compound washout and further incubated for 4 hrs with radioligand by microbeta scintillation counting method;Displacement of [3H] DPCPX from human adenosine A1 receptor expressed in Flp-In-CHO cell membrane incubated for 3 hrs followed by compound washout and further incubated for 4 hrs with radioligand by microbeta scintillation counting method,24376082;24376089;24376109;24376132,B;B;B;B,Ki;Ki;Ki;Ki,9;9;9;9,=;=;=;=,Homo sapiens;Homo sapiens;Homo sapiens;Homo sapiens,CHEMBL5088372;CHEMBL5088372;CHEMBL5088372;CHEMBL5088372,CHEMBL5036326;CHEMBL5036326;CHEMBL5036326;CHEMBL5036326,None;None;None;None,Flp-In-CHO;Flp-In-CHO;Flp-In-CHO;Flp-In-CHO,Direct protein target assigned;Direct protein target assigned;Direct protein target assigned;Direct protein target assigned,None;None;None;None,None;None;None;None,None;None;None;None,False;False;False;False,-1;-1;-1;-1,False;False;False;False,True,8.08,0.2200000000000002,8.08,0.2200000000000002,4.0,ADORA1_Ki_3976,8.08,False
CHEMBL226,OC1CSC(n2cnc3c(NCc4cccc(I)c4)nc(Cl)nc32)C1O,O[C@@H]1[C@H](O)CS[C@H]1n1cnc2c(NCc3cccc(I)c3)nc(Cl)nc21;OC1CS[C@@H](n2cnc3c(NCc4cccc(I)c4)nc(Cl)nc32)[C@H]1O,5.600;5.600,CHEMBL888473;CHEMBL3705974,"Displacement of [3H]CCPA from human adenosine A1 receptor in CHO cells;Binding Assay: CHO cells (ATCC No. CCL-61), in which A1 and A3 adenosine receptors were expressed, were cultured in F-12 media (Gibco, U.S.A.) supplemented with 10% fetal bovine serum (FBS) and penicillin/streptomycin (100 units/ml and 100 Î¼g/ml), at 37Â°C in a 5% CO2 atmosphere. A predetermined amount of suitable hAR-expressed CHO cells was mixed with labeled ligands (1 nM [3H]CCPA and 0.5 nM [125I]AB-MECA) specifically binding to A1 and A3 adenosine receptors in a 50/10/1 buffer in test tubes . The derivatives of the present invention were dissolved at various concentrations in dimethylsulfoxide (DMSO) and diluted in the buffer, taking care that the final concentration of DMSO did not exceed 1%. Incubation for 1 hr in a 370C incubator was followed by rapid filtration in a vacuum using a cell collector (TOMTEC, U.S.A.). Subsequently, the test tubes were washed three times with 3 ml of the buffer before radioactivity was measured using a Î³-counter.",1905075;16304333,B;B,Ki;Ki,9;9,=;=,Homo sapiens;Homo sapiens,CHEMBL413686;CHEMBL3703586,CHEMBL1145406;CHEMBL3638376,None;None,CHO;CHO,Direct protein target assigned;Direct protein target assigned,None;None,None;None,None;None,False;False,-1;-1,False;False,True,5.6,0.0,5.6,0.0,2.0,ADORA1_Ki_3990,5.6,False
CHEMBL226,C=CCN1C(=O)N2CC(CC)N=C2c2[nH]c(-c3cc(OC)nn3C)nc21,C=CCN1C(=O)N2CC(CC)N=C2c2[nH]c(-c3cc(OC)nn3C)nc21;C=CCN1C(=O)N2C[C@@H](CC)N=C2c2[nH]c(-c3cc(OC)nn3C)nc21;C=CCN1C(=O)N2C[C@H](CC)N=C2c2[nH]c(-c3cc(OC)nn3C)nc21,5.820;5.600;5.970,CHEMBL1803413;CHEMBL1803413;CHEMBL1803413,Displacement of [3H]DPCPX from human adenosine A1 receptor expressed in CHO cells after 120 mins by scintillation spectrometry;Displacement of [3H]DPCPX from human adenosine A1 receptor expressed in CHO cells after 120 mins by scintillation spectrometry;Displacement of [3H]DPCPX from human adenosine A1 receptor expressed in CHO cells after 120 mins by scintillation spectrometry,6285526;6285527;6285528,B;B;B,Ki;Ki;Ki,9;9;9,=;=;=,Homo sapiens;Homo sapiens;Homo sapiens,CHEMBL1800782;CHEMBL1800783;CHEMBL1800784,CHEMBL1799944;CHEMBL1799944;CHEMBL1799944,None;None;None,CHO;CHO;CHO,Direct protein target assigned;Direct protein target assigned;Direct protein target assigned,None;None;None,None;None;None,None;None;None,False;False;False,-1;-1;-1,False;False;False,True,5.796666666666667,0.1519502842672198,5.82,0.1499999999999994,3.0,ADORA1_Ki_4012,5.82,False
CHEMBL226,O=C(Cc1ccccc1)Nc1nc2ccc(Cl)cc2c2nc(-c3ccco3)nn12,O=C(Cc1ccccc1)Nc1nc2ccc(Cl)cc2c2nc(-c3ccco3)nn12;O=C(Cc1ccccc1)Nc1nc2ccc(Cl)cc2c2nc(-c3ccco3)nn12,6.640;7.290,CHEMBL2187070;CHEMBL5136398,Displacement of [3H]CCPA from human recombinant adenosine A1 receptor expressed in CHO cells after 60 mins by gamma counter;Displacement of CA200645 from NLuc human A1 receptor expressed in HEK293 cells assessed as inhibition constant by NanoBRET binding assay,12139229;24808944,B;B,Ki;Ki,9;9,=;=,Homo sapiens;Homo sapiens,CHEMBL88147;CHEMBL88147,CHEMBL2177029;CHEMBL5131549,None;None,CHO;HEK293,Direct protein target assigned;Direct protein target assigned,None;None,None;None,None;None,False;False,-1;-1,False;False,True,6.965,0.3250000000000002,6.965,0.3250000000000002,2.0,ADORA1_Ki_4015,6.965,False
CHEMBL226,CCC(C)Nc1nc2nn(C)cc2c2nc(-c3ccco3)nn12,CC[C@@H](C)Nc1nc2nn(C)cc2c2nc(-c3ccco3)nn12;CC[C@H](C)Nc1nc2nn(C)cc2c2nc(-c3ccco3)nn12;CCC(C)Nc1nc2nn(C)cc2c2nc(-c3ccco3)nn12,6.780;6.890;6.880,CHEMBL2188180;CHEMBL2188180;CHEMBL2188180,Displacement of [3H]CCPA from human adenosine A1 receptor expressed in CHO cell membrane;Displacement of [3H]CCPA from human adenosine A1 receptor expressed in CHO cell membrane;Displacement of [3H]CCPA from human adenosine A1 receptor expressed in CHO cell membrane,12142560;12142561;12142562,B;B;B,Ki;Ki;Ki,9;9;9,=;=;=,Homo sapiens;Homo sapiens;Homo sapiens,CHEMBL2181152;CHEMBL2181151;CHEMBL2181150,CHEMBL2177027;CHEMBL2177027;CHEMBL2177027,None;None;None,CHO;CHO;CHO,Direct protein target assigned;Direct protein target assigned;Direct protein target assigned,None;None;None,None;None;None,None;None;None,False;False;False,-1;-1;-1,False;False;False,True,6.8500000000000005,0.0496655480858375,6.88,0.0099999999999997,3.0,ADORA1_Ki_4016,6.88,False
CHEMBL226,OCC1OC(n2cnc3c(NC4CCCC4)ncnc32)C(O)C1O,OC[C@H]1O[C@@H](n2cnc3c(NC4CCCC4)ncnc32)[C@H](O)[C@@H]1O;OC[C@H]1O[C@@H](n2cnc3c(NC4CCCC4)ncnc32)[C@H](O)[C@@H]1O;OC[C@H]1O[C@@H](n2cnc3c(NC4CCCC4)ncnc32)[C@H](O)[C@@H]1O;OC[C@H]1O[C@@H](n2cnc3c(NC4CCCC4)ncnc32)[C@H](O)[C@@H]1O;OC[C@H]1O[C@@H](n2cnc3c(NC4CCCC4)ncnc32)[C@H](O)[C@@H]1O;OC[C@H]1O[C@@H](n2cnc3c(NC4CCCC4)ncnc32)[C@H](O)[C@@H]1O,8.000;9.350;8.650;7.670;8.740;8.230,CHEMBL841776;CHEMBL860161;CHEMBL927309;CHEMBL922120;CHEMBL2174889;CHEMBL3772106,Displacement of [3H]DPCPX binding to human adenosine A1 receptor expressed in CHO cells;Displacement of [3H]R-PIA or [3H]CGS 21680 from human adenosine A1 receptor in CHO cells;Displacement of [3H]CCPA from human recombinant adenosine A1 receptor expressed in CHO cells;Displacement of [3H]CPX from adenosine A1 receptor in DDT1MF-2 cells;Displacement of [3H]R-PIA from human A1 adenosine receptor expressed in CHO cells after 60 min by Perkin Elmer Liquid Scintillation Analyzer;Binding affinity to adenosine A1 receptor (unknown origin),1404097;1652807;2070831;2134832;12099298;16493416,B;B;B;B;B;B,Ki;Ki;Ki;Ki;Ki;Ki,9;9;9;8;9;9,=;=;=;=;=;=,Homo sapiens;Homo sapiens;Homo sapiens;Homo sapiens;Homo sapiens;Homo sapiens,CHEMBL68738;CHEMBL68738;CHEMBL68738;CHEMBL68738;CHEMBL68738;CHEMBL68738,CHEMBL1145202;CHEMBL1140427;CHEMBL1140761;CHEMBL1144002;CHEMBL2169760;CHEMBL3769306,None;None;None;None;None;None,CHO;CHO;CHO;DDT1MF-2;CHO;None,Direct protein target assigned;Direct protein target assigned;Direct protein target assigned;Homologous protein target assigned;Direct protein target assigned;Direct protein target assigned,None;None;None;None;None;None,None;None;None;None;None;None,None;None;None;None;None;None,False;False;False;False;False;False,-1;-1;-1;-1;-1;-1,False;False;False;False;False;False,True,8.44,0.5466260147486579,8.440000000000001,0.3700000000000001,6.0,ADORA1_Ki_4026,8.440000000000001,False
CHEMBL226,OCC1OC(n2cnc3c(NC4CCCC4O)ncnc32)C(O)C1O,OC[C@H]1O[C@@H](n2cnc3c(N[C@H]4CCC[C@@H]4O)ncnc32)[C@H](O)[C@@H]1O;OC[C@H]1O[C@@H](n2cnc3c(N[C@H]4CCC[C@@H]4O)ncnc32)[C@H](O)[C@@H]1O,7.800;8.410,CHEMBL3054278;CHEMBL4369158,Agonist activity at Homo sapiens (human) adenosine A1 receptor expressed in CHO cells;Displacement of [3H]DPCPX from recombinant human A1 receptor expressed in CHO cell membranes,12456414;19103367,B;B,Ki;Ki,9;9,=;=,Homo sapiens;Homo sapiens,CHEMBL2163568;CHEMBL2163568,CHEMBL3045486;CHEMBL4368860,None;None,CHO;CHO,Direct protein target assigned;Direct protein target assigned,None;None,None;None,None;None,False;False,-1;-1,False;False,True,8.105,0.3050000000000001,8.105,0.3050000000000001,2.0,ADORA1_Ki_4027,8.105,True
CHEMBL226,OCC1OC(n2cnc3c(NC4CCOC4)ncnc32)C(O)C1O,OC[C@H]1O[C@@H](n2cnc3c(N[C@@H]4CCOC4)ncnc32)[C@H](O)[C@@H]1O;OC[C@H]1O[C@@H](n2cnc3c(N[C@@H]4CCOC4)ncnc32)[C@H](O)[C@@H]1O;OC[C@H]1O[C@@H](n2cnc3c(N[C@@H]4CCOC4)ncnc32)[C@H](O)[C@@H]1O,8.520;7.190;8.690,CHEMBL645034;CHEMBL901888;CHEMBL927309,Binding affinity for adenosine A1 receptor determined using hamster DDT1 cell membranes with [3H]CCPA as radioligand;Displacement of [3H]CPX from adenosine A1 receptor expressed in DDT1 MF2 cells;Displacement of [3H]CCPA from human recombinant adenosine A1 receptor expressed in CHO cells,895683;2003332;2070832,B;B;B,Ki;Ki;Ki,8;9;9,=;=;=,Homo sapiens;Homo sapiens;Homo sapiens,CHEMBL392149;CHEMBL392149;CHEMBL392149,CHEMBL1137938;CHEMBL1138285;CHEMBL1140761,None;None;None,DDT1;DDT1 MF2;CHO,Homologous protein target assigned;Direct protein target assigned;Direct protein target assigned,None;None;None,None;None;None,2.0;2.0;2.0,False;False;False,0;0;0,False;False;False,True,8.133333333333333,0.6706381703687577,8.52,0.1699999999999999,3.0,ADORA1_Ki_4043,8.52,True
CHEMBL226,CCNC(=O)C1OC(n2cnc3c(N)nc(NCCc4ccc(CCC(=O)NC(CC(=O)O)C(=O)O)cc4)nc32)C(O)C1O,CCNC(=O)[C@H]1O[C@@H](n2cnc3c(N)nc(NCCc4ccc(CCC(=O)N[C@@H](CC(=O)O)C(=O)O)cc4)nc32)[C@H](O)[C@@H]1O;CCNC(=O)[C@H]1O[C@@H](n2cnc3c(N)nc(NCCc4ccc(CCC(=O)N[C@H](CC(=O)O)C(=O)O)cc4)nc32)[C@H](O)[C@@H]1O,5.720;5.930,CHEMBL1955227;CHEMBL1955227,Displacement of [3H]N6-phenylisopropyladenosine from human A1 adenosine receptor expressed in CHO cell membranes after 60 mins;Displacement of [3H]N6-phenylisopropyladenosine from human A1 adenosine receptor expressed in CHO cell membranes after 60 mins,8031746;8031747,B;B,Ki;Ki,9;9,=;=,Homo sapiens;Homo sapiens,CHEMBL1950657;CHEMBL1950658,CHEMBL1949672;CHEMBL1949672,None;None,CHO;CHO,Direct protein target assigned;Direct protein target assigned,None;None,None;None,None;None,False;False,-1;-1,False;False,True,5.824999999999999,0.1049999999999999,5.824999999999999,0.1049999999999999,2.0,ADORA1_Ki_4057,5.824999999999999,False
