target_chembl_id,smiles,original_smiles,pchembl_value,assay_chembl_id,assay_description,activity_id,assay_type,standard_type,confidence_score,standard_relation,target_organism,molecule_chembl_id,document_chembl_id,assay_tissue,assay_cell_type,relationship_description,variant_sequence,indication_class,max_phase,oral,prodrug,withdrawn_flag,might_rancemic,pchembl_value_mean,pchembl_value_std,pchembl_value_median,pchembl_value_mad,pchembl_value_counts,QSPRID,pchembl_value_median_original,Split_IsTrain
CHEMBL1994,CS(=O)(=O)Nc1cccc2c(-c3ccc(F)cc3)c[nH]c12,CS(=O)(=O)Nc1cccc2c(-c3ccc(F)cc3)c[nH]c12,6.650000095367432,CHEMBL3607224,Displacement of [3H]-aldosterone from human mineralocorticoid receptor expressed in HEK293 cells by scintillation counting based radioligand competition binding assay,15684213,B,Ki,9,=,Homo sapiens,CHEMBL3605934,CHEMBL3603837,,HEK293,Direct protein target assigned,,,,False,-1,False,False,,,6.650000095367432,,,NR3C2_IC50Ki_551,6.650000095367432,True
CHEMBL1994,CCN1C(=O)C(c2ccc(F)cc2)=C(c2ccc3c(c2)NC(=O)CO3)C1C,CCN1C(=O)C(c2ccc(F)cc2)=C(c2ccc3c(c2)NC(=O)CO3)C1C,7.480000019073486,CHEMBL2423838,Displacement of [3H]-Aldosterone from human MR expressed in 293 cells after 16 hrs by scintillation counting,13416309,B,IC50,9,=,Homo sapiens,CHEMBL2419295,CHEMBL2417412,,HEK293,Direct protein target assigned,,,,False,-1,False,False,,,7.480000019073486,,,NR3C2_IC50Ki_380,7.480000019073486,True
CHEMBL1994,CC(C)(CC(O)(Cc1cc2ncncc2[nH]1)C(F)(F)F)c1cc(Cl)cc2c1OCC2,CC(C)(CC(O)(Cc1cc2ncncc2[nH]1)C(F)(F)F)c1cc(Cl)cc2c1OCC2,6.46999979019165,CHEMBL3132584,Competitive binding affinity to mineralocorticoid receptor (unknown origin) expressed in baculovirus-infected cell system after 1 hr by fluorescence polarization assay in presence of tetramethylrhodamine-labeled dexamethasone,13945733,B,IC50,9,=,Homo sapiens,CHEMBL3126945,CHEMBL3124926,,,Direct protein target assigned,,,,False,-1,False,False,,,6.46999979019165,,,NR3C2_IC50Ki_453,6.46999979019165,True
CHEMBL1994,CCOC(=O)C1=C(c2ccccc2)NC(C)=C(C#N)C1c1ccccc1Cl,CCOC(=O)C1=C(c2ccccc2)NC(C)=C(C#N)C1c1ccccc1Cl,6.039999961853027,CHEMBL1219573,Antagonist activity at mineralocorticoid receptor LBD expressed in human HUH7 cells coexpressing GAL4 by luciferase reporter gene assay,3403425,F,IC50,8,=,Homo sapiens,CHEMBL1215482,CHEMBL1212896,,Huh-7,Homologous protein target assigned,,,,False,-1,False,False,,,6.039999961853027,,,NR3C2_IC50Ki_196,6.039999961853027,True
CHEMBL1994,CC1COc2cccnc2N1C(=O)c1ccc2c(c1)NC(=O)CO2,C[C@H]1COc2cccnc2N1C(=O)c1ccc2c(c1)NC(=O)CO2,5.900000095367432,CHEMBL4423290,Displacement of [3H]-aldosterone to human mineralocorticoid receptor LBD by radiometric binding assay,19363253,B,Ki,9,=,Homo sapiens,CHEMBL4446088,CHEMBL4422622,,,Direct protein target assigned,,,,False,-1,False,False,,,5.900000095367432,,,NR3C2_IC50Ki_660,5.900000095367432,True
CHEMBL1994,Cc1ccccc1C(Cc1ccnc(NC(N)=O)c1)c1ccccc1,Cc1ccccc1C(Cc1ccnc(NC(N)=O)c1)c1ccccc1,7.269999980926514,CHEMBL3705363,"Competitive Molecular Binding Assay: The MR competitive binding assay is based on the binding and displacement of a TAMRA-labeled Dexamethasone probe with fluorescence polarization (FP) detection. The assay is performed in 384-well, low volume NBS black plates (Corning #3676) in assay buffer consisting of 10 mM TES, pH 7.4, 50 mM KCl, 20 mM Sodium molybdate, 1.5 mM EDTA, 0.04% CHAPS, 10% Glycerol and 1 mM DTT. Full Length human mineralocorticoid receptor (hMR) present in a baculovirus infected insect cell lysate is diluted 2 fold in assay buffer and 10 μL of this dilution is added to the assay plate. Blank wells receive 10 μL of the diluted MR lysate containing 3 μM Dexamethasone. 2 μL diluted test compound is transferred to the assay plate for a final starting top concentration of 10 μM in 1% DMSO. The reaction is started by adding 3 μL of 25 nM probe in assay buffer for a final assay concentration of 5 nM.",17633082,B,IC50,9,=,Homo sapiens,CHEMBL3643680,CHEMBL3638806,,,Direct protein target assigned,,,,False,-1,False,False,,,7.269999980926514,,,NR3C2_IC50Ki_582,7.269999980926514,True
CHEMBL1994,COc1cccc(CCc2ccnc(NC(N)=O)c2)c1,COc1cccc(CCc2ccnc(NC(N)=O)c2)c1,5.800000190734863,CHEMBL3705363,"Competitive Molecular Binding Assay: The MR competitive binding assay is based on the binding and displacement of a TAMRA-labeled Dexamethasone probe with fluorescence polarization (FP) detection. The assay is performed in 384-well, low volume NBS black plates (Corning #3676) in assay buffer consisting of 10 mM TES, pH 7.4, 50 mM KCl, 20 mM Sodium molybdate, 1.5 mM EDTA, 0.04% CHAPS, 10% Glycerol and 1 mM DTT. Full Length human mineralocorticoid receptor (hMR) present in a baculovirus infected insect cell lysate is diluted 2 fold in assay buffer and 10 μL of this dilution is added to the assay plate. Blank wells receive 10 μL of the diluted MR lysate containing 3 μM Dexamethasone. 2 μL diluted test compound is transferred to the assay plate for a final starting top concentration of 10 μM in 1% DMSO. The reaction is started by adding 3 μL of 25 nM probe in assay buffer for a final assay concentration of 5 nM.",17633071,B,IC50,9,=,Homo sapiens,CHEMBL3639425,CHEMBL3638806,,,Direct protein target assigned,,,,False,-1,False,False,,,5.800000190734863,,,NR3C2_IC50Ki_575,5.800000190734863,True
CHEMBL1994,Cc1noc(C)c1S(=O)(=O)NCc1ccc(-c2cccnc2)cc1,Cc1noc(C)c1S(=O)(=O)NCc1ccc(-c2cccnc2)cc1,5.820000171661377,CHEMBL3090522,Displacement of [3H]aldosterone from GST-tagged human mineralocorticoid receptor ligand binding domain after 4 hrs by liquid scintillation counting,13835667,B,IC50,9,=,Homo sapiens,CHEMBL3086017,CHEMBL3085697,,,Direct protein target assigned,,,,False,-1,False,False,,,5.820000171661377,,,NR3C2_IC50Ki_396,5.820000171661377,True
CHEMBL1994,COC(=O)C1=C(Cn2cnnn2)NC(C)=C(C#N)C1c1ccc(F)cc1Cl,COC(=O)C1=C(Cn2cnnn2)NC(C)=C(C#N)C1c1ccc(F)cc1Cl;COC(=O)C1=C(Cn2cnnn2)NC(C)=C(C#N)[C@H]1c1ccc(F)cc1Cl,7.190;7.280,CHEMBL1219573;CHEMBL1219573,Antagonist activity at mineralocorticoid receptor LBD expressed in human HUH7 cells coexpressing GAL4 by luciferase reporter gene assay;Antagonist activity at mineralocorticoid receptor LBD expressed in human HUH7 cells coexpressing GAL4 by luciferase reporter gene assay,3403473;3403474,F;F,IC50;IC50,8;8,=;=,Homo sapiens;Homo sapiens,CHEMBL1215622;CHEMBL1215623,CHEMBL1212896;CHEMBL1212896,None;None,Huh-7;Huh-7,Homologous protein target assigned;Homologous protein target assigned,None;None,None;None,None;None,False;False,-1;-1,False;False,True,7.235,0.0449999999999999,7.235,0.0449999999999999,2.0,NR3C2_IC50Ki_865,7.235,True
CHEMBL1994,Cc1cc(C)c(S(=O)(=O)NC(Cc2c[nH]c3c(C#N)cc(C)cc23)C(F)(F)F)c(C)c1,Cc1cc(C)c(S(=O)(=O)NC(Cc2c[nH]c3c(C#N)cc(C)cc23)C(F)(F)F)c(C)c1,6.960000038146973,CHEMBL3096917,Binding affinity to mineralocorticoid receptor (unknown origin) by fluorescence polarization competitive binding assay,13845370,B,IC50,9,=,Homo sapiens,CHEMBL3093453,CHEMBL3091451,,,Direct protein target assigned,,,,False,-1,False,False,,,6.960000038146973,,,NR3C2_IC50Ki_422,6.960000038146973,True
CHEMBL1994,CC(NC(=O)C1(Cc2ccccc2)OC(=O)N(C(C)c2ccccc2)C1=O)c1cccc(Cl)c1,C[C@H](NC(=O)[C@@]1(Cc2ccccc2)OC(=O)N([C@H](C)c2ccccc2)C1=O)c1cccc(Cl)c1;C[C@H](c1ccccc1)N1C(=O)O[C@](Cc2ccccc2)(C(=O)N[C@H](C)c2cccc(Cl)c2)C1=O,5.580;6.400,CHEMBL2411354;CHEMBL2411354,Antagonist activity at human mineralocorticoid receptor assessed as inhibition of binding to coactivator peptide by NH Pro assay;Antagonist activity at human mineralocorticoid receptor assessed as inhibition of binding to coactivator peptide by NH Pro assay,13393545;13393546,B;B,IC50;IC50,9;9,=;=,Homo sapiens;Homo sapiens,CHEMBL2407672;CHEMBL2407671,CHEMBL2407028;CHEMBL2407028,None;None,None;None,Direct protein target assigned;Direct protein target assigned,None;None,None;None,None;None,False;False,-1;-1,False;False,True,5.99,0.4100000000000001,5.99,0.4100000000000001,2.0,NR3C2_IC50Ki_869,5.99,True
CHEMBL1994,COc1cc(CNC(=O)C2(Cc3ccccc3)OC(=O)N(C3CCc4ccccc43)C2=O)cc(OC)c1,COc1cc(CNC(=O)[C@@]2(Cc3ccccc3)OC(=O)N([C@@H]3CCc4ccccc43)C2=O)cc(OC)c1,7.480000019073486,CHEMBL2411354,Antagonist activity at human mineralocorticoid receptor assessed as inhibition of binding to coactivator peptide by NH Pro assay,13393495,B,IC50,9,=,Homo sapiens,CHEMBL2407647,CHEMBL2407028,,,Direct protein target assigned,,,,False,-1,False,False,,,7.480000019073486,,,NR3C2_IC50Ki_332,7.480000019073486,True
CHEMBL1994,Cc1cc(F)ccc1-n1nc(C(F)(F)F)cc1-c1cc(F)c2c(c1)NC(=O)CO2,Cc1cc(F)ccc1-n1nc(C(F)(F)F)cc1-c1cc(F)c2c(c1)NC(=O)CO2;Cc1cc(F)ccc1-n1nc(C(F)(F)F)cc1-c1cc(F)c2c(c1)NC(=O)CO2,7.120;7.070,CHEMBL1929756;CHEMBL1929764,Displacement of [3H]aldosterone from cytosolic human MR expressed in HEK293 cells after 16 hrs by scintillation counting;Antagonist activity at human MR transfected in human COS1 cells after 1 day by luciferase reporter gene assay,7970148;7970229,B;F,IC50;IC50,9;9,=;=,Homo sapiens;Homo sapiens,CHEMBL1929040;CHEMBL1929040,CHEMBL1926625;CHEMBL1926625,None;None,HEK293;COS-1,Direct protein target assigned;Direct protein target assigned,None;None,None;None,None;None,False;False,-1;-1,False;False,True,7.095000000000001,0.0249999999999999,7.095000000000001,0.0249999999999999,2.0,NR3C2_IC50Ki_843,7.095000000000001,True
CHEMBL1994,O=C1COc2ccc(-c3cc(C(F)(F)C(F)(F)F)nn3-c3ccc(F)cc3)cc2N1,O=C1COc2ccc(-c3cc(C(F)(F)C(F)(F)F)nn3-c3ccc(F)cc3)cc2N1,6.239999771118164,CHEMBL1929756,Displacement of [3H]aldosterone from cytosolic human MR expressed in HEK293 cells after 16 hrs by scintillation counting,7969245,B,IC50,9,=,Homo sapiens,CHEMBL1928885,CHEMBL1926625,,HEK293,Direct protein target assigned,,,,False,-1,False,False,,,6.239999771118164,,,NR3C2_IC50Ki_314,6.239999771118164,True
CHEMBL1994,COC(=O)C1=C(C)NC(C)=C(C(=O)OC(C)(C)C)C1c1ccccc1OC,COC(=O)C1=C(C)NC(C)=C(C(=O)OC(C)(C)C)C1c1ccccc1OC,6.260000228881836,CHEMBL1219573,Antagonist activity at mineralocorticoid receptor LBD expressed in human HUH7 cells coexpressing GAL4 by luciferase reporter gene assay,3403396,F,IC50,8,=,Homo sapiens,CHEMBL1215049,CHEMBL1212896,,Huh-7,Homologous protein target assigned,,,,False,-1,False,False,,,6.260000228881836,,,NR3C2_IC50Ki_168,6.260000228881836,True
CHEMBL1994,CC(c1ccccc1)N1C(=O)OC(Cc2ccccc2)(C(=O)N2CCc3ccccc3C2)C1=O,C[C@H](c1ccccc1)N1C(=O)O[C@](Cc2ccccc2)(C(=O)N2CCc3ccccc3C2)C1=O,6.46999979019165,CHEMBL2411354,Antagonist activity at human mineralocorticoid receptor assessed as inhibition of binding to coactivator peptide by NH Pro assay,13393483,B,IC50,9,=,Homo sapiens,CHEMBL2407659,CHEMBL2407028,,,Direct protein target assigned,,,,False,-1,False,False,,,6.46999979019165,,,NR3C2_IC50Ki_327,6.46999979019165,True
CHEMBL1994,COC(=O)C1=C(CCl)NC(C)=C(C#N)C1c1ccnc2ccccc12,COC(=O)C1=C(CCl)NC(C)=C(C#N)[C@H]1c1ccnc2ccccc12;COC(=O)C1=C(CCl)NC(C)=C(C#N)[C@@H]1c1ccnc2ccccc12,6.470;5.550,CHEMBL1120985;CHEMBL1120985,Antagonist activity at Gal4-fused mineralocorticoid receptor expressed in human HuH7 cells assessed as inhibition of aldosterone-induced receptor activation by luciferase reporter gene assay;Antagonist activity at Gal4-fused mineralocorticoid receptor expressed in human HuH7 cells assessed as inhibition of aldosterone-induced receptor activation by luciferase reporter gene assay,3285845;3285855,F;F,IC50;IC50,8;8,=;=,Homo sapiens;Homo sapiens,CHEMBL1094798;CHEMBL1096306,CHEMBL1157753;CHEMBL1157753,None;None,Huh-7;Huh-7,Homologous protein target assigned;Homologous protein target assigned,None;None,None;None,None;None,False;False,-1;-1,False;False,True,6.01,0.4599999999999999,6.01,0.4599999999999999,2.0,NR3C2_IC50Ki_768,6.01,True
CHEMBL1994,CC(=O)C1CCC2C3CCC4=CC(=O)CCC4(C)C3C(N=[N+]=[N-])CC12C,CC(=O)[C@H]1CC[C@H]2[C@@H]3CCC4=CC(=O)CC[C@]4(C)[C@H]3[C@@H](N=[N+]=[N-])C[C@]12C,5.460000038146973,CHEMBL2446788,Antagonist activity at human recombinant mineralocorticoid receptor expressed in HEK-293 cells after 24 hrs assessed as inhibition of aldosterone-induced receptor activity by luciferase reporter gene assay,13504969,B,IC50,9,=,Homo sapiens,CHEMBL2440895,CHEMBL2440032,,HEK293,Direct protein target assigned,,,,False,-1,False,False,,,5.460000038146973,,,NR3C2_IC50Ki_390,5.460000038146973,True
CHEMBL1994,CCC(CC)(c1ccc(Cl)cc1)n1ncc2c(NS(C)(=O)=O)cccc21,CCC(CC)(c1ccc(Cl)cc1)n1ncc2c(NS(C)(=O)=O)cccc21,6.940000057220459,CHEMBL4342250,Antagonist activity at mineralocorticoid receptor (unknown origin),18995771,B,IC50,9,=,Homo sapiens,CHEMBL4435726,CHEMBL4340566,,,Direct protein target assigned,,,,False,-1,False,False,,,6.940000057220459,,,NR3C2_IC50Ki_657,6.940000057220459,True
CHEMBL1994,CC(C)CC(NC(=O)C(CC(C)C)NC(=O)C(CC(C)C)NC(=O)C(CCCCN)NC(=O)C(CCCCN)NC(=O)C(CC(C)C)NC(=O)C(CC(C)C)NC(=O)C(CO)NC(=O)C1CCCN1C(=O)C(CCC(=O)O)NC(=O)C(CCC(=O)O)NC(=O)C(C)N)C(=O)NC(C)C(=O)N1CCCC1C(=O)NC(C)C(=O)O,CC(C)C[C@H](NC(=O)[C@H](CC(C)C)NC(=O)[C@H](CC(C)C)NC(=O)[C@H](CCCCN)NC(=O)[C@H](CCCCN)NC(=O)[C@H](CC(C)C)NC(=O)[C@H](CC(C)C)NC(=O)[C@H](CO)NC(=O)[C@@H]1CCCN1C(=O)[C@H](CCC(=O)O)NC(=O)[C@H](CCC(=O)O)NC(=O)[C@H](C)N)C(=O)N[C@@H](C)C(=O)N1CCC[C@H]1C(=O)N[C@@H](C)C(=O)O,6.050000190734863,CHEMBL4008045,Binding affinity to N-terminal 6His-GST-tagged human MR LBD (727 to 984 residues) harboring C808S mutation expressed in Escherichia coli BL21DE3/corticosterone complex by AlphaScreen assay,18033426,B,IC50,9,=,Homo sapiens,CHEMBL4077949,CHEMBL4007392,,,Direct protein target assigned,C808S,,,False,-1,False,False,,,6.050000190734863,,,NR3C2_IC50Ki_644,6.050000190734863,True
CHEMBL1994,C#CC1(O)CCC2C3CCC4=CC(=O)CCC4=C3C(c3ccc(N(C)CCNC(=O)N(C)C4CCC5(C)C(CC(O)C6C5CC(O)C5(C)C(C(C)CCC(=O)O)CCC65)C4)cc3)CC21C,C#C[C@]1(O)CC[C@H]2[C@@H]3CCC4=CC(=O)CCC4=C3[C@@H](c3ccc(N(C)CCNC(=O)N(C)C4CC[C@@]5(C)[C@@H](C4)C[C@@H](O)[C@@H]4[C@@H]5C[C@H](O)[C@]5(C)[C@@H]([C@H](C)CCC(=O)O)CC[C@@H]45)cc3)C[C@@]21C,6.070000171661377,CHEMBL839923,Inhibition of human Mineralocorticoid receptor,1463373,B,Ki,9,=,Homo sapiens,CHEMBL384975,CHEMBL1138676,,,Direct protein target assigned,,,,False,-1,False,False,,,6.070000171661377,,,NR3C2_IC50Ki_063,6.070000171661377,True
CHEMBL1994,NC(=O)Nc1cc(-c2ccnn2-c2ccccc2F)ccn1,NC(=O)Nc1cc(-c2ccnn2-c2ccccc2F)ccn1,6.519999980926514,CHEMBL3705363,"Competitive Molecular Binding Assay: The MR competitive binding assay is based on the binding and displacement of a TAMRA-labeled Dexamethasone probe with fluorescence polarization (FP) detection. The assay is performed in 384-well, low volume NBS black plates (Corning #3676) in assay buffer consisting of 10 mM TES, pH 7.4, 50 mM KCl, 20 mM Sodium molybdate, 1.5 mM EDTA, 0.04% CHAPS, 10% Glycerol and 1 mM DTT. Full Length human mineralocorticoid receptor (hMR) present in a baculovirus infected insect cell lysate is diluted 2 fold in assay buffer and 10 μL of this dilution is added to the assay plate. Blank wells receive 10 μL of the diluted MR lysate containing 3 μM Dexamethasone. 2 μL diluted test compound is transferred to the assay plate for a final starting top concentration of 10 μM in 1% DMSO. The reaction is started by adding 3 μL of 25 nM probe in assay buffer for a final assay concentration of 5 nM.",17633064,B,IC50,9,=,Homo sapiens,CHEMBL3643664,CHEMBL3638806,,,Direct protein target assigned,,,,False,-1,False,False,,,6.519999980926514,,,NR3C2_IC50Ki_569,6.519999980926514,True
CHEMBL1994,COc1ccc(F)cc1C(C)(C)CC(O)(Cc1c(Cl)cccc1Cl)C(F)(F)F,COc1ccc(F)cc1C(C)(C)CC(O)(Cc1c(Cl)cccc1Cl)C(F)(F)F,5.960000038146973,CHEMBL899207,Displacement of TAMRA labeled mifepristone at human mineralocorticoid receptor in insect cell,1981499,B,IC50,9,=,Homo sapiens,CHEMBL235688,CHEMBL1149697,,,Direct protein target assigned,,,,False,-1,False,False,,,5.960000038146973,,,NR3C2_IC50Ki_136,5.960000038146973,True
CHEMBL1994,CC(c1ccccc1)N1C(=O)OC(Cc2ccccc2)(C(=O)NCc2cccc3cnccc23)C1=O,C[C@H](c1ccccc1)N1C(=O)O[C@](Cc2ccccc2)(C(=O)NCc2cccc3cnccc23)C1=O,5.519999980926514,CHEMBL2411354,Antagonist activity at human mineralocorticoid receptor assessed as inhibition of binding to coactivator peptide by NH Pro assay,13393518,B,IC50,9,=,Homo sapiens,CHEMBL2407864,CHEMBL2407028,,,Direct protein target assigned,,,,False,-1,False,False,,,5.519999980926514,,,NR3C2_IC50Ki_346,5.519999980926514,True
CHEMBL1994,C#CC1(O)CCC2C3CCC4=CC(=O)CCC4=C3C(c3ccc(N(C)CCCOC4CCC5(C)C(C4)CC(O)C4C5CC(O)C5(C)C(C(C)CCC(=O)O)CCC45)cc3)CC21C,C#C[C@]1(O)CC[C@H]2[C@@H]3CCC4=CC(=O)CCC4=C3[C@@H](c3ccc(N(C)CCCOC4CC[C@@]5(C)[C@@H](C4)C[C@@H](O)[C@@H]4[C@@H]5C[C@H](O)[C@]5(C)[C@@H]([C@H](C)CCC(=O)O)CC[C@@H]45)cc3)C[C@@]21C,7.099999904632568,CHEMBL839923,Inhibition of human Mineralocorticoid receptor,1463500,B,Ki,9,=,Homo sapiens,CHEMBL415621,CHEMBL1138676,,,Direct protein target assigned,,,,False,-1,False,False,,,7.099999904632568,,,NR3C2_IC50Ki_065,7.099999904632568,True
CHEMBL1994,COc1ccc(F)cc1C(C)(C)CC(O)(Cc1cc2ccc(C(F)(F)F)cc2[nH]1)C(F)(F)F,COc1ccc(F)cc1C(C)(C)CC(O)(Cc1cc2ccc(C(F)(F)F)cc2[nH]1)C(F)(F)F,6.039999961853027,CHEMBL1913332,Displacement of tetramethylrhodamine-labeled Dexamethasone from human recombinant mineralocorticoid receptor expressed in baculovirus infected insect cells by fluorescence polarization assay,7851768,B,IC50,9,=,Homo sapiens,CHEMBL1911653,CHEMBL1909618,,,Direct protein target assigned,,,,False,-1,False,False,,,6.039999961853027,,,NR3C2_IC50Ki_292,6.039999961853027,True
CHEMBL1994,COc1ccc(F)cc1C(C)(C)CC(O)(Cc1cc2ccncc2[nH]1)C(C)C,COc1ccc(F)cc1C(C)(C)CC(O)(Cc1cc2ccncc2[nH]1)C(C)C,6.0,CHEMBL3241425,Displacement of TAMRA-labeled dexamethasone from mineralocorticoid receptor (unknown origin) by fluorescence polarization assay,14566749,B,IC50,9,=,Homo sapiens,CHEMBL3233271,CHEMBL3232739,,,Direct protein target assigned,,,,False,-1,False,False,,,6.0,,,NR3C2_IC50Ki_481,6.0,True
CHEMBL1994,COC(=O)C1CC2=CC(=O)CCC2(C)C23OC2CC2(C)C(CCC24CCC(=O)O4)C13,COC(=O)[C@@H]1CC2=CC(=O)CC[C@]2(C)[C@@]23O[C@@H]2C[C@@]2(C)[C@@H](CC[C@@]24CCC(=O)O4)[C@H]13;COC(=O)[C@@H]1CC2=CC(=O)CC[C@]2(C)[C@@]23O[C@@H]2C[C@@]2(C)[C@@H](CC[C@@]24CCC(=O)O4)[C@H]13;COC(=O)[C@@H]1CC2=CC(=O)CC[C@]2(C)[C@@]23O[C@@H]2C[C@@]2(C)[C@@H](CC[C@@]24CCC(=O)O4)[C@H]13;COC(=O)[C@@H]1CC2=CC(=O)CC[C@]2(C)[C@@]23O[C@@H]2C[C@@]2(C)[C@@H](CC[C@@]24CCC(=O)O4)[C@H]13;COC(=O)[C@@H]1CC2=CC(=O)CC[C@]2(C)[C@@]23O[C@@H]2C[C@@]2(C)[C@@H](CC[C@@]24CCC(=O)O4)[C@H]13;COC(=O)[C@@H]1CC2=CC(=O)CC[C@]2(C)[C@@]23O[C@@H]2C[C@@]2(C)[C@@H](CC[C@@]24CCC(=O)O4)[C@H]13;COC(=O)[C@@H]1CC2=CC(=O)CC[C@]2(C)[C@@]23O[C@@H]2C[C@@]2(C)[C@@H](CC[C@@]24CCC(=O)O4)[C@H]13;COC(=O)[C@@H]1CC2=CC(=O)CC[C@]2(C)[C@@]23O[C@@H]2C[C@@]2(C)[C@@H](CC[C@@]24CCC(=O)O4)[C@H]13;COC(=O)[C@@H]1CC2=CC(=O)CC[C@]2(C)[C@@]23O[C@@H]2C[C@@]2(C)[C@@H](CC[C@@]24CCC(=O)O4)[C@H]13;COC(=O)[C@@H]1CC2=CC(=O)CC[C@]2(C)[C@@]23O[C@@H]2C[C@@]2(C)[C@@H](CC[C@@]24CCC(=O)O4)[C@H]13;COC(=O)[C@@H]1CC2=CC(=O)CC[C@]2(C)[C@@]23O[C@@H]2C[C@@]2(C)[C@@H](CC[C@@]24CCC(=O)O4)[C@H]13;COC(=O)[C@@H]1CC2=CC(=O)CC[C@]2(C)[C@@]23O[C@@H]2C[C@@]2(C)[C@@H](CC[C@@]24CCC(=O)O4)[C@H]13,6.870;6.910;5.580;5.890;6.620;6.610;6.900;6.100;6.400;7.200;6.650;6.750,CHEMBL1120985;CHEMBL1219573;CHEMBL1929756;CHEMBL1929764;CHEMBL2411354;CHEMBL3241715;CHEMBL4423290;CHEMBL4423293;CHEMBL4423298;CHEMBL4423302;CHEMBL5136122;CHEMBL5136136,Antagonist activity at Gal4-fused mineralocorticoid receptor expressed in human HuH7 cells assessed as inhibition of aldosterone-induced receptor activation by luciferase reporter gene assay;Antagonist activity at mineralocorticoid receptor LBD expressed in human HUH7 cells coexpressing GAL4 by luciferase reporter gene assay;Displacement of [3H]aldosterone from cytosolic human MR expressed in HEK293 cells after 16 hrs by scintillation counting;Antagonist activity at human MR transfected in human COS1 cells after 1 day by luciferase reporter gene assay;Antagonist activity at human mineralocorticoid receptor assessed as inhibition of binding to coactivator peptide by NH Pro assay;Antagonist activity at mineralocorticoid receptor (unknown origin) by PathHunter assay;Displacement of [3H]-aldosterone to human mineralocorticoid receptor LBD by radiometric binding assay;Antagonist activity at gal4-fused human mineralocorticoid receptor LBD expressed in UAS-MR-bla HEK293 cells by luciferase reporter gene assay;Antagonist activity at full length human mineralocorticoid receptor expressed in human U2OS cells by luciferase reporter gene assay;Modulation activity at human mineralocorticoid receptor in human EA.hy926 cells assessed as blocking of nuclear translocation of mineralocorticoid receptor in presence of aldosterone by receptor translocation assay;Displacement of [3H]-aldosterone from recombinant human mineralocorticoid receptor expressed in baculovirus infected insect cells incubated overnight by liquid scintillation counting analysis;Antagonist activity at human wild-type mineralocorticoid receptor expressed in CHO-K1 cells assessed as inhibition of aldosterone-induced transcriptional activity incubated for 24 hrs in presence of 1 nM aldosterone by Steady-Glo reagent based reporter gene assay,3285844;3403390;7970152;7970233;13393480;14566206;19363324;19363453;19363542;19363569;24808038;24808081,F;F;B;F;B;B;B;B;B;B;B;B,IC50;IC50;IC50;IC50;IC50;IC50;Ki;IC50;IC50;IC50;IC50;IC50,8;8;9;9;9;9;9;9;9;9;9;9,=;=;=;=;=;=;=;=;=;=;=;=,Homo sapiens;Homo sapiens;Homo sapiens;Homo sapiens;Homo sapiens;Homo sapiens;Homo sapiens;Homo sapiens;Homo sapiens;Homo sapiens;Homo sapiens;Homo sapiens,CHEMBL1095097;CHEMBL1095097;CHEMBL1095097;CHEMBL1095097;CHEMBL1095097;CHEMBL1095097;CHEMBL1095097;CHEMBL1095097;CHEMBL1095097;CHEMBL1095097;CHEMBL1095097;CHEMBL1095097,CHEMBL1157753;CHEMBL1212896;CHEMBL1926625;CHEMBL1926625;CHEMBL2407028;CHEMBL3232811;CHEMBL4422622;CHEMBL4422622;CHEMBL4422622;CHEMBL4422622;CHEMBL5131538;CHEMBL5131538,None;None;None;None;None;None;None;None;None;None;None;None,Huh-7;Huh-7;HEK293;COS-1;None;None;None;None;U2OS;None;None;CHO-K1,Homologous protein target assigned;Homologous protein target assigned;Direct protein target assigned;Direct protein target assigned;Direct protein target assigned;Direct protein target assigned;Direct protein target assigned;Direct protein target assigned;Direct protein target assigned;Direct protein target assigned;Direct protein target assigned;Direct protein target assigned,None;None;None;None;None;None;None;None;None;None;None;None,Antihypertensive; Aldosterone Antagonist;Antihypertensive; Aldosterone Antagonist;Antihypertensive; Aldosterone Antagonist;Antihypertensive; Aldosterone Antagonist;Antihypertensive; Aldosterone Antagonist;Antihypertensive; Aldosterone Antagonist;Antihypertensive; Aldosterone Antagonist;Antihypertensive; Aldosterone Antagonist;Antihypertensive; Aldosterone Antagonist;Antihypertensive; Aldosterone Antagonist;Antihypertensive; Aldosterone Antagonist;Antihypertensive; Aldosterone Antagonist,4.0;4.0;4.0;4.0;4.0;4.0;4.0;4.0;4.0;4.0;4.0;4.0,True;True;True;True;True;True;True;True;True;True;True;True,0;0;0;0;0;0;0;0;0;0;0;0,False;False;False;False;False;False;False;False;False;False;False;False,True,6.54,0.4505367169647036,6.635,0.2500000000000004,12.0,NR3C2_IC50Ki_710,6.635,True
CHEMBL1994,CC(C)(CC(O)(Cc1ccccc1)C(=O)Nc1ccc2c(c1)COC2=O)c1cc(F)ccc1O,CC(C)(CC(O)(Cc1ccccc1)C(=O)Nc1ccc2c(c1)COC2=O)c1cc(F)ccc1O,6.71999979019165,CHEMBL880258,Binding affinity towards mineralocorticoid receptor using fluorescence polarization competitive binding assay,1600998,B,IC50,9,=,Homo sapiens,CHEMBL196051,CHEMBL1143464,,,Direct protein target assigned,,,,False,-1,False,False,,,6.71999979019165,,,NR3C2_IC50Ki_078,6.71999979019165,True
CHEMBL1994,CC1(C)CN(c2ccc3c(n2)NC(=O)CO3)C(c2ccccc2)CO1,CC1(C)CN(c2ccc3c(n2)NC(=O)CO3)[C@H](c2ccccc2)CO1;CC1(C)CN(c2ccc3c(n2)NC(=O)CO3)[C@H](c2ccccc2)CO1,7.070;6.390,CHEMBL4028141;CHEMBL4028145,Displacement of [3H]-aldosterone from human GST-tagged MR ligand binding domain after 4 hrs by liquid scintillation counting;Antagonist activity at human GAL4-DBD fused MR ligand binding domain transfected in human Huh7 cells co-expressing GAL4-RE-Luc assessed as reduction in aldosterone-induced luciferase activity after 16 hrs in presence of serum by luciferase reporter gene assay,18126813;18126798,B;B,IC50;IC50,9;9,=;=,Homo sapiens;Homo sapiens,CHEMBL4082524;CHEMBL4082524,CHEMBL4024791;CHEMBL4024791,None;None,None;None,Direct protein target assigned;Direct protein target assigned,None;None,None;None,None;None,False;False,-1;-1,False;False,True,6.73,0.3400000000000003,6.73,0.3400000000000003,2.0,NR3C2_IC50Ki_794,6.73,True
CHEMBL1994,COc1ccc(F)cc1C(C)(C)CC(O)(Cc1cc2cccc(F)c2[nH]1)C(F)(F)F,COc1ccc(F)cc1C(C)(C)CC(O)(Cc1cc2cccc(F)c2[nH]1)C(F)(F)F,6.360000133514404,CHEMBL1913332,Displacement of tetramethylrhodamine-labeled Dexamethasone from human recombinant mineralocorticoid receptor expressed in baculovirus infected insect cells by fluorescence polarization assay,7851753,B,IC50,9,=,Homo sapiens,CHEMBL1911544,CHEMBL1909618,,,Direct protein target assigned,,,,False,-1,False,False,,,6.360000133514404,,,NR3C2_IC50Ki_281,6.360000133514404,True
CHEMBL1994,COc1ccc(CCc2ccnc(NC(N)=O)c2)cc1,COc1ccc(CCc2ccnc(NC(N)=O)c2)cc1,6.800000190734863,CHEMBL3705363,"Competitive Molecular Binding Assay: The MR competitive binding assay is based on the binding and displacement of a TAMRA-labeled Dexamethasone probe with fluorescence polarization (FP) detection. The assay is performed in 384-well, low volume NBS black plates (Corning #3676) in assay buffer consisting of 10 mM TES, pH 7.4, 50 mM KCl, 20 mM Sodium molybdate, 1.5 mM EDTA, 0.04% CHAPS, 10% Glycerol and 1 mM DTT. Full Length human mineralocorticoid receptor (hMR) present in a baculovirus infected insect cell lysate is diluted 2 fold in assay buffer and 10 μL of this dilution is added to the assay plate. Blank wells receive 10 μL of the diluted MR lysate containing 3 μM Dexamethasone. 2 μL diluted test compound is transferred to the assay plate for a final starting top concentration of 10 μM in 1% DMSO. The reaction is started by adding 3 μL of 25 nM probe in assay buffer for a final assay concentration of 5 nM.",17633090,B,IC50,9,=,Homo sapiens,CHEMBL3643688,CHEMBL3638806,,,Direct protein target assigned,,,,False,-1,False,False,,,6.800000190734863,,,NR3C2_IC50Ki_590,6.800000190734863,True
CHEMBL1994,NC(=O)Nc1cc(-c2cc(C(F)(F)F)nn2-c2ccc(F)cc2)ccn1,NC(=O)Nc1cc(-c2cc(C(F)(F)F)nn2-c2ccc(F)cc2)ccn1,7.329999923706055,CHEMBL3705363,"Competitive Molecular Binding Assay: The MR competitive binding assay is based on the binding and displacement of a TAMRA-labeled Dexamethasone probe with fluorescence polarization (FP) detection. The assay is performed in 384-well, low volume NBS black plates (Corning #3676) in assay buffer consisting of 10 mM TES, pH 7.4, 50 mM KCl, 20 mM Sodium molybdate, 1.5 mM EDTA, 0.04% CHAPS, 10% Glycerol and 1 mM DTT. Full Length human mineralocorticoid receptor (hMR) present in a baculovirus infected insect cell lysate is diluted 2 fold in assay buffer and 10 μL of this dilution is added to the assay plate. Blank wells receive 10 μL of the diluted MR lysate containing 3 μM Dexamethasone. 2 μL diluted test compound is transferred to the assay plate for a final starting top concentration of 10 μM in 1% DMSO. The reaction is started by adding 3 μL of 25 nM probe in assay buffer for a final assay concentration of 5 nM.",17633045,B,IC50,9,=,Homo sapiens,CHEMBL3643645,CHEMBL3638806,,,Direct protein target assigned,,,,False,-1,False,False,,,7.329999923706055,,,NR3C2_IC50Ki_552,7.329999923706055,True
CHEMBL1994,CCCC1Sc2nncn2N=C1c1ccc2c(c1)NC(=O)CO2,CCCC1Sc2nncn2N=C1c1ccc2c(c1)NC(=O)CO2,5.389999866485596,CHEMBL1929756,Displacement of [3H]aldosterone from cytosolic human MR expressed in HEK293 cells after 16 hrs by scintillation counting,7969230,B,IC50,9,=,Homo sapiens,CHEMBL1928870,CHEMBL1926625,,HEK293,Direct protein target assigned,,,,False,-1,False,False,,,5.389999866485596,,,NR3C2_IC50Ki_302,5.389999866485596,True
CHEMBL1994,CC(c1ccc(F)cc1)N1C(=O)OC(Cc2ccccc2)(c2nc3ccccc3[nH]2)C1=O,C[C@H](c1ccc(F)cc1)N1C(=O)O[C@](Cc2ccccc2)(c2nc3ccccc3[nH]2)C1=O,6.71999979019165,CHEMBL3578998,Antagonist activity at human mineralocorticoid receptor overexpressed in CHOK1 cells assessed as inhibition of aldosterone-induced protein interaction with coactivator peptide after 6 hrs by luminescence assay,15601458,B,IC50,9,=,Homo sapiens,CHEMBL3578272,CHEMBL3576820,,CHO-K1,Direct protein target assigned,,,,False,-1,False,False,,,6.71999979019165,,,NR3C2_IC50Ki_536,6.71999979019165,True
CHEMBL1994,CCC(Cn1cc(C#N)c2ccccc21)NS(=O)(=O)c1c(N)cc(Cl)cc1Cl,CC[C@@H](Cn1cc(C#N)c2ccccc21)NS(=O)(=O)c1c(N)cc(Cl)cc1Cl,6.480000019073486,CHEMBL3096917,Binding affinity to mineralocorticoid receptor (unknown origin) by fluorescence polarization competitive binding assay,13845352,B,IC50,9,=,Homo sapiens,CHEMBL3093463,CHEMBL3091451,,,Direct protein target assigned,,,,False,-1,False,False,,,6.480000019073486,,,NR3C2_IC50Ki_411,6.480000019073486,True
CHEMBL1994,CC1(F)OC(=O)C(c2ccc(F)cc2)=C1c1ccc2c(c1)NC(=O)CO2,CC1(F)OC(=O)C(c2ccc(F)cc2)=C1c1ccc2c(c1)NC(=O)CO2,6.260000228881836,CHEMBL2423838,Displacement of [3H]-Aldosterone from human MR expressed in 293 cells after 16 hrs by scintillation counting,13416312,B,IC50,9,=,Homo sapiens,CHEMBL2419307,CHEMBL2417412,,HEK293,Direct protein target assigned,,,,False,-1,False,False,,,6.260000228881836,,,NR3C2_IC50Ki_383,6.260000228881836,True
CHEMBL1994,CC(c1ccc(F)cc1)N1C(=O)OC(Cc2ccccc2)(c2nc3cc(-c4cccnc4Cl)ccc3[nH]2)C1=O,C[C@H](c1ccc(F)cc1)N1C(=O)O[C@](Cc2ccccc2)(c2nc3cc(-c4cccnc4Cl)ccc3[nH]2)C1=O,7.190000057220459,CHEMBL3578998,Antagonist activity at human mineralocorticoid receptor overexpressed in CHOK1 cells assessed as inhibition of aldosterone-induced protein interaction with coactivator peptide after 6 hrs by luminescence assay,15601440,B,IC50,9,=,Homo sapiens,CHEMBL3578289,CHEMBL3576820,,CHO-K1,Direct protein target assigned,,,,False,-1,False,False,,,7.190000057220459,,,NR3C2_IC50Ki_518,7.190000057220459,True
CHEMBL1994,CC1CCc2ccccc2N1C(=O)c1ccc2c(c1)NC(=O)CO2,CC1CCc2ccccc2N1C(=O)c1ccc2c(c1)NC(=O)CO2;CC1CCc2ccccc2N1C(=O)c1ccc2c(c1)NC(=O)CO2,6.100;5.800,CHEMBL4423290;CHEMBL4423293,Displacement of [3H]-aldosterone to human mineralocorticoid receptor LBD by radiometric binding assay;Antagonist activity at gal4-fused human mineralocorticoid receptor LBD expressed in UAS-MR-bla HEK293 cells by luciferase reporter gene assay,19363323;19363454,B;B,Ki;IC50,9;9,=;=,Homo sapiens;Homo sapiens,CHEMBL4474881;CHEMBL4474881,CHEMBL4422622;CHEMBL4422622,None;None,None;None,Direct protein target assigned;Direct protein target assigned,None;None,None;None,None;None,False;False,-1;-1,False;False,True,5.949999999999999,0.1499999999999999,5.949999999999999,0.1499999999999999,2.0,NR3C2_IC50Ki_773,5.949999999999999,True
CHEMBL1994,CCCC1=C(C(=O)OC)C(c2ccccc2Cl)C(C#N)=C(C)N1,CCCC1=C(C(=O)OC)C(c2ccccc2Cl)C(C#N)=C(C)N1,7.190000057220459,CHEMBL1219573,Antagonist activity at mineralocorticoid receptor LBD expressed in human HUH7 cells coexpressing GAL4 by luciferase reporter gene assay,3403421,F,IC50,8,=,Homo sapiens,CHEMBL1215406,CHEMBL1212896,,Huh-7,Homologous protein target assigned,,,,False,-1,False,False,,,7.190000057220459,,,NR3C2_IC50Ki_192,7.190000057220459,True
CHEMBL1994,CC(C)(Cc1c[nH]c2ccccc12)NS(=O)(=O)c1c(N)cc(Cl)cc1Cl,CC(C)(Cc1c[nH]c2ccccc12)NS(=O)(=O)c1c(N)cc(Cl)cc1Cl,6.329999923706055,CHEMBL3096917,Binding affinity to mineralocorticoid receptor (unknown origin) by fluorescence polarization competitive binding assay,13845348,B,IC50,9,=,Homo sapiens,CHEMBL3093444,CHEMBL3091451,,,Direct protein target assigned,,,,False,-1,False,False,,,6.329999923706055,,,NR3C2_IC50Ki_409,6.329999923706055,True
CHEMBL1994,CC1(C)CCCC2(C)c3cc4c(C(F)(F)F)cc(O)nc4cc3NC12,CC1(C)CCC[C@]2(C)c3cc4c(C(F)(F)F)cc(O)nc4cc3N[C@H]12,6.239999771118164,CHEMBL728560,Antagonistic activity against hMR in co-transfected CV-1 cell,292006,F,IC50,8,=,Homo sapiens,CHEMBL423620,CHEMBL1130772,,CV-1,Homologous protein target assigned,,,,False,-1,False,False,,,6.239999771118164,,,NR3C2_IC50Ki_049,6.239999771118164,True
CHEMBL1994,CC(c1ccccc1)N1C(=O)OC(Cc2ccccc2)(C(=O)NCc2cccc(Cl)c2)C1=O,C[C@H](c1ccccc1)N1C(=O)O[C@](Cc2ccccc2)(C(=O)NCc2cccc(Cl)c2)C1=O,6.550000190734863,CHEMBL2411354,Antagonist activity at human mineralocorticoid receptor assessed as inhibition of binding to coactivator peptide by NH Pro assay,13393547,B,IC50,9,=,Homo sapiens,CHEMBL2407670,CHEMBL2407028,,,Direct protein target assigned,,,,False,-1,False,False,,,6.550000190734863,,,NR3C2_IC50Ki_367,6.550000190734863,True
CHEMBL1994,Cc1c(C(=O)Nc2ccc(S(C)(=O)=O)cc2)cc(CC(C)O)n1-c1ccc(Cl)cc1-c1ccc(F)cc1,Cc1c(C(=O)Nc2ccc(S(C)(=O)=O)cc2)cc(C[C@H](C)O)n1-c1ccc(Cl)cc1-c1ccc(F)cc1;Cc1c(C(=O)Nc2ccc(S(C)(=O)=O)cc2)cc(C[C@H](C)O)n1-c1ccc(Cl)cc1-c1ccc(F)cc1,8.920;8.570,CHEMBL4008019;CHEMBL4008019,Antagonist activity at Gal4-fused human MR LBD (671 to 984 residues) expressed in African Green Monkey CV-1 cells assessed as inhibition of aldosterone-induced transactivation activity after 20 hrs by luciferase reporter gene assay;Antagonist activity at Gal4-fused human MR LBD (671 to 984 residues) expressed in African Green Monkey CV-1 cells assessed as inhibition of aldosterone-induced transactivation activity after 20 hrs by luciferase reporter gene assay,18033323;18033329,B;B,IC50;IC50,9;9,=;=,Homo sapiens;Homo sapiens,CHEMBL4087205;CHEMBL4087205,CHEMBL4007392;CHEMBL4007392,None;None,None;None,Direct protein target assigned;Direct protein target assigned,None;None,None;None,None;None,False;False,-1;-1,False;False,True,8.745000000000001,0.1749999999999998,8.745000000000001,0.1749999999999998,2.0,NR3C2_IC50Ki_823,8.745000000000001,True
CHEMBL1994,O=C(O)c1ccc(N2N=C(c3ccc4[nH]c(=O)oc4c3)CC2c2ccc(F)cc2)cc1,O=C(O)c1ccc(N2N=C(c3ccc4[nH]c(=O)oc4c3)CC2c2ccc(F)cc2)cc1,6.110000133514404,CHEMBL1219662,Antagonist activity at Gal4-tagged mineralocorticoid receptor expressed in human Huh7 cells by luciferase reporter gene assay,3403536,F,IC50,8,=,Homo sapiens,CHEMBL1215757,CHEMBL1212897,,Huh-7,Homologous protein target assigned,,,,False,-1,False,False,,,6.110000133514404,,,NR3C2_IC50Ki_209,6.110000133514404,True
CHEMBL1994,COc1ccc(F)cc1C(C)(C)CC(O)(Cc1cc2ccc(C)cc2[nH]1)C(F)(F)F,COc1ccc(F)cc1C(C)(C)CC(O)(Cc1cc2ccc(C)cc2[nH]1)C(F)(F)F,6.139999866485596,CHEMBL1913332,Displacement of tetramethylrhodamine-labeled Dexamethasone from human recombinant mineralocorticoid receptor expressed in baculovirus infected insect cells by fluorescence polarization assay,7851767,B,IC50,9,=,Homo sapiens,CHEMBL1911652,CHEMBL1909618,,,Direct protein target assigned,,,,False,-1,False,False,,,6.139999866485596,,,NR3C2_IC50Ki_291,6.139999866485596,True
CHEMBL1994,Cc1ccc(C(O)Cc2ccnc(NC(N)=O)c2)cc1,Cc1ccc(C(O)Cc2ccnc(NC(N)=O)c2)cc1,5.150000095367432,CHEMBL3705363,"Competitive Molecular Binding Assay: The MR competitive binding assay is based on the binding and displacement of a TAMRA-labeled Dexamethasone probe with fluorescence polarization (FP) detection. The assay is performed in 384-well, low volume NBS black plates (Corning #3676) in assay buffer consisting of 10 mM TES, pH 7.4, 50 mM KCl, 20 mM Sodium molybdate, 1.5 mM EDTA, 0.04% CHAPS, 10% Glycerol and 1 mM DTT. Full Length human mineralocorticoid receptor (hMR) present in a baculovirus infected insect cell lysate is diluted 2 fold in assay buffer and 10 μL of this dilution is added to the assay plate. Blank wells receive 10 μL of the diluted MR lysate containing 3 μM Dexamethasone. 2 μL diluted test compound is transferred to the assay plate for a final starting top concentration of 10 μM in 1% DMSO. The reaction is started by adding 3 μL of 25 nM probe in assay buffer for a final assay concentration of 5 nM.",17633073,B,IC50,9,=,Homo sapiens,CHEMBL3643671,CHEMBL3638806,,,Direct protein target assigned,,,,False,-1,False,False,,,5.150000095367432,,,NR3C2_IC50Ki_576,5.150000095367432,True
CHEMBL1994,CS(=O)(=O)Nc1ccc(N(Cc2ccccc2)c2ccccc2)cc1,CS(=O)(=O)Nc1ccc(N(Cc2ccccc2)c2ccccc2)cc1,6.829999923706055,CHEMBL5136122,Displacement of [3H]-aldosterone from recombinant human mineralocorticoid receptor expressed in baculovirus infected insect cells incubated overnight by liquid scintillation counting analysis,24808028,B,Ki,9,=,Homo sapiens,CHEMBL5181002,CHEMBL5131538,,,Direct protein target assigned,,,,False,-1,False,False,,,6.829999923706055,,,NR3C2_IC50Ki_694,6.829999923706055,True
CHEMBL1994,NC(=O)Nc1cc(CCc2ccccc2C(F)(F)F)ccn1,NC(=O)Nc1cc(CCc2ccccc2C(F)(F)F)ccn1,7.889999866485596,CHEMBL3705363,"Competitive Molecular Binding Assay: The MR competitive binding assay is based on the binding and displacement of a TAMRA-labeled Dexamethasone probe with fluorescence polarization (FP) detection. The assay is performed in 384-well, low volume NBS black plates (Corning #3676) in assay buffer consisting of 10 mM TES, pH 7.4, 50 mM KCl, 20 mM Sodium molybdate, 1.5 mM EDTA, 0.04% CHAPS, 10% Glycerol and 1 mM DTT. Full Length human mineralocorticoid receptor (hMR) present in a baculovirus infected insect cell lysate is diluted 2 fold in assay buffer and 10 μL of this dilution is added to the assay plate. Blank wells receive 10 μL of the diluted MR lysate containing 3 μM Dexamethasone. 2 μL diluted test compound is transferred to the assay plate for a final starting top concentration of 10 μM in 1% DMSO. The reaction is started by adding 3 μL of 25 nM probe in assay buffer for a final assay concentration of 5 nM.",17633088,B,IC50,9,=,Homo sapiens,CHEMBL3643686,CHEMBL3638806,,,Direct protein target assigned,,,,False,-1,False,False,,,7.889999866485596,,,NR3C2_IC50Ki_588,7.889999866485596,True
CHEMBL1994,CCC(c1ccc(C(F)(F)F)cc1)(C(C)O)n1ncc2c(NS(C)(=O)=O)cc(F)cc21,CC[C@@](c1ccc(C(F)(F)F)cc1)(C(C)O)n1ncc2c(NS(C)(=O)=O)cc(F)cc21;CC[C@@](c1ccc(C(F)(F)F)cc1)(C(C)O)n1ncc2c(NS(C)(=O)=O)cc(F)cc21,7.660;7.390,CHEMBL4342250;CHEMBL4342250,Antagonist activity at mineralocorticoid receptor (unknown origin);Antagonist activity at mineralocorticoid receptor (unknown origin),18995774;18995775,B;B,IC50;IC50,9;9,=;=,Homo sapiens;Homo sapiens,CHEMBL4473051;CHEMBL4473051,CHEMBL4340566;CHEMBL4340566,None;None,None;None,Direct protein target assigned;Direct protein target assigned,None;None,None;None,None;None,False;False,-1;-1,False;False,True,7.525,0.1350000000000002,7.525,0.1350000000000002,2.0,NR3C2_IC50Ki_874,7.525,True
CHEMBL1994,CC1CN(c2ccc3c(c2)NC(=O)CO3)C(c2ccccc2F)CO1,C[C@@H]1CN(c2ccc3c(c2)NC(=O)CO3)[C@H](c2ccccc2F)CO1,7.480000019073486,CHEMBL4008037,Antagonist activity at Gal4-fused MR LBD (unknown origin) expressed in human Huh7 cells assessed as inhibition of aldosterone-induced transcriptional activity after 3 hrs by luciferase reporter gene assay,18033390,B,IC50,9,=,Homo sapiens,CHEMBL4091401,CHEMBL4007392,,,Direct protein target assigned,,,,False,-1,False,False,,,7.480000019073486,,,NR3C2_IC50Ki_628,7.480000019073486,True
CHEMBL1994,CC(c1ccccc1)N1C(=O)OC(Cc2ccccc2)(C(=O)NCCc2ccncc2)C1=O,C[C@H](c1ccccc1)N1C(=O)O[C@](Cc2ccccc2)(C(=O)NCCc2ccncc2)C1=O,5.400000095367432,CHEMBL2411354,Antagonist activity at human mineralocorticoid receptor assessed as inhibition of binding to coactivator peptide by NH Pro assay,13393516,B,IC50,9,=,Homo sapiens,CHEMBL2407866,CHEMBL2407028,,,Direct protein target assigned,,,,False,-1,False,False,,,5.400000095367432,,,NR3C2_IC50Ki_344,5.400000095367432,True
CHEMBL1994,Cc1cc(C#N)sc1-c1ccc2c(c1)C(C)(C)C(=O)C(C)(C)N2,Cc1cc(C#N)sc1-c1ccc2c(c1)C(C)(C)C(=O)C(C)(C)N2,5.679999828338623,CHEMBL729174,Cross-reactivity as binding to human mineralocorticoid receptor (hMR),288576,F,IC50,9,=,Homo sapiens,CHEMBL132889,CHEMBL1133403,,,Direct protein target assigned,,,,False,-1,False,False,,,5.679999828338623,,,NR3C2_IC50Ki_033,5.679999828338623,True
CHEMBL1994,CC1=CC(C)(C)Nc2ccc(-c3csc(C#N)c3)cc21,CC1=CC(C)(C)Nc2ccc(-c3csc(C#N)c3)cc21,5.690000057220459,CHEMBL729174,Cross-reactivity as binding to human mineralocorticoid receptor (hMR),265341,F,IC50,9,=,Homo sapiens,CHEMBL335992,CHEMBL1133403,,,Direct protein target assigned,,,,False,-1,False,False,,,5.690000057220459,,,NR3C2_IC50Ki_031,5.690000057220459,True
CHEMBL1994,O=C1COc2ccc(N(Cc3cccnc3)c3ccc(F)cc3)cc2N1,O=C1COc2ccc(N(Cc3cccnc3)c3ccc(F)cc3)cc2N1;O=C1COc2ccc(N(Cc3cccnc3)c3ccc(F)cc3)cc2N1,5.820;5.840,CHEMBL3776776;CHEMBL3776777,Antagonist activity against 6xHis-MBP-fused human MR LBD domain (732 to 984 amino acid residues) C808S mutant expressed in Escherichia coli BL21(DE3) assessed as inhibition of aldosterone-mediated receptor activation after 16 hrs by luciferase assay;Displacement of 3H-Cortisol from 6xHis-MBP-fused human MR LBD domain (732 to 984 amino acid residues) C808S mutant expressed in Escherichia coli BL21(DE3) preincubated for 1 hr measured after 30 mins by microbeta plate reader analysis,16506595;16506560,B;B,IC50;Ki,9;9,=;=,Homo sapiens;Homo sapiens,CHEMBL3774700;CHEMBL3774700,CHEMBL3774336;CHEMBL3774336,None;None,None;None,Direct protein target assigned;Direct protein target assigned,C808S;C808S,None;None,None;None,False;False,-1;-1,False;False,True,5.83,0.0099999999999997,5.83,0.0099999999999997,2.0,NR3C2_IC50Ki_723,5.83,True
CHEMBL1994,OC1CCc2c(C=C3c4ccccc4COc4cc(F)ccc43)cccc21,OC1CCc2c(/C=C3\c4ccccc4COc4cc(F)ccc43)cccc21;OC1CCc2c(/C=C3\c4ccccc4COc4cc(F)ccc43)cccc21,6.500;7.850,CHEMBL3776776;CHEMBL3776777,Antagonist activity against 6xHis-MBP-fused human MR LBD domain (732 to 984 amino acid residues) C808S mutant expressed in Escherichia coli BL21(DE3) assessed as inhibition of aldosterone-mediated receptor activation after 16 hrs by luciferase assay;Displacement of 3H-Cortisol from 6xHis-MBP-fused human MR LBD domain (732 to 984 amino acid residues) C808S mutant expressed in Escherichia coli BL21(DE3) preincubated for 1 hr measured after 30 mins by microbeta plate reader analysis,16506606;16506573,B;B,IC50;Ki,9;9,=;=,Homo sapiens;Homo sapiens,CHEMBL3775383;CHEMBL3775383,CHEMBL3774336;CHEMBL3774336,None;None,None;None,Direct protein target assigned;Direct protein target assigned,C808S;C808S,None;None,None;None,False;False,-1;-1,False;False,True,7.175,0.6749999999999998,7.175,0.6749999999999998,2.0,NR3C2_IC50Ki_713,7.175,True
CHEMBL1994,CNC(=O)c1ccc(C2=NN(c3ccc(C#N)c(C)c3)C(C3CCCC3)C2)nc1OC,CNC(=O)c1ccc(C2=NN(c3ccc(C#N)c(C)c3)[C@@H](C3CCCC3)C2)nc1OC,7.75,CHEMBL3265996,Antagonist activity at mineralocorticoid receptor (unknown origin) by Gal4-based cellular assay,14658177,B,IC50,9,=,Homo sapiens,CHEMBL3263761,CHEMBL3259597,,,Direct protein target assigned,,,,False,-1,False,False,,,7.75,,,NR3C2_IC50Ki_497,7.75,True
CHEMBL1994,CCOC(=O)c1ccc(N2N=C(c3ccc(C(=O)O)cc3)CC2c2ccc(F)cc2)cc1,CCOC(=O)c1ccc(N2N=C(c3ccc(C(=O)O)cc3)CC2c2ccc(F)cc2)cc1,6.75,CHEMBL1219662,Antagonist activity at Gal4-tagged mineralocorticoid receptor expressed in human Huh7 cells by luciferase reporter gene assay,3403541,F,IC50,8,=,Homo sapiens,CHEMBL1214688,CHEMBL1212897,,Huh-7,Homologous protein target assigned,,,,False,-1,False,False,,,6.75,,,NR3C2_IC50Ki_211,6.75,True
CHEMBL1994,CC(Cc1c[nH]c2ccccc12)NS(=O)(=O)c1c(Cl)cc(Cl)cc1Cl,CC(Cc1c[nH]c2ccccc12)NS(=O)(=O)c1c(Cl)cc(Cl)cc1Cl,6.889999866485596,CHEMBL890123,Inhibition of human MR,1959085,B,IC50,9,=,Homo sapiens,CHEMBL396029,CHEMBL1146304,,,Direct protein target assigned,,,,False,-1,False,False,,,6.889999866485596,,,NR3C2_IC50Ki_109,6.889999866485596,True
CHEMBL1994,CC(C)(C)c1ccc(CC(O)(CC(C)(C)c2ccccc2)C(=O)Nc2ccc3c(c2)COC3=O)cc1,CC(C)(C)c1ccc(CC(O)(CC(C)(C)c2ccccc2)C(=O)Nc2ccc3c(c2)COC3=O)cc1,6.760000228881836,CHEMBL880258,Binding affinity towards mineralocorticoid receptor using fluorescence polarization competitive binding assay,1600970,B,IC50,9,=,Homo sapiens,CHEMBL196237,CHEMBL1143464,,,Direct protein target assigned,,,,False,-1,False,False,,,6.760000228881836,,,NR3C2_IC50Ki_077,6.760000228881836,True
CHEMBL1994,Cc1cc(-c2cn(C(C)C)c3cc(NS(C)(=O)=O)ccc23)ccc1C#N,Cc1cc(-c2cn(C(C)C)c3cc(NS(C)(=O)=O)ccc23)ccc1C#N,6.900000095367432,CHEMBL1680619,Displacement of [3H]methyltrienolone from human mineralocorticoid receptor expressed in HEK293 cells,5208995,B,Ki,9,=,Homo sapiens,CHEMBL1672541,CHEMBL1671834,,HEK293,Direct protein target assigned,,,,False,-1,False,False,,,6.900000095367432,,,NR3C2_IC50Ki_266,6.900000095367432,True
CHEMBL1994,COc1ccc(F)cc1C(C)(C)CC(O)(CNc1ccc2c(c1)COC2=O)Cc1ccccc1,COc1ccc(F)cc1C(C)(C)CC(O)(CNc1ccc2c(c1)COC2=O)Cc1ccccc1,6.710000038146973,CHEMBL880258,Binding affinity towards mineralocorticoid receptor using fluorescence polarization competitive binding assay,1601055,B,IC50,9,=,Homo sapiens,CHEMBL197100,CHEMBL1143464,,,Direct protein target assigned,,,,False,-1,False,False,,,6.710000038146973,,,NR3C2_IC50Ki_082,6.710000038146973,True
CHEMBL1994,O=C1COc2ccc(C3=Nn4cnnc4SC3c3ccccc3F)cc2N1,O=C1COc2ccc(C3=Nn4cnnc4SC3c3ccccc3F)cc2N1,6.21999979019165,CHEMBL1929756,Displacement of [3H]aldosterone from cytosolic human MR expressed in HEK293 cells after 16 hrs by scintillation counting,7969234,B,IC50,9,=,Homo sapiens,CHEMBL1928874,CHEMBL1926625,,HEK293,Direct protein target assigned,,,,False,-1,False,False,,,6.21999979019165,,,NR3C2_IC50Ki_305,6.21999979019165,True
CHEMBL1994,CC(Cc1c[nH]c2ccccc12)NS(=O)(=O)c1c(N)cc(Cl)cc1Cl,CC(Cc1c[nH]c2ccccc12)NS(=O)(=O)c1c(N)cc(Cl)cc1Cl,6.289999961853027,CHEMBL3096917,Binding affinity to mineralocorticoid receptor (unknown origin) by fluorescence polarization competitive binding assay,13845347,B,IC50,9,=,Homo sapiens,CHEMBL3093440,CHEMBL3091451,,,Direct protein target assigned,,,,False,-1,False,False,,,6.289999961853027,,,NR3C2_IC50Ki_408,6.289999961853027,True
CHEMBL1994,CC12CCC3C4CCC(=O)C=C4CCC3C1CCC21C=CCO1,C[C@]12CC[C@H]3[C@@H](CCC4=CC(=O)CC[C@@H]43)[C@@H]1CC[C@@]21C=CCO1,7.510000228881836,CHEMBL3706043,"Receptor Binding Assay: Using cytosol from progesterone receptor-expressing insect cells (Hi5), competitive binding to the progesterone receptor was determined from the ability to displace 3H-progesterone as reference substance from the receptor. If a compound has an affinity corresponding to progesterone, this corresponds to a competition factor (CF) of 1. CF values greater than 1 are characterized by a lower affinity for the progesterone receptor, and CF values of less than 1 are characterized by higher affinity. The test was carried out as test above, with the following modifications: cytosol from mineralocorticoid receptor-expressing insect cells (Hi5) was used, and the reference substance was 3H-aldosterone.",17681968,B,IC50,9,=,Homo sapiens,CHEMBL3687970,CHEMBL3638672,,,Direct protein target assigned,,,,False,-1,False,False,,,7.510000228881836,,,NR3C2_IC50Ki_602,7.510000228881836,True
CHEMBL1994,N#CN=c1[nH]c2cc(C=C3c4ccc(F)cc4OCc4c(F)cccc43)ccc2n1C1CC2COCCN2C1,N#C/N=c1/[nH]c2cc(/C=C3/c4ccc(F)cc4OCc4c(F)cccc43)ccc2n1[C@H]1C[C@@H]2COCCN2C1,9.640000343322754,CHEMBL4008040,Displacement of [3H]-Aldosterone from MR overexpressed in human 293 cells measured after 2 hrs by Microbeta scintillation counting method,18033407,B,Ki,9,=,Homo sapiens,CHEMBL4086416,CHEMBL4007392,,,Direct protein target assigned,,,,False,-1,False,False,,,9.640000343322754,,,NR3C2_IC50Ki_634,9.640000343322754,True
CHEMBL1994,CC(C)(CC(O)(Cc1cc2ccccc2[nH]1)C(F)(F)F)c1cccc2c1OCC2,CC(C)(CC(O)(Cc1cc2ccccc2[nH]1)C(F)(F)F)c1cccc2c1OCC2,6.400000095367432,CHEMBL1913332,Displacement of tetramethylrhodamine-labeled Dexamethasone from human recombinant mineralocorticoid receptor expressed in baculovirus infected insect cells by fluorescence polarization assay,7851770,B,IC50,9,=,Homo sapiens,CHEMBL1911655,CHEMBL1909618,,,Direct protein target assigned,,,,False,-1,False,False,,,6.400000095367432,,,NR3C2_IC50Ki_294,6.400000095367432,True
CHEMBL1994,CC(c1ccc(F)cc1)N1C(=O)OC(Cc2ccccc2)(C(=O)Nc2ccccc2)C1=O,C[C@H](c1ccc(F)cc1)N1C(=O)O[C@](Cc2ccccc2)(C(=O)Nc2ccccc2)C1=O,6.570000171661377,CHEMBL2411354,Antagonist activity at human mineralocorticoid receptor assessed as inhibition of binding to coactivator peptide by NH Pro assay,13393539,B,IC50,9,=,Homo sapiens,CHEMBL2407678,CHEMBL2407028,,,Direct protein target assigned,,,,False,-1,False,False,,,6.570000171661377,,,NR3C2_IC50Ki_362,6.570000171661377,True
CHEMBL1994,CC1=CC(C)(C)Nc2ccc3c(c21)C(c1ccc(Br)cc1)Oc1ccccc1-3,CC1=CC(C)(C)Nc2ccc3c(c21)C(c1ccc(Br)cc1)Oc1ccccc1-3,6.010000228881836,CHEMBL729160,Antagonistic activity was determined in Human mineralocorticoid receptor(hMR) of CV-1 cells in cotransfection assay.,1188995,F,IC50,8,=,Homo sapiens,CHEMBL103232,CHEMBL1131454,,CV-1,Homologous protein target assigned,,,,False,-1,False,False,,,6.010000228881836,,,NR3C2_IC50Ki_005,6.010000228881836,True
CHEMBL1994,COc1cccc2c1-c1ccc3c(c1C(c1cccc(C(F)(F)F)c1)O2)C(C)=CC(C)(C)N3,COc1cccc2c1-c1ccc3c(c1C(c1cccc(C(F)(F)F)c1)O2)C(C)=CC(C)(C)N3,6.309999942779541,CHEMBL844554,Binding affinity for mineralocorticoid receptor,1049695,B,Ki,9,=,Homo sapiens,CHEMBL95644,CHEMBL1134574,,,Direct protein target assigned,,,,False,-1,False,False,,,6.309999942779541,,,NR3C2_IC50Ki_054,6.309999942779541,True
CHEMBL1994,O=C1Nc2cc(CN3c4ccccc4COc4cc(F)ccc43)ccc2C12CCNCC2,O=C1Nc2cc(CN3c4ccccc4COc4cc(F)ccc43)ccc2C12CCNCC2;O=C1Nc2cc(CN3c4ccccc4COc4cc(F)ccc43)ccc2C12CCNCC2,5.520;5.970,CHEMBL3776776;CHEMBL3776777,Antagonist activity against 6xHis-MBP-fused human MR LBD domain (732 to 984 amino acid residues) C808S mutant expressed in Escherichia coli BL21(DE3) assessed as inhibition of aldosterone-mediated receptor activation after 16 hrs by luciferase assay;Displacement of 3H-Cortisol from 6xHis-MBP-fused human MR LBD domain (732 to 984 amino acid residues) C808S mutant expressed in Escherichia coli BL21(DE3) preincubated for 1 hr measured after 30 mins by microbeta plate reader analysis,16506616;16506578,B;B,IC50;Ki,9;9,=;=,Homo sapiens;Homo sapiens,CHEMBL3775219;CHEMBL3775219,CHEMBL3774336;CHEMBL3774336,None;None,None;None,Direct protein target assigned;Direct protein target assigned,C808S;C808S,None;None,None;None,False;False,-1;-1,False;False,True,5.744999999999999,0.2250000000000001,5.744999999999999,0.2250000000000001,2.0,NR3C2_IC50Ki_781,5.744999999999999,True
CHEMBL1994,CCC(C(=O)NC)(c1ccc(Cl)cc1)n1ccc2c(NS(C)(=O)=O)cccc21,CC[C@](C(=O)NC)(c1ccc(Cl)cc1)n1ccc2c(NS(C)(=O)=O)cccc21,6.940000057220459,CHEMBL4717253,Antagonist activity at human full-length MCR assessed as inhibition of receptor binding to co-activator peptide by PathHunter assay,22825197,B,IC50,9,=,Homo sapiens,CHEMBL4563704,CHEMBL4715716,,,Direct protein target assigned,,,,False,-1,False,False,,,6.940000057220459,,,NR3C2_IC50Ki_669,6.940000057220459,True
CHEMBL1994,CC(c1ccccc1)N1C(=O)OC(Cc2ccccc2)(c2ncc(Cc3ccccc3)o2)C1=O,C[C@H](c1ccccc1)N1C(=O)O[C@](Cc2ccccc2)(c2ncc(Cc3ccccc3)o2)C1=O,6.619999885559082,CHEMBL3241715,Antagonist activity at mineralocorticoid receptor (unknown origin) by PathHunter assay,14566209,B,IC50,9,=,Homo sapiens,CHEMBL3234847,CHEMBL3232811,,,Direct protein target assigned,,,,False,-1,False,False,,,6.619999885559082,,,NR3C2_IC50Ki_464,6.619999885559082,True
CHEMBL1994,COC(=O)C1=C(C)NC(C)=C(C#N)C1c1ccnc2ccccc12,COC(=O)C1=C(C)NC(C)=C(C#N)[C@H]1c1ccnc2ccccc12;COC(=O)C1=C(C)NC(C)=C(C#N)[C@@H]1c1ccnc2ccccc12,7.110;6.330,CHEMBL1120985;CHEMBL1120985,Antagonist activity at Gal4-fused mineralocorticoid receptor expressed in human HuH7 cells assessed as inhibition of aldosterone-induced receptor activation by luciferase reporter gene assay;Antagonist activity at Gal4-fused mineralocorticoid receptor expressed in human HuH7 cells assessed as inhibition of aldosterone-induced receptor activation by luciferase reporter gene assay,3285842;3285846,F;F,IC50;IC50,8;8,=;=,Homo sapiens;Homo sapiens,CHEMBL1097753;CHEMBL1097752,CHEMBL1157753;CHEMBL1157753,None;None,Huh-7;Huh-7,Homologous protein target assigned;Homologous protein target assigned,None;None,None;None,None;None,False;False,-1;-1,False;False,True,6.720000000000001,0.3900000000000002,6.720000000000001,0.3900000000000001,2.0,NR3C2_IC50Ki_767,6.720000000000001,True
CHEMBL1994,Cc1ccc(O)c(C(C)(C)CC(O)(Cn2ccc(=O)c3ccccc32)C(F)(F)F)c1,Cc1ccc(O)c(C(C)(C)CC(O)(Cn2ccc(=O)c3ccccc32)C(F)(F)F)c1,6.800000190734863,CHEMBL909351,Inhibition of tetramethylrhodamine labeled dexamethasone binding to MR by FP assay,1799456,B,IC50,8,=,Homo sapiens,CHEMBL384081,CHEMBL1138857,,,Homologous protein target assigned,,,,False,-1,False,False,,,6.800000190734863,,,NR3C2_IC50Ki_097,6.800000190734863,True
CHEMBL1994,CCC(C(=O)NCC(F)(F)F)(c1ccc(Cl)cc1)n1ccc2c(NS(C)(=O)=O)cccc21,CC[C@](C(=O)NCC(F)(F)F)(c1ccc(Cl)cc1)n1ccc2c(NS(C)(=O)=O)cccc21,7.010000228881836,CHEMBL4717253,Antagonist activity at human full-length MCR assessed as inhibition of receptor binding to co-activator peptide by PathHunter assay,22825196,B,IC50,9,=,Homo sapiens,CHEMBL4776613,CHEMBL4715716,,,Direct protein target assigned,,,,False,-1,False,False,,,7.010000228881836,,,NR3C2_IC50Ki_668,7.010000228881836,True
CHEMBL1994,Cc1cc(F)ccc1-n1nc(C(F)(F)F)cc1-c1cc(C)c2c(c1)NC(=O)CO2,Cc1cc(F)ccc1-n1nc(C(F)(F)F)cc1-c1cc(C)c2c(c1)NC(=O)CO2;Cc1cc(F)ccc1-n1nc(C(F)(F)F)cc1-c1cc(C)c2c(c1)NC(=O)CO2,7.680;7.820,CHEMBL1929756;CHEMBL1929764,Displacement of [3H]aldosterone from cytosolic human MR expressed in HEK293 cells after 16 hrs by scintillation counting;Antagonist activity at human MR transfected in human COS1 cells after 1 day by luciferase reporter gene assay,7970150;7970231,B;F,IC50;IC50,9;9,=;=,Homo sapiens;Homo sapiens,CHEMBL1929042;CHEMBL1929042,CHEMBL1926625;CHEMBL1926625,None;None,HEK293;COS-1,Direct protein target assigned;Direct protein target assigned,None;None,None;None,None;None,False;False,-1;-1,False;False,True,7.75,0.0700000000000002,7.75,0.0700000000000002,2.0,NR3C2_IC50Ki_842,7.75,True
CHEMBL1994,Cc1cc(C)c(S(=O)(=O)NC(Cn2ccc3ncccc32)C(F)(F)F)c(C)c1,Cc1cc(C)c(S(=O)(=O)NC(Cn2ccc3ncccc32)C(F)(F)F)c(C)c1,6.659999847412109,CHEMBL3096917,Binding affinity to mineralocorticoid receptor (unknown origin) by fluorescence polarization competitive binding assay,13845361,B,IC50,9,=,Homo sapiens,CHEMBL3093455,CHEMBL3091451,,,Direct protein target assigned,,,,False,-1,False,False,,,6.659999847412109,,,NR3C2_IC50Ki_417,6.659999847412109,True
CHEMBL1994,COc1nc(C2=NN(c3ccc(C#N)c(Cl)c3)C(C3CCCC3)C2)ccc1C(=O)O,COc1nc(C2=NN(c3ccc(C#N)c(Cl)c3)[C@@H](C3CCCC3)C2)ccc1C(=O)O,7.25,CHEMBL3265996,Antagonist activity at mineralocorticoid receptor (unknown origin) by Gal4-based cellular assay,14658174,B,IC50,9,=,Homo sapiens,CHEMBL3263758,CHEMBL3259597,,,Direct protein target assigned,,,,False,-1,False,False,,,7.25,,,NR3C2_IC50Ki_494,7.25,True
CHEMBL1994,CC1=CC(C)(C)Nc2ccc3c(c21)C(=Cc1ccccc1C)Oc1c(F)cccc1-3,CC1=CC(C)(C)Nc2ccc3c(c21)/C(=C/c1ccccc1C)Oc1c(F)cccc1-3,5.730000019073486,CHEMBL729167,Inhibitory activity against human Mineralocorticoid receptor,53642,B,IC50,9,=,Homo sapiens,CHEMBL337856,CHEMBL1145087,,,Direct protein target assigned,,,,False,-1,False,False,,,5.730000019073486,,,NR3C2_IC50Ki_025,5.730000019073486,True
CHEMBL1994,COc1ccc(F)cc1C(C)(C)CC(O)(CN1CC(C)C(=O)C(C)C1)C(F)(F)F,COc1ccc(F)cc1C(C)(C)CC(O)(CN1C[C@@H](C)C(=O)[C@@H](C)C1)C(F)(F)F,6.369999885559082,CHEMBL909351,Inhibition of tetramethylrhodamine labeled dexamethasone binding to MR by FP assay,1799351,B,IC50,8,=,Homo sapiens,CHEMBL216273,CHEMBL1138857,,,Homologous protein target assigned,,,,False,-1,False,False,,,6.369999885559082,,,NR3C2_IC50Ki_084,6.369999885559082,True
CHEMBL1994,CC1=CC(C)(C)Nc2ccc3c(c21)C(c1ccc(Cl)cc1)Oc1ccccc1-3,CC1=CC(C)(C)Nc2ccc3c(c21)C(c1ccc(Cl)cc1)Oc1ccccc1-3,5.820000171661377,CHEMBL729160,Antagonistic activity was determined in Human mineralocorticoid receptor(hMR) of CV-1 cells in cotransfection assay.,1201852,F,IC50,8,=,Homo sapiens,CHEMBL286595,CHEMBL1131454,,CV-1,Homologous protein target assigned,,,,False,-1,False,False,,,5.820000171661377,,,NR3C2_IC50Ki_010,5.820000171661377,True
CHEMBL1994,COc1cc(F)ccc1-c1c(Cc2ccccc2)[nH]c2c(NS(C)(=O)=O)cc(C(C)C)cc12,COc1cc(F)ccc1-c1c(Cc2ccccc2)[nH]c2c(NS(C)(=O)=O)cc(C(C)C)cc12,5.369999885559082,CHEMBL3607224,Displacement of [3H]-aldosterone from human mineralocorticoid receptor expressed in HEK293 cells by scintillation counting based radioligand competition binding assay,15684206,B,Ki,9,=,Homo sapiens,CHEMBL3605927,CHEMBL3603837,,HEK293,Direct protein target assigned,,,,False,-1,False,False,,,5.369999885559082,,,NR3C2_IC50Ki_545,5.369999885559082,True
CHEMBL1994,O=C1COc2ccc(C(=O)N3CCOc4ccccc43)cc2N1,O=C1COc2ccc(C(=O)N3CCOc4ccccc43)cc2N1;O=C1COc2ccc(C(=O)N3CCOc4ccccc43)cc2N1,6.000;5.500,CHEMBL4423290;CHEMBL4423293,Displacement of [3H]-aldosterone to human mineralocorticoid receptor LBD by radiometric binding assay;Antagonist activity at gal4-fused human mineralocorticoid receptor LBD expressed in UAS-MR-bla HEK293 cells by luciferase reporter gene assay,19363263;19363458,B;B,Ki;IC50,9;9,=;=,Homo sapiens;Homo sapiens,CHEMBL4473402;CHEMBL4473402,CHEMBL4422622;CHEMBL4422622,None;None,None;None,Direct protein target assigned;Direct protein target assigned,None;None,None;None,None;None,False;False,-1;-1,False;False,True,5.75,0.25,5.75,0.25,2.0,NR3C2_IC50Ki_736,5.75,True
CHEMBL1994,CN(C)CCN(C)C(=O)c1ccc(C2=NN(c3ccc(C#N)cc3)C(c3ccc(F)cc3)C2)cc1,CN(C)CCN(C)C(=O)c1ccc(C2=NN(c3ccc(C#N)cc3)C(c3ccc(F)cc3)C2)cc1,7.079999923706055,CHEMBL1219662,Antagonist activity at Gal4-tagged mineralocorticoid receptor expressed in human Huh7 cells by luciferase reporter gene assay,3403534,F,IC50,8,=,Homo sapiens,CHEMBL1215755,CHEMBL1212897,,Huh-7,Homologous protein target assigned,,,,False,-1,False,False,,,7.079999923706055,,,NR3C2_IC50Ki_208,7.079999923706055,True
CHEMBL1994,O=C(O)CC1COc2cc(Cl)ccc2N1C(=O)c1ccc2c(c1)NC(=O)CO2,O=C(O)C[C@H]1COc2cc(Cl)ccc2N1C(=O)c1ccc2c(c1)NC(=O)CO2,6.800000190734863,CHEMBL4423290,Displacement of [3H]-aldosterone to human mineralocorticoid receptor LBD by radiometric binding assay,19363389,B,Ki,9,=,Homo sapiens,CHEMBL4519264,CHEMBL4422622,,,Direct protein target assigned,,,,False,-1,False,False,,,6.800000190734863,,,NR3C2_IC50Ki_662,6.800000190734863,True
CHEMBL1994,COc1c(O)ccc2c1-c1ccc3c(c1C(=Cc1sccc1C(C)=NO)O2)C(C)=CC(C)(C)N3,COc1c(O)ccc2c1-c1ccc3c(c1/C(=C/c1sccc1/C(C)=N/O)O2)C(C)=CC(C)(C)N3,7.679999828338623,CHEMBL896164,Binding affinity to MR,1926538,B,Ki,8,=,Homo sapiens,CHEMBL397919,CHEMBL1148778,,,Homologous protein target assigned,,,,False,-1,False,False,,,7.679999828338623,,,NR3C2_IC50Ki_118,7.679999828338623,True
CHEMBL1994,CC(=O)c1cccc(NC(=O)OC2C(C)c3c(cc(F)c(-c4cccc5cc[nH]c45)c3F)NC2(C)C)c1,CC(=O)c1cccc(NC(=O)O[C@@H]2[C@@H](C)c3c(cc(F)c(-c4cccc5cc[nH]c45)c3F)NC2(C)C)c1,5.5,CHEMBL1686884,Binding affinity to mineralocorticoid receptor,5247506,B,Ki,8,=,Homo sapiens,CHEMBL1684359,CHEMBL1681769,,,Homologous protein target assigned,,,,False,-1,False,False,,,5.5,,,NR3C2_IC50Ki_275,5.5,True
CHEMBL1994,CC(C)(CC(O)(Cc1cc2cc(C#N)ccc2[nH]1)C(F)(F)F)c1cc(S(C)(=O)=O)cc2c1OCC2,CC(C)(CC(O)(Cc1cc2cc(C#N)ccc2[nH]1)C(F)(F)F)c1cc(S(C)(=O)=O)cc2c1OCC2,5.840000152587891,CHEMBL1913332,Displacement of tetramethylrhodamine-labeled Dexamethasone from human recombinant mineralocorticoid receptor expressed in baculovirus infected insect cells by fluorescence polarization assay,7851919,B,IC50,9,=,Homo sapiens,CHEMBL1911661,CHEMBL1909618,,,Direct protein target assigned,,,,False,-1,False,False,,,5.840000152587891,,,NR3C2_IC50Ki_300,5.840000152587891,True
CHEMBL1994,CN(C)c1ccc(C2CC3(C)C(CCC3(O)CCCO)C3CCC4=CC(=O)CCC4=C23)cc1,CN(C)c1ccc([C@H]2C[C@]3(C)[C@@H](CC[C@]3(O)CCCO)[C@@H]3CCC4=CC(=O)CCC4=C32)cc1,6.329999923706055,CHEMBL729172,Inhibition of antagonist activity towards mineralocorticoid receptor (hMR),838635,F,IC50,9,=,Homo sapiens,CHEMBL1908373,CHEMBL1144945,,,Direct protein target assigned,,,4.0,False,0,False,False,,,6.329999923706055,,,NR3C2_IC50Ki_029,6.329999923706055,True
CHEMBL1994,N#CCCC(Cc1ccnc(NC(N)=O)c1)c1ccccc1,N#CCCC(Cc1ccnc(NC(N)=O)c1)c1ccccc1,5.75,CHEMBL3705363,"Competitive Molecular Binding Assay: The MR competitive binding assay is based on the binding and displacement of a TAMRA-labeled Dexamethasone probe with fluorescence polarization (FP) detection. The assay is performed in 384-well, low volume NBS black plates (Corning #3676) in assay buffer consisting of 10 mM TES, pH 7.4, 50 mM KCl, 20 mM Sodium molybdate, 1.5 mM EDTA, 0.04% CHAPS, 10% Glycerol and 1 mM DTT. Full Length human mineralocorticoid receptor (hMR) present in a baculovirus infected insect cell lysate is diluted 2 fold in assay buffer and 10 μL of this dilution is added to the assay plate. Blank wells receive 10 μL of the diluted MR lysate containing 3 μM Dexamethasone. 2 μL diluted test compound is transferred to the assay plate for a final starting top concentration of 10 μM in 1% DMSO. The reaction is started by adding 3 μL of 25 nM probe in assay buffer for a final assay concentration of 5 nM.",17633081,B,IC50,9,=,Homo sapiens,CHEMBL3643679,CHEMBL3638806,,,Direct protein target assigned,,,,False,-1,False,False,,,5.75,,,NR3C2_IC50Ki_581,5.75,True
CHEMBL1994,N#Cc1ccc(N2N=C3c4ccc(C(=O)O)cc4CCC3C2C2C=CC=CO2)cc1Cl,N#Cc1ccc(N2N=C3c4ccc(C(=O)O)cc4CC[C@@H]3[C@@H]2C2C=CC=CO2)cc1Cl,6.900000095367432,CHEMBL1219662,Antagonist activity at Gal4-tagged mineralocorticoid receptor expressed in human Huh7 cells by luciferase reporter gene assay,3403583,F,IC50,8,=,Homo sapiens,CHEMBL1215411,CHEMBL1212897,,Huh-7,Homologous protein target assigned,,,,False,-1,False,False,,,6.900000095367432,,,NR3C2_IC50Ki_239,6.900000095367432,True
CHEMBL1994,CCC(C)(C)C(O)(Cc1cc2ccncc2[nH]1)CC(C)(C)c1cc(F)ccc1OC,CCC(C)(C)C(O)(Cc1cc2ccncc2[nH]1)CC(C)(C)c1cc(F)ccc1OC,5.71999979019165,CHEMBL3241425,Displacement of TAMRA-labeled dexamethasone from mineralocorticoid receptor (unknown origin) by fluorescence polarization assay,14566751,B,IC50,9,=,Homo sapiens,CHEMBL3233273,CHEMBL3232739,,,Direct protein target assigned,,,,False,-1,False,False,,,5.71999979019165,,,NR3C2_IC50Ki_483,5.71999979019165,True
CHEMBL1994,Cc1cc(CNC(=O)C2(Cc3ccccc3)OC(=O)N(C(C)c3ccccc3)C2=O)on1,Cc1cc(CNC(=O)[C@@]2(Cc3ccccc3)OC(=O)N([C@H](C)c3ccccc3)C2=O)on1,5.519999980926514,CHEMBL2411354,Antagonist activity at human mineralocorticoid receptor assessed as inhibition of binding to coactivator peptide by NH Pro assay,13393526,B,IC50,9,=,Homo sapiens,CHEMBL2407856,CHEMBL2407028,,,Direct protein target assigned,,,,False,-1,False,False,,,5.519999980926514,,,NR3C2_IC50Ki_351,5.519999980926514,True
CHEMBL1994,Cc1noc(=O)c2ccc(NC(=O)C(O)(Cc3ccccc3)CC(C)(C)c3cc(F)ccc3O)cc12,Cc1noc(=O)c2ccc(NC(=O)C(O)(Cc3ccccc3)CC(C)(C)c3cc(F)ccc3O)cc12,6.980000019073486,CHEMBL880258,Binding affinity towards mineralocorticoid receptor using fluorescence polarization competitive binding assay,1601046,B,IC50,9,=,Homo sapiens,CHEMBL372102,CHEMBL1143464,,,Direct protein target assigned,,,,False,-1,False,False,,,6.980000019073486,,,NR3C2_IC50Ki_081,6.980000019073486,True
CHEMBL1994,COc1ccc(F)cc1C(C)(C)CC(O)(Cc1cc2ccc(F)cc2[nH]1)C(F)(F)F,COc1ccc(F)cc1C(C)(C)CC(O)(Cc1cc2ccc(F)cc2[nH]1)C(F)(F)F,6.460000038146973,CHEMBL1913332,Displacement of tetramethylrhodamine-labeled Dexamethasone from human recombinant mineralocorticoid receptor expressed in baculovirus infected insect cells by fluorescence polarization assay,7851766,B,IC50,9,=,Homo sapiens,CHEMBL1911651,CHEMBL1909618,,,Direct protein target assigned,,,,False,-1,False,False,,,6.460000038146973,,,NR3C2_IC50Ki_290,6.460000038146973,True
CHEMBL1994,COC(=O)C(c1ccc(OC)cc1)n1ccc2c(NS(C)(=O)=O)cccc21,COC(=O)C(c1ccc(OC)cc1)n1ccc2c(NS(C)(=O)=O)cccc21,5.010000228881836,CHEMBL4717253,Antagonist activity at human full-length MCR assessed as inhibition of receptor binding to co-activator peptide by PathHunter assay,22825216,B,IC50,9,=,Homo sapiens,CHEMBL4794041,CHEMBL4715716,,,Direct protein target assigned,,,,False,-1,False,False,,,5.010000228881836,,,NR3C2_IC50Ki_685,5.010000228881836,True
CHEMBL1994,COc1cc(F)ccc1-c1c(C)[nH]c2c(NS(C)(=O)=O)cc(F)cc12,COc1cc(F)ccc1-c1c(C)[nH]c2c(NS(C)(=O)=O)cc(F)cc12,7.349999904632568,CHEMBL3607224,Displacement of [3H]-aldosterone from human mineralocorticoid receptor expressed in HEK293 cells by scintillation counting based radioligand competition binding assay,15684208,B,Ki,9,=,Homo sapiens,CHEMBL3605929,CHEMBL3603837,,HEK293,Direct protein target assigned,,,,False,-1,False,False,,,7.349999904632568,,,NR3C2_IC50Ki_547,7.349999904632568,True
CHEMBL1994,COc1cc(C2=NN(c3ccc(C#N)c(Cl)c3)C(C3CCCC3)C2)ccc1C(=O)O,COc1cc(C2=NN(c3ccc(C#N)c(Cl)c3)[C@@H](C3CCCC3)C2)ccc1C(=O)O;COc1cc(C2=NN(c3ccc(C#N)c(Cl)c3)[C@@H](C3CCCC3)C2)ccc1C(=O)O,7.850;7.820,CHEMBL1219662;CHEMBL3265996,Antagonist activity at Gal4-tagged mineralocorticoid receptor expressed in human Huh7 cells by luciferase reporter gene assay;Antagonist activity at mineralocorticoid receptor (unknown origin) by Gal4-based cellular assay,3403567;14658164,F;B,IC50;IC50,8;9,=;=,Homo sapiens;Homo sapiens,CHEMBL1215130;CHEMBL1215130,CHEMBL1212897;CHEMBL3259597,None;None,Huh-7;None,Homologous protein target assigned;Direct protein target assigned,None;None,None;None,None;None,False;False,-1;-1,False;False,True,7.835,0.0149999999999996,7.835,0.0149999999999996,2.0,NR3C2_IC50Ki_835,7.835,True
CHEMBL1994,CC1CN(c2ccc3c(n2)NC(=O)CO3)C(c2ccccc2F)CO1,C[C@@H]1CN(c2ccc3c(n2)NC(=O)CO3)[C@H](c2ccccc2F)CO1;C[C@@H]1CN(c2ccc3c(n2)NC(=O)CO3)[C@H](c2ccccc2F)CO1,7.890;7.480,CHEMBL4028141;CHEMBL4028145,Displacement of [3H]-aldosterone from human GST-tagged MR ligand binding domain after 4 hrs by liquid scintillation counting;Antagonist activity at human GAL4-DBD fused MR ligand binding domain transfected in human Huh7 cells co-expressing GAL4-RE-Luc assessed as reduction in aldosterone-induced luciferase activity after 16 hrs in presence of serum by luciferase reporter gene assay,18126805;18126790,B;B,IC50;IC50,9;9,=;=,Homo sapiens;Homo sapiens,CHEMBL4086109;CHEMBL4086109,CHEMBL4024791;CHEMBL4024791,None;None,None;None,Direct protein target assigned;Direct protein target assigned,None;None,None;None,None;None,False;False,-1;-1,False;False,True,7.685,0.2049999999999996,7.685,0.2049999999999996,2.0,NR3C2_IC50Ki_798,7.685,True
CHEMBL1994,O=S1(=O)Cc2ccc(C=C3c4ccccc4COc4cc(F)ccc43)cc2N1,O=S1(=O)Cc2ccc(/C=C3\c4ccccc4COc4cc(F)ccc43)cc2N1;O=S1(=O)Cc2ccc(/C=C3\c4ccccc4COc4cc(F)ccc43)cc2N1,5.590;6.160,CHEMBL3776776;CHEMBL3776777,Antagonist activity against 6xHis-MBP-fused human MR LBD domain (732 to 984 amino acid residues) C808S mutant expressed in Escherichia coli BL21(DE3) assessed as inhibition of aldosterone-mediated receptor activation after 16 hrs by luciferase assay;Displacement of 3H-Cortisol from 6xHis-MBP-fused human MR LBD domain (732 to 984 amino acid residues) C808S mutant expressed in Escherichia coli BL21(DE3) preincubated for 1 hr measured after 30 mins by microbeta plate reader analysis,16506602;16506571,B;B,IC50;Ki,9;9,=;=,Homo sapiens;Homo sapiens,CHEMBL3775588;CHEMBL3775588,CHEMBL3774336;CHEMBL3774336,None;None,None;None,Direct protein target assigned;Direct protein target assigned,C808S;C808S,None;None,None;None,False;False,-1;-1,False;False,True,5.875,0.2850000000000001,5.875,0.2850000000000001,2.0,NR3C2_IC50Ki_741,5.875,True
CHEMBL1994,COC(=O)CC1COc2cc(F)ccc2N1C(=O)c1ccc2c(c1)NC(=O)CO2,COC(=O)C[C@H]1COc2cc(F)ccc2N1C(=O)c1ccc2c(c1)NC(=O)CO2;COC(=O)C[C@H]1COc2cc(F)ccc2N1C(=O)c1ccc2c(c1)NC(=O)CO2,7.200;6.500,CHEMBL4423290;CHEMBL4423293,Displacement of [3H]-aldosterone to human mineralocorticoid receptor LBD by radiometric binding assay;Antagonist activity at gal4-fused human mineralocorticoid receptor LBD expressed in UAS-MR-bla HEK293 cells by luciferase reporter gene assay,19363390;19363467,B;B,Ki;IC50,9;9,=;=,Homo sapiens;Homo sapiens,CHEMBL4566513;CHEMBL4566513,CHEMBL4422622;CHEMBL4422622,None;None,None;None,Direct protein target assigned;Direct protein target assigned,None;None,None;None,None;None,False;False,-1;-1,False;False,True,6.85,0.3500000000000001,6.85,0.3500000000000001,2.0,NR3C2_IC50Ki_810,6.85,True
CHEMBL1994,CC(c1ccc(F)cc1)N1C(=O)OC(Cc2ccccc2)(c2nc3cc(-c4cnn(C)c4)ccc3[nH]2)C1=O,C[C@H](c1ccc(F)cc1)N1C(=O)O[C@](Cc2ccccc2)(c2nc3cc(-c4cnn(C)c4)ccc3[nH]2)C1=O,7.480000019073486,CHEMBL3578998,Antagonist activity at human mineralocorticoid receptor overexpressed in CHOK1 cells assessed as inhibition of aldosterone-induced protein interaction with coactivator peptide after 6 hrs by luminescence assay,15601448,B,IC50,9,=,Homo sapiens,CHEMBL3578282,CHEMBL3576820,,CHO-K1,Direct protein target assigned,,,,False,-1,False,False,,,7.480000019073486,,,NR3C2_IC50Ki_526,7.480000019073486,True
CHEMBL1994,COc1ccc(F)cc1C(C)(C)CC(O)(Cc1cc2cc(C#N)ccc2[nH]1)C(F)(F)F,COc1ccc(F)cc1C(C)(C)CC(O)(Cc1cc2cc(C#N)ccc2[nH]1)C(F)(F)F;COc1ccc(F)cc1C(C)(C)C[C@@](O)(Cc1cc2cc(C#N)ccc2[nH]1)C(F)(F)F,6.380;7.350,CHEMBL1913332;CHEMBL1913332,Displacement of tetramethylrhodamine-labeled Dexamethasone from human recombinant mineralocorticoid receptor expressed in baculovirus infected insect cells by fluorescence polarization assay;Displacement of tetramethylrhodamine-labeled Dexamethasone from human recombinant mineralocorticoid receptor expressed in baculovirus infected insect cells by fluorescence polarization assay,7851764;7851765,B;B,IC50;IC50,9;9,=;=,Homo sapiens;Homo sapiens,CHEMBL1911649;CHEMBL1911650,CHEMBL1909618;CHEMBL1909618,None;None,None;None,Direct protein target assigned;Direct protein target assigned,None;None,None;None,None;None,False;False,-1;-1,False;False,True,6.865,0.4849999999999999,6.865,0.4849999999999999,2.0,NR3C2_IC50Ki_752,6.865,True
CHEMBL1994,Cc1cc(C)c(S(=O)(=O)NC(Cc2c[nH]c3c(C#N)cccc23)C(F)(F)F)c(C)c1,Cc1cc(C)c(S(=O)(=O)NC(Cc2c[nH]c3c(C#N)cccc23)C(F)(F)F)c(C)c1,7.159999847412109,CHEMBL3096917,Binding affinity to mineralocorticoid receptor (unknown origin) by fluorescence polarization competitive binding assay,13845385,B,IC50,9,=,Homo sapiens,CHEMBL3093452,CHEMBL3091451,,,Direct protein target assigned,,,,False,-1,False,False,,,7.159999847412109,,,NR3C2_IC50Ki_429,7.159999847412109,True
CHEMBL1994,CC(=O)C1CCC2C3CCC4=CC(=O)CCC4(C)C3CCC12C,CC(=O)[C@H]1CC[C@H]2[C@@H]3CCC4=CC(=O)CC[C@]4(C)[C@H]3CC[C@]12C;CC(=O)[C@H]1CC[C@H]2[C@@H]3CCC4=CC(=O)CC[C@]4(C)[C@H]3CC[C@]12C,7.520;7.850,CHEMBL654294;CHEMBL729160,Inhibition of 10e-9 M aldosterone activity in CV-1 cells expressing mineralocorticoid receptor;Antagonistic activity was determined in Human mineralocorticoid receptor(hMR) of CV-1 cells in cotransfection assay.,1082434;1203363,F;F,IC50;IC50,9;8,=;=,Homo sapiens;Homo sapiens,CHEMBL103;CHEMBL103,CHEMBL1129684;CHEMBL1131454,None;None,CV-1;CV-1,Direct protein target assigned;Homologous protein target assigned,None;None,Progestin;Progestin,4.0;4.0,True;True,0;0,False;False,True,7.685,0.165,7.685,0.165,2.0,NR3C2_IC50Ki_703,7.685,True
CHEMBL1994,O=C1COc2ccc(CN3c4ccccc4COc4cc(F)ccc43)cc2N1,O=C1COc2ccc(CN3c4ccccc4COc4cc(F)ccc43)cc2N1;O=C1COc2ccc(CN3c4ccccc4COc4cc(F)ccc43)cc2N1,6.750;7.510,CHEMBL3776776;CHEMBL3776777,Antagonist activity against 6xHis-MBP-fused human MR LBD domain (732 to 984 amino acid residues) C808S mutant expressed in Escherichia coli BL21(DE3) assessed as inhibition of aldosterone-mediated receptor activation after 16 hrs by luciferase assay;Displacement of 3H-Cortisol from 6xHis-MBP-fused human MR LBD domain (732 to 984 amino acid residues) C808S mutant expressed in Escherichia coli BL21(DE3) preincubated for 1 hr measured after 30 mins by microbeta plate reader analysis,16506610;16506575,B;B,IC50;Ki,9;9,=;=,Homo sapiens;Homo sapiens,CHEMBL3775476;CHEMBL3775476,CHEMBL3774336;CHEMBL3774336,None;None,None;None,Direct protein target assigned;Direct protein target assigned,C808S;C808S,None;None,None;None,False;False,-1;-1,False;False,True,7.13,0.3799999999999999,7.13,0.3799999999999999,2.0,NR3C2_IC50Ki_740,7.13,True
CHEMBL1994,CC(c1ccccc1)N1C(=O)OC(Cc2ccccc2)(c2nnc(-c3ccncc3)o2)C1=O,C[C@H](c1ccccc1)N1C(=O)O[C@](Cc2ccccc2)(c2nnc(-c3ccncc3)o2)C1=O,5.820000171661377,CHEMBL3241715,Antagonist activity at mineralocorticoid receptor (unknown origin) by PathHunter assay,14566222,B,IC50,9,=,Homo sapiens,CHEMBL3234860,CHEMBL3232811,,,Direct protein target assigned,,,,False,-1,False,False,,,5.820000171661377,,,NR3C2_IC50Ki_477,5.820000171661377,True
CHEMBL1994,Cc1c(C(=O)Nc2ccc(S(C)(=O)=O)cc2)cc(C(C)C(C)O)n1-c1ccc(F)cc1C(F)(F)F,Cc1c(C(=O)Nc2ccc(S(C)(=O)=O)cc2)cc([C@H](C)[C@H](C)O)n1-c1ccc(F)cc1C(F)(F)F,8.210000038146973,CHEMBL4008019,Antagonist activity at Gal4-fused human MR LBD (671 to 984 residues) expressed in African Green Monkey CV-1 cells assessed as inhibition of aldosterone-induced transactivation activity after 20 hrs by luciferase reporter gene assay,18033331,B,IC50,9,=,Homo sapiens,CHEMBL4088459,CHEMBL4007392,,,Direct protein target assigned,,,,False,-1,False,False,,,8.210000038146973,,,NR3C2_IC50Ki_617,8.210000038146973,True
CHEMBL1994,CC(C)Cc1cc2c(cc1F)OCC(CS(N)(=O)=O)N2C(=O)c1ccc2c(c1)NC(=O)CO2,CC(C)Cc1cc2c(cc1F)OC[C@H](CS(N)(=O)=O)N2C(=O)c1ccc2c(c1)NC(=O)CO2,9.100000381469727,CHEMBL4423293,Antagonist activity at gal4-fused human mineralocorticoid receptor LBD expressed in UAS-MR-bla HEK293 cells by luciferase reporter gene assay,19363475,B,IC50,9,=,Homo sapiens,CHEMBL4463240,CHEMBL4422622,,,Direct protein target assigned,,,,False,-1,False,False,,,9.100000381469727,,,NR3C2_IC50Ki_664,9.100000381469727,True
CHEMBL1994,CC(c1ccccc1)N1C(=O)OC(Cc2ccccc2)(C(=O)NC2CC2c2ccccc2)C1=O,C[C@H](c1ccccc1)N1C(=O)O[C@](Cc2ccccc2)(C(=O)N[C@@H]2C[C@H]2c2ccccc2)C1=O,6.599999904632568,CHEMBL2411354,Antagonist activity at human mineralocorticoid receptor assessed as inhibition of binding to coactivator peptide by NH Pro assay,13393527,B,IC50,9,=,Homo sapiens,CHEMBL2407855,CHEMBL2407028,,,Direct protein target assigned,,,,False,-1,False,False,,,6.599999904632568,,,NR3C2_IC50Ki_352,6.599999904632568,True
CHEMBL1994,N#CCC1CN(c2ccc3c(n2)NC(=O)CO3)C(c2ccccc2)CO1,N#CC[C@@H]1CN(c2ccc3c(n2)NC(=O)CO3)[C@H](c2ccccc2)CO1;N#CC[C@@H]1CN(c2ccc3c(n2)NC(=O)CO3)[C@H](c2ccccc2)CO1,7.250;7.010,CHEMBL4028141;CHEMBL4028145,Displacement of [3H]-aldosterone from human GST-tagged MR ligand binding domain after 4 hrs by liquid scintillation counting;Antagonist activity at human GAL4-DBD fused MR ligand binding domain transfected in human Huh7 cells co-expressing GAL4-RE-Luc assessed as reduction in aldosterone-induced luciferase activity after 16 hrs in presence of serum by luciferase reporter gene assay,18126812;18126797,B;B,IC50;IC50,9;9,=;=,Homo sapiens;Homo sapiens,CHEMBL4100538;CHEMBL4100538,CHEMBL4024791;CHEMBL4024791,None;None,None;None,Direct protein target assigned;Direct protein target assigned,None;None,None;None,None;None,False;False,-1;-1,False;False,True,7.13,0.1200000000000001,7.13,0.1200000000000001,2.0,NR3C2_IC50Ki_795,7.13,True
CHEMBL1994,COC(=O)C1=C(CCl)NC(C)=C(C#N)C1c1ccc(F)cc1Cl,COC(=O)C1=C(CCl)NC(C)=C(C#N)[C@H]1c1ccc(F)cc1Cl;COC(=O)C1=C(CCl)NC(C)=C(C#N)[C@@H]1c1ccc(F)cc1Cl,7.390;5.660,CHEMBL1120985;CHEMBL1120985,Antagonist activity at Gal4-fused mineralocorticoid receptor expressed in human HuH7 cells assessed as inhibition of aldosterone-induced receptor activation by luciferase reporter gene assay;Antagonist activity at Gal4-fused mineralocorticoid receptor expressed in human HuH7 cells assessed as inhibition of aldosterone-induced receptor activation by luciferase reporter gene assay,3285839;3285854,F;F,IC50;IC50,8;8,=;=,Homo sapiens;Homo sapiens,CHEMBL1094169;CHEMBL1094801,CHEMBL1157753;CHEMBL1157753,None;None,Huh-7;Huh-7,Homologous protein target assigned;Homologous protein target assigned,None;None,None;None,None;None,False;False,-1;-1,False;False,True,6.525,0.8649999999999998,6.525,0.8649999999999998,2.0,NR3C2_IC50Ki_832,6.525,True
CHEMBL1994,CC(c1ccccc1)N1C(=O)OC(Cc2ccccc2)(c2ncc(-c3ccccc3)[nH]2)C1=O,C[C@H](c1ccccc1)N1C(=O)O[C@](Cc2ccccc2)(c2ncc(-c3ccccc3)[nH]2)C1=O,6.619999885559082,CHEMBL3241715,Antagonist activity at mineralocorticoid receptor (unknown origin) by PathHunter assay,14566210,B,IC50,9,=,Homo sapiens,CHEMBL3234848,CHEMBL3232811,,,Direct protein target assigned,,,,False,-1,False,False,,,6.619999885559082,,,NR3C2_IC50Ki_465,6.619999885559082,True
CHEMBL1994,CC1=CC(C)(C)Nc2ccc3c(c21)C(c1ccc(C)c(F)c1)Oc1ccccc1-3,CC1=CC(C)(C)Nc2ccc3c(c21)C(c1ccc(C)c(F)c1)Oc1ccccc1-3,6.0,CHEMBL729160,Antagonistic activity was determined in Human mineralocorticoid receptor(hMR) of CV-1 cells in cotransfection assay.,1195329,F,IC50,8,=,Homo sapiens,CHEMBL103092,CHEMBL1131454,,CV-1,Homologous protein target assigned,,,,False,-1,False,False,,,6.0,,,NR3C2_IC50Ki_007,6.0,True
CHEMBL1994,O=C(O)c1ccc(C2=NN(c3ccccc3)C(c3ccc(F)cc3)C2)cc1,O=C(O)c1ccc(C2=NN(c3ccccc3)C(c3ccc(F)cc3)C2)cc1,5.010000228881836,CHEMBL1219662,Antagonist activity at Gal4-tagged mineralocorticoid receptor expressed in human Huh7 cells by luciferase reporter gene assay,3403540,F,IC50,8,=,Homo sapiens,CHEMBL1214687,CHEMBL1212897,,Huh-7,Homologous protein target assigned,,,,False,-1,False,False,,,5.010000228881836,,,NR3C2_IC50Ki_210,5.010000228881836,True
CHEMBL1994,COc1ccc2cc[nH]c2c1-c1cc(C)c2c(c1Cl)C(C)CC(C)(C)N2,COc1ccc2cc[nH]c2c1-c1cc(C)c2c(c1Cl)C(C)CC(C)(C)N2,6.809999942779541,CHEMBL931544,Binding affinity at mineralocorticoid receptor,2174255,B,Ki,8,=,Homo sapiens,CHEMBL253745,CHEMBL1145597,,,Homologous protein target assigned,,,,False,-1,False,False,,,6.809999942779541,,,NR3C2_IC50Ki_155,6.809999942779541,True
CHEMBL1994,CCC1OC(=O)C(c2ccc(F)cc2)=C1c1ccc2c(c1)NC(=O)CO2,CCC1OC(=O)C(c2ccc(F)cc2)=C1c1ccc2c(c1)NC(=O)CO2,5.920000076293945,CHEMBL2423838,Displacement of [3H]-Aldosterone from human MR expressed in 293 cells after 16 hrs by scintillation counting,13416311,B,IC50,9,=,Homo sapiens,CHEMBL2419308,CHEMBL2417412,,HEK293,Direct protein target assigned,,,,False,-1,False,False,,,5.920000076293945,,,NR3C2_IC50Ki_382,5.920000076293945,True
CHEMBL1994,CC(C)(CC(O)(Cn1ccc(=O)c2ccccc21)C(F)(F)F)c1ccccc1,CC(C)(CC(O)(Cn1ccc(=O)c2ccccc21)C(F)(F)F)c1ccccc1,6.460000038146973,CHEMBL909351,Inhibition of tetramethylrhodamine labeled dexamethasone binding to MR by FP assay,1799460,B,IC50,8,=,Homo sapiens,CHEMBL219069,CHEMBL1138857,,,Homologous protein target assigned,,,,False,-1,False,False,,,6.460000038146973,,,NR3C2_IC50Ki_101,6.460000038146973,True
CHEMBL1994,CCC1c2cc3c(C(F)(F)F)cc(=O)oc3cc2NCC1C,CC[C@H]1c2cc3c(C(F)(F)F)cc(=O)oc3cc2NC[C@H]1C;CC[C@@H]1c2cc3c(C(F)(F)F)cc(=O)oc3cc2NC[C@H]1C,5.550;5.520,CHEMBL729165;CHEMBL729165,In vitro antagonistic activity against human mineralocorticoid receptor (hMR);In vitro antagonistic activity against human mineralocorticoid receptor (hMR),516125;519969,F;F,IC50;IC50,9;9,=;=,Homo sapiens;Homo sapiens,CHEMBL2112311;CHEMBL2112312,CHEMBL1132082;CHEMBL1132082,None;None,None;None,Direct protein target assigned;Direct protein target assigned,None;None,None;None,None;None,False;False,-1;-1,False;False,True,5.535,0.0150000000000001,5.535,0.0150000000000001,2.0,NR3C2_IC50Ki_838,5.535,True
CHEMBL1994,O=S(=O)(NC(Cc1c[nH]c2ccccc12)C(F)(F)F)c1c(Cl)cc(Cl)cc1Cl,O=S(=O)(NC(Cc1c[nH]c2ccccc12)C(F)(F)F)c1c(Cl)cc(Cl)cc1Cl,7.099999904632568,CHEMBL3096917,Binding affinity to mineralocorticoid receptor (unknown origin) by fluorescence polarization competitive binding assay,13845383,B,IC50,9,=,Homo sapiens,CHEMBL3093442,CHEMBL3091451,,,Direct protein target assigned,,,,False,-1,False,False,,,7.099999904632568,,,NR3C2_IC50Ki_428,7.099999904632568,True
CHEMBL1994,O=C1COc2ccc(CCc3ccc(F)cc3F)cc2N1,O=C1COc2ccc(CCc3ccc(F)cc3F)cc2N1;O=C1COc2ccc(CCc3ccc(F)cc3F)cc2N1,6.990;7.700,CHEMBL3776776;CHEMBL3776777,Antagonist activity against 6xHis-MBP-fused human MR LBD domain (732 to 984 amino acid residues) C808S mutant expressed in Escherichia coli BL21(DE3) assessed as inhibition of aldosterone-mediated receptor activation after 16 hrs by luciferase assay;Displacement of 3H-Cortisol from 6xHis-MBP-fused human MR LBD domain (732 to 984 amino acid residues) C808S mutant expressed in Escherichia coli BL21(DE3) preincubated for 1 hr measured after 30 mins by microbeta plate reader analysis,16506581;16506567,B;B,IC50;Ki,9;9,=;=,Homo sapiens;Homo sapiens,CHEMBL3775710;CHEMBL3775710,CHEMBL3774336;CHEMBL3774336,None;None,None;None,Direct protein target assigned;Direct protein target assigned,C808S;C808S,None;None,None;None,False;False,-1;-1,False;False,True,7.345000000000001,0.355,7.345000000000001,0.355,2.0,NR3C2_IC50Ki_720,7.345000000000001,True
CHEMBL1994,CC(c1ccccc1)N1C(=O)OC(Cc2ccccc2)(C(=O)Nc2ccc3ccccc3c2)C1=O,C[C@H](c1ccccc1)N1C(=O)O[C@](Cc2ccccc2)(C(=O)Nc2ccc3ccccc3c2)C1=O,6.21999979019165,CHEMBL2411354,Antagonist activity at human mineralocorticoid receptor assessed as inhibition of binding to coactivator peptide by NH Pro assay,13393540,B,IC50,9,=,Homo sapiens,CHEMBL2407677,CHEMBL2407028,,,Direct protein target assigned,,,,False,-1,False,False,,,6.21999979019165,,,NR3C2_IC50Ki_363,6.21999979019165,True
CHEMBL1994,Cc1cc2c(c(C(C)(C)CC(O)(Cc3cc4ccccc4[nH]3)C(F)(F)F)c1)OCC2,Cc1cc2c(c(C(C)(C)CC(O)(Cc3cc4ccccc4[nH]3)C(F)(F)F)c1)OCC2,6.619999885559082,CHEMBL1913332,Displacement of tetramethylrhodamine-labeled Dexamethasone from human recombinant mineralocorticoid receptor expressed in baculovirus infected insect cells by fluorescence polarization assay,7851772,B,IC50,9,=,Homo sapiens,CHEMBL1911657,CHEMBL1909618,,,Direct protein target assigned,,,,False,-1,False,False,,,6.619999885559082,,,NR3C2_IC50Ki_296,6.619999885559082,True
CHEMBL1994,N#Cc1ccc(N2N=C(c3ccc(C(=O)O)cc3)CC2c2ccco2)cc1,N#Cc1ccc(N2N=C(c3ccc(C(=O)O)cc3)CC2c2ccco2)cc1,6.389999866485596,CHEMBL1219662,Antagonist activity at Gal4-tagged mineralocorticoid receptor expressed in human Huh7 cells by luciferase reporter gene assay,3403554,F,IC50,8,=,Homo sapiens,CHEMBL1214968,CHEMBL1212897,,Huh-7,Homologous protein target assigned,,,,False,-1,False,False,,,6.389999866485596,,,NR3C2_IC50Ki_218,6.389999866485596,True
CHEMBL1994,CC(=O)C1CCC2C3CCC4=CC(=O)CCC4(C)C3CCC12C(=O)C=[N+]=[N-],CC(=O)C1CC[C@H]2[C@@H]3CCC4=CC(=O)CCC4(C)[C@H]3CCC12C(=O)C=[N+]=[N-],6.159999847412109,CHEMBL654294,Inhibition of 10e-9 M aldosterone activity in CV-1 cells expressing mineralocorticoid receptor,1086659,F,IC50,9,=,Homo sapiens,CHEMBL2112397,CHEMBL1129684,,CV-1,Direct protein target assigned,,,,False,-1,False,False,,,6.159999847412109,,,NR3C2_IC50Ki_002,6.159999847412109,True
CHEMBL1994,CCC(CO)(c1ccc(Cl)cc1)n1ccc2c(NS(C)(=O)=O)cc(F)cc21,CC[C@](CO)(c1ccc(Cl)cc1)n1ccc2c(NS(C)(=O)=O)cc(F)cc21;CC[C@](CO)(c1ccc(Cl)cc1)n1ccc2c(NS(C)(=O)=O)cc(F)cc21,6.940;7.500,CHEMBL4342250;CHEMBL4342252,Antagonist activity at mineralocorticoid receptor (unknown origin);Binding affinity to mineralocorticoid receptor (unknown origin),18995765;18995778,B;B,IC50;IC50,9;9,=;=,Homo sapiens;Homo sapiens,CHEMBL4578762;CHEMBL4578762,CHEMBL4340566;CHEMBL4340566,None;None,None;None,Direct protein target assigned;Direct protein target assigned,None;None,None;None,None;None,False;False,-1;-1,False;False,True,7.220000000000001,0.2799999999999998,7.220000000000001,0.2799999999999998,2.0,NR3C2_IC50Ki_717,7.220000000000001,True
CHEMBL1994,COc1ccc(F)cc1C(C)(C)CC(O)(Cc1cc2ccncc2[nH]1)C(C)(C)C,COc1ccc(F)cc1C(C)(C)CC(O)(Cc1cc2ccncc2[nH]1)C(C)(C)C,5.75,CHEMBL3241425,Displacement of TAMRA-labeled dexamethasone from mineralocorticoid receptor (unknown origin) by fluorescence polarization assay,14566750,B,IC50,9,=,Homo sapiens,CHEMBL3233272,CHEMBL3232739,,,Direct protein target assigned,,,,False,-1,False,False,,,5.75,,,NR3C2_IC50Ki_482,5.75,True
CHEMBL1994,N#Cc1ccc(N2N=C3c4ccc(C(=O)O)cc4CCC3C2c2ccc(F)cc2)cc1,N#Cc1ccc(N2N=C3c4ccc(C(=O)O)cc4CC[C@@H]3[C@@H]2c2ccc(F)cc2)cc1,6.260000228881836,CHEMBL1219662,Antagonist activity at Gal4-tagged mineralocorticoid receptor expressed in human Huh7 cells by luciferase reporter gene assay,3403575,F,IC50,8,=,Homo sapiens,CHEMBL1215265,CHEMBL1212897,,Huh-7,Homologous protein target assigned,,,,False,-1,False,False,,,6.260000228881836,,,NR3C2_IC50Ki_235,6.260000228881836,True
CHEMBL1994,CC1C(c2ccc3c(c2)NC(=O)CO3)=C(c2ccc(F)cc2)C(=O)N1C,CC1C(c2ccc3c(c2)NC(=O)CO3)=C(c2ccc(F)cc2)C(=O)N1C,6.769999980926514,CHEMBL2423838,Displacement of [3H]-Aldosterone from human MR expressed in 293 cells after 16 hrs by scintillation counting,13416310,B,IC50,9,=,Homo sapiens,CHEMBL2419309,CHEMBL2417412,,HEK293,Direct protein target assigned,,,,False,-1,False,False,,,6.769999980926514,,,NR3C2_IC50Ki_381,6.769999980926514,True
CHEMBL1994,CC1=CC(C2Oc3c(F)cc(F)cc3-c3ccc4c(c32)C(C)=CC(C)(C)N4)CCC1,CC1=C[C@@H]([C@@H]2Oc3c(F)cc(F)cc3-c3ccc4c(c32)C(C)=CC(C)(C)N4)CCC1,5.869999885559082,CHEMBL989205,Antagonist activity at human mineralocorticoid receptor,2449023,F,IC50,9,=,Homo sapiens,CHEMBL453579,CHEMBL1157537,,,Direct protein target assigned,,,,False,-1,False,False,,,5.869999885559082,,,NR3C2_IC50Ki_158,5.869999885559082,True
CHEMBL1994,CC(c1ccc(F)cc1)N1C(=O)OC(Cc2ccccc2)(c2nc3c(F)cccc3[nH]2)C1=O,C[C@H](c1ccc(F)cc1)N1C(=O)O[C@](Cc2ccccc2)(c2nc3c(F)cccc3[nH]2)C1=O,7.139999866485596,CHEMBL3578998,Antagonist activity at human mineralocorticoid receptor overexpressed in CHOK1 cells assessed as inhibition of aldosterone-induced protein interaction with coactivator peptide after 6 hrs by luminescence assay,15601438,B,IC50,9,=,Homo sapiens,CHEMBL3578291,CHEMBL3576820,,CHO-K1,Direct protein target assigned,,,,False,-1,False,False,,,7.139999866485596,,,NR3C2_IC50Ki_516,7.139999866485596,True
CHEMBL1994,Cc1cn(-c2ccc(CNS(=O)(=O)c3cc(F)ccc3F)cc2)c(C)n1,Cc1cn(-c2ccc(CNS(=O)(=O)c3cc(F)ccc3F)cc2)c(C)n1;Cc1cn(-c2ccc(CNS(=O)(=O)c3cc(F)ccc3F)cc2)c(C)n1;Cc1cn(-c2ccc(CNS(=O)(=O)c3cc(F)ccc3F)cc2)c(C)n1;Cc1cn(-c2ccc(CNS(=O)(=O)c3cc(F)ccc3F)cc2)c(C)n1,6.250;5.880;6.720;6.950,CHEMBL3090147;CHEMBL3090519;CHEMBL3090522;CHEMBL3090522,Antagonist activity at human mineralocorticoid receptor ligand binding domain expressed in human Huh7 cells after 16 hrs by luciferase reporter gene assay in absence of serum;Antagonist activity at human mineralocorticoid receptor ligand binding domain expressed in human Huh7 cells after 16 hrs by luciferase reporter gene assay in presence of serum;Displacement of [3H]aldosterone from GST-tagged human mineralocorticoid receptor ligand binding domain after 4 hrs by liquid scintillation counting;Displacement of [3H]aldosterone from GST-tagged human mineralocorticoid receptor ligand binding domain after 4 hrs by liquid scintillation counting,13835697;13835669;13835678;13835681,B;B;B;B,IC50;IC50;IC50;Ki,9;9;9;9,=;=;=;=,Homo sapiens;Homo sapiens;Homo sapiens;Homo sapiens,CHEMBL3086027;CHEMBL3086027;CHEMBL3086027;CHEMBL3086027,CHEMBL3085697;CHEMBL3085697;CHEMBL3085697;CHEMBL3085697,None;None;None;None,Huh-7;Huh-7;None;None,Direct protein target assigned;Direct protein target assigned;Direct protein target assigned;Direct protein target assigned,None;None;None;None,None;None;None;None,None;None;None;None,False;False;False;False,-1;-1;-1;-1,False;False;False;False,True,6.449999999999999,0.4146685423323067,6.484999999999999,0.3500000000000005,4.0,NR3C2_IC50Ki_819,6.484999999999999,True
CHEMBL1994,NC(=O)Nc1cc(-c2cc(C(F)(F)F)nn2C2CCCC2)ccn1,NC(=O)Nc1cc(-c2cc(C(F)(F)F)nn2C2CCCC2)ccn1,5.380000114440918,CHEMBL3705363,"Competitive Molecular Binding Assay: The MR competitive binding assay is based on the binding and displacement of a TAMRA-labeled Dexamethasone probe with fluorescence polarization (FP) detection. The assay is performed in 384-well, low volume NBS black plates (Corning #3676) in assay buffer consisting of 10 mM TES, pH 7.4, 50 mM KCl, 20 mM Sodium molybdate, 1.5 mM EDTA, 0.04% CHAPS, 10% Glycerol and 1 mM DTT. Full Length human mineralocorticoid receptor (hMR) present in a baculovirus infected insect cell lysate is diluted 2 fold in assay buffer and 10 μL of this dilution is added to the assay plate. Blank wells receive 10 μL of the diluted MR lysate containing 3 μM Dexamethasone. 2 μL diluted test compound is transferred to the assay plate for a final starting top concentration of 10 μM in 1% DMSO. The reaction is started by adding 3 μL of 25 nM probe in assay buffer for a final assay concentration of 5 nM.",17633047,B,IC50,9,=,Homo sapiens,CHEMBL3643647,CHEMBL3638806,,,Direct protein target assigned,,,,False,-1,False,False,,,5.380000114440918,,,NR3C2_IC50Ki_554,5.380000114440918,True
CHEMBL1994,N#Cc1ccc(N2N=C(c3ccc(C(=O)O)c(F)c3)CC2C2CCCC2)cc1Cl,N#Cc1ccc(N2N=C(c3ccc(C(=O)O)c(F)c3)C[C@@H]2C2CCCC2)cc1Cl,7.28000020980835,CHEMBL1219662,Antagonist activity at Gal4-tagged mineralocorticoid receptor expressed in human Huh7 cells by luciferase reporter gene assay,3403565,F,IC50,8,=,Homo sapiens,CHEMBL1215128,CHEMBL1212897,,Huh-7,Homologous protein target assigned,,,,False,-1,False,False,,,7.28000020980835,,,NR3C2_IC50Ki_227,7.28000020980835,True
CHEMBL1994,Cc1noc(C)c1S(=O)(=O)NCc1ccc(-c2cccc(C(N)=O)c2)cc1,Cc1noc(C)c1S(=O)(=O)NCc1ccc(-c2cccc(C(N)=O)c2)cc1,5.690000057220459,CHEMBL3090522,Displacement of [3H]aldosterone from GST-tagged human mineralocorticoid receptor ligand binding domain after 4 hrs by liquid scintillation counting,13835664,B,IC50,9,=,Homo sapiens,CHEMBL3086015,CHEMBL3085697,,,Direct protein target assigned,,,,False,-1,False,False,,,5.690000057220459,,,NR3C2_IC50Ki_393,5.690000057220459,True
CHEMBL1994,Cc1cc(C)c(S(=O)(=O)NC(CNc2ccccc2)C(F)(F)F)c(C)c1,Cc1cc(C)c(S(=O)(=O)NC(CNc2ccccc2)C(F)(F)F)c(C)c1,6.579999923706055,CHEMBL3096917,Binding affinity to mineralocorticoid receptor (unknown origin) by fluorescence polarization competitive binding assay,13845360,B,IC50,9,=,Homo sapiens,CHEMBL3093458,CHEMBL3091451,,,Direct protein target assigned,,,,False,-1,False,False,,,6.579999923706055,,,NR3C2_IC50Ki_416,6.579999923706055,True
CHEMBL1994,CC(c1ccc(F)cc1)N1C(=O)OC(Cc2ccccc2)(c2nc3c(C(F)(F)F)cccc3[nH]2)C1=O,C[C@H](c1ccc(F)cc1)N1C(=O)O[C@](Cc2ccccc2)(c2nc3c(C(F)(F)F)cccc3[nH]2)C1=O,6.820000171661377,CHEMBL3578998,Antagonist activity at human mineralocorticoid receptor overexpressed in CHOK1 cells assessed as inhibition of aldosterone-induced protein interaction with coactivator peptide after 6 hrs by luminescence assay,15601436,B,IC50,9,=,Homo sapiens,CHEMBL3578293,CHEMBL3576820,,CHO-K1,Direct protein target assigned,,,,False,-1,False,False,,,6.820000171661377,,,NR3C2_IC50Ki_514,6.820000171661377,True
CHEMBL1994,CNC(=O)CC1COc2ccccc2N1C(=O)c1ccc2c(c1)NC(=O)CO2,CNC(=O)CC1COc2ccccc2N1C(=O)c1ccc2c(c1)NC(=O)CO2;CNC(=O)CC1COc2ccccc2N1C(=O)c1ccc2c(c1)NC(=O)CO2;CNC(=O)C[C@H]1COc2ccccc2N1C(=O)c1ccc2c(c1)NC(=O)CO2;CNC(=O)C[C@H]1COc2ccccc2N1C(=O)c1ccc2c(c1)NC(=O)CO2,6.640;5.750;7.300;6.200,CHEMBL3888754;CHEMBL3888755;CHEMBL4423290;CHEMBL4423293,"Binding Assay: Test A1: Briefly, in Test A1 the assay was run in 384 well format in 10 mM Tris-HCl, pH 7.5, 0.5 mM EDTA 20 mM NaMoO4, 0.1 mM DTT and 10% glycerol at rt. Compounds were tested in a 7 (Test A1) or 10 (Test A2) concentration response curve ranging from 10 nM to 10 μM (Test A1) or 1 nM to 37 μM (Test A2). Compounds were spotted at the bottom of a well of a 384-well PE Opti-Plate to yield final DMSO concentrations in the assay of 2%. Pre-made MBP-MR/P23 lysate: 3H-aldosterone mix (final assay concentration 7 μg/mL MBP-MR LBD/P23 lysate; 5 nM aldosterone) was added onto the top of the spotted compound and preincubated for 1 h at RT. After 1 h an equal volume anti-rabbit SPA beads coupled with rabbit anti-MBP were added to the assay mixture and incubated for 3 hrs at rt. The inhibition of the scintillation signal by displacement of the bound 3H-aldosterone by test compounds is measured by scintillation counting using a Microbeta Trilux (Wallac).;Binding Assay: Test A2: Briefly, in Test A1 the assay was run in 384 well format in 10 mM Tris-HCl, pH 7.5, 0.5 mM EDTA 20 mM NaMoO4, 0.1 mM DTT and 10% glycerol at rt. Compounds were tested in a 7 (Test A1) or 10 (Test A2) concentration response curve ranging from 10 nM to 10 μM (Test A1) or 1 nM to 37 μM (Test A2). Compounds were spotted at the bottom of a well of a 384-well PE Opti-Plate to yield final DMSO concentrations in the assay of 2%. Pre-made MBP-MR/P23 lysate: 3H-aldosterone mix (final assay concentration 7 μg/mL MBP-MR LBD/P23 lysate; 5 nM aldosterone) was added onto the top of the spotted compound and preincubated for 1 h at RT. After 1 h an equal volume anti-rabbit Imaging beads coupled with rabbit anti-MBP were added to the assay mixture and incubated for >8 h at rt. The inhibition of the scintillation signal by displacement of the bound 3H-aldosterone by test compounds is measured by scintillation counting using a CCD camera detection using a LEADseeker (PerkinElmer).;Displacement of [3H]-aldosterone to human mineralocorticoid receptor LBD by radiometric binding assay;Antagonist activity at gal4-fused human mineralocorticoid receptor LBD expressed in UAS-MR-bla HEK293 cells by luciferase reporter gene assay",17778936;17778951;19363273;19363311,B;B;B;B,IC50;IC50;Ki;IC50,8;8;9;9,=;=;=;=,Homo sapiens;Homo sapiens;Homo sapiens;Homo sapiens,CHEMBL3957890;CHEMBL3957890;CHEMBL4453801;CHEMBL4453801,CHEMBL3886822;CHEMBL3886822;CHEMBL4422622;CHEMBL4422622,None;None;None;None,None;None;None;None,Homologous protein target assigned;Homologous protein target assigned;Direct protein target assigned;Direct protein target assigned,None;None;None;None,None;None;None;None,None;None;None;None,False;False;False;False,-1;-1;-1;-1,False;False;False;False,True,6.4725,0.572074077371104,6.42,0.4449999999999998,4.0,NR3C2_IC50Ki_801,6.42,True
CHEMBL1994,COc1cc(CNC(=O)C2(Cc3ccccn3)OC(=O)N(C(C)c3ccccc3)C2=O)cc(OC)c1,COc1cc(CNC(=O)[C@@]2(Cc3ccccn3)OC(=O)N([C@H](C)c3ccccc3)C2=O)cc(OC)c1,5.519999980926514,CHEMBL2411354,Antagonist activity at human mineralocorticoid receptor assessed as inhibition of binding to coactivator peptide by NH Pro assay,13393510,B,IC50,9,=,Homo sapiens,CHEMBL2407872,CHEMBL2407028,,,Direct protein target assigned,,,,False,-1,False,False,,,5.519999980926514,,,NR3C2_IC50Ki_342,5.519999980926514,True
CHEMBL1994,COc1ccc(N2N=C(c3ccc(C(=O)O)cc3)CC2c2ccc(F)cc2)cc1,COc1ccc(N2N=C(c3ccc(C(=O)O)cc3)CC2c2ccc(F)cc2)cc1,5.840000152587891,CHEMBL1219662,Antagonist activity at Gal4-tagged mineralocorticoid receptor expressed in human Huh7 cells by luciferase reporter gene assay,3403543,F,IC50,8,=,Homo sapiens,CHEMBL1214765,CHEMBL1212897,,Huh-7,Homologous protein target assigned,,,,False,-1,False,False,,,5.840000152587891,,,NR3C2_IC50Ki_212,5.840000152587891,True
CHEMBL1994,CCC(Cc1ccc(O)cc1)NS(=O)(=O)c1c(C)cc(C)cc1C,CC[C@@H](Cc1ccc(O)cc1)NS(=O)(=O)c1c(C)cc(C)cc1C,5.28000020980835,CHEMBL3097675,Inhibition of mineralocorticoid receptor (unknown origin) expressed in baculovirus-infected insect cells by fluorescence polarization assay,13858113,B,IC50,9,=,Homo sapiens,CHEMBL3094486,CHEMBL3091417,,,Direct protein target assigned,,,,False,-1,False,False,,,5.28000020980835,,,NR3C2_IC50Ki_433,5.28000020980835,True
CHEMBL1994,CC(C)(CC(O)(CC1CCCCC1)C(=O)Nc1ccc2c(c1)COC2=O)c1cc(F)ccc1O,CC(C)(CC(O)(CC1CCCCC1)C(=O)Nc1ccc2c(c1)COC2=O)c1cc(F)ccc1O,6.849999904632568,CHEMBL880258,Binding affinity towards mineralocorticoid receptor using fluorescence polarization competitive binding assay,1601020,B,IC50,9,=,Homo sapiens,CHEMBL194802,CHEMBL1143464,,,Direct protein target assigned,,,,False,-1,False,False,,,6.849999904632568,,,NR3C2_IC50Ki_079,6.849999904632568,True
CHEMBL1994,COc1ccc(F)cc1C(C)(C)CC(O)(Cc1ccc(C#N)c2ccccc12)C(F)(F)F,COc1ccc(F)cc1C(C)(C)CC(O)(Cc1ccc(C#N)c2ccccc12)C(F)(F)F,6.369999885559082,CHEMBL899207,Displacement of TAMRA labeled mifepristone at human mineralocorticoid receptor in insect cell,1981531,B,IC50,9,=,Homo sapiens,CHEMBL392500,CHEMBL1149697,,,Direct protein target assigned,,,,False,-1,False,False,,,6.369999885559082,,,NR3C2_IC50Ki_148,6.369999885559082,True
CHEMBL1994,Cc1cc(C)c(S(=O)(=O)NC(CSc2ccccc2)C(F)(F)F)c(C)c1,Cc1cc(C)c(S(=O)(=O)NC(CSc2ccccc2)C(F)(F)F)c(C)c1,6.550000190734863,CHEMBL3096917,Binding affinity to mineralocorticoid receptor (unknown origin) by fluorescence polarization competitive binding assay,13845355,B,IC50,9,=,Homo sapiens,CHEMBL3093460,CHEMBL3091451,,,Direct protein target assigned,,,,False,-1,False,False,,,6.550000190734863,,,NR3C2_IC50Ki_412,6.550000190734863,True
CHEMBL1994,COc1ccc(F)cc1C(C)(C)CC(O)(Cc1cc2ccncc2o1)C(F)(F)F,COc1ccc(F)cc1C(C)(C)CC(O)(Cc1cc2ccncc2o1)C(F)(F)F,5.980000019073486,CHEMBL1250866,Binding affinity to mineralocorticoid receptor expressed in baculovirus-infected insect cells using tetramethylrhodamine labeled Dexamethasone by fluorescence polarization microplate assay,3470313,B,IC50,8,=,Homo sapiens,CHEMBL1254906,CHEMBL1250518,,,Homologous protein target assigned,,,,False,-1,False,False,,,5.980000019073486,,,NR3C2_IC50Ki_250,5.980000019073486,True
CHEMBL1994,N#Cc1ccc(N2N=C(c3ccc(C(=O)O)c(OC(F)(F)F)c3)CC2C2CCCC2)cc1Cl,N#Cc1ccc(N2N=C(c3ccc(C(=O)O)c(OC(F)(F)F)c3)C[C@@H]2C2CCCC2)cc1Cl,7.099999904632568,CHEMBL1219662,Antagonist activity at Gal4-tagged mineralocorticoid receptor expressed in human Huh7 cells by luciferase reporter gene assay,3403571,F,IC50,8,=,Homo sapiens,CHEMBL1215199,CHEMBL1212897,,Huh-7,Homologous protein target assigned,,,,False,-1,False,False,,,7.099999904632568,,,NR3C2_IC50Ki_231,7.099999904632568,True
CHEMBL1994,CC1CCc2cc(F)ccc2N1C(=O)c1ccc2c(c1)NC(=O)CO2,C[C@@H]1CCc2cc(F)ccc2N1C(=O)c1ccc2c(c1)NC(=O)CO2;C[C@H]1CCc2cc(F)ccc2N1C(=O)c1ccc2c(c1)NC(=O)CO2;C[C@H]1CCc2cc(F)ccc2N1C(=O)c1ccc2c(c1)NC(=O)CO2,5.200;6.900;6.100,CHEMBL4423290;CHEMBL4423290;CHEMBL4423293,Displacement of [3H]-aldosterone to human mineralocorticoid receptor LBD by radiometric binding assay;Displacement of [3H]-aldosterone to human mineralocorticoid receptor LBD by radiometric binding assay;Antagonist activity at gal4-fused human mineralocorticoid receptor LBD expressed in UAS-MR-bla HEK293 cells by luciferase reporter gene assay,19363264;19363265;19363456,B;B;B,Ki;Ki;IC50,9;9;9,=;=;=,Homo sapiens;Homo sapiens;Homo sapiens,CHEMBL4539557;CHEMBL4440099;CHEMBL4440099,CHEMBL4422622;CHEMBL4422622;CHEMBL4422622,None;None;None,None;None;None,Direct protein target assigned;Direct protein target assigned;Direct protein target assigned,None;None;None,None;None;None,None;None;None,False;False;False,-1;-1;-1,False;False;False,True,6.066666666666667,0.6944222218666554,6.1,0.8000000000000007,3.0,NR3C2_IC50Ki_774,6.1,True
CHEMBL1994,Cc1ccc(F)cc1C(C)(C)CC(O)(Cc1cc2ccncc2[nH]1)C(F)(F)F,Cc1ccc(F)cc1C(C)(C)CC(O)(Cc1cc2ccncc2[nH]1)C(F)(F)F,6.230000019073486,CHEMBL1250866,Binding affinity to mineralocorticoid receptor expressed in baculovirus-infected insect cells using tetramethylrhodamine labeled Dexamethasone by fluorescence polarization microplate assay,3470463,B,IC50,8,=,Homo sapiens,CHEMBL1254079,CHEMBL1250518,,,Homologous protein target assigned,,,,False,-1,False,False,,,6.230000019073486,,,NR3C2_IC50Ki_259,6.230000019073486,True
CHEMBL1994,CC(c1ccccc1)N1C(=O)OC(Cc2ccccc2)(C(=O)NCc2cccc(C(F)(F)F)c2)C1=O,C[C@H](c1ccccc1)N1C(=O)O[C@](Cc2ccccc2)(C(=O)NCc2cccc(C(F)(F)F)c2)C1=O,6.300000190734863,CHEMBL2411354,Antagonist activity at human mineralocorticoid receptor assessed as inhibition of binding to coactivator peptide by NH Pro assay,13393543,B,IC50,9,=,Homo sapiens,CHEMBL2407674,CHEMBL2407028,,,Direct protein target assigned,,,,False,-1,False,False,,,6.300000190734863,,,NR3C2_IC50Ki_365,6.300000190734863,True
CHEMBL1994,CC(C)(CC(O)(Cc1cc2ccncc2[nH]1)C(F)(F)F)c1cc(-c2cccnc2)ccc1O,CC(C)(CC(O)(Cc1cc2ccncc2[nH]1)C(F)(F)F)c1cc(-c2cccnc2)ccc1O,6.639999866485596,CHEMBL1250866,Binding affinity to mineralocorticoid receptor expressed in baculovirus-infected insect cells using tetramethylrhodamine labeled Dexamethasone by fluorescence polarization microplate assay,3470457,B,IC50,8,=,Homo sapiens,CHEMBL1254344,CHEMBL1250518,,,Homologous protein target assigned,,,,False,-1,False,False,,,6.639999866485596,,,NR3C2_IC50Ki_254,6.639999866485596,True
CHEMBL1994,COc1ccc(F)cc1C(C)(C)CC(O)(Cc1ccc(Cl)cc1Cl)C(F)(F)F,COc1ccc(F)cc1C(C)(C)CC(O)(Cc1ccc(Cl)cc1Cl)C(F)(F)F,6.059999942779541,CHEMBL899207,Displacement of TAMRA labeled mifepristone at human mineralocorticoid receptor in insect cell,1981490,B,IC50,9,=,Homo sapiens,CHEMBL392568,CHEMBL1149697,,,Direct protein target assigned,,,,False,-1,False,False,,,6.059999942779541,,,NR3C2_IC50Ki_133,6.059999942779541,True
CHEMBL1994,CCC(Cc1cccc(C)c1)NS(=O)(=O)c1c(C)cc(C)cc1C,CCC(Cc1cccc(C)c1)NS(=O)(=O)c1c(C)cc(C)cc1C,6.400000095367432,CHEMBL3097675,Inhibition of mineralocorticoid receptor (unknown origin) expressed in baculovirus-infected insect cells by fluorescence polarization assay,13858129,B,IC50,9,=,Homo sapiens,CHEMBL3094470,CHEMBL3091417,,,Direct protein target assigned,,,,False,-1,False,False,,,6.400000095367432,,,NR3C2_IC50Ki_447,6.400000095367432,True
CHEMBL1994,COC(=O)C1=C(C)NC(C)=C(C(=O)OC(C)(C)C)C1c1ccccc1F,COC(=O)C1=C(C)NC(C)=C(C(=O)OC(C)(C)C)C1c1ccccc1F,5.699999809265137,CHEMBL1219573,Antagonist activity at mineralocorticoid receptor LBD expressed in human HUH7 cells coexpressing GAL4 by luciferase reporter gene assay,3403393,F,IC50,8,=,Homo sapiens,CHEMBL1215046,CHEMBL1212896,,Huh-7,Homologous protein target assigned,,,,False,-1,False,False,,,5.699999809265137,,,NR3C2_IC50Ki_165,5.699999809265137,True
CHEMBL1994,CC(c1ccc(F)cc1)N1C(=O)OC(Cc2ccccc2)(c2nc3cc(OC(F)(F)F)ccc3[nH]2)C1=O,C[C@H](c1ccc(F)cc1)N1C(=O)O[C@](Cc2ccccc2)(c2nc3cc(OC(F)(F)F)ccc3[nH]2)C1=O,6.75,CHEMBL3578998,Antagonist activity at human mineralocorticoid receptor overexpressed in CHOK1 cells assessed as inhibition of aldosterone-induced protein interaction with coactivator peptide after 6 hrs by luminescence assay,15601455,B,IC50,9,=,Homo sapiens,CHEMBL3578275,CHEMBL3576820,,CHO-K1,Direct protein target assigned,,,,False,-1,False,False,,,6.75,,,NR3C2_IC50Ki_533,6.75,True
CHEMBL1994,COc1cccc2c1-c1ccc3c(c1C(c1cccc(OCSC)c1)O2)C(C)=CC(C)(C)N3,COc1cccc2c1-c1ccc3c(c1C(c1cccc(OCSC)c1)O2)C(C)=CC(C)(C)N3,5.420000076293945,CHEMBL844554,Binding affinity for mineralocorticoid receptor,1052160,B,Ki,9,=,Homo sapiens,CHEMBL97206,CHEMBL1134574,,,Direct protein target assigned,,,,False,-1,False,False,,,5.420000076293945,,,NR3C2_IC50Ki_055,5.420000076293945,True
CHEMBL1994,Cc1ccc(F)cc1C(C)(C)CC(O)(Cc1cc2ncncc2[nH]1)C(F)(F)F,Cc1ccc(F)cc1C(C)(C)C[C@@](O)(Cc1cc2ncncc2[nH]1)C(F)(F)F;Cc1ccc(F)cc1C(C)(C)CC(O)(Cc1cc2ncncc2[nH]1)C(F)(F)F,6.320;6.070,CHEMBL3132584;CHEMBL3132584,Competitive binding affinity to mineralocorticoid receptor (unknown origin) expressed in baculovirus-infected cell system after 1 hr by fluorescence polarization assay in presence of tetramethylrhodamine-labeled dexamethasone;Competitive binding affinity to mineralocorticoid receptor (unknown origin) expressed in baculovirus-infected cell system after 1 hr by fluorescence polarization assay in presence of tetramethylrhodamine-labeled dexamethasone,13945729;13945748,B;B,IC50;IC50,9;9,=;=,Homo sapiens;Homo sapiens,CHEMBL3126949;CHEMBL3126953,CHEMBL3124926;CHEMBL3124926,None;None,None;None,Direct protein target assigned;Direct protein target assigned,None;None,None;None,None;None,False;False,-1;-1,False;False,True,6.195,0.125,6.195,0.125,2.0,NR3C2_IC50Ki_715,6.195,True
CHEMBL1994,CCC(c1ccc(C(F)(F)F)cc1)(C(C)O)n1ncc2c(NS(C)(=O)=O)cccc21,CC[C@@](c1ccc(C(F)(F)F)cc1)(C(C)O)n1ncc2c(NS(C)(=O)=O)cccc21,7.699999809265137,CHEMBL4342250,Antagonist activity at mineralocorticoid receptor (unknown origin),18995773,B,IC50,9,=,Homo sapiens,CHEMBL4528746,CHEMBL4340566,,,Direct protein target assigned,,,,False,-1,False,False,,,7.699999809265137,,,NR3C2_IC50Ki_659,7.699999809265137,True
CHEMBL1994,CC(c1ccc(F)cc1)N1C(=O)OC(Cc2ccccc2)(c2nc3cc(F)ccc3[nH]2)C1=O,C[C@H](c1ccc(F)cc1)N1C(=O)O[C@](Cc2ccccc2)(c2nc3cc(F)ccc3[nH]2)C1=O,6.639999866485596,CHEMBL3578998,Antagonist activity at human mineralocorticoid receptor overexpressed in CHOK1 cells assessed as inhibition of aldosterone-induced protein interaction with coactivator peptide after 6 hrs by luminescence assay,15601457,B,IC50,9,=,Homo sapiens,CHEMBL3578273,CHEMBL3576820,,CHO-K1,Direct protein target assigned,,,,False,-1,False,False,,,6.639999866485596,,,NR3C2_IC50Ki_535,6.639999866485596,True
CHEMBL1994,COc1cc(CNC(=O)C2(Cc3ccccc3)OC(=O)N(C(C)C3CCCCC3)C2=O)cc(OC)c1,COc1cc(CNC(=O)[C@@]2(Cc3ccccc3)OC(=O)N([C@H](C)C3CCCCC3)C2=O)cc(OC)c1,7.849999904632568,CHEMBL2411354,Antagonist activity at human mineralocorticoid receptor assessed as inhibition of binding to coactivator peptide by NH Pro assay,13393496,B,IC50,9,=,Homo sapiens,CHEMBL2407646,CHEMBL2407028,,,Direct protein target assigned,,,,False,-1,False,False,,,7.849999904632568,,,NR3C2_IC50Ki_333,7.849999904632568,True
CHEMBL1994,Cc1ccccc1-n1nccc1-c1ccnc(NC(N)=O)c1,Cc1ccccc1-n1nccc1-c1ccnc(NC(N)=O)c1,6.550000190734863,CHEMBL3705363,"Competitive Molecular Binding Assay: The MR competitive binding assay is based on the binding and displacement of a TAMRA-labeled Dexamethasone probe with fluorescence polarization (FP) detection. The assay is performed in 384-well, low volume NBS black plates (Corning #3676) in assay buffer consisting of 10 mM TES, pH 7.4, 50 mM KCl, 20 mM Sodium molybdate, 1.5 mM EDTA, 0.04% CHAPS, 10% Glycerol and 1 mM DTT. Full Length human mineralocorticoid receptor (hMR) present in a baculovirus infected insect cell lysate is diluted 2 fold in assay buffer and 10 μL of this dilution is added to the assay plate. Blank wells receive 10 μL of the diluted MR lysate containing 3 μM Dexamethasone. 2 μL diluted test compound is transferred to the assay plate for a final starting top concentration of 10 μM in 1% DMSO. The reaction is started by adding 3 μL of 25 nM probe in assay buffer for a final assay concentration of 5 nM.",17633051,B,IC50,9,=,Homo sapiens,CHEMBL3643651,CHEMBL3638806,,,Direct protein target assigned,,,,False,-1,False,False,,,6.550000190734863,,,NR3C2_IC50Ki_558,6.550000190734863,True
CHEMBL1994,COC(=O)C1=C(Cn2cccn2)NC(C)=C(C#N)C1c1ccc(F)cc1Cl,COC(=O)C1=C(Cn2cccn2)NC(C)=C(C#N)C1c1ccc(F)cc1Cl,7.269999980926514,CHEMBL1219573,Antagonist activity at mineralocorticoid receptor LBD expressed in human HUH7 cells coexpressing GAL4 by luciferase reporter gene assay,3403471,F,IC50,8,=,Homo sapiens,CHEMBL1215620,CHEMBL1212896,,Huh-7,Homologous protein target assigned,,,,False,-1,False,False,,,7.269999980926514,,,NR3C2_IC50Ki_204,7.269999980926514,True
CHEMBL1994,CC12CCC(=O)C=C1C1CC1C1C2CCC2(C)C1C1CC1C21CCC(=O)O1,C[C@@]12CCC(=O)C=C1[C@H]1C[C@H]1[C@@H]1[C@H]3[C@H]4C[C@H]4[C@]4(CCC(=O)O4)[C@]3(C)CC[C@H]12,8.479999542236328,CHEMBL3706043,"Receptor Binding Assay: Using cytosol from progesterone receptor-expressing insect cells (Hi5), competitive binding to the progesterone receptor was determined from the ability to displace 3H-progesterone as reference substance from the receptor. If a compound has an affinity corresponding to progesterone, this corresponds to a competition factor (CF) of 1. CF values greater than 1 are characterized by a lower affinity for the progesterone receptor, and CF values of less than 1 are characterized by higher affinity. The test was carried out as test above, with the following modifications: cytosol from mineralocorticoid receptor-expressing insect cells (Hi5) was used, and the reference substance was 3H-aldosterone.",17681967,B,IC50,9,=,Homo sapiens,CHEMBL3926496,CHEMBL3638672,,,Direct protein target assigned,,,,False,-1,False,False,,,8.479999542236328,,,NR3C2_IC50Ki_601,8.479999542236328,True
CHEMBL1994,CC(=C1c2ccccc2COc2ccccc21)c1cccc(NS(C)(=O)=O)c1,C/C(=C1/c2ccccc2COc2ccccc21)c1cccc(NS(C)(=O)=O)c1,9.470000267028809,CHEMBL3122505,Displacement of [3H]-aldosterone from human mineralocorticoid receptor expressed in HEK293 cells,13934681,B,Ki,9,=,Homo sapiens,CHEMBL3120319,CHEMBL3120138,,HEK293,Direct protein target assigned,,,,False,-1,False,False,,,9.470000267028809,,,NR3C2_IC50Ki_450,9.470000267028809,True
CHEMBL1994,Cc1cc(-c2cccc3cc[nH]c23)c(Cl)c2c1NC(C)(C)C(O)C2(C)C,Cc1cc(-c2cccc3cc[nH]c23)c(Cl)c2c1NC(C)(C)C(O)C2(C)C,6.050000190734863,CHEMBL1648957,Binding affinity to mineralocorticoid receptor,5122371,B,Ki,8,=,Homo sapiens,CHEMBL1644761,CHEMBL1641544,,,Homologous protein target assigned,,,,False,-1,False,False,,,6.050000190734863,,,NR3C2_IC50Ki_265,6.050000190734863,True
CHEMBL1994,CC(c1ccccc1)N1C(=O)OC(Cc2ccccc2)(C(=O)NCc2cccnc2)C1=O,C[C@H](c1ccccc1)N1C(=O)O[C@](Cc2ccccc2)(C(=O)NCc2cccnc2)C1=O,4.889999866485596,CHEMBL2411354,Antagonist activity at human mineralocorticoid receptor assessed as inhibition of binding to coactivator peptide by NH Pro assay,13393523,B,IC50,9,=,Homo sapiens,CHEMBL2407859,CHEMBL2407028,,,Direct protein target assigned,,,,False,-1,False,False,,,4.889999866485596,,,NR3C2_IC50Ki_350,4.889999866485596,True
CHEMBL1994,CCC(Cc1ccc(C)cc1C)NS(=O)(=O)c1c(C)cc(C)cc1C,CCC(Cc1ccc(C)cc1C)NS(=O)(=O)c1c(C)cc(C)cc1C,5.619999885559082,CHEMBL3097675,Inhibition of mineralocorticoid receptor (unknown origin) expressed in baculovirus-infected insect cells by fluorescence polarization assay,13858125,B,IC50,9,=,Homo sapiens,CHEMBL3094474,CHEMBL3091417,,,Direct protein target assigned,,,,False,-1,False,False,,,5.619999885559082,,,NR3C2_IC50Ki_444,5.619999885559082,True
CHEMBL1994,C#CC1(O)CCC2C3CCC4=CC(=O)CCC4=C3C(c3ccc(N(C)C(=O)CNC(=O)OC4CCC5(C)C(C4)CC(O)C4C5CC(O)C5(C)C(C(C)CCC(=O)O)CCC45)cc3)CC21C,C#C[C@]1(O)CC[C@H]2[C@@H]3CCC4=CC(=O)CCC4=C3[C@@H](c3ccc(N(C)C(=O)CNC(=O)OC4CC[C@@]5(C)[C@@H](C4)C[C@@H](O)[C@@H]4[C@@H]5C[C@H](O)[C@]5(C)[C@@H]([C@H](C)CCC(=O)O)CC[C@@H]45)cc3)C[C@@]21C,6.510000228881836,CHEMBL839923,Inhibition of human Mineralocorticoid receptor,1463104,B,Ki,9,=,Homo sapiens,CHEMBL411185,CHEMBL1138676,,,Direct protein target assigned,,,,False,-1,False,False,,,6.510000228881836,,,NR3C2_IC50Ki_060,6.510000228881836,True
CHEMBL1994,CCCC1=C(C(=O)OC)C(c2ccccc2)C(C#N)=C(C)N1,CCCC1=C(C(=O)OC)C(c2ccccc2)C(C#N)=C(C)N1,5.130000114440918,CHEMBL1219573,Antagonist activity at mineralocorticoid receptor LBD expressed in human HUH7 cells coexpressing GAL4 by luciferase reporter gene assay,3403428,F,IC50,8,=,Homo sapiens,CHEMBL1215548,CHEMBL1212896,,Huh-7,Homologous protein target assigned,,,,False,-1,False,False,,,5.130000114440918,,,NR3C2_IC50Ki_199,5.130000114440918,True
CHEMBL1994,CNC(=O)CC1COc2cc(Br)ccc2N1C(=O)c1ccc2c(c1)NC(=O)CO2,CNC(=O)CC1COc2cc(Br)ccc2N1C(=O)c1ccc2c(c1)NC(=O)CO2;CNC(=O)CC1COc2cc(Br)ccc2N1C(=O)c1ccc2c(c1)NC(=O)CO2;CNC(=O)CC1COc2cc(Br)ccc2N1C(=O)c1ccc2c(c1)NC(=O)CO2;CNC(=O)C[C@H]1COc2cc(Br)ccc2N1C(=O)c1ccc2c(c1)NC(=O)CO2;CNC(=O)C[C@H]1COc2cc(Br)ccc2N1C(=O)c1ccc2c(c1)NC(=O)CO2,7.400;5.800;8.000;8.600;7.300,CHEMBL3888754;CHEMBL3888754;CHEMBL3888754;CHEMBL4423290;CHEMBL4423293,"Binding Assay: Test A1: Briefly, in Test A1 the assay was run in 384 well format in 10 mM Tris-HCl, pH 7.5, 0.5 mM EDTA 20 mM NaMoO4, 0.1 mM DTT and 10% glycerol at rt. Compounds were tested in a 7 (Test A1) or 10 (Test A2) concentration response curve ranging from 10 nM to 10 μM (Test A1) or 1 nM to 37 μM (Test A2). Compounds were spotted at the bottom of a well of a 384-well PE Opti-Plate to yield final DMSO concentrations in the assay of 2%. Pre-made MBP-MR/P23 lysate: 3H-aldosterone mix (final assay concentration 7 μg/mL MBP-MR LBD/P23 lysate; 5 nM aldosterone) was added onto the top of the spotted compound and preincubated for 1 h at RT. After 1 h an equal volume anti-rabbit SPA beads coupled with rabbit anti-MBP were added to the assay mixture and incubated for 3 hrs at rt. The inhibition of the scintillation signal by displacement of the bound 3H-aldosterone by test compounds is measured by scintillation counting using a Microbeta Trilux (Wallac).;Binding Assay: Test A1: Briefly, in Test A1 the assay was run in 384 well format in 10 mM Tris-HCl, pH 7.5, 0.5 mM EDTA 20 mM NaMoO4, 0.1 mM DTT and 10% glycerol at rt. Compounds were tested in a 7 (Test A1) or 10 (Test A2) concentration response curve ranging from 10 nM to 10 μM (Test A1) or 1 nM to 37 μM (Test A2). Compounds were spotted at the bottom of a well of a 384-well PE Opti-Plate to yield final DMSO concentrations in the assay of 2%. Pre-made MBP-MR/P23 lysate: 3H-aldosterone mix (final assay concentration 7 μg/mL MBP-MR LBD/P23 lysate; 5 nM aldosterone) was added onto the top of the spotted compound and preincubated for 1 h at RT. After 1 h an equal volume anti-rabbit SPA beads coupled with rabbit anti-MBP were added to the assay mixture and incubated for 3 hrs at rt. The inhibition of the scintillation signal by displacement of the bound 3H-aldosterone by test compounds is measured by scintillation counting using a Microbeta Trilux (Wallac).;Binding Assay: Test A1: Briefly, in Test A1 the assay was run in 384 well format in 10 mM Tris-HCl, pH 7.5, 0.5 mM EDTA 20 mM NaMoO4, 0.1 mM DTT and 10% glycerol at rt. Compounds were tested in a 7 (Test A1) or 10 (Test A2) concentration response curve ranging from 10 nM to 10 μM (Test A1) or 1 nM to 37 μM (Test A2). Compounds were spotted at the bottom of a well of a 384-well PE Opti-Plate to yield final DMSO concentrations in the assay of 2%. Pre-made MBP-MR/P23 lysate: 3H-aldosterone mix (final assay concentration 7 μg/mL MBP-MR LBD/P23 lysate; 5 nM aldosterone) was added onto the top of the spotted compound and preincubated for 1 h at RT. After 1 h an equal volume anti-rabbit SPA beads coupled with rabbit anti-MBP were added to the assay mixture and incubated for 3 hrs at rt. The inhibition of the scintillation signal by displacement of the bound 3H-aldosterone by test compounds is measured by scintillation counting using a Microbeta Trilux (Wallac).;Displacement of [3H]-aldosterone to human mineralocorticoid receptor LBD by radiometric binding assay;Antagonist activity at gal4-fused human mineralocorticoid receptor LBD expressed in UAS-MR-bla HEK293 cells by luciferase reporter gene assay",17778947;17778948;17778949;19363279;19363317,B;B;B;B;B,IC50;IC50;IC50;Ki;IC50,8;8;8;9;9,=;=;=;=;=,Homo sapiens;Homo sapiens;Homo sapiens;Homo sapiens;Homo sapiens,CHEMBL3910950;CHEMBL3910950;CHEMBL3910950;CHEMBL4573596;CHEMBL4573596,CHEMBL3886822;CHEMBL3886822;CHEMBL3886822;CHEMBL4422622;CHEMBL4422622,None;None;None;None;None,None;None;None;None;None,Homologous protein target assigned;Homologous protein target assigned;Homologous protein target assigned;Direct protein target assigned;Direct protein target assigned,None;None;None;None;None,None;None;None;None;None,None;None;None;None;None,False;False;False;False;False,-1;-1;-1;-1;-1,False;False;False;False;False,True,7.419999999999999,0.9346657156438338,7.4,0.5999999999999996,5.0,NR3C2_IC50Ki_803,7.4,True
CHEMBL1994,Cc1nn(Cc2ccncc2)c(-c2ccc(F)cc2)c1-c1ccc2c(c1)NC(=O)CO2,Cc1nn(Cc2ccncc2)c(-c2ccc(F)cc2)c1-c1ccc2c(c1)NC(=O)CO2;Cc1nn(Cc2ccncc2)c(-c2ccc(F)cc2)c1-c1ccc2c(c1)NC(=O)CO2,6.280;6.370,CHEMBL3381811;CHEMBL3381815,Displacement of [3H]aldosterone from human mineralocorticoid receptor expressed in 293 cells after 16 hrs by scintillation counting;Antagonist activity at human mineralocorticoid receptor expressed in COS1 cells after 1 day by luciferase reporter gene assay,15095247;15099896,B;B,IC50;IC50,9;9,=;=,Homo sapiens;Homo sapiens,CHEMBL3337822;CHEMBL3337822,CHEMBL3351638;CHEMBL3351638,None;None,293;COS-1,Direct protein target assigned;Direct protein target assigned,None;None,None;None,None;None,False;False,-1;-1,False;False,True,6.325,0.0449999999999999,6.325,0.0449999999999999,2.0,NR3C2_IC50Ki_877,6.325,True
CHEMBL1994,CCC(Cc1cc(Cl)cc(Cl)c1)NS(=O)(=O)c1c(C)cc(C)cc1C,CCC(Cc1cc(Cl)cc(Cl)c1)NS(=O)(=O)c1c(C)cc(C)cc1C,6.820000171661377,CHEMBL3097675,Inhibition of mineralocorticoid receptor (unknown origin) expressed in baculovirus-infected insect cells by fluorescence polarization assay,13858121,B,IC50,9,=,Homo sapiens,CHEMBL3094478,CHEMBL3091417,,,Direct protein target assigned,,,,False,-1,False,False,,,6.820000171661377,,,NR3C2_IC50Ki_440,6.820000171661377,True
CHEMBL1994,CC(C)(CC(O)(Cc1cc2ccncc2[nH]1)C(F)(F)F)c1cccc2c1OCC2,CC(C)(CC(O)(Cc1cc2ccncc2[nH]1)C(F)(F)F)c1cccc2c1OCC2,6.110000133514404,CHEMBL1250866,Binding affinity to mineralocorticoid receptor expressed in baculovirus-infected insect cells using tetramethylrhodamine labeled Dexamethasone by fluorescence polarization microplate assay,3470464,B,IC50,8,=,Homo sapiens,CHEMBL1254419,CHEMBL1250518,,,Homologous protein target assigned,,,,False,-1,False,False,,,6.110000133514404,,,NR3C2_IC50Ki_260,6.110000133514404,True
CHEMBL1994,CC(=O)C1=C(C)NC(C)=C(C(=O)OC2CCC2)C1c1cccc2c(=O)cc(C)oc12,CC(=O)C1=C(C)NC(C)=C(C(=O)OC2CCC2)[C@@H]1c1cccc2c(=O)cc(C)oc12,8.149999618530273,CHEMBL4008023,Antagonist activity at Gal4-fused human MR LBD (734 to 985 residues) expressed in CHO-K1 cells after 5 to 6 hrs by luciferase reporter gene assay,18033276,B,IC50,9,=,Homo sapiens,CHEMBL4104632,CHEMBL4007392,,,Direct protein target assigned,,,,False,-1,False,False,,,8.149999618530273,,,NR3C2_IC50Ki_618,8.149999618530273,True
CHEMBL1994,CC(c1ccccc1)N1C(=O)OC(Cc2ccccc2)(C(=O)Nc2ccccc2Cl)C1=O,C[C@H](c1ccccc1)N1C(=O)O[C@](Cc2ccccc2)(C(=O)Nc2ccccc2Cl)C1=O,6.0,CHEMBL2411354,Antagonist activity at human mineralocorticoid receptor assessed as inhibition of binding to coactivator peptide by NH Pro assay,13393536,B,IC50,9,=,Homo sapiens,CHEMBL2407681,CHEMBL2407028,,,Direct protein target assigned,,,,False,-1,False,False,,,6.0,,,NR3C2_IC50Ki_359,6.0,True
CHEMBL1994,Cc1c[nH]c2c(-c3c(F)cc4c(c3F)C(=NOC(C)(C)C)CC(C)(C)N4)cccc12,Cc1c[nH]c2c(-c3c(F)cc4c(c3F)/C(=N/OC(C)(C)C)CC(C)(C)N4)cccc12,5.800000190734863,CHEMBL1762869,Binding affinity to mineralocorticoid receptor,6150037,B,Ki,8,=,Homo sapiens,CHEMBL1762202,CHEMBL1759905,,,Homologous protein target assigned,,,,False,-1,False,False,,,5.800000190734863,,,NR3C2_IC50Ki_280,5.800000190734863,True
CHEMBL1994,COC(=O)C1=C(C)NC(C)=C(C(=O)OC(C)(C)C)C1c1cccc(Cl)c1,COC(=O)C1=C(C)NC(C)=C(C(=O)OC(C)(C)C)C1c1cccc(Cl)c1,6.289999961853027,CHEMBL1219573,Antagonist activity at mineralocorticoid receptor LBD expressed in human HUH7 cells coexpressing GAL4 by luciferase reporter gene assay,3403400,F,IC50,8,=,Homo sapiens,CHEMBL1215124,CHEMBL1212896,,Huh-7,Homologous protein target assigned,,,,False,-1,False,False,,,6.289999961853027,,,NR3C2_IC50Ki_172,6.289999961853027,True
CHEMBL1994,CCC(Cc1ccc(O)c2ccccc12)NS(=O)(=O)c1c(C)cc(C)cc1C,CCC(Cc1ccc(O)c2ccccc12)NS(=O)(=O)c1c(C)cc(C)cc1C,6.960000038146973,CHEMBL3097675,Inhibition of mineralocorticoid receptor (unknown origin) expressed in baculovirus-infected insect cells by fluorescence polarization assay,13858114,B,IC50,9,=,Homo sapiens,CHEMBL3094485,CHEMBL3091417,,,Direct protein target assigned,,,,False,-1,False,False,,,6.960000038146973,,,NR3C2_IC50Ki_434,6.960000038146973,True
CHEMBL1994,CC(c1ccc(F)cc1)N1C(=O)OC(Cc2ccccc2)(C(=O)Nc2ccc(Cl)cc2)C1=O,C[C@H](c1ccc(F)cc1)N1C(=O)O[C@](Cc2ccccc2)(C(=O)Nc2ccc(Cl)cc2)C1=O,6.75,CHEMBL2411354,Antagonist activity at human mineralocorticoid receptor assessed as inhibition of binding to coactivator peptide by NH Pro assay,13393538,B,IC50,9,=,Homo sapiens,CHEMBL2407679,CHEMBL2407028,,,Direct protein target assigned,,,,False,-1,False,False,,,6.75,,,NR3C2_IC50Ki_361,6.75,True
CHEMBL1994,O=C1COc2ccc(-c3cc(C(F)(F)F)nn3-c3cccc(F)c3)cc2N1,O=C1COc2ccc(-c3cc(C(F)(F)F)nn3-c3cccc(F)c3)cc2N1,5.960000038146973,CHEMBL1929756,Displacement of [3H]aldosterone from cytosolic human MR expressed in HEK293 cells after 16 hrs by scintillation counting,7969251,B,IC50,9,=,Homo sapiens,CHEMBL1929033,CHEMBL1926625,,HEK293,Direct protein target assigned,,,,False,-1,False,False,,,5.960000038146973,,,NR3C2_IC50Ki_319,5.960000038146973,True
CHEMBL1994,O=C1COc2ccc(N3CCOCC3c3ccccc3)nc2N1,O=C1COc2ccc(N3CCOC[C@H]3c3ccccc3)nc2N1;O=C1COc2ccc(N3CCOC[C@H]3c3ccccc3)nc2N1;O=C1COc2ccc(N3CCOC[C@H]3c3ccccc3)nc2N1,5.710;5.930;5.710,CHEMBL4008037;CHEMBL4028141;CHEMBL4028145,Antagonist activity at Gal4-fused MR LBD (unknown origin) expressed in human Huh7 cells assessed as inhibition of aldosterone-induced transcriptional activity after 3 hrs by luciferase reporter gene assay;Displacement of [3H]-aldosterone from human GST-tagged MR ligand binding domain after 4 hrs by liquid scintillation counting;Antagonist activity at human GAL4-DBD fused MR ligand binding domain transfected in human Huh7 cells co-expressing GAL4-RE-Luc assessed as reduction in aldosterone-induced luciferase activity after 16 hrs in presence of serum by luciferase reporter gene assay,18033394;18126816;18126801,B;B;B,IC50;IC50;IC50,9;9;9,=;=;=,Homo sapiens;Homo sapiens;Homo sapiens,CHEMBL4079083;CHEMBL4079083;CHEMBL4079083,CHEMBL4007392;CHEMBL4024791;CHEMBL4024791,None;None;None,None;None;None,Direct protein target assigned;Direct protein target assigned;Direct protein target assigned,None;None;None,None;None;None,None;None;None,False;False;False,-1;-1;-1,False;False;False,True,5.783333333333334,0.1037089945740268,5.71,0.0,3.0,NR3C2_IC50Ki_791,5.71,True
CHEMBL1994,COc1ccc(F)cc1C(C)(C)CC(O)(CN1CCCc2ccccc21)C(F)(F)F,COc1ccc(F)cc1C(C)(C)CC(O)(CN1CCCc2ccccc21)C(F)(F)F,5.800000190734863,CHEMBL909351,Inhibition of tetramethylrhodamine labeled dexamethasone binding to MR by FP assay,1799406,B,IC50,8,=,Homo sapiens,CHEMBL218976,CHEMBL1138857,,,Homologous protein target assigned,,,,False,-1,False,False,,,5.800000190734863,,,NR3C2_IC50Ki_090,5.800000190734863,True
CHEMBL1994,NC(=O)Nc1cc(CC(c2ccccc2)c2ccccc2)ccn1,NC(=O)Nc1cc(CC(c2ccccc2)c2ccccc2)ccn1;NC(=O)Nc1cc(CC(c2ccccc2)c2ccccc2)ccn1,7.890;7.360,CHEMBL3705363;CHEMBL4008028,"Competitive Molecular Binding Assay: The MR competitive binding assay is based on the binding and displacement of a TAMRA-labeled Dexamethasone probe with fluorescence polarization (FP) detection. The assay is performed in 384-well, low volume NBS black plates (Corning #3676) in assay buffer consisting of 10 mM TES, pH 7.4, 50 mM KCl, 20 mM Sodium molybdate, 1.5 mM EDTA, 0.04% CHAPS, 10% Glycerol and 1 mM DTT. Full Length human mineralocorticoid receptor (hMR) present in a baculovirus infected insect cell lysate is diluted 2 fold in assay buffer and 10 μL of this dilution is added to the assay plate. Blank wells receive 10 μL of the diluted MR lysate containing 3 μM Dexamethasone. 2 μL diluted test compound is transferred to the assay plate for a final starting top concentration of 10 μM in 1% DMSO. The reaction is started by adding 3 μL of 25 nM probe in assay buffer for a final assay concentration of 5 nM.;Antagonist activity at Gal4-fused human MR LBD expressed in HEK293T cells assessed as inhibition of aldosterone-induced transactivation activity after 18 hrs by luciferase reporter gene assay",17633075;18033350,B;B,IC50;IC50,9;9,=;=,Homo sapiens;Homo sapiens,CHEMBL3643673;CHEMBL3643673,CHEMBL3638806;CHEMBL4007392,None;None,None;HEK-293T,Direct protein target assigned;Direct protein target assigned,None;None,None;None,None;None,False;False,-1;-1,False;False,True,7.625,0.2649999999999997,7.625,0.2649999999999997,2.0,NR3C2_IC50Ki_824,7.625,True
CHEMBL1994,COC(=O)C1=C(C)NC(C)=C(C(=O)OC(C)(C)C)C1c1ccc(Cl)cc1,COC(=O)C1=C(C)NC(C)=C(C(=O)OC(C)(C)C)C1c1ccc(Cl)cc1,6.5,CHEMBL1219573,Antagonist activity at mineralocorticoid receptor LBD expressed in human HUH7 cells coexpressing GAL4 by luciferase reporter gene assay,3403409,F,IC50,8,=,Homo sapiens,CHEMBL1215259,CHEMBL1212896,,Huh-7,Homologous protein target assigned,,,,False,-1,False,False,,,6.5,,,NR3C2_IC50Ki_181,6.5,True
CHEMBL1994,NC(=O)CC1CNc2cc(Cl)ccc2N1C(=O)c1ccc2c(c1)NC(=O)CO2,NC(=O)C[C@H]1CNc2cc(Cl)ccc2N1C(=O)c1ccc2c(c1)NC(=O)CO2;NC(=O)C[C@H]1CNc2cc(Cl)ccc2N1C(=O)c1ccc2c(c1)NC(=O)CO2,8.100;6.900,CHEMBL4423290;CHEMBL4423293,Displacement of [3H]-aldosterone to human mineralocorticoid receptor LBD by radiometric binding assay;Antagonist activity at gal4-fused human mineralocorticoid receptor LBD expressed in UAS-MR-bla HEK293 cells by luciferase reporter gene assay,19363285;19363661,B;B,Ki;IC50,9;9,=;=,Homo sapiens;Homo sapiens,CHEMBL4544614;CHEMBL4544614,CHEMBL4422622;CHEMBL4422622,None;None,None;None,Direct protein target assigned;Direct protein target assigned,None;None,None;None,None;None,False;False,-1;-1,False;False,True,7.5,0.5999999999999996,7.5,0.5999999999999996,2.0,NR3C2_IC50Ki_785,7.5,True
CHEMBL1994,CC#CC1(O)CCC2C3CCC4=CC(=O)CCC4(Cc4ccc(C)cc4)C3=CCC21C,CC#C[C@]1(O)CC[C@H]2[C@@H]3CCC4=CC(=O)CC[C@]4(Cc4ccc(C)cc4)C3=CC[C@@]21C,5.199999809265137,CHEMBL828398,Inhibition of human mineralocorticoid receptor,1495645,B,IC50,9,=,Homo sapiens,CHEMBL363151,CHEMBL1141148,,,Direct protein target assigned,,,,False,-1,False,False,,,5.199999809265137,,,NR3C2_IC50Ki_069,5.199999809265137,True
CHEMBL1994,COc1ccc(F)cc1C(C)(C)CC(O)(Cc1ccc(C#N)cc1)C(F)(F)F,COc1ccc(F)cc1C(C)(C)CC(O)(Cc1ccc(C#N)cc1)C(F)(F)F,6.289999961853027,CHEMBL899207,Displacement of TAMRA labeled mifepristone at human mineralocorticoid receptor in insect cell,1981482,B,IC50,9,=,Homo sapiens,CHEMBL429987,CHEMBL1149697,,,Direct protein target assigned,,,,False,-1,False,False,,,6.289999961853027,,,NR3C2_IC50Ki_131,6.289999961853027,True
CHEMBL1994,Cc1cc(C)c(S(=O)(=O)NC(C)Cc2c[nH]c3ccccc23)c(C)c1,Cc1cc(C)c(S(=O)(=O)N[C@@H](C)Cc2c[nH]c3ccccc23)c(C)c1;Cc1cc(C)c(S(=O)(=O)N[C@H](C)Cc2c[nH]c3ccccc23)c(C)c1;Cc1cc(C)c(S(=O)(=O)NC(C)Cc2c[nH]c3ccccc23)c(C)c1;Cc1cc(C)c(S(=O)(=O)N[C@@H](C)Cc2c[nH]c3ccccc23)c(C)c1,6.000;6.280;6.540;6.540,CHEMBL890123;CHEMBL890123;CHEMBL890123;CHEMBL3096917,Inhibition of human MR;Inhibition of human MR;Inhibition of human MR;Binding affinity to mineralocorticoid receptor (unknown origin) by fluorescence polarization competitive binding assay,1959081;1959082;1959084;13845354,B;B;B;B,IC50;IC50;IC50;IC50,9;9;9;9,=;=;=;=,Homo sapiens;Homo sapiens;Homo sapiens;Homo sapiens,CHEMBL395795;CHEMBL243863;CHEMBL232452;CHEMBL395795,CHEMBL1146304;CHEMBL1146304;CHEMBL1146304;CHEMBL3091451,None;None;None;None,None;None;None;None,Direct protein target assigned;Direct protein target assigned;Direct protein target assigned;Direct protein target assigned,None;None;None;None,None;None;None;None,None;None;None;None,False;False;False;False,-1;-1;-1;-1,False;False;False;False,True,6.34,0.2231591360442139,6.41,0.1299999999999999,4.0,NR3C2_IC50Ki_732,6.41,True
CHEMBL1994,CC(C)(CC(O)(Cc1cc2ncncc2[nH]1)C(F)(F)F)c1ccc(F)cc1O,CC(C)(CC(O)(Cc1cc2ncncc2[nH]1)C(F)(F)F)c1ccc(F)cc1O,5.920000076293945,CHEMBL3132584,Competitive binding affinity to mineralocorticoid receptor (unknown origin) expressed in baculovirus-infected cell system after 1 hr by fluorescence polarization assay in presence of tetramethylrhodamine-labeled dexamethasone,13945736,B,IC50,9,=,Homo sapiens,CHEMBL3126942,CHEMBL3124926,,,Direct protein target assigned,,,,False,-1,False,False,,,5.920000076293945,,,NR3C2_IC50Ki_456,5.920000076293945,True
CHEMBL1994,COc1ccc(F)cc1C(C)(C)CC(O)(Cc1cc(C)cc(C)c1)C(F)(F)F,COc1ccc(F)cc1C(C)(C)CC(O)(Cc1cc(C)cc(C)c1)C(F)(F)F,6.659999847412109,CHEMBL899207,Displacement of TAMRA labeled mifepristone at human mineralocorticoid receptor in insect cell,1981492,B,IC50,9,=,Homo sapiens,CHEMBL393392,CHEMBL1149697,,,Direct protein target assigned,,,,False,-1,False,False,,,6.659999847412109,,,NR3C2_IC50Ki_135,6.659999847412109,True
CHEMBL1994,COC(=O)C1=C(C)NC(C)=C(C(=O)OC(C)(C)C)C1c1ccccc1Cl,COC(=O)C1=C(C)NC(C)=C(C(=O)OC(C)(C)C)C1c1ccccc1Cl,6.210000038146973,CHEMBL1219573,Antagonist activity at mineralocorticoid receptor LBD expressed in human HUH7 cells coexpressing GAL4 by luciferase reporter gene assay,3403392,F,IC50,8,=,Homo sapiens,CHEMBL1215045,CHEMBL1212896,,Huh-7,Homologous protein target assigned,,,,False,-1,False,False,,,6.210000038146973,,,NR3C2_IC50Ki_164,6.210000038146973,True
CHEMBL1994,CC1=CC(C)(C)Nc2ccc3c(c21)COc1ccc(F)cc1-3,CC1=CC(C)(C)Nc2ccc3c(c21)COc1ccc(F)cc1-3,5.5,CHEMBL729172,Inhibition of antagonist activity towards mineralocorticoid receptor (hMR),833724,F,IC50,9,=,Homo sapiens,CHEMBL65079,CHEMBL1144945,,,Direct protein target assigned,,,,False,-1,False,False,,,5.5,,,NR3C2_IC50Ki_028,5.5,True
CHEMBL1994,COc1nc(C2=NN(c3ccc(C#N)c(C)c3)C(C3CCCC3)C2)ccc1C(=O)O,COc1nc(C2=NN(c3ccc(C#N)c(C)c3)[C@@H](C3CCCC3)C2)ccc1C(=O)O;COc1nc(C2=NN(c3ccc(C#N)c(C)c3)[C@@H](C3CCCC3)C2)ccc1C(=O)O;COc1nc(C2=NN(c3ccc(C#N)c(C)c3)[C@H](C3CCCC3)C2)ccc1C(=O)O,8.740;8.350;5.350,CHEMBL3265995;CHEMBL3265996;CHEMBL3265996,Binding affinity to mineralocorticoid receptor (unknown origin);Antagonist activity at mineralocorticoid receptor (unknown origin) by Gal4-based cellular assay;Antagonist activity at mineralocorticoid receptor (unknown origin) by Gal4-based cellular assay,14658161;14658168;14658169,B;B;B,IC50;IC50;IC50,9;9;9,=;=;=,Homo sapiens;Homo sapiens;Homo sapiens,CHEMBL3263752;CHEMBL3263752;CHEMBL3263753,CHEMBL3259597;CHEMBL3259597;CHEMBL3259597,None;None;None,None;None;None,Direct protein target assigned;Direct protein target assigned;Direct protein target assigned,None;None;None,None;None;None,None;None;None,False;False;False,-1;-1;-1,False;False;False,True,7.479999999999999,1.514529629951161,8.35,0.3900000000000005,3.0,NR3C2_IC50Ki_839,8.35,True
CHEMBL1994,COC(=O)C1=C(C(C)C)NC(C)=C(C#N)C1c1ccccc1Cl,COC(=O)C1=C(C(C)C)NC(C)=C(C#N)C1c1ccccc1Cl,6.679999828338623,CHEMBL1219573,Antagonist activity at mineralocorticoid receptor LBD expressed in human HUH7 cells coexpressing GAL4 by luciferase reporter gene assay,3403422,F,IC50,8,=,Homo sapiens,CHEMBL1215407,CHEMBL1212896,,Huh-7,Homologous protein target assigned,,,,False,-1,False,False,,,6.679999828338623,,,NR3C2_IC50Ki_193,6.679999828338623,True
CHEMBL1994,COC(=O)C1=C(C)NC(C)=C(C(=O)OC(C)(C)C)C1c1cccc([N+](=O)[O-])c1,COC(=O)C1=C(C)NC(C)=C(C(=O)OC(C)(C)C)[C@@H]1c1cccc([N+](=O)[O-])c1;COC(=O)C1=C(C)NC(C)=C(C(=O)OC(C)(C)C)C1c1cccc([N+](=O)[O-])c1;COC(=O)C1=C(C)NC(C)=C(C(=O)OC(C)(C)C)[C@H]1c1cccc([N+](=O)[O-])c1,7.340;6.900;6.270,CHEMBL1120985;CHEMBL1120985;CHEMBL1120985,Antagonist activity at Gal4-fused mineralocorticoid receptor expressed in human HuH7 cells assessed as inhibition of aldosterone-induced receptor activation by luciferase reporter gene assay;Antagonist activity at Gal4-fused mineralocorticoid receptor expressed in human HuH7 cells assessed as inhibition of aldosterone-induced receptor activation by luciferase reporter gene assay;Antagonist activity at Gal4-fused mineralocorticoid receptor expressed in human HuH7 cells assessed as inhibition of aldosterone-induced receptor activation by luciferase reporter gene assay,3285840;3285843;3285847,F;F;F,IC50;IC50;IC50,8;8;8,=;=;=,Homo sapiens;Homo sapiens;Homo sapiens,CHEMBL1099083;CHEMBL1095098;CHEMBL1094113,CHEMBL1157753;CHEMBL1157753;CHEMBL1157753,None;None;None,Huh-7;Huh-7;Huh-7,Homologous protein target assigned;Homologous protein target assigned;Homologous protein target assigned,None;None;None,None;None;None,None;None;None,False;False;False,-1;-1;-1,False;False;False,True,6.836666666666666,0.439115272135031,6.9,0.4399999999999995,3.0,NR3C2_IC50Ki_783,6.9,True
CHEMBL1994,COc1ccc(F)cc1C(C)(C)CC(O)(Cc1cc2cnccc2[nH]1)C(C)(C)C,COc1ccc(F)cc1C(C)(C)CC(O)(Cc1cc2cnccc2[nH]1)C(C)(C)C,6.190000057220459,CHEMBL3241425,Displacement of TAMRA-labeled dexamethasone from mineralocorticoid receptor (unknown origin) by fluorescence polarization assay,14566755,B,IC50,9,=,Homo sapiens,CHEMBL3233277,CHEMBL3232739,,,Direct protein target assigned,,,,False,-1,False,False,,,6.190000057220459,,,NR3C2_IC50Ki_485,6.190000057220459,True
CHEMBL1994,CC(c1ccccc1)N1C(=O)OC(Cc2ccccc2)(C(=O)NCc2ccc(Cl)cc2)C1=O,C[C@H](c1ccccc1)N1C(=O)O[C@](Cc2ccccc2)(C(=O)NCc2ccc(Cl)cc2)C1=O,6.699999809265137,CHEMBL2411354,Antagonist activity at human mineralocorticoid receptor assessed as inhibition of binding to coactivator peptide by NH Pro assay,13393548,B,IC50,9,=,Homo sapiens,CHEMBL2407669,CHEMBL2407028,,,Direct protein target assigned,,,,False,-1,False,False,,,6.699999809265137,,,NR3C2_IC50Ki_368,6.699999809265137,True
CHEMBL1994,COc1ccc(F)cc1C(C)(C)CC(O)(Cc1cc(C)cc(Cl)c1)C(F)(F)F,COc1ccc(F)cc1C(C)(C)CC(O)(Cc1cc(C)cc(Cl)c1)C(F)(F)F,6.03000020980835,CHEMBL899207,Displacement of TAMRA labeled mifepristone at human mineralocorticoid receptor in insect cell,1981509,B,IC50,9,=,Homo sapiens,CHEMBL392499,CHEMBL1149697,,,Direct protein target assigned,,,,False,-1,False,False,,,6.03000020980835,,,NR3C2_IC50Ki_140,6.03000020980835,True
CHEMBL1994,COC(=O)C1=C(C)NC(C)=C(C(=O)OC(C)(C)C)C1c1cccc(C(F)(F)F)c1,COC(=O)C1=C(C)NC(C)=C(C(=O)OC(C)(C)C)C1c1cccc(C(F)(F)F)c1,6.150000095367432,CHEMBL1219573,Antagonist activity at mineralocorticoid receptor LBD expressed in human HUH7 cells coexpressing GAL4 by luciferase reporter gene assay,3403401,F,IC50,8,=,Homo sapiens,CHEMBL1215125,CHEMBL1212896,,Huh-7,Homologous protein target assigned,,,,False,-1,False,False,,,6.150000095367432,,,NR3C2_IC50Ki_173,6.150000095367432,True
CHEMBL1994,CC1=CC(C)(C)Nc2ccc3c(c21)C(c1cccc(C(F)(F)F)c1)Oc1ccccc1-3,CC1=CC(C)(C)Nc2ccc3c(c21)C(c1cccc(C(F)(F)F)c1)Oc1ccccc1-3,5.650000095367432,CHEMBL729160,Antagonistic activity was determined in Human mineralocorticoid receptor(hMR) of CV-1 cells in cotransfection assay.,1189010,F,IC50,8,=,Homo sapiens,CHEMBL318513,CHEMBL1131454,,CV-1,Homologous protein target assigned,,,,False,-1,False,False,,,5.650000095367432,,,NR3C2_IC50Ki_006,5.650000095367432,True
CHEMBL1994,NC(=O)Nc1cc(-c2ccnn2-c2cccc(F)c2)ccn1,NC(=O)Nc1cc(-c2ccnn2-c2cccc(F)c2)ccn1,6.510000228881836,CHEMBL3705363,"Competitive Molecular Binding Assay: The MR competitive binding assay is based on the binding and displacement of a TAMRA-labeled Dexamethasone probe with fluorescence polarization (FP) detection. The assay is performed in 384-well, low volume NBS black plates (Corning #3676) in assay buffer consisting of 10 mM TES, pH 7.4, 50 mM KCl, 20 mM Sodium molybdate, 1.5 mM EDTA, 0.04% CHAPS, 10% Glycerol and 1 mM DTT. Full Length human mineralocorticoid receptor (hMR) present in a baculovirus infected insect cell lysate is diluted 2 fold in assay buffer and 10 μL of this dilution is added to the assay plate. Blank wells receive 10 μL of the diluted MR lysate containing 3 μM Dexamethasone. 2 μL diluted test compound is transferred to the assay plate for a final starting top concentration of 10 μM in 1% DMSO. The reaction is started by adding 3 μL of 25 nM probe in assay buffer for a final assay concentration of 5 nM.",17633063,B,IC50,9,=,Homo sapiens,CHEMBL3643663,CHEMBL3638806,,,Direct protein target assigned,,,,False,-1,False,False,,,6.510000228881836,,,NR3C2_IC50Ki_568,6.510000228881836,True
CHEMBL1994,CC(c1ccccc1)N1C(=O)OC(Cc2ccccc2)(C(=O)Nc2cccc(Cl)c2)C1=O,C[C@H](c1ccccc1)N1C(=O)O[C@](Cc2ccccc2)(C(=O)Nc2cccc(Cl)c2)C1=O,5.699999809265137,CHEMBL2411354,Antagonist activity at human mineralocorticoid receptor assessed as inhibition of binding to coactivator peptide by NH Pro assay,13393537,B,IC50,9,=,Homo sapiens,CHEMBL2407680,CHEMBL2407028,,,Direct protein target assigned,,,,False,-1,False,False,,,5.699999809265137,,,NR3C2_IC50Ki_360,5.699999809265137,True
CHEMBL1994,CC(O)(CC(C)(C)c1ccccc1)C(=O)Nc1ccc2c(c1)COC2=O,CC(O)(CC(C)(C)c1ccccc1)C(=O)Nc1ccc2c(c1)COC2=O,7.21999979019165,CHEMBL880258,Binding affinity towards mineralocorticoid receptor using fluorescence polarization competitive binding assay,1600926,B,IC50,9,=,Homo sapiens,CHEMBL195021,CHEMBL1143464,,,Direct protein target assigned,,,,False,-1,False,False,,,7.21999979019165,,,NR3C2_IC50Ki_073,7.21999979019165,True
CHEMBL1994,CCC1CC2=CC(=O)CCC2C2CCC3(C)C(CCC34C=CCO4)C12,CC[C@@H]1CC2=CC(=O)CC[C@@H]2[C@H]2CC[C@@]3(C)[C@@H](CC[C@@]34C=CCO4)[C@H]12,6.510000228881836,CHEMBL3706043,"Receptor Binding Assay: Using cytosol from progesterone receptor-expressing insect cells (Hi5), competitive binding to the progesterone receptor was determined from the ability to displace 3H-progesterone as reference substance from the receptor. If a compound has an affinity corresponding to progesterone, this corresponds to a competition factor (CF) of 1. CF values greater than 1 are characterized by a lower affinity for the progesterone receptor, and CF values of less than 1 are characterized by higher affinity. The test was carried out as test above, with the following modifications: cytosol from mineralocorticoid receptor-expressing insect cells (Hi5) was used, and the reference substance was 3H-aldosterone.",17681971,B,IC50,9,=,Homo sapiens,CHEMBL3692348,CHEMBL3638672,,,Direct protein target assigned,,,,False,-1,False,False,,,6.510000228881836,,,NR3C2_IC50Ki_605,6.510000228881836,True
CHEMBL1994,Cc1onc(-c2ccc3c(c2)NC(=O)CO3)c1-c1ccc(F)cc1,Cc1onc(-c2ccc3c(c2)NC(=O)CO3)c1-c1ccc(F)cc1;Cc1onc(-c2ccc3c(c2)NC(=O)CO3)c1-c1ccc(F)cc1,6.150;5.850,CHEMBL3381811;CHEMBL3381815,Displacement of [3H]aldosterone from human mineralocorticoid receptor expressed in 293 cells after 16 hrs by scintillation counting;Antagonist activity at human mineralocorticoid receptor expressed in COS1 cells after 1 day by luciferase reporter gene assay,15095234;15099884,B;B,IC50;IC50,9;9,=;=,Homo sapiens;Homo sapiens,CHEMBL3337724;CHEMBL3337724,CHEMBL3351638;CHEMBL3351638,None;None,293;COS-1,Direct protein target assigned;Direct protein target assigned,None;None,None;None,None;None,False;False,-1;-1,False;False,True,6.0,0.1500000000000003,6.0,0.1500000000000003,2.0,NR3C2_IC50Ki_820,6.0,True
CHEMBL1994,CCC(CC)(c1ccc(Cl)cc1)c1cnc2c(NS(C)(=O)=O)cccn12,CCC(CC)(c1ccc(Cl)cc1)c1cnc2c(NS(C)(=O)=O)cccn12,5.110000133514404,CHEMBL4342250,Antagonist activity at mineralocorticoid receptor (unknown origin),18995769,B,IC50,9,=,Homo sapiens,CHEMBL4583438,CHEMBL4340566,,,Direct protein target assigned,,,,False,-1,False,False,,,5.110000133514404,,,NR3C2_IC50Ki_655,5.110000133514404,True
CHEMBL1994,COc1ccc(F)cc1C(C)(C)CC(O)(Cc1cc(C)cc(C)c1C#N)C(F)(F)F,COc1ccc(F)cc1C(C)(C)CC(O)(Cc1cc(C)cc(C)c1C#N)C(F)(F)F,6.599999904632568,CHEMBL899207,Displacement of TAMRA labeled mifepristone at human mineralocorticoid receptor in insect cell,1981528,B,IC50,9,=,Homo sapiens,CHEMBL392501,CHEMBL1149697,,,Direct protein target assigned,,,,False,-1,False,False,,,6.599999904632568,,,NR3C2_IC50Ki_145,6.599999904632568,True
CHEMBL1994,N#Cc1ccc(N2N=C3c4ccc(C(=O)O)cc4CC3C2c2ccc(F)cc2)cc1,N#Cc1ccc(N2N=C3c4ccc(C(=O)O)cc4C[C@@H]3[C@@H]2c2ccc(F)cc2)cc1,5.360000133514404,CHEMBL1219662,Antagonist activity at Gal4-tagged mineralocorticoid receptor expressed in human Huh7 cells by luciferase reporter gene assay,3403574,F,IC50,8,=,Homo sapiens,CHEMBL1215264,CHEMBL1212897,,Huh-7,Homologous protein target assigned,,,,False,-1,False,False,,,5.360000133514404,,,NR3C2_IC50Ki_234,5.360000133514404,True
CHEMBL1994,N#Cc1ccc(N2N=C(c3ccc(C(=O)O)cc3)CC2Cc2ccccc2)cc1,N#Cc1ccc(N2N=C(c3ccc(C(=O)O)cc3)CC2Cc2ccccc2)cc1,5.440000057220459,CHEMBL1219662,Antagonist activity at Gal4-tagged mineralocorticoid receptor expressed in human Huh7 cells by luciferase reporter gene assay,3403556,F,IC50,8,=,Homo sapiens,CHEMBL1214970,CHEMBL1212897,,Huh-7,Homologous protein target assigned,,,,False,-1,False,False,,,5.440000057220459,,,NR3C2_IC50Ki_220,5.440000057220459,True
CHEMBL1994,CC(c1ccccc1)N1C(=O)OC(Cc2ccccc2)(C(=O)Nc2cccc(F)c2)C1=O,C[C@H](c1ccccc1)N1C(=O)O[C@](Cc2ccccc2)(C(=O)Nc2cccc(F)c2)C1=O,6.519999980926514,CHEMBL2411354,Antagonist activity at human mineralocorticoid receptor assessed as inhibition of binding to coactivator peptide by NH Pro assay,13393534,B,IC50,9,=,Homo sapiens,CHEMBL2407683,CHEMBL2407028,,,Direct protein target assigned,,,,False,-1,False,False,,,6.519999980926514,,,NR3C2_IC50Ki_357,6.519999980926514,True
CHEMBL1994,CC1NC(=O)C(c2ccc(F)cc2)=C1c1cc(Cl)c2c(c1)NC(=O)CO2,CC1NC(=O)C(c2ccc(F)cc2)=C1c1cc(Cl)c2c(c1)NC(=O)CO2,7.639999866485596,CHEMBL2423838,Displacement of [3H]-Aldosterone from human MR expressed in 293 cells after 16 hrs by scintillation counting,13416304,B,IC50,9,=,Homo sapiens,CHEMBL2419300,CHEMBL2417412,,HEK293,Direct protein target assigned,,,,False,-1,False,False,,,7.639999866485596,,,NR3C2_IC50Ki_375,7.639999866485596,True
CHEMBL1994,COc1ccc(F)cc1C(C)(C)CC(O)(Cc1ccc(C=O)cc1)C(F)(F)F,COc1ccc(F)cc1C(C)(C)CC(O)(Cc1ccc(C=O)cc1)C(F)(F)F,6.190000057220459,CHEMBL899207,Displacement of TAMRA labeled mifepristone at human mineralocorticoid receptor in insect cell,1981483,B,IC50,9,=,Homo sapiens,CHEMBL391917,CHEMBL1149697,,,Direct protein target assigned,,,,False,-1,False,False,,,6.190000057220459,,,NR3C2_IC50Ki_132,6.190000057220459,True
CHEMBL1994,CCC(Cc1cccc2ccccc12)NS(=O)(=O)c1c(C)cc(C)cc1C,CCC(Cc1cccc2ccccc12)NS(=O)(=O)c1c(C)cc(C)cc1C,6.71999979019165,CHEMBL3097675,Inhibition of mineralocorticoid receptor (unknown origin) expressed in baculovirus-infected insect cells by fluorescence polarization assay,13858120,B,IC50,9,=,Homo sapiens,CHEMBL3094479,CHEMBL3091417,,,Direct protein target assigned,,,,False,-1,False,False,,,6.71999979019165,,,NR3C2_IC50Ki_439,6.71999979019165,True
CHEMBL1994,Cc1cc(-c2ccc3c(c2)NC(=O)CO3)n(-c2ccc(F)cc2)n1,Cc1cc(-c2ccc3c(c2)NC(=O)CO3)n(-c2ccc(F)cc2)n1,5.960000038146973,CHEMBL1929756,Displacement of [3H]aldosterone from cytosolic human MR expressed in HEK293 cells after 16 hrs by scintillation counting,7969242,B,IC50,9,=,Homo sapiens,CHEMBL1928882,CHEMBL1926625,,HEK293,Direct protein target assigned,,,,False,-1,False,False,,,5.960000038146973,,,NR3C2_IC50Ki_311,5.960000038146973,True
CHEMBL1994,COc1nc(C2=NN(c3ccc(C#N)c(C)n3)C(C(C)C)C2)ccc1C(=O)O,COc1nc(C2=NN(c3ccc(C#N)c(C)n3)[C@@H](C(C)C)C2)ccc1C(=O)O,7.510000228881836,CHEMBL3265996,Antagonist activity at mineralocorticoid receptor (unknown origin) by Gal4-based cellular assay,14658175,B,IC50,9,=,Homo sapiens,CHEMBL3263759,CHEMBL3259597,,,Direct protein target assigned,,,,False,-1,False,False,,,7.510000228881836,,,NR3C2_IC50Ki_495,7.510000228881836,True
CHEMBL1994,COc1cccc2c1-c1ccc(NS(C)(=O)=O)cc1C(c1cccc(Cl)c1)O2,COc1cccc2c1-c1ccc(NS(C)(=O)=O)cc1C(c1cccc(Cl)c1)O2,5.670000076293945,CHEMBL728558,Displacement of [3H]aldosterone from human Mineralocorticoid receptor,616096,B,IC50,9,=,Homo sapiens,CHEMBL65695,CHEMBL1147539,,,Direct protein target assigned,,,,False,-1,False,False,,,5.670000076293945,,,NR3C2_IC50Ki_041,5.670000076293945,True
CHEMBL1994,COc1cc(F)ccc1-c1c(CN(C)Cc2ccccc2)[nH]c2c(NS(C)(=O)=O)cc(C(C)C)cc12,COc1cc(F)ccc1-c1c(CN(C)Cc2ccccc2)[nH]c2c(NS(C)(=O)=O)cc(C(C)C)cc12,5.800000190734863,CHEMBL3607224,Displacement of [3H]-aldosterone from human mineralocorticoid receptor expressed in HEK293 cells by scintillation counting based radioligand competition binding assay,15684198,B,Ki,9,=,Homo sapiens,CHEMBL3605919,CHEMBL3603837,,HEK293,Direct protein target assigned,,,,False,-1,False,False,,,5.800000190734863,,,NR3C2_IC50Ki_538,5.800000190734863,True
CHEMBL1994,O=c1[nH]c(N2CCC(c3ccccc3)CC2)c(Cc2ccccc2Cl)c(=O)[nH]1,O=c1[nH]c(N2CCC(c3ccccc3)CC2)c(Cc2ccccc2Cl)c(=O)[nH]1,5.460000038146973,CHEMBL890431,Displacement of [3H]aldosterone from mineralocorticoid receptor expressed in Sf9 cells,1909952,B,Ki,8,=,Homo sapiens,CHEMBL398171,CHEMBL1146208,,Sf9,Homologous protein target assigned,,,,False,-1,False,False,,,5.460000038146973,,,NR3C2_IC50Ki_108,5.460000038146973,True
CHEMBL1994,COc1ccc(C#N)cc1-c1ccc(CNS(=O)(=O)c2c(C)noc2C)cc1,COc1ccc(C#N)cc1-c1ccc(CNS(=O)(=O)c2c(C)noc2C)cc1,7.349999904632568,CHEMBL3090522,Displacement of [3H]aldosterone from GST-tagged human mineralocorticoid receptor ligand binding domain after 4 hrs by liquid scintillation counting,13835685,B,IC50,9,=,Homo sapiens,CHEMBL3086014,CHEMBL3085697,,,Direct protein target assigned,,,,False,-1,False,False,,,7.349999904632568,,,NR3C2_IC50Ki_405,7.349999904632568,True
CHEMBL1994,COc1cccc2c1-c1ccc3c(c1C(c1cccc(OC(=O)N(C)C)c1)O2)C(C)=CC(C)(C)N3,COc1cccc2c1-c1ccc3c(c1C(c1cccc(OC(=O)N(C)C)c1)O2)C(C)=CC(C)(C)N3,5.409999847412109,CHEMBL844554,Binding affinity for mineralocorticoid receptor,1053392,B,Ki,9,=,Homo sapiens,CHEMBL317578,CHEMBL1134574,,,Direct protein target assigned,,,,False,-1,False,False,,,5.409999847412109,,,NR3C2_IC50Ki_056,5.409999847412109,True
CHEMBL1994,O=C1COc2ccc(C3=Nc4ccccc4SC3c3ccccc3)cc2N1,O=C1COc2ccc(C3=Nc4ccccc4SC3c3ccccc3)cc2N1,7.159999847412109,CHEMBL1929756,Displacement of [3H]aldosterone from cytosolic human MR expressed in HEK293 cells after 16 hrs by scintillation counting,7969238,B,IC50,9,=,Homo sapiens,CHEMBL1928878,CHEMBL1926625,,HEK293,Direct protein target assigned,,,,False,-1,False,False,,,7.159999847412109,,,NR3C2_IC50Ki_309,7.159999847412109,True
CHEMBL1994,COc1cc(CNC(=O)C2(Cc3ccccc3)OC(=O)N(C(C)c3ccc(Cl)cc3)C2=O)cc(OC)c1,COc1cc(CNC(=O)[C@@]2(Cc3ccccc3)OC(=O)N([C@H](C)c3ccc(Cl)cc3)C2=O)cc(OC)c1,7.260000228881836,CHEMBL2411354,Antagonist activity at human mineralocorticoid receptor assessed as inhibition of binding to coactivator peptide by NH Pro assay,13393497,B,IC50,9,=,Homo sapiens,CHEMBL2407645,CHEMBL2407028,,,Direct protein target assigned,,,,False,-1,False,False,,,7.260000228881836,,,NR3C2_IC50Ki_334,7.260000228881836,True
CHEMBL1994,COc1cc(OC)nc(-c2nnc(C3(Cc4ccccc4)OC(=O)N(C(C)c4ccccc4)C3=O)o2)n1,COc1cc(OC)nc(-c2nnc([C@@]3(Cc4ccccc4)OC(=O)N([C@H](C)c4ccccc4)C3=O)o2)n1,6.889999866485596,CHEMBL3241715,Antagonist activity at mineralocorticoid receptor (unknown origin) by PathHunter assay,14566223,B,IC50,9,=,Homo sapiens,CHEMBL3234861,CHEMBL3232811,,,Direct protein target assigned,,,,False,-1,False,False,,,6.889999866485596,,,NR3C2_IC50Ki_478,6.889999866485596,True
CHEMBL1994,CCc1ccccc1C=C1Oc2ccc(F)cc2-c2ccc3c(c21)C(C)=CC(C)(C)N3,CCc1ccccc1/C=C1\Oc2ccc(F)cc2-c2ccc3c(c21)C(C)=CC(C)(C)N3,6.480000019073486,CHEMBL729167,Inhibitory activity against human Mineralocorticoid receptor,39904,B,IC50,9,=,Homo sapiens,CHEMBL415524,CHEMBL1145087,,,Direct protein target assigned,,,,False,-1,False,False,,,6.480000019073486,,,NR3C2_IC50Ki_024,6.480000019073486,True
CHEMBL1994,COc1cc(CNC(=O)C2(Cc3cccc(Cl)c3)OC(=O)N(C(C)c3ccccc3)C2=O)cc(OC)c1,COc1cc(CNC(=O)[C@@]2(Cc3cccc(Cl)c3)OC(=O)N([C@H](C)c3ccccc3)C2=O)cc(OC)c1,6.119999885559082,CHEMBL2411354,Antagonist activity at human mineralocorticoid receptor assessed as inhibition of binding to coactivator peptide by NH Pro assay,13393505,B,IC50,9,=,Homo sapiens,CHEMBL2407637,CHEMBL2407028,,,Direct protein target assigned,,,,False,-1,False,False,,,6.119999885559082,,,NR3C2_IC50Ki_338,6.119999885559082,True
CHEMBL1994,Cc1cc(-c2c(C)nn(C)c2-c2ccc(F)cc2)cc2c1OCC(=O)N2,Cc1cc(-c2c(C)nn(C)c2-c2ccc(F)cc2)cc2c1OCC(=O)N2;Cc1cc(-c2c(C)nn(C)c2-c2ccc(F)cc2)cc2c1OCC(=O)N2,6.820;6.460,CHEMBL3381811;CHEMBL3381815,Displacement of [3H]aldosterone from human mineralocorticoid receptor expressed in 293 cells after 16 hrs by scintillation counting;Antagonist activity at human mineralocorticoid receptor expressed in COS1 cells after 1 day by luciferase reporter gene assay,15095238;15099888,B;B,IC50;IC50,9;9,=;=,Homo sapiens;Homo sapiens,CHEMBL3337728;CHEMBL3337728,CHEMBL3351638;CHEMBL3351638,None;None,293;COS-1,Direct protein target assigned;Direct protein target assigned,None;None,None;None,None;None,False;False,-1;-1,False;False,True,6.640000000000001,0.1800000000000001,6.640000000000001,0.1800000000000001,2.0,NR3C2_IC50Ki_855,6.640000000000001,True
CHEMBL1994,N#Cc1ccc(N2N=C(c3ccc4[nH]c(=O)oc4c3)CC2c2ccc(F)cc2)cc1,N#Cc1ccc(N2N=C(c3ccc4[nH]c(=O)oc4c3)CC2c2ccc(F)cc2)cc1;N#Cc1ccc(N2N=C(c3ccc4[nH]c(=O)oc4c3)C[C@@H]2c2ccc(F)cc2)cc1;N#Cc1ccc(N2N=C(c3ccc4[nH]c(=O)oc4c3)C[C@H]2c2ccc(F)cc2)cc1,7.240;7.390;5.680,CHEMBL1219662;CHEMBL1219662;CHEMBL1219662,Antagonist activity at Gal4-tagged mineralocorticoid receptor expressed in human Huh7 cells by luciferase reporter gene assay;Antagonist activity at Gal4-tagged mineralocorticoid receptor expressed in human Huh7 cells by luciferase reporter gene assay;Antagonist activity at Gal4-tagged mineralocorticoid receptor expressed in human Huh7 cells by luciferase reporter gene assay,3403530;3403531;3403532,F;F;F,IC50;IC50;IC50,8;8;8,=;=;=,Homo sapiens;Homo sapiens;Homo sapiens,CHEMBL1215690;CHEMBL1215691;CHEMBL1215692,CHEMBL1212897;CHEMBL1212897;CHEMBL1212897,None;None;None,Huh-7;Huh-7;Huh-7,Homologous protein target assigned;Homologous protein target assigned;Homologous protein target assigned,None;None;None,None;None;None,None;None;None,False;False;False,-1;-1;-1,False;False;False,True,6.77,0.7731752712031084,7.24,0.1499999999999994,3.0,NR3C2_IC50Ki_757,7.24,True
CHEMBL1994,CC12CCCCC1Nc1cc3nc(O)cc(C(F)(F)F)c3cc12,C[C@]12CCCC[C@H]1Nc1cc3nc(O)cc(C(F)(F)F)c3cc12,5.71999979019165,CHEMBL728560,Antagonistic activity against hMR in co-transfected CV-1 cell,302191,F,IC50,8,=,Homo sapiens,CHEMBL351447,CHEMBL1130772,,CV-1,Homologous protein target assigned,,,,False,-1,False,False,,,5.71999979019165,,,NR3C2_IC50Ki_051,5.71999979019165,True
CHEMBL1994,CC(O)(Cc1ccnc(NC(N)=O)c1)c1ccccc1,CC(O)(Cc1ccnc(NC(N)=O)c1)c1ccccc1,5.170000076293945,CHEMBL3705363,"Competitive Molecular Binding Assay: The MR competitive binding assay is based on the binding and displacement of a TAMRA-labeled Dexamethasone probe with fluorescence polarization (FP) detection. The assay is performed in 384-well, low volume NBS black plates (Corning #3676) in assay buffer consisting of 10 mM TES, pH 7.4, 50 mM KCl, 20 mM Sodium molybdate, 1.5 mM EDTA, 0.04% CHAPS, 10% Glycerol and 1 mM DTT. Full Length human mineralocorticoid receptor (hMR) present in a baculovirus infected insect cell lysate is diluted 2 fold in assay buffer and 10 μL of this dilution is added to the assay plate. Blank wells receive 10 μL of the diluted MR lysate containing 3 μM Dexamethasone. 2 μL diluted test compound is transferred to the assay plate for a final starting top concentration of 10 μM in 1% DMSO. The reaction is started by adding 3 μL of 25 nM probe in assay buffer for a final assay concentration of 5 nM.",17633078,B,IC50,9,=,Homo sapiens,CHEMBL3643676,CHEMBL3638806,,,Direct protein target assigned,,,,False,-1,False,False,,,5.170000076293945,,,NR3C2_IC50Ki_578,5.170000076293945,True
CHEMBL1994,NC(=O)CC1COc2cc(Cl)ccc2N1C(=O)c1ccc2c(c1)NC(=O)CO2,NC(=O)C[C@H]1COc2cc(Cl)ccc2N1C(=O)c1ccc2c(c1)NC(=O)CO2;NC(=O)C[C@@H]1COc2cc(Cl)ccc2N1C(=O)c1ccc2c(c1)NC(=O)CO2;NC(=O)C[C@H]1COc2cc(Cl)ccc2N1C(=O)c1ccc2c(c1)NC(=O)CO2;NC(=O)C[C@H]1COc2cc(Cl)ccc2N1C(=O)c1ccc2c(c1)NC(=O)CO2,7.800;5.310;8.400;7.300,CHEMBL3888754;CHEMBL3888754;CHEMBL4423290;CHEMBL4423293,"Binding Assay: Test A1: Briefly, in Test A1 the assay was run in 384 well format in 10 mM Tris-HCl, pH 7.5, 0.5 mM EDTA 20 mM NaMoO4, 0.1 mM DTT and 10% glycerol at rt. Compounds were tested in a 7 (Test A1) or 10 (Test A2) concentration response curve ranging from 10 nM to 10 μM (Test A1) or 1 nM to 37 μM (Test A2). Compounds were spotted at the bottom of a well of a 384-well PE Opti-Plate to yield final DMSO concentrations in the assay of 2%. Pre-made MBP-MR/P23 lysate: 3H-aldosterone mix (final assay concentration 7 μg/mL MBP-MR LBD/P23 lysate; 5 nM aldosterone) was added onto the top of the spotted compound and preincubated for 1 h at RT. After 1 h an equal volume anti-rabbit SPA beads coupled with rabbit anti-MBP were added to the assay mixture and incubated for 3 hrs at rt. The inhibition of the scintillation signal by displacement of the bound 3H-aldosterone by test compounds is measured by scintillation counting using a Microbeta Trilux (Wallac).;Binding Assay: Test A1: Briefly, in Test A1 the assay was run in 384 well format in 10 mM Tris-HCl, pH 7.5, 0.5 mM EDTA 20 mM NaMoO4, 0.1 mM DTT and 10% glycerol at rt. Compounds were tested in a 7 (Test A1) or 10 (Test A2) concentration response curve ranging from 10 nM to 10 μM (Test A1) or 1 nM to 37 μM (Test A2). Compounds were spotted at the bottom of a well of a 384-well PE Opti-Plate to yield final DMSO concentrations in the assay of 2%. Pre-made MBP-MR/P23 lysate: 3H-aldosterone mix (final assay concentration 7 μg/mL MBP-MR LBD/P23 lysate; 5 nM aldosterone) was added onto the top of the spotted compound and preincubated for 1 h at RT. After 1 h an equal volume anti-rabbit SPA beads coupled with rabbit anti-MBP were added to the assay mixture and incubated for 3 hrs at rt. The inhibition of the scintillation signal by displacement of the bound 3H-aldosterone by test compounds is measured by scintillation counting using a Microbeta Trilux (Wallac).;Displacement of [3H]-aldosterone to human mineralocorticoid receptor LBD by radiometric binding assay;Antagonist activity at gal4-fused human mineralocorticoid receptor LBD expressed in UAS-MR-bla HEK293 cells by luciferase reporter gene assay",17778941;17778942;19363283;19363321,B;B;B;B,IC50;IC50;Ki;IC50,8;8;9;9,=;=;=;=,Homo sapiens;Homo sapiens;Homo sapiens;Homo sapiens,CHEMBL3918276;CHEMBL4112658;CHEMBL3918276;CHEMBL3918276,CHEMBL3886822;CHEMBL3886822;CHEMBL4422622;CHEMBL4422622,None;None;None;None,None;None;None;None,Homologous protein target assigned;Homologous protein target assigned;Direct protein target assigned;Direct protein target assigned,None;None;None;None,None;None;None;None,None;None;None;None,False;False;False;False,-1;-1;-1;-1,False;False;False;False,True,7.2025,1.1599649779195924,7.55,0.5500000000000003,4.0,NR3C2_IC50Ki_806,7.55,True
CHEMBL1994,Cc1nn(C)c(-c2ccc(F)cc2)c1-c1ccc2c(c1)NC(=O)CO2,Cc1nn(C)c(-c2ccc(F)cc2)c1-c1ccc2c(c1)NC(=O)CO2;Cc1nn(C)c(-c2ccc(F)cc2)c1-c1ccc2c(c1)NC(=O)CO2,6.960;6.800,CHEMBL3381811;CHEMBL3381815,Displacement of [3H]aldosterone from human mineralocorticoid receptor expressed in 293 cells after 16 hrs by scintillation counting;Antagonist activity at human mineralocorticoid receptor expressed in COS1 cells after 1 day by luciferase reporter gene assay,15095236;15099886,B;B,IC50;IC50,9;9,=;=,Homo sapiens;Homo sapiens,CHEMBL3337726;CHEMBL3337726,CHEMBL3351638;CHEMBL3351638,None;None,293;COS-1,Direct protein target assigned;Direct protein target assigned,None;None,None;None,None;None,False;False,-1;-1,False;False,True,6.88,0.08,6.88,0.08,2.0,NR3C2_IC50Ki_844,6.88,True
CHEMBL1994,CC12CCC3c4ccc(O)cc4CCC3C1CCC2(O)C=CCC(F)(F)C(F)(F)C(F)(F)F,C[C@]12CC[C@@H]3c4ccc(O)cc4CC[C@H]3[C@@H]1CC[C@@]2(O)/C=C/CC(F)(F)C(F)(F)C(F)(F)F,5.420000076293945,CHEMBL1259734,Antagonist activity at mineralocorticoid receptor-LBD in human U2OS cells transfected with Gal4-DBD assessed as inhibition of transactivation activity after 18 hrs by luciferase reporter gene assay,3502468,F,IC50,9,=,Homo sapiens,CHEMBL1258901,CHEMBL1255573,,U2OS,Direct protein target assigned,,,,False,-1,False,False,,,5.420000076293945,,,NR3C2_IC50Ki_264,5.420000076293945,True
CHEMBL1994,Cc1cc(C)c(S(=O)(=O)NC(Cc2c[nH]c3cc(C)ccc23)C(F)(F)F)c(C)c1,Cc1cc(C)c(S(=O)(=O)NC(Cc2c[nH]c3cc(C)ccc23)C(F)(F)F)c(C)c1,6.849999904632568,CHEMBL3096917,Binding affinity to mineralocorticoid receptor (unknown origin) by fluorescence polarization competitive binding assay,13845366,B,IC50,9,=,Homo sapiens,CHEMBL3093447,CHEMBL3091451,,,Direct protein target assigned,,,,False,-1,False,False,,,6.849999904632568,,,NR3C2_IC50Ki_420,6.849999904632568,True
CHEMBL1994,CC1CC2=CC(=O)CCC2C2CCC3(C)C(CCC34C=CCO4)C12,C[C@@H]1CC2=CC(=O)CC[C@@H]2[C@H]2CC[C@@]3(C)[C@@H](CC[C@@]34C=CCO4)[C@@H]21,7.769999980926514,CHEMBL3706043,"Receptor Binding Assay: Using cytosol from progesterone receptor-expressing insect cells (Hi5), competitive binding to the progesterone receptor was determined from the ability to displace 3H-progesterone as reference substance from the receptor. If a compound has an affinity corresponding to progesterone, this corresponds to a competition factor (CF) of 1. CF values greater than 1 are characterized by a lower affinity for the progesterone receptor, and CF values of less than 1 are characterized by higher affinity. The test was carried out as test above, with the following modifications: cytosol from mineralocorticoid receptor-expressing insect cells (Hi5) was used, and the reference substance was 3H-aldosterone.",17681970,B,IC50,9,=,Homo sapiens,CHEMBL3692347,CHEMBL3638672,,,Direct protein target assigned,,,,False,-1,False,False,,,7.769999980926514,,,NR3C2_IC50Ki_604,7.769999980926514,True
CHEMBL1994,Cc1noc(C)c1S(=O)(=O)NCc1ccc(-c2cncc(C#N)c2)cc1,Cc1noc(C)c1S(=O)(=O)NCc1ccc(-c2cncc(C#N)c2)cc1,5.710000038146973,CHEMBL3090522,Displacement of [3H]aldosterone from GST-tagged human mineralocorticoid receptor ligand binding domain after 4 hrs by liquid scintillation counting,13835665,B,IC50,9,=,Homo sapiens,CHEMBL3086018,CHEMBL3085697,,,Direct protein target assigned,,,,False,-1,False,False,,,5.710000038146973,,,NR3C2_IC50Ki_394,5.710000038146973,True
CHEMBL1994,CC1CN(c2ccc3c(c2)NC(=O)CO3)C(c2ccccc2)CO1,C[C@@H]1CN(c2ccc3c(c2)NC(=O)CO3)[C@H](c2ccccc2)CO1;C[C@@H]1CN(c2ccc3c(c2)NC(=O)CO3)[C@H](c2ccccc2)CO1,7.620;7.890,CHEMBL4008037;CHEMBL4028141,Antagonist activity at Gal4-fused MR LBD (unknown origin) expressed in human Huh7 cells assessed as inhibition of aldosterone-induced transcriptional activity after 3 hrs by luciferase reporter gene assay;Displacement of [3H]-aldosterone from human GST-tagged MR ligand binding domain after 4 hrs by liquid scintillation counting,18033388;18126806,B;B,IC50;IC50,9;9,=;=,Homo sapiens;Homo sapiens,CHEMBL4097160;CHEMBL4097160,CHEMBL4007392;CHEMBL4024791,None;None,None;None,Direct protein target assigned;Direct protein target assigned,None;None,None;None,None;None,False;False,-1;-1,False;False,True,7.755,0.1349999999999998,7.755,0.1349999999999998,2.0,NR3C2_IC50Ki_755,7.755,True
CHEMBL1994,CC1(C)OC(=O)Nc2ccc(-c3cc(F)cc(C#N)c3)cc21,CC1(C)OC(=O)Nc2ccc(-c3cc(F)cc(C#N)c3)cc21,5.619999885559082,CHEMBL729163,Antagonist activity against the Mineralocorticoid Receptor (MR),988079,F,IC50,8,=,Homo sapiens,CHEMBL136322,CHEMBL1135816,,,Homologous protein target assigned,,,,False,-1,False,False,,,5.619999885559082,,,NR3C2_IC50Ki_018,5.619999885559082,True
CHEMBL1994,COC(=O)C(c1ccccc1)n1ccc2c(NS(C)(=O)=O)cccc21,COC(=O)C(c1ccccc1)n1ccc2c(NS(C)(=O)=O)cccc21,5.400000095367432,CHEMBL4717253,Antagonist activity at human full-length MCR assessed as inhibition of receptor binding to co-activator peptide by PathHunter assay,22825219,B,IC50,9,=,Homo sapiens,CHEMBL4746832,CHEMBL4715716,,,Direct protein target assigned,,,,False,-1,False,False,,,5.400000095367432,,,NR3C2_IC50Ki_688,5.400000095367432,True
CHEMBL1994,CC(c1ccccc1)N1C(=O)NC(Cc2ccccc2)(C(=O)N2CCc3ccccc3C2)C1=O,C[C@H](c1ccccc1)N1C(=O)N[C@](Cc2ccccc2)(C(=O)N2CCc3ccccc3C2)C1=O,6.0,CHEMBL2411354,Antagonist activity at human mineralocorticoid receptor assessed as inhibition of binding to coactivator peptide by NH Pro assay,13393482,B,IC50,9,=,Homo sapiens,CHEMBL2407660,CHEMBL2407028,,,Direct protein target assigned,,,,False,-1,False,False,,,6.0,,,NR3C2_IC50Ki_326,6.0,True
CHEMBL1994,CC(=O)OC1CCC2(C)C3=C(C(=O)CC2C1(C)C)C1(C)CCC(C(C)CCC(=O)O)C1(C)CC3=O,CC(=O)OC1CC[C@]2(C)C3=C(C(=O)C[C@H]2C1(C)C)[C@]1(C)CCC(C(C)CCC(=O)O)[C@@]1(C)CC3=O,4.679999828338623,CHEMBL853232,Antagonist activity against MR,1721102,F,IC50,9,=,Homo sapiens,CHEMBL211039,CHEMBL1148531,,,Direct protein target assigned,,,,False,-1,False,False,,,4.679999828338623,,,NR3C2_IC50Ki_083,4.679999828338623,True
CHEMBL1994,C#CC1(O)CCC2C3CCC4=CC(=O)CCC4=C3C(c3ccc(N(C)CCOC4CCC5(C)C(C4)CC(O)C4C5CC(O)C5(C)C(C(C)CCC(=O)O)CCC45)cc3)CC21C,C#C[C@]1(O)CC[C@H]2[C@@H]3CCC4=CC(=O)CCC4=C3[C@@H](c3ccc(N(C)CCOC4CC[C@@]5(C)[C@@H](C4)C[C@@H](O)[C@@H]4[C@@H]5C[C@H](O)[C@]5(C)[C@@H]([C@H](C)CCC(=O)O)CC[C@@H]45)cc3)C[C@@]21C,6.360000133514404,CHEMBL839923,Inhibition of human Mineralocorticoid receptor,1463247,B,Ki,9,=,Homo sapiens,CHEMBL427568,CHEMBL1138676,,,Direct protein target assigned,,,,False,-1,False,False,,,6.360000133514404,,,NR3C2_IC50Ki_061,6.360000133514404,True
CHEMBL1994,CC1c2c(cc(F)c(-c3cccc4c(Cl)c[nH]c34)c2F)NC(C)(C)C1OC(=O)NC1CCCCC1,C[C@H]1c2c(cc(F)c(-c3cccc4c(Cl)c[nH]c34)c2F)NC(C)(C)[C@@H]1OC(=O)NC1CCCCC1,5.650000095367432,CHEMBL1686884,Binding affinity to mineralocorticoid receptor,5247503,B,Ki,8,=,Homo sapiens,CHEMBL1684344,CHEMBL1681769,,,Homologous protein target assigned,,,,False,-1,False,False,,,5.650000095367432,,,NR3C2_IC50Ki_272,5.650000095367432,True
CHEMBL1994,COc1ccc(F)cc1C(C)(C)CC(O)(Cc1cc2c(C)cccc2[nH]1)C(F)(F)F,COc1ccc(F)cc1C(C)(C)CC(O)(Cc1cc2c(C)cccc2[nH]1)C(F)(F)F,6.380000114440918,CHEMBL1913332,Displacement of tetramethylrhodamine-labeled Dexamethasone from human recombinant mineralocorticoid receptor expressed in baculovirus infected insect cells by fluorescence polarization assay,7851757,B,IC50,9,=,Homo sapiens,CHEMBL1911548,CHEMBL1909618,,,Direct protein target assigned,,,,False,-1,False,False,,,6.380000114440918,,,NR3C2_IC50Ki_285,6.380000114440918,True
CHEMBL1994,CS(=O)(=O)Nc1cccc(C=C2c3ccccc3CCc3ccccc32)c1,CS(=O)(=O)Nc1cccc(C=C2c3ccccc3CCc3ccccc32)c1,8.609999656677246,CHEMBL3122505,Displacement of [3H]-aldosterone from human mineralocorticoid receptor expressed in HEK293 cells,13934680,B,Ki,9,=,Homo sapiens,CHEMBL3120320,CHEMBL3120138,,HEK293,Direct protein target assigned,,,,False,-1,False,False,,,8.609999656677246,,,NR3C2_IC50Ki_449,8.609999656677246,True
CHEMBL1994,CCC(Cc1cccc(C)c1C)NS(=O)(=O)c1c(C)cc(C)cc1C,CCC(Cc1cccc(C)c1C)NS(=O)(=O)c1c(C)cc(C)cc1C,6.460000038146973,CHEMBL3097675,Inhibition of mineralocorticoid receptor (unknown origin) expressed in baculovirus-infected insect cells by fluorescence polarization assay,13858126,B,IC50,9,=,Homo sapiens,CHEMBL3094473,CHEMBL3091417,,,Direct protein target assigned,,,,False,-1,False,False,,,6.460000038146973,,,NR3C2_IC50Ki_445,6.460000038146973,True
CHEMBL1994,CC1=CC(C)(C)Nc2ccc3c(c21)C(c1ccc(Cl)c(C)c1)Oc1ccccc1-3,CC1=CC(C)(C)Nc2ccc3c(c21)C(c1ccc(Cl)c(C)c1)Oc1ccccc1-3,5.690000057220459,CHEMBL729160,Antagonistic activity was determined in Human mineralocorticoid receptor(hMR) of CV-1 cells in cotransfection assay.,1209867,F,IC50,8,=,Homo sapiens,CHEMBL102720,CHEMBL1131454,,CV-1,Homologous protein target assigned,,,,False,-1,False,False,,,5.690000057220459,,,NR3C2_IC50Ki_012,5.690000057220459,True
CHEMBL1994,COC(=O)C1=C(C)NC(C)=C(C(=O)OC(C)(C)C)C1c1ccc(F)cc1Cl,COC(=O)C1=C(C)NC(C)=C(C(=O)OC(C)(C)C)C1c1ccc(F)cc1Cl,7.110000133514404,CHEMBL1219573,Antagonist activity at mineralocorticoid receptor LBD expressed in human HUH7 cells coexpressing GAL4 by luciferase reporter gene assay,3403410,F,IC50,8,=,Homo sapiens,CHEMBL1215260,CHEMBL1212896,,Huh-7,Homologous protein target assigned,,,,False,-1,False,False,,,7.110000133514404,,,NR3C2_IC50Ki_182,7.110000133514404,True
CHEMBL1994,CC(c1ccc(F)cc1)N1C(=O)OC(Cc2ccccc2)(c2nc3c(-c4cncnc4)cccc3[nH]2)C1=O,C[C@H](c1ccc(F)cc1)N1C(=O)O[C@](Cc2ccccc2)(c2nc3c(-c4cncnc4)cccc3[nH]2)C1=O,6.429999828338623,CHEMBL3578998,Antagonist activity at human mineralocorticoid receptor overexpressed in CHOK1 cells assessed as inhibition of aldosterone-induced protein interaction with coactivator peptide after 6 hrs by luminescence assay,15601428,B,IC50,9,=,Homo sapiens,CHEMBL3578301,CHEMBL3576820,,CHO-K1,Direct protein target assigned,,,,False,-1,False,False,,,6.429999828338623,,,NR3C2_IC50Ki_506,6.429999828338623,True
CHEMBL1994,CS(=O)(=O)Nc1cccc2cc[nH]c12,CS(=O)(=O)Nc1cccc2cc[nH]c12,6.019999980926514,CHEMBL3607224,Displacement of [3H]-aldosterone from human mineralocorticoid receptor expressed in HEK293 cells by scintillation counting based radioligand competition binding assay,15684204,B,Ki,9,=,Homo sapiens,CHEMBL3605925,CHEMBL3603837,,HEK293,Direct protein target assigned,,,,False,-1,False,False,,,6.019999980926514,,,NR3C2_IC50Ki_543,6.019999980926514,True
CHEMBL1994,N#Cc1ccc(N2N=C(c3ccc(C(=O)O)cc3)CC2C2CCCCC2)cc1,N#Cc1ccc(N2N=C(c3ccc(C(=O)O)cc3)CC2C2CCCCC2)cc1,5.889999866485596,CHEMBL1219662,Antagonist activity at Gal4-tagged mineralocorticoid receptor expressed in human Huh7 cells by luciferase reporter gene assay,3403559,F,IC50,8,=,Homo sapiens,CHEMBL1215051,CHEMBL1212897,,Huh-7,Homologous protein target assigned,,,,False,-1,False,False,,,5.889999866485596,,,NR3C2_IC50Ki_223,5.889999866485596,True
CHEMBL1994,CC(c1ccc(F)cc1)N1C(=O)OC(Cc2ccccc2)(c2nc3c(NS(C)(=O)=O)cccc3[nH]2)C1=O,C[C@H](c1ccc(F)cc1)N1C(=O)O[C@](Cc2ccccc2)(c2nc3c(NS(C)(=O)=O)cccc3[nH]2)C1=O,6.679999828338623,CHEMBL3578998,Antagonist activity at human mineralocorticoid receptor overexpressed in CHOK1 cells assessed as inhibition of aldosterone-induced protein interaction with coactivator peptide after 6 hrs by luminescence assay,15601434,B,IC50,9,=,Homo sapiens,CHEMBL3578295,CHEMBL3576820,,CHO-K1,Direct protein target assigned,,,,False,-1,False,False,,,6.679999828338623,,,NR3C2_IC50Ki_512,6.679999828338623,True
CHEMBL1994,COCC1CN(c2ccc3c(n2)NC(=O)CO3)C(c2ccccc2)CO1,COC[C@@H]1CN(c2ccc3c(n2)NC(=O)CO3)[C@H](c2ccccc2)CO1;COC[C@@H]1CN(c2ccc3c(n2)NC(=O)CO3)[C@H](c2ccccc2)CO1,6.560;6.450,CHEMBL4028141;CHEMBL4028145,Displacement of [3H]-aldosterone from human GST-tagged MR ligand binding domain after 4 hrs by liquid scintillation counting;Antagonist activity at human GAL4-DBD fused MR ligand binding domain transfected in human Huh7 cells co-expressing GAL4-RE-Luc assessed as reduction in aldosterone-induced luciferase activity after 16 hrs in presence of serum by luciferase reporter gene assay,18126811;18126796,B;B,IC50;IC50,9;9,=;=,Homo sapiens;Homo sapiens,CHEMBL4059632;CHEMBL4059632,CHEMBL4024791;CHEMBL4024791,None;None,None;None,Direct protein target assigned;Direct protein target assigned,None;None,None;None,None;None,False;False,-1;-1,False;False,True,6.505,0.0549999999999997,6.505,0.0549999999999997,2.0,NR3C2_IC50Ki_796,6.505,True
CHEMBL1994,CC1NC(=O)C(c2ccc(F)cc2)=C1c1ccc2c(c1)NC(=O)CO2,CC1NC(=O)C(c2ccc(F)cc2)=C1c1ccc2c(c1)NC(=O)CO2,7.03000020980835,CHEMBL2423838,Displacement of [3H]-Aldosterone from human MR expressed in 293 cells after 16 hrs by scintillation counting,13416306,B,IC50,9,=,Homo sapiens,CHEMBL2419298,CHEMBL2417412,,HEK293,Direct protein target assigned,,,,False,-1,False,False,,,7.03000020980835,,,NR3C2_IC50Ki_377,7.03000020980835,True
CHEMBL1994,O=C1COc2ccc(C3=C(c4ccc(F)cc4)C(=O)OC3)cc2N1,O=C1COc2ccc(C3=C(c4ccc(F)cc4)C(=O)OC3)cc2N1,6.300000190734863,CHEMBL2423838,Displacement of [3H]-Aldosterone from human MR expressed in 293 cells after 16 hrs by scintillation counting,13416317,B,IC50,9,=,Homo sapiens,CHEMBL2419302,CHEMBL2417412,,HEK293,Direct protein target assigned,,,,False,-1,False,False,,,6.300000190734863,,,NR3C2_IC50Ki_388,6.300000190734863,True
CHEMBL1994,NC(=O)Nc1cc(-c2ccnn2C2CCCC2)ccn1,NC(=O)Nc1cc(-c2ccnn2C2CCCC2)ccn1,5.960000038146973,CHEMBL3705363,"Competitive Molecular Binding Assay: The MR competitive binding assay is based on the binding and displacement of a TAMRA-labeled Dexamethasone probe with fluorescence polarization (FP) detection. The assay is performed in 384-well, low volume NBS black plates (Corning #3676) in assay buffer consisting of 10 mM TES, pH 7.4, 50 mM KCl, 20 mM Sodium molybdate, 1.5 mM EDTA, 0.04% CHAPS, 10% Glycerol and 1 mM DTT. Full Length human mineralocorticoid receptor (hMR) present in a baculovirus infected insect cell lysate is diluted 2 fold in assay buffer and 10 μL of this dilution is added to the assay plate. Blank wells receive 10 μL of the diluted MR lysate containing 3 μM Dexamethasone. 2 μL diluted test compound is transferred to the assay plate for a final starting top concentration of 10 μM in 1% DMSO. The reaction is started by adding 3 μL of 25 nM probe in assay buffer for a final assay concentration of 5 nM.",17633050,B,IC50,9,=,Homo sapiens,CHEMBL3643650,CHEMBL3638806,,,Direct protein target assigned,,,,False,-1,False,False,,,5.960000038146973,,,NR3C2_IC50Ki_557,5.960000038146973,True
CHEMBL1994,Cc1noc(C)c1-c1ccc2c(c1)C(C)(C)C(=O)C(C)(C)N2,Cc1noc(C)c1-c1ccc2c(c1)C(C)(C)C(=O)C(C)(C)N2,6.46999979019165,CHEMBL3583484,Displacement of [3H]-aldosterone from cytosolic fraction of human recombinant mineralocorticoid receptor by scintillation counting analysis,15612187,B,Ki,9,=,Homo sapiens,CHEMBL3582109,CHEMBL3580565,,,Direct protein target assigned,,,,False,-1,False,False,,,6.46999979019165,,,NR3C2_IC50Ki_537,6.46999979019165,True
CHEMBL1994,COC(=O)C1=C(C)NC(C)=C(C(=O)OC(C)(C)C)C1c1ccc(C(F)(F)F)cc1,COC(=O)C1=C(C)NC(C)=C(C(=O)OC(C)(C)C)C1c1ccc(C(F)(F)F)cc1,6.510000228881836,CHEMBL1219573,Antagonist activity at mineralocorticoid receptor LBD expressed in human HUH7 cells coexpressing GAL4 by luciferase reporter gene assay,3403404,F,IC50,8,=,Homo sapiens,CHEMBL1215193,CHEMBL1212896,,Huh-7,Homologous protein target assigned,,,,False,-1,False,False,,,6.510000228881836,,,NR3C2_IC50Ki_176,6.510000228881836,True
CHEMBL1994,NC(=O)Nc1cc(CCc2ccc(C(F)(F)F)cc2)ccn1,NC(=O)Nc1cc(CCc2ccc(C(F)(F)F)cc2)ccn1,7.0,CHEMBL3705363,"Competitive Molecular Binding Assay: The MR competitive binding assay is based on the binding and displacement of a TAMRA-labeled Dexamethasone probe with fluorescence polarization (FP) detection. The assay is performed in 384-well, low volume NBS black plates (Corning #3676) in assay buffer consisting of 10 mM TES, pH 7.4, 50 mM KCl, 20 mM Sodium molybdate, 1.5 mM EDTA, 0.04% CHAPS, 10% Glycerol and 1 mM DTT. Full Length human mineralocorticoid receptor (hMR) present in a baculovirus infected insect cell lysate is diluted 2 fold in assay buffer and 10 μL of this dilution is added to the assay plate. Blank wells receive 10 μL of the diluted MR lysate containing 3 μM Dexamethasone. 2 μL diluted test compound is transferred to the assay plate for a final starting top concentration of 10 μM in 1% DMSO. The reaction is started by adding 3 μL of 25 nM probe in assay buffer for a final assay concentration of 5 nM.",17633091,B,IC50,9,=,Homo sapiens,CHEMBL3643689,CHEMBL3638806,,,Direct protein target assigned,,,,False,-1,False,False,,,7.0,,,NR3C2_IC50Ki_591,7.0,True
CHEMBL1994,Cc1cc(C)c(S(=O)(=O)NC(Cc2c[nH]c3ccc(C)cc23)C(F)(F)F)c(C)c1,Cc1cc(C)c(S(=O)(=O)NC(Cc2c[nH]c3ccc(C)cc23)C(F)(F)F)c(C)c1,7.050000190734863,CHEMBL3096917,Binding affinity to mineralocorticoid receptor (unknown origin) by fluorescence polarization competitive binding assay,13845376,B,IC50,9,=,Homo sapiens,CHEMBL3093446,CHEMBL3091451,,,Direct protein target assigned,,,,False,-1,False,False,,,7.050000190734863,,,NR3C2_IC50Ki_425,7.050000190734863,True
CHEMBL1994,Cn1c(C#N)ccc1-c1ccc2c(c1)C(c1ccco1)(c1ccco1)OCC(=O)N2,Cn1c(C#N)ccc1-c1ccc2c(c1)C(c1ccco1)(c1ccco1)OCC(=O)N2,5.550000190734863,CHEMBL983683,Antagonist activity at mineralocorticoid receptor by Gal4-DNA binding domain-hormone receptor LBD one-hybrid assay,2369877,B,IC50,8,=,Homo sapiens,CHEMBL483246,CHEMBL1144156,,,Homologous protein target assigned,,,,False,-1,False,False,,,5.550000190734863,,,NR3C2_IC50Ki_163,5.550000190734863,True
CHEMBL1994,COc1ccc(F)cc1C(C)(C)CC(O)(Cc1cc2ccncc2s1)C(F)(F)F,COc1ccc(F)cc1C(C)(C)CC(O)(Cc1cc2ccncc2s1)C(F)(F)F,6.659999847412109,CHEMBL1250866,Binding affinity to mineralocorticoid receptor expressed in baculovirus-infected insect cells using tetramethylrhodamine labeled Dexamethasone by fluorescence polarization microplate assay,3470305,B,IC50,8,=,Homo sapiens,CHEMBL1254907,CHEMBL1250518,,,Homologous protein target assigned,,,,False,-1,False,False,,,6.659999847412109,,,NR3C2_IC50Ki_248,6.659999847412109,True
CHEMBL1994,CNC(=O)CC1COc2cc(C#N)ccc2N1C(=O)c1ccc2c(c1)NC(=O)CO2,CNC(=O)C[C@H]1COc2cc(C#N)ccc2N1C(=O)c1ccc2c(c1)NC(=O)CO2;CNC(=O)C[C@H]1COc2cc(C#N)ccc2N1C(=O)c1ccc2c(c1)NC(=O)CO2,6.000;5.200,CHEMBL4423290;CHEMBL4423293,Displacement of [3H]-aldosterone to human mineralocorticoid receptor LBD by radiometric binding assay;Antagonist activity at gal4-fused human mineralocorticoid receptor LBD expressed in UAS-MR-bla HEK293 cells by luciferase reporter gene assay,19363274;19363312,B;B,Ki;IC50,9;9,=;=,Homo sapiens;Homo sapiens,CHEMBL4528177;CHEMBL4528177,CHEMBL4422622;CHEMBL4422622,None;None,None;None,Direct protein target assigned;Direct protein target assigned,None;None,None;None,None;None,False;False,-1;-1,False;False,True,5.6,0.3999999999999999,5.6,0.3999999999999999,2.0,NR3C2_IC50Ki_804,5.6,True
CHEMBL1994,CN1CCC2(CC1)C(=O)Nc1cc(C=C3c4ccccc4COc4cc(F)ccc43)ccc12,CN1CCC2(CC1)C(=O)Nc1cc(/C=C3\c4ccccc4COc4cc(F)ccc43)ccc12;CN1CCC2(CC1)C(=O)Nc1cc(/C=C3\c4ccccc4COc4cc(F)ccc43)ccc12,7.720;8.220,CHEMBL3776776;CHEMBL3776777,Antagonist activity against 6xHis-MBP-fused human MR LBD domain (732 to 984 amino acid residues) C808S mutant expressed in Escherichia coli BL21(DE3) assessed as inhibition of aldosterone-mediated receptor activation after 16 hrs by luciferase assay;Displacement of 3H-Cortisol from 6xHis-MBP-fused human MR LBD domain (732 to 984 amino acid residues) C808S mutant expressed in Escherichia coli BL21(DE3) preincubated for 1 hr measured after 30 mins by microbeta plate reader analysis,16506608;16506574,B;B,IC50;Ki,9;9,=;=,Homo sapiens;Homo sapiens,CHEMBL3774871;CHEMBL3774871,CHEMBL3774336;CHEMBL3774336,None;None,None;None,Direct protein target assigned;Direct protein target assigned,C808S;C808S,None;None,None;None,False;False,-1;-1,False;False,True,7.970000000000001,0.2500000000000004,7.970000000000001,0.2500000000000004,2.0,NR3C2_IC50Ki_777,7.970000000000001,True
CHEMBL1994,CC(C)C(O)(CC(C)(C)c1ccccc1)C(=O)Nc1ccc2c(c1)COC2=O,CC(C)C(O)(CC(C)(C)c1ccccc1)C(=O)Nc1ccc2c(c1)COC2=O,6.5,CHEMBL880258,Binding affinity towards mineralocorticoid receptor using fluorescence polarization competitive binding assay,1600934,B,IC50,9,=,Homo sapiens,CHEMBL196373,CHEMBL1143464,,,Direct protein target assigned,,,,False,-1,False,False,,,6.5,,,NR3C2_IC50Ki_074,6.5,True
CHEMBL1994,CC(Cc1c[nH]c2ccccc12)NS(=O)(=O)c1ccc(C(C)C)cc1,CC(Cc1c[nH]c2ccccc12)NS(=O)(=O)c1ccc(C(C)C)cc1,5.849999904632568,CHEMBL890123,Inhibition of human MR,1959089,B,IC50,9,=,Homo sapiens,CHEMBL231803,CHEMBL1146304,,,Direct protein target assigned,,,,False,-1,False,False,,,5.849999904632568,,,NR3C2_IC50Ki_113,5.849999904632568,True
CHEMBL1994,COc1nc(C2=NN(c3ccc(C#N)c(C)n3)C(C3CCCC3)C2)ccc1C(=O)O,COc1nc(C2=NN(c3ccc(C#N)c(C)n3)[C@@H](C3CCCC3)C2)ccc1C(=O)O,8.119999885559082,CHEMBL3265996,Antagonist activity at mineralocorticoid receptor (unknown origin) by Gal4-based cellular assay,14658170,B,IC50,9,=,Homo sapiens,CHEMBL3263754,CHEMBL3259597,,,Direct protein target assigned,,,,False,-1,False,False,,,8.119999885559082,,,NR3C2_IC50Ki_490,8.119999885559082,True
CHEMBL1994,CC(c1ccccc1)N1C(=O)OC(Cc2ccccc2)(c2nnc(Cc3ccccc3)o2)C1=O,C[C@H](c1ccccc1)N1C(=O)O[C@](Cc2ccccc2)(c2nnc(Cc3ccccc3)o2)C1=O,6.800000190734863,CHEMBL3241715,Antagonist activity at mineralocorticoid receptor (unknown origin) by PathHunter assay,14566218,B,IC50,9,=,Homo sapiens,CHEMBL3234856,CHEMBL3232811,,,Direct protein target assigned,,,,False,-1,False,False,,,6.800000190734863,,,NR3C2_IC50Ki_473,6.800000190734863,True
CHEMBL1994,COc1cccc(C2CCN(c3[nH]c(=O)[nH]c(=O)c3Cc3ccccc3)CC2)c1,COc1cccc(C2CCN(c3[nH]c(=O)[nH]c(=O)c3Cc3ccccc3)CC2)c1,5.900000095367432,CHEMBL890431,Displacement of [3H]aldosterone from mineralocorticoid receptor expressed in Sf9 cells,1909948,B,Ki,8,=,Homo sapiens,CHEMBL396020,CHEMBL1146208,,Sf9,Homologous protein target assigned,,,,False,-1,False,False,,,5.900000095367432,,,NR3C2_IC50Ki_104,5.900000095367432,True
CHEMBL1994,CC(Cc1c[nH]c2ccccc12)NS(=O)(=O)c1ccc(C(C)(C)C)cc1,CC(Cc1c[nH]c2ccccc12)NS(=O)(=O)c1ccc(C(C)(C)C)cc1,5.96999979019165,CHEMBL890123,Inhibition of human MR,1959093,B,IC50,9,=,Homo sapiens,CHEMBL233038,CHEMBL1146304,,,Direct protein target assigned,,,,False,-1,False,False,,,5.96999979019165,,,NR3C2_IC50Ki_114,5.96999979019165,True
CHEMBL1994,CC(c1ccccc1)N1C(=O)OC(Cc2ccccc2)(C(=O)NC2CCCCC2)C1=O,C[C@H](c1ccccc1)N1C(=O)O[C@](Cc2ccccc2)(C(=O)NC2CCCCC2)C1=O,5.400000095367432,CHEMBL2411354,Antagonist activity at human mineralocorticoid receptor assessed as inhibition of binding to coactivator peptide by NH Pro assay,13393532,B,IC50,9,=,Homo sapiens,CHEMBL2407850,CHEMBL2407028,,,Direct protein target assigned,,,,False,-1,False,False,,,5.400000095367432,,,NR3C2_IC50Ki_355,5.400000095367432,True
CHEMBL1994,COc1ccc(F)cc1C(C)(C)CC(O)(CN1CCOc2ccccc21)C(F)(F)F,COc1ccc(F)cc1C(C)(C)CC(O)(CN1CCOc2ccccc21)C(F)(F)F,6.510000228881836,CHEMBL909351,Inhibition of tetramethylrhodamine labeled dexamethasone binding to MR by FP assay,1799408,B,IC50,8,=,Homo sapiens,CHEMBL386915,CHEMBL1138857,,,Homologous protein target assigned,,,,False,-1,False,False,,,6.510000228881836,,,NR3C2_IC50Ki_092,6.510000228881836,True
CHEMBL1994,CC(c1ccccc1)N1C(=O)OC(Cc2ccccc2)(c2nnc(CC3CC3)o2)C1=O,C[C@H](c1ccccc1)N1C(=O)O[C@](Cc2ccccc2)(c2nnc(CC3CC3)o2)C1=O,6.329999923706055,CHEMBL3241715,Antagonist activity at mineralocorticoid receptor (unknown origin) by PathHunter assay,14566224,B,IC50,9,=,Homo sapiens,CHEMBL3234862,CHEMBL3232811,,,Direct protein target assigned,,,,False,-1,False,False,,,6.329999923706055,,,NR3C2_IC50Ki_479,6.329999923706055,True
CHEMBL1994,COc1ccc(F)cc1C(C)(C)CC(O)(Cn1cnc2ccccc21)C(F)(F)F,COc1ccc(F)cc1C(C)(C)CC(O)(Cn1cnc2ccccc21)C(F)(F)F,6.110000133514404,CHEMBL909351,Inhibition of tetramethylrhodamine labeled dexamethasone binding to MR by FP assay,1799405,B,IC50,8,=,Homo sapiens,CHEMBL373498,CHEMBL1138857,,,Homologous protein target assigned,,,,False,-1,False,False,,,6.110000133514404,,,NR3C2_IC50Ki_089,6.110000133514404,True
CHEMBL1994,COc1cc(CNC(=O)C2(Cc3ccccc3)OC(=O)N(C(C)C)C2=O)cc(OC)c1,COc1cc(CNC(=O)[C@@]2(Cc3ccccc3)OC(=O)N(C(C)C)C2=O)cc(OC)c1,6.300000190734863,CHEMBL2411354,Antagonist activity at human mineralocorticoid receptor assessed as inhibition of binding to coactivator peptide by NH Pro assay,13393500,B,IC50,9,=,Homo sapiens,CHEMBL2407642,CHEMBL2407028,,,Direct protein target assigned,,,,False,-1,False,False,,,6.300000190734863,,,NR3C2_IC50Ki_336,6.300000190734863,True
CHEMBL1994,CNC(=O)c1ccc(C2=NN(c3ccc(C#N)c(C)n3)C(C3CCCC3)C2)nc1OC,CNC(=O)c1ccc(C2=NN(c3ccc(C#N)c(C)n3)[C@@H](C3CCCC3)C2)nc1OC,8.479999542236328,CHEMBL3265996,Antagonist activity at mineralocorticoid receptor (unknown origin) by Gal4-based cellular assay,14658180,B,IC50,9,=,Homo sapiens,CHEMBL3263764,CHEMBL3259597,,,Direct protein target assigned,,,,False,-1,False,False,,,8.479999542236328,,,NR3C2_IC50Ki_500,8.479999542236328,True
CHEMBL1994,CNC(=O)CC1COc2cc(Cl)ccc2N1C(=O)c1ccc2c(c1)NC(=O)CO2,CNC(=O)CC1COc2cc(Cl)ccc2N1C(=O)c1ccc2c(c1)NC(=O)CO2;CNC(=O)CC1COc2cc(Cl)ccc2N1C(=O)c1ccc2c(c1)NC(=O)CO2;CNC(=O)CC1COc2cc(Cl)ccc2N1C(=O)c1ccc2c(c1)NC(=O)CO2;CNC(=O)CC1COc2cc(Cl)ccc2N1C(=O)c1ccc2c(c1)NC(=O)CO2;CNC(=O)C[C@H]1COc2cc(Cl)ccc2N1C(=O)c1ccc2c(c1)NC(=O)CO2;CNC(=O)C[C@H]1COc2cc(Cl)ccc2N1C(=O)c1ccc2c(c1)NC(=O)CO2;CNC(=O)C[C@H]1COc2cc(Cl)ccc2N1C(=O)c1ccc2c(c1)NC(=O)CO2,7.090;7.890;5.720;7.240;8.500;7.100;7.500,CHEMBL3888754;CHEMBL3888754;CHEMBL3888754;CHEMBL3888755;CHEMBL4423290;CHEMBL4423293;CHEMBL4423298,"Binding Assay: Test A1: Briefly, in Test A1 the assay was run in 384 well format in 10 mM Tris-HCl, pH 7.5, 0.5 mM EDTA 20 mM NaMoO4, 0.1 mM DTT and 10% glycerol at rt. Compounds were tested in a 7 (Test A1) or 10 (Test A2) concentration response curve ranging from 10 nM to 10 μM (Test A1) or 1 nM to 37 μM (Test A2). Compounds were spotted at the bottom of a well of a 384-well PE Opti-Plate to yield final DMSO concentrations in the assay of 2%. Pre-made MBP-MR/P23 lysate: 3H-aldosterone mix (final assay concentration 7 μg/mL MBP-MR LBD/P23 lysate; 5 nM aldosterone) was added onto the top of the spotted compound and preincubated for 1 h at RT. After 1 h an equal volume anti-rabbit SPA beads coupled with rabbit anti-MBP were added to the assay mixture and incubated for 3 hrs at rt. The inhibition of the scintillation signal by displacement of the bound 3H-aldosterone by test compounds is measured by scintillation counting using a Microbeta Trilux (Wallac).;Binding Assay: Test A1: Briefly, in Test A1 the assay was run in 384 well format in 10 mM Tris-HCl, pH 7.5, 0.5 mM EDTA 20 mM NaMoO4, 0.1 mM DTT and 10% glycerol at rt. Compounds were tested in a 7 (Test A1) or 10 (Test A2) concentration response curve ranging from 10 nM to 10 μM (Test A1) or 1 nM to 37 μM (Test A2). Compounds were spotted at the bottom of a well of a 384-well PE Opti-Plate to yield final DMSO concentrations in the assay of 2%. Pre-made MBP-MR/P23 lysate: 3H-aldosterone mix (final assay concentration 7 μg/mL MBP-MR LBD/P23 lysate; 5 nM aldosterone) was added onto the top of the spotted compound and preincubated for 1 h at RT. After 1 h an equal volume anti-rabbit SPA beads coupled with rabbit anti-MBP were added to the assay mixture and incubated for 3 hrs at rt. The inhibition of the scintillation signal by displacement of the bound 3H-aldosterone by test compounds is measured by scintillation counting using a Microbeta Trilux (Wallac).;Binding Assay: Test A1: Briefly, in Test A1 the assay was run in 384 well format in 10 mM Tris-HCl, pH 7.5, 0.5 mM EDTA 20 mM NaMoO4, 0.1 mM DTT and 10% glycerol at rt. Compounds were tested in a 7 (Test A1) or 10 (Test A2) concentration response curve ranging from 10 nM to 10 μM (Test A1) or 1 nM to 37 μM (Test A2). Compounds were spotted at the bottom of a well of a 384-well PE Opti-Plate to yield final DMSO concentrations in the assay of 2%. Pre-made MBP-MR/P23 lysate: 3H-aldosterone mix (final assay concentration 7 μg/mL MBP-MR LBD/P23 lysate; 5 nM aldosterone) was added onto the top of the spotted compound and preincubated for 1 h at RT. After 1 h an equal volume anti-rabbit SPA beads coupled with rabbit anti-MBP were added to the assay mixture and incubated for 3 hrs at rt. The inhibition of the scintillation signal by displacement of the bound 3H-aldosterone by test compounds is measured by scintillation counting using a Microbeta Trilux (Wallac).;Binding Assay: Test A2: Briefly, in Test A1 the assay was run in 384 well format in 10 mM Tris-HCl, pH 7.5, 0.5 mM EDTA 20 mM NaMoO4, 0.1 mM DTT and 10% glycerol at rt. Compounds were tested in a 7 (Test A1) or 10 (Test A2) concentration response curve ranging from 10 nM to 10 μM (Test A1) or 1 nM to 37 μM (Test A2). Compounds were spotted at the bottom of a well of a 384-well PE Opti-Plate to yield final DMSO concentrations in the assay of 2%. Pre-made MBP-MR/P23 lysate: 3H-aldosterone mix (final assay concentration 7 μg/mL MBP-MR LBD/P23 lysate; 5 nM aldosterone) was added onto the top of the spotted compound and preincubated for 1 h at RT. After 1 h an equal volume anti-rabbit Imaging beads coupled with rabbit anti-MBP were added to the assay mixture and incubated for >8 h at rt. The inhibition of the scintillation signal by displacement of the bound 3H-aldosterone by test compounds is measured by scintillation counting using a CCD camera detection using a LEADseeker (PerkinElmer).;Displacement of [3H]-aldosterone to human mineralocorticoid receptor LBD by radiometric binding assay;Antagonist activity at gal4-fused human mineralocorticoid receptor LBD expressed in UAS-MR-bla HEK293 cells by luciferase reporter gene assay;Antagonist activity at full length human mineralocorticoid receptor expressed in human U2OS cells by luciferase reporter gene assay",17778943;17778944;17778945;17778954;19363278;19363316;19363545,B;B;B;B;B;B;B,IC50;IC50;IC50;IC50;Ki;IC50;IC50,8;8;8;8;9;9;9,=;=;=;=;=;=;=,Homo sapiens;Homo sapiens;Homo sapiens;Homo sapiens;Homo sapiens;Homo sapiens;Homo sapiens,CHEMBL3915760;CHEMBL3915760;CHEMBL3915760;CHEMBL3915760;CHEMBL4540313;CHEMBL4540313;CHEMBL4540313,CHEMBL3886822;CHEMBL3886822;CHEMBL3886822;CHEMBL3886822;CHEMBL4422622;CHEMBL4422622;CHEMBL4422622,None;None;None;None;None;None;None,None;None;None;None;None;None;U2OS,Homologous protein target assigned;Homologous protein target assigned;Homologous protein target assigned;Homologous protein target assigned;Direct protein target assigned;Direct protein target assigned;Direct protein target assigned,None;None;None;None;None;None;None,None;None;None;None;None;None;None,None;None;None;None;None;None;None,False;False;False;False;False;False;False,-1;-1;-1;-1;-1;-1;-1,False;False;False;False;False;False;False,True,7.291428571428571,0.793877078851966,7.24,0.2599999999999998,7.0,NR3C2_IC50Ki_807,7.24,True
CHEMBL1994,NC(=O)Nc1cc(-c2ccnn2-c2ccc(Cl)cc2)ccn1,NC(=O)Nc1cc(-c2ccnn2-c2ccc(Cl)cc2)ccn1;NC(=O)Nc1cc(-c2ccnn2-c2ccc(Cl)cc2)ccn1,8.030;6.960,CHEMBL3705363;CHEMBL4008028,"Competitive Molecular Binding Assay: The MR competitive binding assay is based on the binding and displacement of a TAMRA-labeled Dexamethasone probe with fluorescence polarization (FP) detection. The assay is performed in 384-well, low volume NBS black plates (Corning #3676) in assay buffer consisting of 10 mM TES, pH 7.4, 50 mM KCl, 20 mM Sodium molybdate, 1.5 mM EDTA, 0.04% CHAPS, 10% Glycerol and 1 mM DTT. Full Length human mineralocorticoid receptor (hMR) present in a baculovirus infected insect cell lysate is diluted 2 fold in assay buffer and 10 μL of this dilution is added to the assay plate. Blank wells receive 10 μL of the diluted MR lysate containing 3 μM Dexamethasone. 2 μL diluted test compound is transferred to the assay plate for a final starting top concentration of 10 μM in 1% DMSO. The reaction is started by adding 3 μL of 25 nM probe in assay buffer for a final assay concentration of 5 nM.;Antagonist activity at Gal4-fused human MR LBD expressed in HEK293T cells assessed as inhibition of aldosterone-induced transactivation activity after 18 hrs by luciferase reporter gene assay",17633060;18033348,B;B,IC50;IC50,9;9,=;=,Homo sapiens;Homo sapiens,CHEMBL3643660;CHEMBL3643660,CHEMBL3638806;CHEMBL4007392,None;None,None;HEK-293T,Direct protein target assigned;Direct protein target assigned,None;None,None;None,None;None,False;False,-1;-1,False;False,True,7.494999999999999,0.5349999999999997,7.494999999999999,0.5349999999999997,2.0,NR3C2_IC50Ki_827,7.494999999999999,True
CHEMBL1994,CC(c1ccc(F)cc1)N1C(=O)OC(Cc2ccccc2)(c2nc3cc(C(F)(F)F)ccc3[nH]2)C1=O,C[C@H](c1ccc(F)cc1)N1C(=O)O[C@](Cc2ccccc2)(c2nc3cc(C(F)(F)F)ccc3[nH]2)C1=O,6.920000076293945,CHEMBL3578998,Antagonist activity at human mineralocorticoid receptor overexpressed in CHOK1 cells assessed as inhibition of aldosterone-induced protein interaction with coactivator peptide after 6 hrs by luminescence assay,15601456,B,IC50,9,=,Homo sapiens,CHEMBL3578274,CHEMBL3576820,,CHO-K1,Direct protein target assigned,,,,False,-1,False,False,,,6.920000076293945,,,NR3C2_IC50Ki_534,6.920000076293945,True
CHEMBL1994,COc1cc(F)ccc1-c1c(CN(C)Cc2ccccc2)[nH]c2c(N)cc(F)cc12,COc1cc(F)ccc1-c1c(CN(C)Cc2ccccc2)[nH]c2c(N)cc(F)cc12,5.670000076293945,CHEMBL3607224,Displacement of [3H]-aldosterone from human mineralocorticoid receptor expressed in HEK293 cells by scintillation counting based radioligand competition binding assay,15684200,B,Ki,9,=,Homo sapiens,CHEMBL3605921,CHEMBL3603837,,HEK293,Direct protein target assigned,,,,False,-1,False,False,,,5.670000076293945,,,NR3C2_IC50Ki_539,5.670000076293945,True
CHEMBL1994,CC(C)(CC(O)(Cn1ccc(=O)c2ccccc21)C(F)(F)F)c1cccc2c1OCC2,CC(C)(CC(O)(Cn1ccc(=O)c2ccccc21)C(F)(F)F)c1cccc2c1OCC2,7.010000228881836,CHEMBL909351,Inhibition of tetramethylrhodamine labeled dexamethasone binding to MR by FP assay,1799453,B,IC50,8,=,Homo sapiens,CHEMBL373497,CHEMBL1138857,,,Homologous protein target assigned,,,,False,-1,False,False,,,7.010000228881836,,,NR3C2_IC50Ki_094,7.010000228881836,True
CHEMBL1994,CC1=CC(C)(C)Nc2ccc3c(c21)C(c1ccc(Cl)c(F)c1)Oc1ccccc1-3,CC1=CC(C)(C)Nc2ccc3c(c21)C(c1ccc(Cl)c(F)c1)Oc1ccccc1-3,5.869999885559082,CHEMBL729160,Antagonistic activity was determined in Human mineralocorticoid receptor(hMR) of CV-1 cells in cotransfection assay.,1207283,F,IC50,8,=,Homo sapiens,CHEMBL102754,CHEMBL1131454,,CV-1,Homologous protein target assigned,,,,False,-1,False,False,,,5.869999885559082,,,NR3C2_IC50Ki_011,5.869999885559082,True
CHEMBL1994,COC(=O)C(c1ccc(-c2ccccc2Cl)cc1)n1ccc2c(NS(C)(=O)=O)cccc21,COC(=O)C(c1ccc(-c2ccccc2Cl)cc1)n1ccc2c(NS(C)(=O)=O)cccc21,5.71999979019165,CHEMBL4717253,Antagonist activity at human full-length MCR assessed as inhibition of receptor binding to co-activator peptide by PathHunter assay,22825213,B,IC50,9,=,Homo sapiens,CHEMBL4747722,CHEMBL4715716,,,Direct protein target assigned,,,,False,-1,False,False,,,5.71999979019165,,,NR3C2_IC50Ki_682,5.71999979019165,True
CHEMBL1994,COc1cccc2c1-c1ccc(NS(C)(=O)=O)cc1C(c1cccs1)O2,COc1cccc2c1-c1ccc(NS(C)(=O)=O)cc1C(c1cccs1)O2,5.650000095367432,CHEMBL728558,Displacement of [3H]aldosterone from human Mineralocorticoid receptor,621095,B,IC50,9,=,Homo sapiens,CHEMBL293388,CHEMBL1147539,,,Direct protein target assigned,,,,False,-1,False,False,,,5.650000095367432,,,NR3C2_IC50Ki_043,5.650000095367432,True
CHEMBL1994,CCOc1cccc2c1-c1ccc(NS(C)(=O)=O)cc1C(c1ccccc1)O2,CCOc1cccc2c1-c1ccc(NS(C)(=O)=O)cc1C(c1ccccc1)O2,6.050000190734863,CHEMBL728558,Displacement of [3H]aldosterone from human Mineralocorticoid receptor,617583,B,IC50,9,=,Homo sapiens,CHEMBL66598,CHEMBL1147539,,,Direct protein target assigned,,,,False,-1,False,False,,,6.050000190734863,,,NR3C2_IC50Ki_042,6.050000190734863,True
CHEMBL1994,COc1cc(CNC(=O)C2(Cc3ccccc3)OC(=O)N(C3CCN(C(=O)C(F)(F)F)CC3)C2=O)cc(OC)c1,COc1cc(CNC(=O)[C@@]2(Cc3ccccc3)OC(=O)N(C3CCN(C(=O)C(F)(F)F)CC3)C2=O)cc(OC)c1,5.539999961853027,CHEMBL2411354,Antagonist activity at human mineralocorticoid receptor assessed as inhibition of binding to coactivator peptide by NH Pro assay,13393492,B,IC50,9,=,Homo sapiens,CHEMBL2407650,CHEMBL2407028,,,Direct protein target assigned,,,,False,-1,False,False,,,5.539999961853027,,,NR3C2_IC50Ki_329,5.539999961853027,True
CHEMBL1994,COC(=O)C1=C(C)NC(C)=C(C(=O)OC(C)(C)C)C1c1ccccc1C,COC(=O)C1=C(C)NC(C)=C(C(=O)OC(C)(C)C)C1c1ccccc1C,6.679999828338623,CHEMBL1219573,Antagonist activity at mineralocorticoid receptor LBD expressed in human HUH7 cells coexpressing GAL4 by luciferase reporter gene assay,3403395,F,IC50,8,=,Homo sapiens,CHEMBL1215048,CHEMBL1212896,,Huh-7,Homologous protein target assigned,,,,False,-1,False,False,,,6.679999828338623,,,NR3C2_IC50Ki_167,6.679999828338623,True
CHEMBL1994,Cc1cc(C2=C(c3ccc(F)cc3)C(=O)NC2C)cc2c1OCC(=O)N2,Cc1cc(C2=C(c3ccc(F)cc3)C(=O)NC2C)cc2c1OCC(=O)N2;Cc1cc(C2=C(c3ccc(F)cc3)C(=O)NC2C)cc2c1OCC(=O)N2,7.080;7.370,CHEMBL2423835;CHEMBL2423838,Antagonist activity at MR (unknown origin) expressed in COS1 cells after 1 day by luciferase reporter gene assay;Displacement of [3H]-Aldosterone from human MR expressed in 293 cells after 16 hrs by scintillation counting,13416299;13416303,B;B,IC50;IC50,9;9,=;=,Homo sapiens;Homo sapiens,CHEMBL2419301;CHEMBL2419301,CHEMBL2417412;CHEMBL2417412,None;None,COS-1;HEK293,Direct protein target assigned;Direct protein target assigned,None;None,None;None,None;None,False;False,-1;-1,False;False,True,7.225,0.145,7.225,0.145,2.0,NR3C2_IC50Ki_858,7.225,True
CHEMBL1994,CC(c1ccc(F)cc1)N1C(=O)OC(Cc2ccccc2)(c2nc3cc(-n4cnnn4)ccc3[nH]2)C1=O,C[C@H](c1ccc(F)cc1)N1C(=O)O[C@](Cc2ccccc2)(c2nc3cc(-n4cnnn4)ccc3[nH]2)C1=O,6.920000076293945,CHEMBL3578998,Antagonist activity at human mineralocorticoid receptor overexpressed in CHOK1 cells assessed as inhibition of aldosterone-induced protein interaction with coactivator peptide after 6 hrs by luminescence assay,15601450,B,IC50,9,=,Homo sapiens,CHEMBL3578280,CHEMBL3576820,,CHO-K1,Direct protein target assigned,,,,False,-1,False,False,,,6.920000076293945,,,NR3C2_IC50Ki_528,6.920000076293945,True
CHEMBL1994,CCC(C(=O)NC(C)(C)C)(c1ccc(Cl)cc1)n1ccc2c(NS(C)(=O)=O)cccc21,CC[C@](C(=O)NC(C)(C)C)(c1ccc(Cl)cc1)n1ccc2c(NS(C)(=O)=O)cccc21,6.019999980926514,CHEMBL4717253,Antagonist activity at human full-length MCR assessed as inhibition of receptor binding to co-activator peptide by PathHunter assay,22825195,B,IC50,9,=,Homo sapiens,CHEMBL4796191,CHEMBL4715716,,,Direct protein target assigned,,,,False,-1,False,False,,,6.019999980926514,,,NR3C2_IC50Ki_667,6.019999980926514,True
CHEMBL1994,NC(=O)Nc1cc(-c2ccnn2-c2ccccc2Cl)ccn1,NC(=O)Nc1cc(-c2ccnn2-c2ccccc2Cl)ccn1,6.099999904632568,CHEMBL3705363,"Competitive Molecular Binding Assay: The MR competitive binding assay is based on the binding and displacement of a TAMRA-labeled Dexamethasone probe with fluorescence polarization (FP) detection. The assay is performed in 384-well, low volume NBS black plates (Corning #3676) in assay buffer consisting of 10 mM TES, pH 7.4, 50 mM KCl, 20 mM Sodium molybdate, 1.5 mM EDTA, 0.04% CHAPS, 10% Glycerol and 1 mM DTT. Full Length human mineralocorticoid receptor (hMR) present in a baculovirus infected insect cell lysate is diluted 2 fold in assay buffer and 10 μL of this dilution is added to the assay plate. Blank wells receive 10 μL of the diluted MR lysate containing 3 μM Dexamethasone. 2 μL diluted test compound is transferred to the assay plate for a final starting top concentration of 10 μM in 1% DMSO. The reaction is started by adding 3 μL of 25 nM probe in assay buffer for a final assay concentration of 5 nM.",17633052,B,IC50,9,=,Homo sapiens,CHEMBL3643652,CHEMBL3638806,,,Direct protein target assigned,,,,False,-1,False,False,,,6.099999904632568,,,NR3C2_IC50Ki_559,6.099999904632568,True
CHEMBL1994,COC(=O)C1=C(C)NC(C)=C(C(=O)OC(C)(C)C)C1c1ccc(F)cc1,COC(=O)C1=C(C)NC(C)=C(C(=O)OC(C)(C)C)C1c1ccc(F)cc1,6.539999961853027,CHEMBL1219573,Antagonist activity at mineralocorticoid receptor LBD expressed in human HUH7 cells coexpressing GAL4 by luciferase reporter gene assay,3403406,F,IC50,8,=,Homo sapiens,CHEMBL1215195,CHEMBL1212896,,Huh-7,Homologous protein target assigned,,,,False,-1,False,False,,,6.539999961853027,,,NR3C2_IC50Ki_178,6.539999961853027,True
CHEMBL1994,N#Cc1ccc(N2N=C3c4ccc(C(=O)O)cc4CCC3C2C2CCCC2)cc1Cl,N#Cc1ccc(N2N=C3c4ccc(C(=O)O)cc4CC[C@@H]3[C@@H]2C2CCCC2)cc1Cl;N#Cc1ccc(N2N=C3c4ccc(C(=O)O)cc4CC[C@@H]3[C@@H]2C2CCCC2)cc1Cl;N#Cc1ccc(N2N=C3c4ccc(C(=O)O)cc4CC[C@@H]3[C@@H]2C2CCCC2)cc1Cl,7.680;8.050;8.040,CHEMBL1219662;CHEMBL1219662;CHEMBL3265996,Antagonist activity at Gal4-tagged mineralocorticoid receptor expressed in human Huh7 cells by luciferase reporter gene assay;Antagonist activity at Gal4-tagged mineralocorticoid receptor expressed in human Huh7 cells by luciferase reporter gene assay;Antagonist activity at mineralocorticoid receptor (unknown origin) by Gal4-based cellular assay,3403579;3403623;14658163,F;F;B,IC50;IC50;IC50,8;8;9,=;=;=,Homo sapiens;Homo sapiens;Homo sapiens,CHEMBL1215331;CHEMBL1215331;CHEMBL1215331,CHEMBL1212897;CHEMBL1212897;CHEMBL3259597,None;None;None,Huh-7;Huh-7;None,Homologous protein target assigned;Homologous protein target assigned;Direct protein target assigned,None;None;None,None;None;None,1.0;1.0;1.0,False;False;False,0;0;0,False;False;False,True,7.923333333333333,0.1721110752456746,8.04,0.0100000000000015,3.0,NR3C2_IC50Ki_837,8.04,True
CHEMBL1994,Cc1cccc(CCc2ccnc(NC(N)=O)c2)c1,Cc1cccc(CCc2ccnc(NC(N)=O)c2)c1,7.110000133514404,CHEMBL3705363,"Competitive Molecular Binding Assay: The MR competitive binding assay is based on the binding and displacement of a TAMRA-labeled Dexamethasone probe with fluorescence polarization (FP) detection. The assay is performed in 384-well, low volume NBS black plates (Corning #3676) in assay buffer consisting of 10 mM TES, pH 7.4, 50 mM KCl, 20 mM Sodium molybdate, 1.5 mM EDTA, 0.04% CHAPS, 10% Glycerol and 1 mM DTT. Full Length human mineralocorticoid receptor (hMR) present in a baculovirus infected insect cell lysate is diluted 2 fold in assay buffer and 10 μL of this dilution is added to the assay plate. Blank wells receive 10 μL of the diluted MR lysate containing 3 μM Dexamethasone. 2 μL diluted test compound is transferred to the assay plate for a final starting top concentration of 10 μM in 1% DMSO. The reaction is started by adding 3 μL of 25 nM probe in assay buffer for a final assay concentration of 5 nM.",17633084,B,IC50,9,=,Homo sapiens,CHEMBL3643682,CHEMBL3638806,,,Direct protein target assigned,,,,False,-1,False,False,,,7.110000133514404,,,NR3C2_IC50Ki_584,7.110000133514404,True
CHEMBL1994,COC(=O)C1=C(C)NC(C)=C(C(=O)OC(C)(C)C)C1c1ccc(O)cc1,COC(=O)C1=C(C)NC(C)=C(C(=O)OC(C)(C)C)C1c1ccc(O)cc1,5.590000152587891,CHEMBL1219573,Antagonist activity at mineralocorticoid receptor LBD expressed in human HUH7 cells coexpressing GAL4 by luciferase reporter gene assay,3403405,F,IC50,8,=,Homo sapiens,CHEMBL1215194,CHEMBL1212896,,Huh-7,Homologous protein target assigned,,,,False,-1,False,False,,,5.590000152587891,,,NR3C2_IC50Ki_177,5.590000152587891,True
CHEMBL1994,NC(=O)Nc1cc(C2=C(c3ccc(F)cc3)CCCC2)ccn1,NC(=O)Nc1cc(C2=C(c3ccc(F)cc3)CCCC2)ccn1,6.849999904632568,CHEMBL3705363,"Competitive Molecular Binding Assay: The MR competitive binding assay is based on the binding and displacement of a TAMRA-labeled Dexamethasone probe with fluorescence polarization (FP) detection. The assay is performed in 384-well, low volume NBS black plates (Corning #3676) in assay buffer consisting of 10 mM TES, pH 7.4, 50 mM KCl, 20 mM Sodium molybdate, 1.5 mM EDTA, 0.04% CHAPS, 10% Glycerol and 1 mM DTT. Full Length human mineralocorticoid receptor (hMR) present in a baculovirus infected insect cell lysate is diluted 2 fold in assay buffer and 10 μL of this dilution is added to the assay plate. Blank wells receive 10 μL of the diluted MR lysate containing 3 μM Dexamethasone. 2 μL diluted test compound is transferred to the assay plate for a final starting top concentration of 10 μM in 1% DMSO. The reaction is started by adding 3 μL of 25 nM probe in assay buffer for a final assay concentration of 5 nM.",17633100,B,IC50,9,=,Homo sapiens,CHEMBL3643698,CHEMBL3638806,,,Direct protein target assigned,,,,False,-1,False,False,,,6.849999904632568,,,NR3C2_IC50Ki_599,6.849999904632568,True
CHEMBL1994,C=CCOC(C)C1=CC(C)(C)Nc2ccc(-c3cc(F)ccc3OC)cc21,C=CCOC(C)C1=CC(C)(C)Nc2ccc(-c3cc(F)ccc3OC)cc21;C=CCOC(C)C1=CC(C)(C)Nc2ccc(-c3cc(F)ccc3OC)cc21,5.960;6.010,CHEMBL889786;CHEMBL889786,Displacement of Dexamethasone from human mineralocorticoid receptor by fluorescence polarization assay;Displacement of Dexamethasone from human mineralocorticoid receptor by fluorescence polarization assay,1913450;1913452,B;B,IC50;IC50,9;9,=;=,Homo sapiens;Homo sapiens,CHEMBL541908;CHEMBL395506,CHEMBL1146252;CHEMBL1146252,None;None,None;None,Direct protein target assigned;Direct protein target assigned,None;None,None;None,None;None,False;False,-1;-1,False;False,True,5.984999999999999,0.0249999999999999,5.984999999999999,0.0249999999999999,2.0,NR3C2_IC50Ki_873,5.984999999999999,True
CHEMBL1994,C=CC1CC2=CC(=O)CCC2C2CCC3(C)C(CCC34C=CCO4)C12,C=C[C@@H]1CC2=CC(=O)CC[C@@H]2[C@H]2CC[C@@]3(C)[C@@H](CC[C@@]34C=CCO4)[C@@H]21,7.239999771118164,CHEMBL3706043,"Receptor Binding Assay: Using cytosol from progesterone receptor-expressing insect cells (Hi5), competitive binding to the progesterone receptor was determined from the ability to displace 3H-progesterone as reference substance from the receptor. If a compound has an affinity corresponding to progesterone, this corresponds to a competition factor (CF) of 1. CF values greater than 1 are characterized by a lower affinity for the progesterone receptor, and CF values of less than 1 are characterized by higher affinity. The test was carried out as test above, with the following modifications: cytosol from mineralocorticoid receptor-expressing insect cells (Hi5) was used, and the reference substance was 3H-aldosterone.",17681972,B,IC50,9,=,Homo sapiens,CHEMBL3692349,CHEMBL3638672,,,Direct protein target assigned,,,,False,-1,False,False,,,7.239999771118164,,,NR3C2_IC50Ki_606,7.239999771118164,True
CHEMBL1994,COc1ccc(-c2ccccc2)cc1C(C)(C)CC(O)(Cc1cc2ccncc2[nH]1)C(F)(F)F,COc1ccc(-c2ccccc2)cc1C(C)(C)CC(O)(Cc1cc2ccncc2[nH]1)C(F)(F)F,6.320000171661377,CHEMBL1250866,Binding affinity to mineralocorticoid receptor expressed in baculovirus-infected insect cells using tetramethylrhodamine labeled Dexamethasone by fluorescence polarization microplate assay,3470461,B,IC50,8,=,Homo sapiens,CHEMBL1254080,CHEMBL1250518,,,Homologous protein target assigned,,,,False,-1,False,False,,,6.320000171661377,,,NR3C2_IC50Ki_257,6.320000171661377,True
CHEMBL1994,COc1ccc(Cn2cnc(-c3ccc(F)cc3)c2-c2ccnc(NC(N)=O)c2)c(OC)c1,COc1ccc(Cn2cnc(-c3ccc(F)cc3)c2-c2ccnc(NC(N)=O)c2)c(OC)c1,6.480000019073486,CHEMBL3705363,"Competitive Molecular Binding Assay: The MR competitive binding assay is based on the binding and displacement of a TAMRA-labeled Dexamethasone probe with fluorescence polarization (FP) detection. The assay is performed in 384-well, low volume NBS black plates (Corning #3676) in assay buffer consisting of 10 mM TES, pH 7.4, 50 mM KCl, 20 mM Sodium molybdate, 1.5 mM EDTA, 0.04% CHAPS, 10% Glycerol and 1 mM DTT. Full Length human mineralocorticoid receptor (hMR) present in a baculovirus infected insect cell lysate is diluted 2 fold in assay buffer and 10 μL of this dilution is added to the assay plate. Blank wells receive 10 μL of the diluted MR lysate containing 3 μM Dexamethasone. 2 μL diluted test compound is transferred to the assay plate for a final starting top concentration of 10 μM in 1% DMSO. The reaction is started by adding 3 μL of 25 nM probe in assay buffer for a final assay concentration of 5 nM.",17633095,B,IC50,9,=,Homo sapiens,CHEMBL3643693,CHEMBL3638806,,,Direct protein target assigned,,,,False,-1,False,False,,,6.480000019073486,,,NR3C2_IC50Ki_594,6.480000019073486,True
CHEMBL1994,COc1cc(CNC(=O)C2(Cc3ccccc3)OC(=O)N(C(C)c3ccc(F)cc3)C2=O)cc(OC)c1,COc1cc(CNC(=O)[C@@]2(Cc3ccccc3)OC(=O)N([C@H](C)c3ccc(F)cc3)C2=O)cc(OC)c1,7.429999828338623,CHEMBL2411354,Antagonist activity at human mineralocorticoid receptor assessed as inhibition of binding to coactivator peptide by NH Pro assay,13393498,B,IC50,9,=,Homo sapiens,CHEMBL2407644,CHEMBL2407028,,,Direct protein target assigned,,,,False,-1,False,False,,,7.429999828338623,,,NR3C2_IC50Ki_335,7.429999828338623,True
CHEMBL1994,COc1cc(NS(C)(=O)=O)c2[nH]c(C)c(-c3cc(F)ccc3OC)c2c1,COc1cc(NS(C)(=O)=O)c2[nH]c(C)c(-c3cc(F)ccc3OC)c2c1,7.420000076293945,CHEMBL3607224,Displacement of [3H]-aldosterone from human mineralocorticoid receptor expressed in HEK293 cells by scintillation counting based radioligand competition binding assay,15684203,B,Ki,9,=,Homo sapiens,CHEMBL3605924,CHEMBL3603837,,HEK293,Direct protein target assigned,,,,False,-1,False,False,,,7.420000076293945,,,NR3C2_IC50Ki_542,7.420000076293945,True
CHEMBL1994,CC1=CC(C)(C)Nc2ccc3c(c21)C(c1cccc(Br)c1)Oc1ccccc1-3,CC1=CC(C)(C)Nc2ccc3c(c21)C(c1cccc(Br)c1)Oc1ccccc1-3,5.96999979019165,CHEMBL729160,Antagonistic activity was determined in Human mineralocorticoid receptor(hMR) of CV-1 cells in cotransfection assay.,1224411,F,IC50,8,=,Homo sapiens,CHEMBL430855,CHEMBL1131454,,CV-1,Homologous protein target assigned,,,,False,-1,False,False,,,5.96999979019165,,,NR3C2_IC50Ki_015,5.96999979019165,True
CHEMBL1994,CC1=CC(C)(C)Nc2ccc3c(c21)C(=C1SCCCS1)Oc1ccc(F)cc1-3,CC1=CC(C)(C)Nc2ccc3c(c21)C(=C1SCCCS1)Oc1ccc(F)cc1-3,6.170000076293945,CHEMBL729158,Antagonist activity at mineralocorticoid receptor (hMR),322662,F,IC50,9,=,Homo sapiens,CHEMBL65929,CHEMBL1136068,,,Direct protein target assigned,,,,False,-1,False,False,,,6.170000076293945,,,NR3C2_IC50Ki_003,6.170000076293945,True
CHEMBL1994,CCC(Cc1cc(C)cc(C)c1)NS(=O)(=O)c1c(C)cc(C)cc1C,CCC(Cc1cc(C)cc(C)c1)NS(=O)(=O)c1c(C)cc(C)cc1C,6.440000057220459,CHEMBL3097675,Inhibition of mineralocorticoid receptor (unknown origin) expressed in baculovirus-infected insect cells by fluorescence polarization assay,13858123,B,IC50,9,=,Homo sapiens,CHEMBL3094476,CHEMBL3091417,,,Direct protein target assigned,,,,False,-1,False,False,,,6.440000057220459,,,NR3C2_IC50Ki_442,6.440000057220459,True
CHEMBL1994,COc1ccc(-c2ccncc2)cc1C(C)(C)CC(O)(Cc1cc2ccncc2[nH]1)C(F)(F)F,COc1ccc(-c2ccncc2)cc1C(C)(C)CC(O)(Cc1cc2ccncc2[nH]1)C(F)(F)F,6.409999847412109,CHEMBL1250866,Binding affinity to mineralocorticoid receptor expressed in baculovirus-infected insect cells using tetramethylrhodamine labeled Dexamethasone by fluorescence polarization microplate assay,3470459,B,IC50,8,=,Homo sapiens,CHEMBL1254173,CHEMBL1250518,,,Homologous protein target assigned,,,,False,-1,False,False,,,6.409999847412109,,,NR3C2_IC50Ki_256,6.409999847412109,True
CHEMBL1994,Cc1nn(Cc2cccnc2)c(-c2ccc(F)cc2)c1-c1ccc2c(c1)NC(=O)CO2,Cc1nn(Cc2cccnc2)c(-c2ccc(F)cc2)c1-c1ccc2c(c1)NC(=O)CO2;Cc1nn(Cc2cccnc2)c(-c2ccc(F)cc2)c1-c1ccc2c(c1)NC(=O)CO2,7.440;7.440,CHEMBL3381811;CHEMBL3381815,Displacement of [3H]aldosterone from human mineralocorticoid receptor expressed in 293 cells after 16 hrs by scintillation counting;Antagonist activity at human mineralocorticoid receptor expressed in COS1 cells after 1 day by luciferase reporter gene assay,15095246;15099895,B;B,IC50;IC50,9;9,=;=,Homo sapiens;Homo sapiens,CHEMBL3337821;CHEMBL3337821,CHEMBL3351638;CHEMBL3351638,None;None,293;COS-1,Direct protein target assigned;Direct protein target assigned,None;None,None;None,None;None,False;False,-1;-1,False;False,True,7.44,0.0,7.44,0.0,2.0,NR3C2_IC50Ki_878,7.44,True
CHEMBL1994,CC(C)(CC(O)(Cc1cc2ncncc2[nH]1)C(F)(F)F)c1cc(F)ccc1O,CC(C)(CC(O)(Cc1cc2ncncc2[nH]1)C(F)(F)F)c1cc(F)ccc1O,5.940000057220459,CHEMBL3132584,Competitive binding affinity to mineralocorticoid receptor (unknown origin) expressed in baculovirus-infected cell system after 1 hr by fluorescence polarization assay in presence of tetramethylrhodamine-labeled dexamethasone,13945737,B,IC50,9,=,Homo sapiens,CHEMBL3126941,CHEMBL3124926,,,Direct protein target assigned,,,,False,-1,False,False,,,5.940000057220459,,,NR3C2_IC50Ki_457,5.940000057220459,True
CHEMBL1994,Cc1ccccc1S(=O)(=O)NCc1ccc(-n2ccnc2C)cc1,Cc1ccccc1S(=O)(=O)NCc1ccc(-n2ccnc2C)cc1,5.920000076293945,CHEMBL3090522,Displacement of [3H]aldosterone from GST-tagged human mineralocorticoid receptor ligand binding domain after 4 hrs by liquid scintillation counting,13835670,B,IC50,9,=,Homo sapiens,CHEMBL3086021,CHEMBL3085697,,,Direct protein target assigned,,,,False,-1,False,False,,,5.920000076293945,,,NR3C2_IC50Ki_398,5.920000076293945,True
CHEMBL1994,COc1cccc(C2CC(c3ccc(C(=O)O)cc3)=NN2c2ccc(C#N)cc2)c1,COc1cccc(C2CC(c3ccc(C(=O)O)cc3)=NN2c2ccc(C#N)cc2)c1,5.800000190734863,CHEMBL1219662,Antagonist activity at Gal4-tagged mineralocorticoid receptor expressed in human Huh7 cells by luciferase reporter gene assay,3403558,F,IC50,8,=,Homo sapiens,CHEMBL1215050,CHEMBL1212897,,Huh-7,Homologous protein target assigned,,,,False,-1,False,False,,,5.800000190734863,,,NR3C2_IC50Ki_222,5.800000190734863,True
CHEMBL1994,COc1ccc(F)cc1C(C)(C)CC(O)(Cc1cc2cnccc2[nH]1)C1CC1,COc1ccc(F)cc1C(C)(C)CC(O)(Cc1cc2cnccc2[nH]1)C1CC1,5.75,CHEMBL3241425,Displacement of TAMRA-labeled dexamethasone from mineralocorticoid receptor (unknown origin) by fluorescence polarization assay,14566756,B,IC50,9,=,Homo sapiens,CHEMBL3233278,CHEMBL3232739,,,Direct protein target assigned,,,,False,-1,False,False,,,5.75,,,NR3C2_IC50Ki_486,5.75,True
CHEMBL1994,CCC(Cc1cc(C)c(OC)c(C)c1)NS(=O)(=O)c1c(C)cc(C)cc1C,CCC(Cc1cc(C)c(OC)c(C)c1)NS(=O)(=O)c1c(C)cc(C)cc1C,5.849999904632568,CHEMBL3097675,Inhibition of mineralocorticoid receptor (unknown origin) expressed in baculovirus-infected insect cells by fluorescence polarization assay,13858116,B,IC50,9,=,Homo sapiens,CHEMBL3094483,CHEMBL3091417,,,Direct protein target assigned,,,,False,-1,False,False,,,5.849999904632568,,,NR3C2_IC50Ki_436,5.849999904632568,True
CHEMBL1994,Cc1cc(C)c(S(=O)(=O)NCc2ccc(-n3ccnc3C)cc2)c(C)c1,Cc1cc(C)c(S(=O)(=O)NCc2ccc(-n3ccnc3C)cc2)c(C)c1,6.920000076293945,CHEMBL3090522,Displacement of [3H]aldosterone from GST-tagged human mineralocorticoid receptor ligand binding domain after 4 hrs by liquid scintillation counting,13835680,B,IC50,9,=,Homo sapiens,CHEMBL3086020,CHEMBL3085697,,,Direct protein target assigned,,,,False,-1,False,False,,,6.920000076293945,,,NR3C2_IC50Ki_404,6.920000076293945,True
CHEMBL1994,CC1(C)OC(=S)Nc2ccc(NS(=O)(=O)c3cccs3)cc21,CC1(C)OC(=S)Nc2ccc(NS(=O)(=O)c3cccs3)cc21,6.889999866485596,CHEMBL2188769,Antagonist activity at mineralocorticoid receptor expressed in african green monkey COS7 cells after 18 hrs by luciferase reporter gene assay,12163933,F,IC50,8,=,Homo sapiens,CHEMBL2181930,CHEMBL2177005,,COS-7,Homologous protein target assigned,,,,False,-1,False,False,,,6.889999866485596,,,NR3C2_IC50Ki_324,6.889999866485596,True
CHEMBL1994,CC(c1ccc(F)cc1)N1C(=O)OC(Cc2ccccc2)(c2nc3cc(-c4cccnc4)ccc3[nH]2)C1=O,C[C@H](c1ccc(F)cc1)N1C(=O)O[C@](Cc2ccccc2)(c2nc3cc(-c4cccnc4)ccc3[nH]2)C1=O,7.46999979019165,CHEMBL3578998,Antagonist activity at human mineralocorticoid receptor overexpressed in CHOK1 cells assessed as inhibition of aldosterone-induced protein interaction with coactivator peptide after 6 hrs by luminescence assay,15601443,B,IC50,9,=,Homo sapiens,CHEMBL3578286,CHEMBL3576820,,CHO-K1,Direct protein target assigned,,,,False,-1,False,False,,,7.46999979019165,,,NR3C2_IC50Ki_521,7.46999979019165,True
CHEMBL1994,CC1=CC(C)(C)Nc2ccc3c(c21)C(c1ccc(Cl)c(Cl)c1)Oc1ccccc1-3,CC1=CC(C)(C)Nc2ccc3c(c21)C(c1ccc(Cl)c(Cl)c1)Oc1ccccc1-3,5.96999979019165,CHEMBL729160,Antagonistic activity was determined in Human mineralocorticoid receptor(hMR) of CV-1 cells in cotransfection assay.,1199167,F,IC50,8,=,Homo sapiens,CHEMBL317921,CHEMBL1131454,,CV-1,Homologous protein target assigned,,,,False,-1,False,False,,,5.96999979019165,,,NR3C2_IC50Ki_009,5.96999979019165,True
CHEMBL1994,COc1ccc(F)cc1C(C)(C)CC(O)(Cc1cc2cccnc2[nH]1)C(F)(F)F,COc1ccc(F)cc1C(C)(C)CC(O)(Cc1cc2cccnc2[nH]1)C(F)(F)F,6.039999961853027,CHEMBL1250866,Binding affinity to mineralocorticoid receptor expressed in baculovirus-infected insect cells using tetramethylrhodamine labeled Dexamethasone by fluorescence polarization microplate assay,3470312,B,IC50,8,=,Homo sapiens,CHEMBL1254652,CHEMBL1250518,,,Homologous protein target assigned,,,,False,-1,False,False,,,6.039999961853027,,,NR3C2_IC50Ki_249,6.039999961853027,True
CHEMBL1994,CCC1CNc2cc3oc(=O)cc(C(F)(F)F)c3cc2C1CC,CC[C@@H]1CNc2cc3oc(=O)cc(C(F)(F)F)c3cc2[C@H]1CC,5.71999979019165,CHEMBL729165,In vitro antagonistic activity against human mineralocorticoid receptor (hMR),529316,F,IC50,9,=,Homo sapiens,CHEMBL2112310,CHEMBL1132082,,,Direct protein target assigned,,,,False,-1,False,False,,,5.71999979019165,,,NR3C2_IC50Ki_022,5.71999979019165,True
CHEMBL1994,CC(c1ccccc1)N1C(=O)OC(Cc2ccccc2)(C(=O)Nc2ccc(C#N)cc2)C1=O,C[C@H](c1ccccc1)N1C(=O)O[C@](Cc2ccccc2)(C(=O)Nc2ccc(C#N)cc2)C1=O,7.0,CHEMBL2411354,Antagonist activity at human mineralocorticoid receptor assessed as inhibition of binding to coactivator peptide by NH Pro assay,13393533,B,IC50,9,=,Homo sapiens,CHEMBL2407684,CHEMBL2407028,,,Direct protein target assigned,,,,False,-1,False,False,,,7.0,,,NR3C2_IC50Ki_356,7.0,True
CHEMBL1994,N#Cc1ccc(N2N=C(c3ccc(C(=O)O)cc3)CC2c2cccc(F)c2)cc1,N#Cc1ccc(N2N=C(c3ccc(C(=O)O)cc3)CC2c2cccc(F)c2)cc1,6.360000133514404,CHEMBL1219662,Antagonist activity at Gal4-tagged mineralocorticoid receptor expressed in human Huh7 cells by luciferase reporter gene assay,3403557,F,IC50,8,=,Homo sapiens,CHEMBL1214971,CHEMBL1212897,,Huh-7,Homologous protein target assigned,,,,False,-1,False,False,,,6.360000133514404,,,NR3C2_IC50Ki_221,6.360000133514404,True
CHEMBL1994,N#CCC1COc2ccccc2N1C(=O)c1ccc2c(c1)NC(=O)CO2,N#CC[C@H]1COc2ccccc2N1C(=O)c1ccc2c(c1)NC(=O)CO2;N#CC[C@H]1COc2ccccc2N1C(=O)c1ccc2c(c1)NC(=O)CO2,6.300;5.400,CHEMBL4423290;CHEMBL4423293,Displacement of [3H]-aldosterone to human mineralocorticoid receptor LBD by radiometric binding assay;Antagonist activity at gal4-fused human mineralocorticoid receptor LBD expressed in UAS-MR-bla HEK293 cells by luciferase reporter gene assay,19363391;19363468,B;B,Ki;IC50,9;9,=;=,Homo sapiens;Homo sapiens,CHEMBL4462225;CHEMBL4462225,CHEMBL4422622;CHEMBL4422622,None;None,None;None,Direct protein target assigned;Direct protein target assigned,None;None,None;None,None;None,False;False,-1;-1,False;False,True,5.85,0.4499999999999997,5.85,0.4499999999999997,2.0,NR3C2_IC50Ki_760,5.85,True
CHEMBL1994,NS(=O)(=O)CC1COc2cc(F)ccc2N1C(=O)c1ccc2cc[nH]c2c1,NS(=O)(=O)C[C@H]1COc2cc(F)ccc2N1C(=O)c1ccc2cc[nH]c2c1;NS(=O)(=O)C[C@H]1COc2cc(F)ccc2N1C(=O)c1ccc2cc[nH]c2c1,7.300;6.600,CHEMBL4423290;CHEMBL4423293,Displacement of [3H]-aldosterone to human mineralocorticoid receptor LBD by radiometric binding assay;Antagonist activity at gal4-fused human mineralocorticoid receptor LBD expressed in UAS-MR-bla HEK293 cells by luciferase reporter gene assay,19363401;19363478,B;B,Ki;IC50,9;9,=;=,Homo sapiens;Homo sapiens,CHEMBL4442787;CHEMBL4442787,CHEMBL4422622;CHEMBL4422622,None;None,None;None,Direct protein target assigned;Direct protein target assigned,None;None,None;None,None;None,False;False,-1;-1,False;False,True,6.949999999999999,0.3500000000000001,6.949999999999999,0.3500000000000001,2.0,NR3C2_IC50Ki_756,6.949999999999999,True
CHEMBL1994,Cc1nn(CC(F)(F)CO)c(-c2ccc(F)cc2)c1-c1ccc2c(c1)NC(=O)CO2,Cc1nn(CC(F)(F)CO)c(-c2ccc(F)cc2)c1-c1ccc2c(c1)NC(=O)CO2;Cc1nn(CC(F)(F)CO)c(-c2ccc(F)cc2)c1-c1ccc2c(c1)NC(=O)CO2,7.290;7.150,CHEMBL3381811;CHEMBL3381815,Displacement of [3H]aldosterone from human mineralocorticoid receptor expressed in 293 cells after 16 hrs by scintillation counting;Antagonist activity at human mineralocorticoid receptor expressed in COS1 cells after 1 day by luciferase reporter gene assay,15095254;15099902,B;B,IC50;IC50,9;9,=;=,Homo sapiens;Homo sapiens,CHEMBL3337829;CHEMBL3337829,CHEMBL3351638;CHEMBL3351638,None;None,293;COS-1,Direct protein target assigned;Direct protein target assigned,None;None,None;None,None;None,False;False,-1;-1,False;False,True,7.220000000000001,0.0699999999999998,7.220000000000001,0.0699999999999998,2.0,NR3C2_IC50Ki_863,7.220000000000001,True
CHEMBL1994,CC(c1ccc(F)cc1)N1C(=O)OC(Cc2ccccc2)(c2nc3cc(-c4ccncc4)ccc3[nH]2)C1=O,C[C@H](c1ccc(F)cc1)N1C(=O)O[C@](Cc2ccccc2)(c2nc3cc(-c4ccncc4)ccc3[nH]2)C1=O,7.440000057220459,CHEMBL3578998,Antagonist activity at human mineralocorticoid receptor overexpressed in CHOK1 cells assessed as inhibition of aldosterone-induced protein interaction with coactivator peptide after 6 hrs by luminescence assay,15601441,B,IC50,9,=,Homo sapiens,CHEMBL3578288,CHEMBL3576820,,CHO-K1,Direct protein target assigned,,,,False,-1,False,False,,,7.440000057220459,,,NR3C2_IC50Ki_519,7.440000057220459,True
CHEMBL1994,COc1cc(CNC(=O)C2(Cc3cccc(F)c3)OC(=O)N(C(C)c3ccccc3)C2=O)cc(OC)c1,COc1cc(CNC(=O)[C@@]2(Cc3cccc(F)c3)OC(=O)N([C@H](C)c3ccccc3)C2=O)cc(OC)c1,6.550000190734863,CHEMBL2411354,Antagonist activity at human mineralocorticoid receptor assessed as inhibition of binding to coactivator peptide by NH Pro assay,13393508,B,IC50,9,=,Homo sapiens,CHEMBL2407874,CHEMBL2407028,,,Direct protein target assigned,,,,False,-1,False,False,,,6.550000190734863,,,NR3C2_IC50Ki_340,6.550000190734863,True
CHEMBL1994,Cc1ccccc1C(C)Cc1ccnc(NC(N)=O)c1,Cc1ccccc1C(C)Cc1ccnc(NC(N)=O)c1;Cc1ccccc1C(C)Cc1ccnc(NC(N)=O)c1,7.960;7.370,CHEMBL3705363;CHEMBL4008028,"Competitive Molecular Binding Assay: The MR competitive binding assay is based on the binding and displacement of a TAMRA-labeled Dexamethasone probe with fluorescence polarization (FP) detection. The assay is performed in 384-well, low volume NBS black plates (Corning #3676) in assay buffer consisting of 10 mM TES, pH 7.4, 50 mM KCl, 20 mM Sodium molybdate, 1.5 mM EDTA, 0.04% CHAPS, 10% Glycerol and 1 mM DTT. Full Length human mineralocorticoid receptor (hMR) present in a baculovirus infected insect cell lysate is diluted 2 fold in assay buffer and 10 μL of this dilution is added to the assay plate. Blank wells receive 10 μL of the diluted MR lysate containing 3 μM Dexamethasone. 2 μL diluted test compound is transferred to the assay plate for a final starting top concentration of 10 μM in 1% DMSO. The reaction is started by adding 3 μL of 25 nM probe in assay buffer for a final assay concentration of 5 nM.;Antagonist activity at Gal4-fused human MR LBD expressed in HEK293T cells assessed as inhibition of aldosterone-induced transactivation activity after 18 hrs by luciferase reporter gene assay",17633076;18033351,B;B,IC50;IC50,9;9,=;=,Homo sapiens;Homo sapiens,CHEMBL3643674;CHEMBL3643674,CHEMBL3638806;CHEMBL4007392,None;None,None;HEK-293T,Direct protein target assigned;Direct protein target assigned,None;None,None;None,None;None,False;False,-1;-1,False;False,True,7.665,0.2949999999999999,7.665,0.2949999999999999,2.0,NR3C2_IC50Ki_733,7.665,True
CHEMBL1994,CC(=O)Oc1ccc(CCc2cc(C)c3c(c2)NC(=O)CO3)c(C)c1,CC(=O)Oc1ccc(CCc2cc(C)c3c(c2)NC(=O)CO3)c(C)c1,8.890000343322754,CHEMBL4008036,Antagonist activity at Gal4-fused human MR LBD (672 to 984 residues) expressed in HEK293T cells assessed as inhibition of aldosterone-induced transactivation activity after 24 hrs by luciferase reporter gene assay,18033386,B,IC50,9,=,Homo sapiens,CHEMBL4102708,CHEMBL4007392,,HEK-293T,Direct protein target assigned,,,,False,-1,False,False,,,8.890000343322754,,,NR3C2_IC50Ki_626,8.890000343322754,True
CHEMBL1994,COC(=O)C1=C(Cn2ccnc2)NC(C)=C(C#N)C1c1ccc(F)cc1Cl,COC(=O)C1=C(Cn2ccnc2)NC(C)=C(C#N)C1c1ccc(F)cc1Cl,8.050000190734863,CHEMBL1219573,Antagonist activity at mineralocorticoid receptor LBD expressed in human HUH7 cells coexpressing GAL4 by luciferase reporter gene assay,3403470,F,IC50,8,=,Homo sapiens,CHEMBL1215552,CHEMBL1212896,,Huh-7,Homologous protein target assigned,,,,False,-1,False,False,,,8.050000190734863,,,NR3C2_IC50Ki_203,8.050000190734863,True
CHEMBL1994,N#Cc1ccc(N2N=C3c4ccc(C(=O)O)cc4CCC3C2C2CC=CC2)cc1Cl,N#Cc1ccc(N2N=C3c4ccc(C(=O)O)cc4CC[C@@H]3[C@@H]2C2CC=CC2)cc1Cl,7.820000171661377,CHEMBL1219662,Antagonist activity at Gal4-tagged mineralocorticoid receptor expressed in human Huh7 cells by luciferase reporter gene assay,3403581,F,IC50,8,=,Homo sapiens,CHEMBL1215409,CHEMBL1212897,,Huh-7,Homologous protein target assigned,,,,False,-1,False,False,,,7.820000171661377,,,NR3C2_IC50Ki_237,7.820000171661377,True
CHEMBL1994,COc1ccc(F)cc1C(C)(C)CC(O)(Cn1ccc(=O)c2ccccc21)C(F)(F)F,COc1ccc(F)cc1C(C)(C)CC(O)(Cn1ccc(=O)c2ccccc21)C(F)(F)F,6.920000076293945,CHEMBL909351,Inhibition of tetramethylrhodamine labeled dexamethasone binding to MR by FP assay,1799416,B,IC50,8,=,Homo sapiens,CHEMBL386465,CHEMBL1138857,,,Homologous protein target assigned,,,,False,-1,False,False,,,6.920000076293945,,,NR3C2_IC50Ki_093,6.920000076293945,True
CHEMBL1994,CC(c1ccccc1)N1C(=O)OC(Cc2ccccc2)(c2nnc(-c3ccccc3)[nH]2)C1=O,C[C@H](c1ccccc1)N1C(=O)O[C@](Cc2ccccc2)(c2nnc(-c3ccccc3)[nH]2)C1=O,5.840000152587891,CHEMBL3241715,Antagonist activity at mineralocorticoid receptor (unknown origin) by PathHunter assay,14566213,B,IC50,9,=,Homo sapiens,CHEMBL3234851,CHEMBL3232811,,,Direct protein target assigned,,,,False,-1,False,False,,,5.840000152587891,,,NR3C2_IC50Ki_468,5.840000152587891,True
CHEMBL1994,Cc1cc(C)c(S(=O)(=O)NC(Cc2c[nH]c3c(C)cccc23)C(F)(F)F)c(C)c1,Cc1cc(C)c(S(=O)(=O)NC(Cc2c[nH]c3c(C)cccc23)C(F)(F)F)c(C)c1,7.050000190734863,CHEMBL3096917,Binding affinity to mineralocorticoid receptor (unknown origin) by fluorescence polarization competitive binding assay,13845375,B,IC50,9,=,Homo sapiens,CHEMBL3093448,CHEMBL3091451,,,Direct protein target assigned,,,,False,-1,False,False,,,7.050000190734863,,,NR3C2_IC50Ki_424,7.050000190734863,True
CHEMBL1994,CCc1cnc2cccc(C3C(C#N)=C(C)NC(C)=C3C(=O)OC(C)C)c2c1,CCc1cnc2cccc(C3C(C#N)=C(C)NC(C)=C3C(=O)OC(C)C)c2c1,6.510000228881836,CHEMBL4008023,Antagonist activity at Gal4-fused human MR LBD (734 to 985 residues) expressed in CHO-K1 cells after 5 to 6 hrs by luciferase reporter gene assay,18033280,B,IC50,9,=,Homo sapiens,CHEMBL4081044,CHEMBL4007392,,,Direct protein target assigned,,,,False,-1,False,False,,,6.510000228881836,,,NR3C2_IC50Ki_622,6.510000228881836,True
CHEMBL1994,COc1ccc(F)cc1C(C)(C)CC(O)(Cc1cc2cccc(C#N)c2[nH]1)C(F)(F)F,COc1ccc(F)cc1C(C)(C)CC(O)(Cc1cc2cccc(C#N)c2[nH]1)C(F)(F)F,5.849999904632568,CHEMBL1913332,Displacement of tetramethylrhodamine-labeled Dexamethasone from human recombinant mineralocorticoid receptor expressed in baculovirus infected insect cells by fluorescence polarization assay,7851756,B,IC50,9,=,Homo sapiens,CHEMBL1911547,CHEMBL1909618,,,Direct protein target assigned,,,,False,-1,False,False,,,5.849999904632568,,,NR3C2_IC50Ki_284,5.849999904632568,True
CHEMBL1994,CC1=C(C#N)C(c2ccc(F)cc2)C(C(=O)OC(C)(C)C)=C(C)N1,CC1=C(C#N)C(c2ccc(F)cc2)C(C(=O)OC(C)(C)C)=C(C)N1,6.480000019073486,CHEMBL1219573,Antagonist activity at mineralocorticoid receptor LBD expressed in human HUH7 cells coexpressing GAL4 by luciferase reporter gene assay,3403413,F,IC50,8,=,Homo sapiens,CHEMBL1215325,CHEMBL1212896,,Huh-7,Homologous protein target assigned,,,,False,-1,False,False,,,6.480000019073486,,,NR3C2_IC50Ki_184,6.480000019073486,True
CHEMBL1994,O=C1CCc2c(C=C3c4ccccc4COc4cc(F)ccc43)cccc21,O=C1CCc2c(/C=C3\c4ccccc4COc4cc(F)ccc43)cccc21;O=C1CCc2c(/C=C3\c4ccccc4COc4cc(F)ccc43)cccc21,6.830;7.890,CHEMBL3776776;CHEMBL3776777,Antagonist activity against 6xHis-MBP-fused human MR LBD domain (732 to 984 amino acid residues) C808S mutant expressed in Escherichia coli BL21(DE3) assessed as inhibition of aldosterone-mediated receptor activation after 16 hrs by luciferase assay;Displacement of 3H-Cortisol from 6xHis-MBP-fused human MR LBD domain (732 to 984 amino acid residues) C808S mutant expressed in Escherichia coli BL21(DE3) preincubated for 1 hr measured after 30 mins by microbeta plate reader analysis,16506604;16506572,B;B,IC50;Ki,9;9,=;=,Homo sapiens;Homo sapiens,CHEMBL3775296;CHEMBL3775296,CHEMBL3774336;CHEMBL3774336,None;None,None;None,Direct protein target assigned;Direct protein target assigned,C808S;C808S,None;None,None;None,False;False,-1;-1,False;False,True,7.359999999999999,0.5299999999999998,7.359999999999999,0.5299999999999998,2.0,NR3C2_IC50Ki_709,7.359999999999999,True
CHEMBL1994,CC1CN(c2cc3c(cn2)OCC(=O)N3)C(c2ccccc2F)CO1,C[C@@H]1CN(c2cc3c(cn2)OCC(=O)N3)[C@H](c2ccccc2F)CO1,7.269999980926514,CHEMBL4008037,Antagonist activity at Gal4-fused MR LBD (unknown origin) expressed in human Huh7 cells assessed as inhibition of aldosterone-induced transcriptional activity after 3 hrs by luciferase reporter gene assay,18033392,B,IC50,9,=,Homo sapiens,CHEMBL4069468,CHEMBL4007392,,,Direct protein target assigned,,,,False,-1,False,False,,,7.269999980926514,,,NR3C2_IC50Ki_630,7.269999980926514,True
CHEMBL1994,COc1c(O)ccc2c1-c1ccc3c(c1C(=Cc1cccc(C)c1F)O2)C(C)=CC(C)(C)N3,COc1c(O)ccc2c1-c1ccc3c(c1/C(=C/c1cccc(C)c1F)O2)C(C)=CC(C)(C)N3,6.829999923706055,CHEMBL931335,Binding affinity to human recombinant mineralocorticoid receptor expressed in SF9 cells,2150539,B,Ki,9,=,Homo sapiens,CHEMBL259820,CHEMBL1147082,,Sf9,Direct protein target assigned,,,,False,-1,False,False,,,6.829999923706055,,,NR3C2_IC50Ki_153,6.829999923706055,True
CHEMBL1994,CC(C)(CC(O)(CC1CCCCC1)C(=O)Nc1ccc2c(c1)COC2=O)c1ccccc1,CC(C)(CC(O)(CC1CCCCC1)C(=O)Nc1ccc2c(c1)COC2=O)c1ccccc1,6.769999980926514,CHEMBL880258,Binding affinity towards mineralocorticoid receptor using fluorescence polarization competitive binding assay,1600948,B,IC50,9,=,Homo sapiens,CHEMBL363137,CHEMBL1143464,,,Direct protein target assigned,,,,False,-1,False,False,,,6.769999980926514,,,NR3C2_IC50Ki_075,6.769999980926514,True
CHEMBL1994,O=C1COc2ccc(C(=O)N3c4cc(CC5CCCCC5)c(F)cc4OCC3CCO)cc2N1,O=C1COc2ccc(C(=O)N3c4cc(CC5CCCCC5)c(F)cc4OC[C@@H]3CCO)cc2N1;O=C1COc2ccc(C(=O)N3c4cc(CC5CCCCC5)c(F)cc4OC[C@@H]3CCO)cc2N1,8.000;6.600,CHEMBL4423290;CHEMBL4423293,Displacement of [3H]-aldosterone to human mineralocorticoid receptor LBD by radiometric binding assay;Antagonist activity at gal4-fused human mineralocorticoid receptor LBD expressed in UAS-MR-bla HEK293 cells by luciferase reporter gene assay,19363394;19363471,B;B,Ki;IC50,9;9,=;=,Homo sapiens;Homo sapiens,CHEMBL4448501;CHEMBL4448501,CHEMBL4422622;CHEMBL4422622,None;None,None;None,Direct protein target assigned;Direct protein target assigned,None;None,None;None,None;None,False;False,-1;-1,False;False,True,7.3,0.7000000000000002,7.3,0.7000000000000002,2.0,NR3C2_IC50Ki_765,7.3,True
CHEMBL1994,COc1cc(NS(C)(=O)=O)c2[nH]c(C)c(-c3ccccc3)c2c1,COc1cc(NS(C)(=O)=O)c2[nH]c(C)c(-c3ccccc3)c2c1,5.409999847412109,CHEMBL3607224,Displacement of [3H]-aldosterone from human mineralocorticoid receptor expressed in HEK293 cells by scintillation counting based radioligand competition binding assay,15684202,B,Ki,9,=,Homo sapiens,CHEMBL3605923,CHEMBL3603837,,HEK293,Direct protein target assigned,,,,False,-1,False,False,,,5.409999847412109,,,NR3C2_IC50Ki_541,5.409999847412109,True
CHEMBL1994,Cc1c[nH]c2c(-c3c(F)cc4c(c3F)C(=NOC(C)(C)CO)CC(C)(C)N4)cccc12,Cc1c[nH]c2c(-c3c(F)cc4c(c3F)/C(=N/OC(C)(C)CO)CC(C)(C)N4)cccc12,5.570000171661377,CHEMBL1762869,Binding affinity to mineralocorticoid receptor,6150034,B,Ki,8,=,Homo sapiens,CHEMBL1762209,CHEMBL1759905,,,Homologous protein target assigned,,,,False,-1,False,False,,,5.570000171661377,,,NR3C2_IC50Ki_277,5.570000171661377,True
CHEMBL1994,Cc1c(NS(C)(=O)=O)cccc1N(Cc1ccc(Oc2ccc(Cl)c(OCC(=O)O)c2)cc1)Cc1ccc(F)cc1F,Cc1c(NS(C)(=O)=O)cccc1N(Cc1ccc(Oc2ccc(Cl)c(OCC(=O)O)c2)cc1)Cc1ccc(F)cc1F,6.0,CHEMBL828398,Inhibition of human mineralocorticoid receptor,1493978,B,IC50,9,=,Homo sapiens,CHEMBL190109,CHEMBL1141148,,,Direct protein target assigned,,,,False,-1,False,False,,,6.0,,,NR3C2_IC50Ki_068,6.0,True
CHEMBL1994,O=C1Nc2cc(S(=O)(=O)N3c4ccccc4COc4cc(F)ccc43)ccc2C12CCNCC2,O=C1Nc2cc(S(=O)(=O)N3c4ccccc4COc4cc(F)ccc43)ccc2C12CCNCC2;O=C1Nc2cc(S(=O)(=O)N3c4ccccc4COc4cc(F)ccc43)ccc2C12CCNCC2,5.280;5.260,CHEMBL3776776;CHEMBL3776777,Antagonist activity against 6xHis-MBP-fused human MR LBD domain (732 to 984 amino acid residues) C808S mutant expressed in Escherichia coli BL21(DE3) assessed as inhibition of aldosterone-mediated receptor activation after 16 hrs by luciferase assay;Displacement of 3H-Cortisol from 6xHis-MBP-fused human MR LBD domain (732 to 984 amino acid residues) C808S mutant expressed in Escherichia coli BL21(DE3) preincubated for 1 hr measured after 30 mins by microbeta plate reader analysis,16506614;16506577,B;B,IC50;Ki,9;9,=;=,Homo sapiens;Homo sapiens,CHEMBL3775163;CHEMBL3775163,CHEMBL3774336;CHEMBL3774336,None;None,None;None,Direct protein target assigned;Direct protein target assigned,C808S;C808S,None;None,None;None,False;False,-1;-1,False;False,True,5.27,0.0100000000000002,5.27,0.0100000000000002,2.0,NR3C2_IC50Ki_784,5.27,True
CHEMBL1994,COCCN1C(C)=C(C#N)C(c2ccc(F)cc2F)C(C(=O)OC(C)(C)C)=C1C,COCCN1C(C)=C(C#N)C(c2ccc(F)cc2F)C(C(=O)OC(C)(C)C)=C1C,5.429999828338623,CHEMBL1219573,Antagonist activity at mineralocorticoid receptor LBD expressed in human HUH7 cells coexpressing GAL4 by luciferase reporter gene assay,3403417,F,IC50,8,=,Homo sapiens,CHEMBL1215402,CHEMBL1212896,,Huh-7,Homologous protein target assigned,,,,False,-1,False,False,,,5.429999828338623,,,NR3C2_IC50Ki_188,5.429999828338623,True
CHEMBL1994,CC(C)NC(=O)OC1C(C)c2c(cc(F)c(-c3cccc4c(Cl)c[nH]c34)c2F)NC1(C)C,CC(C)NC(=O)O[C@@H]1[C@@H](C)c2c(cc(F)c(-c3cccc4c(Cl)c[nH]c34)c2F)NC1(C)C,6.420000076293945,CHEMBL1686884,Binding affinity to mineralocorticoid receptor,5247502,B,Ki,8,=,Homo sapiens,CHEMBL1684343,CHEMBL1681769,,,Homologous protein target assigned,,,,False,-1,False,False,,,6.420000076293945,,,NR3C2_IC50Ki_271,6.420000076293945,True
CHEMBL1994,CCC(CO)(c1ccc(Cl)cc1)n1ccc2c(NS(C)(=O)=O)cc(C#N)cc21,CCC(CO)(c1ccc(Cl)cc1)n1ccc2c(NS(C)(=O)=O)cc(C#N)cc21,4.659999847412109,CHEMBL4342250,Antagonist activity at mineralocorticoid receptor (unknown origin),18995767,B,IC50,9,=,Homo sapiens,CHEMBL4526545,CHEMBL4340566,,,Direct protein target assigned,,,,False,-1,False,False,,,4.659999847412109,,,NR3C2_IC50Ki_653,4.659999847412109,True
CHEMBL1994,CCC(C)n1cc(-c2ccc(C#N)cc2)c2ccc(NS(C)(=O)=O)cc21,CC[C@@H](C)n1cc(-c2ccc(C#N)cc2)c2ccc(NS(C)(=O)=O)cc21;CC[C@H](C)n1cc(-c2ccc(C#N)cc2)c2ccc(NS(C)(=O)=O)cc21;CC[C@H](C)n1cc(-c2ccc(C#N)cc2)c2ccc(NS(C)(=O)=O)cc21,5.840;6.000;5.010,CHEMBL1680619;CHEMBL1680619;CHEMBL1680624,Displacement of [3H]methyltrienolone from human mineralocorticoid receptor expressed in HEK293 cells;Displacement of [3H]methyltrienolone from human mineralocorticoid receptor expressed in HEK293 cells;Antagonist activity at human mineralocorticoid receptor expressed in HEK293 cells assessed as inhibition of R5050-induced transcriptional activity by GRE-driven luciferase reporter gene assay,5208991;5208992;5208932,B;B;F,Ki;Ki;IC50,9;9;9,=;=;=,Homo sapiens;Homo sapiens;Homo sapiens,CHEMBL1672549;CHEMBL1672548;CHEMBL1672548,CHEMBL1671834;CHEMBL1671834;CHEMBL1671834,None;None;None,HEK293;HEK293;HEK293,Direct protein target assigned;Direct protein target assigned;Direct protein target assigned,None;None;None,None;None;None,None;None;None,False;False;False,-1;-1;-1,False;False;False,True,5.616666666666667,0.4339226761634945,5.84,0.1600000000000001,3.0,NR3C2_IC50Ki_706,5.84,True
CHEMBL1994,N#Cc1ccc(N2N=C3c4ccc(C(=O)O)cc4CCC3C2C2CCC2)cc1Cl,N#Cc1ccc(N2N=C3c4ccc(C(=O)O)cc4CC[C@@H]3[C@@H]2C2CCC2)cc1Cl,7.679999828338623,CHEMBL1219662,Antagonist activity at Gal4-tagged mineralocorticoid receptor expressed in human Huh7 cells by luciferase reporter gene assay,3403580,F,IC50,8,=,Homo sapiens,CHEMBL1215408,CHEMBL1212897,,Huh-7,Homologous protein target assigned,,,,False,-1,False,False,,,7.679999828338623,,,NR3C2_IC50Ki_236,7.679999828338623,True
CHEMBL1994,COc1ccc(F)cc1C(C)(C)CC(O)(Cn1ccc(=O)c2ncccc21)C(F)(F)F,COc1ccc(F)cc1C(C)(C)CC(O)(Cn1ccc(=O)c2ncccc21)C(F)(F)F,5.960000038146973,CHEMBL909351,Inhibition of tetramethylrhodamine labeled dexamethasone binding to MR by FP assay,1799404,B,IC50,8,=,Homo sapiens,CHEMBL219140,CHEMBL1138857,,,Homologous protein target assigned,,,,False,-1,False,False,,,5.960000038146973,,,NR3C2_IC50Ki_088,5.960000038146973,True
CHEMBL1994,CCn1nc(C)c(-c2ccc3c(c2)NC(=O)CO3)c1-c1ccc(F)cc1,CCn1nc(C)c(-c2ccc3c(c2)NC(=O)CO3)c1-c1ccc(F)cc1;CCn1nc(C)c(-c2ccc3c(c2)NC(=O)CO3)c1-c1ccc(F)cc1,6.290;6.020,CHEMBL3381811;CHEMBL3381815,Displacement of [3H]aldosterone from human mineralocorticoid receptor expressed in 293 cells after 16 hrs by scintillation counting;Antagonist activity at human mineralocorticoid receptor expressed in COS1 cells after 1 day by luciferase reporter gene assay,15095239;15099889,B;B,IC50;IC50,9;9,=;=,Homo sapiens;Homo sapiens,CHEMBL3337729;CHEMBL3337729,CHEMBL3351638;CHEMBL3351638,None;None,293;COS-1,Direct protein target assigned;Direct protein target assigned,None;None,None;None,None;None,False;False,-1;-1,False;False,True,6.154999999999999,0.1350000000000002,6.154999999999999,0.1350000000000002,2.0,NR3C2_IC50Ki_845,6.154999999999999,True
CHEMBL1994,COc1c(O)ccc2c1-c1ccc3c(c1C(=Cc1sccc1C(C)O)O2)C(C)=CC(C)(C)N3,COc1c(O)ccc2c1-c1ccc3c(c1/C(=C/c1sccc1C(C)O)O2)C(C)=CC(C)(C)N3,6.389999866485596,CHEMBL896164,Binding affinity to MR,1926537,B,Ki,8,=,Homo sapiens,CHEMBL244537,CHEMBL1148778,,,Homologous protein target assigned,,,,False,-1,False,False,,,6.389999866485596,,,NR3C2_IC50Ki_117,6.389999866485596,True
CHEMBL1994,COc1ccc(F)cc1C(C)(C)CC(O)(c1ccccc1)C(F)(F)F,COc1ccc(F)cc1C(C)(C)CC(O)(c1ccccc1)C(F)(F)F,5.800000190734863,CHEMBL899207,Displacement of TAMRA labeled mifepristone at human mineralocorticoid receptor in insect cell,1981440,B,IC50,9,=,Homo sapiens,CHEMBL236403,CHEMBL1149697,,,Direct protein target assigned,,,,False,-1,False,False,,,5.800000190734863,,,NR3C2_IC50Ki_125,5.800000190734863,True
CHEMBL1994,O=C1COc2ccc(C=Cc3ccc(F)cc3F)cc2N1,O=C1COc2ccc(/C=C/c3ccc(F)cc3F)cc2N1;O=C1COc2ccc(/C=C\c3ccc(F)cc3F)cc2N1;O=C1COc2ccc(/C=C\c3ccc(F)cc3F)cc2N1;O=C1COc2ccc(/C=C/c3ccc(F)cc3F)cc2N1,5.640;5.820;6.590;6.790,CHEMBL3776776;CHEMBL3776776;CHEMBL3776777;CHEMBL3776777,Antagonist activity against 6xHis-MBP-fused human MR LBD domain (732 to 984 amino acid residues) C808S mutant expressed in Escherichia coli BL21(DE3) assessed as inhibition of aldosterone-mediated receptor activation after 16 hrs by luciferase assay;Antagonist activity against 6xHis-MBP-fused human MR LBD domain (732 to 984 amino acid residues) C808S mutant expressed in Escherichia coli BL21(DE3) assessed as inhibition of aldosterone-mediated receptor activation after 16 hrs by luciferase assay;Displacement of 3H-Cortisol from 6xHis-MBP-fused human MR LBD domain (732 to 984 amino acid residues) C808S mutant expressed in Escherichia coli BL21(DE3) preincubated for 1 hr measured after 30 mins by microbeta plate reader analysis;Displacement of 3H-Cortisol from 6xHis-MBP-fused human MR LBD domain (732 to 984 amino acid residues) C808S mutant expressed in Escherichia coli BL21(DE3) preincubated for 1 hr measured after 30 mins by microbeta plate reader analysis,16506585;16506587;16506564;16506565,B;B;B;B,IC50;IC50;Ki;Ki,9;9;9;9,=;=;=;=,Homo sapiens;Homo sapiens;Homo sapiens;Homo sapiens,CHEMBL3775732;CHEMBL3774738;CHEMBL3774738;CHEMBL3775732,CHEMBL3774336;CHEMBL3774336;CHEMBL3774336;CHEMBL3774336,None;None;None;None,None;None;None;None,Direct protein target assigned;Direct protein target assigned;Direct protein target assigned;Direct protein target assigned,C808S;C808S;C808S;C808S,None;None;None;None,None;None;None;None,False;False;False;False,-1;-1;-1;-1,False;False;False;False,True,6.21,0.4893362851863736,6.205,0.4750000000000001,4.0,NR3C2_IC50Ki_721,6.205,True
CHEMBL1994,COc1ccc(F)cc1C(C)(C)CC(O)(Cc1cc2cc(C)ccc2[nH]1)C(F)(F)F,COc1ccc(F)cc1C(C)(C)CC(O)(Cc1cc2cc(C)ccc2[nH]1)C(F)(F)F,5.900000095367432,CHEMBL1913332,Displacement of tetramethylrhodamine-labeled Dexamethasone from human recombinant mineralocorticoid receptor expressed in baculovirus infected insect cells by fluorescence polarization assay,7851762,B,IC50,9,=,Homo sapiens,CHEMBL1911647,CHEMBL1909618,,,Direct protein target assigned,,,,False,-1,False,False,,,5.900000095367432,,,NR3C2_IC50Ki_289,5.900000095367432,True
CHEMBL1994,N#Cc1ccc(N2N=C3c4ccc(C(=O)O)cc4CCC3C2C2CCCO2)cc1Cl,N#Cc1ccc(N2N=C3c4ccc(C(=O)O)cc4CC[C@@H]3[C@@H]2C2CCCO2)cc1Cl,6.139999866485596,CHEMBL1219662,Antagonist activity at Gal4-tagged mineralocorticoid receptor expressed in human Huh7 cells by luciferase reporter gene assay,3403582,F,IC50,8,=,Homo sapiens,CHEMBL1215410,CHEMBL1212897,,Huh-7,Homologous protein target assigned,,,,False,-1,False,False,,,6.139999866485596,,,NR3C2_IC50Ki_238,6.139999866485596,True
CHEMBL1994,CC1=CC(C)(C)Nc2ccc3c(c21)C(=Cc1ccccc1)Oc1ccccc1-3,CC1=CC(C)(C)Nc2ccc3c(c21)/C(=C/c1ccccc1)Oc1ccccc1-3,5.519999980926514,CHEMBL654292,Inhibitory activity (IC50) against human mineralocorticoid receptor expressed in CV-1 cells,841872,F,IC50,9,=,Homo sapiens,CHEMBL134421,CHEMBL1131161,,CV-1,Direct protein target assigned,,,,False,-1,False,False,,,5.519999980926514,,,NR3C2_IC50Ki_000,5.519999980926514,True
CHEMBL1994,Cc1nn(C)c(-c2ccc(F)cc2F)c1-c1ccc2c(c1)NC(=O)CO2,Cc1nn(C)c(-c2ccc(F)cc2F)c1-c1ccc2c(c1)NC(=O)CO2;Cc1nn(C)c(-c2ccc(F)cc2F)c1-c1ccc2c(c1)NC(=O)CO2,6.720;6.220,CHEMBL3381811;CHEMBL3381815,Displacement of [3H]aldosterone from human mineralocorticoid receptor expressed in 293 cells after 16 hrs by scintillation counting;Antagonist activity at human mineralocorticoid receptor expressed in COS1 cells after 1 day by luciferase reporter gene assay,15095237;15099887,B;B,IC50;IC50,9;9,=;=,Homo sapiens;Homo sapiens,CHEMBL3337727;CHEMBL3337727,CHEMBL3351638;CHEMBL3351638,None;None,293;COS-1,Direct protein target assigned;Direct protein target assigned,None;None,None;None,None;None,False;False,-1;-1,False;False,True,6.47,0.25,6.47,0.25,2.0,NR3C2_IC50Ki_870,6.47,True
CHEMBL1994,CCC(=C1c2ccccc2COc2ccccc21)c1cccc(NS(C)(=O)=O)c1,CC/C(=C1/c2ccccc2COc2ccccc21)c1cccc(NS(C)(=O)=O)c1,9.020000457763672,CHEMBL3122505,Displacement of [3H]-aldosterone from human mineralocorticoid receptor expressed in HEK293 cells,13934682,B,Ki,9,=,Homo sapiens,CHEMBL3120318,CHEMBL3120138,,HEK293,Direct protein target assigned,,,,False,-1,False,False,,,9.020000457763672,,,NR3C2_IC50Ki_451,9.020000457763672,True
CHEMBL1994,CC1CN(c2cnc3c(c2)NC(=O)CO3)C(c2ccccc2)CO1,C[C@@H]1CN(c2cnc3c(c2)NC(=O)CO3)[C@H](c2ccccc2)CO1;C[C@@H]1CN(c2cnc3c(c2)NC(=O)CO3)[C@H](c2ccccc2)CO1,5.650;5.520,CHEMBL4028141;CHEMBL4028145,Displacement of [3H]-aldosterone from human GST-tagged MR ligand binding domain after 4 hrs by liquid scintillation counting;Antagonist activity at human GAL4-DBD fused MR ligand binding domain transfected in human Huh7 cells co-expressing GAL4-RE-Luc assessed as reduction in aldosterone-induced luciferase activity after 16 hrs in presence of serum by luciferase reporter gene assay,18126808;18126793,B;B,IC50;IC50,9;9,=;=,Homo sapiens;Homo sapiens,CHEMBL4071008;CHEMBL4071008,CHEMBL4024791;CHEMBL4024791,None;None,None;None,Direct protein target assigned;Direct protein target assigned,None;None,None;None,None;None,False;False,-1;-1,False;False,True,5.585,0.0650000000000003,5.585,0.0650000000000003,2.0,NR3C2_IC50Ki_766,5.585,True
CHEMBL1994,Cc1nccn1-c1ccc(CNS(=O)(=O)c2ccccc2F)cc1,Cc1nccn1-c1ccc(CNS(=O)(=O)c2ccccc2F)cc1,5.730000019073486,CHEMBL3090522,Displacement of [3H]aldosterone from GST-tagged human mineralocorticoid receptor ligand binding domain after 4 hrs by liquid scintillation counting,13835666,B,IC50,9,=,Homo sapiens,CHEMBL3086023,CHEMBL3085697,,,Direct protein target assigned,,,,False,-1,False,False,,,5.730000019073486,,,NR3C2_IC50Ki_395,5.730000019073486,True
CHEMBL1994,CC(c1ccc(F)cc1)N1C(=O)OC(Cc2ccccc2)(c2nc3cc(N4CCOCC4)ccc3[nH]2)C1=O,C[C@H](c1ccc(F)cc1)N1C(=O)O[C@](Cc2ccccc2)(c2nc3cc(N4CCOCC4)ccc3[nH]2)C1=O,7.400000095367432,CHEMBL3578998,Antagonist activity at human mineralocorticoid receptor overexpressed in CHOK1 cells assessed as inhibition of aldosterone-induced protein interaction with coactivator peptide after 6 hrs by luminescence assay,15601444,B,IC50,9,=,Homo sapiens,CHEMBL3578285,CHEMBL3576820,,CHO-K1,Direct protein target assigned,,,,False,-1,False,False,,,7.400000095367432,,,NR3C2_IC50Ki_522,7.400000095367432,True
CHEMBL1994,COc1ccc(F)cc1C(C)(C)CC(O)(Cc1ccccc1Cl)C(F)(F)F,COc1ccc(F)cc1C(C)(C)CC(O)(Cc1ccccc1Cl)C(F)(F)F,6.150000095367432,CHEMBL899207,Displacement of TAMRA labeled mifepristone at human mineralocorticoid receptor in insect cell,1981461,B,IC50,9,=,Homo sapiens,CHEMBL237595,CHEMBL1149697,,,Direct protein target assigned,,,,False,-1,False,False,,,6.150000095367432,,,NR3C2_IC50Ki_126,6.150000095367432,True
CHEMBL1994,Cc1c[nH]c2c(-c3c(F)cc4c(c3F)C(=NOC(C)C)CC(C)(C)N4)cccc12,Cc1c[nH]c2c(-c3c(F)cc4c(c3F)/C(=N/OC(C)C)CC(C)(C)N4)cccc12,5.550000190734863,CHEMBL1762869,Binding affinity to mineralocorticoid receptor,6150035,B,Ki,8,=,Homo sapiens,CHEMBL1762204,CHEMBL1759905,,,Homologous protein target assigned,,,,False,-1,False,False,,,5.550000190734863,,,NR3C2_IC50Ki_278,5.550000190734863,True
CHEMBL1994,COc1cc(-c2cn(C(C)C)c3cc(NS(C)(=O)=O)ccc23)ccc1C#N,COc1cc(-c2cn(C(C)C)c3cc(NS(C)(=O)=O)ccc23)ccc1C#N;COc1cc(-c2cn(C(C)C)c3cc(NS(C)(=O)=O)ccc23)ccc1C#N,5.860;5.620,CHEMBL1680619;CHEMBL1680624,Displacement of [3H]methyltrienolone from human mineralocorticoid receptor expressed in HEK293 cells;Antagonist activity at human mineralocorticoid receptor expressed in HEK293 cells assessed as inhibition of R5050-induced transcriptional activity by GRE-driven luciferase reporter gene assay,5208994;5208934,B;F,Ki;IC50,9;9,=;=,Homo sapiens;Homo sapiens,CHEMBL1672546;CHEMBL1672546,CHEMBL1671834;CHEMBL1671834,None;None,HEK293;HEK293,Direct protein target assigned;Direct protein target assigned,None;None,None;None,None;None,False;False,-1;-1,False;False,True,5.74,0.1200000000000001,5.74,0.1200000000000001,2.0,NR3C2_IC50Ki_707,5.74,True
CHEMBL1994,CON=C(C)c1ccsc1C=C1Oc2ccc(O)c(OC)c2-c2ccc3c(c21)C(C)=CC(C)(C)N3,CO/N=C(\C)c1ccsc1/C=C1\Oc2ccc(O)c(OC)c2-c2ccc3c(c21)C(C)=CC(C)(C)N3,7.320000171661377,CHEMBL896164,Binding affinity to MR,1926536,B,Ki,8,=,Homo sapiens,CHEMBL397920,CHEMBL1148778,,,Homologous protein target assigned,,,,False,-1,False,False,,,7.320000171661377,,,NR3C2_IC50Ki_116,7.320000171661377,True
CHEMBL1994,N#Cc1ccc(N2N=C(c3ccc(C(=O)O)c(Cl)c3)CC2C2CCCC2)cc1Cl,N#Cc1ccc(N2N=C(c3ccc(C(=O)O)c(Cl)c3)C[C@@H]2C2CCCC2)cc1Cl,7.579999923706055,CHEMBL1219662,Antagonist activity at Gal4-tagged mineralocorticoid receptor expressed in human Huh7 cells by luciferase reporter gene assay,3403566,F,IC50,8,=,Homo sapiens,CHEMBL1215129,CHEMBL1212897,,Huh-7,Homologous protein target assigned,,,,False,-1,False,False,,,7.579999923706055,,,NR3C2_IC50Ki_228,7.579999923706055,True
CHEMBL1994,Cc1c(NC2CCCCC2(C)O)ccc(C#N)c1Cl,Cc1c(N[C@@H]2CCCC[C@@]2(C)O)ccc(C#N)c1Cl,6.380000114440918,CHEMBL3767967,Displacement of [3H]-aldosterone from mineralocorticoid receptor (unknown origin) expressed in HEK293 cell lysate incubated overnight by microbeta scintillation counting method,16478891,B,Ki,9,=,Homo sapiens,CHEMBL3765823,CHEMBL3763123,,HEK293,Direct protein target assigned,,,,False,-1,False,False,,,6.380000114440918,,,NR3C2_IC50Ki_613,6.380000114440918,True
CHEMBL1994,Cc1cc(-c2cccc3cc[nH]c23)c(Cl)c2c1NC(C)(C)C(O)C2C,Cc1cc(-c2cccc3cc[nH]c23)c(Cl)c2c1NC(C)(C)[C@H](O)[C@H]2C;Cc1cc(-c2cccc3cc[nH]c23)c(Cl)c2c1NC(C)(C)[C@@H](O)[C@H]2C,6.100;5.920,CHEMBL1648957;CHEMBL1648957,Binding affinity to mineralocorticoid receptor;Binding affinity to mineralocorticoid receptor,5122370;5122372,B;B,Ki;Ki,8;8,=;=,Homo sapiens;Homo sapiens,CHEMBL1644759;CHEMBL1644765,CHEMBL1641544;CHEMBL1641544,None;None,None;None,Homologous protein target assigned;Homologous protein target assigned,None;None,None;None,None;None,False;False,-1;-1,False;False,True,6.01,0.0899999999999998,6.01,0.0899999999999998,2.0,NR3C2_IC50Ki_826,6.01,True
CHEMBL1994,CC(c1ccc(F)cc1)N1C(=O)OC(Cc2ccccc2)(c2nc3cc(-c4cc[nH]n4)ccc3[nH]2)C1=O,C[C@H](c1ccc(F)cc1)N1C(=O)O[C@](Cc2ccccc2)(c2nc3cc(-c4cc[nH]n4)ccc3[nH]2)C1=O,6.920000076293945,CHEMBL3578998,Antagonist activity at human mineralocorticoid receptor overexpressed in CHOK1 cells assessed as inhibition of aldosterone-induced protein interaction with coactivator peptide after 6 hrs by luminescence assay,15601447,B,IC50,9,=,Homo sapiens,CHEMBL3576885,CHEMBL3576820,,CHO-K1,Direct protein target assigned,,,,False,-1,False,False,,,6.920000076293945,,,NR3C2_IC50Ki_525,6.920000076293945,True
CHEMBL1994,CCOc1nccc2c1C(c1ccc(C#N)cc1OC)C(C#N)=C(C)N2,CCOc1nccc2c1C(c1ccc(C#N)cc1OC)C(C#N)=C(C)N2;CCOc1nccc2c1[C@H](c1ccc(C#N)cc1OC)C(C#N)=C(C)N2,7.000;7.330,CHEMBL4008023;CHEMBL4008023,Antagonist activity at Gal4-fused human MR LBD (734 to 985 residues) expressed in CHO-K1 cells after 5 to 6 hrs by luciferase reporter gene assay;Antagonist activity at Gal4-fused human MR LBD (734 to 985 residues) expressed in CHO-K1 cells after 5 to 6 hrs by luciferase reporter gene assay,18033294;18033295,B;B,IC50;IC50,9;9,=;=,Homo sapiens;Homo sapiens,CHEMBL4089197;CHEMBL4068008,CHEMBL4007392;CHEMBL4007392,None;None,None;None,Direct protein target assigned;Direct protein target assigned,None;None,None;None,None;None,False;False,-1;-1,False;False,True,7.165,0.165,7.165,0.165,2.0,NR3C2_IC50Ki_830,7.165,True
CHEMBL1994,CC1c2c(cc(F)c(-c3cccc4cc[nH]c34)c2F)NC(C)(C)C1OC(=O)Nc1cccc(C#N)c1,C[C@H]1c2c(cc(F)c(-c3cccc4cc[nH]c34)c2F)NC(C)(C)[C@@H]1OC(=O)Nc1cccc(C#N)c1,5.829999923706055,CHEMBL1686884,Binding affinity to mineralocorticoid receptor,5247505,B,Ki,8,=,Homo sapiens,CHEMBL1684358,CHEMBL1681769,,,Homologous protein target assigned,,,,False,-1,False,False,,,5.829999923706055,,,NR3C2_IC50Ki_274,5.829999923706055,True
CHEMBL1994,O=C1COc2ccc(-c3cc(C(F)(F)F)nn3-c3ccccc3F)cc2N1,O=C1COc2ccc(-c3cc(C(F)(F)F)nn3-c3ccccc3F)cc2N1,6.360000133514404,CHEMBL1929756,Displacement of [3H]aldosterone from cytosolic human MR expressed in HEK293 cells after 16 hrs by scintillation counting,7969250,B,IC50,9,=,Homo sapiens,CHEMBL1929032,CHEMBL1926625,,HEK293,Direct protein target assigned,,,,False,-1,False,False,,,6.360000133514404,,,NR3C2_IC50Ki_318,6.360000133514404,True
CHEMBL1994,NC(=O)Nc1cc(-c2ocnc2-c2ccc(F)cc2)ccn1,NC(=O)Nc1cc(-c2ocnc2-c2ccc(F)cc2)ccn1,6.960000038146973,CHEMBL3705363,"Competitive Molecular Binding Assay: The MR competitive binding assay is based on the binding and displacement of a TAMRA-labeled Dexamethasone probe with fluorescence polarization (FP) detection. The assay is performed in 384-well, low volume NBS black plates (Corning #3676) in assay buffer consisting of 10 mM TES, pH 7.4, 50 mM KCl, 20 mM Sodium molybdate, 1.5 mM EDTA, 0.04% CHAPS, 10% Glycerol and 1 mM DTT. Full Length human mineralocorticoid receptor (hMR) present in a baculovirus infected insect cell lysate is diluted 2 fold in assay buffer and 10 μL of this dilution is added to the assay plate. Blank wells receive 10 μL of the diluted MR lysate containing 3 μM Dexamethasone. 2 μL diluted test compound is transferred to the assay plate for a final starting top concentration of 10 μM in 1% DMSO. The reaction is started by adding 3 μL of 25 nM probe in assay buffer for a final assay concentration of 5 nM.",17633098,B,IC50,9,=,Homo sapiens,CHEMBL3643696,CHEMBL3638806,,,Direct protein target assigned,,,,False,-1,False,False,,,6.960000038146973,,,NR3C2_IC50Ki_597,6.960000038146973,True
CHEMBL1994,COc1ccc(F)cc1C(C)(C)CC(O)(Cc1ccc(C#N)cc1F)C(F)(F)F,COc1ccc(F)cc1C(C)(C)CC(O)(Cc1ccc(C#N)cc1F)C(F)(F)F,6.300000190734863,CHEMBL899207,Displacement of TAMRA labeled mifepristone at human mineralocorticoid receptor in insect cell,1981519,B,IC50,9,=,Homo sapiens,CHEMBL400609,CHEMBL1149697,,,Direct protein target assigned,,,,False,-1,False,False,,,6.300000190734863,,,NR3C2_IC50Ki_144,6.300000190734863,True
CHEMBL1994,CCOc1ncc(C)c2c1C(c1ccc(C#N)cc1OC)C(C#N)=C(C)N2,CCOc1ncc(C)c2c1[C@H](c1ccc(C#N)cc1OC)C(C#N)=C(C)N2,7.579999923706055,CHEMBL4008023,Antagonist activity at Gal4-fused human MR LBD (734 to 985 residues) expressed in CHO-K1 cells after 5 to 6 hrs by luciferase reporter gene assay,18033296,B,IC50,9,=,Homo sapiens,CHEMBL4096901,CHEMBL4007392,,,Direct protein target assigned,,,,False,-1,False,False,,,7.579999923706055,,,NR3C2_IC50Ki_625,7.579999923706055,True
CHEMBL1994,CS(=O)(=O)Nc1cccc2c(-c3cccc(Cl)c3)c[nH]c12,CS(=O)(=O)Nc1cccc2c(-c3cccc(Cl)c3)c[nH]c12,8.680000305175781,CHEMBL3607224,Displacement of [3H]-aldosterone from human mineralocorticoid receptor expressed in HEK293 cells by scintillation counting based radioligand competition binding assay,15684211,B,Ki,9,=,Homo sapiens,CHEMBL3605932,CHEMBL3603837,,HEK293,Direct protein target assigned,,,,False,-1,False,False,,,8.680000305175781,,,NR3C2_IC50Ki_549,8.680000305175781,True
CHEMBL1994,CC1CN(c2ccc3c(n2)NC(=O)CO3)C(c2cccc(F)c2)CO1,C[C@@H]1CN(c2ccc3c(n2)NC(=O)CO3)[C@H](c2cccc(F)c2)CO1;C[C@@H]1CN(c2ccc3c(n2)NC(=O)CO3)[C@H](c2cccc(F)c2)CO1,7.720;7.260,CHEMBL4028141;CHEMBL4028145,Displacement of [3H]-aldosterone from human GST-tagged MR ligand binding domain after 4 hrs by liquid scintillation counting;Antagonist activity at human GAL4-DBD fused MR ligand binding domain transfected in human Huh7 cells co-expressing GAL4-RE-Luc assessed as reduction in aldosterone-induced luciferase activity after 16 hrs in presence of serum by luciferase reporter gene assay,18126804;18126789,B;B,IC50;IC50,9;9,=;=,Homo sapiens;Homo sapiens,CHEMBL4064593;CHEMBL4064593,CHEMBL4024791;CHEMBL4024791,None;None,None;None,Direct protein target assigned;Direct protein target assigned,None;None,None;None,None;None,False;False,-1;-1,False;False,True,7.49,0.2299999999999999,7.49,0.2299999999999999,2.0,NR3C2_IC50Ki_799,7.49,True
CHEMBL1994,CN1CCN(n2c(=NC#N)[nH]c3cc(C=C4c5ccccc5COc5cc(F)ccc54)ccc32)CC1,CN1CCN(n2/c(=N\C#N)[nH]c3cc(/C=C4\c5ccccc5COc5cc(F)ccc54)ccc32)CC1,10.100000381469727,CHEMBL4008040,Displacement of [3H]-Aldosterone from MR overexpressed in human 293 cells measured after 2 hrs by Microbeta scintillation counting method,18033406,B,Ki,9,=,Homo sapiens,CHEMBL4095917,CHEMBL4007392,,,Direct protein target assigned,,,,False,-1,False,False,,,10.100000381469727,,,NR3C2_IC50Ki_633,10.100000381469727,True
CHEMBL1994,COc1cc(CNC(=O)C2(Cc3ccccc3)OC(=O)N(Cc3ccccc3)C2=O)cc(OC)c1,COc1cc(CNC(=O)[C@@]2(Cc3ccccc3)OC(=O)N(Cc3ccccc3)C2=O)cc(OC)c1,5.519999980926514,CHEMBL2411354,Antagonist activity at human mineralocorticoid receptor assessed as inhibition of binding to coactivator peptide by NH Pro assay,13393550,B,IC50,9,=,Homo sapiens,CHEMBL2407667,CHEMBL2407028,,,Direct protein target assigned,,,,False,-1,False,False,,,5.519999980926514,,,NR3C2_IC50Ki_369,5.519999980926514,True
CHEMBL1994,CCn1cc(-c2ccc(C#N)cc2)c2ccc(NS(C)(=O)=O)cc21,CCn1cc(-c2ccc(C#N)cc2)c2ccc(NS(C)(=O)=O)cc21,5.75,CHEMBL1680619,Displacement of [3H]methyltrienolone from human mineralocorticoid receptor expressed in HEK293 cells,5208997,B,Ki,9,=,Homo sapiens,CHEMBL1672544,CHEMBL1671834,,HEK293,Direct protein target assigned,,,,False,-1,False,False,,,5.75,,,NR3C2_IC50Ki_268,5.75,True
CHEMBL1994,CC(c1ccccc1)N1C(=O)OC(Cc2ccccc2)(C(=O)NC2CC(c3ccccc3)C2)C1=O,C[C@H](c1ccccc1)N1C(=O)O[C@](Cc2ccccc2)(C(=O)N[C@H]2C[C@H](c3ccccc3)C2)C1=O;C[C@H](c1ccccc1)N1C(=O)O[C@](Cc2ccccc2)(C(=O)N[C@H]2C[C@@H](c3ccccc3)C2)C1=O,6.720;6.190,CHEMBL2411354;CHEMBL2411354,Antagonist activity at human mineralocorticoid receptor assessed as inhibition of binding to coactivator peptide by NH Pro assay;Antagonist activity at human mineralocorticoid receptor assessed as inhibition of binding to coactivator peptide by NH Pro assay,13393528;13393529,B;B,IC50;IC50,9;9,=;=,Homo sapiens;Homo sapiens,CHEMBL2407854;CHEMBL2407853,CHEMBL2407028;CHEMBL2407028,None;None,None;None,Direct protein target assigned;Direct protein target assigned,None;None,None;None,None;None,False;False,-1;-1,False;False,True,6.455,0.2649999999999997,6.455,0.2649999999999997,2.0,NR3C2_IC50Ki_871,6.455,True
CHEMBL1994,O=C1COc2ccc(C3=Nn4cnnc4SC3c3ccc(F)cc3)cc2N1,O=C1COc2ccc(C3=Nn4cnnc4SC3c3ccc(F)cc3)cc2N1,6.570000171661377,CHEMBL1929756,Displacement of [3H]aldosterone from cytosolic human MR expressed in HEK293 cells after 16 hrs by scintillation counting,7969236,B,IC50,9,=,Homo sapiens,CHEMBL1928876,CHEMBL1926625,,HEK293,Direct protein target assigned,,,,False,-1,False,False,,,6.570000171661377,,,NR3C2_IC50Ki_307,6.570000171661377,True
CHEMBL1994,Cc1cc(C)c(S(=O)(=O)NC(Cn2ccc3c(C#N)cccc32)C(F)(F)F)c(C)c1,Cc1cc(C)c(S(=O)(=O)NC(Cn2ccc3c(C#N)cccc32)C(F)(F)F)c(C)c1,7.0,CHEMBL3096917,Binding affinity to mineralocorticoid receptor (unknown origin) by fluorescence polarization competitive binding assay,13845372,B,IC50,9,=,Homo sapiens,CHEMBL3093457,CHEMBL3091451,,,Direct protein target assigned,,,,False,-1,False,False,,,7.0,,,NR3C2_IC50Ki_423,7.0,True
CHEMBL1994,Cc1cc(-c2ccc3c(c2)NC(=O)CO3)n(-c2ccccc2)n1,Cc1cc(-c2ccc3c(c2)NC(=O)CO3)n(-c2ccccc2)n1,5.28000020980835,CHEMBL1929756,Displacement of [3H]aldosterone from cytosolic human MR expressed in HEK293 cells after 16 hrs by scintillation counting,7969241,B,IC50,9,=,Homo sapiens,CHEMBL1928881,CHEMBL1926625,,HEK293,Direct protein target assigned,,,,False,-1,False,False,,,5.28000020980835,,,NR3C2_IC50Ki_310,5.28000020980835,True
CHEMBL1994,CC(c1ccccc1)N1C(=O)OC(Cc2ccccc2)(C(=O)NC2CCC2)C1=O,C[C@H](c1ccccc1)N1C(=O)O[C@](Cc2ccccc2)(C(=O)NC2CCC2)C1=O,5.920000076293945,CHEMBL2411354,Antagonist activity at human mineralocorticoid receptor assessed as inhibition of binding to coactivator peptide by NH Pro assay,13393531,B,IC50,9,=,Homo sapiens,CHEMBL2407851,CHEMBL2407028,,,Direct protein target assigned,,,,False,-1,False,False,,,5.920000076293945,,,NR3C2_IC50Ki_354,5.920000076293945,True
CHEMBL1994,COc1cccc2c1-c1ccc(NS(C)(=O)=O)cc1C(c1ccc(F)cc1)O2,COc1cccc2c1-c1ccc(NS(C)(=O)=O)cc1C(c1ccc(F)cc1)O2,5.610000133514404,CHEMBL728558,Displacement of [3H]aldosterone from human Mineralocorticoid receptor,628826,B,IC50,9,=,Homo sapiens,CHEMBL65657,CHEMBL1147539,,,Direct protein target assigned,,,,False,-1,False,False,,,5.610000133514404,,,NR3C2_IC50Ki_046,5.610000133514404,True
CHEMBL1994,CC(c1ccccc1)N1C(=O)OC(Cc2ccccc2)(C(=O)NCc2ccccn2)C1=O,C[C@H](c1ccccc1)N1C(=O)O[C@](Cc2ccccc2)(C(=O)NCc2ccccn2)C1=O,4.800000190734863,CHEMBL2411354,Antagonist activity at human mineralocorticoid receptor assessed as inhibition of binding to coactivator peptide by NH Pro assay,13393522,B,IC50,9,=,Homo sapiens,CHEMBL2407860,CHEMBL2407028,,,Direct protein target assigned,,,,False,-1,False,False,,,4.800000190734863,,,NR3C2_IC50Ki_349,4.800000190734863,True
CHEMBL1994,COc1ccc(CNC(=O)C2(Cc3ccccc3)OC(=O)N(C(C)c3ccccc3)C2=O)cc1,COc1ccc(CNC(=O)[C@@]2(Cc3ccccc3)OC(=O)N([C@H](C)c3ccccc3)C2=O)cc1,6.0,CHEMBL2411354,Antagonist activity at human mineralocorticoid receptor assessed as inhibition of binding to coactivator peptide by NH Pro assay,13393552,B,IC50,9,=,Homo sapiens,CHEMBL2407665,CHEMBL2407028,,,Direct protein target assigned,,,,False,-1,False,False,,,6.0,,,NR3C2_IC50Ki_371,6.0,True
CHEMBL1994,COc1ccc(-n2nccc2-c2ccnc(NC(N)=O)c2)cc1,COc1ccc(-n2nccc2-c2ccnc(NC(N)=O)c2)cc1,7.599999904632568,CHEMBL3705363,"Competitive Molecular Binding Assay: The MR competitive binding assay is based on the binding and displacement of a TAMRA-labeled Dexamethasone probe with fluorescence polarization (FP) detection. The assay is performed in 384-well, low volume NBS black plates (Corning #3676) in assay buffer consisting of 10 mM TES, pH 7.4, 50 mM KCl, 20 mM Sodium molybdate, 1.5 mM EDTA, 0.04% CHAPS, 10% Glycerol and 1 mM DTT. Full Length human mineralocorticoid receptor (hMR) present in a baculovirus infected insect cell lysate is diluted 2 fold in assay buffer and 10 μL of this dilution is added to the assay plate. Blank wells receive 10 μL of the diluted MR lysate containing 3 μM Dexamethasone. 2 μL diluted test compound is transferred to the assay plate for a final starting top concentration of 10 μM in 1% DMSO. The reaction is started by adding 3 μL of 25 nM probe in assay buffer for a final assay concentration of 5 nM.",17633062,B,IC50,9,=,Homo sapiens,CHEMBL3643662,CHEMBL3638806,,,Direct protein target assigned,,,,False,-1,False,False,,,7.599999904632568,,,NR3C2_IC50Ki_567,7.599999904632568,True
CHEMBL1994,CC(C)(CC(O)(Cc1cc2ccncc2[nH]1)C(F)(F)F)c1ccccc1,CC(C)(CC(O)(Cc1cc2ccncc2[nH]1)C(F)(F)F)c1ccccc1,6.090000152587891,CHEMBL1250866,Binding affinity to mineralocorticoid receptor expressed in baculovirus-infected insect cells using tetramethylrhodamine labeled Dexamethasone by fluorescence polarization microplate assay,3470465,B,IC50,8,=,Homo sapiens,CHEMBL1253986,CHEMBL1250518,,,Homologous protein target assigned,,,,False,-1,False,False,,,6.090000152587891,,,NR3C2_IC50Ki_261,6.090000152587891,True
CHEMBL1994,COCC1=C(C(=O)OC)C(c2ccccc2Cl)C(C#N)=C(C)N1,COCC1=C(C(=O)OC)C(c2ccccc2Cl)C(C#N)=C(C)N1,6.179999828338623,CHEMBL1219573,Antagonist activity at mineralocorticoid receptor LBD expressed in human HUH7 cells coexpressing GAL4 by luciferase reporter gene assay,3403424,F,IC50,8,=,Homo sapiens,CHEMBL1215481,CHEMBL1212896,,Huh-7,Homologous protein target assigned,,,,False,-1,False,False,,,6.179999828338623,,,NR3C2_IC50Ki_195,6.179999828338623,True
CHEMBL1994,Cc1nn(Cc2ccccn2)c(-c2ccc(F)cc2)c1-c1ccc2c(c1)NC(=O)CO2,Cc1nn(Cc2ccccn2)c(-c2ccc(F)cc2)c1-c1ccc2c(c1)NC(=O)CO2;Cc1nn(Cc2ccccn2)c(-c2ccc(F)cc2)c1-c1ccc2c(c1)NC(=O)CO2,5.550;6.000,CHEMBL3381811;CHEMBL3381815,Displacement of [3H]aldosterone from human mineralocorticoid receptor expressed in 293 cells after 16 hrs by scintillation counting;Antagonist activity at human mineralocorticoid receptor expressed in COS1 cells after 1 day by luciferase reporter gene assay,15095245;15099894,B;B,IC50;IC50,9;9,=;=,Homo sapiens;Homo sapiens,CHEMBL3337735;CHEMBL3337735,CHEMBL3351638;CHEMBL3351638,None;None,293;COS-1,Direct protein target assigned;Direct protein target assigned,None;None,None;None,None;None,False;False,-1;-1,False;False,True,5.775,0.2250000000000001,5.775,0.2250000000000001,2.0,NR3C2_IC50Ki_879,5.775,True
CHEMBL1994,CN(Cc1ccc2c(c1)NC(=O)CO2)c1ccc(F)cc1F,CN(Cc1ccc2c(c1)NC(=O)CO2)c1ccc(F)cc1F;CN(Cc1ccc2c(c1)NC(=O)CO2)c1ccc(F)cc1F,6.510;6.640,CHEMBL3776776;CHEMBL3776777,Antagonist activity against 6xHis-MBP-fused human MR LBD domain (732 to 984 amino acid residues) C808S mutant expressed in Escherichia coli BL21(DE3) assessed as inhibition of aldosterone-mediated receptor activation after 16 hrs by luciferase assay;Displacement of 3H-Cortisol from 6xHis-MBP-fused human MR LBD domain (732 to 984 amino acid residues) C808S mutant expressed in Escherichia coli BL21(DE3) preincubated for 1 hr measured after 30 mins by microbeta plate reader analysis,16506593;16506561,B;B,IC50;Ki,9;9,=;=,Homo sapiens;Homo sapiens,CHEMBL3775291;CHEMBL3775291,CHEMBL3774336;CHEMBL3774336,None;None,None;None,Direct protein target assigned;Direct protein target assigned,C808S;C808S,None;None,None;None,False;False,-1;-1,False;False,True,6.574999999999999,0.0649999999999999,6.574999999999999,0.0649999999999999,2.0,NR3C2_IC50Ki_734,6.574999999999999,True
CHEMBL1994,O=c1[nH]c(N2CCC(c3ccccc3)CC2)c(Cc2cccc(Cl)c2)c(=O)[nH]1,O=c1[nH]c(N2CCC(c3ccccc3)CC2)c(Cc2cccc(Cl)c2)c(=O)[nH]1,6.230000019073486,CHEMBL890431,Displacement of [3H]aldosterone from mineralocorticoid receptor expressed in Sf9 cells,1909951,B,Ki,8,=,Homo sapiens,CHEMBL230989,CHEMBL1146208,,Sf9,Homologous protein target assigned,,,,False,-1,False,False,,,6.230000019073486,,,NR3C2_IC50Ki_107,6.230000019073486,True
CHEMBL1994,C#CC1(O)CCC2C3CCC4=CC(=O)CCC4=C3C(c3ccc(N(C)C(=O)CCC(NC(=O)CCC(C)C4CCC5C6C(O)CC7CC(O)CCC7(C)C6CC(O)C45C)C(=O)O)cc3)CC21C,C#C[C@]1(O)CC[C@H]2[C@@H]3CCC4=CC(=O)CCC4=C3[C@@H](c3ccc(N(C)C(=O)CC[C@H](NC(=O)CC[C@@H](C)[C@H]4CC[C@H]5[C@@H]6[C@H](O)C[C@@H]7C[C@H](O)CC[C@]7(C)[C@H]6C[C@H](O)[C@]45C)C(=O)O)cc3)C[C@@]21C,6.230000019073486,CHEMBL839923,Inhibition of human Mineralocorticoid receptor,1463094,B,Ki,9,=,Homo sapiens,CHEMBL436859,CHEMBL1138676,,,Direct protein target assigned,,,,False,-1,False,False,,,6.230000019073486,,,NR3C2_IC50Ki_059,6.230000019073486,True
CHEMBL1994,CCC(=O)OC1(C(=O)SCF)C(C)CC2C3CC(F)C4=CC(=O)C=CC4(C)C3(F)C(O)CC21C,CCC(=O)O[C@]1(C(=O)SCF)[C@H](C)C[C@H]2[C@@H]3C[C@H](F)C4=CC(=O)C=C[C@]4(C)[C@@]3(F)[C@@H](O)C[C@@]21C,6.829999923706055,CHEMBL4031194,Displacement of [3H]-aldosterone from N terminal maltose binding protein tagged human mineralocorticoid receptor LBD (726 to 984 residues) expressed in baculovirus infected high five cells after 8 hrs by scintillation proximity assay,18141062,B,IC50,9,=,Homo sapiens,CHEMBL1473,CHEMBL4028861,,,Direct protein target assigned,,Anti-Inflammatory,4.0,False,0,False,False,,,6.829999923706055,,,NR3C2_IC50Ki_649,6.829999923706055,True
CHEMBL1994,CC12CCC3c4ccc(O)cc4CCC3C1CCC2(O)CC=CCC(F)(C(F)(F)F)C(F)(F)F,C[C@]12CC[C@@H]3c4ccc(O)cc4CC[C@H]3[C@@H]1CC[C@@]2(O)C/C=C/CC(F)(C(F)(F)F)C(F)(F)F,5.289999961853027,CHEMBL1259734,Antagonist activity at mineralocorticoid receptor-LBD in human U2OS cells transfected with Gal4-DBD assessed as inhibition of transactivation activity after 18 hrs by luciferase reporter gene assay,3502466,F,IC50,9,=,Homo sapiens,CHEMBL1257167,CHEMBL1255573,,U2OS,Direct protein target assigned,,,,False,-1,False,False,,,5.289999961853027,,,NR3C2_IC50Ki_263,5.289999961853027,True
CHEMBL1994,CC(C)(CC(O)(Cn1ccc(=O)c2ccccc21)C(F)(F)F)c1ccccc1O,CC(C)(CC(O)(Cn1ccc(=O)c2ccccc21)C(F)(F)F)c1ccccc1O,6.349999904632568,CHEMBL909351,Inhibition of tetramethylrhodamine labeled dexamethasone binding to MR by FP assay,1799459,B,IC50,8,=,Homo sapiens,CHEMBL375838,CHEMBL1138857,,,Homologous protein target assigned,,,,False,-1,False,False,,,6.349999904632568,,,NR3C2_IC50Ki_100,6.349999904632568,True
CHEMBL1994,CCC(Cc1cc(C)ccc1C)NS(=O)(=O)c1c(C)cc(C)cc1C,CCC(Cc1cc(C)ccc1C)NS(=O)(=O)c1c(C)cc(C)cc1C,6.5,CHEMBL3097675,Inhibition of mineralocorticoid receptor (unknown origin) expressed in baculovirus-infected insect cells by fluorescence polarization assay,13858124,B,IC50,9,=,Homo sapiens,CHEMBL3094475,CHEMBL3091417,,,Direct protein target assigned,,,,False,-1,False,False,,,6.5,,,NR3C2_IC50Ki_443,6.5,True
CHEMBL1994,NC(=O)Nc1cc(N2CCCC2c2ccc(F)cc2)ccn1,NC(=O)Nc1cc(N2CCCC2c2ccc(F)cc2)ccn1,5.570000171661377,CHEMBL3705363,"Competitive Molecular Binding Assay: The MR competitive binding assay is based on the binding and displacement of a TAMRA-labeled Dexamethasone probe with fluorescence polarization (FP) detection. The assay is performed in 384-well, low volume NBS black plates (Corning #3676) in assay buffer consisting of 10 mM TES, pH 7.4, 50 mM KCl, 20 mM Sodium molybdate, 1.5 mM EDTA, 0.04% CHAPS, 10% Glycerol and 1 mM DTT. Full Length human mineralocorticoid receptor (hMR) present in a baculovirus infected insect cell lysate is diluted 2 fold in assay buffer and 10 μL of this dilution is added to the assay plate. Blank wells receive 10 μL of the diluted MR lysate containing 3 μM Dexamethasone. 2 μL diluted test compound is transferred to the assay plate for a final starting top concentration of 10 μM in 1% DMSO. The reaction is started by adding 3 μL of 25 nM probe in assay buffer for a final assay concentration of 5 nM.",17633099,B,IC50,9,=,Homo sapiens,CHEMBL3643697,CHEMBL3638806,,,Direct protein target assigned,,,,False,-1,False,False,,,5.570000171661377,,,NR3C2_IC50Ki_598,5.570000171661377,True
CHEMBL1994,CC(C)CC1COc2cc(F)ccc2N1C(=O)c1ccc2c(c1)NC(=O)CC2,CC(C)C[C@H]1COc2cc(F)ccc2N1C(=O)c1ccc2c(c1)NC(=O)CC2;CC(C)C[C@H]1COc2cc(F)ccc2N1C(=O)c1ccc2c(c1)NC(=O)CC2,6.000;5.600,CHEMBL4423290;CHEMBL4423293,Displacement of [3H]-aldosterone to human mineralocorticoid receptor LBD by radiometric binding assay;Antagonist activity at gal4-fused human mineralocorticoid receptor LBD expressed in UAS-MR-bla HEK293 cells by luciferase reporter gene assay,19363255;19363463,B;B,Ki;IC50,9;9,=;=,Homo sapiens;Homo sapiens,CHEMBL4446086;CHEMBL4446086,CHEMBL4422622;CHEMBL4422622,None;None,None;None,Direct protein target assigned;Direct protein target assigned,None;None,None;None,None;None,False;False,-1;-1,False;False,True,5.8,0.2000000000000001,5.8,0.2000000000000001,2.0,NR3C2_IC50Ki_789,5.8,True
CHEMBL1994,CC1CN(c2ccc3c(n2)NC(=O)CO3)CCO1,C[C@@H]1CN(c2ccc3c(n2)NC(=O)CO3)CCO1,5.519999980926514,CHEMBL4008037,Antagonist activity at Gal4-fused MR LBD (unknown origin) expressed in human Huh7 cells assessed as inhibition of aldosterone-induced transcriptional activity after 3 hrs by luciferase reporter gene assay,18033393,B,IC50,9,=,Homo sapiens,CHEMBL4081522,CHEMBL4007392,,,Direct protein target assigned,,,,False,-1,False,False,,,5.519999980926514,,,NR3C2_IC50Ki_631,5.519999980926514,True
CHEMBL1994,COC(=O)C1=C(C)NC(C)=C(C(=O)OC(C)(C)C)C1c1cccc(C)c1,COC(=O)C1=C(C)NC(C)=C(C(=O)OC(C)(C)C)C1c1cccc(C)c1,5.550000190734863,CHEMBL1219573,Antagonist activity at mineralocorticoid receptor LBD expressed in human HUH7 cells coexpressing GAL4 by luciferase reporter gene assay,3403397,F,IC50,8,=,Homo sapiens,CHEMBL1215121,CHEMBL1212896,,Huh-7,Homologous protein target assigned,,,,False,-1,False,False,,,5.550000190734863,,,NR3C2_IC50Ki_169,5.550000190734863,True
CHEMBL1994,COC(=O)C1=C(C)NC(C)=C(C(=O)OC(C)(C)C)C1c1ccc(C)cc1,COC(=O)C1=C(C)NC(C)=C(C(=O)OC(C)(C)C)C1c1ccc(C)cc1,4.920000076293945,CHEMBL1219573,Antagonist activity at mineralocorticoid receptor LBD expressed in human HUH7 cells coexpressing GAL4 by luciferase reporter gene assay,3403407,F,IC50,8,=,Homo sapiens,CHEMBL1215257,CHEMBL1212896,,Huh-7,Homologous protein target assigned,,,,False,-1,False,False,,,4.920000076293945,,,NR3C2_IC50Ki_179,4.920000076293945,True
CHEMBL1994,O=C1COc2ccc(C3=Nn4cnnc4SC3c3ccccc3)cc2N1,O=C1COc2ccc(C3=Nn4cnnc4SC3c3ccccc3)cc2N1,6.289999961853027,CHEMBL1929756,Displacement of [3H]aldosterone from cytosolic human MR expressed in HEK293 cells after 16 hrs by scintillation counting,7969232,B,IC50,9,=,Homo sapiens,CHEMBL1928872,CHEMBL1926625,,HEK293,Direct protein target assigned,,,,False,-1,False,False,,,6.289999961853027,,,NR3C2_IC50Ki_304,6.289999961853027,True
CHEMBL1994,O=C1COc2ccc(C(=O)N3c4ccc(F)cc4OCC3CCO)cc2N1,O=C1COc2ccc(C(=O)N3c4ccc(F)cc4OC[C@@H]3CCO)cc2N1;O=C1COc2ccc(C(=O)N3c4ccc(F)cc4OC[C@@H]3CCO)cc2N1,6.700;6.300,CHEMBL4423290;CHEMBL4423293,Displacement of [3H]-aldosterone to human mineralocorticoid receptor LBD by radiometric binding assay;Antagonist activity at gal4-fused human mineralocorticoid receptor LBD expressed in UAS-MR-bla HEK293 cells by luciferase reporter gene assay,19363387;19363464,B;B,Ki;IC50,9;9,=;=,Homo sapiens;Homo sapiens,CHEMBL4459932;CHEMBL4459932,CHEMBL4422622;CHEMBL4422622,None;None,None;None,Direct protein target assigned;Direct protein target assigned,None;None,None;None,None;None,False;False,-1;-1,False;False,True,6.5,0.2000000000000001,6.5,0.2000000000000001,2.0,NR3C2_IC50Ki_761,6.5,True
CHEMBL1994,C#CC1(O)CCC2C3CCC4=CC(=O)CCC4=C3C(c3ccc(N(C)CCOC4CCC5(C)C(C4)CC(O)C4C5CC(O)C5(C)C(C(C)CCC(=O)NCC(=O)O)CCC45)cc3)CC21C,C#C[C@]1(O)CC[C@H]2[C@@H]3CCC4=CC(=O)CCC4=C3[C@@H](c3ccc(N(C)CCOC4CC[C@@]5(C)[C@@H](C4)C[C@@H](O)[C@@H]4[C@@H]5C[C@H](O)[C@]5(C)[C@@H]([C@H](C)CCC(=O)NCC(=O)O)CC[C@@H]45)cc3)C[C@@]21C,6.289999961853027,CHEMBL839923,Inhibition of human Mineralocorticoid receptor,1461592,B,Ki,9,=,Homo sapiens,CHEMBL414318,CHEMBL1138676,,,Direct protein target assigned,,,,False,-1,False,False,,,6.289999961853027,,,NR3C2_IC50Ki_057,6.289999961853027,True
CHEMBL1994,CCCCn1nc(C)c(-c2ccc3c(c2)NC(=O)CO3)c1-c1ccc(F)cc1,CCCCn1nc(C)c(-c2ccc3c(c2)NC(=O)CO3)c1-c1ccc(F)cc1;CCCCn1nc(C)c(-c2ccc3c(c2)NC(=O)CO3)c1-c1ccc(F)cc1,7.660;7.350,CHEMBL3381811;CHEMBL3381815,Displacement of [3H]aldosterone from human mineralocorticoid receptor expressed in 293 cells after 16 hrs by scintillation counting;Antagonist activity at human mineralocorticoid receptor expressed in COS1 cells after 1 day by luciferase reporter gene assay,15095248;15099897,B;B,IC50;IC50,9;9,=;=,Homo sapiens;Homo sapiens,CHEMBL3337823;CHEMBL3337823,CHEMBL3351638;CHEMBL3351638,None;None,293;COS-1,Direct protein target assigned;Direct protein target assigned,None;None,None;None,None;None,False;False,-1;-1,False;False,True,7.505,0.1550000000000002,7.505,0.1550000000000002,2.0,NR3C2_IC50Ki_848,7.505,True
CHEMBL1994,COC(=O)C1CC2=CC(=O)CCC2(C)C2C3OC3C3(C)C(CCC34CCC(=O)O4)C12,COC(=O)[C@@H]1CC2=CC(=O)CC[C@]2(C)C2C1C1CC[C@@]3(CCC(=O)O3)[C@@]1(C)[C@H]1O[C@@H]21,6.909999847412109,CHEMBL902628,Binding affinity to human mineralocorticoid receptor,2008174,B,Ki,9,=,Homo sapiens,CHEMBL237122,CHEMBL1138341,,,Direct protein target assigned,,,,False,-1,False,False,,,6.909999847412109,,,NR3C2_IC50Ki_149,6.909999847412109,True
CHEMBL1994,COCOCc1cc(F)ccc1C=C1Oc2ccc(O)c(OC)c2-c2ccc3c(c21)C(C)=CC(C)(C)N3,COCOCc1cc(F)ccc1/C=C1\Oc2ccc(O)c(OC)c2-c2ccc3c(c21)C(C)=CC(C)(C)N3,6.369999885559082,CHEMBL896652,Binding affinity at MR,1970385,B,Ki,8,=,Homo sapiens,CHEMBL3706942,CHEMBL1149550,,,Homologous protein target assigned,,,,False,-1,False,False,,,6.369999885559082,,,NR3C2_IC50Ki_124,6.369999885559082,True
CHEMBL1994,CCN(c1ccccc1)c1ccc(NS(C)(=O)=O)cc1,CCN(c1ccccc1)c1ccc(NS(C)(=O)=O)cc1,6.21999979019165,CHEMBL5136122,Displacement of [3H]-aldosterone from recombinant human mineralocorticoid receptor expressed in baculovirus infected insect cells incubated overnight by liquid scintillation counting analysis,24808027,B,Ki,9,=,Homo sapiens,CHEMBL5172350,CHEMBL5131538,,,Direct protein target assigned,,,,False,-1,False,False,,,6.21999979019165,,,NR3C2_IC50Ki_693,6.21999979019165,True
CHEMBL1994,CNC(=O)CC1COc2cc(Cl)cc(C)c2N1C(=O)c1ccc2c(c1)NC(=O)CO2,CNC(=O)C[C@H]1COc2cc(Cl)cc(C)c2N1C(=O)c1ccc2c(c1)NC(=O)CO2;CNC(=O)C[C@H]1COc2cc(Cl)cc(C)c2N1C(=O)c1ccc2c(c1)NC(=O)CO2,6.400;5.700,CHEMBL4423290;CHEMBL4423293,Displacement of [3H]-aldosterone to human mineralocorticoid receptor LBD by radiometric binding assay;Antagonist activity at gal4-fused human mineralocorticoid receptor LBD expressed in UAS-MR-bla HEK293 cells by luciferase reporter gene assay,19363286;19363662,B;B,Ki;IC50,9;9,=;=,Homo sapiens;Homo sapiens,CHEMBL4474698;CHEMBL4474698,CHEMBL4422622;CHEMBL4422622,None;None,None;None,Direct protein target assigned;Direct protein target assigned,None;None,None;None,None;None,False;False,-1;-1,False;False,True,6.050000000000001,0.3500000000000001,6.050000000000001,0.3500000000000001,2.0,NR3C2_IC50Ki_817,6.050000000000001,True
CHEMBL1994,CC1=C(C#N)C(C)(c2ccc(F)cc2)C(C(=O)OC(C)(C)C)=C(C)N1,CC1=C(C#N)C(C)(c2ccc(F)cc2)C(C(=O)OC(C)(C)C)=C(C)N1,6.179999828338623,CHEMBL1219573,Antagonist activity at mineralocorticoid receptor LBD expressed in human HUH7 cells coexpressing GAL4 by luciferase reporter gene assay,3403414,F,IC50,8,=,Homo sapiens,CHEMBL1215326,CHEMBL1212896,,Huh-7,Homologous protein target assigned,,,,False,-1,False,False,,,6.179999828338623,,,NR3C2_IC50Ki_185,6.179999828338623,True
CHEMBL1994,Cn1cnc(-c2ccnc(NC(N)=O)c2)c1-c1ccc(F)cc1,Cn1cnc(-c2ccnc(NC(N)=O)c2)c1-c1ccc(F)cc1,5.46999979019165,CHEMBL3705363,"Competitive Molecular Binding Assay: The MR competitive binding assay is based on the binding and displacement of a TAMRA-labeled Dexamethasone probe with fluorescence polarization (FP) detection. The assay is performed in 384-well, low volume NBS black plates (Corning #3676) in assay buffer consisting of 10 mM TES, pH 7.4, 50 mM KCl, 20 mM Sodium molybdate, 1.5 mM EDTA, 0.04% CHAPS, 10% Glycerol and 1 mM DTT. Full Length human mineralocorticoid receptor (hMR) present in a baculovirus infected insect cell lysate is diluted 2 fold in assay buffer and 10 μL of this dilution is added to the assay plate. Blank wells receive 10 μL of the diluted MR lysate containing 3 μM Dexamethasone. 2 μL diluted test compound is transferred to the assay plate for a final starting top concentration of 10 μM in 1% DMSO. The reaction is started by adding 3 μL of 25 nM probe in assay buffer for a final assay concentration of 5 nM.",17633097,B,IC50,9,=,Homo sapiens,CHEMBL3643695,CHEMBL3638806,,,Direct protein target assigned,,,,False,-1,False,False,,,5.46999979019165,,,NR3C2_IC50Ki_596,5.46999979019165,True
CHEMBL1994,Cn1c(=O)cc(C(F)(F)F)c2cc3c(cc21)NC1CCCCC31,Cn1c(=O)cc(C(F)(F)F)c2cc3c(cc21)N[C@@H]1CCCC[C@H]31,5.539999961853027,CHEMBL728560,Antagonistic activity against hMR in co-transfected CV-1 cell,297250,F,IC50,8,=,Homo sapiens,CHEMBL163425,CHEMBL1130772,,CV-1,Homologous protein target assigned,,,,False,-1,False,False,,,5.539999961853027,,,NR3C2_IC50Ki_050,5.539999961853027,True
CHEMBL1994,COc1cc(CNC(=O)C2(Cc3ccc(F)cc3)OC(=O)N(C(C)c3ccccc3)C2=O)cc(OC)c1,COc1cc(CNC(=O)[C@@]2(Cc3ccc(F)cc3)OC(=O)N([C@H](C)c3ccccc3)C2=O)cc(OC)c1,6.699999809265137,CHEMBL2411354,Antagonist activity at human mineralocorticoid receptor assessed as inhibition of binding to coactivator peptide by NH Pro assay,13393509,B,IC50,9,=,Homo sapiens,CHEMBL2407873,CHEMBL2407028,,,Direct protein target assigned,,,,False,-1,False,False,,,6.699999809265137,,,NR3C2_IC50Ki_341,6.699999809265137,True
CHEMBL1994,CCC(Cc1ccc(C)cc1)NS(=O)(=O)c1c(C)cc(C)cc1C,CCC(Cc1ccc(C)cc1)NS(=O)(=O)c1c(C)cc(C)cc1C,5.960000038146973,CHEMBL3097675,Inhibition of mineralocorticoid receptor (unknown origin) expressed in baculovirus-infected insect cells by fluorescence polarization assay,13858128,B,IC50,9,=,Homo sapiens,CHEMBL3094471,CHEMBL3091417,,,Direct protein target assigned,,,,False,-1,False,False,,,5.960000038146973,,,NR3C2_IC50Ki_446,5.960000038146973,True
CHEMBL1994,COc1cc(CNC(=O)C2(Cc3ccccc3)OC(=O)N(C(C)c3ccccc3)C2=O)cc(OC)c1,COc1cc(CNC(=O)[C@@]2(Cc3ccccc3)OC(=O)N([C@@H](C)c3ccccc3)C2=O)cc(OC)c1;COc1cc(CNC(=O)[C@@]2(Cc3ccccc3)OC(=O)N([C@H](C)c3ccccc3)C2=O)cc(OC)c1,6.300;7.270,CHEMBL2411354;CHEMBL2411354,Antagonist activity at human mineralocorticoid receptor assessed as inhibition of binding to coactivator peptide by NH Pro assay;Antagonist activity at human mineralocorticoid receptor assessed as inhibition of binding to coactivator peptide by NH Pro assay,13393499;13393549,B;B,IC50;IC50,9;9,=;=,Homo sapiens;Homo sapiens,CHEMBL2407643;CHEMBL2407668,CHEMBL2407028;CHEMBL2407028,None;None,None;None,Direct protein target assigned;Direct protein target assigned,None;None,None;None,None;None,False;False,-1;-1,False;False,True,6.785,0.4849999999999999,6.785,0.4849999999999999,2.0,NR3C2_IC50Ki_868,6.785,True
CHEMBL1994,CC(c1ccc(F)cc1)N1C(=O)OC(Cc2ccccc2)(c2nc3cc(-c4cn[nH]c4)ccc3[nH]2)C1=O,C[C@H](c1ccc(F)cc1)N1C(=O)O[C@](Cc2ccccc2)(c2nc3cc(-c4cn[nH]c4)ccc3[nH]2)C1=O,7.380000114440918,CHEMBL3578998,Antagonist activity at human mineralocorticoid receptor overexpressed in CHOK1 cells assessed as inhibition of aldosterone-induced protein interaction with coactivator peptide after 6 hrs by luminescence assay,15601449,B,IC50,9,=,Homo sapiens,CHEMBL3578281,CHEMBL3576820,,CHO-K1,Direct protein target assigned,,,,False,-1,False,False,,,7.380000114440918,,,NR3C2_IC50Ki_527,7.380000114440918,True
CHEMBL1994,O=C1COc2ccc(-c3cc(C(F)(F)F)nn3-c3ccc(Cl)cc3)cc2N1,O=C1COc2ccc(-c3cc(C(F)(F)F)nn3-c3ccc(Cl)cc3)cc2N1,6.5,CHEMBL1929756,Displacement of [3H]aldosterone from cytosolic human MR expressed in HEK293 cells after 16 hrs by scintillation counting,7969253,B,IC50,9,=,Homo sapiens,CHEMBL1929035,CHEMBL1926625,,HEK293,Direct protein target assigned,,,,False,-1,False,False,,,6.5,,,NR3C2_IC50Ki_321,6.5,True
CHEMBL1994,CC(c1ccccc1)N1C(=O)OC(Cc2ccccc2)(C(=O)NC2CC2)C1=O,C[C@H](c1ccccc1)N1C(=O)O[C@](Cc2ccccc2)(C(=O)NC2CC2)C1=O,5.699999809265137,CHEMBL2411354,Antagonist activity at human mineralocorticoid receptor assessed as inhibition of binding to coactivator peptide by NH Pro assay,13393530,B,IC50,9,=,Homo sapiens,CHEMBL2407852,CHEMBL2407028,,,Direct protein target assigned,,,,False,-1,False,False,,,5.699999809265137,,,NR3C2_IC50Ki_353,5.699999809265137,True
CHEMBL1994,NC(=O)CC1COc2cc(F)cc(F)c2N1C(=O)c1ccc2c(c1)NC(=O)CO2,NC(=O)C[C@H]1COc2cc(F)cc(F)c2N1C(=O)c1ccc2c(c1)NC(=O)CO2;NC(=O)C[C@H]1COc2cc(F)cc(F)c2N1C(=O)c1ccc2c(c1)NC(=O)CO2;NC(=O)C[C@H]1COc2cc(F)cc(F)c2N1C(=O)c1ccc2c(c1)NC(=O)CO2,7.000;6.200;6.300,CHEMBL4423290;CHEMBL4423293;CHEMBL4423298,Displacement of [3H]-aldosterone to human mineralocorticoid receptor LBD by radiometric binding assay;Antagonist activity at gal4-fused human mineralocorticoid receptor LBD expressed in UAS-MR-bla HEK293 cells by luciferase reporter gene assay;Antagonist activity at full length human mineralocorticoid receptor expressed in human U2OS cells by luciferase reporter gene assay,19363287;19363663;19363546,B;B;B,Ki;IC50;IC50,9;9;9,=;=;=,Homo sapiens;Homo sapiens;Homo sapiens,CHEMBL4455600;CHEMBL4455600;CHEMBL4455600,CHEMBL4422622;CHEMBL4422622;CHEMBL4422622,None;None;None,None;None;U2OS,Direct protein target assigned;Direct protein target assigned;Direct protein target assigned,None;None;None,None;None;None,None;None;None,False;False;False,-1;-1;-1,False;False;False,True,6.5,0.3559026084010437,6.3,0.0999999999999996,3.0,NR3C2_IC50Ki_813,6.3,True
CHEMBL1994,COc1ccc(F)cc1C(C)(C)CC(O)(Cc1ccc(C)c2ccccc12)C(F)(F)F,COc1ccc(F)cc1C(C)(C)CC(O)(Cc1ccc(C)c2ccccc12)C(F)(F)F,5.980000019073486,CHEMBL899207,Displacement of TAMRA labeled mifepristone at human mineralocorticoid receptor in insect cell,1981517,B,IC50,9,=,Homo sapiens,CHEMBL235280,CHEMBL1149697,,,Direct protein target assigned,,,,False,-1,False,False,,,5.980000019073486,,,NR3C2_IC50Ki_142,5.980000019073486,True
CHEMBL1994,CC(c1ccccc1)N1C(=O)OC(Cc2ccccc2)(c2nnc(-c3ccc(Cl)c(Cl)c3)[nH]2)C1=O,C[C@H](c1ccccc1)N1C(=O)O[C@](Cc2ccccc2)(c2nnc(-c3ccc(Cl)c(Cl)c3)[nH]2)C1=O,5.880000114440918,CHEMBL3241715,Antagonist activity at mineralocorticoid receptor (unknown origin) by PathHunter assay,14566215,B,IC50,9,=,Homo sapiens,CHEMBL3234853,CHEMBL3232811,,,Direct protein target assigned,,,,False,-1,False,False,,,5.880000114440918,,,NR3C2_IC50Ki_470,5.880000114440918,True
CHEMBL1994,COc1ccccc1CNC(=O)C1(Cc2ccccc2)OC(=O)N(C(C)c2ccccc2)C1=O,COc1ccccc1CNC(=O)[C@@]1(Cc2ccccc2)OC(=O)N([C@H](C)c2ccccc2)C1=O,6.300000190734863,CHEMBL2411354,Antagonist activity at human mineralocorticoid receptor assessed as inhibition of binding to coactivator peptide by NH Pro assay,13393551,B,IC50,9,=,Homo sapiens,CHEMBL2407666,CHEMBL2407028,,,Direct protein target assigned,,,,False,-1,False,False,,,6.300000190734863,,,NR3C2_IC50Ki_370,6.300000190734863,True
CHEMBL1994,COc1ccc(F)cc1C(C)(C)CC(O)(Cc1ccc(C=O)cc1Cl)C(F)(F)F,COc1ccc(F)cc1C(C)(C)CC(O)(Cc1ccc(C=O)cc1Cl)C(F)(F)F,6.460000038146973,CHEMBL899207,Displacement of TAMRA labeled mifepristone at human mineralocorticoid receptor in insect cell,1981510,B,IC50,9,=,Homo sapiens,CHEMBL392289,CHEMBL1149697,,,Direct protein target assigned,,,,False,-1,False,False,,,6.460000038146973,,,NR3C2_IC50Ki_141,6.460000038146973,True
CHEMBL1994,Cc1nccn1-c1ccc(CNS(=O)(=O)c2cc(F)ccc2F)cc1,Cc1nccn1-c1ccc(CNS(=O)(=O)c2cc(F)ccc2F)cc1,6.199999809265137,CHEMBL3090522,Displacement of [3H]aldosterone from GST-tagged human mineralocorticoid receptor ligand binding domain after 4 hrs by liquid scintillation counting,13835671,B,IC50,9,=,Homo sapiens,CHEMBL3086025,CHEMBL3085697,,,Direct protein target assigned,,,,False,-1,False,False,,,6.199999809265137,,,NR3C2_IC50Ki_399,6.199999809265137,True
CHEMBL1994,CCOc1nc(C2=NN(c3ccc(C#N)c(C)c3)C(C3CCCC3)C2)ccc1C(=O)O,CCOc1nc(C2=NN(c3ccc(C#N)c(C)c3)[C@@H](C3CCCC3)C2)ccc1C(=O)O,8.359999656677246,CHEMBL3265996,Antagonist activity at mineralocorticoid receptor (unknown origin) by Gal4-based cellular assay,14658173,B,IC50,9,=,Homo sapiens,CHEMBL3263757,CHEMBL3259597,,,Direct protein target assigned,,,,False,-1,False,False,,,8.359999656677246,,,NR3C2_IC50Ki_493,8.359999656677246,True
CHEMBL1994,O=C1COc2ccc(C(=O)N3CCCc4ccccc43)cc2N1,O=C1COc2ccc(C(=O)N3CCCc4ccccc43)cc2N1;O=C1COc2ccc(C(=O)N3CCCc4ccccc43)cc2N1,6.200;5.700,CHEMBL4423290;CHEMBL4423293,Displacement of [3H]-aldosterone to human mineralocorticoid receptor LBD by radiometric binding assay;Antagonist activity at gal4-fused human mineralocorticoid receptor LBD expressed in UAS-MR-bla HEK293 cells by luciferase reporter gene assay,19363322;19363455,B;B,Ki;IC50,9;9,=;=,Homo sapiens;Homo sapiens,CHEMBL4580706;CHEMBL4580706,CHEMBL4422622;CHEMBL4422622,None;None,None;None,Direct protein target assigned;Direct protein target assigned,None;None,None;None,None;None,False;False,-1;-1,False;False,True,5.95,0.25,5.95,0.25,2.0,NR3C2_IC50Ki_743,5.95,True
CHEMBL1994,O=C1COc2ccc(-c3cc(C(F)(F)F)nn3-c3ccccc3Cl)cc2N1,O=C1COc2ccc(-c3cc(C(F)(F)F)nn3-c3ccccc3Cl)cc2N1,6.369999885559082,CHEMBL1929756,Displacement of [3H]aldosterone from cytosolic human MR expressed in HEK293 cells after 16 hrs by scintillation counting,7969252,B,IC50,9,=,Homo sapiens,CHEMBL1929034,CHEMBL1926625,,HEK293,Direct protein target assigned,,,,False,-1,False,False,,,6.369999885559082,,,NR3C2_IC50Ki_320,6.369999885559082,True
CHEMBL1994,CC1(C)OC(=O)Nc2ccc(-c3ccc(F)c(Cl)c3)cc21,CC1(C)OC(=O)Nc2ccc(-c3ccc(F)c(Cl)c3)cc21,5.599999904632568,CHEMBL729163,Antagonist activity against the Mineralocorticoid Receptor (MR),1000086,F,IC50,8,=,Homo sapiens,CHEMBL343306,CHEMBL1135816,,,Homologous protein target assigned,,,,False,-1,False,False,,,5.599999904632568,,,NR3C2_IC50Ki_019,5.599999904632568,True
CHEMBL1994,Cc1ccc(F)cc1C(C)(C)CC(O)(Cc1cc2nnccc2[nH]1)C(F)(F)F,Cc1ccc(F)cc1C(C)(C)C[C@@](O)(Cc1cc2nnccc2[nH]1)C(F)(F)F;Cc1ccc(F)cc1C(C)(C)CC(O)(Cc1cc2nnccc2[nH]1)C(F)(F)F,6.580;6.210,CHEMBL3132584;CHEMBL3132584,Competitive binding affinity to mineralocorticoid receptor (unknown origin) expressed in baculovirus-infected cell system after 1 hr by fluorescence polarization assay in presence of tetramethylrhodamine-labeled dexamethasone;Competitive binding affinity to mineralocorticoid receptor (unknown origin) expressed in baculovirus-infected cell system after 1 hr by fluorescence polarization assay in presence of tetramethylrhodamine-labeled dexamethasone,13945730;13947248,B;B,IC50;IC50,9;9,=;=,Homo sapiens;Homo sapiens,CHEMBL3126948;CHEMBL3126950,CHEMBL3124926;CHEMBL3124926,None;None,None;None,Direct protein target assigned;Direct protein target assigned,None;None,None;None,None;None,False;False,-1;-1,False;False,True,6.395,0.185,6.395,0.185,2.0,NR3C2_IC50Ki_714,6.395,True
CHEMBL1994,CS(=O)(=O)Nc1ccc2c(c1)OC(c1ccccc1)C(=O)N2c1ccc(F)cc1,CS(=O)(=O)Nc1ccc2c(c1)OC(c1ccccc1)C(=O)N2c1ccc(F)cc1,6.46999979019165,CHEMBL5136122,Displacement of [3H]-aldosterone from recombinant human mineralocorticoid receptor expressed in baculovirus infected insect cells incubated overnight by liquid scintillation counting analysis,24808031,B,Ki,9,=,Homo sapiens,CHEMBL5171957,CHEMBL5131538,,,Direct protein target assigned,,,,False,-1,False,False,,,6.46999979019165,,,NR3C2_IC50Ki_697,6.46999979019165,True
CHEMBL1994,CCC(Cn1ccc2ccccc21)NS(=O)(=O)c1c(N)cc(Cl)cc1Cl,CC[C@@H](Cn1ccc2ccccc21)NS(=O)(=O)c1c(N)cc(Cl)cc1Cl,6.289999961853027,CHEMBL3096917,Binding affinity to mineralocorticoid receptor (unknown origin) by fluorescence polarization competitive binding assay,13845346,B,IC50,9,=,Homo sapiens,CHEMBL3093461,CHEMBL3091451,,,Direct protein target assigned,,,,False,-1,False,False,,,6.289999961853027,,,NR3C2_IC50Ki_407,6.289999961853027,True
CHEMBL1994,COc1ccc(Cl)cc1-c1c[nH]c2c(NS(C)(=O)=O)cccc12,COc1ccc(Cl)cc1-c1c[nH]c2c(NS(C)(=O)=O)cccc12,5.349999904632568,CHEMBL3607224,Displacement of [3H]-aldosterone from human mineralocorticoid receptor expressed in HEK293 cells by scintillation counting based radioligand competition binding assay,15684209,B,Ki,9,=,Homo sapiens,CHEMBL3605930,CHEMBL3603837,,HEK293,Direct protein target assigned,,,,False,-1,False,False,,,5.349999904632568,,,NR3C2_IC50Ki_548,5.349999904632568,True
CHEMBL1994,COc1cccc2c1-c1ccc(NS(C)(=O)=O)cc1C(c1ccccc1)O2,COc1cccc2c1-c1ccc(NS(C)(=O)=O)cc1C(c1ccccc1)O2,4.639999866485596,CHEMBL728558,Displacement of [3H]aldosterone from human Mineralocorticoid receptor,612138,B,IC50,9,=,Homo sapiens,CHEMBL65021,CHEMBL1147539,,,Direct protein target assigned,,,,False,-1,False,False,,,4.639999866485596,,,NR3C2_IC50Ki_038,4.639999866485596,True
CHEMBL1994,COC(=O)C1=C(C)NC(C)=C(C(=O)OC(C)(C)C)C1c1cccc(F)c1,COC(=O)C1=C(C)NC(C)=C(C(=O)OC(C)(C)C)C1c1cccc(F)c1,5.860000133514404,CHEMBL1219573,Antagonist activity at mineralocorticoid receptor LBD expressed in human HUH7 cells coexpressing GAL4 by luciferase reporter gene assay,3403403,F,IC50,8,=,Homo sapiens,CHEMBL1215192,CHEMBL1212896,,Huh-7,Homologous protein target assigned,,,,False,-1,False,False,,,5.860000133514404,,,NR3C2_IC50Ki_175,5.860000133514404,True
CHEMBL1994,N#Cc1ccc(N2N=C3c4ccc(C(=O)O)cc4COC3C2c2ccc(F)cc2)cc1Cl,N#Cc1ccc(N2N=C3c4ccc(C(=O)O)cc4CO[C@@H]3[C@@H]2c2ccc(F)cc2)cc1Cl,6.070000171661377,CHEMBL1219662,Antagonist activity at Gal4-tagged mineralocorticoid receptor expressed in human Huh7 cells by luciferase reporter gene assay,3403590,F,IC50,8,=,Homo sapiens,CHEMBL1215555,CHEMBL1212897,,Huh-7,Homologous protein target assigned,,,,False,-1,False,False,,,6.070000171661377,,,NR3C2_IC50Ki_245,6.070000171661377,True
CHEMBL1994,Cc1ccccc1CCc1ccnc(NC(N)=O)c1,Cc1ccccc1CCc1ccnc(NC(N)=O)c1;Cc1ccccc1CCc1ccnc(NC(N)=O)c1,7.720;8.150,CHEMBL2188764;CHEMBL2188765,Competitive antagonist activity at human mineralocorticoid receptor expressed in MR-UAS-bla HEK 293T cells assessed as inhibition of aldosterone-induced receptor activation by beta-lactamase reporter gene assay;Displacement of TAMRA-labeled Dexamethasone from human mineralocorticoid receptor expressed in baculovirus infected insect cell lysate after 60 mins by fluorescence polarization assay,12163926;12163927,F;B,IC50;IC50,9;9,=;=,Homo sapiens;Homo sapiens,CHEMBL2181933;CHEMBL2181933,CHEMBL2177005;CHEMBL2177005,None;None,HEK-293T;None,Direct protein target assigned;Direct protein target assigned,None;None,None;None,None;None,False;False,-1;-1,False;False,True,7.935,0.2150000000000003,7.935,0.2150000000000003,2.0,NR3C2_IC50Ki_730,7.935,True
CHEMBL1994,Cn1cnc(-c2ccc(F)cc2)c1-c1ccnc(NC(N)=O)c1,Cn1cnc(-c2ccc(F)cc2)c1-c1ccnc(NC(N)=O)c1,6.889999866485596,CHEMBL3705363,"Competitive Molecular Binding Assay: The MR competitive binding assay is based on the binding and displacement of a TAMRA-labeled Dexamethasone probe with fluorescence polarization (FP) detection. The assay is performed in 384-well, low volume NBS black plates (Corning #3676) in assay buffer consisting of 10 mM TES, pH 7.4, 50 mM KCl, 20 mM Sodium molybdate, 1.5 mM EDTA, 0.04% CHAPS, 10% Glycerol and 1 mM DTT. Full Length human mineralocorticoid receptor (hMR) present in a baculovirus infected insect cell lysate is diluted 2 fold in assay buffer and 10 μL of this dilution is added to the assay plate. Blank wells receive 10 μL of the diluted MR lysate containing 3 μM Dexamethasone. 2 μL diluted test compound is transferred to the assay plate for a final starting top concentration of 10 μM in 1% DMSO. The reaction is started by adding 3 μL of 25 nM probe in assay buffer for a final assay concentration of 5 nM.",17633094,B,IC50,9,=,Homo sapiens,CHEMBL3643692,CHEMBL3638806,,,Direct protein target assigned,,,,False,-1,False,False,,,6.889999866485596,,,NR3C2_IC50Ki_593,6.889999866485596,True
CHEMBL1994,CCC(c1ccc(Cl)cc1)(c1noc(-c2ccccc2)n1)n1ccc2c(NS(C)(=O)=O)cccc21,CC[C@@](c1ccc(Cl)cc1)(c1noc(-c2ccccc2)n1)n1ccc2c(NS(C)(=O)=O)cccc21,5.71999979019165,CHEMBL4717253,Antagonist activity at human full-length MCR assessed as inhibition of receptor binding to co-activator peptide by PathHunter assay,22825193,B,IC50,9,=,Homo sapiens,CHEMBL4792176,CHEMBL4715716,,,Direct protein target assigned,,,,False,-1,False,False,,,5.71999979019165,,,NR3C2_IC50Ki_665,5.71999979019165,True
CHEMBL1994,O=C1COc2ccc(N3CCOCC3c3ccccc3)cc2N1,O=C1COc2ccc(N3CCOC[C@H]3c3ccccc3)cc2N1;O=C1COc2ccc(N3CCOC[C@H]3c3ccccc3)cc2N1,6.400;6.230,CHEMBL4028141;CHEMBL4028145,Displacement of [3H]-aldosterone from human GST-tagged MR ligand binding domain after 4 hrs by liquid scintillation counting;Antagonist activity at human GAL4-DBD fused MR ligand binding domain transfected in human Huh7 cells co-expressing GAL4-RE-Luc assessed as reduction in aldosterone-induced luciferase activity after 16 hrs in presence of serum by luciferase reporter gene assay,18126817;18126802,B;B,IC50;IC50,9;9,=;=,Homo sapiens;Homo sapiens,CHEMBL4062345;CHEMBL4062345,CHEMBL4024791;CHEMBL4024791,None;None,None;None,Direct protein target assigned;Direct protein target assigned,None;None,None;None,None;None,False;False,-1;-1,False;False,True,6.315,0.0849999999999999,6.315,0.0849999999999999,2.0,NR3C2_IC50Ki_754,6.315,True
CHEMBL1994,Cc1cc(-c2cccc3cc[nH]c23)c(Cl)c2c1NC(C)(C)CC2C,Cc1cc(-c2cccc3cc[nH]c23)c(Cl)c2c1NC(C)(C)CC2C,7.679999828338623,CHEMBL931544,Binding affinity at mineralocorticoid receptor,2174112,B,Ki,8,=,Homo sapiens,CHEMBL258191,CHEMBL1145597,,,Homologous protein target assigned,,,,False,-1,False,False,,,7.679999828338623,,,NR3C2_IC50Ki_154,7.679999828338623,True
CHEMBL1994,CCc1cccc2[nH]c(CC(O)(CC(C)(C)c3cc(F)ccc3OC)C(F)(F)F)cc12,CCc1cccc2[nH]c(CC(O)(CC(C)(C)c3cc(F)ccc3OC)C(F)(F)F)cc12,6.099999904632568,CHEMBL1913332,Displacement of tetramethylrhodamine-labeled Dexamethasone from human recombinant mineralocorticoid receptor expressed in baculovirus infected insect cells by fluorescence polarization assay,7851760,B,IC50,9,=,Homo sapiens,CHEMBL1911645,CHEMBL1909618,,,Direct protein target assigned,,,,False,-1,False,False,,,6.099999904632568,,,NR3C2_IC50Ki_287,6.099999904632568,True
CHEMBL1994,CC(=O)Nc1ccc2[nH]c(C3(Cc4ccccc4)OC(=O)N(C(C)c4ccc(F)cc4)C3=O)nc2c1,CC(=O)Nc1ccc2[nH]c([C@@]3(Cc4ccccc4)OC(=O)N([C@H](C)c4ccc(F)cc4)C3=O)nc2c1,5.920000076293945,CHEMBL3578998,Antagonist activity at human mineralocorticoid receptor overexpressed in CHOK1 cells assessed as inhibition of aldosterone-induced protein interaction with coactivator peptide after 6 hrs by luminescence assay,15601453,B,IC50,9,=,Homo sapiens,CHEMBL3578277,CHEMBL3576820,,CHO-K1,Direct protein target assigned,,,,False,-1,False,False,,,5.920000076293945,,,NR3C2_IC50Ki_531,5.920000076293945,True
CHEMBL1994,Cc1c(NS(C)(=O)=O)cccc1N(Cc1ccccc1)Cc1ccccc1,Cc1c(NS(C)(=O)=O)cccc1N(Cc1ccccc1)Cc1ccccc1,6.510000228881836,CHEMBL729161,Displacement of [3H]dexamethasone from human mineralocorticoid receptor,1293495,B,IC50,9,=,Homo sapiens,CHEMBL419633,CHEMBL1147558,,,Direct protein target assigned,,,,False,-1,False,False,,,6.510000228881836,,,NR3C2_IC50Ki_017,6.510000228881836,True
CHEMBL1994,COc1ccc(F)cc1C(C)(C)CC(O)(Cc1ccccc1F)C(F)(F)F,COc1ccc(F)cc1C(C)(C)CC(O)(Cc1ccccc1F)C(F)(F)F,5.869999885559082,CHEMBL899207,Displacement of TAMRA labeled mifepristone at human mineralocorticoid receptor in insect cell,1981462,B,IC50,9,=,Homo sapiens,CHEMBL237385,CHEMBL1149697,,,Direct protein target assigned,,,,False,-1,False,False,,,5.869999885559082,,,NR3C2_IC50Ki_127,5.869999885559082,True
CHEMBL1994,Cc1ccc(-n2nc(C(F)(F)F)cc2-c2ccc3c(c2)NC(=O)CO3)cc1,Cc1ccc(-n2nc(C(F)(F)F)cc2-c2ccc3c(c2)NC(=O)CO3)cc1,6.230000019073486,CHEMBL1929756,Displacement of [3H]aldosterone from cytosolic human MR expressed in HEK293 cells after 16 hrs by scintillation counting,7970145,B,IC50,9,=,Homo sapiens,CHEMBL1929037,CHEMBL1926625,,HEK293,Direct protein target assigned,,,,False,-1,False,False,,,6.230000019073486,,,NR3C2_IC50Ki_322,6.230000019073486,True
CHEMBL1994,CC(C)(CC(O)(Cc1cc2ccncc2[nH]1)C(F)(F)F)c1cc(F)cc2c1OCC2,CC(C)(CC(O)(Cc1cc2ccncc2[nH]1)C(F)(F)F)c1cc(F)cc2c1OCC2,6.550000190734863,CHEMBL1250866,Binding affinity to mineralocorticoid receptor expressed in baculovirus-infected insect cells using tetramethylrhodamine labeled Dexamethasone by fluorescence polarization microplate assay,3470458,B,IC50,8,=,Homo sapiens,CHEMBL1254420,CHEMBL1250518,,,Homologous protein target assigned,,,,False,-1,False,False,,,6.550000190734863,,,NR3C2_IC50Ki_255,6.550000190734863,True
CHEMBL1994,NC(=O)Nc1cc(CCc2cccc(C(F)(F)F)c2)ccn1,NC(=O)Nc1cc(CCc2cccc(C(F)(F)F)c2)ccn1,7.139999866485596,CHEMBL3705363,"Competitive Molecular Binding Assay: The MR competitive binding assay is based on the binding and displacement of a TAMRA-labeled Dexamethasone probe with fluorescence polarization (FP) detection. The assay is performed in 384-well, low volume NBS black plates (Corning #3676) in assay buffer consisting of 10 mM TES, pH 7.4, 50 mM KCl, 20 mM Sodium molybdate, 1.5 mM EDTA, 0.04% CHAPS, 10% Glycerol and 1 mM DTT. Full Length human mineralocorticoid receptor (hMR) present in a baculovirus infected insect cell lysate is diluted 2 fold in assay buffer and 10 μL of this dilution is added to the assay plate. Blank wells receive 10 μL of the diluted MR lysate containing 3 μM Dexamethasone. 2 μL diluted test compound is transferred to the assay plate for a final starting top concentration of 10 μM in 1% DMSO. The reaction is started by adding 3 μL of 25 nM probe in assay buffer for a final assay concentration of 5 nM.",17633083,B,IC50,9,=,Homo sapiens,CHEMBL3643681,CHEMBL3638806,,,Direct protein target assigned,,,,False,-1,False,False,,,7.139999866485596,,,NR3C2_IC50Ki_583,7.139999866485596,True
CHEMBL1994,CCCn1nc(C)c(-c2ccc3c(c2)NC(=O)CO3)c1-c1ccc(F)cc1,CCCn1nc(C)c(-c2ccc3c(c2)NC(=O)CO3)c1-c1ccc(F)cc1;CCCn1nc(C)c(-c2ccc3c(c2)NC(=O)CO3)c1-c1ccc(F)cc1,7.090;6.750,CHEMBL3381811;CHEMBL3381815,Displacement of [3H]aldosterone from human mineralocorticoid receptor expressed in 293 cells after 16 hrs by scintillation counting;Antagonist activity at human mineralocorticoid receptor expressed in COS1 cells after 1 day by luciferase reporter gene assay,15095240;15099890,B;B,IC50;IC50,9;9,=;=,Homo sapiens;Homo sapiens,CHEMBL3337730;CHEMBL3337730,CHEMBL3351638;CHEMBL3351638,None;None,293;COS-1,Direct protein target assigned;Direct protein target assigned,None;None,None;None,None;None,False;False,-1;-1,False;False,True,6.92,0.1699999999999999,6.92,0.1699999999999999,2.0,NR3C2_IC50Ki_846,6.92,True
CHEMBL1994,COC(=O)C1=C(C)NC(C)=C(C#N)C1c1ccccc1Cl,COC(=O)C1=C(C)NC(C)=C(C#N)C1c1ccccc1Cl,6.230000019073486,CHEMBL1219573,Antagonist activity at mineralocorticoid receptor LBD expressed in human HUH7 cells coexpressing GAL4 by luciferase reporter gene assay,3403419,F,IC50,8,=,Homo sapiens,CHEMBL1215404,CHEMBL1212896,,Huh-7,Homologous protein target assigned,,,,False,-1,False,False,,,6.230000019073486,,,NR3C2_IC50Ki_190,6.230000019073486,True
CHEMBL1994,CCC=C(C)c1ccsc1C=C1Oc2ccc(O)c(OC)c2-c2ccc3c(c21)C(C)=CC(C)(C)N3,CC/C=C(\C)c1ccsc1/C=C1\Oc2ccc(O)c(OC)c2-c2ccc3c(c21)C(C)=CC(C)(C)N3,7.380000114440918,CHEMBL896164,Binding affinity to MR,1926535,B,Ki,8,=,Homo sapiens,CHEMBL428922,CHEMBL1148778,,,Homologous protein target assigned,,,,False,-1,False,False,,,7.380000114440918,,,NR3C2_IC50Ki_115,7.380000114440918,True
CHEMBL1994,COc1cc(F)ccc1-c1c(CN(C)Cc2ccccc2)[nH]c2c(NS(C)(=O)=O)cc(C(C)(C)C)cc12,COc1cc(F)ccc1-c1c(CN(C)Cc2ccccc2)[nH]c2c(NS(C)(=O)=O)cc(C(C)(C)C)cc12,5.409999847412109,CHEMBL3607224,Displacement of [3H]-aldosterone from human mineralocorticoid receptor expressed in HEK293 cells by scintillation counting based radioligand competition binding assay,15684205,B,Ki,9,=,Homo sapiens,CHEMBL3605926,CHEMBL3603837,,HEK293,Direct protein target assigned,,,,False,-1,False,False,,,5.409999847412109,,,NR3C2_IC50Ki_544,5.409999847412109,True
CHEMBL1994,COC(=O)C1=C(C)NC(C)=C(C(=O)OC(C)(C)C)C1c1ccc(OC)cc1,COC(=O)C1=C(C)NC(C)=C(C(=O)OC(C)(C)C)C1c1ccc(OC)cc1,5.579999923706055,CHEMBL1219573,Antagonist activity at mineralocorticoid receptor LBD expressed in human HUH7 cells coexpressing GAL4 by luciferase reporter gene assay,3403408,F,IC50,8,=,Homo sapiens,CHEMBL1215258,CHEMBL1212896,,Huh-7,Homologous protein target assigned,,,,False,-1,False,False,,,5.579999923706055,,,NR3C2_IC50Ki_180,5.579999923706055,True
CHEMBL1994,O=C1COc2ccc(C3=Nn4cnnc4SC3)cc2N1,O=C1COc2ccc(C3=Nn4cnnc4SC3)cc2N1,5.699999809265137,CHEMBL1929756,Displacement of [3H]aldosterone from cytosolic human MR expressed in HEK293 cells after 16 hrs by scintillation counting,7969229,B,IC50,9,=,Homo sapiens,CHEMBL1928869,CHEMBL1926625,,HEK293,Direct protein target assigned,,,,False,-1,False,False,,,5.699999809265137,,,NR3C2_IC50Ki_301,5.699999809265137,True
CHEMBL1994,COC(=O)C(CC#N)(c1ccc(Cl)cc1)n1ccc2c(NS(C)(=O)=O)cccc21,COC(=O)C(CC#N)(c1ccc(Cl)cc1)n1ccc2c(NS(C)(=O)=O)cccc21,7.159999847412109,CHEMBL4717253,Antagonist activity at human full-length MCR assessed as inhibition of receptor binding to co-activator peptide by PathHunter assay,22825200,B,IC50,9,=,Homo sapiens,CHEMBL4777170,CHEMBL4715716,,,Direct protein target assigned,,,,False,-1,False,False,,,7.159999847412109,,,NR3C2_IC50Ki_670,7.159999847412109,True
CHEMBL1994,CC1CN(c2ccc3c(c2)NC(=O)CO3)C(c2cccc(F)c2)CO1,C[C@@H]1CN(c2ccc3c(c2)NC(=O)CO3)[C@H](c2cccc(F)c2)CO1,7.260000228881836,CHEMBL4008037,Antagonist activity at Gal4-fused MR LBD (unknown origin) expressed in human Huh7 cells assessed as inhibition of aldosterone-induced transcriptional activity after 3 hrs by luciferase reporter gene assay,18033391,B,IC50,9,=,Homo sapiens,CHEMBL4063566,CHEMBL4007392,,,Direct protein target assigned,,,,False,-1,False,False,,,7.260000228881836,,,NR3C2_IC50Ki_629,7.260000228881836,True
CHEMBL1994,CC(C)CC(NC(=O)C(CC(C)C)NC(=O)C(Cc1ccc(O)cc1)NC(=O)C(CCCNC(=N)N)NC(=O)C(CC(C)C)NC(=O)C(CC(C)C)NC(=O)C(CCC(N)=O)NC(=O)C(Cc1cnc[nH]1)NC(=O)C(CC(=O)O)NC(=O)C(CCCCN)NC(=O)C(N)CO)C(=O)NC(CC(=O)O)C(=O)NC(CCCCN)C(=O)NC(CC(=O)O)C(=O)NC(CCC(=O)O)C(=O)O,CC(C)C[C@H](NC(=O)[C@H](CC(C)C)NC(=O)[C@H](Cc1ccc(O)cc1)NC(=O)[C@H](CCCNC(=N)N)NC(=O)[C@H](CC(C)C)NC(=O)[C@H](CC(C)C)NC(=O)[C@H](CCC(N)=O)NC(=O)[C@H](Cc1cnc[nH]1)NC(=O)[C@H](CC(=O)O)NC(=O)[C@H](CCCCN)NC(=O)[C@@H](N)CO)C(=O)N[C@@H](CC(=O)O)C(=O)N[C@@H](CCCCN)C(=O)N[C@@H](CC(=O)O)C(=O)N[C@@H](CCC(=O)O)C(=O)O,5.800000190734863,CHEMBL4008045,Binding affinity to N-terminal 6His-GST-tagged human MR LBD (727 to 984 residues) harboring C808S mutation expressed in Escherichia coli BL21DE3/corticosterone complex by AlphaScreen assay,18033422,B,IC50,9,=,Homo sapiens,CHEMBL4104636,CHEMBL4007392,,,Direct protein target assigned,C808S,,,False,-1,False,False,,,5.800000190734863,,,NR3C2_IC50Ki_640,5.800000190734863,True
CHEMBL1994,O=c1[nH]c2ccc(C=C3c4ccccc4COc4cc(F)ccc43)cc2[nH]1,O=c1[nH]c2ccc(/C=C3\c4ccccc4COc4cc(F)ccc43)cc2[nH]1;O=c1[nH]c2ccc(/C=C3\c4ccccc4COc4cc(F)ccc43)cc2[nH]1;O=c1[nH]c2ccc(/C=C3\c4ccccc4COc4cc(F)ccc43)cc2[nH]1;O=c1[nH]c2ccc(/C=C3\c4ccccc4COc4cc(F)ccc43)cc2[nH]1,7.310;7.920;7.900;7.300,CHEMBL3776776;CHEMBL3776777;CHEMBL4423290;CHEMBL4423293,Antagonist activity against 6xHis-MBP-fused human MR LBD domain (732 to 984 amino acid residues) C808S mutant expressed in Escherichia coli BL21(DE3) assessed as inhibition of aldosterone-mediated receptor activation after 16 hrs by luciferase assay;Displacement of 3H-Cortisol from 6xHis-MBP-fused human MR LBD domain (732 to 984 amino acid residues) C808S mutant expressed in Escherichia coli BL21(DE3) preincubated for 1 hr measured after 30 mins by microbeta plate reader analysis;Displacement of [3H]-aldosterone to human mineralocorticoid receptor LBD by radiometric binding assay;Antagonist activity at gal4-fused human mineralocorticoid receptor LBD expressed in UAS-MR-bla HEK293 cells by luciferase reporter gene assay,16506600;16506570;19363326;19363450,B;B;B;B,IC50;Ki;Ki;IC50,9;9;9;9,=;=;=;=,Homo sapiens;Homo sapiens;Homo sapiens;Homo sapiens,CHEMBL3775714;CHEMBL3775714;CHEMBL3775714;CHEMBL3775714,CHEMBL3774336;CHEMBL3774336;CHEMBL4422622;CHEMBL4422622,None;None;None;None,None;None;None;None,Direct protein target assigned;Direct protein target assigned;Direct protein target assigned;Direct protein target assigned,C808S;C808S;None;None,None;None;None;None,None;None;None;None,False;False;False;False,-1;-1;-1;-1,False;False;False;False,True,7.607500000000001,0.3026032881513354,7.605,0.3000000000000007,4.0,NR3C2_IC50Ki_758,7.605,True
CHEMBL1994,NC(=O)Nc1cc(CCc2ccccc2F)ccn1,NC(=O)Nc1cc(CCc2ccccc2F)ccn1,7.119999885559082,CHEMBL3705363,"Competitive Molecular Binding Assay: The MR competitive binding assay is based on the binding and displacement of a TAMRA-labeled Dexamethasone probe with fluorescence polarization (FP) detection. The assay is performed in 384-well, low volume NBS black plates (Corning #3676) in assay buffer consisting of 10 mM TES, pH 7.4, 50 mM KCl, 20 mM Sodium molybdate, 1.5 mM EDTA, 0.04% CHAPS, 10% Glycerol and 1 mM DTT. Full Length human mineralocorticoid receptor (hMR) present in a baculovirus infected insect cell lysate is diluted 2 fold in assay buffer and 10 μL of this dilution is added to the assay plate. Blank wells receive 10 μL of the diluted MR lysate containing 3 μM Dexamethasone. 2 μL diluted test compound is transferred to the assay plate for a final starting top concentration of 10 μM in 1% DMSO. The reaction is started by adding 3 μL of 25 nM probe in assay buffer for a final assay concentration of 5 nM.",17633087,B,IC50,9,=,Homo sapiens,CHEMBL3643685,CHEMBL3638806,,,Direct protein target assigned,,,,False,-1,False,False,,,7.119999885559082,,,NR3C2_IC50Ki_587,7.119999885559082,True
CHEMBL1994,CC(c1ccc(F)cc1)N1C(=O)OC(Cc2ccccc2)(c2nc3cc(-c4cncnc4)ccc3[nH]2)C1=O,C[C@H](c1ccc(F)cc1)N1C(=O)O[C@](Cc2ccccc2)(c2nc3cc(-c4cncnc4)ccc3[nH]2)C1=O,7.519999980926514,CHEMBL3578998,Antagonist activity at human mineralocorticoid receptor overexpressed in CHOK1 cells assessed as inhibition of aldosterone-induced protein interaction with coactivator peptide after 6 hrs by luminescence assay,15601439,B,IC50,9,=,Homo sapiens,CHEMBL3578290,CHEMBL3576820,,CHO-K1,Direct protein target assigned,,,,False,-1,False,False,,,7.519999980926514,,,NR3C2_IC50Ki_517,7.519999980926514,True
CHEMBL1994,CC1(C)Oc2cc(NS(C)(=O)=O)ccc2N(c2ccc(F)cc2)C1=O,CC1(C)Oc2cc(NS(C)(=O)=O)ccc2N(c2ccc(F)cc2)C1=O;CC1(C)Oc2cc(NS(C)(=O)=O)ccc2N(c2ccc(F)cc2)C1=O,6.560;6.590,CHEMBL5136122;CHEMBL5136136,Displacement of [3H]-aldosterone from recombinant human mineralocorticoid receptor expressed in baculovirus infected insect cells incubated overnight by liquid scintillation counting analysis;Antagonist activity at human wild-type mineralocorticoid receptor expressed in CHO-K1 cells assessed as inhibition of aldosterone-induced transcriptional activity incubated for 24 hrs in presence of 1 nM aldosterone by Steady-Glo reagent based reporter gene assay,24808033;24808079,B;B,IC50;IC50,9;9,=;=,Homo sapiens;Homo sapiens,CHEMBL2181929;CHEMBL2181929,CHEMBL5131538;CHEMBL5131538,None;None,None;CHO-K1,Direct protein target assigned;Direct protein target assigned,None;None,None;None,2.0;2.0,False;False,0;0,False;False,True,6.574999999999999,0.0150000000000001,6.574999999999999,0.0150000000000001,2.0,NR3C2_IC50Ki_864,6.574999999999999,True
CHEMBL1994,COc1cccc2c1-c1ccc(NS(C)(=O)=O)cc1C(c1ccc(C)cc1)O2,COc1cccc2c1-c1ccc(NS(C)(=O)=O)cc1C(c1ccc(C)cc1)O2,6.190000057220459,CHEMBL728558,Displacement of [3H]aldosterone from human Mineralocorticoid receptor,622389,B,IC50,9,=,Homo sapiens,CHEMBL65868,CHEMBL1147539,,,Direct protein target assigned,,,,False,-1,False,False,,,6.190000057220459,,,NR3C2_IC50Ki_045,6.190000057220459,True
CHEMBL1994,CC1CN(c2cc3c(cn2)OCC(=O)N3)C(c2ccccc2)CO1,C[C@@H]1CN(c2cc3c(cn2)OCC(=O)N3)[C@H](c2ccccc2)CO1;C[C@@H]1CN(c2cc3c(cn2)OCC(=O)N3)[C@H](c2ccccc2)CO1,6.960;6.600,CHEMBL4028141;CHEMBL4028145,Displacement of [3H]-aldosterone from human GST-tagged MR ligand binding domain after 4 hrs by liquid scintillation counting;Antagonist activity at human GAL4-DBD fused MR ligand binding domain transfected in human Huh7 cells co-expressing GAL4-RE-Luc assessed as reduction in aldosterone-induced luciferase activity after 16 hrs in presence of serum by luciferase reporter gene assay,18126809;18126794,B;B,IC50;IC50,9;9,=;=,Homo sapiens;Homo sapiens,CHEMBL4098088;CHEMBL4098088,CHEMBL4024791;CHEMBL4024791,None;None,None;None,Direct protein target assigned;Direct protein target assigned,None;None,None;None,None;None,False;False,-1;-1,False;False,True,6.779999999999999,0.1800000000000001,6.779999999999999,0.1800000000000001,2.0,NR3C2_IC50Ki_797,6.779999999999999,True
CHEMBL1994,Cc1cc(-c2ccc(F)c3cc[nH]c23)c(Cl)c2c1NC(C)(C)CC2C,Cc1cc(-c2ccc(F)c3cc[nH]c23)c(Cl)c2c1NC(C)(C)CC2C,7.5,CHEMBL931544,Binding affinity at mineralocorticoid receptor,2174257,B,Ki,8,=,Homo sapiens,CHEMBL257152,CHEMBL1145597,,,Homologous protein target assigned,,,,False,-1,False,False,,,7.5,,,NR3C2_IC50Ki_157,7.5,True
CHEMBL1994,CCC(CC)(c1ccc(Cl)cc1)c1nnc2c(NS(C)(=O)=O)cccn12,CCC(CC)(c1ccc(Cl)cc1)c1nnc2c(NS(C)(=O)=O)cccn12,5.230000019073486,CHEMBL4342250,Antagonist activity at mineralocorticoid receptor (unknown origin),18995770,B,IC50,9,=,Homo sapiens,CHEMBL4453875,CHEMBL4340566,,,Direct protein target assigned,,,,False,-1,False,False,,,5.230000019073486,,,NR3C2_IC50Ki_656,5.230000019073486,True
CHEMBL1994,COC(=O)C1=C(C)NC(C)=C(C(=O)OC(C)(C)C)C1c1cccc(OC)c1,COC(=O)C1=C(C)NC(C)=C(C(=O)OC(C)(C)C)C1c1cccc(OC)c1,6.050000190734863,CHEMBL1219573,Antagonist activity at mineralocorticoid receptor LBD expressed in human HUH7 cells coexpressing GAL4 by luciferase reporter gene assay,3403399,F,IC50,8,=,Homo sapiens,CHEMBL1215123,CHEMBL1212896,,Huh-7,Homologous protein target assigned,,,,False,-1,False,False,,,6.050000190734863,,,NR3C2_IC50Ki_171,6.050000190734863,True
CHEMBL1994,Cc1c(NS(C)(=O)=O)cccc1N(Cc1ccccc1)Cc1ccc(Cl)cc1F,Cc1c(NS(C)(=O)=O)cccc1N(Cc1ccccc1)Cc1ccc(Cl)cc1F,5.400000095367432,CHEMBL729161,Displacement of [3H]dexamethasone from human mineralocorticoid receptor,1289461,B,IC50,9,=,Homo sapiens,CHEMBL70381,CHEMBL1147558,,,Direct protein target assigned,,,,False,-1,False,False,,,5.400000095367432,,,NR3C2_IC50Ki_016,5.400000095367432,True
CHEMBL1994,CC(c1ccc(F)cc1)N1C(=O)OC(Cc2ccccc2)(c2nc3c(-c4cnoc4)cccc3[nH]2)C1=O,C[C@H](c1ccc(F)cc1)N1C(=O)O[C@](Cc2ccccc2)(c2nc3c(-c4cnoc4)cccc3[nH]2)C1=O,6.099999904632568,CHEMBL3578998,Antagonist activity at human mineralocorticoid receptor overexpressed in CHOK1 cells assessed as inhibition of aldosterone-induced protein interaction with coactivator peptide after 6 hrs by luminescence assay,15601433,B,IC50,9,=,Homo sapiens,CHEMBL3578296,CHEMBL3576820,,CHO-K1,Direct protein target assigned,,,,False,-1,False,False,,,6.099999904632568,,,NR3C2_IC50Ki_511,6.099999904632568,True
CHEMBL1994,Oc1cc(C(F)(F)F)c2cc3c(cc2n1)NC1CCCCC31,Oc1cc(C(F)(F)F)c2cc3c(cc2n1)N[C@@H]1CCCC[C@H]31,5.699999809265137,CHEMBL728560,Antagonistic activity against hMR in co-transfected CV-1 cell,287061,F,IC50,8,=,Homo sapiens,CHEMBL350932,CHEMBL1130772,,CV-1,Homologous protein target assigned,,,,False,-1,False,False,,,5.699999809265137,,,NR3C2_IC50Ki_048,5.699999809265137,True
CHEMBL1994,Cc1nn(CCCC(F)(F)F)c(-c2ccc(F)cc2)c1-c1ccc2c(c1)NC(=O)CO2,Cc1nn(CCCC(F)(F)F)c(-c2ccc(F)cc2)c1-c1ccc2c(c1)NC(=O)CO2;Cc1nn(CCCC(F)(F)F)c(-c2ccc(F)cc2)c1-c1ccc2c(c1)NC(=O)CO2,8.080;7.480,CHEMBL3381811;CHEMBL3381815,Displacement of [3H]aldosterone from human mineralocorticoid receptor expressed in 293 cells after 16 hrs by scintillation counting;Antagonist activity at human mineralocorticoid receptor expressed in COS1 cells after 1 day by luciferase reporter gene assay,15095250;15099899,B;B,IC50;IC50,9;9,=;=,Homo sapiens;Homo sapiens,CHEMBL3337825;CHEMBL3337825,CHEMBL3351638;CHEMBL3351638,None;None,293;COS-1,Direct protein target assigned;Direct protein target assigned,None;None,None;None,None;None,False;False,-1;-1,False;False,True,7.78,0.2999999999999998,7.78,0.2999999999999998,2.0,NR3C2_IC50Ki_852,7.78,True
CHEMBL1994,Cc1ccc2c(c1)OCC(C)(CS(C)(=O)=O)N2C(=O)c1ccc2c(c1)NC(=O)CO2,Cc1ccc2c(c1)OC[C@](C)(CS(C)(=O)=O)N2C(=O)c1ccc2c(c1)NC(=O)CO2;Cc1ccc2c(c1)OC[C@](C)(CS(C)(=O)=O)N2C(=O)c1ccc2c(c1)NC(=O)CO2,7.800;7.200,CHEMBL4423290;CHEMBL4423293,Displacement of [3H]-aldosterone to human mineralocorticoid receptor LBD by radiometric binding assay;Antagonist activity at gal4-fused human mineralocorticoid receptor LBD expressed in UAS-MR-bla HEK293 cells by luciferase reporter gene assay,19363291;19363667,B;B,Ki;IC50,9;9,=;=,Homo sapiens;Homo sapiens,CHEMBL4556735;CHEMBL4556735,CHEMBL4422622;CHEMBL4422622,None;None,None;None,Direct protein target assigned;Direct protein target assigned,None;None,None;None,None;None,False;False,-1;-1,False;False,True,7.5,0.2999999999999998,7.5,0.2999999999999998,2.0,NR3C2_IC50Ki_739,7.5,True
CHEMBL1994,CC(c1ccc(F)cc1)N1C(=O)OC(Cc2ccccc2)(c2nc3c(Cl)cccc3[nH]2)C1=O,C[C@H](c1ccc(F)cc1)N1C(=O)O[C@](Cc2ccccc2)(c2nc3c(Cl)cccc3[nH]2)C1=O,6.889999866485596,CHEMBL3578998,Antagonist activity at human mineralocorticoid receptor overexpressed in CHOK1 cells assessed as inhibition of aldosterone-induced protein interaction with coactivator peptide after 6 hrs by luminescence assay,15601437,B,IC50,9,=,Homo sapiens,CHEMBL3578292,CHEMBL3576820,,CHO-K1,Direct protein target assigned,,,,False,-1,False,False,,,6.889999866485596,,,NR3C2_IC50Ki_515,6.889999866485596,True
CHEMBL1994,CC(CN1CCOCC1)n1c(=NC(N)=O)[nH]c2cc(C=C3c4ccccc4COc4cc(F)ccc43)ccc21,C[C@H](CN1CCOCC1)n1/c(=N\C(N)=O)[nH]c2cc(/C=C3\c4ccccc4COc4cc(F)ccc43)ccc21,9.479999542236328,CHEMBL4008040,Displacement of [3H]-Aldosterone from MR overexpressed in human 293 cells measured after 2 hrs by Microbeta scintillation counting method,18033412,B,Ki,9,=,Homo sapiens,CHEMBL4088896,CHEMBL4007392,,,Direct protein target assigned,,,2.0,False,0,False,False,,,9.479999542236328,,,NR3C2_IC50Ki_635,9.479999542236328,True
CHEMBL1994,CC(c1ccccc1)N1C(=O)OC(Cc2ccccc2)(c2nnc(C3(c4ccccc4)CC3)o2)C1=O,C[C@H](c1ccccc1)N1C(=O)O[C@](Cc2ccccc2)(c2nnc(C3(c4ccccc4)CC3)o2)C1=O,7.090000152587891,CHEMBL3241715,Antagonist activity at mineralocorticoid receptor (unknown origin) by PathHunter assay,14566225,B,IC50,9,=,Homo sapiens,CHEMBL3234863,CHEMBL3232811,,,Direct protein target assigned,,,,False,-1,False,False,,,7.090000152587891,,,NR3C2_IC50Ki_480,7.090000152587891,True
CHEMBL1994,COc1ccc(F)cc1C(C)(C)CC(O)(Cc1cc2cccc(C(F)(F)F)c2[nH]1)C(F)(F)F,COc1ccc(F)cc1C(C)(C)CC(O)(Cc1cc2cccc(C(F)(F)F)c2[nH]1)C(F)(F)F,5.78000020980835,CHEMBL1913332,Displacement of tetramethylrhodamine-labeled Dexamethasone from human recombinant mineralocorticoid receptor expressed in baculovirus infected insect cells by fluorescence polarization assay,7851755,B,IC50,9,=,Homo sapiens,CHEMBL1911546,CHEMBL1909618,,,Direct protein target assigned,,,,False,-1,False,False,,,5.78000020980835,,,NR3C2_IC50Ki_283,5.78000020980835,True
CHEMBL1994,NC(=O)Nc1cc(CC(c2ccccc2)C2CC2)ccn1,NC(=O)Nc1cc(CC(c2ccccc2)C2CC2)ccn1,7.0,CHEMBL3705363,"Competitive Molecular Binding Assay: The MR competitive binding assay is based on the binding and displacement of a TAMRA-labeled Dexamethasone probe with fluorescence polarization (FP) detection. The assay is performed in 384-well, low volume NBS black plates (Corning #3676) in assay buffer consisting of 10 mM TES, pH 7.4, 50 mM KCl, 20 mM Sodium molybdate, 1.5 mM EDTA, 0.04% CHAPS, 10% Glycerol and 1 mM DTT. Full Length human mineralocorticoid receptor (hMR) present in a baculovirus infected insect cell lysate is diluted 2 fold in assay buffer and 10 μL of this dilution is added to the assay plate. Blank wells receive 10 μL of the diluted MR lysate containing 3 μM Dexamethasone. 2 μL diluted test compound is transferred to the assay plate for a final starting top concentration of 10 μM in 1% DMSO. The reaction is started by adding 3 μL of 25 nM probe in assay buffer for a final assay concentration of 5 nM.",17633080,B,IC50,9,=,Homo sapiens,CHEMBL3643678,CHEMBL3638806,,,Direct protein target assigned,,,,False,-1,False,False,,,7.0,,,NR3C2_IC50Ki_580,7.0,True
CHEMBL1994,CC(C)C1CC(c2ccc(C(=O)O)cc2)=NN1c1ccc(C#N)c(Cl)c1,CC(C)C1CC(c2ccc(C(=O)O)cc2)=NN1c1ccc(C#N)c(Cl)c1,6.420000076293945,CHEMBL1219662,Antagonist activity at Gal4-tagged mineralocorticoid receptor expressed in human Huh7 cells by luciferase reporter gene assay,3403561,F,IC50,8,=,Homo sapiens,CHEMBL1215053,CHEMBL1212897,,Huh-7,Homologous protein target assigned,,,,False,-1,False,False,,,6.420000076293945,,,NR3C2_IC50Ki_225,6.420000076293945,True
CHEMBL1994,CC1=CC(C)(C)Nc2ccc3c(c21)C(=Cc1ccncc1C)Oc1ccc(F)cc1-3,CC1=CC(C)(C)Nc2ccc3c(c21)/C(=C/c1ccncc1C)Oc1ccc(F)cc1-3,6.440000057220459,CHEMBL729167,Inhibitory activity against human Mineralocorticoid receptor,53680,B,IC50,9,=,Homo sapiens,CHEMBL130141,CHEMBL1145087,,,Direct protein target assigned,,,,False,-1,False,False,,,6.440000057220459,,,NR3C2_IC50Ki_026,6.440000057220459,True
CHEMBL1994,CC(C)(c1ccccc1)c1ccc(NS(C)(=O)=O)cc1,CC(C)(c1ccccc1)c1ccc(NS(C)(=O)=O)cc1,6.130000114440918,CHEMBL5136122,Displacement of [3H]-aldosterone from recombinant human mineralocorticoid receptor expressed in baculovirus infected insect cells incubated overnight by liquid scintillation counting analysis,24808023,B,Ki,9,=,Homo sapiens,CHEMBL5201004,CHEMBL5131538,,,Direct protein target assigned,,,,False,-1,False,False,,,6.130000114440918,,,NR3C2_IC50Ki_689,6.130000114440918,True
CHEMBL1994,CCC(Cc1ccc(OC)c(C)c1C)NS(=O)(=O)c1c(C)cc(C)cc1C,CCC(Cc1ccc(OC)c(C)c1C)NS(=O)(=O)c1c(C)cc(C)cc1C,6.480000019073486,CHEMBL3097675,Inhibition of mineralocorticoid receptor (unknown origin) expressed in baculovirus-infected insect cells by fluorescence polarization assay,13858118,B,IC50,9,=,Homo sapiens,CHEMBL3094481,CHEMBL3091417,,,Direct protein target assigned,,,,False,-1,False,False,,,6.480000019073486,,,NR3C2_IC50Ki_437,6.480000019073486,True
CHEMBL1994,N#Cc1ccc(N2N=C(c3ccc(C(=O)O)cc3)CC2C2CCCC2)cc1Cl,N#Cc1ccc(N2N=C(c3ccc(C(=O)O)cc3)CC2C2CCCC2)cc1Cl;N#Cc1ccc(N2N=C(c3ccc(C(=O)O)cc3)C[C@@H]2C2CCCC2)cc1Cl,7.270;7.800,CHEMBL1219662;CHEMBL1219662,Antagonist activity at Gal4-tagged mineralocorticoid receptor expressed in human Huh7 cells by luciferase reporter gene assay;Antagonist activity at Gal4-tagged mineralocorticoid receptor expressed in human Huh7 cells by luciferase reporter gene assay,3403563;3403564,F;F,IC50;IC50,8;8,=;=,Homo sapiens;Homo sapiens,CHEMBL1215126;CHEMBL1215127,CHEMBL1212897;CHEMBL1212897,None;None,Huh-7;Huh-7,Homologous protein target assigned;Homologous protein target assigned,None;None,None;None,None;None,False;False,-1;-1,False;False,True,7.535,0.2650000000000001,7.535,0.2650000000000001,2.0,NR3C2_IC50Ki_834,7.535,True
CHEMBL1994,CC(c1ccccc1)N1C(=O)OC(Cc2ccccc2)(C(=O)NCc2cccc(S(C)(=O)=O)c2)C1=O,C[C@H](c1ccccc1)N1C(=O)O[C@](Cc2ccccc2)(C(=O)NCc2cccc(S(C)(=O)=O)c2)C1=O,5.519999980926514,CHEMBL2411354,Antagonist activity at human mineralocorticoid receptor assessed as inhibition of binding to coactivator peptide by NH Pro assay,13393541,B,IC50,9,=,Homo sapiens,CHEMBL2407676,CHEMBL2407028,,,Direct protein target assigned,,,,False,-1,False,False,,,5.519999980926514,,,NR3C2_IC50Ki_364,5.519999980926514,True
CHEMBL1994,COc1cc(C(=O)O)ccc1C1=NN(c2ccc(C#N)c(Cl)c2)C(C2CCCC2)C1,COc1cc(C(=O)O)ccc1C1=NN(c2ccc(C#N)c(Cl)c2)[C@@H](C2CCCC2)C1,8.699999809265137,CHEMBL1219662,Antagonist activity at Gal4-tagged mineralocorticoid receptor expressed in human Huh7 cells by luciferase reporter gene assay,3403568,F,IC50,8,=,Homo sapiens,CHEMBL1215196,CHEMBL1212897,,Huh-7,Homologous protein target assigned,,,,False,-1,False,False,,,8.699999809265137,,,NR3C2_IC50Ki_229,8.699999809265137,True
CHEMBL1994,COc1cccc2c1-c1ccc(NS(C)(=O)=O)cc1C(c1cc(C)cc(C)c1)O2,COc1cccc2c1-c1ccc(NS(C)(=O)=O)cc1C(c1cc(C)cc(C)c1)O2,5.909999847412109,CHEMBL728558,Displacement of [3H]aldosterone from human Mineralocorticoid receptor,598592,B,IC50,9,=,Homo sapiens,CHEMBL293452,CHEMBL1147539,,,Direct protein target assigned,,,,False,-1,False,False,,,5.909999847412109,,,NR3C2_IC50Ki_037,5.909999847412109,True
CHEMBL1994,Cc1nn(CC(C)C)c(-c2ccc(F)cc2)c1-c1ccc2c(c1)NC(=O)CO2,Cc1nn(CC(C)C)c(-c2ccc(F)cc2)c1-c1ccc2c(c1)NC(=O)CO2;Cc1nn(CC(C)C)c(-c2ccc(F)cc2)c1-c1ccc2c(c1)NC(=O)CO2,7.220;7.310,CHEMBL3381811;CHEMBL3381815,Displacement of [3H]aldosterone from human mineralocorticoid receptor expressed in 293 cells after 16 hrs by scintillation counting;Antagonist activity at human mineralocorticoid receptor expressed in COS1 cells after 1 day by luciferase reporter gene assay,15095249;15099898,B;B,IC50;IC50,9;9,=;=,Homo sapiens;Homo sapiens,CHEMBL3337824;CHEMBL3337824,CHEMBL3351638;CHEMBL3351638,None;None,293;COS-1,Direct protein target assigned;Direct protein target assigned,None;None,None;None,None;None,False;False,-1;-1,False;False,True,7.265,0.0449999999999999,7.265,0.0449999999999999,2.0,NR3C2_IC50Ki_847,7.265,True
CHEMBL1994,O=C1OC(Cc2ccccc2)(C(=O)NCc2ccccc2)C(=O)N1Cc1ccccc1,O=C1O[C@](Cc2ccccc2)(C(=O)NCc2ccccc2)C(=O)N1Cc1ccccc1,5.21999979019165,CHEMBL2411354,Antagonist activity at human mineralocorticoid receptor assessed as inhibition of binding to coactivator peptide by NH Pro assay,13393556,B,IC50,9,=,Homo sapiens,CHEMBL2407661,CHEMBL2407028,,,Direct protein target assigned,,,,False,-1,False,False,,,5.21999979019165,,,NR3C2_IC50Ki_374,5.21999979019165,True
CHEMBL1994,CC(c1ccccc1)N1C(=O)OC(Cc2ccccc2)(c2nnc(Cc3ccccc3)[nH]2)C1=O,C[C@H](c1ccccc1)N1C(=O)O[C@](Cc2ccccc2)(c2nnc(Cc3ccccc3)[nH]2)C1=O,6.179999828338623,CHEMBL3241715,Antagonist activity at mineralocorticoid receptor (unknown origin) by PathHunter assay,14566214,B,IC50,9,=,Homo sapiens,CHEMBL3234852,CHEMBL3232811,,,Direct protein target assigned,,,,False,-1,False,False,,,6.179999828338623,,,NR3C2_IC50Ki_469,6.179999828338623,True
CHEMBL1994,Cc1nn(CCCCO)c(-c2ccc(F)cc2)c1-c1ccc2c(c1)NC(=O)CO2,Cc1nn(CCCCO)c(-c2ccc(F)cc2)c1-c1ccc2c(c1)NC(=O)CO2;Cc1nn(CCCCO)c(-c2ccc(F)cc2)c1-c1ccc2c(c1)NC(=O)CO2,7.120;6.890,CHEMBL3381811;CHEMBL3381815,Displacement of [3H]aldosterone from human mineralocorticoid receptor expressed in 293 cells after 16 hrs by scintillation counting;Antagonist activity at human mineralocorticoid receptor expressed in COS1 cells after 1 day by luciferase reporter gene assay,15095244;15099893,B;B,IC50;IC50,9;9,=;=,Homo sapiens;Homo sapiens,CHEMBL3337734;CHEMBL3337734,CHEMBL3351638;CHEMBL3351638,None;None,293;COS-1,Direct protein target assigned;Direct protein target assigned,None;None,None;None,None;None,False;False,-1;-1,False;False,True,7.005,0.1150000000000002,7.005,0.1150000000000002,2.0,NR3C2_IC50Ki_849,7.005,True
CHEMBL1994,O=C1COc2ccc(C=C(c3ccccc3)c3ccc(F)cc3F)cc2N1,O=C1COc2ccc(/C=C(\c3ccccc3)c3ccc(F)cc3F)cc2N1;O=C1COc2ccc(/C=C(\c3ccccc3)c3ccc(F)cc3F)cc2N1,5.800;7.260,CHEMBL3776776;CHEMBL3776777,Antagonist activity against 6xHis-MBP-fused human MR LBD domain (732 to 984 amino acid residues) C808S mutant expressed in Escherichia coli BL21(DE3) assessed as inhibition of aldosterone-mediated receptor activation after 16 hrs by luciferase assay;Displacement of 3H-Cortisol from 6xHis-MBP-fused human MR LBD domain (732 to 984 amino acid residues) C808S mutant expressed in Escherichia coli BL21(DE3) preincubated for 1 hr measured after 30 mins by microbeta plate reader analysis,16506591;16506562,B;B,IC50;Ki,9;9,=;=,Homo sapiens;Homo sapiens,CHEMBL3774512;CHEMBL3774512,CHEMBL3774336;CHEMBL3774336,None;None,None;None,Direct protein target assigned;Direct protein target assigned,C808S;C808S,None;None,None;None,False;False,-1;-1,False;False,True,6.529999999999999,0.73,6.529999999999999,0.73,2.0,NR3C2_IC50Ki_735,6.529999999999999,True
CHEMBL1994,CCCCC1=C(C(=O)OC)C(c2ccccc2Cl)C(C#N)=C(C)N1,CCCCC1=C(C(=O)OC)C(c2ccccc2Cl)C(C#N)=C(C)N1,7.239999771118164,CHEMBL1219573,Antagonist activity at mineralocorticoid receptor LBD expressed in human HUH7 cells coexpressing GAL4 by luciferase reporter gene assay,3403423,F,IC50,8,=,Homo sapiens,CHEMBL1215480,CHEMBL1212896,,Huh-7,Homologous protein target assigned,,,,False,-1,False,False,,,7.239999771118164,,,NR3C2_IC50Ki_194,7.239999771118164,True
CHEMBL1994,Cc1noc(=O)c2ccc(NC(=O)C(O)(CC(C)(C)c3cc(F)ccc3O)C(F)(F)F)cc12,Cc1noc(=O)c2ccc(NC(=O)C(O)(CC(C)(C)c3cc(F)ccc3O)C(F)(F)F)cc12;Cc1noc(=O)c2ccc(NC(=O)C(O)(CC(C)(C)c3cc(F)ccc3O)C(F)(F)F)cc12,7.390;8.900,CHEMBL880258;CHEMBL1261748,Binding affinity towards mineralocorticoid receptor using fluorescence polarization competitive binding assay;Binding affinity to human recombinant mineralocorticoid receptor expressed in baculovirus infected Sf9 cells,1601013;3514677,B;B,IC50;IC50,9;9,=;=,Homo sapiens;Homo sapiens,CHEMBL196374;CHEMBL196374,CHEMBL1143464;CHEMBL1255506,None;None,None;Sf9,Direct protein target assigned;Direct protein target assigned,None;None,None;None,None;None,False;False,-1;-1,False;False,True,8.145,0.7550000000000003,8.145,0.7550000000000003,2.0,NR3C2_IC50Ki_750,8.145,True
CHEMBL1994,CC1CN(c2ncc3c(n2)NC(=O)CO3)C(c2ccccc2)CO1,C[C@@H]1CN(c2ncc3c(n2)NC(=O)CO3)[C@H](c2ccccc2)CO1;C[C@@H]1CN(c2ncc3c(n2)NC(=O)CO3)[C@H](c2ccccc2)CO1,6.950;6.580,CHEMBL4028141;CHEMBL4028145,Displacement of [3H]-aldosterone from human GST-tagged MR ligand binding domain after 4 hrs by liquid scintillation counting;Antagonist activity at human GAL4-DBD fused MR ligand binding domain transfected in human Huh7 cells co-expressing GAL4-RE-Luc assessed as reduction in aldosterone-induced luciferase activity after 16 hrs in presence of serum by luciferase reporter gene assay,18126807;18126792,B;B,IC50;IC50,9;9,=;=,Homo sapiens;Homo sapiens,CHEMBL4079143;CHEMBL4079143,CHEMBL4024791;CHEMBL4024791,None;None,None;None,Direct protein target assigned;Direct protein target assigned,None;None,None;None,None;None,False;False,-1;-1,False;False,True,6.765000000000001,0.185,6.765000000000001,0.185,2.0,NR3C2_IC50Ki_759,6.765000000000001,True
CHEMBL1994,COc1nc(C2=NN(c3ccc(C#N)c(C)n3)C(C3CCCC3)C2)ccc1C(=O)NS(C)(=O)=O,COc1nc(C2=NN(c3ccc(C#N)c(C)n3)[C@@H](C3CCCC3)C2)ccc1C(=O)NS(C)(=O)=O,8.390000343322754,CHEMBL3265996,Antagonist activity at mineralocorticoid receptor (unknown origin) by Gal4-based cellular assay,14659191,B,IC50,9,=,Homo sapiens,CHEMBL3263767,CHEMBL3259597,,,Direct protein target assigned,,,,False,-1,False,False,,,8.390000343322754,,,NR3C2_IC50Ki_503,8.390000343322754,True
CHEMBL1994,Cc1nn(CCC#N)c(-c2ccc(F)cc2)c1-c1ccc2c(c1)NC(=O)CO2,Cc1nn(CCC#N)c(-c2ccc(F)cc2)c1-c1ccc2c(c1)NC(=O)CO2;Cc1nn(CCC#N)c(-c2ccc(F)cc2)c1-c1ccc2c(c1)NC(=O)CO2,6.280;6.310,CHEMBL3381811;CHEMBL3381815,Displacement of [3H]aldosterone from human mineralocorticoid receptor expressed in 293 cells after 16 hrs by scintillation counting;Antagonist activity at human mineralocorticoid receptor expressed in COS1 cells after 1 day by luciferase reporter gene assay,15095253;15099901,B;B,IC50;IC50,9;9,=;=,Homo sapiens;Homo sapiens,CHEMBL3337828;CHEMBL3337828,CHEMBL3351638;CHEMBL3351638,None;None,293;COS-1,Direct protein target assigned;Direct protein target assigned,None;None,None;None,None;None,False;False,-1;-1,False;False,True,6.295,0.0149999999999996,6.295,0.0149999999999996,2.0,NR3C2_IC50Ki_851,6.295,True
CHEMBL1994,Cc1cc(F)ccc1CCc1ccnc(NC(N)=O)c1,Cc1cc(F)ccc1CCc1ccnc(NC(N)=O)c1;Cc1cc(F)ccc1CCc1ccnc(NC(N)=O)c1,8.330;7.510,CHEMBL3705363;CHEMBL4008028,"Competitive Molecular Binding Assay: The MR competitive binding assay is based on the binding and displacement of a TAMRA-labeled Dexamethasone probe with fluorescence polarization (FP) detection. The assay is performed in 384-well, low volume NBS black plates (Corning #3676) in assay buffer consisting of 10 mM TES, pH 7.4, 50 mM KCl, 20 mM Sodium molybdate, 1.5 mM EDTA, 0.04% CHAPS, 10% Glycerol and 1 mM DTT. Full Length human mineralocorticoid receptor (hMR) present in a baculovirus infected insect cell lysate is diluted 2 fold in assay buffer and 10 μL of this dilution is added to the assay plate. Blank wells receive 10 μL of the diluted MR lysate containing 3 μM Dexamethasone. 2 μL diluted test compound is transferred to the assay plate for a final starting top concentration of 10 μM in 1% DMSO. The reaction is started by adding 3 μL of 25 nM probe in assay buffer for a final assay concentration of 5 nM.;Antagonist activity at Gal4-fused human MR LBD expressed in HEK293T cells assessed as inhibition of aldosterone-induced transactivation activity after 18 hrs by luciferase reporter gene assay",17633092;18033352,B;B,IC50;IC50,9;9,=;=,Homo sapiens;Homo sapiens,CHEMBL3643690;CHEMBL3643690,CHEMBL3638806;CHEMBL4007392,None;None,None;HEK-293T,Direct protein target assigned;Direct protein target assigned,None;None,None;None,None;None,False;False,-1;-1,False;False,True,7.92,0.4100000000000001,7.92,0.4100000000000001,2.0,NR3C2_IC50Ki_731,7.92,True
CHEMBL1994,CC(Cc1ccnc(NC(N)=O)c1)c1ccccc1,CC(Cc1ccnc(NC(N)=O)c1)c1ccccc1,7.480000019073486,CHEMBL3705363,"Competitive Molecular Binding Assay: The MR competitive binding assay is based on the binding and displacement of a TAMRA-labeled Dexamethasone probe with fluorescence polarization (FP) detection. The assay is performed in 384-well, low volume NBS black plates (Corning #3676) in assay buffer consisting of 10 mM TES, pH 7.4, 50 mM KCl, 20 mM Sodium molybdate, 1.5 mM EDTA, 0.04% CHAPS, 10% Glycerol and 1 mM DTT. Full Length human mineralocorticoid receptor (hMR) present in a baculovirus infected insect cell lysate is diluted 2 fold in assay buffer and 10 μL of this dilution is added to the assay plate. Blank wells receive 10 μL of the diluted MR lysate containing 3 μM Dexamethasone. 2 μL diluted test compound is transferred to the assay plate for a final starting top concentration of 10 μM in 1% DMSO. The reaction is started by adding 3 μL of 25 nM probe in assay buffer for a final assay concentration of 5 nM.",17633079,B,IC50,9,=,Homo sapiens,CHEMBL3643677,CHEMBL3638806,,,Direct protein target assigned,,,,False,-1,False,False,,,7.480000019073486,,,NR3C2_IC50Ki_579,7.480000019073486,True
CHEMBL1994,Cc1nn(CCCO)c(-c2ccc(F)cc2)c1-c1ccc2c(c1)NC(=O)CO2,Cc1nn(CCCO)c(-c2ccc(F)cc2)c1-c1ccc2c(c1)NC(=O)CO2;Cc1nn(CCCO)c(-c2ccc(F)cc2)c1-c1ccc2c(c1)NC(=O)CO2,6.360;6.170,CHEMBL3381811;CHEMBL3381815,Displacement of [3H]aldosterone from human mineralocorticoid receptor expressed in 293 cells after 16 hrs by scintillation counting;Antagonist activity at human mineralocorticoid receptor expressed in COS1 cells after 1 day by luciferase reporter gene assay,15095243;15099892,B;B,IC50;IC50,9;9,=;=,Homo sapiens;Homo sapiens,CHEMBL3337733;CHEMBL3337733,CHEMBL3351638;CHEMBL3351638,None;None,293;COS-1,Direct protein target assigned;Direct protein target assigned,None;None,None;None,None;None,False;False,-1;-1,False;False,True,6.265000000000001,0.0950000000000002,6.265000000000001,0.0950000000000002,2.0,NR3C2_IC50Ki_850,6.265000000000001,True
CHEMBL1994,Cn1c(C#N)ccc1-c1ccc2c(c1)C(c1cccs1)(c1cccs1)OCC(=O)N2,Cn1c(C#N)ccc1-c1ccc2c(c1)C(c1cccs1)(c1cccs1)OCC(=O)N2,5.639999866485596,CHEMBL983683,Antagonist activity at mineralocorticoid receptor by Gal4-DNA binding domain-hormone receptor LBD one-hybrid assay,2369876,B,IC50,8,=,Homo sapiens,CHEMBL520169,CHEMBL1144156,,,Homologous protein target assigned,,,,False,-1,False,False,,,5.639999866485596,,,NR3C2_IC50Ki_162,5.639999866485596,True
CHEMBL1994,CC1=C(C#N)C(c2cccc3c2-c2ccccc2C3=O)C(C(=O)OC(C)C)=C(C)N1,CC1=C(C#N)C(c2cccc3c2-c2ccccc2C3=O)C(C(=O)OC(C)C)=C(C)N1,7.639999866485596,CHEMBL4008023,Antagonist activity at Gal4-fused human MR LBD (734 to 985 residues) expressed in CHO-K1 cells after 5 to 6 hrs by luciferase reporter gene assay,18033279,B,IC50,9,=,Homo sapiens,CHEMBL4099077,CHEMBL4007392,,,Direct protein target assigned,,,,False,-1,False,False,,,7.639999866485596,,,NR3C2_IC50Ki_621,7.639999866485596,True
CHEMBL1994,COCC1(OC)CCC2C3CCC4=CC(=O)CCC4=C3C(c3ccc(C=NO)cc3)CC21C,COC[C@]1(OC)CC[C@H]2[C@@H]3CCC4=CC(=O)CCC4=C3[C@@H](c3ccc(/C=N/O)cc3)C[C@@]21C,5.800000190734863,CHEMBL935183,Antagonist activity at human MR ligand binding domain expressed in african green monkey COS7 cells in presence of aldosterone by Gal4 hybrid assay,2120101,B,IC50,9,=,Homo sapiens,CHEMBL267431,CHEMBL1144664,,COS-7,Direct protein target assigned,,,3.0,False,0,False,False,,,5.800000190734863,,,NR3C2_IC50Ki_152,5.800000190734863,True
CHEMBL1994,CC12CCC3C4CCC(=O)C=C4C=CC3C1CCC21C=CCO1,C[C@]12CC[C@H]3[C@@H](C=CC4=CC(=O)CC[C@@H]43)[C@@H]1CC[C@@]21C=CCO1,7.039999961853027,CHEMBL3706043,"Receptor Binding Assay: Using cytosol from progesterone receptor-expressing insect cells (Hi5), competitive binding to the progesterone receptor was determined from the ability to displace 3H-progesterone as reference substance from the receptor. If a compound has an affinity corresponding to progesterone, this corresponds to a competition factor (CF) of 1. CF values greater than 1 are characterized by a lower affinity for the progesterone receptor, and CF values of less than 1 are characterized by higher affinity. The test was carried out as test above, with the following modifications: cytosol from mineralocorticoid receptor-expressing insect cells (Hi5) was used, and the reference substance was 3H-aldosterone.",17681969,B,IC50,9,=,Homo sapiens,CHEMBL3692346,CHEMBL3638672,,,Direct protein target assigned,,,,False,-1,False,False,,,7.039999961853027,,,NR3C2_IC50Ki_603,7.039999961853027,True
CHEMBL1994,CC1=C(C#N)C(c2cccc3c(=O)cc(C)oc23)C(C(=O)OC(C)C)=C(C)N1,CC1=C(C#N)C(c2cccc3c(=O)cc(C)oc23)C(C(=O)OC(C)C)=C(C)N1,6.800000190734863,CHEMBL4008023,Antagonist activity at Gal4-fused human MR LBD (734 to 985 residues) expressed in CHO-K1 cells after 5 to 6 hrs by luciferase reporter gene assay,18033278,B,IC50,9,=,Homo sapiens,CHEMBL4084504,CHEMBL4007392,,,Direct protein target assigned,,,,False,-1,False,False,,,6.800000190734863,,,NR3C2_IC50Ki_620,6.800000190734863,True
CHEMBL1994,CCC(c1ccc(Cl)cc1)(c1noc(C2CC2)n1)n1ccc2c(NS(C)(=O)=O)cccc21,CC[C@@](c1ccc(Cl)cc1)(c1noc(C2CC2)n1)n1ccc2c(NS(C)(=O)=O)cccc21,7.480000019073486,CHEMBL4717253,Antagonist activity at human full-length MCR assessed as inhibition of receptor binding to co-activator peptide by PathHunter assay,22825194,B,IC50,9,=,Homo sapiens,CHEMBL4764165,CHEMBL4715716,,,Direct protein target assigned,,,,False,-1,False,False,,,7.480000019073486,,,NR3C2_IC50Ki_666,7.480000019073486,True
CHEMBL1994,CC(Cc1c[nH]c2ccccc12)NS(=O)(=O)c1c(Cl)cccc1Cl,CC(Cc1c[nH]c2ccccc12)NS(=O)(=O)c1c(Cl)cccc1Cl,5.800000190734863,CHEMBL890123,Inhibition of human MR,1959087,B,IC50,9,=,Homo sapiens,CHEMBL233660,CHEMBL1146304,,,Direct protein target assigned,,,,False,-1,False,False,,,5.800000190734863,,,NR3C2_IC50Ki_111,5.800000190734863,True
CHEMBL1994,CC(C)CC1CC(c2ccc(C(=O)O)cc2)=NN1c1ccc(C#N)cc1,CC(C)CC1CC(c2ccc(C(=O)O)cc2)=NN1c1ccc(C#N)cc1,5.599999904632568,CHEMBL1219662,Antagonist activity at Gal4-tagged mineralocorticoid receptor expressed in human Huh7 cells by luciferase reporter gene assay,3403562,F,IC50,8,=,Homo sapiens,CHEMBL1215054,CHEMBL1212897,,Huh-7,Homologous protein target assigned,,,,False,-1,False,False,,,5.599999904632568,,,NR3C2_IC50Ki_226,5.599999904632568,True
CHEMBL1994,CC(=O)SC1CC2=CC(=O)CCC2(C)C2CCC3(C)C(CCC34CCC(=O)O4)C12,CC(=O)S[C@@H]1CC2=CC(=O)CC[C@]2(C)[C@H]2CC[C@@]3(C)[C@@H](CC[C@@]34CCC(=O)O4)[C@H]12;CC(=O)S[C@@H]1CC2=CC(=O)CC[C@]2(C)[C@H]2CC[C@@]3(C)[C@@H](CC[C@@]34CCC(=O)O4)[C@H]12;CC(=O)S[C@@H]1CC2=CC(=O)CC[C@]2(C)[C@H]2CC[C@@]3(C)[C@@H](CC[C@@]34CCC(=O)O4)[C@H]12;CC(=O)S[C@@H]1CC2=CC(=O)CC[C@]2(C)[C@H]2CC[C@@]3(C)[C@@H](CC[C@@]34CCC(=O)O4)[C@H]12;CC(=O)S[C@@H]1CC2=CC(=O)CC[C@]2(C)[C@H]2CC[C@@]3(C)[C@@H](CC[C@@]34CCC(=O)O4)[C@H]12;CC(=O)S[C@@H]1CC2=CC(=O)CC[C@]2(C)[C@H]2CC[C@@]3(C)[C@@H](CC[C@@]34CCC(=O)O4)[C@H]12;CC(=O)S[C@@H]1CC2=CC(=O)CC[C@]2(C)[C@H]2CC[C@@]3(C)[C@@H](CC[C@@]34CCC(=O)O4)[C@H]12;CC(=O)S[C@@H]1CC2=CC(=O)CC[C@]2(C)[C@H]2CC[C@@]3(C)[C@@H](CC[C@@]34CCC(=O)O4)[C@H]12;CC(=O)S[C@@H]1CC2=CC(=O)CC[C@]2(C)[C@H]2CC[C@@]3(C)[C@@H](CC[C@@]34CCC(=O)O4)[C@H]12;CC(=O)S[C@@H]1CC2=CC(=O)CC[C@]2(C)[C@H]2CC[C@@]3(C)[C@@H](CC[C@@]34CCC(=O)O4)[C@H]12;CC(=O)S[C@@H]1CC2=CC(=O)CC[C@]2(C)[C@H]2CC[C@@]3(C)[C@@H](CC[C@@]34CCC(=O)O4)[C@H]12,8.630;8.800;7.890;7.310;7.220;7.960;8.300;7.300;7.120;8.020;8.060,CHEMBL902628;CHEMBL1111215;CHEMBL1219662;CHEMBL1929756;CHEMBL1929764;CHEMBL2411354;CHEMBL4423290;CHEMBL4423293;CHEMBL5106953;CHEMBL5136122;CHEMBL5136136,Binding affinity to human mineralocorticoid receptor;Antagonist activity at mineralocorticoid receptor ligand binding domain expressed in african green monkey COS7 cells co-transfected with Gal4-LBD by luciferase reporter gene assay;Antagonist activity at Gal4-tagged mineralocorticoid receptor expressed in human Huh7 cells by luciferase reporter gene assay;Displacement of [3H]aldosterone from cytosolic human MR expressed in HEK293 cells after 16 hrs by scintillation counting;Antagonist activity at human MR transfected in human COS1 cells after 1 day by luciferase reporter gene assay;Antagonist activity at human mineralocorticoid receptor assessed as inhibition of binding to coactivator peptide by NH Pro assay;Displacement of [3H]-aldosterone to human mineralocorticoid receptor LBD by radiometric binding assay;Antagonist activity at gal4-fused human mineralocorticoid receptor LBD expressed in UAS-MR-bla HEK293 cells by luciferase reporter gene assay;Antagonist activity at mineralocorticoid receptor (unknown origin) transfected in PC-3 cells assessed as inhibition of aldosterone-stimulated transcriptional activity after 3 days by dual luciferase reporter assay;Displacement of [3H]-aldosterone from recombinant human mineralocorticoid receptor expressed in baculovirus infected insect cells incubated overnight by liquid scintillation counting analysis;Antagonist activity at human wild-type mineralocorticoid receptor expressed in CHO-K1 cells assessed as inhibition of aldosterone-induced transcriptional activity incubated for 24 hrs in presence of 1 nM aldosterone by Steady-Glo reagent based reporter gene assay,2008173;3224290;3403606;7970151;7970232;13393481;19363717;19363718;24697149;24808037;24808080,B;B;F;B;F;B;B;B;B;B;B,Ki;IC50;IC50;IC50;IC50;IC50;Ki;IC50;IC50;IC50;IC50,9;8;8;9;9;9;9;9;9;9;9,=;=;=;=;=;=;=;=;=;=;=,Homo sapiens;Homo sapiens;Homo sapiens;Homo sapiens;Homo sapiens;Homo sapiens;Homo sapiens;Homo sapiens;Homo sapiens;Homo sapiens;Homo sapiens,CHEMBL1393;CHEMBL1393;CHEMBL1393;CHEMBL1393;CHEMBL1393;CHEMBL1393;CHEMBL1393;CHEMBL1393;CHEMBL1393;CHEMBL1393;CHEMBL1393,CHEMBL1138341;CHEMBL1154793;CHEMBL1212897;CHEMBL1926625;CHEMBL1926625;CHEMBL2407028;CHEMBL4422622;CHEMBL4422622;CHEMBL5104187;CHEMBL5131538;CHEMBL5131538,None;None;None;None;None;None;None;None;None;None;None,None;COS-7;Huh-7;HEK293;COS-1;None;None;None;PC-3;None;CHO-K1,Direct protein target assigned;Homologous protein target assigned;Homologous protein target assigned;Direct protein target assigned;Direct protein target assigned;Direct protein target assigned;Direct protein target assigned;Direct protein target assigned;Direct protein target assigned;Direct protein target assigned;Direct protein target assigned,None;None;None;None;None;None;None;None;None;None;None,Diuretic; Aldosterone Antagonist;Diuretic; Aldosterone Antagonist;Diuretic; Aldosterone Antagonist;Diuretic; Aldosterone Antagonist;Diuretic; Aldosterone Antagonist;Diuretic; Aldosterone Antagonist;Diuretic; Aldosterone Antagonist;Diuretic; Aldosterone Antagonist;Diuretic; Aldosterone Antagonist;Diuretic; Aldosterone Antagonist;Diuretic; Aldosterone Antagonist,4.0;4.0;4.0;4.0;4.0;4.0;4.0;4.0;4.0;4.0;4.0,True;True;True;True;True;True;True;True;True;True;True,0;0;0;0;0;0;0;0;0;0;0,False;False;False;False;False;False;False;False;False;False;False,True,7.873636363636364,0.549202276484601,7.96,0.6500000000000004,11.0,NR3C2_IC50Ki_711,7.96,True
CHEMBL1994,O=c1[nH]c(N2CCC(c3ccccc3)CC2)c(Cc2ccccc2)c(=O)[nH]1,O=c1[nH]c(N2CCC(c3ccccc3)CC2)c(Cc2ccccc2)c(=O)[nH]1,6.03000020980835,CHEMBL890431,Displacement of [3H]aldosterone from mineralocorticoid receptor expressed in Sf9 cells,1909947,B,Ki,8,=,Homo sapiens,CHEMBL230675,CHEMBL1146208,,Sf9,Homologous protein target assigned,,,,False,-1,False,False,,,6.03000020980835,,,NR3C2_IC50Ki_103,6.03000020980835,True
CHEMBL1994,Cc1cc(C)c(S(=O)(=O)NC(Cn2ccc3ccccc32)C(F)(F)F)c(C)c1,Cc1cc(C)c(S(=O)(=O)NC(Cn2ccc3ccccc32)C(F)(F)F)c(C)c1,6.920000076293945,CHEMBL3096917,Binding affinity to mineralocorticoid receptor (unknown origin) by fluorescence polarization competitive binding assay,13845369,B,IC50,9,=,Homo sapiens,CHEMBL3093454,CHEMBL3091451,,,Direct protein target assigned,,,,False,-1,False,False,,,6.920000076293945,,,NR3C2_IC50Ki_421,6.920000076293945,True
CHEMBL1994,Cc1cc(C)c(S(=O)(=O)NC(Cc2c[nH]c3cccc(C#N)c23)C(F)(F)F)c(C)c1,Cc1cc(C)c(S(=O)(=O)NC(Cc2c[nH]c3cccc(C#N)c23)C(F)(F)F)c(C)c1,6.769999980926514,CHEMBL3096917,Binding affinity to mineralocorticoid receptor (unknown origin) by fluorescence polarization competitive binding assay,13845365,B,IC50,9,=,Homo sapiens,CHEMBL3093449,CHEMBL3091451,,,Direct protein target assigned,,,,False,-1,False,False,,,6.769999980926514,,,NR3C2_IC50Ki_419,6.769999980926514,True
CHEMBL1994,COc1ccccc1CCc1ccnc(NC(N)=O)c1,COc1ccccc1CCc1ccnc(NC(N)=O)c1,7.599999904632568,CHEMBL3705363,"Competitive Molecular Binding Assay: The MR competitive binding assay is based on the binding and displacement of a TAMRA-labeled Dexamethasone probe with fluorescence polarization (FP) detection. The assay is performed in 384-well, low volume NBS black plates (Corning #3676) in assay buffer consisting of 10 mM TES, pH 7.4, 50 mM KCl, 20 mM Sodium molybdate, 1.5 mM EDTA, 0.04% CHAPS, 10% Glycerol and 1 mM DTT. Full Length human mineralocorticoid receptor (hMR) present in a baculovirus infected insect cell lysate is diluted 2 fold in assay buffer and 10 μL of this dilution is added to the assay plate. Blank wells receive 10 μL of the diluted MR lysate containing 3 μM Dexamethasone. 2 μL diluted test compound is transferred to the assay plate for a final starting top concentration of 10 μM in 1% DMSO. The reaction is started by adding 3 μL of 25 nM probe in assay buffer for a final assay concentration of 5 nM.",17633086,B,IC50,9,=,Homo sapiens,CHEMBL3643684,CHEMBL3638806,,,Direct protein target assigned,,,,False,-1,False,False,,,7.599999904632568,,,NR3C2_IC50Ki_586,7.599999904632568,True
CHEMBL1994,COc1c(O)ccc2c1-c1ccc3c(c1C(=Cc1sccc1C(O)C(F)(F)F)O2)C(C)=CC(C)(C)N3,COc1c(O)ccc2c1-c1ccc3c(c1/C(=C/c1sccc1C(O)C(F)(F)F)O2)C(C)=CC(C)(C)N3,6.170000076293945,CHEMBL896164,Binding affinity to MR,1926539,B,Ki,8,=,Homo sapiens,CHEMBL243656,CHEMBL1148778,,,Homologous protein target assigned,,,,False,-1,False,False,,,6.170000076293945,,,NR3C2_IC50Ki_119,6.170000076293945,True
CHEMBL1994,COc1cccc2c1-c1ccc3c(c1C(c1ccccc1)O2)C(C)=CC(C)(C)N3,COc1cccc2c1-c1ccc3c(c1C(c1ccccc1)O2)C(C)=CC(C)(C)N3,5.769999980926514,CHEMBL844554,Binding affinity for mineralocorticoid receptor,1038669,B,Ki,9,=,Homo sapiens,CHEMBL99046,CHEMBL1134574,,,Direct protein target assigned,,,,False,-1,False,False,,,5.769999980926514,,,NR3C2_IC50Ki_053,5.769999980926514,True
CHEMBL1994,Cn1c(C#N)ccc1-c1cc(F)c2c(c1)C(C)(C)C(=O)N2,Cn1c(C#N)ccc1-c1cc(F)c2c(c1)C(C)(C)C(=O)N2,5.429999828338623,CHEMBL935183,Antagonist activity at human MR ligand binding domain expressed in african green monkey COS7 cells in presence of aldosterone by Gal4 hybrid assay,2120100,B,IC50,9,=,Homo sapiens,CHEMBL407848,CHEMBL1144664,,COS-7,Direct protein target assigned,,,,False,-1,False,False,,,5.429999828338623,,,NR3C2_IC50Ki_151,5.429999828338623,True
CHEMBL1994,Cc1nccn1-c1ccc(CNS(=O)(=O)c2cc(F)ccc2F)cc1F,Cc1nccn1-c1ccc(CNS(=O)(=O)c2cc(F)ccc2F)cc1F,6.78000020980835,CHEMBL3090522,Displacement of [3H]aldosterone from GST-tagged human mineralocorticoid receptor ligand binding domain after 4 hrs by liquid scintillation counting,13835679,B,IC50,9,=,Homo sapiens,CHEMBL3086026,CHEMBL3085697,,,Direct protein target assigned,,,,False,-1,False,False,,,6.78000020980835,,,NR3C2_IC50Ki_403,6.78000020980835,True
CHEMBL1994,CC1c2c(cc(F)c(-c3cccc4cc[nH]c34)c2F)NC(C)(C)C1O,C[C@H]1c2c(cc(F)c(-c3cccc4cc[nH]c34)c2F)NC(C)(C)[C@@H]1O;C[C@H]1c2c(cc(F)c(-c3cccc4cc[nH]c34)c2F)NC(C)(C)[C@@H]1O,5.820;5.820,CHEMBL1686884;CHEMBL1687060,Binding affinity to mineralocorticoid receptor;Binding affinity to MR,5247500;5251524,B;B,Ki;Ki,8;8,=;=,Homo sapiens;Homo sapiens,CHEMBL1682441;CHEMBL1682441,CHEMBL1681769;CHEMBL1681726,None;None,None;None,Homologous protein target assigned;Homologous protein target assigned,None;None,None;None,None;None,False;False,-1;-1,False;False,True,5.82,0.0,5.82,0.0,2.0,NR3C2_IC50Ki_829,5.82,True
CHEMBL1994,Cc1nc(C)c(C2=NN(c3ccc(C#N)cc3)C(c3ccc(F)cc3)C2)s1,Cc1nc(C)c(C2=NN(c3ccc(C#N)cc3)[C@@H](c3ccc(F)cc3)C2)s1,7.5,CHEMBL1219662,Antagonist activity at Gal4-tagged mineralocorticoid receptor expressed in human Huh7 cells by luciferase reporter gene assay,3403533,F,IC50,8,=,Homo sapiens,CHEMBL1215693,CHEMBL1212897,,Huh-7,Homologous protein target assigned,,,,False,-1,False,False,,,7.5,,,NR3C2_IC50Ki_207,7.5,True
CHEMBL1994,O=C1COc2ccc(C=C3c4ccccc4COc4cc(F)ccc43)cc2N1,O=C1COc2ccc(/C=C3\c4ccccc4COc4cc(F)ccc43)cc2N1;O=C1COc2ccc(/C=C3\c4ccccc4COc4cc(F)ccc43)cc2N1,8.700;8.700,CHEMBL3776776;CHEMBL3776777,Antagonist activity against 6xHis-MBP-fused human MR LBD domain (732 to 984 amino acid residues) C808S mutant expressed in Escherichia coli BL21(DE3) assessed as inhibition of aldosterone-mediated receptor activation after 16 hrs by luciferase assay;Displacement of 3H-Cortisol from 6xHis-MBP-fused human MR LBD domain (732 to 984 amino acid residues) C808S mutant expressed in Escherichia coli BL21(DE3) preincubated for 1 hr measured after 30 mins by microbeta plate reader analysis,16506598;16506569,B;B,IC50;Ki,9;9,=;=,Homo sapiens;Homo sapiens,CHEMBL3775752;CHEMBL3775752,CHEMBL3774336;CHEMBL3774336,None;None,None;None,Direct protein target assigned;Direct protein target assigned,C808S;C808S,None;None,None;None,False;False,-1;-1,False;False,True,8.7,0.0,8.7,0.0,2.0,NR3C2_IC50Ki_742,8.7,True
CHEMBL1994,COC(=O)C(CC1CC1)(c1ccc(Cl)cc1)n1ccc2c(NS(C)(=O)=O)cccc21,COC(=O)C(CC1CC1)(c1ccc(Cl)cc1)n1ccc2c(NS(C)(=O)=O)cccc21,7.519999980926514,CHEMBL4717253,Antagonist activity at human full-length MCR assessed as inhibition of receptor binding to co-activator peptide by PathHunter assay,22825202,B,IC50,9,=,Homo sapiens,CHEMBL4759836,CHEMBL4715716,,,Direct protein target assigned,,,,False,-1,False,False,,,7.519999980926514,,,NR3C2_IC50Ki_672,7.519999980926514,True
CHEMBL1994,CC1=CC(C)(C)Nc2ccc3c(c21)C(c1cccc(Cl)c1)Oc1ccccc1-3,CC1=CC(C)(C)Nc2ccc3c(c21)C(c1cccc(Cl)c1)Oc1ccccc1-3,6.130000114440918,CHEMBL729160,Antagonistic activity was determined in Human mineralocorticoid receptor(hMR) of CV-1 cells in cotransfection assay.,1196582,F,IC50,8,=,Homo sapiens,CHEMBL320690,CHEMBL1131454,,CV-1,Homologous protein target assigned,,,,False,-1,False,False,,,6.130000114440918,,,NR3C2_IC50Ki_008,6.130000114440918,True
CHEMBL1994,Cc1ccc(F)cc1C(C)(C)CC(O)(Cc1cc2cnccc2[nH]1)C(C)(C)C,Cc1ccc(F)cc1C(C)(C)CC(O)(Cc1cc2cnccc2[nH]1)C(C)(C)C;Cc1ccc(F)cc1C(C)(C)C[C@@](O)(Cc1cc2cnccc2[nH]1)C(C)(C)C;Cc1ccc(F)cc1C(C)(C)C[C@](O)(Cc1cc2cnccc2[nH]1)C(C)(C)C,6.140;6.380;5.890,CHEMBL3241425;CHEMBL3241425;CHEMBL3241425,Displacement of TAMRA-labeled dexamethasone from mineralocorticoid receptor (unknown origin) by fluorescence polarization assay;Displacement of TAMRA-labeled dexamethasone from mineralocorticoid receptor (unknown origin) by fluorescence polarization assay;Displacement of TAMRA-labeled dexamethasone from mineralocorticoid receptor (unknown origin) by fluorescence polarization assay,14566757;14566759;14566760,B;B;B,IC50;IC50;IC50,9;9;9,=;=;=,Homo sapiens;Homo sapiens;Homo sapiens,CHEMBL3233279;CHEMBL3233281;CHEMBL3233282,CHEMBL3232739;CHEMBL3232739;CHEMBL3232739,None;None;None,None;None;None,Direct protein target assigned;Direct protein target assigned;Direct protein target assigned,None;None;None,None;None;None,None;None;None,False;False;False,-1;-1;-1,False;False;False,True,6.136666666666667,0.2000555478416488,6.14,0.2400000000000002,3.0,NR3C2_IC50Ki_712,6.14,True
CHEMBL1994,COc1cccc2c1-c1ccc(NS(C)(=O)=O)c(Br)c1C(c1ccccc1)O2,COc1cccc2c1-c1ccc(NS(C)(=O)=O)c(Br)c1C(c1ccccc1)O2,6.340000152587891,CHEMBL728558,Displacement of [3H]aldosterone from human Mineralocorticoid receptor,593712,B,IC50,9,=,Homo sapiens,CHEMBL63768,CHEMBL1147539,,,Direct protein target assigned,,,,False,-1,False,False,,,6.340000152587891,,,NR3C2_IC50Ki_036,6.340000152587891,True
CHEMBL1994,CCC(=C1c2ccccc2OCc2cccc(OC)c21)c1cccc(NS(C)(=O)=O)c1,CC/C(=C1\c2ccccc2OCc2cccc(OC)c21)c1cccc(NS(C)(=O)=O)c1,8.210000038146973,CHEMBL3122505,Displacement of [3H]-aldosterone from human mineralocorticoid receptor expressed in HEK293 cells,13934683,B,Ki,9,=,Homo sapiens,CHEMBL3120317,CHEMBL3120138,,HEK293,Direct protein target assigned,,,,False,-1,False,False,,,8.210000038146973,,,NR3C2_IC50Ki_452,8.210000038146973,True
CHEMBL1994,CC(C)(CC(O)(Cc1cc2cnccc2[nH]1)C(F)(F)F)c1cc(F)ccc1O,CC(C)(C[C@@](O)(Cc1cc2cnccc2[nH]1)C(F)(F)F)c1cc(F)ccc1O,6.659999847412109,CHEMBL1250866,Binding affinity to mineralocorticoid receptor expressed in baculovirus-infected insect cells using tetramethylrhodamine labeled Dexamethasone by fluorescence polarization microplate assay,3470456,B,IC50,8,=,Homo sapiens,CHEMBL1253899,CHEMBL1250518,,,Homologous protein target assigned,,,,False,-1,False,False,,,6.659999847412109,,,NR3C2_IC50Ki_253,6.659999847412109,True
CHEMBL1994,O=C1COc2ccc(C3=Nn4cnnc4SC3Cc3ccccc3)cc2N1,O=C1COc2ccc(C3=Nn4cnnc4SC3Cc3ccccc3)cc2N1,5.889999866485596,CHEMBL1929756,Displacement of [3H]aldosterone from cytosolic human MR expressed in HEK293 cells after 16 hrs by scintillation counting,7969231,B,IC50,9,=,Homo sapiens,CHEMBL1928871,CHEMBL1926625,,HEK293,Direct protein target assigned,,,,False,-1,False,False,,,5.889999866485596,,,NR3C2_IC50Ki_303,5.889999866485596,True
CHEMBL1994,CCC(CO)(c1ccc(Cl)cc1)n1ncc2c(NS(C)(=O)=O)cccc21,CC[C@](CO)(c1ccc(Cl)cc1)n1ncc2c(NS(C)(=O)=O)cccc21,7.190000057220459,CHEMBL4342250,Antagonist activity at mineralocorticoid receptor (unknown origin),18995772,B,IC50,9,=,Homo sapiens,CHEMBL4578220,CHEMBL4340566,,,Direct protein target assigned,,,,False,-1,False,False,,,7.190000057220459,,,NR3C2_IC50Ki_658,7.190000057220459,True
CHEMBL1994,NC(=O)Nc1cc(-c2ccnn2Cc2ccc(F)cc2)ccn1,NC(=O)Nc1cc(-c2ccnn2Cc2ccc(F)cc2)ccn1,5.619999885559082,CHEMBL3705363,"Competitive Molecular Binding Assay: The MR competitive binding assay is based on the binding and displacement of a TAMRA-labeled Dexamethasone probe with fluorescence polarization (FP) detection. The assay is performed in 384-well, low volume NBS black plates (Corning #3676) in assay buffer consisting of 10 mM TES, pH 7.4, 50 mM KCl, 20 mM Sodium molybdate, 1.5 mM EDTA, 0.04% CHAPS, 10% Glycerol and 1 mM DTT. Full Length human mineralocorticoid receptor (hMR) present in a baculovirus infected insect cell lysate is diluted 2 fold in assay buffer and 10 μL of this dilution is added to the assay plate. Blank wells receive 10 μL of the diluted MR lysate containing 3 μM Dexamethasone. 2 μL diluted test compound is transferred to the assay plate for a final starting top concentration of 10 μM in 1% DMSO. The reaction is started by adding 3 μL of 25 nM probe in assay buffer for a final assay concentration of 5 nM.",17633066,B,IC50,9,=,Homo sapiens,CHEMBL3643666,CHEMBL3638806,,,Direct protein target assigned,,,,False,-1,False,False,,,5.619999885559082,,,NR3C2_IC50Ki_571,5.619999885559082,True
CHEMBL1994,COC(=O)C(c1ccc(Cl)cc1)n1ccc2c(NS(C)(=O)=O)cccc21,COC(=O)C(c1ccc(Cl)cc1)n1ccc2c(NS(C)(=O)=O)cccc21,5.769999980926514,CHEMBL4717253,Antagonist activity at human full-length MCR assessed as inhibition of receptor binding to co-activator peptide by PathHunter assay,22825218,B,IC50,9,=,Homo sapiens,CHEMBL4748904,CHEMBL4715716,,,Direct protein target assigned,,,,False,-1,False,False,,,5.769999980926514,,,NR3C2_IC50Ki_687,5.769999980926514,True
CHEMBL1994,CC(C)CC(NC(=O)C(CC(C)C)NC(=O)C(CCCCN)NC(=O)C(NC(=O)C(CCC(N)=O)NC(=O)CNC(=O)C(CCCCN)NC(=O)C(N)CO)C(C)O)C(=O)NC(CCC(N)=O)C(=O)NC(CC(C)C)C(=O)NC(CC(C)C)C(=O)NC(C(=O)NC(CS)C(=O)NC(CO)C(=O)NC(CO)C(=O)O)C(C)O,CC(C)C[C@H](NC(=O)[C@H](CC(C)C)NC(=O)[C@H](CCCCN)NC(=O)[C@@H](NC(=O)[C@H](CCC(N)=O)NC(=O)CNC(=O)[C@H](CCCCN)NC(=O)[C@@H](N)CO)[C@@H](C)O)C(=O)N[C@@H](CCC(N)=O)C(=O)N[C@@H](CC(C)C)C(=O)N[C@@H](CC(C)C)C(=O)N[C@H](C(=O)N[C@@H](CS)C(=O)N[C@@H](CO)C(=O)N[C@@H](CO)C(=O)O)[C@@H](C)O,5.409999847412109,CHEMBL4008045,Binding affinity to N-terminal 6His-GST-tagged human MR LBD (727 to 984 residues) harboring C808S mutation expressed in Escherichia coli BL21DE3/corticosterone complex by AlphaScreen assay,18033418,B,IC50,9,=,Homo sapiens,CHEMBL4065176,CHEMBL4007392,,,Direct protein target assigned,C808S,,,False,-1,False,False,,,5.409999847412109,,,NR3C2_IC50Ki_636,5.409999847412109,True
CHEMBL1994,CC(C)(CC(O)(Cc1cc2ccncc2[nH]1)C(F)(F)F)c1cc(-c2cncnc2)ccc1O,CC(C)(CC(O)(Cc1cc2ccncc2[nH]1)C(F)(F)F)c1cc(-c2cncnc2)ccc1O,5.769999980926514,CHEMBL1250866,Binding affinity to mineralocorticoid receptor expressed in baculovirus-infected insect cells using tetramethylrhodamine labeled Dexamethasone by fluorescence polarization microplate assay,3470470,B,IC50,8,=,Homo sapiens,CHEMBL1254345,CHEMBL1250518,,,Homologous protein target assigned,,,,False,-1,False,False,,,5.769999980926514,,,NR3C2_IC50Ki_262,5.769999980926514,True
CHEMBL1994,CCC12CCC3C4CCC(=O)C=C4CC(C)C3C1CCC21C=CCO1,CC[C@]12CC[C@H]3[C@@H]([C@H](C)CC4=CC(=O)CC[C@@H]43)[C@@H]1CC[C@@]21C=CCO1,7.420000076293945,CHEMBL3706043,"Receptor Binding Assay: Using cytosol from progesterone receptor-expressing insect cells (Hi5), competitive binding to the progesterone receptor was determined from the ability to displace 3H-progesterone as reference substance from the receptor. If a compound has an affinity corresponding to progesterone, this corresponds to a competition factor (CF) of 1. CF values greater than 1 are characterized by a lower affinity for the progesterone receptor, and CF values of less than 1 are characterized by higher affinity. The test was carried out as test above, with the following modifications: cytosol from mineralocorticoid receptor-expressing insect cells (Hi5) was used, and the reference substance was 3H-aldosterone.",17681976,B,IC50,9,=,Homo sapiens,CHEMBL3692353,CHEMBL3638672,,,Direct protein target assigned,,,,False,-1,False,False,,,7.420000076293945,,,NR3C2_IC50Ki_610,7.420000076293945,True
CHEMBL1994,CC(C)(CC(O)(Cc1cc2ccccc2[nH]1)C(F)(F)F)c1cc(Br)cc2c1OCC2,CC(C)(CC(O)(Cc1cc2ccccc2[nH]1)C(F)(F)F)c1cc(Br)cc2c1OCC2,6.230000019073486,CHEMBL1913332,Displacement of tetramethylrhodamine-labeled Dexamethasone from human recombinant mineralocorticoid receptor expressed in baculovirus infected insect cells by fluorescence polarization assay,7851773,B,IC50,9,=,Homo sapiens,CHEMBL1911658,CHEMBL1909618,,,Direct protein target assigned,,,,False,-1,False,False,,,6.230000019073486,,,NR3C2_IC50Ki_297,6.230000019073486,True
CHEMBL1994,Nc1cc(Cl)cc(Cl)c1S(=O)(=O)NC(Cc1c[nH]c2ccccc12)C(F)(F)F,Nc1cc(Cl)cc(Cl)c1S(=O)(=O)NC(Cc1c[nH]c2ccccc12)C(F)(F)F,6.570000171661377,CHEMBL3096917,Binding affinity to mineralocorticoid receptor (unknown origin) by fluorescence polarization competitive binding assay,13845358,B,IC50,9,=,Homo sapiens,CHEMBL3093441,CHEMBL3091451,,,Direct protein target assigned,,,,False,-1,False,False,,,6.570000171661377,,,NR3C2_IC50Ki_414,6.570000171661377,True
CHEMBL1994,O=C(O)CCc1cc(Br)c(OCc2cccc(Br)c2)c(Br)c1,O=C(O)CCc1cc(Br)c(OCc2cccc(Br)c2)c(Br)c1,5.059999942779541,CHEMBL903391,Binding affinity at MR,2020322,B,IC50,8,=,Homo sapiens,CHEMBL250104,CHEMBL1139115,,,Homologous protein target assigned,,,,False,-1,False,False,,,5.059999942779541,,,NR3C2_IC50Ki_150,5.059999942779541,True
CHEMBL1994,CS(=O)(=O)Nc1ccc(N(C(=O)c2ccccc2)c2ccccc2)cc1,CS(=O)(=O)Nc1ccc(N(C(=O)c2ccccc2)c2ccccc2)cc1,5.900000095367432,CHEMBL5136122,Displacement of [3H]-aldosterone from recombinant human mineralocorticoid receptor expressed in baculovirus infected insect cells incubated overnight by liquid scintillation counting analysis,24808029,B,Ki,9,=,Homo sapiens,CHEMBL5207249,CHEMBL5131538,,,Direct protein target assigned,,,,False,-1,False,False,,,5.900000095367432,,,NR3C2_IC50Ki_695,5.900000095367432,True
CHEMBL1994,C[N+]1([O-])CCC2(CC1)C(=O)Nc1cc(C=C3c4ccccc4COc4cc(F)ccc43)ccc12,C[N+]1([O-])CCC2(CC1)C(=O)Nc1cc(/C=C3\c4ccccc4COc4cc(F)ccc43)ccc12;C[N+]1([O-])CCC2(CC1)C(=O)Nc1cc(/C=C3\c4ccccc4COc4cc(F)ccc43)ccc12,7.360;7.720,CHEMBL3776776;CHEMBL3776777,Antagonist activity against 6xHis-MBP-fused human MR LBD domain (732 to 984 amino acid residues) C808S mutant expressed in Escherichia coli BL21(DE3) assessed as inhibition of aldosterone-mediated receptor activation after 16 hrs by luciferase assay;Displacement of 3H-Cortisol from 6xHis-MBP-fused human MR LBD domain (732 to 984 amino acid residues) C808S mutant expressed in Escherichia coli BL21(DE3) preincubated for 1 hr measured after 30 mins by microbeta plate reader analysis,16507449;16507448,B;B,IC50;Ki,9;9,=;=,Homo sapiens;Homo sapiens,CHEMBL3774852;CHEMBL3774852,CHEMBL3774336;CHEMBL3774336,None;None,None;None,Direct protein target assigned;Direct protein target assigned,C808S;C808S,None;None,None;None,False;False,-1;-1,False;False,True,7.54,0.1799999999999997,7.54,0.1799999999999997,2.0,NR3C2_IC50Ki_779,7.54,True
CHEMBL1994,COc1ccccc1-c1c[nH]c2c(NS(C)(=O)=O)cccc12,COc1ccccc1-c1c[nH]c2c(NS(C)(=O)=O)cccc12,7.559999942779541,CHEMBL3607224,Displacement of [3H]-aldosterone from human mineralocorticoid receptor expressed in HEK293 cells by scintillation counting based radioligand competition binding assay,15684212,B,Ki,9,=,Homo sapiens,CHEMBL3605933,CHEMBL3603837,,HEK293,Direct protein target assigned,,,,False,-1,False,False,,,7.559999942779541,,,NR3C2_IC50Ki_550,7.559999942779541,True
CHEMBL1994,COc1cc(C2=NN(c3ccc(C#N)c(C)c3)C(C3CCCC3)C2)ccc1C(=O)O,COc1cc(C2=NN(c3ccc(C#N)c(C)c3)[C@@H](C3CCCC3)C2)ccc1C(=O)O,8.050000190734863,CHEMBL3265996,Antagonist activity at mineralocorticoid receptor (unknown origin) by Gal4-based cellular assay,14658166,B,IC50,9,=,Homo sapiens,CHEMBL3263750,CHEMBL3259597,,,Direct protein target assigned,,,,False,-1,False,False,,,8.050000190734863,,,NR3C2_IC50Ki_488,8.050000190734863,True
CHEMBL1994,COc1ccc(F)cc1C(C)(C)CC(O)(Cc1c(C)ccc2ccccc12)C(F)(F)F,COc1ccc(F)cc1C(C)(C)CC(O)(Cc1c(C)ccc2ccccc12)C(F)(F)F,6.349999904632568,CHEMBL899207,Displacement of TAMRA labeled mifepristone at human mineralocorticoid receptor in insect cell,1981530,B,IC50,9,=,Homo sapiens,CHEMBL236754,CHEMBL1149697,,,Direct protein target assigned,,,,False,-1,False,False,,,6.349999904632568,,,NR3C2_IC50Ki_147,6.349999904632568,True
CHEMBL1994,COc1ccc(F)cc1C(C)(C)CC(O)(Cc1cc(C)c(C#N)c(C)c1)C(F)(F)F,COc1ccc(F)cc1C(C)(C)CC(O)(Cc1cc(C)c(C#N)c(C)c1)C(F)(F)F,6.519999980926514,CHEMBL899207,Displacement of TAMRA labeled mifepristone at human mineralocorticoid receptor in insect cell,1981529,B,IC50,9,=,Homo sapiens,CHEMBL236755,CHEMBL1149697,,,Direct protein target assigned,,,,False,-1,False,False,,,6.519999980926514,,,NR3C2_IC50Ki_146,6.519999980926514,True
CHEMBL1994,O=C1COc2ccc(N3CCc4ccc(F)cc4CC3)cc2N1,O=C1COc2ccc(N3CCc4ccc(F)cc4CC3)cc2N1,6.710000038146973,CHEMBL4035419,Antagonist activity at mineralocorticoid receptor (unknown origin),18158004,B,Ki,9,=,Homo sapiens,CHEMBL4081132,CHEMBL4033673,,,Direct protein target assigned,,,,False,-1,False,False,,,6.710000038146973,,,NR3C2_IC50Ki_651,6.710000038146973,True
CHEMBL1994,CNC(=O)CC1COc2cc(F)c(CC(C)C)cc2N1C(=O)c1ccc2c(c1)NC(=O)CO2,CNC(=O)C[C@H]1COc2cc(F)c(CC(C)C)cc2N1C(=O)c1ccc2c(c1)NC(=O)CO2;CNC(=O)C[C@H]1COc2cc(F)c(CC(C)C)cc2N1C(=O)c1ccc2c(c1)NC(=O)CO2,9.200;7.700,CHEMBL4423290;CHEMBL4423293,Displacement of [3H]-aldosterone to human mineralocorticoid receptor LBD by radiometric binding assay;Antagonist activity at gal4-fused human mineralocorticoid receptor LBD expressed in UAS-MR-bla HEK293 cells by luciferase reporter gene assay,19363395;19363472,B;B,Ki;IC50,9;9,=;=,Homo sapiens;Homo sapiens,CHEMBL4555842;CHEMBL4555842,CHEMBL4422622;CHEMBL4422622,None;None,None;None,Direct protein target assigned;Direct protein target assigned,None;None,None;None,None;None,False;False,-1;-1,False;False,True,8.45,0.7499999999999996,8.45,0.7499999999999996,2.0,NR3C2_IC50Ki_816,8.45,True
CHEMBL1994,CCC(CO)(c1ccc(Cl)cc1)n1ccc2c(NS(C)(=O)=O)cc(Br)cc21,CCC(CO)(c1ccc(Cl)cc1)n1ccc2c(NS(C)(=O)=O)cc(Br)cc21,6.25,CHEMBL4342250,Antagonist activity at mineralocorticoid receptor (unknown origin),18995766,B,IC50,9,=,Homo sapiens,CHEMBL4515343,CHEMBL4340566,,,Direct protein target assigned,,,,False,-1,False,False,,,6.25,,,NR3C2_IC50Ki_652,6.25,True
CHEMBL1994,CC(c1ccccc1)N1C(=O)OC(Cc2ccccc2)(C(=O)NCc2ccc3ccccc3n2)C1=O,C[C@H](c1ccccc1)N1C(=O)O[C@](Cc2ccccc2)(C(=O)NCc2ccc3ccccc3n2)C1=O,5.599999904632568,CHEMBL2411354,Antagonist activity at human mineralocorticoid receptor assessed as inhibition of binding to coactivator peptide by NH Pro assay,13393520,B,IC50,9,=,Homo sapiens,CHEMBL2407862,CHEMBL2407028,,,Direct protein target assigned,,,,False,-1,False,False,,,5.599999904632568,,,NR3C2_IC50Ki_348,5.599999904632568,True
CHEMBL1994,CC(c1ccccc1)N1C(=O)OC(Cc2ccccc2)(c2ncc(-c3ccccc3)o2)C1=O,C[C@H](c1ccccc1)N1C(=O)O[C@](Cc2ccccc2)(c2ncc(-c3ccccc3)o2)C1=O,5.960000038146973,CHEMBL3241715,Antagonist activity at mineralocorticoid receptor (unknown origin) by PathHunter assay,14566208,B,IC50,9,=,Homo sapiens,CHEMBL3234846,CHEMBL3232811,,,Direct protein target assigned,,,,False,-1,False,False,,,5.960000038146973,,,NR3C2_IC50Ki_463,5.960000038146973,True
CHEMBL1994,CCOC(=O)C1=C(C)NC(C)=C(C(C)=O)C1c1cccc2c(=O)cc(C)oc12,CCOC(=O)C1=C(C)NC(C)=C(C(C)=O)[C@H]1c1cccc2c(=O)cc(C)oc12,7.550000190734863,CHEMBL2188775,Antagonist activity against human mineralocorticoid receptor expressed in CHOK1 cells after 10 to 30 mins by luciferase reporter gene assay,12163940,F,IC50,9,=,Homo sapiens,CHEMBL2181926,CHEMBL2177005,,CHO-K1,Direct protein target assigned,,,,False,-1,False,False,,,7.550000190734863,,,NR3C2_IC50Ki_325,7.550000190734863,True
CHEMBL1994,CC1=C(C#N)C(c2ccc(F)cc2F)C(C(=O)OC(C)(C)C)=C(C)N1,CC1=C(C#N)C(c2ccc(F)cc2F)C(C(=O)OC(C)(C)C)=C(C)N1,6.699999809265137,CHEMBL1219573,Antagonist activity at mineralocorticoid receptor LBD expressed in human HUH7 cells coexpressing GAL4 by luciferase reporter gene assay,3403415,F,IC50,8,=,Homo sapiens,CHEMBL1215327,CHEMBL1212896,,Huh-7,Homologous protein target assigned,,,,False,-1,False,False,,,6.699999809265137,,,NR3C2_IC50Ki_186,6.699999809265137,True
CHEMBL1994,COc1c(O)ccc2c1-c1ccc3c(c1C(=Cc1cccc(O)c1)O2)C(C)=CC(C)(C)N3,COc1c(O)ccc2c1-c1ccc3c(c1/C(=C/c1cccc(O)c1)O2)C(C)=CC(C)(C)N3,6.539999961853027,CHEMBL896652,Binding affinity at MR,1970383,B,Ki,8,=,Homo sapiens,CHEMBL3706946,CHEMBL1149550,,,Homologous protein target assigned,,,,False,-1,False,False,,,6.539999961853027,,,NR3C2_IC50Ki_123,6.539999961853027,True
CHEMBL1994,Cc1noc(=O)c2ccc(NC(=O)C(O)(CC(C)(C)c3cccc4c3OCC4)C(F)(F)F)cc12,Cc1noc(=O)c2ccc(NC(=O)C(O)(CC(C)(C)c3cccc4c3OCC4)C(F)(F)F)cc12;Cc1noc(=O)c2ccc(NC(=O)C(O)(CC(C)(C)c3cccc4c3OCC4)C(F)(F)F)cc12,7.420;7.100,CHEMBL909351;CHEMBL1261748,Inhibition of tetramethylrhodamine labeled dexamethasone binding to MR by FP assay;Binding affinity to human recombinant mineralocorticoid receptor expressed in baculovirus infected Sf9 cells,1799353;3514675,B;B,IC50;IC50,8;9,=;=,Homo sapiens;Homo sapiens,CHEMBL216272;CHEMBL216272,CHEMBL1138857;CHEMBL1255506,None;None,None;Sf9,Homologous protein target assigned;Direct protein target assigned,None;None,None;None,None;None,False;False,-1;-1,False;False,True,7.26,0.1600000000000001,7.26,0.1600000000000001,2.0,NR3C2_IC50Ki_749,7.26,True
CHEMBL1994,CCC12CCC3C4CCC(=O)C=C4CCC3C1CCC21C=CCO1,CC[C@]12CC[C@H]3[C@@H](CCC4=CC(=O)CC[C@@H]43)[C@@H]1CC[C@@]21C=CCO1,8.300000190734863,CHEMBL3706043,"Receptor Binding Assay: Using cytosol from progesterone receptor-expressing insect cells (Hi5), competitive binding to the progesterone receptor was determined from the ability to displace 3H-progesterone as reference substance from the receptor. If a compound has an affinity corresponding to progesterone, this corresponds to a competition factor (CF) of 1. CF values greater than 1 are characterized by a lower affinity for the progesterone receptor, and CF values of less than 1 are characterized by higher affinity. The test was carried out as test above, with the following modifications: cytosol from mineralocorticoid receptor-expressing insect cells (Hi5) was used, and the reference substance was 3H-aldosterone.",17681974,B,IC50,9,=,Homo sapiens,CHEMBL3692351,CHEMBL3638672,,,Direct protein target assigned,,,,False,-1,False,False,,,8.300000190734863,,,NR3C2_IC50Ki_608,8.300000190734863,True
CHEMBL1994,COc1ccc(F)cc1C(C)(C)CC(O)(Cc1ccc(C#N)cc1Cl)C(F)(F)F,COc1ccc(F)cc1C(C)(C)CC(O)(Cc1ccc(C#N)cc1Cl)C(F)(F)F,6.5,CHEMBL899207,Displacement of TAMRA labeled mifepristone at human mineralocorticoid receptor in insect cell,1981518,B,IC50,9,=,Homo sapiens,CHEMBL235063,CHEMBL1149697,,,Direct protein target assigned,,,,False,-1,False,False,,,6.5,,,NR3C2_IC50Ki_143,6.5,True
CHEMBL1994,Cc1cc(F)ccc1-n1nc(C(F)(F)F)cc1-c1ccc2c(c1)NC(=O)CO2,Cc1cc(F)ccc1-n1nc(C(F)(F)F)cc1-c1ccc2c(c1)NC(=O)CO2;Cc1cc(F)ccc1-n1nc(C(F)(F)F)cc1-c1ccc2c(c1)NC(=O)CO2,7.390;7.370,CHEMBL1929756;CHEMBL1929764,Displacement of [3H]aldosterone from cytosolic human MR expressed in HEK293 cells after 16 hrs by scintillation counting;Antagonist activity at human MR transfected in human COS1 cells after 1 day by luciferase reporter gene assay,7970147;7970228,B;F,IC50;IC50,9;9,=;=,Homo sapiens;Homo sapiens,CHEMBL1929039;CHEMBL1929039,CHEMBL1926625;CHEMBL1926625,None;None,HEK293;COS-1,Direct protein target assigned;Direct protein target assigned,None;None,None;None,None;None,False;False,-1;-1,False;False,True,7.38,0.0099999999999997,7.38,0.0099999999999997,2.0,NR3C2_IC50Ki_841,7.38,True
CHEMBL1994,CCOC(=O)C1=C(c2ccc(Cl)cc2)NC(C)=C(C#N)C1c1ccccc1Cl,CCOC(=O)C1=C(c2ccc(Cl)cc2)NC(C)=C(C#N)C1c1ccccc1Cl,5.960000038146973,CHEMBL1219573,Antagonist activity at mineralocorticoid receptor LBD expressed in human HUH7 cells coexpressing GAL4 by luciferase reporter gene assay,3403426,F,IC50,8,=,Homo sapiens,CHEMBL1215483,CHEMBL1212896,,Huh-7,Homologous protein target assigned,,,,False,-1,False,False,,,5.960000038146973,,,NR3C2_IC50Ki_197,5.960000038146973,True
CHEMBL1994,CCC12CCC3C4CCC(=O)C=C4C=CC3C1CCC21C=CCO1,CC[C@]12CC[C@H]3[C@@H](C=CC4=CC(=O)CC[C@@H]43)[C@@H]1CC[C@@]21C=CCO1,7.179999828338623,CHEMBL3706043,"Receptor Binding Assay: Using cytosol from progesterone receptor-expressing insect cells (Hi5), competitive binding to the progesterone receptor was determined from the ability to displace 3H-progesterone as reference substance from the receptor. If a compound has an affinity corresponding to progesterone, this corresponds to a competition factor (CF) of 1. CF values greater than 1 are characterized by a lower affinity for the progesterone receptor, and CF values of less than 1 are characterized by higher affinity. The test was carried out as test above, with the following modifications: cytosol from mineralocorticoid receptor-expressing insect cells (Hi5) was used, and the reference substance was 3H-aldosterone.",17681975,B,IC50,9,=,Homo sapiens,CHEMBL3692352,CHEMBL3638672,,,Direct protein target assigned,,,,False,-1,False,False,,,7.179999828338623,,,NR3C2_IC50Ki_609,7.179999828338623,True
CHEMBL1994,CC1(C)CC(=NOC(C)(C)C)c2c(cc(F)c(-c3cccc4c(Cl)c[nH]c34)c2F)N1,CC1(C)C/C(=N\OC(C)(C)C)c2c(cc(F)c(-c3cccc4c(Cl)c[nH]c34)c2F)N1,5.980000019073486,CHEMBL1762869,Binding affinity to mineralocorticoid receptor,6150036,B,Ki,8,=,Homo sapiens,CHEMBL1762203,CHEMBL1759905,,,Homologous protein target assigned,,,,False,-1,False,False,,,5.980000019073486,,,NR3C2_IC50Ki_279,5.980000019073486,True
CHEMBL1994,COc1ccc(F)cc1C(C)(C)CC(O)(Cc1cc2ccc(C#N)cc2[nH]1)C(F)(F)F,COc1ccc(F)cc1C(C)(C)CC(O)(Cc1cc2ccc(C#N)cc2[nH]1)C(F)(F)F,6.360000133514404,CHEMBL1913332,Displacement of tetramethylrhodamine-labeled Dexamethasone from human recombinant mineralocorticoid receptor expressed in baculovirus infected insect cells by fluorescence polarization assay,7851769,B,IC50,9,=,Homo sapiens,CHEMBL1911654,CHEMBL1909618,,,Direct protein target assigned,,,,False,-1,False,False,,,6.360000133514404,,,NR3C2_IC50Ki_293,6.360000133514404,True
CHEMBL1994,Cc1noc(C)c1S(=O)(=O)NCc1ccc(-c2ccccc2)s1,Cc1noc(C)c1S(=O)(=O)NCc1ccc(-c2ccccc2)s1,6.210000038146973,CHEMBL3090522,Displacement of [3H]aldosterone from GST-tagged human mineralocorticoid receptor ligand binding domain after 4 hrs by liquid scintillation counting,13835672,B,IC50,9,=,Homo sapiens,CHEMBL3086012,CHEMBL3085697,,,Direct protein target assigned,,,,False,-1,False,False,,,6.210000038146973,,,NR3C2_IC50Ki_400,6.210000038146973,True
CHEMBL1994,COc1c(O)ccc2c1-c1ccc3c(c1C(=Cc1ccc(F)cc1CO)O2)C(C)=CC(C)(C)N3,COc1c(O)ccc2c1-c1ccc3c(c1/C(=C/c1ccc(F)cc1CO)O2)C(C)=CC(C)(C)N3,5.960000038146973,CHEMBL896652,Binding affinity at MR,1970382,B,Ki,8,=,Homo sapiens,CHEMBL3706940,CHEMBL1149550,,,Homologous protein target assigned,,,,False,-1,False,False,,,5.960000038146973,,,NR3C2_IC50Ki_122,5.960000038146973,True
CHEMBL1994,COC(=O)C1=C(C)NC(C)=C(C(=O)OC(C)(C)C)C1c1ccc(Cl)c(F)c1,COC(=O)C1=C(C)NC(C)=C(C(=O)OC(C)(C)C)C1c1ccc(Cl)c(F)c1,6.239999771118164,CHEMBL1219573,Antagonist activity at mineralocorticoid receptor LBD expressed in human HUH7 cells coexpressing GAL4 by luciferase reporter gene assay,3403411,F,IC50,8,=,Homo sapiens,CHEMBL1215261,CHEMBL1212896,,Huh-7,Homologous protein target assigned,,,,False,-1,False,False,,,6.239999771118164,,,NR3C2_IC50Ki_183,6.239999771118164,True
CHEMBL1994,COC(=O)C1=C(C(F)(F)F)N(C)C(C)=C(C#N)C1c1ccc(F)cc1Cl,COC(=O)C1=C(C(F)(F)F)N(C)C(C)=C(C#N)C1c1ccc(F)cc1Cl,6.559999942779541,CHEMBL1219573,Antagonist activity at mineralocorticoid receptor LBD expressed in human HUH7 cells coexpressing GAL4 by luciferase reporter gene assay,3403431,F,IC50,8,=,Homo sapiens,CHEMBL1215551,CHEMBL1212896,,Huh-7,Homologous protein target assigned,,,,False,-1,False,False,,,6.559999942779541,,,NR3C2_IC50Ki_202,6.559999942779541,True
CHEMBL1994,CCC(Cc1ccc2ccccc2c1)NS(=O)(=O)c1c(C)cc(C)cc1C,CCC(Cc1ccc2ccccc2c1)NS(=O)(=O)c1c(C)cc(C)cc1C,6.400000095367432,CHEMBL3097675,Inhibition of mineralocorticoid receptor (unknown origin) expressed in baculovirus-infected insect cells by fluorescence polarization assay,13858119,B,IC50,9,=,Homo sapiens,CHEMBL3094480,CHEMBL3091417,,,Direct protein target assigned,,,,False,-1,False,False,,,6.400000095367432,,,NR3C2_IC50Ki_438,6.400000095367432,True
CHEMBL1994,CC12CCc3cc(C(=O)O)ccc3C1=NN(c1ccc(C#N)c(Cl)c1)C2C1CCCC1,C[C@]12CCc3cc(C(=O)O)ccc3C1=NN(c1ccc(C#N)c(Cl)c1)[C@H]2C1CCCC1,7.599999904632568,CHEMBL1219662,Antagonist activity at Gal4-tagged mineralocorticoid receptor expressed in human Huh7 cells by luciferase reporter gene assay,3403594,F,IC50,8,=,Homo sapiens,CHEMBL1215626,CHEMBL1212897,,Huh-7,Homologous protein target assigned,,,,False,-1,False,False,,,7.599999904632568,,,NR3C2_IC50Ki_246,7.599999904632568,True
CHEMBL1994,CCC(Cn1cc(C)c2ccccc21)NS(=O)(=O)c1c(N)cc(Cl)cc1Cl,CC[C@@H](Cn1cc(C)c2ccccc21)NS(=O)(=O)c1c(N)cc(Cl)cc1Cl,6.579999923706055,CHEMBL3096917,Binding affinity to mineralocorticoid receptor (unknown origin) by fluorescence polarization competitive binding assay,13845359,B,IC50,9,=,Homo sapiens,CHEMBL3093462,CHEMBL3091451,,,Direct protein target assigned,,,,False,-1,False,False,,,6.579999923706055,,,NR3C2_IC50Ki_415,6.579999923706055,True
CHEMBL1994,O=C(O)CCN1CCC2(CC1)C(=O)Nc1cc(C=C3c4ccccc4COc4cc(F)ccc43)ccc12,O=C(O)CCN1CCC2(CC1)C(=O)Nc1cc(/C=C3\c4ccccc4COc4cc(F)ccc43)ccc12;O=C(O)CCN1CCC2(CC1)C(=O)Nc1cc(/C=C3\c4ccccc4COc4cc(F)ccc43)ccc12,7.540;7.800,CHEMBL3776776;CHEMBL3776777,Antagonist activity against 6xHis-MBP-fused human MR LBD domain (732 to 984 amino acid residues) C808S mutant expressed in Escherichia coli BL21(DE3) assessed as inhibition of aldosterone-mediated receptor activation after 16 hrs by luciferase assay;Displacement of 3H-Cortisol from 6xHis-MBP-fused human MR LBD domain (732 to 984 amino acid residues) C808S mutant expressed in Escherichia coli BL21(DE3) preincubated for 1 hr measured after 30 mins by microbeta plate reader analysis,16507452;16507451,B;B,IC50;Ki,9;9,=;=,Homo sapiens;Homo sapiens,CHEMBL3775464;CHEMBL3775464,CHEMBL3774336;CHEMBL3774336,None;None,None;None,Direct protein target assigned;Direct protein target assigned,C808S;C808S,None;None,None;None,False;False,-1;-1,False;False,True,7.67,0.1299999999999999,7.67,0.1299999999999999,2.0,NR3C2_IC50Ki_778,7.67,True
CHEMBL1994,COc1ccc(F)cc1C(C)(C)CC(O)(Cc1cccc(C#N)c1)C(F)(F)F,COc1ccc(F)cc1C(C)(C)CC(O)(Cc1cccc(C#N)c1)C(F)(F)F,6.400000095367432,CHEMBL899207,Displacement of TAMRA labeled mifepristone at human mineralocorticoid receptor in insect cell,1981471,B,IC50,9,=,Homo sapiens,CHEMBL401219,CHEMBL1149697,,,Direct protein target assigned,,,,False,-1,False,False,,,6.400000095367432,,,NR3C2_IC50Ki_129,6.400000095367432,True
CHEMBL1994,CCC(C)C(NC(=O)C(CCCCN)NC(=O)C(Cc1cnc[nH]1)NC(=O)C(CCCNC(=N)N)NC(=O)C(CCC(=O)O)NC(=O)C(N)C(C)O)C(=O)NC(CC(C)C)C(=O)NC(Cc1cnc[nH]1)C(=O)NC(CCCNC(=N)N)C(=O)NC(CC(C)C)C(=O)NC(CC(C)C)C(=O)NC(CCC(N)=O)C(=O)NC(CCC(=O)O)C(=O)NC(CO)C(=O)NC(CO)C(=O)O,CC[C@H](C)[C@H](NC(=O)[C@H](CCCCN)NC(=O)[C@H](Cc1cnc[nH]1)NC(=O)[C@H](CCCNC(=N)N)NC(=O)[C@H](CCC(=O)O)NC(=O)[C@@H](N)[C@@H](C)O)C(=O)N[C@@H](CC(C)C)C(=O)N[C@@H](Cc1cnc[nH]1)C(=O)N[C@@H](CCCNC(=N)N)C(=O)N[C@@H](CC(C)C)C(=O)N[C@@H](CC(C)C)C(=O)N[C@@H](CCC(N)=O)C(=O)N[C@@H](CCC(=O)O)C(=O)N[C@@H](CO)C(=O)N[C@@H](CO)C(=O)O,5.849999904632568,CHEMBL4008045,Binding affinity to N-terminal 6His-GST-tagged human MR LBD (727 to 984 residues) harboring C808S mutation expressed in Escherichia coli BL21DE3/corticosterone complex by AlphaScreen assay,18033419,B,IC50,9,=,Homo sapiens,CHEMBL4092837,CHEMBL4007392,,,Direct protein target assigned,C808S,,,False,-1,False,False,,,5.849999904632568,,,NR3C2_IC50Ki_637,5.849999904632568,True
CHEMBL1994,Cc1nccn1-c1ccc(CNS(=O)(=O)c2ccccc2Cl)cc1,Cc1nccn1-c1ccc(CNS(=O)(=O)c2ccccc2Cl)cc1,6.46999979019165,CHEMBL3090522,Displacement of [3H]aldosterone from GST-tagged human mineralocorticoid receptor ligand binding domain after 4 hrs by liquid scintillation counting,13835674,B,IC50,9,=,Homo sapiens,CHEMBL3086022,CHEMBL3085697,,,Direct protein target assigned,,,,False,-1,False,False,,,6.46999979019165,,,NR3C2_IC50Ki_402,6.46999979019165,True
CHEMBL1994,CNS(=O)(=O)c1ccc(C(C)(C)c2ccccc2)cc1,CNS(=O)(=O)c1ccc(C(C)(C)c2ccccc2)cc1,5.860000133514404,CHEMBL5136122,Displacement of [3H]-aldosterone from recombinant human mineralocorticoid receptor expressed in baculovirus infected insect cells incubated overnight by liquid scintillation counting analysis,24808025,B,Ki,9,=,Homo sapiens,CHEMBL5182687,CHEMBL5131538,,,Direct protein target assigned,,,,False,-1,False,False,,,5.860000133514404,,,NR3C2_IC50Ki_691,5.860000133514404,True
CHEMBL1994,COC(=O)C(c1ccc(F)cc1Cl)n1ccc2c(Cl)cccc21,COC(=O)C(c1ccc(F)cc1Cl)n1ccc2c(Cl)cccc21,6.03000020980835,CHEMBL4717253,Antagonist activity at human full-length MCR assessed as inhibition of receptor binding to co-activator peptide by PathHunter assay,22825210,B,IC50,9,=,Homo sapiens,CHEMBL4754975,CHEMBL4715716,,,Direct protein target assigned,,,,False,-1,False,False,,,6.03000020980835,,,NR3C2_IC50Ki_679,6.03000020980835,True
CHEMBL1994,NC(=O)CC1COc2ccccc2N1C(=O)c1ccc2c(c1)NC(=O)CO2,NC(=O)CC1COc2ccccc2N1C(=O)c1ccc2c(c1)NC(=O)CO2;NC(=O)CC1COc2ccccc2N1C(=O)c1ccc2c(c1)NC(=O)CO2,5.850;5.540,CHEMBL3888754;CHEMBL3888755,"Binding Assay: Test A1: Briefly, in Test A1 the assay was run in 384 well format in 10 mM Tris-HCl, pH 7.5, 0.5 mM EDTA 20 mM NaMoO4, 0.1 mM DTT and 10% glycerol at rt. Compounds were tested in a 7 (Test A1) or 10 (Test A2) concentration response curve ranging from 10 nM to 10 μM (Test A1) or 1 nM to 37 μM (Test A2). Compounds were spotted at the bottom of a well of a 384-well PE Opti-Plate to yield final DMSO concentrations in the assay of 2%. Pre-made MBP-MR/P23 lysate: 3H-aldosterone mix (final assay concentration 7 μg/mL MBP-MR LBD/P23 lysate; 5 nM aldosterone) was added onto the top of the spotted compound and preincubated for 1 h at RT. After 1 h an equal volume anti-rabbit SPA beads coupled with rabbit anti-MBP were added to the assay mixture and incubated for 3 hrs at rt. The inhibition of the scintillation signal by displacement of the bound 3H-aldosterone by test compounds is measured by scintillation counting using a Microbeta Trilux (Wallac).;Binding Assay: Test A2: Briefly, in Test A1 the assay was run in 384 well format in 10 mM Tris-HCl, pH 7.5, 0.5 mM EDTA 20 mM NaMoO4, 0.1 mM DTT and 10% glycerol at rt. Compounds were tested in a 7 (Test A1) or 10 (Test A2) concentration response curve ranging from 10 nM to 10 μM (Test A1) or 1 nM to 37 μM (Test A2). Compounds were spotted at the bottom of a well of a 384-well PE Opti-Plate to yield final DMSO concentrations in the assay of 2%. Pre-made MBP-MR/P23 lysate: 3H-aldosterone mix (final assay concentration 7 μg/mL MBP-MR LBD/P23 lysate; 5 nM aldosterone) was added onto the top of the spotted compound and preincubated for 1 h at RT. After 1 h an equal volume anti-rabbit Imaging beads coupled with rabbit anti-MBP were added to the assay mixture and incubated for >8 h at rt. The inhibition of the scintillation signal by displacement of the bound 3H-aldosterone by test compounds is measured by scintillation counting using a CCD camera detection using a LEADseeker (PerkinElmer).",17778935;17778950,B;B,IC50;IC50,8;8,=;=,Homo sapiens;Homo sapiens,CHEMBL3981405;CHEMBL3981405,CHEMBL3886822;CHEMBL3886822,None;None,None;None,Homologous protein target assigned;Homologous protein target assigned,None;None,None;None,None;None,False;False,-1;-1,False;False,True,5.695,0.1549999999999998,5.695,0.1549999999999998,2.0,NR3C2_IC50Ki_800,5.695,True
CHEMBL1994,N#Cc1ccc(N2N=C(c3ccc(C(=O)O)cc3)CC2c2cccs2)cc1,N#Cc1ccc(N2N=C(c3ccc(C(=O)O)cc3)CC2c2cccs2)cc1,6.119999885559082,CHEMBL1219662,Antagonist activity at Gal4-tagged mineralocorticoid receptor expressed in human Huh7 cells by luciferase reporter gene assay,3403555,F,IC50,8,=,Homo sapiens,CHEMBL1214969,CHEMBL1212897,,Huh-7,Homologous protein target assigned,,,,False,-1,False,False,,,6.119999885559082,,,NR3C2_IC50Ki_219,6.119999885559082,True
CHEMBL1994,CC(C)CC(NC(=O)C(C)NC(=O)C(CC(N)=O)NC(=O)C(CCC(=O)O)NC(=O)C(N)CCCCN)C(=O)NC(CC(C)C)C(=O)NC(CCCNC(=N)N)C(=O)NC(Cc1ccc(O)cc1)C(=O)NC(CC(C)C)C(=O)NC(CC(C)C)C(=O)NC(CC(=O)O)C(=O)NC(CCCCN)C(=O)NC(CC(=O)O)C(=O)NC(CC(=O)O)C(=O)O,CC(C)C[C@H](NC(=O)[C@H](C)NC(=O)[C@H](CC(N)=O)NC(=O)[C@H](CCC(=O)O)NC(=O)[C@@H](N)CCCCN)C(=O)N[C@@H](CC(C)C)C(=O)N[C@@H](CCCNC(=N)N)C(=O)N[C@@H](Cc1ccc(O)cc1)C(=O)N[C@@H](CC(C)C)C(=O)N[C@@H](CC(C)C)C(=O)N[C@@H](CC(=O)O)C(=O)N[C@@H](CCCCN)C(=O)N[C@@H](CC(=O)O)C(=O)N[C@@H](CC(=O)O)C(=O)O,5.320000171661377,CHEMBL4008045,Binding affinity to N-terminal 6His-GST-tagged human MR LBD (727 to 984 residues) harboring C808S mutation expressed in Escherichia coli BL21DE3/corticosterone complex by AlphaScreen assay,18033423,B,IC50,9,=,Homo sapiens,CHEMBL4080412,CHEMBL4007392,,,Direct protein target assigned,C808S,,,False,-1,False,False,,,5.320000171661377,,,NR3C2_IC50Ki_641,5.320000171661377,True
CHEMBL1994,CNC(=O)CC1COc2cc(C)ccc2N1C(=O)c1ccc2c(c1)NC(=O)CO2,CNC(=O)C[C@H]1COc2cc(C)ccc2N1C(=O)c1ccc2c(c1)NC(=O)CO2;CNC(=O)C[C@H]1COc2cc(C)ccc2N1C(=O)c1ccc2c(c1)NC(=O)CO2,8.400;7.000,CHEMBL4423290;CHEMBL4423293,Displacement of [3H]-aldosterone to human mineralocorticoid receptor LBD by radiometric binding assay;Antagonist activity at gal4-fused human mineralocorticoid receptor LBD expressed in UAS-MR-bla HEK293 cells by luciferase reporter gene assay,19363277;19363315,B;B,Ki;IC50,9;9,=;=,Homo sapiens;Homo sapiens,CHEMBL4483495;CHEMBL4483495,CHEMBL4422622;CHEMBL4422622,None;None,None;None,Direct protein target assigned;Direct protein target assigned,None;None,None;None,None;None,False;False,-1;-1,False;False,True,7.7,0.7000000000000002,7.7,0.7000000000000002,2.0,NR3C2_IC50Ki_802,7.7,True
CHEMBL1994,CCOC(=O)c1cccc2c1ccn2C(C(=O)OC)c1ccc(F)cc1Cl,CCOC(=O)c1cccc2c1ccn2C(C(=O)OC)c1ccc(F)cc1Cl,5.320000171661377,CHEMBL4717253,Antagonist activity at human full-length MCR assessed as inhibition of receptor binding to co-activator peptide by PathHunter assay,22825208,B,IC50,9,=,Homo sapiens,CHEMBL4798873,CHEMBL4715716,,,Direct protein target assigned,,,,False,-1,False,False,,,5.320000171661377,,,NR3C2_IC50Ki_677,5.320000171661377,True
CHEMBL1994,Cc1nn(CCC(F)(F)CO)c(-c2ccc(F)cc2)c1-c1ccc2c(c1)NC(=O)CO2,Cc1nn(CCC(F)(F)CO)c(-c2ccc(F)cc2)c1-c1ccc2c(c1)NC(=O)CO2;Cc1nn(CCC(F)(F)CO)c(-c2ccc(F)cc2)c1-c1ccc2c(c1)NC(=O)CO2,7.020;6.750,CHEMBL3381811;CHEMBL3381815,Displacement of [3H]aldosterone from human mineralocorticoid receptor expressed in 293 cells after 16 hrs by scintillation counting;Antagonist activity at human mineralocorticoid receptor expressed in COS1 cells after 1 day by luciferase reporter gene assay,15095257;15099905,B;B,IC50;IC50,9;9,=;=,Homo sapiens;Homo sapiens,CHEMBL3337832;CHEMBL3337832,CHEMBL3351638;CHEMBL3351638,None;None,293;COS-1,Direct protein target assigned;Direct protein target assigned,None;None,None;None,None;None,False;False,-1;-1,False;False,True,6.885,0.1349999999999998,6.885,0.1349999999999998,2.0,NR3C2_IC50Ki_854,6.885,True
CHEMBL1994,COC(=O)c1c(C)nc(C)c(C(=O)CC2CCC2)c1-c1cccc2c(=O)cc(C)oc12,COC(=O)c1c(C)nc(C)c(C(=O)CC2CCC2)c1-c1cccc2c(=O)cc(C)oc12,7.75,CHEMBL4008023,Antagonist activity at Gal4-fused human MR LBD (734 to 985 residues) expressed in CHO-K1 cells after 5 to 6 hrs by luciferase reporter gene assay,18033293,B,IC50,9,=,Homo sapiens,CHEMBL4094464,CHEMBL4007392,,,Direct protein target assigned,,,,False,-1,False,False,,,7.75,,,NR3C2_IC50Ki_624,7.75,True
CHEMBL1994,CC1COc2cc(F)ccc2N1C(=O)c1ccc2c(c1)NC(=O)CO2,C[C@H]1COc2cc(F)ccc2N1C(=O)c1ccc2c(c1)NC(=O)CO2;C[C@H]1COc2cc(F)ccc2N1C(=O)c1ccc2c(c1)NC(=O)CO2;C[C@H]1COc2cc(F)ccc2N1C(=O)c1ccc2c(c1)NC(=O)CO2;C[C@H]1COc2cc(F)ccc2N1C(=O)c1ccc2c(c1)NC(=O)CO2,6.800;6.000;6.100;7.200,CHEMBL4423290;CHEMBL4423293;CHEMBL4423298;CHEMBL4423302,Displacement of [3H]-aldosterone to human mineralocorticoid receptor LBD by radiometric binding assay;Antagonist activity at gal4-fused human mineralocorticoid receptor LBD expressed in UAS-MR-bla HEK293 cells by luciferase reporter gene assay;Antagonist activity at full length human mineralocorticoid receptor expressed in human U2OS cells by luciferase reporter gene assay;Modulation activity at human mineralocorticoid receptor in human EA.hy926 cells assessed as blocking of nuclear translocation of mineralocorticoid receptor in presence of aldosterone by receptor translocation assay,19363262;19363459;19363543;19363570,B;B;B;B,Ki;IC50;IC50;IC50,9;9;9;9,=;=;=;=,Homo sapiens;Homo sapiens;Homo sapiens;Homo sapiens,CHEMBL4557032;CHEMBL4557032;CHEMBL4557032;CHEMBL4557032,CHEMBL4422622;CHEMBL4422622;CHEMBL4422622;CHEMBL4422622,None;None;None;None,None;None;U2OS;None,Direct protein target assigned;Direct protein target assigned;Direct protein target assigned;Direct protein target assigned,None;None;None;None,None;None;None;None,None;None;None;None,False;False;False;False,-1;-1;-1;-1,False;False;False;False,True,6.525,0.4968651728587948,6.449999999999999,0.3999999999999999,4.0,NR3C2_IC50Ki_737,6.449999999999999,True
CHEMBL1994,COC(=O)C(c1ccc(F)cc1Cl)n1ccc2c(NS(=O)(=O)C(F)(F)F)cccc21,COC(=O)C(c1ccc(F)cc1Cl)n1ccc2c(NS(=O)(=O)C(F)(F)F)cccc21,5.670000076293945,CHEMBL4717253,Antagonist activity at human full-length MCR assessed as inhibition of receptor binding to co-activator peptide by PathHunter assay,22825206,B,IC50,9,=,Homo sapiens,CHEMBL4759690,CHEMBL4715716,,,Direct protein target assigned,,,,False,-1,False,False,,,5.670000076293945,,,NR3C2_IC50Ki_675,5.670000076293945,True
CHEMBL1994,Cc1cc(F)ccc1C1=C(c2ccc3c(c2)NC(=O)CO3)COC1=O,Cc1cc(F)ccc1C1=C(c2ccc3c(c2)NC(=O)CO3)COC1=O,6.119999885559082,CHEMBL2423838,Displacement of [3H]-Aldosterone from human MR expressed in 293 cells after 16 hrs by scintillation counting,13416315,B,IC50,9,=,Homo sapiens,CHEMBL2419304,CHEMBL2417412,,HEK293,Direct protein target assigned,,,,False,-1,False,False,,,6.119999885559082,,,NR3C2_IC50Ki_386,6.119999885559082,True
CHEMBL1994,Cc1nn(CCC(C)(F)F)c(-c2ccc(F)cc2)c1-c1ccc2c(c1)NC(=O)CO2,Cc1nn(CCC(C)(F)F)c(-c2ccc(F)cc2)c1-c1ccc2c(c1)NC(=O)CO2;Cc1nn(CCC(C)(F)F)c(-c2ccc(F)cc2)c1-c1ccc2c(c1)NC(=O)CO2,8.000;7.750,CHEMBL3381811;CHEMBL3381815,Displacement of [3H]aldosterone from human mineralocorticoid receptor expressed in 293 cells after 16 hrs by scintillation counting;Antagonist activity at human mineralocorticoid receptor expressed in COS1 cells after 1 day by luciferase reporter gene assay,15095256;15099904,B;B,IC50;IC50,9;9,=;=,Homo sapiens;Homo sapiens,CHEMBL3337831;CHEMBL3337831,CHEMBL3351638;CHEMBL3351638,None;None,293;COS-1,Direct protein target assigned;Direct protein target assigned,None;None,None;None,None;None,False;False,-1;-1,False;False,True,7.875,0.125,7.875,0.125,2.0,NR3C2_IC50Ki_853,7.875,True
CHEMBL1994,CC(c1ccc(F)cc1)N1C(=O)OC(Cc2ccccc2)(c2nc3c(-c4cnn(C)c4)cccc3[nH]2)C1=O,C[C@H](c1ccc(F)cc1)N1C(=O)O[C@](Cc2ccccc2)(c2nc3c(-c4cnn(C)c4)cccc3[nH]2)C1=O,6.820000171661377,CHEMBL3578998,Antagonist activity at human mineralocorticoid receptor overexpressed in CHOK1 cells assessed as inhibition of aldosterone-induced protein interaction with coactivator peptide after 6 hrs by luminescence assay,15601431,B,IC50,9,=,Homo sapiens,CHEMBL3578298,CHEMBL3576820,,CHO-K1,Direct protein target assigned,,,,False,-1,False,False,,,6.820000171661377,,,NR3C2_IC50Ki_509,6.820000171661377,True
CHEMBL1994,CC(C)n1cc(-c2ccc(C#N)cc2)c2ccc(NS(C)(=O)=O)cc21,CC(C)n1cc(-c2ccc(C#N)cc2)c2ccc(NS(C)(=O)=O)cc21,5.829999923706055,CHEMBL1680619,Displacement of [3H]methyltrienolone from human mineralocorticoid receptor expressed in HEK293 cells,5208996,B,Ki,9,=,Homo sapiens,CHEMBL1672545,CHEMBL1671834,,HEK293,Direct protein target assigned,,,,False,-1,False,False,,,5.829999923706055,,,NR3C2_IC50Ki_267,5.829999923706055,True
CHEMBL1994,O=C1COc2ccc(C#Cc3ccc(F)cc3F)cc2N1,O=C1COc2ccc(C#Cc3ccc(F)cc3F)cc2N1;O=C1COc2ccc(C#Cc3ccc(F)cc3F)cc2N1,6.110;6.840,CHEMBL3776776;CHEMBL3776777,Antagonist activity against 6xHis-MBP-fused human MR LBD domain (732 to 984 amino acid residues) C808S mutant expressed in Escherichia coli BL21(DE3) assessed as inhibition of aldosterone-mediated receptor activation after 16 hrs by luciferase assay;Displacement of 3H-Cortisol from 6xHis-MBP-fused human MR LBD domain (732 to 984 amino acid residues) C808S mutant expressed in Escherichia coli BL21(DE3) preincubated for 1 hr measured after 30 mins by microbeta plate reader analysis,16506583;16506566,B;B,IC50;Ki,9;9,=;=,Homo sapiens;Homo sapiens,CHEMBL3775577;CHEMBL3775577,CHEMBL3774336;CHEMBL3774336,None;None,None;None,Direct protein target assigned;Direct protein target assigned,C808S;C808S,None;None,None;None,False;False,-1;-1,False;False,True,6.475,0.3649999999999997,6.475,0.3649999999999997,2.0,NR3C2_IC50Ki_722,6.475,True
CHEMBL1994,CCC(Cc1cc(F)cc(F)c1)NS(=O)(=O)c1c(C)cc(C)cc1C,CCC(Cc1cc(F)cc(F)c1)NS(=O)(=O)c1c(C)cc(C)cc1C,6.400000095367432,CHEMBL3097675,Inhibition of mineralocorticoid receptor (unknown origin) expressed in baculovirus-infected insect cells by fluorescence polarization assay,13858122,B,IC50,9,=,Homo sapiens,CHEMBL3094477,CHEMBL3091417,,,Direct protein target assigned,,,,False,-1,False,False,,,6.400000095367432,,,NR3C2_IC50Ki_441,6.400000095367432,True
CHEMBL1994,COc1nc(C2=NN(c3ccc(C#N)c(C)c3)C(C3CCCC3)C2)ccc1C(N)=O,COc1nc(C2=NN(c3ccc(C#N)c(C)c3)[C@@H](C3CCCC3)C2)ccc1C(N)=O,8.569999694824219,CHEMBL3265996,Antagonist activity at mineralocorticoid receptor (unknown origin) by Gal4-based cellular assay,14658176,B,IC50,9,=,Homo sapiens,CHEMBL3263760,CHEMBL3259597,,,Direct protein target assigned,,,,False,-1,False,False,,,8.569999694824219,,,NR3C2_IC50Ki_496,8.569999694824219,True
CHEMBL1994,CC(Cc1c[nH]c2ccccc12)NS(=O)(=O)c1ccc(Cl)cc1Cl,CC(Cc1c[nH]c2ccccc12)NS(=O)(=O)c1ccc(Cl)cc1Cl,6.070000171661377,CHEMBL890123,Inhibition of human MR,1959088,B,IC50,9,=,Homo sapiens,CHEMBL233659,CHEMBL1146304,,,Direct protein target assigned,,,,False,-1,False,False,,,6.070000171661377,,,NR3C2_IC50Ki_112,6.070000171661377,True
CHEMBL1994,N#Cc1ccc(N2N=C(c3ccc(CC(=O)O)cc3)CC2C2CCCC2)cc1Cl,N#Cc1ccc(N2N=C(c3ccc(CC(=O)O)cc3)C[C@@H]2C2CCCC2)cc1Cl,6.869999885559082,CHEMBL1219662,Antagonist activity at Gal4-tagged mineralocorticoid receptor expressed in human Huh7 cells by luciferase reporter gene assay,3403572,F,IC50,8,=,Homo sapiens,CHEMBL1215262,CHEMBL1212897,,Huh-7,Homologous protein target assigned,,,,False,-1,False,False,,,6.869999885559082,,,NR3C2_IC50Ki_232,6.869999885559082,True
CHEMBL1994,NS(=O)(=O)CC1COc2cc(F)ccc2N1C(=O)c1ccc2c(c1)NC(=O)CO2,NS(=O)(=O)C[C@H]1COc2cc(F)ccc2N1C(=O)c1ccc2c(c1)NC(=O)CO2;NS(=O)(=O)C[C@H]1COc2cc(F)ccc2N1C(=O)c1ccc2c(c1)NC(=O)CO2;NS(=O)(=O)C[C@H]1COc2cc(F)ccc2N1C(=O)c1ccc2c(c1)NC(=O)CO2,9.100;7.600;7.500,CHEMBL4423290;CHEMBL4423293;CHEMBL4423298,Displacement of [3H]-aldosterone to human mineralocorticoid receptor LBD by radiometric binding assay;Antagonist activity at gal4-fused human mineralocorticoid receptor LBD expressed in UAS-MR-bla HEK293 cells by luciferase reporter gene assay;Antagonist activity at full length human mineralocorticoid receptor expressed in human U2OS cells by luciferase reporter gene assay,19363290;19363666;19363547,B;B;B,Ki;IC50;IC50,9;9;9,=;=;=,Homo sapiens;Homo sapiens;Homo sapiens,CHEMBL4532472;CHEMBL4532472;CHEMBL4532472,CHEMBL4422622;CHEMBL4422622;CHEMBL4422622,None;None;None,None;None;U2OS,Direct protein target assigned;Direct protein target assigned;Direct protein target assigned,None;None;None,None;None;None,None;None;None,False;False;False,-1;-1;-1,False;False;False,True,8.066666666666666,0.7318166133366716,7.6,0.0999999999999996,3.0,NR3C2_IC50Ki_764,7.6,True
CHEMBL1994,CC12CCC3C4CCC(=O)C=C4CCC3C1CC1(CC1)C21C=CCO1,C[C@]12CC[C@H]3[C@@H](CCC4=CC(=O)CC[C@@H]43)[C@@H]1CC1(CC1)[C@@]21C=CCO1,6.0,CHEMBL3706043,"Receptor Binding Assay: Using cytosol from progesterone receptor-expressing insect cells (Hi5), competitive binding to the progesterone receptor was determined from the ability to displace 3H-progesterone as reference substance from the receptor. If a compound has an affinity corresponding to progesterone, this corresponds to a competition factor (CF) of 1. CF values greater than 1 are characterized by a lower affinity for the progesterone receptor, and CF values of less than 1 are characterized by higher affinity. The test was carried out as test above, with the following modifications: cytosol from mineralocorticoid receptor-expressing insect cells (Hi5) was used, and the reference substance was 3H-aldosterone.",17681973,B,IC50,9,=,Homo sapiens,CHEMBL3692350,CHEMBL3638672,,,Direct protein target assigned,,,,False,-1,False,False,,,6.0,,,NR3C2_IC50Ki_607,6.0,True
CHEMBL1994,COCC(C(=O)OC)(c1ccc(Cl)cc1)n1ccc2c(NS(C)(=O)=O)cccc21,COCC(C(=O)OC)(c1ccc(Cl)cc1)n1ccc2c(NS(C)(=O)=O)cccc21,5.71999979019165,CHEMBL4717253,Antagonist activity at human full-length MCR assessed as inhibition of receptor binding to co-activator peptide by PathHunter assay,22825201,B,IC50,9,=,Homo sapiens,CHEMBL4760159,CHEMBL4715716,,,Direct protein target assigned,,,,False,-1,False,False,,,5.71999979019165,,,NR3C2_IC50Ki_671,5.71999979019165,True
CHEMBL1994,COc1cccc(CNC(=O)C2(Cc3ccccc3)OC(=O)N(Cc3ccccc3)C2=O)c1,COc1cccc(CNC(=O)[C@@]2(Cc3ccccc3)OC(=O)N(Cc3ccccc3)C2=O)c1,6.0,CHEMBL2411354,Antagonist activity at human mineralocorticoid receptor assessed as inhibition of binding to coactivator peptide by NH Pro assay,13393554,B,IC50,9,=,Homo sapiens,CHEMBL2407663,CHEMBL2407028,,,Direct protein target assigned,,,,False,-1,False,False,,,6.0,,,NR3C2_IC50Ki_373,6.0,True
CHEMBL1994,Cc1cc(F)ccc1-n1nc(C(F)(F)F)cc1-c1cc(Cl)c2c(c1)NC(=O)CO2,Cc1cc(F)ccc1-n1nc(C(F)(F)F)cc1-c1cc(Cl)c2c(c1)NC(=O)CO2;Cc1cc(F)ccc1-n1nc(C(F)(F)F)cc1-c1cc(Cl)c2c(c1)NC(=O)CO2,7.920;7.160,CHEMBL1929756;CHEMBL1929764,Displacement of [3H]aldosterone from cytosolic human MR expressed in HEK293 cells after 16 hrs by scintillation counting;Antagonist activity at human MR transfected in human COS1 cells after 1 day by luciferase reporter gene assay,7970149;7970230,B;F,IC50;IC50,9;9,=;=,Homo sapiens;Homo sapiens,CHEMBL1929041;CHEMBL1929041,CHEMBL1926625;CHEMBL1926625,None;None,HEK293;COS-1,Direct protein target assigned;Direct protein target assigned,None;None,None;None,None;None,False;False,-1;-1,False;False,True,7.54,0.3799999999999999,7.54,0.3799999999999999,2.0,NR3C2_IC50Ki_862,7.54,True
CHEMBL1994,COc1cc(C2=NN(c3ccc(C#N)c(Cl)c3)C(C3CCCC3)C2C)ccc1C(=O)O,COc1cc(C2=NN(c3ccc(C#N)c(Cl)c3)[C@@H](C3CCCC3)[C@H]2C)ccc1C(=O)O,7.159999847412109,CHEMBL1219662,Antagonist activity at Gal4-tagged mineralocorticoid receptor expressed in human Huh7 cells by luciferase reporter gene assay,3403573,F,IC50,8,=,Homo sapiens,CHEMBL1215263,CHEMBL1212897,,Huh-7,Homologous protein target assigned,,,,False,-1,False,False,,,7.159999847412109,,,NR3C2_IC50Ki_233,7.159999847412109,True
CHEMBL1994,CN(c1ccccc1)c1ccc(NS(C)(=O)=O)cc1,CN(c1ccccc1)c1ccc(NS(C)(=O)=O)cc1,6.130000114440918,CHEMBL5136122,Displacement of [3H]-aldosterone from recombinant human mineralocorticoid receptor expressed in baculovirus infected insect cells incubated overnight by liquid scintillation counting analysis,24808026,B,Ki,9,=,Homo sapiens,CHEMBL5176336,CHEMBL5131538,,,Direct protein target assigned,,,,False,-1,False,False,,,6.130000114440918,,,NR3C2_IC50Ki_692,6.130000114440918,True
CHEMBL1994,COC(=O)C(c1ccc(F)cc1Cl)n1ccc2c(NC(=O)C(F)(F)F)cccc21,COC(=O)C(c1ccc(F)cc1Cl)n1ccc2c(NC(=O)C(F)(F)F)cccc21,5.099999904632568,CHEMBL4717253,Antagonist activity at human full-length MCR assessed as inhibition of receptor binding to co-activator peptide by PathHunter assay,22825207,B,IC50,9,=,Homo sapiens,CHEMBL4763926,CHEMBL4715716,,,Direct protein target assigned,,,,False,-1,False,False,,,5.099999904632568,,,NR3C2_IC50Ki_676,5.099999904632568,True
CHEMBL1994,O=C1COc2ccc(-c3c(C(F)(F)F)cnn3-c3ccc(F)cc3)cc2N1,O=C1COc2ccc(-c3c(C(F)(F)F)cnn3-c3ccc(F)cc3)cc2N1,5.570000171661377,CHEMBL1929756,Displacement of [3H]aldosterone from cytosolic human MR expressed in HEK293 cells after 16 hrs by scintillation counting,7969249,B,IC50,9,=,Homo sapiens,CHEMBL1929031,CHEMBL1926625,,HEK293,Direct protein target assigned,,,,False,-1,False,False,,,5.570000171661377,,,NR3C2_IC50Ki_317,5.570000171661377,True
CHEMBL1994,CCCC1OC2CC3C4CCC5=CC(=O)C=CC5(C)C4C(O)CC3(C)C2(C(=O)CO)O1,CCCC1O[C@@H]2C[C@H]3[C@@H]4CCC5=CC(=O)C=C[C@]5(C)[C@H]4[C@@H](O)C[C@]3(C)[C@]2(C(=O)CO)O1,7.849999904632568,CHEMBL4031194,Displacement of [3H]-aldosterone from N terminal maltose binding protein tagged human mineralocorticoid receptor LBD (726 to 984 residues) expressed in baculovirus infected high five cells after 8 hrs by scintillation proximity assay,18141061,B,IC50,9,=,Homo sapiens,CHEMBL1370,CHEMBL4028861,,,Direct protein target assigned,,Anti-Inflammatory,4.0,True,0,False,False,,,7.849999904632568,,,NR3C2_IC50Ki_648,7.849999904632568,True
CHEMBL1994,Cc1cc(C)c(S(=O)(=O)NC(COc2ccccc2)C(F)(F)F)c(C)c1,Cc1cc(C)c(S(=O)(=O)NC(COc2ccccc2)C(F)(F)F)c(C)c1,6.46999979019165,CHEMBL3096917,Binding affinity to mineralocorticoid receptor (unknown origin) by fluorescence polarization competitive binding assay,13845349,B,IC50,9,=,Homo sapiens,CHEMBL3093459,CHEMBL3091451,,,Direct protein target assigned,,,,False,-1,False,False,,,6.46999979019165,,,NR3C2_IC50Ki_410,6.46999979019165,True
CHEMBL1994,N#Cc1ccc(N2N=C3c4ccc(C(=O)O)cc4CCC3C2c2ccc(F)cc2)cc1Cl,N#Cc1ccc(N2N=C3c4ccc(C(=O)O)cc4CC[C@H]3[C@H]2c2ccc(F)cc2)cc1Cl;N#Cc1ccc(N2N=C3c4ccc(C(=O)O)cc4CC[C@@H]3[C@@H]2c2ccc(F)cc2)cc1Cl;N#Cc1ccc(N2N=C3c4ccc(C(=O)O)cc4CC[C@H]3[C@H]2c2ccc(F)cc2)cc1Cl,6.650;7.390;5.460,CHEMBL1219662;CHEMBL1219662;CHEMBL1219662,Antagonist activity at Gal4-tagged mineralocorticoid receptor expressed in human Huh7 cells by luciferase reporter gene assay;Antagonist activity at Gal4-tagged mineralocorticoid receptor expressed in human Huh7 cells by luciferase reporter gene assay;Antagonist activity at Gal4-tagged mineralocorticoid receptor expressed in human Huh7 cells by luciferase reporter gene assay,3403576;3403577;3403578,F;F;F,IC50;IC50;IC50,8;8;8,=;=;=,Homo sapiens;Homo sapiens;Homo sapiens,CHEMBL1215329;CHEMBL1215330;CHEMBL1215329,CHEMBL1212897;CHEMBL1212897;CHEMBL1212897,None;None;None,Huh-7;Huh-7;Huh-7,Homologous protein target assigned;Homologous protein target assigned;Homologous protein target assigned,None;None;None,None;None;None,None;None;None,False;False;False,-1;-1;-1,False;False;False,True,6.5,0.795026205018845,6.65,0.7399999999999993,3.0,NR3C2_IC50Ki_788,6.65,True
CHEMBL1994,CC(c1ccccc1)N1C(=O)OC(Cc2ccccc2)(C(=O)Nc2ccc(F)cc2)C1=O,C[C@H](c1ccccc1)N1C(=O)O[C@](Cc2ccccc2)(C(=O)Nc2ccc(F)cc2)C1=O,7.0,CHEMBL2411354,Antagonist activity at human mineralocorticoid receptor assessed as inhibition of binding to coactivator peptide by NH Pro assay,13393535,B,IC50,9,=,Homo sapiens,CHEMBL2407682,CHEMBL2407028,,,Direct protein target assigned,,,,False,-1,False,False,,,7.0,,,NR3C2_IC50Ki_358,7.0,True
CHEMBL1994,CC(C)(CC(O)(Cc1cc2ccncc2[nH]1)C(F)(F)F)c1cc(Cl)cc2c1OCC2,CC(C)(CC(O)(Cc1cc2ccncc2[nH]1)C(F)(F)F)c1cc(Cl)cc2c1OCC2,6.269999980926514,CHEMBL1250866,Binding affinity to mineralocorticoid receptor expressed in baculovirus-infected insect cells using tetramethylrhodamine labeled Dexamethasone by fluorescence polarization microplate assay,3470462,B,IC50,8,=,Homo sapiens,CHEMBL1254494,CHEMBL1250518,,,Homologous protein target assigned,,,,False,-1,False,False,,,6.269999980926514,,,NR3C2_IC50Ki_258,6.269999980926514,True
CHEMBL1994,Cc1cccc(-c2ccc3c(c2C)NC(=O)CO3)c1,Cc1cccc(-c2ccc3c(c2C)NC(=O)CO3)c1,7.329999923706055,CHEMBL4008036,Antagonist activity at Gal4-fused human MR LBD (672 to 984 residues) expressed in HEK293T cells assessed as inhibition of aldosterone-induced transactivation activity after 24 hrs by luciferase reporter gene assay,18033387,B,IC50,9,=,Homo sapiens,CHEMBL4067551,CHEMBL4007392,,HEK-293T,Direct protein target assigned,,,,False,-1,False,False,,,7.329999923706055,,,NR3C2_IC50Ki_627,7.329999923706055,True
CHEMBL1994,CC(CN1CCOCC1)n1c(=NC#N)[nH]c2cc(C=C3c4ccc(F)cc4COc4cc(F)ccc43)ccc21,C[C@H](CN1CCOCC1)n1/c(=N\C#N)[nH]c2cc(/C=C3\c4ccc(F)cc4COc4cc(F)ccc43)ccc21,9.100000381469727,CHEMBL4008040,Displacement of [3H]-Aldosterone from MR overexpressed in human 293 cells measured after 2 hrs by Microbeta scintillation counting method,18033401,B,Ki,9,=,Homo sapiens,CHEMBL4063735,CHEMBL4007392,,,Direct protein target assigned,,,,False,-1,False,False,,,9.100000381469727,,,NR3C2_IC50Ki_632,9.100000381469727,True
CHEMBL1994,COc1ccc(F)cc1C(C)(C)CC(O)(Cc1cc2cccc(C)c2[nH]1)C(F)(F)F,COc1ccc(F)cc1C(C)(C)CC(O)(Cc1cc2cccc(C)c2[nH]1)C(F)(F)F,5.989999771118164,CHEMBL1913332,Displacement of tetramethylrhodamine-labeled Dexamethasone from human recombinant mineralocorticoid receptor expressed in baculovirus infected insect cells by fluorescence polarization assay,7851754,B,IC50,9,=,Homo sapiens,CHEMBL1911545,CHEMBL1909618,,,Direct protein target assigned,,,,False,-1,False,False,,,5.989999771118164,,,NR3C2_IC50Ki_282,5.989999771118164,True
CHEMBL1994,CC1NC(=O)C(c2ccc(F)cc2)=C1c1cc(F)c2c(c1)NC(=O)CO2,CC1NC(=O)C(c2ccc(F)cc2)=C1c1cc(F)c2c(c1)NC(=O)CO2,7.039999961853027,CHEMBL2423838,Displacement of [3H]-Aldosterone from human MR expressed in 293 cells after 16 hrs by scintillation counting,13416305,B,IC50,9,=,Homo sapiens,CHEMBL2419299,CHEMBL2417412,,HEK293,Direct protein target assigned,,,,False,-1,False,False,,,7.039999961853027,,,NR3C2_IC50Ki_376,7.039999961853027,True
CHEMBL1994,CC1OC(=O)C(c2ccc(F)cc2)=C1c1ccc2c(c1)NC(=O)CO2,CC1OC(=O)C(c2ccc(F)cc2)=C1c1ccc2c(c1)NC(=O)CO2,6.920000076293945,CHEMBL2423838,Displacement of [3H]-Aldosterone from human MR expressed in 293 cells after 16 hrs by scintillation counting,13416313,B,IC50,9,=,Homo sapiens,CHEMBL2419306,CHEMBL2417412,,HEK293,Direct protein target assigned,,,,False,-1,False,False,,,6.920000076293945,,,NR3C2_IC50Ki_384,6.920000076293945,True
CHEMBL1994,N#Cc1ccc(N2N=C(c3ccc(C(=O)O)cc3)CC2C2CCCC2)cc1,N#Cc1ccc(N2N=C(c3ccc(C(=O)O)cc3)CC2C2CCCC2)cc1,6.820000171661377,CHEMBL1219662,Antagonist activity at Gal4-tagged mineralocorticoid receptor expressed in human Huh7 cells by luciferase reporter gene assay,3403560,F,IC50,8,=,Homo sapiens,CHEMBL1215052,CHEMBL1212897,,Huh-7,Homologous protein target assigned,,,,False,-1,False,False,,,6.820000171661377,,,NR3C2_IC50Ki_224,6.820000171661377,True
CHEMBL1994,CCOc1cc(C2=NN(c3ccc(C#N)c(Cl)c3)C(C3CCCC3)C2)ccc1C(=O)O,CCOc1cc(C2=NN(c3ccc(C#N)c(Cl)c3)[C@@H](C3CCCC3)C2)ccc1C(=O)O;CCOc1cc(C2=NN(c3ccc(C#N)c(Cl)c3)[C@@H](C3CCCC3)C2)ccc1C(=O)O,8.220;7.590,CHEMBL1219662;CHEMBL3265996,Antagonist activity at Gal4-tagged mineralocorticoid receptor expressed in human Huh7 cells by luciferase reporter gene assay;Antagonist activity at mineralocorticoid receptor (unknown origin) by Gal4-based cellular assay,3403569;14658165,F;B,IC50;IC50,8;9,=;=,Homo sapiens;Homo sapiens,CHEMBL1215197;CHEMBL1215197,CHEMBL1212897;CHEMBL3259597,None;None,Huh-7;None,Homologous protein target assigned;Direct protein target assigned,None;None,None;None,None;None,False;False,-1;-1,False;False,True,7.905,0.3150000000000004,7.905,0.3150000000000004,2.0,NR3C2_IC50Ki_836,7.905,True
CHEMBL1994,CCC(C(=O)OC)(c1ccc(Cl)cc1)n1ccc2c(NS(C)(=O)=O)cccc21,CC[C@@](C(=O)OC)(c1ccc(Cl)cc1)n1ccc2c(NS(C)(=O)=O)cccc21;CC[C@](C(=O)OC)(c1ccc(Cl)cc1)n1ccc2c(NS(C)(=O)=O)cccc21;CCC(C(=O)OC)(c1ccc(Cl)cc1)n1ccc2c(NS(C)(=O)=O)cccc21,6.480;7.820;7.220,CHEMBL4717253;CHEMBL4717253;CHEMBL4717253,Antagonist activity at human full-length MCR assessed as inhibition of receptor binding to co-activator peptide by PathHunter assay;Antagonist activity at human full-length MCR assessed as inhibition of receptor binding to co-activator peptide by PathHunter assay;Antagonist activity at human full-length MCR assessed as inhibition of receptor binding to co-activator peptide by PathHunter assay,22825198;22825199;22825204,B;B;B,IC50;IC50;IC50,9;9;9,=;=;=,Homo sapiens;Homo sapiens;Homo sapiens,CHEMBL4749536;CHEMBL4792628;CHEMBL4794194,CHEMBL4715716;CHEMBL4715716;CHEMBL4715716,None;None;None,None;None;None,Direct protein target assigned;Direct protein target assigned;Direct protein target assigned,None;None;None,None;None;None,None;None;None,False;False;False,-1;-1;-1,False;False;False,True,7.173333333333333,0.5480470377217228,7.22,0.6000000000000005,3.0,NR3C2_IC50Ki_718,7.22,True
CHEMBL1994,CC(c1ccccc1)N1C(=O)OC(Cc2ccccc2)(c2nnc(-c3ccccc3)o2)C1=O,C[C@H](c1ccccc1)N1C(=O)O[C@](Cc2ccccc2)(c2nnc(-c3ccccc3)o2)C1=O,6.420000076293945,CHEMBL3241715,Antagonist activity at mineralocorticoid receptor (unknown origin) by PathHunter assay,14566217,B,IC50,9,=,Homo sapiens,CHEMBL3234855,CHEMBL3232811,,,Direct protein target assigned,,,,False,-1,False,False,,,6.420000076293945,,,NR3C2_IC50Ki_472,6.420000076293945,True
CHEMBL1994,CC(c1ccccc1)N1C(=O)OC(Cc2ccccc2)(C(=O)NCc2ccc3cnccc3c2)C1=O,C[C@H](c1ccccc1)N1C(=O)O[C@](Cc2ccccc2)(C(=O)NCc2ccc3cnccc3c2)C1=O,5.820000171661377,CHEMBL2411354,Antagonist activity at human mineralocorticoid receptor assessed as inhibition of binding to coactivator peptide by NH Pro assay,13393519,B,IC50,9,=,Homo sapiens,CHEMBL2407863,CHEMBL2407028,,,Direct protein target assigned,,,,False,-1,False,False,,,5.820000171661377,,,NR3C2_IC50Ki_347,5.820000171661377,True
CHEMBL1994,Cc1[nH]nc(-c2ccc3c(c2)NC(=O)CO3)c1-c1ccc(F)cc1,Cc1[nH]nc(-c2ccc3c(c2)NC(=O)CO3)c1-c1ccc(F)cc1,5.429999828338623,CHEMBL3381811,Displacement of [3H]aldosterone from human mineralocorticoid receptor expressed in 293 cells after 16 hrs by scintillation counting,15095233,B,IC50,9,=,Homo sapiens,CHEMBL3337723,CHEMBL3351638,,293,Direct protein target assigned,,,,False,-1,False,False,,,5.429999828338623,,,NR3C2_IC50Ki_505,5.429999828338623,True
CHEMBL1994,CCC(C)C(NC(=O)C(CCCNC(=N)N)NC(=O)C(Cc1cnc[nH]1)NC(=O)C(CCCCN)NC(=O)C(CCC(=O)O)NC(=O)C(N)CCC(N)=O)C(=O)NC(CC(C)C)C(=O)NC(Cc1cnc[nH]1)C(=O)NC(CCCCN)C(=O)NC(CC(C)C)C(=O)NC(CC(C)C)C(=O)NC(CCC(N)=O)C(=O)NC(CC(N)=O)C(=O)NCC(=O)NC(CC(N)=O)C(=O)O,CC[C@H](C)[C@H](NC(=O)[C@H](CCCNC(=N)N)NC(=O)[C@H](Cc1cnc[nH]1)NC(=O)[C@H](CCCCN)NC(=O)[C@H](CCC(=O)O)NC(=O)[C@@H](N)CCC(N)=O)C(=O)N[C@@H](CC(C)C)C(=O)N[C@@H](Cc1cnc[nH]1)C(=O)N[C@@H](CCCCN)C(=O)N[C@@H](CC(C)C)C(=O)N[C@@H](CC(C)C)C(=O)N[C@@H](CCC(N)=O)C(=O)N[C@@H](CC(N)=O)C(=O)NCC(=O)N[C@@H](CC(N)=O)C(=O)O,5.340000152587891,CHEMBL4008045,Binding affinity to N-terminal 6His-GST-tagged human MR LBD (727 to 984 residues) harboring C808S mutation expressed in Escherichia coli BL21DE3/corticosterone complex by AlphaScreen assay,18033421,B,IC50,9,=,Homo sapiens,CHEMBL4071048,CHEMBL4007392,,,Direct protein target assigned,C808S,,,False,-1,False,False,,,5.340000152587891,,,NR3C2_IC50Ki_639,5.340000152587891,True
CHEMBL1994,Cc1cc(N2N=C3c4ccc(C(=O)O)cc4COC3C2C2CCCC2)ccc1C#N,Cc1cc(N2N=C3c4ccc(C(=O)O)cc4CO[C@H]3[C@H]2C2CCCC2)ccc1C#N;Cc1cc(N2N=C3c4ccc(C(=O)O)cc4CO[C@@H]3[C@@H]2C2CCCC2)ccc1C#N,7.410;7.580,CHEMBL1219662;CHEMBL1219662,Antagonist activity at Gal4-tagged mineralocorticoid receptor expressed in human Huh7 cells by luciferase reporter gene assay;Antagonist activity at Gal4-tagged mineralocorticoid receptor expressed in human Huh7 cells by luciferase reporter gene assay,3403593;3403628,F;F,IC50;IC50,8;8,=;=,Homo sapiens;Homo sapiens,CHEMBL1215625;CHEMBL1215627,CHEMBL1212897;CHEMBL1212897,None;None,Huh-7;Huh-7,Homologous protein target assigned;Homologous protein target assigned,None;None,None;None,None;None,False;False,-1;-1,False;False,True,7.495,0.0849999999999999,7.495,0.0849999999999999,2.0,NR3C2_IC50Ki_867,7.495,True
CHEMBL1994,CNC(=O)CC1COc2cc(F)c(OC(C)C)cc2N1C(=O)c1ccc2c(c1)NC(=O)CO2,CNC(=O)C[C@H]1COc2cc(F)c(OC(C)C)cc2N1C(=O)c1ccc2c(c1)NC(=O)CO2;CNC(=O)C[C@H]1COc2cc(F)c(OC(C)C)cc2N1C(=O)c1ccc2c(c1)NC(=O)CO2,8.000;6.700,CHEMBL4423290;CHEMBL4423293,Displacement of [3H]-aldosterone to human mineralocorticoid receptor LBD by radiometric binding assay;Antagonist activity at gal4-fused human mineralocorticoid receptor LBD expressed in UAS-MR-bla HEK293 cells by luciferase reporter gene assay,19363397;19363474,B;B,Ki;IC50,9;9,=;=,Homo sapiens;Homo sapiens,CHEMBL4440231;CHEMBL4440231,CHEMBL4422622;CHEMBL4422622,None;None,None;None,Direct protein target assigned;Direct protein target assigned,None;None,None;None,None;None,False;False,-1;-1,False;False,True,7.35,0.6499999999999999,7.35,0.6499999999999999,2.0,NR3C2_IC50Ki_814,7.35,True
CHEMBL1994,CC1CN(c2ccc3c(n2)NC(=O)CO3)C(c2ccc(F)cc2)CO1,C[C@@H]1CN(c2ccc3c(n2)NC(=O)CO3)[C@H](c2ccc(F)cc2)CO1;C[C@@H]1CN(c2ccc3c(n2)NC(=O)CO3)[C@H](c2ccc(F)cc2)CO1,7.410;6.980,CHEMBL4028141;CHEMBL4028145,Displacement of [3H]-aldosterone from human GST-tagged MR ligand binding domain after 4 hrs by liquid scintillation counting;Antagonist activity at human GAL4-DBD fused MR ligand binding domain transfected in human Huh7 cells co-expressing GAL4-RE-Luc assessed as reduction in aldosterone-induced luciferase activity after 16 hrs in presence of serum by luciferase reporter gene assay,18126803;18126788,B;B,IC50;IC50,9;9,=;=,Homo sapiens;Homo sapiens,CHEMBL4078214;CHEMBL4078214,CHEMBL4024791;CHEMBL4024791,None;None,None;None,Direct protein target assigned;Direct protein target assigned,None;None,None;None,None;None,False;False,-1;-1,False;False,True,7.195,0.2149999999999998,7.195,0.2149999999999998,2.0,NR3C2_IC50Ki_793,7.195,True
CHEMBL1994,CC(=O)C1=C(C)NC(C)=C(C(=O)OC(C)C)C1c1cccc2c(=O)cc(C)oc12,CC(=O)C1=C(C)NC(C)=C(C(=O)OC(C)C)C1c1cccc2c(=O)cc(C)oc12,7.409999847412109,CHEMBL4008023,Antagonist activity at Gal4-fused human MR LBD (734 to 985 residues) expressed in CHO-K1 cells after 5 to 6 hrs by luciferase reporter gene assay,18033277,B,IC50,9,=,Homo sapiens,CHEMBL4102462,CHEMBL4007392,,,Direct protein target assigned,,,,False,-1,False,False,,,7.409999847412109,,,NR3C2_IC50Ki_619,7.409999847412109,True
CHEMBL1994,COc1ccc(F)cc1C(C)(C)CC(O)(C(=O)Nc1ccc2c(=O)onc(C)c2c1)C(F)(F)F,COc1ccc(F)cc1C(C)(C)CC(O)(C(=O)Nc1ccc2c(=O)onc(C)c2c1)C(F)(F)F;COc1ccc(F)cc1C(C)(C)CC(O)(C(=O)Nc1ccc2c(=O)onc(C)c2c1)C(F)(F)F,6.890;8.100,CHEMBL909351;CHEMBL1261748,Inhibition of tetramethylrhodamine labeled dexamethasone binding to MR by FP assay;Binding affinity to human recombinant mineralocorticoid receptor expressed in baculovirus infected Sf9 cells,1799352;3514676,B;B,IC50;IC50,8;9,=;=,Homo sapiens;Homo sapiens,CHEMBL263091;CHEMBL263091,CHEMBL1138857;CHEMBL1255506,None;None,None;Sf9,Homologous protein target assigned;Direct protein target assigned,None;None,None;None,None;None,False;False,-1;-1,False;False,True,7.494999999999999,0.605,7.494999999999999,0.605,2.0,NR3C2_IC50Ki_751,7.494999999999999,True
CHEMBL1994,CC(C)CC(NC(=O)C(CC(C)C)NC(=O)C(CCC(=O)O)NC(=O)C(CO)NC(=O)C(CS)NC(=O)C1CCCN1C(=O)C(CCCNC(=N)N)NC(=O)C(N)CCCNC(=N)N)C(=O)NC(CCCCN)C(=O)NC(Cc1ccc(O)cc1)C(=O)NC(CC(C)C)C(=O)NC(C(=O)NC(C(=O)NC(CC(N)=O)C(=O)NC(CC(=O)O)C(=O)O)C(C)O)C(C)O,CC(C)C[C@H](NC(=O)[C@H](CC(C)C)NC(=O)[C@H](CCC(=O)O)NC(=O)[C@H](CO)NC(=O)[C@H](CS)NC(=O)[C@@H]1CCCN1C(=O)[C@H](CCCNC(=N)N)NC(=O)[C@@H](N)CCCNC(=N)N)C(=O)N[C@@H](CCCCN)C(=O)N[C@@H](Cc1ccc(O)cc1)C(=O)N[C@@H](CC(C)C)C(=O)N[C@H](C(=O)N[C@H](C(=O)N[C@@H](CC(N)=O)C(=O)N[C@@H](CC(=O)O)C(=O)O)[C@H](C)O)[C@H](C)O,5.960000038146973,CHEMBL4008045,Binding affinity to N-terminal 6His-GST-tagged human MR LBD (727 to 984 residues) harboring C808S mutation expressed in Escherichia coli BL21DE3/corticosterone complex by AlphaScreen assay,18033427,B,IC50,9,=,Homo sapiens,CHEMBL4095997,CHEMBL4007392,,,Direct protein target assigned,C808S,,,False,-1,False,False,,,5.960000038146973,,,NR3C2_IC50Ki_645,5.960000038146973,True
CHEMBL1994,O=C1COc2ccc(S(=O)(=O)N3c4ccccc4COc4cc(F)ccc43)cc2N1,O=C1COc2ccc(S(=O)(=O)N3c4ccccc4COc4cc(F)ccc43)cc2N1;O=C1COc2ccc(S(=O)(=O)N3c4ccccc4COc4cc(F)ccc43)cc2N1,7.250;6.890,CHEMBL3776776;CHEMBL3776777,Antagonist activity against 6xHis-MBP-fused human MR LBD domain (732 to 984 amino acid residues) C808S mutant expressed in Escherichia coli BL21(DE3) assessed as inhibition of aldosterone-mediated receptor activation after 16 hrs by luciferase assay;Displacement of 3H-Cortisol from 6xHis-MBP-fused human MR LBD domain (732 to 984 amino acid residues) C808S mutant expressed in Escherichia coli BL21(DE3) preincubated for 1 hr measured after 30 mins by microbeta plate reader analysis,16506612;16506576,B;B,IC50;Ki,9;9,=;=,Homo sapiens;Homo sapiens,CHEMBL3775370;CHEMBL3775370,CHEMBL3774336;CHEMBL3774336,None;None,None;None,Direct protein target assigned;Direct protein target assigned,C808S;C808S,None;None,None;None,False;False,-1;-1,False;False,True,7.07,0.1800000000000001,7.07,0.1800000000000001,2.0,NR3C2_IC50Ki_744,7.07,True
CHEMBL1994,NC(=O)Nc1cc(-c2ccnn2-c2ccccc2)ccn1,NC(=O)Nc1cc(-c2ccnn2-c2ccccc2)ccn1,6.170000076293945,CHEMBL3705363,"Competitive Molecular Binding Assay: The MR competitive binding assay is based on the binding and displacement of a TAMRA-labeled Dexamethasone probe with fluorescence polarization (FP) detection. The assay is performed in 384-well, low volume NBS black plates (Corning #3676) in assay buffer consisting of 10 mM TES, pH 7.4, 50 mM KCl, 20 mM Sodium molybdate, 1.5 mM EDTA, 0.04% CHAPS, 10% Glycerol and 1 mM DTT. Full Length human mineralocorticoid receptor (hMR) present in a baculovirus infected insect cell lysate is diluted 2 fold in assay buffer and 10 μL of this dilution is added to the assay plate. Blank wells receive 10 μL of the diluted MR lysate containing 3 μM Dexamethasone. 2 μL diluted test compound is transferred to the assay plate for a final starting top concentration of 10 μM in 1% DMSO. The reaction is started by adding 3 μL of 25 nM probe in assay buffer for a final assay concentration of 5 nM.",17633049,B,IC50,9,=,Homo sapiens,CHEMBL3643649,CHEMBL3638806,,,Direct protein target assigned,,,,False,-1,False,False,,,6.170000076293945,,,NR3C2_IC50Ki_556,6.170000076293945,True
CHEMBL1994,Cc1ccccc1-n1nc(C(F)(F)F)cc1-c1ccc2c(c1)NC(=O)CO2,Cc1ccccc1-n1nc(C(F)(F)F)cc1-c1ccc2c(c1)NC(=O)CO2;Cc1ccccc1-n1nc(C(F)(F)F)cc1-c1ccc2c(c1)NC(=O)CO2,7.100;6.820,CHEMBL1929756;CHEMBL1929764,Displacement of [3H]aldosterone from cytosolic human MR expressed in HEK293 cells after 16 hrs by scintillation counting;Antagonist activity at human MR transfected in human COS1 cells after 1 day by luciferase reporter gene assay,7969254;7970227,B;F,IC50;IC50,9;9,=;=,Homo sapiens;Homo sapiens,CHEMBL1929036;CHEMBL1929036,CHEMBL1926625;CHEMBL1926625,None;None,HEK293;COS-1,Direct protein target assigned;Direct protein target assigned,None;None,None;None,None;None,False;False,-1;-1,False;False,True,6.96,0.1399999999999996,6.96,0.1399999999999996,2.0,NR3C2_IC50Ki_840,6.96,True
CHEMBL1994,Cc1ccccc1C(Cc1ccnc(NC(N)=O)c1)C1CC1,Cc1ccccc1C(Cc1ccnc(NC(N)=O)c1)C1CC1,7.659999847412109,CHEMBL3705363,"Competitive Molecular Binding Assay: The MR competitive binding assay is based on the binding and displacement of a TAMRA-labeled Dexamethasone probe with fluorescence polarization (FP) detection. The assay is performed in 384-well, low volume NBS black plates (Corning #3676) in assay buffer consisting of 10 mM TES, pH 7.4, 50 mM KCl, 20 mM Sodium molybdate, 1.5 mM EDTA, 0.04% CHAPS, 10% Glycerol and 1 mM DTT. Full Length human mineralocorticoid receptor (hMR) present in a baculovirus infected insect cell lysate is diluted 2 fold in assay buffer and 10 μL of this dilution is added to the assay plate. Blank wells receive 10 μL of the diluted MR lysate containing 3 μM Dexamethasone. 2 μL diluted test compound is transferred to the assay plate for a final starting top concentration of 10 μM in 1% DMSO. The reaction is started by adding 3 μL of 25 nM probe in assay buffer for a final assay concentration of 5 nM.",17633077,B,IC50,9,=,Homo sapiens,CHEMBL3643675,CHEMBL3638806,,,Direct protein target assigned,,,,False,-1,False,False,,,7.659999847412109,,,NR3C2_IC50Ki_577,7.659999847412109,True
CHEMBL1994,COc1ccc(F)cc1C(C)(C)CC(O)(Cn1cc(C)nc1C)C(F)(F)F,COc1ccc(F)cc1C(C)(C)CC(O)(Cn1cc(C)nc1C)C(F)(F)F,6.210000038146973,CHEMBL909351,Inhibition of tetramethylrhodamine labeled dexamethasone binding to MR by FP assay,1799377,B,IC50,8,=,Homo sapiens,CHEMBL220023,CHEMBL1138857,,,Homologous protein target assigned,,,,False,-1,False,False,,,6.210000038146973,,,NR3C2_IC50Ki_085,6.210000038146973,True
CHEMBL1994,COc1cc(N2N=C3c4ccc(C(=O)O)cc4CCC3C2C2CCCC2)ccc1C#N,COc1cc(N2N=C3c4ccc(C(=O)O)cc4CC[C@@H]3[C@@H]2C2CCCC2)ccc1C#N,8.149999618530273,CHEMBL1219662,Antagonist activity at Gal4-tagged mineralocorticoid receptor expressed in human Huh7 cells by luciferase reporter gene assay,3403586,F,IC50,8,=,Homo sapiens,CHEMBL1215487,CHEMBL1212897,,Huh-7,Homologous protein target assigned,,,,False,-1,False,False,,,8.149999618530273,,,NR3C2_IC50Ki_242,8.149999618530273,True
CHEMBL1994,CC1Oc2cc(NS(C)(=O)=O)ccc2N(c2ccc(F)cc2)C1=O,CC1Oc2cc(NS(C)(=O)=O)ccc2N(c2ccc(F)cc2)C1=O,6.800000190734863,CHEMBL5136122,Displacement of [3H]-aldosterone from recombinant human mineralocorticoid receptor expressed in baculovirus infected insect cells incubated overnight by liquid scintillation counting analysis,24808032,B,Ki,9,=,Homo sapiens,CHEMBL5174401,CHEMBL5131538,,,Direct protein target assigned,,,,False,-1,False,False,,,6.800000190734863,,,NR3C2_IC50Ki_698,6.800000190734863,True
CHEMBL1994,CC(C)OC(=O)C1=CN(C(=O)c2ccc(F)c(F)c2)CC(C)(C)c2c1[nH]c1ccccc21,CC(C)OC(=O)C1=CN(C(=O)c2ccc(F)c(F)c2)CC(C)(C)c2c1[nH]c1ccccc21,5.0,CHEMBL949851,Antagonist activity at gal-MR expressed in african green monkey CV1 cells co-expressing MH100 by luciferase reporter gene assay,2394665,F,IC50,8,=,Homo sapiens,CHEMBL454138,CHEMBL1140941,,CV-1,Homologous protein target assigned,,,2.0,False,0,False,False,,,5.0,,,NR3C2_IC50Ki_159,5.0,True
CHEMBL1994,CC(c1ccc(F)cc1)N1C(=O)OC(Cc2ccccc2)(c2nc3cc(-c4cnoc4)ccc3[nH]2)C1=O,C[C@H](c1ccc(F)cc1)N1C(=O)O[C@](Cc2ccccc2)(c2nc3cc(-c4cnoc4)ccc3[nH]2)C1=O,7.210000038146973,CHEMBL3578998,Antagonist activity at human mineralocorticoid receptor overexpressed in CHOK1 cells assessed as inhibition of aldosterone-induced protein interaction with coactivator peptide after 6 hrs by luminescence assay,15601446,B,IC50,9,=,Homo sapiens,CHEMBL3578283,CHEMBL3576820,,CHO-K1,Direct protein target assigned,,,,False,-1,False,False,,,7.210000038146973,,,NR3C2_IC50Ki_524,7.210000038146973,True
CHEMBL1994,CC1=CC(C)(C)Nc2ccc(-c3sc(C#N)cc3C)cc21,CC1=CC(C)(C)Nc2ccc(-c3sc(C#N)cc3C)cc21,5.699999809265137,CHEMBL729174,Cross-reactivity as binding to human mineralocorticoid receptor (hMR),296083,F,IC50,9,=,Homo sapiens,CHEMBL131855,CHEMBL1133403,,,Direct protein target assigned,,,,False,-1,False,False,,,5.699999809265137,,,NR3C2_IC50Ki_035,5.699999809265137,True
CHEMBL1994,COc1ccc(F)cc1-c1c[nH]c2c(NC(C)=O)cccc12,COc1ccc(F)cc1-c1c[nH]c2c(NC(C)=O)cccc12,5.179999828338623,CHEMBL3607224,Displacement of [3H]-aldosterone from human mineralocorticoid receptor expressed in HEK293 cells by scintillation counting based radioligand competition binding assay,15684201,B,Ki,9,=,Homo sapiens,CHEMBL3605922,CHEMBL3603837,,HEK293,Direct protein target assigned,,,,False,-1,False,False,,,5.179999828338623,,,NR3C2_IC50Ki_540,5.179999828338623,True
CHEMBL1994,COC(=O)C1=C(C)NC(C)=C(C(=O)OC(C)(C)C)C1c1cccc(C#N)c1,COC(=O)C1=C(C)NC(C)=C(C(=O)OC(C)(C)C)C1c1cccc(C#N)c1,5.5,CHEMBL1219573,Antagonist activity at mineralocorticoid receptor LBD expressed in human HUH7 cells coexpressing GAL4 by luciferase reporter gene assay,3403398,F,IC50,8,=,Homo sapiens,CHEMBL1215122,CHEMBL1212896,,Huh-7,Homologous protein target assigned,,,,False,-1,False,False,,,5.5,,,NR3C2_IC50Ki_170,5.5,True
CHEMBL1994,CCC(CC)(c1ccc(Cl)cc1)n1ccc2c(NS(C)(=O)=O)cccc21,CCC(CC)(c1ccc(Cl)cc1)n1ccc2c(NS(C)(=O)=O)cccc21,7.409999847412109,CHEMBL4342250,Antagonist activity at mineralocorticoid receptor (unknown origin),18995768,B,IC50,9,=,Homo sapiens,CHEMBL4566136,CHEMBL4340566,,,Direct protein target assigned,,,,False,-1,False,False,,,7.409999847412109,,,NR3C2_IC50Ki_654,7.409999847412109,True
CHEMBL1994,CC1(C)OC(=S)Nc2ccc(S(=O)(=O)N3c4ccccc4COc4cc(F)ccc43)cc21,CC1(C)OC(=S)Nc2ccc(S(=O)(=O)N3c4ccccc4COc4cc(F)ccc43)cc21;CC1(C)OC(=S)Nc2ccc(S(=O)(=O)N3c4ccccc4COc4cc(F)ccc43)cc21,7.680;8.220,CHEMBL3776776;CHEMBL3776777,Antagonist activity against 6xHis-MBP-fused human MR LBD domain (732 to 984 amino acid residues) C808S mutant expressed in Escherichia coli BL21(DE3) assessed as inhibition of aldosterone-mediated receptor activation after 16 hrs by luciferase assay;Displacement of 3H-Cortisol from 6xHis-MBP-fused human MR LBD domain (732 to 984 amino acid residues) C808S mutant expressed in Escherichia coli BL21(DE3) preincubated for 1 hr measured after 30 mins by microbeta plate reader analysis,16506620;16506580,B;B,IC50;Ki,9;9,=;=,Homo sapiens;Homo sapiens,CHEMBL3775473;CHEMBL3775473,CHEMBL3774336;CHEMBL3774336,None;None,None;None,Direct protein target assigned;Direct protein target assigned,C808S;C808S,None;None,None;None,False;False,-1;-1,False;False,True,7.95,0.2700000000000004,7.95,0.2700000000000004,2.0,NR3C2_IC50Ki_753,7.95,True
CHEMBL1994,COc1ccc(F)cc1C(C)(C)CC(O)(CN1CC(C)OC(C)C1)C(F)(F)F,COc1ccc(F)cc1C(C)(C)CC(O)(CN1C[C@@H](C)O[C@@H](C)C1)C(F)(F)F;COc1ccc(F)cc1C(C)(C)CC(O)(CN1C[C@H](C)O[C@@H](C)C1)C(F)(F)F,6.350;5.820,CHEMBL909351;CHEMBL909351,Inhibition of tetramethylrhodamine labeled dexamethasone binding to MR by FP assay;Inhibition of tetramethylrhodamine labeled dexamethasone binding to MR by FP assay,1799379;1799380,B;B,IC50;IC50,8;8,=;=,Homo sapiens;Homo sapiens,CHEMBL375348;CHEMBL218830,CHEMBL1138857;CHEMBL1138857,None;None,None;None,Homologous protein target assigned;Homologous protein target assigned,None;None,None;None,None;None,False;False,-1;-1,False;False,True,6.085,0.2649999999999997,6.085,0.2649999999999997,2.0,NR3C2_IC50Ki_745,6.085,True
CHEMBL1994,O=c1[nH]c2cc(C=C3c4ccccc4COc4cc(F)ccc43)ccc2n1C1CC2COCCN2C1,O=c1[nH]c2cc(/C=C3\c4ccccc4COc4cc(F)ccc43)ccc2n1[C@H]1C[C@H]2COCCN2C1;O=c1[nH]c2cc(/C=C3\c4ccccc4COc4cc(F)ccc43)ccc2n1[C@@H]1C[C@@H]2COCCN2C1;O=c1[nH]c2cc(/C=C3\c4ccccc4COc4cc(F)ccc43)ccc2n1[C@@H]1C[C@@H]2COCCN2C1,9.400;7.640;8.050,CHEMBL2188779;CHEMBL3776776;CHEMBL3776777,Displacement of [3H]aldosterone from human mineralocorticoid receptor overexpressed in HEK293 cells by microbeta counting assay;Antagonist activity against 6xHis-MBP-fused human MR LBD domain (732 to 984 amino acid residues) C808S mutant expressed in Escherichia coli BL21(DE3) assessed as inhibition of aldosterone-mediated receptor activation after 16 hrs by luciferase assay;Displacement of 3H-Cortisol from 6xHis-MBP-fused human MR LBD domain (732 to 984 amino acid residues) C808S mutant expressed in Escherichia coli BL21(DE3) preincubated for 1 hr measured after 30 mins by microbeta plate reader analysis,12163944;16507458;16507457,B;B;B,Ki;IC50;Ki,9;9;9,=;=;=,Homo sapiens;Homo sapiens;Homo sapiens,CHEMBL2181925;CHEMBL3775798;CHEMBL3775798,CHEMBL2177005;CHEMBL3774336;CHEMBL3774336,None;None;None,HEK293;None;None,Direct protein target assigned;Direct protein target assigned;Direct protein target assigned,None;C808S;C808S,None;None;None,None;None;None,False;False;False,-1;-1;-1,False;False;False,True,8.363333333333333,0.7519012937584,8.05,0.410000000000001,3.0,NR3C2_IC50Ki_828,8.05,True
CHEMBL1994,CC(C)(CC(O)(Cn1ccc(=O)c2ccccc21)C(F)(F)F)c1ccc(F)cc1O,CC(C)(CC(O)(Cn1ccc(=O)c2ccccc21)C(F)(F)F)c1ccc(F)cc1O,6.059999942779541,CHEMBL909351,Inhibition of tetramethylrhodamine labeled dexamethasone binding to MR by FP assay,1799454,B,IC50,8,=,Homo sapiens,CHEMBL219207,CHEMBL1138857,,,Homologous protein target assigned,,,,False,-1,False,False,,,6.059999942779541,,,NR3C2_IC50Ki_095,6.059999942779541,True
CHEMBL1994,Cc1cc(F)ccc1-n1nccc1-c1ccnc(NC(N)=O)c1,Cc1cc(F)ccc1-n1nccc1-c1ccnc(NC(N)=O)c1,7.420000076293945,CHEMBL3705363,"Competitive Molecular Binding Assay: The MR competitive binding assay is based on the binding and displacement of a TAMRA-labeled Dexamethasone probe with fluorescence polarization (FP) detection. The assay is performed in 384-well, low volume NBS black plates (Corning #3676) in assay buffer consisting of 10 mM TES, pH 7.4, 50 mM KCl, 20 mM Sodium molybdate, 1.5 mM EDTA, 0.04% CHAPS, 10% Glycerol and 1 mM DTT. Full Length human mineralocorticoid receptor (hMR) present in a baculovirus infected insect cell lysate is diluted 2 fold in assay buffer and 10 μL of this dilution is added to the assay plate. Blank wells receive 10 μL of the diluted MR lysate containing 3 μM Dexamethasone. 2 μL diluted test compound is transferred to the assay plate for a final starting top concentration of 10 μM in 1% DMSO. The reaction is started by adding 3 μL of 25 nM probe in assay buffer for a final assay concentration of 5 nM.",17633056,B,IC50,9,=,Homo sapiens,CHEMBL3643656,CHEMBL3638806,,,Direct protein target assigned,,,,False,-1,False,False,,,7.420000076293945,,,NR3C2_IC50Ki_563,7.420000076293945,True
CHEMBL1994,N#Cc1ccc(N2N=C3c4ccc(C(=O)O)cc4CCC3C2C2CCCC2)cc1,N#Cc1ccc(N2N=C3c4ccc(C(=O)O)cc4CC[C@@H]3[C@@H]2C2CCCC2)cc1,7.050000190734863,CHEMBL1219662,Antagonist activity at Gal4-tagged mineralocorticoid receptor expressed in human Huh7 cells by luciferase reporter gene assay,3403584,F,IC50,8,=,Homo sapiens,CHEMBL1215485,CHEMBL1212897,,Huh-7,Homologous protein target assigned,,,,False,-1,False,False,,,7.050000190734863,,,NR3C2_IC50Ki_240,7.050000190734863,True
CHEMBL1994,NC(=O)Nc1cc(CCc2cccc(F)c2)ccn1,NC(=O)Nc1cc(CCc2cccc(F)c2)ccn1,7.070000171661377,CHEMBL3705363,"Competitive Molecular Binding Assay: The MR competitive binding assay is based on the binding and displacement of a TAMRA-labeled Dexamethasone probe with fluorescence polarization (FP) detection. The assay is performed in 384-well, low volume NBS black plates (Corning #3676) in assay buffer consisting of 10 mM TES, pH 7.4, 50 mM KCl, 20 mM Sodium molybdate, 1.5 mM EDTA, 0.04% CHAPS, 10% Glycerol and 1 mM DTT. Full Length human mineralocorticoid receptor (hMR) present in a baculovirus infected insect cell lysate is diluted 2 fold in assay buffer and 10 μL of this dilution is added to the assay plate. Blank wells receive 10 μL of the diluted MR lysate containing 3 μM Dexamethasone. 2 μL diluted test compound is transferred to the assay plate for a final starting top concentration of 10 μM in 1% DMSO. The reaction is started by adding 3 μL of 25 nM probe in assay buffer for a final assay concentration of 5 nM.",17633070,B,IC50,9,=,Homo sapiens,CHEMBL3643669,CHEMBL3638806,,,Direct protein target assigned,,,,False,-1,False,False,,,7.070000171661377,,,NR3C2_IC50Ki_574,7.070000171661377,True
CHEMBL1994,CCS(=O)(=O)Nc1ccc(C(C)(C)c2ccccc2)cc1,CCS(=O)(=O)Nc1ccc(C(C)(C)c2ccccc2)cc1,5.71999979019165,CHEMBL5136122,Displacement of [3H]-aldosterone from recombinant human mineralocorticoid receptor expressed in baculovirus infected insect cells incubated overnight by liquid scintillation counting analysis,24808024,B,Ki,9,=,Homo sapiens,CHEMBL5186524,CHEMBL5131538,,,Direct protein target assigned,,,,False,-1,False,False,,,5.71999979019165,,,NR3C2_IC50Ki_690,5.71999979019165,True
CHEMBL1994,COc1ccc(F)cc1C(C)(C)CC(O)(Cc1cc2cncnc2[nH]1)C(F)(F)F,COc1ccc(F)cc1C(C)(C)CC(O)(Cc1cc2cncnc2[nH]1)C(F)(F)F,6.800000190734863,CHEMBL3132584,Competitive binding affinity to mineralocorticoid receptor (unknown origin) expressed in baculovirus-infected cell system after 1 hr by fluorescence polarization assay in presence of tetramethylrhodamine-labeled dexamethasone,13945747,B,IC50,9,=,Homo sapiens,CHEMBL3126954,CHEMBL3124926,,,Direct protein target assigned,,,,False,-1,False,False,,,6.800000190734863,,,NR3C2_IC50Ki_460,6.800000190734863,True
CHEMBL1994,NC(=O)Nc1cc(-c2cc(C(F)(F)F)nn2-c2ccccc2)ccn1,NC(=O)Nc1cc(-c2cc(C(F)(F)F)nn2-c2ccccc2)ccn1,6.889999866485596,CHEMBL3705363,"Competitive Molecular Binding Assay: The MR competitive binding assay is based on the binding and displacement of a TAMRA-labeled Dexamethasone probe with fluorescence polarization (FP) detection. The assay is performed in 384-well, low volume NBS black plates (Corning #3676) in assay buffer consisting of 10 mM TES, pH 7.4, 50 mM KCl, 20 mM Sodium molybdate, 1.5 mM EDTA, 0.04% CHAPS, 10% Glycerol and 1 mM DTT. Full Length human mineralocorticoid receptor (hMR) present in a baculovirus infected insect cell lysate is diluted 2 fold in assay buffer and 10 μL of this dilution is added to the assay plate. Blank wells receive 10 μL of the diluted MR lysate containing 3 μM Dexamethasone. 2 μL diluted test compound is transferred to the assay plate for a final starting top concentration of 10 μM in 1% DMSO. The reaction is started by adding 3 μL of 25 nM probe in assay buffer for a final assay concentration of 5 nM.",17633046,B,IC50,9,=,Homo sapiens,CHEMBL3643646,CHEMBL3638806,,,Direct protein target assigned,,,,False,-1,False,False,,,6.889999866485596,,,NR3C2_IC50Ki_553,6.889999866485596,True
CHEMBL1994,CCC(Cc1ccc(O)c(C)c1C)NS(=O)(=O)c1c(C)cc(C)cc1C,CC[C@@H](Cc1ccc(O)c(C)c1C)NS(=O)(=O)c1c(C)cc(C)cc1C;CCC(Cc1ccc(O)c(C)c1C)NS(=O)(=O)c1c(C)cc(C)cc1C,6.570;6.620,CHEMBL3097675;CHEMBL3097675,Inhibition of mineralocorticoid receptor (unknown origin) expressed in baculovirus-infected insect cells by fluorescence polarization assay;Inhibition of mineralocorticoid receptor (unknown origin) expressed in baculovirus-infected insect cells by fluorescence polarization assay,13858110;13858117,B;B,IC50;IC50,9;9,=;=,Homo sapiens;Homo sapiens,CHEMBL3094468;CHEMBL3094482,CHEMBL3091417;CHEMBL3091417,None;None,None;None,Direct protein target assigned;Direct protein target assigned,None;None,None;None,None;None,False;False,-1;-1,False;False,True,6.595000000000001,0.0249999999999999,6.595000000000001,0.0249999999999999,2.0,NR3C2_IC50Ki_770,6.595000000000001,True
CHEMBL1994,O=[N+]([O-])c1ccc(N2N=C(c3ccc(O)cc3)CC2c2ccc(F)cc2)cc1,O=[N+]([O-])c1ccc(N2N=C(c3ccc(O)cc3)CC2c2ccc(F)cc2)cc1,6.340000152587891,CHEMBL1219662,Antagonist activity at Gal4-tagged mineralocorticoid receptor expressed in human Huh7 cells by luciferase reporter gene assay,3403529,F,IC50,8,=,Homo sapiens,CHEMBL1215689,CHEMBL1212897,,Huh-7,Homologous protein target assigned,,,,False,-1,False,False,,,6.340000152587891,,,NR3C2_IC50Ki_206,6.340000152587891,True
CHEMBL1994,Cc1nccn1-c1ccc(CNS(=O)(=O)c2ccc(F)cc2F)cc1,Cc1nccn1-c1ccc(CNS(=O)(=O)c2ccc(F)cc2F)cc1,5.679999828338623,CHEMBL3090522,Displacement of [3H]aldosterone from GST-tagged human mineralocorticoid receptor ligand binding domain after 4 hrs by liquid scintillation counting,13835663,B,IC50,9,=,Homo sapiens,CHEMBL3086024,CHEMBL3085697,,,Direct protein target assigned,,,,False,-1,False,False,,,5.679999828338623,,,NR3C2_IC50Ki_392,5.679999828338623,True
CHEMBL1994,Cc1noc(C)c1S(=O)(=O)NCc1ccc(-c2cccc(NS(C)(=O)=O)c2)cc1,Cc1noc(C)c1S(=O)(=O)NCc1ccc(-c2cccc(NS(C)(=O)=O)c2)cc1,5.860000133514404,CHEMBL3090522,Displacement of [3H]aldosterone from GST-tagged human mineralocorticoid receptor ligand binding domain after 4 hrs by liquid scintillation counting,13835668,B,IC50,9,=,Homo sapiens,CHEMBL3086016,CHEMBL3085697,,,Direct protein target assigned,,,,False,-1,False,False,,,5.860000133514404,,,NR3C2_IC50Ki_397,5.860000133514404,True
CHEMBL1994,COc1ccc(F)cc1C(C)(C)CC(O)(Cc1cc2ccccc2[nH]1)C(F)(F)F,COc1ccc(F)cc1C(C)(C)CC(O)(Cc1cc2ccccc2[nH]1)C(F)(F)F;COc1ccc(F)cc1C(C)(C)CC(O)(Cc1cc2ccccc2[nH]1)C(F)(F)F;COc1ccc(F)cc1C(C)(C)C[C@@](O)(Cc1cc2ccccc2[nH]1)C(F)(F)F;COc1ccc(F)cc1C(C)(C)C[C@](O)(Cc1cc2ccccc2[nH]1)C(F)(F)F,6.420;6.420;6.720;5.960,CHEMBL1250866;CHEMBL1913332;CHEMBL1913332;CHEMBL1913332,Binding affinity to mineralocorticoid receptor expressed in baculovirus-infected insect cells using tetramethylrhodamine labeled Dexamethasone by fluorescence polarization microplate assay;Displacement of tetramethylrhodamine-labeled Dexamethasone from human recombinant mineralocorticoid receptor expressed in baculovirus infected insect cells by fluorescence polarization assay;Displacement of tetramethylrhodamine-labeled Dexamethasone from human recombinant mineralocorticoid receptor expressed in baculovirus infected insect cells by fluorescence polarization assay;Displacement of tetramethylrhodamine-labeled Dexamethasone from human recombinant mineralocorticoid receptor expressed in baculovirus infected insect cells by fluorescence polarization assay,3470308;7851059;7851062;7851065,B;B;B;B,IC50;IC50;IC50;IC50,8;9;9;9,=;=;=;=,Homo sapiens;Homo sapiens;Homo sapiens;Homo sapiens,CHEMBL1254651;CHEMBL1254651;CHEMBL1911542;CHEMBL1911543,CHEMBL1250518;CHEMBL1909618;CHEMBL1909618;CHEMBL1909618,None;None;None;None,None;None;None;None,Homologous protein target assigned;Direct protein target assigned;Direct protein target assigned;Direct protein target assigned,None;None;None;None,None;None;None;None,None;None;None;None,False;False;False;False,-1;-1;-1;-1,False;False;False;False,True,6.38,0.2716615541441224,6.42,0.1499999999999999,4.0,NR3C2_IC50Ki_746,6.42,True
CHEMBL1994,N#Cc1ccc(N2N=C(c3ccc(C(=O)O)cc3)CC2c2ccccn2)cc1,N#Cc1ccc(N2N=C(c3ccc(C(=O)O)cc3)CC2c2ccccn2)cc1,5.0,CHEMBL1219662,Antagonist activity at Gal4-tagged mineralocorticoid receptor expressed in human Huh7 cells by luciferase reporter gene assay,3403553,F,IC50,8,=,Homo sapiens,CHEMBL1214967,CHEMBL1212897,,Huh-7,Homologous protein target assigned,,,,False,-1,False,False,,,5.0,,,NR3C2_IC50Ki_217,5.0,True
CHEMBL1994,CC1=CC(C)(C)Nc2ccc3c(c21)C(c1ccccc1)Oc1ccccc1-3,CC1=CC(C)(C)Nc2ccc3c(c21)C(c1ccccc1)Oc1ccccc1-3,6.449999809265137,CHEMBL729160,Antagonistic activity was determined in Human mineralocorticoid receptor(hMR) of CV-1 cells in cotransfection assay.,1186195,F,IC50,8,=,Homo sapiens,CHEMBL101914,CHEMBL1131454,,CV-1,Homologous protein target assigned,,,,False,-1,False,False,,,6.449999809265137,,,NR3C2_IC50Ki_004,6.449999809265137,True
CHEMBL1994,CC(C)CC(NC(=O)C(C)NC(=O)C(CC(N)=O)NC(=O)C(CC(N)=O)NC(=O)C(CCC(=O)O)NC(=O)C(N)CCCCN)C(=O)NC(CC(C)C)C(=O)NC(CCCNC(=N)N)C(=O)NC(Cc1ccc(O)cc1)C(=O)NC(CC(C)C)C(=O)NC(CC(C)C)C(=O)NC(CC(=O)O)C(=O)NC(CCCNC(=N)N)C(=O)NC(CC(=O)O)C(=O)NC(CC(=O)O)C(=O)O,CC(C)C[C@H](NC(=O)[C@H](C)NC(=O)[C@H](CC(N)=O)NC(=O)[C@H](CC(N)=O)NC(=O)[C@H](CCC(=O)O)NC(=O)[C@@H](N)CCCCN)C(=O)N[C@@H](CC(C)C)C(=O)N[C@@H](CCCNC(=N)N)C(=O)N[C@@H](Cc1ccc(O)cc1)C(=O)N[C@@H](CC(C)C)C(=O)N[C@@H](CC(C)C)C(=O)N[C@@H](CC(=O)O)C(=O)N[C@@H](CCCNC(=N)N)C(=O)N[C@@H](CC(=O)O)C(=O)N[C@@H](CC(=O)O)C(=O)O,5.849999904632568,CHEMBL4008045,Binding affinity to N-terminal 6His-GST-tagged human MR LBD (727 to 984 residues) harboring C808S mutation expressed in Escherichia coli BL21DE3/corticosterone complex by AlphaScreen assay,18033424,B,IC50,9,=,Homo sapiens,CHEMBL4066986,CHEMBL4007392,,,Direct protein target assigned,C808S,,,False,-1,False,False,,,5.849999904632568,,,NR3C2_IC50Ki_642,5.849999904632568,True
CHEMBL1994,N#Cc1ccc(N2N=C(c3ccc(C(=O)O)cc3)CC2c2ccc(F)cc2)cc1Cl,N#Cc1ccc(N2N=C(c3ccc(C(=O)O)cc3)CC2c2ccc(F)cc2)cc1Cl;N#Cc1ccc(N2N=C(c3ccc(C(=O)O)cc3)C[C@@H]2c2ccc(F)cc2)cc1Cl,7.250;7.510,CHEMBL1219662;CHEMBL1219662,Antagonist activity at Gal4-tagged mineralocorticoid receptor expressed in human Huh7 cells by luciferase reporter gene assay;Antagonist activity at Gal4-tagged mineralocorticoid receptor expressed in human Huh7 cells by luciferase reporter gene assay,3403546;3403637,F;F,IC50;IC50,8;8,=;=,Homo sapiens;Homo sapiens,CHEMBL1214838;CHEMBL1214839,CHEMBL1212897;CHEMBL1212897,None;None,Huh-7;Huh-7,Homologous protein target assigned;Homologous protein target assigned,None;None,None;None,None;None,False;False,-1;-1,False;False,True,7.38,0.1299999999999999,7.38,0.1299999999999999,2.0,NR3C2_IC50Ki_787,7.38,True
CHEMBL1994,CCC12CCC3C4CCC(=O)C=C4C(CO)CC3C1CCC21C=CCO1,CC[C@]12CC[C@H]3[C@@H](C[C@@H](CO)C4=CC(=O)CC[C@@H]43)[C@@H]1CC[C@@]21C=CCO1,6.960000038146973,CHEMBL3706043,"Receptor Binding Assay: Using cytosol from progesterone receptor-expressing insect cells (Hi5), competitive binding to the progesterone receptor was determined from the ability to displace 3H-progesterone as reference substance from the receptor. If a compound has an affinity corresponding to progesterone, this corresponds to a competition factor (CF) of 1. CF values greater than 1 are characterized by a lower affinity for the progesterone receptor, and CF values of less than 1 are characterized by higher affinity. The test was carried out as test above, with the following modifications: cytosol from mineralocorticoid receptor-expressing insect cells (Hi5) was used, and the reference substance was 3H-aldosterone.",17681978,B,IC50,9,=,Homo sapiens,CHEMBL3692357,CHEMBL3638672,,,Direct protein target assigned,,,,False,-1,False,False,,,6.960000038146973,,,NR3C2_IC50Ki_612,6.960000038146973,True
CHEMBL1994,CS(=O)(=O)CC1COc2cc(F)ccc2N1C(=O)c1ccc2c(c1)NC(=O)CO2,CS(=O)(=O)C[C@H]1COc2cc(F)ccc2N1C(=O)c1ccc2c(c1)NC(=O)CO2;CS(=O)(=O)C[C@H]1COc2cc(F)ccc2N1C(=O)c1ccc2c(c1)NC(=O)CO2,9.500;8.600,CHEMBL4423290;CHEMBL4423293,Displacement of [3H]-aldosterone to human mineralocorticoid receptor LBD by radiometric binding assay;Antagonist activity at gal4-fused human mineralocorticoid receptor LBD expressed in UAS-MR-bla HEK293 cells by luciferase reporter gene assay,19363289;19363665,B;B,Ki;IC50,9;9,=;=,Homo sapiens;Homo sapiens,CHEMBL4572476;CHEMBL4572476,CHEMBL4422622;CHEMBL4422622,None;None,None;None,Direct protein target assigned;Direct protein target assigned,None;None,None;None,None;None,False;False,-1;-1,False;False,True,9.05,0.4500000000000002,9.05,0.4500000000000002,2.0,NR3C2_IC50Ki_738,9.05,True
CHEMBL1994,COc1ccc(F)cc1-c1c(-c2ccccc2)[nH]c2c(NS(C)(=O)=O)cccc12,COc1ccc(F)cc1-c1c(-c2ccccc2)[nH]c2c(NS(C)(=O)=O)cccc12,5.409999847412109,CHEMBL3607224,Displacement of [3H]-aldosterone from human mineralocorticoid receptor expressed in HEK293 cells by scintillation counting based radioligand competition binding assay,15684207,B,Ki,9,=,Homo sapiens,CHEMBL3605928,CHEMBL3603837,,HEK293,Direct protein target assigned,,,,False,-1,False,False,,,5.409999847412109,,,NR3C2_IC50Ki_546,5.409999847412109,True
CHEMBL1994,Cc1ccc(CCc2ccnc(NC(N)=O)c2)cc1,Cc1ccc(CCc2ccnc(NC(N)=O)c2)cc1;Cc1ccc(CCc2ccnc(NC(N)=O)c2)cc1,6.320;5.550,CHEMBL3705363;CHEMBL4008028,"Competitive Molecular Binding Assay: The MR competitive binding assay is based on the binding and displacement of a TAMRA-labeled Dexamethasone probe with fluorescence polarization (FP) detection. The assay is performed in 384-well, low volume NBS black plates (Corning #3676) in assay buffer consisting of 10 mM TES, pH 7.4, 50 mM KCl, 20 mM Sodium molybdate, 1.5 mM EDTA, 0.04% CHAPS, 10% Glycerol and 1 mM DTT. Full Length human mineralocorticoid receptor (hMR) present in a baculovirus infected insect cell lysate is diluted 2 fold in assay buffer and 10 μL of this dilution is added to the assay plate. Blank wells receive 10 μL of the diluted MR lysate containing 3 μM Dexamethasone. 2 μL diluted test compound is transferred to the assay plate for a final starting top concentration of 10 μM in 1% DMSO. The reaction is started by adding 3 μL of 25 nM probe in assay buffer for a final assay concentration of 5 nM.;Antagonist activity at Gal4-fused human MR LBD expressed in HEK293T cells assessed as inhibition of aldosterone-induced transactivation activity after 18 hrs by luciferase reporter gene assay",17633072;18033353,B;B,IC50;IC50,9;9,=;=,Homo sapiens;Homo sapiens,CHEMBL3643670;CHEMBL3643670,CHEMBL3638806;CHEMBL4007392,None;None,None;HEK-293T,Direct protein target assigned;Direct protein target assigned,None;None,None;None,None;None,False;False,-1;-1,False;False,True,5.9350000000000005,0.3850000000000002,5.9350000000000005,0.3850000000000002,2.0,NR3C2_IC50Ki_725,5.9350000000000005,True
CHEMBL1994,COC(=O)C(c1ccc(Cl)cc1Cl)n1ccc2c(NS(C)(=O)=O)cccc21,COC(=O)C(c1ccc(Cl)cc1Cl)n1ccc2c(NS(C)(=O)=O)cccc21,7.480000019073486,CHEMBL4717253,Antagonist activity at human full-length MCR assessed as inhibition of receptor binding to co-activator peptide by PathHunter assay,22825214,B,IC50,9,=,Homo sapiens,CHEMBL4798697,CHEMBL4715716,,,Direct protein target assigned,,,,False,-1,False,False,,,7.480000019073486,,,NR3C2_IC50Ki_683,7.480000019073486,True
CHEMBL1994,Cc1ccc(F)cc1C(C)(C)CC(O)(Cn1ccc(=O)c2ccccc21)C(F)(F)F,Cc1ccc(F)cc1C(C)(C)CC(O)(Cn1ccc(=O)c2ccccc21)C(F)(F)F,6.920000076293945,CHEMBL909351,Inhibition of tetramethylrhodamine labeled dexamethasone binding to MR by FP assay,1799457,B,IC50,8,=,Homo sapiens,CHEMBL216173,CHEMBL1138857,,,Homologous protein target assigned,,,,False,-1,False,False,,,6.920000076293945,,,NR3C2_IC50Ki_098,6.920000076293945,True
CHEMBL1994,C#CC1(O)CCC2C3CCC4=CC(=O)CCC4=C3C(c3ccc(N(C)CCOCCOC4CCC5(C)C(C4)CC(O)C4C5CC(O)C5(C)C(C(C)CCC(=O)O)CCC45)cc3)CC21C,C#C[C@]1(O)CC[C@H]2[C@@H]3CCC4=CC(=O)CCC4=C3[C@@H](c3ccc(N(C)CCOCCO[C@@H]4CC[C@@]5(C)[C@@H](C4)C[C@@H](O)[C@@H]4[C@@H]5C[C@H](O)[C@]5(C)[C@@H]([C@H](C)CCC(=O)O)CC[C@@H]45)cc3)C[C@@]21C;C#C[C@]1(O)CC[C@H]2[C@@H]3CCC4=CC(=O)CCC4=C3[C@@H](c3ccc(N(C)CCOCCO[C@H]4CC[C@@]5(C)[C@@H](C4)C[C@@H](O)[C@@H]4[C@@H]5C[C@H](O)[C@]5(C)[C@@H]([C@H](C)CCC(=O)O)CC[C@@H]45)cc3)C[C@@]21C,6.770;6.820,CHEMBL839923;CHEMBL839923,Inhibition of human Mineralocorticoid receptor;Inhibition of human Mineralocorticoid receptor,1463513;1463526,B;B,Ki;Ki,9;9,=;=,Homo sapiens;Homo sapiens,CHEMBL2096804;CHEMBL2096708,CHEMBL1138676;CHEMBL1138676,None;None,None;None,Direct protein target assigned;Direct protein target assigned,None;None,None;None,None;None,False;False,-1;-1,False;False,True,6.795,0.0250000000000003,6.795,0.0250000000000003,2.0,NR3C2_IC50Ki_727,6.795,True
CHEMBL1994,NC(=O)Nc1cc(CCc2ccc(F)cc2)ccn1,NC(=O)Nc1cc(CCc2ccc(F)cc2)ccn1,7.519999980926514,CHEMBL3705363,"Competitive Molecular Binding Assay: The MR competitive binding assay is based on the binding and displacement of a TAMRA-labeled Dexamethasone probe with fluorescence polarization (FP) detection. The assay is performed in 384-well, low volume NBS black plates (Corning #3676) in assay buffer consisting of 10 mM TES, pH 7.4, 50 mM KCl, 20 mM Sodium molybdate, 1.5 mM EDTA, 0.04% CHAPS, 10% Glycerol and 1 mM DTT. Full Length human mineralocorticoid receptor (hMR) present in a baculovirus infected insect cell lysate is diluted 2 fold in assay buffer and 10 μL of this dilution is added to the assay plate. Blank wells receive 10 μL of the diluted MR lysate containing 3 μM Dexamethasone. 2 μL diluted test compound is transferred to the assay plate for a final starting top concentration of 10 μM in 1% DMSO. The reaction is started by adding 3 μL of 25 nM probe in assay buffer for a final assay concentration of 5 nM.",17633069,B,IC50,9,=,Homo sapiens,CHEMBL3643668,CHEMBL3638806,,,Direct protein target assigned,,,,False,-1,False,False,,,7.519999980926514,,,NR3C2_IC50Ki_573,7.519999980926514,True
CHEMBL1994,Cc1noc(C)c1S(=O)(=O)NCc1ccc(-c2cccc(C#N)c2)cc1,Cc1noc(C)c1S(=O)(=O)NCc1ccc(-c2cccc(C#N)c2)cc1,7.400000095367432,CHEMBL3090522,Displacement of [3H]aldosterone from GST-tagged human mineralocorticoid receptor ligand binding domain after 4 hrs by liquid scintillation counting,13835687,B,IC50,9,=,Homo sapiens,CHEMBL3086013,CHEMBL3085697,,,Direct protein target assigned,,,,False,-1,False,False,,,7.400000095367432,,,NR3C2_IC50Ki_406,7.400000095367432,True
CHEMBL1994,COc1nc(C2=NN(c3ccc(C#N)c(C)c3)C(C3CCCC3)C2)ccc1C(=O)NS(C)(=O)=O,COc1nc(C2=NN(c3ccc(C#N)c(C)c3)[C@@H](C3CCCC3)C2)ccc1C(=O)NS(C)(=O)=O,8.550000190734863,CHEMBL3265996,Antagonist activity at mineralocorticoid receptor (unknown origin) by Gal4-based cellular assay,14658182,B,IC50,9,=,Homo sapiens,CHEMBL3263766,CHEMBL3259597,,,Direct protein target assigned,,,,False,-1,False,False,,,8.550000190734863,,,NR3C2_IC50Ki_502,8.550000190734863,True
CHEMBL1994,CC1Nc2cc3nc(O)cc(C(F)(F)F)c3cc2C1C,C[C@@H]1c2cc3c(C(F)(F)F)cc(O)nc3cc2N[C@@H]1C,5.699999809265137,CHEMBL728560,Antagonistic activity against hMR in co-transfected CV-1 cell,272793,F,IC50,8,=,Homo sapiens,CHEMBL162569,CHEMBL1130772,,CV-1,Homologous protein target assigned,,,,False,-1,False,False,,,5.699999809265137,,,NR3C2_IC50Ki_047,5.699999809265137,True
CHEMBL1994,CC1(C)Nc2ccc(-c3csc(C#N)c3)cc2C(C)(C)C1=O,CC1(C)Nc2ccc(-c3csc(C#N)c3)cc2C(C)(C)C1=O,5.570000171661377,CHEMBL729174,Cross-reactivity as binding to human mineralocorticoid receptor (hMR),286020,F,IC50,9,=,Homo sapiens,CHEMBL131681,CHEMBL1133403,,,Direct protein target assigned,,,,False,-1,False,False,,,5.570000171661377,,,NR3C2_IC50Ki_032,5.570000171661377,True
CHEMBL1994,CCCC1=C(C(=O)OC)C(c2ccc(F)cc2Cl)C(C#N)=C(C)N1,CCCC1=C(C(=O)OC)C(c2ccc(F)cc2Cl)C(C#N)=C(C)N1,7.800000190734863,CHEMBL1219573,Antagonist activity at mineralocorticoid receptor LBD expressed in human HUH7 cells coexpressing GAL4 by luciferase reporter gene assay,3403429,F,IC50,8,=,Homo sapiens,CHEMBL1215549,CHEMBL1212896,,Huh-7,Homologous protein target assigned,,,,False,-1,False,False,,,7.800000190734863,,,NR3C2_IC50Ki_200,7.800000190734863,True
CHEMBL1994,COc1ccc(F)cc1C(C)(C)CC(O)(Cc1cccc(Cl)c1Cl)C(F)(F)F,COc1ccc(F)cc1C(C)(C)CC(O)(Cc1cccc(Cl)c1Cl)C(F)(F)F,6.050000190734863,CHEMBL899207,Displacement of TAMRA labeled mifepristone at human mineralocorticoid receptor in insect cell,1981491,B,IC50,9,=,Homo sapiens,CHEMBL237807,CHEMBL1149697,,,Direct protein target assigned,,,,False,-1,False,False,,,6.050000190734863,,,NR3C2_IC50Ki_134,6.050000190734863,True
CHEMBL1994,C=C1CCCC(C)(C)C1Cc1cc(OC)c(Br)cc1O,C=C1CCCC(C)(C)[C@H]1Cc1cc(OC)c(Br)cc1O,5.820000171661377,CHEMBL873942,Inhibitory activity against human mineralocorticoid receptor (hMR),494458,B,IC50,9,=,Homo sapiens,CHEMBL417729,CHEMBL1129561,,,Direct protein target assigned,,,,False,-1,False,False,,,5.820000171661377,,,NR3C2_IC50Ki_027,5.820000171661377,True
CHEMBL1994,CC1CCc2ccccc2N1S(=O)(=O)c1ccc2c(c1)NC(=O)CO2,CC1CCc2ccccc2N1S(=O)(=O)c1ccc2c(c1)NC(=O)CO2;CC1CCc2ccccc2N1S(=O)(=O)c1ccc2c(c1)NC(=O)CO2,5.700;5.300,CHEMBL4423290;CHEMBL4423293,Displacement of [3H]-aldosterone to human mineralocorticoid receptor LBD by radiometric binding assay;Antagonist activity at gal4-fused human mineralocorticoid receptor LBD expressed in UAS-MR-bla HEK293 cells by luciferase reporter gene assay,19363325;19363452,B;B,Ki;IC50,9;9,=;=,Homo sapiens;Homo sapiens,CHEMBL4467010;CHEMBL4467010,CHEMBL4422622;CHEMBL4422622,None;None,None;None,Direct protein target assigned;Direct protein target assigned,None;None,None;None,None;None,False;False,-1;-1,False;False,True,5.5,0.2000000000000001,5.5,0.2000000000000001,2.0,NR3C2_IC50Ki_772,5.5,True
CHEMBL1994,N#Cc1ccc(N2N=C(c3ccc(C(=O)O)c(OCCCO)c3)CC2C2CCCC2)cc1Cl,N#Cc1ccc(N2N=C(c3ccc(C(=O)O)c(OCCCO)c3)C[C@@H]2C2CCCC2)cc1Cl,7.889999866485596,CHEMBL1219662,Antagonist activity at Gal4-tagged mineralocorticoid receptor expressed in human Huh7 cells by luciferase reporter gene assay,3403570,F,IC50,8,=,Homo sapiens,CHEMBL1215198,CHEMBL1212897,,Huh-7,Homologous protein target assigned,,,,False,-1,False,False,,,7.889999866485596,,,NR3C2_IC50Ki_230,7.889999866485596,True
CHEMBL1994,CCOc1cc(C2=NN(c3ccc(C#N)c(C)c3)C(C3CCCC3)C2)ccc1C(=O)O,CCOc1cc(C2=NN(c3ccc(C#N)c(C)c3)[C@@H](C3CCCC3)C2)ccc1C(=O)O,7.96999979019165,CHEMBL3265996,Antagonist activity at mineralocorticoid receptor (unknown origin) by Gal4-based cellular assay,14658167,B,IC50,9,=,Homo sapiens,CHEMBL3263751,CHEMBL3259597,,,Direct protein target assigned,,,,False,-1,False,False,,,7.96999979019165,,,NR3C2_IC50Ki_489,7.96999979019165,True
CHEMBL1994,CC1C(c2ccc3c(c2)NC(=O)CO3)=C(c2ccc(F)cc2)C(=O)N1CCO,CC1C(c2ccc3c(c2)NC(=O)CO3)=C(c2ccc(F)cc2)C(=O)N1CCO,5.800000190734863,CHEMBL2423838,Displacement of [3H]-Aldosterone from human MR expressed in 293 cells after 16 hrs by scintillation counting,13416307,B,IC50,9,=,Homo sapiens,CHEMBL2419297,CHEMBL2417412,,HEK293,Direct protein target assigned,,,,False,-1,False,False,,,5.800000190734863,,,NR3C2_IC50Ki_378,5.800000190734863,True
CHEMBL1994,COc1ccc(F)cc1C(C)(C)CC(O)(Cc1cc2cc(F)ccc2[nH]1)C(F)(F)F,COc1ccc(F)cc1C(C)(C)CC(O)(Cc1cc2cc(F)ccc2[nH]1)C(F)(F)F,6.389999866485596,CHEMBL1913332,Displacement of tetramethylrhodamine-labeled Dexamethasone from human recombinant mineralocorticoid receptor expressed in baculovirus infected insect cells by fluorescence polarization assay,7851761,B,IC50,9,=,Homo sapiens,CHEMBL1911646,CHEMBL1909618,,,Direct protein target assigned,,,,False,-1,False,False,,,6.389999866485596,,,NR3C2_IC50Ki_288,6.389999866485596,True
CHEMBL1994,Cc1cc(C)c(S(=O)(=O)NC(Cc2c[nH]c3ccc(C#N)cc23)C(F)(F)F)c(C)c1,Cc1cc(C)c(S(=O)(=O)NC(Cc2c[nH]c3ccc(C#N)cc23)C(F)(F)F)c(C)c1,6.679999828338623,CHEMBL3096917,Binding affinity to mineralocorticoid receptor (unknown origin) by fluorescence polarization competitive binding assay,13845363,B,IC50,9,=,Homo sapiens,CHEMBL3093450,CHEMBL3091451,,,Direct protein target assigned,,,,False,-1,False,False,,,6.679999828338623,,,NR3C2_IC50Ki_418,6.679999828338623,True
CHEMBL1994,COC(=O)C(C)(c1ccc(Cl)cc1)n1ccc2c(NS(C)(=O)=O)cccc21,COC(=O)C(C)(c1ccc(Cl)cc1)n1ccc2c(NS(C)(=O)=O)cccc21,6.699999809265137,CHEMBL4717253,Antagonist activity at human full-length MCR assessed as inhibition of receptor binding to co-activator peptide by PathHunter assay,22825205,B,IC50,9,=,Homo sapiens,CHEMBL4790021,CHEMBL4715716,,,Direct protein target assigned,,,,False,-1,False,False,,,6.699999809265137,,,NR3C2_IC50Ki_674,6.699999809265137,True
CHEMBL1994,Cc1noc(C)c1S(=O)(=O)NCc1ccc(-n2ccnc2C)cc1,Cc1noc(C)c1S(=O)(=O)NCc1ccc(-n2ccnc2C)cc1,5.329999923706055,CHEMBL3090522,Displacement of [3H]aldosterone from GST-tagged human mineralocorticoid receptor ligand binding domain after 4 hrs by liquid scintillation counting,13835661,B,IC50,9,=,Homo sapiens,CHEMBL3086019,CHEMBL3085697,,,Direct protein target assigned,,,,False,-1,False,False,,,5.329999923706055,,,NR3C2_IC50Ki_391,5.329999923706055,True
CHEMBL1994,NC(=O)Nc1cc(CCc2ccc(F)c(C(F)(F)F)c2)ccn1,NC(=O)Nc1cc(CCc2ccc(F)c(C(F)(F)F)c2)ccn1,6.480000019073486,CHEMBL3705363,"Competitive Molecular Binding Assay: The MR competitive binding assay is based on the binding and displacement of a TAMRA-labeled Dexamethasone probe with fluorescence polarization (FP) detection. The assay is performed in 384-well, low volume NBS black plates (Corning #3676) in assay buffer consisting of 10 mM TES, pH 7.4, 50 mM KCl, 20 mM Sodium molybdate, 1.5 mM EDTA, 0.04% CHAPS, 10% Glycerol and 1 mM DTT. Full Length human mineralocorticoid receptor (hMR) present in a baculovirus infected insect cell lysate is diluted 2 fold in assay buffer and 10 μL of this dilution is added to the assay plate. Blank wells receive 10 μL of the diluted MR lysate containing 3 μM Dexamethasone. 2 μL diluted test compound is transferred to the assay plate for a final starting top concentration of 10 μM in 1% DMSO. The reaction is started by adding 3 μL of 25 nM probe in assay buffer for a final assay concentration of 5 nM.",17633093,B,IC50,9,=,Homo sapiens,CHEMBL3643691,CHEMBL3638806,,,Direct protein target assigned,,,,False,-1,False,False,,,6.480000019073486,,,NR3C2_IC50Ki_592,6.480000019073486,True
CHEMBL1994,COc1nc(C2=NN(c3ccc(C#N)c(C)c3)C(C3CCCC3)C2)ccc1C(=O)N(C)C,COc1nc(C2=NN(c3ccc(C#N)c(C)c3)[C@@H](C3CCCC3)C2)ccc1C(=O)N(C)C,8.430000305175781,CHEMBL3265996,Antagonist activity at mineralocorticoid receptor (unknown origin) by Gal4-based cellular assay,14658178,B,IC50,9,=,Homo sapiens,CHEMBL3263762,CHEMBL3259597,,,Direct protein target assigned,,,,False,-1,False,False,,,8.430000305175781,,,NR3C2_IC50Ki_498,8.430000305175781,True
CHEMBL1994,COc1ccc(F)cc1C(C)(C)CC(O)(Cc1cc(Cl)ccc1Cl)C(F)(F)F,COc1ccc(F)cc1C(C)(C)CC(O)(Cc1cc(Cl)ccc1Cl)C(F)(F)F,6.269999980926514,CHEMBL899207,Displacement of TAMRA labeled mifepristone at human mineralocorticoid receptor in insect cell,1981501,B,IC50,9,=,Homo sapiens,CHEMBL237377,CHEMBL1149697,,,Direct protein target assigned,,,,False,-1,False,False,,,6.269999980926514,,,NR3C2_IC50Ki_138,6.269999980926514,True
CHEMBL1994,C#CC1(O)CCC2C3CCC4=CC(=O)CCC4=C3C(c3ccc(N(C)CCCC(=O)N(C)C4CCC5(C)C(CC(O)C6C5CC(O)C5(C)C(C(C)CCC(=O)O)CCC65)C4)cc3)CC21C,C#C[C@]1(O)CC[C@H]2[C@@H]3CCC4=CC(=O)CCC4=C3[C@@H](c3ccc(N(C)CCCC(=O)N(C)C4CC[C@@]5(C)[C@@H](C4)C[C@@H](O)[C@@H]4[C@@H]5C[C@H](O)[C@]5(C)[C@@H]([C@H](C)CCC(=O)O)CC[C@@H]45)cc3)C[C@@]21C,6.71999979019165,CHEMBL839923,Inhibition of human Mineralocorticoid receptor,1463363,B,Ki,9,=,Homo sapiens,CHEMBL408376,CHEMBL1138676,,,Direct protein target assigned,,,,False,-1,False,False,,,6.71999979019165,,,NR3C2_IC50Ki_062,6.71999979019165,True
CHEMBL1994,COc1cc(OC)cc(-c2nnc(C3(Cc4ccccc4)OC(=O)N(C(C)c4ccccc4)C3=O)[nH]2)c1,COc1cc(OC)cc(-c2nnc([C@@]3(Cc4ccccc4)OC(=O)N([C@H](C)c4ccccc4)C3=O)[nH]2)c1,6.170000076293945,CHEMBL3241715,Antagonist activity at mineralocorticoid receptor (unknown origin) by PathHunter assay,14566216,B,IC50,9,=,Homo sapiens,CHEMBL3234854,CHEMBL3232811,,,Direct protein target assigned,,,,False,-1,False,False,,,6.170000076293945,,,NR3C2_IC50Ki_471,6.170000076293945,True
CHEMBL1994,O=C1COc2ccc(N3CC(CO)OCC3c3ccccc3)nc2N1,O=C1COc2ccc(N3C[C@@H](CO)OC[C@H]3c3ccccc3)nc2N1,5.0,CHEMBL4028145,Antagonist activity at human GAL4-DBD fused MR ligand binding domain transfected in human Huh7 cells co-expressing GAL4-RE-Luc assessed as reduction in aldosterone-induced luciferase activity after 16 hrs in presence of serum by luciferase reporter gene assay,18126795,B,IC50,9,=,Homo sapiens,CHEMBL4081584,CHEMBL4024791,,,Direct protein target assigned,,,,False,-1,False,False,,,5.0,,,NR3C2_IC50Ki_647,5.0,True
CHEMBL1994,COc1ccc(F)cc1C(C)(C)CC(O)(Cc1ccc(Cl)cc1)C(F)(F)F,COc1ccc(F)cc1C(C)(C)CC(O)(Cc1ccc(Cl)cc1)C(F)(F)F,5.75,CHEMBL899207,Displacement of TAMRA labeled mifepristone at human mineralocorticoid receptor in insect cell,1981470,B,IC50,9,=,Homo sapiens,CHEMBL429627,CHEMBL1149697,,,Direct protein target assigned,,,,False,-1,False,False,,,5.75,,,NR3C2_IC50Ki_128,5.75,True
CHEMBL1994,Cc1nn(CC(F)(F)CCO)c(-c2ccc(F)cc2)c1-c1ccc2c(c1)NC(=O)CO2,Cc1nn(CC(F)(F)CCO)c(-c2ccc(F)cc2)c1-c1ccc2c(c1)NC(=O)CO2;Cc1nn(CC(F)(F)CCO)c(-c2ccc(F)cc2)c1-c1ccc2c(c1)NC(=O)CO2,7.420;6.270,CHEMBL3381811;CHEMBL3381815,Displacement of [3H]aldosterone from human mineralocorticoid receptor expressed in 293 cells after 16 hrs by scintillation counting;Antagonist activity at human mineralocorticoid receptor expressed in COS1 cells after 1 day by luciferase reporter gene assay,15095255;15099903,B;B,IC50;IC50,9;9,=;=,Homo sapiens;Homo sapiens,CHEMBL3337830;CHEMBL3337830,CHEMBL3351638;CHEMBL3351638,None;None,293;COS-1,Direct protein target assigned;Direct protein target assigned,None;None,None;None,None;None,False;False,-1;-1,False;False,True,6.845,0.5750000000000002,6.845,0.5750000000000002,2.0,NR3C2_IC50Ki_857,6.845,True
CHEMBL1994,CC(c1ccc(F)cc1)N1C(=O)OC(Cc2ccccc2)(c2nc3cc(-c4ccccn4)ccc3[nH]2)C1=O,C[C@H](c1ccc(F)cc1)N1C(=O)O[C@](Cc2ccccc2)(c2nc3cc(-c4ccccn4)ccc3[nH]2)C1=O,6.920000076293945,CHEMBL3578998,Antagonist activity at human mineralocorticoid receptor overexpressed in CHOK1 cells assessed as inhibition of aldosterone-induced protein interaction with coactivator peptide after 6 hrs by luminescence assay,15601442,B,IC50,9,=,Homo sapiens,CHEMBL3578287,CHEMBL3576820,,CHO-K1,Direct protein target assigned,,,,False,-1,False,False,,,6.920000076293945,,,NR3C2_IC50Ki_520,6.920000076293945,True
CHEMBL1994,C#CC1(O)CCC2C3CCC4=CC(=O)CCC4=C3C(c3ccc(N(C)CCCS(=O)(=O)N(C)C4CCC5(C)C(CC(O)C6C5CC(O)C5(C)C(C(C)CCC(=O)O)CCC65)C4)cc3)CC21C,C#C[C@]1(O)CC[C@H]2[C@@H]3CCC4=CC(=O)CCC4=C3[C@@H](c3ccc(N(C)CCCS(=O)(=O)N(C)C4CC[C@@]5(C)[C@@H](C4)C[C@@H](O)[C@@H]4[C@@H]5C[C@H](O)[C@]5(C)[C@@H]([C@H](C)CCC(=O)O)CC[C@@H]45)cc3)C[C@@]21C,6.519999980926514,CHEMBL839923,Inhibition of human Mineralocorticoid receptor,1463386,B,Ki,9,=,Homo sapiens,CHEMBL406027,CHEMBL1138676,,,Direct protein target assigned,,,,False,-1,False,False,,,6.519999980926514,,,NR3C2_IC50Ki_064,6.519999980926514,True
CHEMBL1994,CC1=CC(C)(C)Nc2ccc3c(c21)C(c1ccc(C)cc1)Oc1ccccc1-3,CC1=CC(C)(C)Nc2ccc3c(c21)C(c1ccc(C)cc1)Oc1ccccc1-3,5.800000190734863,CHEMBL729160,Antagonistic activity was determined in Human mineralocorticoid receptor(hMR) of CV-1 cells in cotransfection assay.,1221714,F,IC50,8,=,Homo sapiens,CHEMBL102403,CHEMBL1131454,,CV-1,Homologous protein target assigned,,,,False,-1,False,False,,,5.800000190734863,,,NR3C2_IC50Ki_014,5.800000190734863,True
CHEMBL1994,Cc1cc(-c2cc(F)c(F)c3cc[nH]c23)c(Cl)c2c1NC(C)(C)CC2C,Cc1cc(-c2cc(F)c(F)c3cc[nH]c23)c(Cl)c2c1NC(C)(C)CC2C,6.840000152587891,CHEMBL931544,Binding affinity at mineralocorticoid receptor,2174256,B,Ki,8,=,Homo sapiens,CHEMBL429842,CHEMBL1145597,,,Homologous protein target assigned,,,,False,-1,False,False,,,6.840000152587891,,,NR3C2_IC50Ki_156,6.840000152587891,True
CHEMBL1994,COc1cccc2c1-c1ccc(NS(C)(=O)=O)cc1C(c1cccc(C)c1)O2,COc1cccc2c1-c1ccc(NS(C)(=O)=O)cc1C(c1cccc(C)c1)O2,6.480000019073486,CHEMBL728558,Displacement of [3H]aldosterone from human Mineralocorticoid receptor,616090,B,IC50,9,=,Homo sapiens,CHEMBL294800,CHEMBL1147539,,,Direct protein target assigned,,,,False,-1,False,False,,,6.480000019073486,,,NR3C2_IC50Ki_040,6.480000019073486,True
CHEMBL1994,Cc1nc(N2N=C(c3ccc(C(=O)O)cc3)CC2C2CCCC2)ccc1C#N,Cc1nc(N2N=C(c3ccc(C(=O)O)cc3)C[C@@H]2C2CCCC2)ccc1C#N,7.670000076293945,CHEMBL3265996,Antagonist activity at mineralocorticoid receptor (unknown origin) by Gal4-based cellular assay,14658172,B,IC50,9,=,Homo sapiens,CHEMBL3263756,CHEMBL3259597,,,Direct protein target assigned,,,,False,-1,False,False,,,7.670000076293945,,,NR3C2_IC50Ki_492,7.670000076293945,True
CHEMBL1994,CC1C(c2ccc3c(c2)NC(=O)CO3)=C(c2ccc(F)cc2)C(=O)N1C1CC1,CC1C(c2ccc3c(c2)NC(=O)CO3)=C(c2ccc(F)cc2)C(=O)N1C1CC1,7.170000076293945,CHEMBL2423838,Displacement of [3H]-Aldosterone from human MR expressed in 293 cells after 16 hrs by scintillation counting,13416308,B,IC50,9,=,Homo sapiens,CHEMBL2419296,CHEMBL2417412,,HEK293,Direct protein target assigned,,,,False,-1,False,False,,,7.170000076293945,,,NR3C2_IC50Ki_379,7.170000076293945,True
CHEMBL1994,CCN1C(C)=C(C#N)C(c2ccc(F)cc2F)C(C(=O)OC(C)(C)C)=C1C,CCN1C(C)=C(C#N)C(c2ccc(F)cc2F)C(C(=O)OC(C)(C)C)=C1C,5.789999961853027,CHEMBL1219573,Antagonist activity at mineralocorticoid receptor LBD expressed in human HUH7 cells coexpressing GAL4 by luciferase reporter gene assay,3403416,F,IC50,8,=,Homo sapiens,CHEMBL1215328,CHEMBL1212896,,Huh-7,Homologous protein target assigned,,,,False,-1,False,False,,,5.789999961853027,,,NR3C2_IC50Ki_187,5.789999961853027,True
CHEMBL1994,NS(=O)(=O)CC1COc2cc(F)ccc2N1C(=O)c1ccc2c(c1)NCCO2,NS(=O)(=O)C[C@H]1COc2cc(F)ccc2N1C(=O)c1ccc2c(c1)NCCO2;NS(=O)(=O)C[C@H]1COc2cc(F)ccc2N1C(=O)c1ccc2c(c1)NCCO2,7.400;6.700,CHEMBL4423290;CHEMBL4423293,Displacement of [3H]-aldosterone to human mineralocorticoid receptor LBD by radiometric binding assay;Antagonist activity at gal4-fused human mineralocorticoid receptor LBD expressed in UAS-MR-bla HEK293 cells by luciferase reporter gene assay,19363403;19363480,B;B,Ki;IC50,9;9,=;=,Homo sapiens;Homo sapiens,CHEMBL4557356;CHEMBL4557356,CHEMBL4422622;CHEMBL4422622,None;None,None;None,Direct protein target assigned;Direct protein target assigned,None;None,None;None,None;None,False;False,-1;-1,False;False,True,7.050000000000001,0.3500000000000001,7.050000000000001,0.3500000000000001,2.0,NR3C2_IC50Ki_763,7.050000000000001,True
CHEMBL1994,Cc1cc(N2N=C(c3ccc(C(=O)O)cc3)CC2c2ccc(F)cc2)ccc1C#N,Cc1cc(N2N=C(c3ccc(C(=O)O)cc3)CC2c2ccc(F)cc2)ccc1C#N,7.25,CHEMBL1219662,Antagonist activity at Gal4-tagged mineralocorticoid receptor expressed in human Huh7 cells by luciferase reporter gene assay,3403548,F,IC50,8,=,Homo sapiens,CHEMBL1214841,CHEMBL1212897,,Huh-7,Homologous protein target assigned,,,,False,-1,False,False,,,7.25,,,NR3C2_IC50Ki_216,7.25,True
CHEMBL1994,CC1=CC(C)(C)Nc2ccc3c(c21)C(c1ccccc1)Oc1ccc(Cl)cc1-3,CC1=CC(C)(C)Nc2ccc3c(c21)C(c1ccccc1)Oc1ccc(Cl)cc1-3,5.960000038146973,CHEMBL844554,Binding affinity for mineralocorticoid receptor,1027694,B,Ki,9,=,Homo sapiens,CHEMBL318409,CHEMBL1134574,,,Direct protein target assigned,,,,False,-1,False,False,,,5.960000038146973,,,NR3C2_IC50Ki_052,5.960000038146973,True
CHEMBL1994,COc1cc(CNC(=O)C2(Cc3ccccc3Cl)OC(=O)N(C(C)c3ccccc3)C2=O)cc(OC)c1,COc1cc(CNC(=O)[C@@]2(Cc3ccccc3Cl)OC(=O)N([C@H](C)c3ccccc3)C2=O)cc(OC)c1,6.349999904632568,CHEMBL2411354,Antagonist activity at human mineralocorticoid receptor assessed as inhibition of binding to coactivator peptide by NH Pro assay,13393504,B,IC50,9,=,Homo sapiens,CHEMBL2407638,CHEMBL2407028,,,Direct protein target assigned,,,,False,-1,False,False,,,6.349999904632568,,,NR3C2_IC50Ki_337,6.349999904632568,True
CHEMBL1994,COc1ccc(F)cc1C(C)(C)CC(O)(Cc1cc2ccncc2[nH]1)C(F)(F)F,COc1ccc(F)cc1C(C)(C)CC(O)(Cc1cc2ccncc2[nH]1)C(F)(F)F;COc1ccc(F)cc1C(C)(C)C[C@@](O)(Cc1cc2ccncc2[nH]1)C(F)(F)F,6.240;6.420,CHEMBL1250866;CHEMBL1250866,Binding affinity to mineralocorticoid receptor expressed in baculovirus-infected insect cells using tetramethylrhodamine labeled Dexamethasone by fluorescence polarization microplate assay;Binding affinity to mineralocorticoid receptor expressed in baculovirus-infected insect cells using tetramethylrhodamine labeled Dexamethasone by fluorescence polarization microplate assay,3470309;3470337,B;B,IC50;IC50,8;8,=;=,Homo sapiens;Homo sapiens,CHEMBL1254734;CHEMBL1255080,CHEMBL1250518;CHEMBL1250518,None;None,None;None,Homologous protein target assigned;Homologous protein target assigned,None;None,None;None,None;None,False;False,-1;-1,False;False,True,6.33,0.0899999999999998,6.33,0.0899999999999998,2.0,NR3C2_IC50Ki_748,6.33,True
CHEMBL1994,CC(c1ccc(F)cc1)(c1c[nH]c2c(NS(C)(=O)=O)cccc12)C1CC1,C[C@](c1ccc(F)cc1)(c1c[nH]c2c(NS(C)(=O)=O)cccc12)C1CC1;C[C@@](c1ccc(F)cc1)(c1c[nH]c2c(NS(C)(=O)=O)cccc12)C1CC1;CC(c1ccc(F)cc1)(c1c[nH]c2c(NS(C)(=O)=O)cccc12)C1CC1;CC(c1ccc(F)cc1)(c1c[nH]c2c(NS(C)(=O)=O)cccc12)C1CC1,8.120;8.810;9.190;7.190,CHEMBL902628;CHEMBL902628;CHEMBL1680619;CHEMBL1680624,Binding affinity to human mineralocorticoid receptor;Binding affinity to human mineralocorticoid receptor;Displacement of [3H]methyltrienolone from human mineralocorticoid receptor expressed in HEK293 cells;Antagonist activity at human mineralocorticoid receptor expressed in HEK293 cells assessed as inhibition of R5050-induced transcriptional activity by GRE-driven luciferase reporter gene assay,2008175;2008187;5209001;5208941,B;B;B;F,Ki;Ki;Ki;IC50,9;9;9;9,=;=;=;=,Homo sapiens;Homo sapiens;Homo sapiens;Homo sapiens,CHEMBL391439;CHEMBL235209;CHEMBL1672542;CHEMBL1672542,CHEMBL1138341;CHEMBL1138341;CHEMBL1671834;CHEMBL1671834,None;None;None;None,None;None;HEK293;HEK293,Direct protein target assigned;Direct protein target assigned;Direct protein target assigned;Direct protein target assigned,None;None;None;None,None;None;None;None,None;None;None;None,False;False;False;False,-1;-1;-1;-1,False;False;False;False,True,8.327499999999999,0.7605384605659333,8.465,0.5350000000000001,4.0,NR3C2_IC50Ki_719,8.465,True
CHEMBL1994,COc1ccccc1CCc1cccc(NC(N)=O)n1,COc1ccccc1CCc1cccc(NC(N)=O)n1;COc1ccccc1CCc1cccc(NC(N)=O)n1,7.600;7.010,CHEMBL4008027;CHEMBL4008028,Displacement of TAMRA-labeled dexamethasone from full-length human mineralocorticoid receptor expressed in baculovirus infected insect cells after 60 mins by fluorescence polarization assay;Antagonist activity at Gal4-fused human MR LBD expressed in HEK293T cells assessed as inhibition of aldosterone-induced transactivation activity after 18 hrs by luciferase reporter gene assay,18033347;18033354,B;B,IC50;IC50,9;9,=;=,Homo sapiens;Homo sapiens,CHEMBL4075462;CHEMBL4075462,CHEMBL4007392;CHEMBL4007392,None;None,None;HEK-293T,Direct protein target assigned;Direct protein target assigned,None;None,None;None,None;None,False;False,-1;-1,False;False,True,7.305,0.2949999999999999,7.305,0.2949999999999999,2.0,NR3C2_IC50Ki_724,7.305,True
CHEMBL1994,CC(C)(CC(O)(Cc1cc2ccccc2[nH]1)C(F)(F)F)c1cc(F)cc2c1OCC2,CC(C)(CC(O)(Cc1cc2ccccc2[nH]1)C(F)(F)F)c1cc(F)cc2c1OCC2,6.579999923706055,CHEMBL1913332,Displacement of tetramethylrhodamine-labeled Dexamethasone from human recombinant mineralocorticoid receptor expressed in baculovirus infected insect cells by fluorescence polarization assay,7851771,B,IC50,9,=,Homo sapiens,CHEMBL1911656,CHEMBL1909618,,,Direct protein target assigned,,,,False,-1,False,False,,,6.579999923706055,,,NR3C2_IC50Ki_295,6.579999923706055,True
CHEMBL1994,CC1(C)CN(c2ccc(F)cc2)c2ccc(NS(C)(=O)=O)cc2O1,CC1(C)CN(c2ccc(F)cc2)c2ccc(NS(C)(=O)=O)cc2O1,6.789999961853027,CHEMBL5136122,Displacement of [3H]-aldosterone from recombinant human mineralocorticoid receptor expressed in baculovirus infected insect cells incubated overnight by liquid scintillation counting analysis,24808036,B,Ki,9,=,Homo sapiens,CHEMBL5181278,CHEMBL5131538,,,Direct protein target assigned,,,,False,-1,False,False,,,6.789999961853027,,,NR3C2_IC50Ki_701,6.789999961853027,True
CHEMBL1994,CC(C)(CC(O)(Cc1cc2ccncc2[nH]1)C(F)(F)F)c1cc(-c2ccccc2)ccc1O,CC(C)(CC(O)(Cc1cc2ccncc2[nH]1)C(F)(F)F)c1cc(-c2ccccc2)ccc1O,6.800000190734863,CHEMBL1250866,Binding affinity to mineralocorticoid receptor expressed in baculovirus-infected insect cells using tetramethylrhodamine labeled Dexamethasone by fluorescence polarization microplate assay,3470453,B,IC50,8,=,Homo sapiens,CHEMBL1254265,CHEMBL1250518,,,Homologous protein target assigned,,,,False,-1,False,False,,,6.800000190734863,,,NR3C2_IC50Ki_251,6.800000190734863,True
CHEMBL1994,CC#CC1(O)CCC2C3CCC4=CC(=O)CCC4=C3C(c3ccc(N(C)C)cc3)CC21C,CC#C[C@]1(O)CC[C@H]2[C@@H]3CCC4=CC(=O)CCC4=C3[C@@H](c3ccc(N(C)C)cc3)C[C@@]21C;CC#C[C@]1(O)CC[C@H]2[C@@H]3CCC4=CC(=O)CCC4=C3[C@@H](c3ccc(N(C)C)cc3)C[C@@]21C;CC#C[C@]1(O)CC[C@H]2[C@@H]3CCC4=CC(=O)CCC4=C3[C@@H](c3ccc(N(C)C)cc3)C[C@@]21C;CC#C[C@]1(O)CC[C@H]2[C@@H]3CCC4=CC(=O)CCC4=C3[C@@H](c3ccc(N(C)C)cc3)C[C@@]21C;CC#C[C@]1(O)CC[C@H]2[C@@H]3CCC4=CC(=O)CCC4=C3[C@@H](c3ccc(N(C)C)cc3)C[C@@]21C,5.940;5.220;6.190;6.230;6.070,CHEMBL729172;CHEMBL728558;CHEMBL839923;CHEMBL965390;CHEMBL3607224,Inhibition of antagonist activity towards mineralocorticoid receptor (hMR);Displacement of [3H]aldosterone from human Mineralocorticoid receptor;Inhibition of human Mineralocorticoid receptor;Antagonist activity at cloned mineralocorticoid receptor-ligand binding domain expressed in african green monkey COS7 cells by GAL4 luciferase reporter assay;Displacement of [3H]-aldosterone from human mineralocorticoid receptor expressed in HEK293 cells by scintillation counting based radioligand competition binding assay,855039;592333;1463072;2463135;15684797,F;B;B;B;B,IC50;IC50;Ki;IC50;Ki,9;9;9;8;9,=;=;=;=;=,Homo sapiens;Homo sapiens;Homo sapiens;Homo sapiens;Homo sapiens,CHEMBL1276308;CHEMBL1276308;CHEMBL1276308;CHEMBL1276308;CHEMBL1276308,CHEMBL1144945;CHEMBL1147539;CHEMBL1138676;CHEMBL1157410;CHEMBL3603837,None;None;None;None;None,None;None;None;COS-7;HEK293,Direct protein target assigned;Direct protein target assigned;Direct protein target assigned;Homologous protein target assigned;Direct protein target assigned,None;None;None;None;None,None;None;None;None;None,4.0;4.0;4.0;4.0;4.0,True;True;True;True;True,0;0;0;0;0,False;False;False;False;False,True,5.930000000000001,0.3691612113968641,6.07,0.1299999999999999,5.0,NR3C2_IC50Ki_726,6.07,True
CHEMBL1994,Cc1ccc(F)cc1C(C)(C)CC(O)(Cc1cc2cnncc2[nH]1)C(F)(F)F,Cc1ccc(F)cc1C(C)(C)CC(O)(Cc1cc2cnncc2[nH]1)C(F)(F)F,7.079999923706055,CHEMBL3132584,Competitive binding affinity to mineralocorticoid receptor (unknown origin) expressed in baculovirus-infected cell system after 1 hr by fluorescence polarization assay in presence of tetramethylrhodamine-labeled dexamethasone,13945750,B,IC50,9,=,Homo sapiens,CHEMBL3126951,CHEMBL3124926,,,Direct protein target assigned,,,,False,-1,False,False,,,7.079999923706055,,,NR3C2_IC50Ki_461,7.079999923706055,True
CHEMBL1994,Cc1ccccc1C(C)(C)CC(O)(Cc1cc2ncncc2[nH]1)C(F)(F)F,Cc1ccccc1C(C)(C)CC(O)(Cc1cc2ncncc2[nH]1)C(F)(F)F,5.960000038146973,CHEMBL3132584,Competitive binding affinity to mineralocorticoid receptor (unknown origin) expressed in baculovirus-infected cell system after 1 hr by fluorescence polarization assay in presence of tetramethylrhodamine-labeled dexamethasone,13945735,B,IC50,9,=,Homo sapiens,CHEMBL3126943,CHEMBL3124926,,,Direct protein target assigned,,,,False,-1,False,False,,,5.960000038146973,,,NR3C2_IC50Ki_455,5.960000038146973,True
CHEMBL1994,CCOc1ncc(C)c2c1C(c1ccc(C#N)cc1OC)C(C(N)=O)=C(C)N2,CCOc1ncc(C)c2c1[C@H](c1ccc(C#N)cc1OC)C(C(N)=O)=C(C)N2;CCOc1ncc(C)c2c1[C@H](c1ccc(C#N)cc1OC)C(C(N)=O)=C(C)N2;CCOc1ncc(C)c2c1[C@H](c1ccc(C#N)cc1OC)C(C(N)=O)=C(C)N2,7.800;7.750;7.240,CHEMBL2188775;CHEMBL2319267;CHEMBL4008024,Antagonist activity against human mineralocorticoid receptor expressed in CHOK1 cells after 10 to 30 mins by luciferase reporter gene assay;Antagonist activity at mineralocorticoid receptor (unknown origin);Antagonist activity at Gal4-fused human MR LBD expressed in HEK293T cells assessed as inhibition of aldosterone-induced transactivation activity after 16 hrs by luciferase reporter gene assay,12163939;12623071;18033297,F;B;B,IC50;IC50;IC50,9;9;9,=;=;=,Homo sapiens;Homo sapiens;Homo sapiens,CHEMBL2181927;CHEMBL2181927;CHEMBL2181927,CHEMBL2177005;CHEMBL2311467;CHEMBL4007392,None;None;None,CHO-K1;None;HEK-293T,Direct protein target assigned;Direct protein target assigned;Direct protein target assigned,None;None;None,None;None;None,4.0;4.0;4.0,True;True;True,0;0;0,False;False;False,True,7.596666666666667,0.2530261295246444,7.75,0.0499999999999998,3.0,NR3C2_IC50Ki_876,7.75,True
CHEMBL1994,COc1ccc(C(c2ccccc2)c2c[nH]c3ccccc23)cc1,COc1ccc(C(c2ccccc2)c2c[nH]c3ccccc23)cc1,7.059999942779541,CHEMBL1680619,Displacement of [3H]methyltrienolone from human mineralocorticoid receptor expressed in HEK293 cells,5209002,B,Ki,9,=,Homo sapiens,CHEMBL1672540,CHEMBL1671834,,HEK293,Direct protein target assigned,,,,False,-1,False,False,,,7.059999942779541,,,NR3C2_IC50Ki_269,7.059999942779541,True
CHEMBL1994,COC(=O)C1=C(C(F)(F)F)NC(C)=C(C#N)C1c1ccc(F)cc1Cl,COC(=O)C1=C(C(F)(F)F)NC(C)=C(C#N)C1c1ccc(F)cc1Cl,7.28000020980835,CHEMBL1219573,Antagonist activity at mineralocorticoid receptor LBD expressed in human HUH7 cells coexpressing GAL4 by luciferase reporter gene assay,3403430,F,IC50,8,=,Homo sapiens,CHEMBL1215550,CHEMBL1212896,,Huh-7,Homologous protein target assigned,,,,False,-1,False,False,,,7.28000020980835,,,NR3C2_IC50Ki_201,7.28000020980835,True
CHEMBL1994,Cn1c(C#N)ccc1-c1ccc2c(c1)C(C)(c1ccco1)OCC(=O)N2,Cn1c(C#N)ccc1-c1ccc2c(c1)C(C)(c1ccco1)OCC(=O)N2,6.809999942779541,CHEMBL983683,Antagonist activity at mineralocorticoid receptor by Gal4-DNA binding domain-hormone receptor LBD one-hybrid assay,2369875,B,IC50,8,=,Homo sapiens,CHEMBL489788,CHEMBL1144156,,,Homologous protein target assigned,,,,False,-1,False,False,,,6.809999942779541,,,NR3C2_IC50Ki_161,6.809999942779541,True
CHEMBL1994,NC(=O)Nc1cc(-c2ccnn2-c2ccc(F)cc2)ccn1,NC(=O)Nc1cc(-c2ccnn2-c2ccc(F)cc2)ccn1,7.210000038146973,CHEMBL3705363,"Competitive Molecular Binding Assay: The MR competitive binding assay is based on the binding and displacement of a TAMRA-labeled Dexamethasone probe with fluorescence polarization (FP) detection. The assay is performed in 384-well, low volume NBS black plates (Corning #3676) in assay buffer consisting of 10 mM TES, pH 7.4, 50 mM KCl, 20 mM Sodium molybdate, 1.5 mM EDTA, 0.04% CHAPS, 10% Glycerol and 1 mM DTT. Full Length human mineralocorticoid receptor (hMR) present in a baculovirus infected insect cell lysate is diluted 2 fold in assay buffer and 10 μL of this dilution is added to the assay plate. Blank wells receive 10 μL of the diluted MR lysate containing 3 μM Dexamethasone. 2 μL diluted test compound is transferred to the assay plate for a final starting top concentration of 10 μM in 1% DMSO. The reaction is started by adding 3 μL of 25 nM probe in assay buffer for a final assay concentration of 5 nM.",17633048,B,IC50,9,=,Homo sapiens,CHEMBL3643648,CHEMBL3638806,,,Direct protein target assigned,,,,False,-1,False,False,,,7.210000038146973,,,NR3C2_IC50Ki_555,7.210000038146973,True
CHEMBL1994,Cc1c(NC2CCCC2(C)O)ccc(C#N)c1Cl,Cc1c(N[C@@H]2CCC[C@]2(C)O)ccc(C#N)c1Cl;Cc1c(N[C@@H]2CCC[C@@]2(C)O)ccc(C#N)c1Cl,5.740;5.840,CHEMBL3767967;CHEMBL3767967,Displacement of [3H]-aldosterone from mineralocorticoid receptor (unknown origin) expressed in HEK293 cell lysate incubated overnight by microbeta scintillation counting method;Displacement of [3H]-aldosterone from mineralocorticoid receptor (unknown origin) expressed in HEK293 cell lysate incubated overnight by microbeta scintillation counting method,16478892;16478893,B;B,Ki;Ki,9;9,=;=,Homo sapiens;Homo sapiens,CHEMBL3765171;CHEMBL3764185,CHEMBL3763123;CHEMBL3763123,None;None,HEK293;HEK293,Direct protein target assigned;Direct protein target assigned,None;None,None;None,None;None,False;False,-1;-1,False;False,True,5.79,0.0499999999999998,5.79,0.0499999999999998,2.0,NR3C2_IC50Ki_729,5.79,True
CHEMBL1994,Cc1noc(C)c1S(=O)(=O)NCc1ccc(-c2ccccc2)cc1,Cc1noc(C)c1S(=O)(=O)NCc1ccc(-c2ccccc2)cc1,6.449999809265137,CHEMBL3090522,Displacement of [3H]aldosterone from GST-tagged human mineralocorticoid receptor ligand binding domain after 4 hrs by liquid scintillation counting,13835673,B,IC50,9,=,Homo sapiens,CHEMBL1645393,CHEMBL3085697,,,Direct protein target assigned,,,,False,-1,False,False,,,6.449999809265137,,,NR3C2_IC50Ki_401,6.449999809265137,True
CHEMBL1994,CC=C1C(=O)CC2C3CCC4=CC(=O)CCC4(C)C3CCC12C,C/C=C1\C(=O)C[C@H]2[C@@H]3CCC4=CC(=O)CC[C@]4(C)[C@H]3CC[C@]12C;C/C=C1/C(=O)C[C@H]2[C@@H]3CCC4=CC(=O)CC[C@]4(C)[C@H]3CC[C@]12C;C/C=C1\C(=O)C[C@H]2[C@@H]3CCC4=CC(=O)CC[C@]4(C)[C@H]3CC[C@]12C;C/C=C1/C(=O)C[C@H]2[C@@H]3CCC4=CC(=O)CC[C@]4(C)[C@H]3CC[C@]12C;C/C=C1/C(=O)C[C@H]2[C@@H]3CCC4=CC(=O)CC[C@]4(C)[C@H]3CC[C@]12C,7.430;7.410;5.730;6.000;6.500,CHEMBL872346;CHEMBL872346;CHEMBL881399;CHEMBL881399;CHEMBL4374475,Inhibitory concentration against Mineralocorticoid receptor;Inhibitory concentration against Mineralocorticoid receptor;Inhibitory concentration against Mineralocorticoid receptor;Inhibitory concentration against Mineralocorticoid receptor;Antagonist activity at MR (unknown origin) by Alpha Screen assay,1610248;1610261;1610254;1610267;19129224,B;B;B;B;B,Ki;Ki;IC50;IC50;IC50,8;8;8;8;9,=;=;=;=;=,Homo sapiens;Homo sapiens;Homo sapiens;Homo sapiens;Homo sapiens,CHEMBL410683;CHEMBL402063;CHEMBL410683;CHEMBL402063;CHEMBL402063,CHEMBL1140376;CHEMBL1140376;CHEMBL1140376;CHEMBL1140376;CHEMBL4373669,None;None;None;None;None,None;None;None;None;None,Homologous protein target assigned;Homologous protein target assigned;Homologous protein target assigned;Homologous protein target assigned;Direct protein target assigned,None;None;None;None;None,None;None;None;None;None,None;None;None;None;None,False;False;False;False;False,-1;-1;-1;-1;-1,False;False;False;False;False,True,6.614,0.7029822188362944,6.5,0.7699999999999996,5.0,NR3C2_IC50Ki_702,6.5,True
CHEMBL1994,CC(c1ccccc1)N1C(=O)OC(Cc2ccccc2)(c2nnc(-c3cc(F)cc(F)c3)o2)C1=O,C[C@H](c1ccccc1)N1C(=O)O[C@](Cc2ccccc2)(c2nnc(-c3cc(F)cc(F)c3)o2)C1=O,6.570000171661377,CHEMBL3241715,Antagonist activity at mineralocorticoid receptor (unknown origin) by PathHunter assay,14566221,B,IC50,9,=,Homo sapiens,CHEMBL3234859,CHEMBL3232811,,,Direct protein target assigned,,,,False,-1,False,False,,,6.570000171661377,,,NR3C2_IC50Ki_476,6.570000171661377,True
CHEMBL1994,O=C1COc2ccc(COc3ccc(F)cc3F)cc2N1,O=C1COc2ccc(COc3ccc(F)cc3F)cc2N1;O=C1COc2ccc(COc3ccc(F)cc3F)cc2N1,5.740;6.010,CHEMBL3776776;CHEMBL3776777,Antagonist activity against 6xHis-MBP-fused human MR LBD domain (732 to 984 amino acid residues) C808S mutant expressed in Escherichia coli BL21(DE3) assessed as inhibition of aldosterone-mediated receptor activation after 16 hrs by luciferase assay;Displacement of 3H-Cortisol from 6xHis-MBP-fused human MR LBD domain (732 to 984 amino acid residues) C808S mutant expressed in Escherichia coli BL21(DE3) preincubated for 1 hr measured after 30 mins by microbeta plate reader analysis,16506589;16506563,B;B,IC50;Ki,9;9,=;=,Homo sapiens;Homo sapiens,CHEMBL3774930;CHEMBL3774930,CHEMBL3774336;CHEMBL3774336,None;None,None;None,Direct protein target assigned;Direct protein target assigned,C808S;C808S,None;None,None;None,False;False,-1;-1,False;False,True,5.875,0.1349999999999998,5.875,0.1349999999999998,2.0,NR3C2_IC50Ki_771,5.875,True
CHEMBL1994,O=c1[nH]c(N2CCC(c3cccc(Cl)c3)CC2)c(Cc2ccccc2)c(=O)[nH]1,O=c1[nH]c(N2CCC(c3cccc(Cl)c3)CC2)c(Cc2ccccc2)c(=O)[nH]1,6.28000020980835,CHEMBL890431,Displacement of [3H]aldosterone from mineralocorticoid receptor expressed in Sf9 cells,1909949,B,Ki,8,=,Homo sapiens,CHEMBL231399,CHEMBL1146208,,Sf9,Homologous protein target assigned,,,,False,-1,False,False,,,6.28000020980835,,,NR3C2_IC50Ki_105,6.28000020980835,True
CHEMBL1994,Cc1ccc(-n2nccc2-c2ccnc(NC(N)=O)c2)cc1,Cc1ccc(-n2nccc2-c2ccnc(NC(N)=O)c2)cc1,7.849999904632568,CHEMBL3705363,"Competitive Molecular Binding Assay: The MR competitive binding assay is based on the binding and displacement of a TAMRA-labeled Dexamethasone probe with fluorescence polarization (FP) detection. The assay is performed in 384-well, low volume NBS black plates (Corning #3676) in assay buffer consisting of 10 mM TES, pH 7.4, 50 mM KCl, 20 mM Sodium molybdate, 1.5 mM EDTA, 0.04% CHAPS, 10% Glycerol and 1 mM DTT. Full Length human mineralocorticoid receptor (hMR) present in a baculovirus infected insect cell lysate is diluted 2 fold in assay buffer and 10 μL of this dilution is added to the assay plate. Blank wells receive 10 μL of the diluted MR lysate containing 3 μM Dexamethasone. 2 μL diluted test compound is transferred to the assay plate for a final starting top concentration of 10 μM in 1% DMSO. The reaction is started by adding 3 μL of 25 nM probe in assay buffer for a final assay concentration of 5 nM.",17633058,B,IC50,9,=,Homo sapiens,CHEMBL3643658,CHEMBL3638806,,,Direct protein target assigned,,,,False,-1,False,False,,,7.849999904632568,,,NR3C2_IC50Ki_565,7.849999904632568,True
CHEMBL1994,CC(=O)C1CCC2C3CCC4=CC(=O)CCC4(C)C3C(NS(=O)(=O)c3ccccc3[N+](=O)[O-])CC12C,CC(=O)[C@H]1CC[C@H]2[C@@H]3CCC4=CC(=O)CC[C@]4(C)[C@H]3[C@@H](NS(=O)(=O)c3ccccc3[N+](=O)[O-])C[C@]12C,4.960000038146973,CHEMBL2446788,Antagonist activity at human recombinant mineralocorticoid receptor expressed in HEK-293 cells after 24 hrs assessed as inhibition of aldosterone-induced receptor activity by luciferase reporter gene assay,13504967,B,IC50,9,=,Homo sapiens,CHEMBL2440887,CHEMBL2440032,,HEK293,Direct protein target assigned,,,,False,-1,False,False,,,4.960000038146973,,,NR3C2_IC50Ki_389,4.960000038146973,True
CHEMBL1994,CCCn1nccc1-c1ccnc(NC(N)=O)c1,CCCn1nccc1-c1ccnc(NC(N)=O)c1,5.099999904632568,CHEMBL3705363,"Competitive Molecular Binding Assay: The MR competitive binding assay is based on the binding and displacement of a TAMRA-labeled Dexamethasone probe with fluorescence polarization (FP) detection. The assay is performed in 384-well, low volume NBS black plates (Corning #3676) in assay buffer consisting of 10 mM TES, pH 7.4, 50 mM KCl, 20 mM Sodium molybdate, 1.5 mM EDTA, 0.04% CHAPS, 10% Glycerol and 1 mM DTT. Full Length human mineralocorticoid receptor (hMR) present in a baculovirus infected insect cell lysate is diluted 2 fold in assay buffer and 10 μL of this dilution is added to the assay plate. Blank wells receive 10 μL of the diluted MR lysate containing 3 μM Dexamethasone. 2 μL diluted test compound is transferred to the assay plate for a final starting top concentration of 10 μM in 1% DMSO. The reaction is started by adding 3 μL of 25 nM probe in assay buffer for a final assay concentration of 5 nM.",17633054,B,IC50,9,=,Homo sapiens,CHEMBL3643654,CHEMBL3638806,,,Direct protein target assigned,,,,False,-1,False,False,,,5.099999904632568,,,NR3C2_IC50Ki_561,5.099999904632568,True
CHEMBL1994,Cc1noc(=O)c2ccc(NC(=O)C(O)(CC3CCCCC3)CC(C)(C)c3cc(F)ccc3O)cc12,Cc1noc(=O)c2ccc(NC(=O)C(O)(CC3CCCCC3)CC(C)(C)c3cc(F)ccc3O)cc12,6.980000019073486,CHEMBL880258,Binding affinity towards mineralocorticoid receptor using fluorescence polarization competitive binding assay,1601037,B,IC50,9,=,Homo sapiens,CHEMBL195962,CHEMBL1143464,,,Direct protein target assigned,,,,False,-1,False,False,,,6.980000019073486,,,NR3C2_IC50Ki_080,6.980000019073486,True
CHEMBL1994,COC(=O)C1=C(Cn2cncn2)NC(C)=C(C#N)C1c1ccc(F)cc1Cl,COC(=O)C1=C(Cn2cncn2)NC(C)=C(C#N)C1c1ccc(F)cc1Cl,6.909999847412109,CHEMBL1219573,Antagonist activity at mineralocorticoid receptor LBD expressed in human HUH7 cells coexpressing GAL4 by luciferase reporter gene assay,3403472,F,IC50,8,=,Homo sapiens,CHEMBL1215621,CHEMBL1212896,,Huh-7,Homologous protein target assigned,,,,False,-1,False,False,,,6.909999847412109,,,NR3C2_IC50Ki_205,6.909999847412109,True
CHEMBL1994,Cc1cc(C#N)sc1-c1ccc2c(c1)C(C)CC(C)(C)N2,Cc1cc(C#N)sc1-c1ccc2c(c1)C(C)CC(C)(C)N2,6.0,CHEMBL729174,Cross-reactivity as binding to human mineralocorticoid receptor (hMR),294764,F,IC50,9,=,Homo sapiens,CHEMBL134260,CHEMBL1133403,,,Direct protein target assigned,,,,False,-1,False,False,,,6.0,,,NR3C2_IC50Ki_034,6.0,True
CHEMBL1994,CNC(=O)CC1CCc2cc(F)ccc2N1C(=O)c1ccc2c(c1)NC(=O)CO2,CNC(=O)C[C@H]1CCc2cc(F)ccc2N1C(=O)c1ccc2c(c1)NC(=O)CO2;CNC(=O)C[C@H]1CCc2cc(F)ccc2N1C(=O)c1ccc2c(c1)NC(=O)CO2,6.500;5.700,CHEMBL4423290;CHEMBL4423293,Displacement of [3H]-aldosterone to human mineralocorticoid receptor LBD by radiometric binding assay;Antagonist activity at gal4-fused human mineralocorticoid receptor LBD expressed in UAS-MR-bla HEK293 cells by luciferase reporter gene assay,19363284;19363660,B;B,Ki;IC50,9;9,=;=,Homo sapiens;Homo sapiens,CHEMBL4590259;CHEMBL4590259,CHEMBL4422622;CHEMBL4422622,None;None,None;None,Direct protein target assigned;Direct protein target assigned,None;None,None;None,None;None,False;False,-1;-1,False;False,True,6.1,0.3999999999999999,6.1,0.3999999999999999,2.0,NR3C2_IC50Ki_775,6.1,True
CHEMBL1994,CC(c1ccc(F)cc1)N1C(=O)OC(Cc2ccccc2)(c2nc3c(-c4cccnc4)cccc3[nH]2)C1=O,C[C@H](c1ccc(F)cc1)N1C(=O)O[C@](Cc2ccccc2)(c2nc3c(-c4cccnc4)cccc3[nH]2)C1=O,6.769999980926514,CHEMBL3578998,Antagonist activity at human mineralocorticoid receptor overexpressed in CHOK1 cells assessed as inhibition of aldosterone-induced protein interaction with coactivator peptide after 6 hrs by luminescence assay,15601430,B,IC50,9,=,Homo sapiens,CHEMBL3578299,CHEMBL3576820,,CHO-K1,Direct protein target assigned,,,,False,-1,False,False,,,6.769999980926514,,,NR3C2_IC50Ki_508,6.769999980926514,True
CHEMBL1994,Cc1cc(C)c(S(=O)(=O)NC(Cc2c[nH]c3ccccc23)C(F)(F)F)c(C)c1,Cc1cc(C)c(S(=O)(=O)NC(Cc2c[nH]c3ccccc23)C(F)(F)F)c(C)c1,7.099999904632568,CHEMBL3096917,Binding affinity to mineralocorticoid receptor (unknown origin) by fluorescence polarization competitive binding assay,13845382,B,IC50,9,=,Homo sapiens,CHEMBL3093443,CHEMBL3091451,,,Direct protein target assigned,,,,False,-1,False,False,,,7.099999904632568,,,NR3C2_IC50Ki_427,7.099999904632568,True
CHEMBL1994,CC(C)(CC(O)(Cc1cc2ncncc2[nH]1)C(F)(F)F)c1cc(F)cc2c1OCC2,CC(C)(CC(O)(Cc1cc2ncncc2[nH]1)C(F)(F)F)c1cc(F)cc2c1OCC2,5.889999866485596,CHEMBL3132584,Competitive binding affinity to mineralocorticoid receptor (unknown origin) expressed in baculovirus-infected cell system after 1 hr by fluorescence polarization assay in presence of tetramethylrhodamine-labeled dexamethasone,13945734,B,IC50,9,=,Homo sapiens,CHEMBL3126944,CHEMBL3124926,,,Direct protein target assigned,,,,False,-1,False,False,,,5.889999866485596,,,NR3C2_IC50Ki_454,5.889999866485596,True
CHEMBL1994,CC(c1ccccc1)N1C(=O)OC(Cc2ccccc2)(C(=O)NCc2ccc(C(F)(F)F)cc2)C1=O,C[C@H](c1ccccc1)N1C(=O)O[C@](Cc2ccccc2)(C(=O)NCc2ccc(C(F)(F)F)cc2)C1=O,6.239999771118164,CHEMBL2411354,Antagonist activity at human mineralocorticoid receptor assessed as inhibition of binding to coactivator peptide by NH Pro assay,13393544,B,IC50,9,=,Homo sapiens,CHEMBL2407673,CHEMBL2407028,,,Direct protein target assigned,,,,False,-1,False,False,,,6.239999771118164,,,NR3C2_IC50Ki_366,6.239999771118164,True
CHEMBL1994,COc1ccc(F)cc1C(C)(C)CC(O)(CN1CCC(=O)c2ccccc21)C(F)(F)F,COc1ccc(F)cc1C(C)(C)CC(O)(CN1CCC(=O)c2ccccc21)C(F)(F)F,6.889999866485596,CHEMBL909351,Inhibition of tetramethylrhodamine labeled dexamethasone binding to MR by FP assay,1799407,B,IC50,8,=,Homo sapiens,CHEMBL219314,CHEMBL1138857,,,Homologous protein target assigned,,,,False,-1,False,False,,,6.889999866485596,,,NR3C2_IC50Ki_091,6.889999866485596,True
CHEMBL1994,COc1cc(CNC(=O)C2(Cc3ccccc3F)OC(=O)N(C(C)c3ccccc3)C2=O)cc(OC)c1,COc1cc(CNC(=O)[C@@]2(Cc3ccccc3F)OC(=O)N([C@H](C)c3ccccc3)C2=O)cc(OC)c1,6.519999980926514,CHEMBL2411354,Antagonist activity at human mineralocorticoid receptor assessed as inhibition of binding to coactivator peptide by NH Pro assay,13393507,B,IC50,9,=,Homo sapiens,CHEMBL2407875,CHEMBL2407028,,,Direct protein target assigned,,,,False,-1,False,False,,,6.519999980926514,,,NR3C2_IC50Ki_339,6.519999980926514,True
CHEMBL1994,Cc1cccc(-n2nccc2-c2ccnc(NC(N)=O)c2)c1,Cc1cccc(-n2nccc2-c2ccnc(NC(N)=O)c2)c1,6.800000190734863,CHEMBL3705363,"Competitive Molecular Binding Assay: The MR competitive binding assay is based on the binding and displacement of a TAMRA-labeled Dexamethasone probe with fluorescence polarization (FP) detection. The assay is performed in 384-well, low volume NBS black plates (Corning #3676) in assay buffer consisting of 10 mM TES, pH 7.4, 50 mM KCl, 20 mM Sodium molybdate, 1.5 mM EDTA, 0.04% CHAPS, 10% Glycerol and 1 mM DTT. Full Length human mineralocorticoid receptor (hMR) present in a baculovirus infected insect cell lysate is diluted 2 fold in assay buffer and 10 μL of this dilution is added to the assay plate. Blank wells receive 10 μL of the diluted MR lysate containing 3 μM Dexamethasone. 2 μL diluted test compound is transferred to the assay plate for a final starting top concentration of 10 μM in 1% DMSO. The reaction is started by adding 3 μL of 25 nM probe in assay buffer for a final assay concentration of 5 nM.",17633057,B,IC50,9,=,Homo sapiens,CHEMBL3643657,CHEMBL3638806,,,Direct protein target assigned,,,,False,-1,False,False,,,6.800000190734863,,,NR3C2_IC50Ki_564,6.800000190734863,True
CHEMBL1994,CC(c1ccccc1)N1C(=O)OC(Cc2ccccc2)(C(=O)NCc2cccc3ccnn23)C1=O,C[C@H](c1ccccc1)N1C(=O)O[C@](Cc2ccccc2)(C(=O)NCc2cccc3ccnn23)C1=O,6.519999980926514,CHEMBL2411354,Antagonist activity at human mineralocorticoid receptor assessed as inhibition of binding to coactivator peptide by NH Pro assay,13393517,B,IC50,9,=,Homo sapiens,CHEMBL2407865,CHEMBL2407028,,,Direct protein target assigned,,,,False,-1,False,False,,,6.519999980926514,,,NR3C2_IC50Ki_345,6.519999980926514,True
CHEMBL1994,O=C1Nc2cc(C=C3c4ccccc4COc4cc(F)ccc43)ccc2C12CCNCC2,O=C1Nc2cc(/C=C3\c4ccccc4COc4cc(F)ccc43)ccc2C12CCNCC2;O=C1Nc2cc(/C=C3\c4ccccc4COc4cc(F)ccc43)ccc2C12CCNCC2,7.360;8.150,CHEMBL3776776;CHEMBL3776777,Antagonist activity against 6xHis-MBP-fused human MR LBD domain (732 to 984 amino acid residues) C808S mutant expressed in Escherichia coli BL21(DE3) assessed as inhibition of aldosterone-mediated receptor activation after 16 hrs by luciferase assay;Displacement of 3H-Cortisol from 6xHis-MBP-fused human MR LBD domain (732 to 984 amino acid residues) C808S mutant expressed in Escherichia coli BL21(DE3) preincubated for 1 hr measured after 30 mins by microbeta plate reader analysis,16507461;16507460,B;B,IC50;Ki,9;9,=;=,Homo sapiens;Homo sapiens,CHEMBL3775816;CHEMBL3775816,CHEMBL3774336;CHEMBL3774336,None;None,None;None,Direct protein target assigned;Direct protein target assigned,C808S;C808S,None;None,None;None,False;False,-1;-1,False;False,True,7.755000000000001,0.395,7.755000000000001,0.395,2.0,NR3C2_IC50Ki_776,7.755000000000001,True
CHEMBL1994,Cc1cc(N2N=C3c4ccc(C(=O)O)cc4CCC3C2C2CCCC2)ccc1C#N,Cc1cc(N2N=C3c4ccc(C(=O)O)cc4CC[C@@H]3[C@@H]2C2CCCC2)ccc1C#N,8.399999618530273,CHEMBL1219662,Antagonist activity at Gal4-tagged mineralocorticoid receptor expressed in human Huh7 cells by luciferase reporter gene assay,3403585,F,IC50,8,=,Homo sapiens,CHEMBL1215486,CHEMBL1212897,,Huh-7,Homologous protein target assigned,,,,False,-1,False,False,,,8.399999618530273,,,NR3C2_IC50Ki_241,8.399999618530273,True
CHEMBL1994,CC(=O)OC1(C(C)=O)CCC2C3CC(C)C4=CC(=O)CCC4(C)C3CCC21C,CC(=O)O[C@]1(C(C)=O)CC[C@H]2[C@@H]3C[C@H](C)C4=CC(=O)CC[C@]4(C)[C@H]3CC[C@@]21C,5.920000076293945,CHEMBL729160,Antagonistic activity was determined in Human mineralocorticoid receptor(hMR) of CV-1 cells in cotransfection assay.,1211179,F,IC50,8,=,Homo sapiens,CHEMBL717,CHEMBL1131454,,CV-1,Homologous protein target assigned,,Progestin,4.0,True,0,False,False,,,5.920000076293945,,,NR3C2_IC50Ki_013,5.920000076293945,True
CHEMBL1994,N#Cc1cc(-c2ccc3c(c2)NC(=O)CO3)n(-c2ccc(F)cc2)n1,N#Cc1cc(-c2ccc3c(c2)NC(=O)CO3)n(-c2ccc(F)cc2)n1,6.039999961853027,CHEMBL1929756,Displacement of [3H]aldosterone from cytosolic human MR expressed in HEK293 cells after 16 hrs by scintillation counting,7969247,B,IC50,9,=,Homo sapiens,CHEMBL1929029,CHEMBL1926625,,HEK293,Direct protein target assigned,,,,False,-1,False,False,,,6.039999961853027,,,NR3C2_IC50Ki_315,6.039999961853027,True
CHEMBL1994,NC(=O)Nc1cc(C2CCCCC2c2ccc(F)cc2)ccn1,NC(=O)Nc1cc(C2CCCCC2c2ccc(F)cc2)ccn1,6.570000171661377,CHEMBL3705363,"Competitive Molecular Binding Assay: The MR competitive binding assay is based on the binding and displacement of a TAMRA-labeled Dexamethasone probe with fluorescence polarization (FP) detection. The assay is performed in 384-well, low volume NBS black plates (Corning #3676) in assay buffer consisting of 10 mM TES, pH 7.4, 50 mM KCl, 20 mM Sodium molybdate, 1.5 mM EDTA, 0.04% CHAPS, 10% Glycerol and 1 mM DTT. Full Length human mineralocorticoid receptor (hMR) present in a baculovirus infected insect cell lysate is diluted 2 fold in assay buffer and 10 μL of this dilution is added to the assay plate. Blank wells receive 10 μL of the diluted MR lysate containing 3 μM Dexamethasone. 2 μL diluted test compound is transferred to the assay plate for a final starting top concentration of 10 μM in 1% DMSO. The reaction is started by adding 3 μL of 25 nM probe in assay buffer for a final assay concentration of 5 nM.",17633101,B,IC50,9,=,Homo sapiens,CHEMBL3643699,CHEMBL3638806,,,Direct protein target assigned,,,,False,-1,False,False,,,6.570000171661377,,,NR3C2_IC50Ki_600,6.570000171661377,True
CHEMBL1994,O=C1COc2ccc(C3=C(c4ccc(F)cc4F)C(=O)OC3)cc2N1,O=C1COc2ccc(C3=C(c4ccc(F)cc4F)C(=O)OC3)cc2N1,6.179999828338623,CHEMBL2423838,Displacement of [3H]-Aldosterone from human MR expressed in 293 cells after 16 hrs by scintillation counting,13416316,B,IC50,9,=,Homo sapiens,CHEMBL2419303,CHEMBL2417412,,HEK293,Direct protein target assigned,,,,False,-1,False,False,,,6.179999828338623,,,NR3C2_IC50Ki_387,6.179999828338623,True
CHEMBL1994,CC(=O)c1ccc(NC(=O)OC2C(C)c3c(cc(F)c(-c4cccc5cc[nH]c45)c3F)NC2(C)C)cc1,CC(=O)c1ccc(NC(=O)O[C@@H]2[C@@H](C)c3c(cc(F)c(-c4cccc5cc[nH]c45)c3F)NC2(C)C)cc1,5.949999809265137,CHEMBL1686884,Binding affinity to mineralocorticoid receptor,5247504,B,Ki,8,=,Homo sapiens,CHEMBL1684357,CHEMBL1681769,,,Homologous protein target assigned,,,,False,-1,False,False,,,5.949999809265137,,,NR3C2_IC50Ki_273,5.949999809265137,True
CHEMBL1994,COC(=O)C1=C(C)NC(C)=C(C(=O)OC(C)(C)C)C1c1ccccc1C(F)(F)F,COC(=O)C1=C(C)NC(C)=C(C(=O)OC(C)(C)C)C1c1ccccc1C(F)(F)F,6.650000095367432,CHEMBL1219573,Antagonist activity at mineralocorticoid receptor LBD expressed in human HUH7 cells coexpressing GAL4 by luciferase reporter gene assay,3403394,F,IC50,8,=,Homo sapiens,CHEMBL1215047,CHEMBL1212896,,Huh-7,Homologous protein target assigned,,,,False,-1,False,False,,,6.650000095367432,,,NR3C2_IC50Ki_166,6.650000095367432,True
CHEMBL1994,CC(c1ccc(F)cc1)N1C(=O)OC(Cc2ccccc2)(c2nc3cc(Cl)ccc3[nH]2)C1=O,C[C@H](c1ccc(F)cc1)N1C(=O)O[C@](Cc2ccccc2)(c2nc3cc(Cl)ccc3[nH]2)C1=O;C[C@H](c1ccc(F)cc1)N1C(=O)O[C@](Cc2ccccc2)(c2nc3cc(Cl)ccc3[nH]2)C1=O,6.800;8.700,CHEMBL3578998;CHEMBL3579316,Antagonist activity at human mineralocorticoid receptor overexpressed in CHOK1 cells assessed as inhibition of aldosterone-induced protein interaction with coactivator peptide after 6 hrs by luminescence assay;Binding affinity to mineralocorticoid receptor (unknown origin),15601459;15602396,B;B,IC50;Ki,9;9,=;=,Homo sapiens;Homo sapiens,CHEMBL3578271;CHEMBL3578271,CHEMBL3576820;CHEMBL3576820,None;None,CHO-K1;None,Direct protein target assigned;Direct protein target assigned,None;None,None;None,None;None,False;False,-1;-1,False;False,True,7.75,0.9499999999999996,7.75,0.9499999999999996,2.0,NR3C2_IC50Ki_872,7.75,True
CHEMBL1994,CC12CCC3C(CCC4CC(=O)CCC43C)C1CCC2O,C[C@]12CCC(=O)C[C@@H]1CC[C@@H]1[C@@H]2CC[C@]2(C)[C@@H](O)CC[C@@H]12,6.440000057220459,CHEMBL4021544,Binding affinity to MR (unknown origin),18098291,B,IC50,9,=,Homo sapiens,CHEMBL27769,CHEMBL4020736,,,Direct protein target assigned,,,2.0,False,0,False,False,,,6.440000057220459,,,NR3C2_IC50Ki_646,6.440000057220459,True
CHEMBL1994,CC(CN1CCOCC1)n1c(=NC#N)[nH]c2cc(C=C3c4ccccc4COc4cc(F)ccc43)ccc21,C[C@H](CN1CCOCC1)n1/c(=N\C#N)[nH]c2cc(/C=C3\c4ccccc4COc4cc(F)ccc43)ccc21;C[C@H](CN1CCOCC1)n1/c(=N\C#N)[nH]c2cc(/C=C3\c4ccccc4COc4cc(F)ccc43)ccc21,9.400;7.680,CHEMBL4008040;CHEMBL4008041,Displacement of [3H]-Aldosterone from MR overexpressed in human 293 cells measured after 2 hrs by Microbeta scintillation counting method;Antagonist activity at human MR overexpressed in HEK293 cells assessed as inhibition of aldosterone-induced response measured after overnight incubation by luciferase reporter gene assay,18033400;18033414,B;B,Ki;IC50,9;9,=;=,Homo sapiens;Homo sapiens,CHEMBL4099276;CHEMBL4099276,CHEMBL4007392;CHEMBL4007392,None;None,None;HEK293,Direct protein target assigned;Direct protein target assigned,None;None,None;None,None;None,False;False,-1;-1,False;False,True,8.54,0.8600000000000003,8.54,0.8600000000000003,2.0,NR3C2_IC50Ki_818,8.54,True
CHEMBL1994,COc1ccc(F)cc1C(C)(C)CC(O)(Cc1cc2ccncc2[nH]1)C1CCCC1,COc1ccc(F)cc1C(C)(C)CC(O)(Cc1cc2ccncc2[nH]1)C1CCCC1,5.960000038146973,CHEMBL3241425,Displacement of TAMRA-labeled dexamethasone from mineralocorticoid receptor (unknown origin) by fluorescence polarization assay,14566754,B,IC50,9,=,Homo sapiens,CHEMBL3233276,CHEMBL3232739,,,Direct protein target assigned,,,,False,-1,False,False,,,5.960000038146973,,,NR3C2_IC50Ki_484,5.960000038146973,True
CHEMBL1994,CN(C)CC(=O)N1CCC2(CC1)C(=O)Nc1cc(C=C3c4ccccc4COc4cc(F)ccc43)ccc12,CN(C)CC(=O)N1CCC2(CC1)C(=O)Nc1cc(/C=C3\c4ccccc4COc4cc(F)ccc43)ccc12;CN(C)CC(=O)N1CCC2(CC1)C(=O)Nc1cc(/C=C3\c4ccccc4COc4cc(F)ccc43)ccc12,8.220;8.220,CHEMBL3776776;CHEMBL3776777,Antagonist activity against 6xHis-MBP-fused human MR LBD domain (732 to 984 amino acid residues) C808S mutant expressed in Escherichia coli BL21(DE3) assessed as inhibition of aldosterone-mediated receptor activation after 16 hrs by luciferase assay;Displacement of 3H-Cortisol from 6xHis-MBP-fused human MR LBD domain (732 to 984 amino acid residues) C808S mutant expressed in Escherichia coli BL21(DE3) preincubated for 1 hr measured after 30 mins by microbeta plate reader analysis,16507455;16507454,B;B,IC50;Ki,9;9,=;=,Homo sapiens;Homo sapiens,CHEMBL3775389;CHEMBL3775389,CHEMBL3774336;CHEMBL3774336,None;None,None;None,Direct protein target assigned;Direct protein target assigned,C808S;C808S,None;None,None;None,False;False,-1;-1,False;False,True,8.22,0.0,8.22,0.0,2.0,NR3C2_IC50Ki_861,8.22,True
CHEMBL1994,COc1nc(C2=NN(c3ccc(C#N)c(C)c3)C(C3CCCC3)C2)ccc1C(=O)Nc1nnn[nH]1,COc1nc(C2=NN(c3ccc(C#N)c(C)c3)[C@@H](C3CCCC3)C2)ccc1C(=O)Nc1nnn[nH]1,8.65999984741211,CHEMBL3265996,Antagonist activity at mineralocorticoid receptor (unknown origin) by Gal4-based cellular assay,14659192,B,IC50,9,=,Homo sapiens,CHEMBL3263768,CHEMBL3259597,,,Direct protein target assigned,,,,False,-1,False,False,,,8.65999984741211,,,NR3C2_IC50Ki_504,8.65999984741211,True
CHEMBL1994,CC(c1ccc(F)cc1F)(c1c[nH]c2c(NS(C)(=O)=O)cccc12)C1CC1,C[C@@](c1ccc(F)cc1F)(c1c[nH]c2c(NS(C)(=O)=O)cccc12)C1CC1;C[C@](c1ccc(F)cc1F)(c1c[nH]c2c(NS(C)(=O)=O)cccc12)C1CC1;C[C@](c1ccc(F)cc1F)(c1c[nH]c2c(NS(C)(=O)=O)cccc12)C1CC1;C[C@@](c1ccc(F)cc1F)(c1c[nH]c2c(NS(C)(=O)=O)cccc12)C1CC1;C[C@](c1ccc(F)cc1F)(c1c[nH]c2c(NS(C)(=O)=O)cccc12)C1CC1;C[C@@](c1ccc(F)cc1F)(c1c[nH]c2c(NS(C)(=O)=O)cccc12)C1CC1,9.310;8.650;8.820;9.500;6.510;7.570,CHEMBL902628;CHEMBL902628;CHEMBL1680619;CHEMBL1680619;CHEMBL1680624;CHEMBL1680624,Binding affinity to human mineralocorticoid receptor;Binding affinity to human mineralocorticoid receptor;Displacement of [3H]methyltrienolone from human mineralocorticoid receptor expressed in HEK293 cells;Displacement of [3H]methyltrienolone from human mineralocorticoid receptor expressed in HEK293 cells;Antagonist activity at human mineralocorticoid receptor expressed in HEK293 cells assessed as inhibition of R5050-induced transcriptional activity by GRE-driven luciferase reporter gene assay;Antagonist activity at human mineralocorticoid receptor expressed in HEK293 cells assessed as inhibition of R5050-induced transcriptional activity by GRE-driven luciferase reporter gene assay,2008185;2008188;5208999;5209000;5208939;5208940,B;B;B;B;F;F,Ki;Ki;Ki;Ki;IC50;IC50,9;9;9;9;9;9,=;=;=;=;=;=,Homo sapiens;Homo sapiens;Homo sapiens;Homo sapiens;Homo sapiens;Homo sapiens,CHEMBL235206;CHEMBL391231;CHEMBL391231;CHEMBL235206;CHEMBL391231;CHEMBL235206,CHEMBL1138341;CHEMBL1138341;CHEMBL1671834;CHEMBL1671834;CHEMBL1671834;CHEMBL1671834,None;None;None;None;None;None,None;None;HEK293;HEK293;HEK293;HEK293,Direct protein target assigned;Direct protein target assigned;Direct protein target assigned;Direct protein target assigned;Direct protein target assigned;Direct protein target assigned,None;None;None;None;None;None,None;None;None;None;None;None,None;None;None;None;None;None,False;False;False;False;False;False,-1;-1;-1;-1;-1;-1,False;False;False;False;False;False,True,8.393333333333333,1.0438497124692914,8.735,0.6700000000000008,6.0,NR3C2_IC50Ki_831,8.735,True
CHEMBL1994,COCc1cc(N2N=C3c4ccc(C(=O)O)cc4CCC3C2C2CCCC2)ccc1C#N,COCc1cc(N2N=C3c4ccc(C(=O)O)cc4CC[C@@H]3[C@@H]2C2CCCC2)ccc1C#N,6.820000171661377,CHEMBL1219662,Antagonist activity at Gal4-tagged mineralocorticoid receptor expressed in human Huh7 cells by luciferase reporter gene assay,3403587,F,IC50,8,=,Homo sapiens,CHEMBL1215488,CHEMBL1212897,,Huh-7,Homologous protein target assigned,,,,False,-1,False,False,,,6.820000171661377,,,NR3C2_IC50Ki_243,6.820000171661377,True
CHEMBL1994,NC(=O)Nc1cc(-c2ccnn2-c2cccc(Cl)c2)ccn1,NC(=O)Nc1cc(-c2ccnn2-c2cccc(Cl)c2)ccn1,6.71999979019165,CHEMBL3705363,"Competitive Molecular Binding Assay: The MR competitive binding assay is based on the binding and displacement of a TAMRA-labeled Dexamethasone probe with fluorescence polarization (FP) detection. The assay is performed in 384-well, low volume NBS black plates (Corning #3676) in assay buffer consisting of 10 mM TES, pH 7.4, 50 mM KCl, 20 mM Sodium molybdate, 1.5 mM EDTA, 0.04% CHAPS, 10% Glycerol and 1 mM DTT. Full Length human mineralocorticoid receptor (hMR) present in a baculovirus infected insect cell lysate is diluted 2 fold in assay buffer and 10 μL of this dilution is added to the assay plate. Blank wells receive 10 μL of the diluted MR lysate containing 3 μM Dexamethasone. 2 μL diluted test compound is transferred to the assay plate for a final starting top concentration of 10 μM in 1% DMSO. The reaction is started by adding 3 μL of 25 nM probe in assay buffer for a final assay concentration of 5 nM.",17633059,B,IC50,9,=,Homo sapiens,CHEMBL3643659,CHEMBL3638806,,,Direct protein target assigned,,,,False,-1,False,False,,,6.71999979019165,,,NR3C2_IC50Ki_566,6.71999979019165,True
CHEMBL1994,CC(C)n1nccc1-c1ccnc(NC(N)=O)c1,CC(C)n1nccc1-c1ccnc(NC(N)=O)c1,5.75,CHEMBL3705363,"Competitive Molecular Binding Assay: The MR competitive binding assay is based on the binding and displacement of a TAMRA-labeled Dexamethasone probe with fluorescence polarization (FP) detection. The assay is performed in 384-well, low volume NBS black plates (Corning #3676) in assay buffer consisting of 10 mM TES, pH 7.4, 50 mM KCl, 20 mM Sodium molybdate, 1.5 mM EDTA, 0.04% CHAPS, 10% Glycerol and 1 mM DTT. Full Length human mineralocorticoid receptor (hMR) present in a baculovirus infected insect cell lysate is diluted 2 fold in assay buffer and 10 μL of this dilution is added to the assay plate. Blank wells receive 10 μL of the diluted MR lysate containing 3 μM Dexamethasone. 2 μL diluted test compound is transferred to the assay plate for a final starting top concentration of 10 μM in 1% DMSO. The reaction is started by adding 3 μL of 25 nM probe in assay buffer for a final assay concentration of 5 nM.",17633055,B,IC50,9,=,Homo sapiens,CHEMBL3643655,CHEMBL3638806,,,Direct protein target assigned,,,,False,-1,False,False,,,5.75,,,NR3C2_IC50Ki_562,5.75,True
CHEMBL1994,COC(=O)C(c1ccc(F)cc1)n1ccc2c(NS(C)(=O)=O)cccc21,COC(=O)C(c1ccc(F)cc1)n1ccc2c(NS(C)(=O)=O)cccc21,5.0,CHEMBL4717253,Antagonist activity at human full-length MCR assessed as inhibition of receptor binding to co-activator peptide by PathHunter assay,22825217,B,IC50,9,=,Homo sapiens,CHEMBL4780739,CHEMBL4715716,,,Direct protein target assigned,,,,False,-1,False,False,,,5.0,,,NR3C2_IC50Ki_686,5.0,True
CHEMBL1994,COC(=O)C1=C(C)NC(C)=C(C#N)C1c1ccc(F)cc1Cl,COC(=O)C1=C(C)NC(C)=C(C#N)C1c1ccc(F)cc1Cl,7.039999961853027,CHEMBL1219573,Antagonist activity at mineralocorticoid receptor LBD expressed in human HUH7 cells coexpressing GAL4 by luciferase reporter gene assay,3403418,F,IC50,8,=,Homo sapiens,CHEMBL1215403,CHEMBL1212896,,Huh-7,Homologous protein target assigned,,,,False,-1,False,False,,,7.039999961853027,,,NR3C2_IC50Ki_189,7.039999961853027,True
CHEMBL1994,O=C(c1ccc2c(c1)NC(=O)C21CCNCC1)N1c2ccccc2COc2cc(F)ccc21,O=C(c1ccc2c(c1)NC(=O)C21CCNCC1)N1c2ccccc2COc2cc(F)ccc21;O=C(c1ccc2c(c1)NC(=O)C21CCNCC1)N1c2ccccc2COc2cc(F)ccc21,5.310;5.960,CHEMBL3776776;CHEMBL3776777,Antagonist activity against 6xHis-MBP-fused human MR LBD domain (732 to 984 amino acid residues) C808S mutant expressed in Escherichia coli BL21(DE3) assessed as inhibition of aldosterone-mediated receptor activation after 16 hrs by luciferase assay;Displacement of 3H-Cortisol from 6xHis-MBP-fused human MR LBD domain (732 to 984 amino acid residues) C808S mutant expressed in Escherichia coli BL21(DE3) preincubated for 1 hr measured after 30 mins by microbeta plate reader analysis,16506618;16506579,B;B,IC50;Ki,9;9,=;=,Homo sapiens;Homo sapiens,CHEMBL3775893;CHEMBL3775893,CHEMBL3774336;CHEMBL3774336,None;None,None;None,Direct protein target assigned;Direct protein target assigned,C808S;C808S,None;None,None;None,False;False,-1;-1,False;False,True,5.635,0.3250000000000002,5.635,0.3250000000000002,2.0,NR3C2_IC50Ki_782,5.635,True
CHEMBL1994,CS(=O)(=O)Nc1ccc2c(c1)OC1(CC1)C(=O)N2c1ccc(F)cc1,CS(=O)(=O)Nc1ccc2c(c1)OC1(CC1)C(=O)N2c1ccc(F)cc1,6.090000152587891,CHEMBL5136122,Displacement of [3H]-aldosterone from recombinant human mineralocorticoid receptor expressed in baculovirus infected insect cells incubated overnight by liquid scintillation counting analysis,24808034,B,Ki,9,=,Homo sapiens,CHEMBL5183454,CHEMBL5131538,,,Direct protein target assigned,,,,False,-1,False,False,,,6.090000152587891,,,NR3C2_IC50Ki_699,6.090000152587891,True
CHEMBL1994,COc1cc(OC)cc(-c2nnc(C3(Cc4ccccc4)OC(=O)N(C(C)c4ccccc4)C3=O)o2)c1,COc1cc(OC)cc(-c2nnc([C@@]3(Cc4ccccc4)OC(=O)N([C@H](C)c4ccccc4)C3=O)o2)c1,7.409999847412109,CHEMBL3241715,Antagonist activity at mineralocorticoid receptor (unknown origin) by PathHunter assay,14566220,B,IC50,9,=,Homo sapiens,CHEMBL3234858,CHEMBL3232811,,,Direct protein target assigned,,,,False,-1,False,False,,,7.409999847412109,,,NR3C2_IC50Ki_475,7.409999847412109,True
CHEMBL1994,COC(=O)C(c1ccc(F)cc1Cl)n1ccc2ccccc21,COC(=O)C(c1ccc(F)cc1Cl)n1ccc2ccccc21,5.570000171661377,CHEMBL4717253,Antagonist activity at human full-length MCR assessed as inhibition of receptor binding to co-activator peptide by PathHunter assay,22825212,B,IC50,9,=,Homo sapiens,CHEMBL4777887,CHEMBL4715716,,,Direct protein target assigned,,,,False,-1,False,False,,,5.570000171661377,,,NR3C2_IC50Ki_681,5.570000171661377,True
CHEMBL1994,CC(c1ccc(F)cc1)N1C(=O)OC(Cc2ccccc2)(c2nc3c(-c4cc[nH]n4)cccc3[nH]2)C1=O,C[C@H](c1ccc(F)cc1)N1C(=O)O[C@](Cc2ccccc2)(c2nc3c(-c4cc[nH]n4)cccc3[nH]2)C1=O,5.800000190734863,CHEMBL3578998,Antagonist activity at human mineralocorticoid receptor overexpressed in CHOK1 cells assessed as inhibition of aldosterone-induced protein interaction with coactivator peptide after 6 hrs by luminescence assay,15601432,B,IC50,9,=,Homo sapiens,CHEMBL3578297,CHEMBL3576820,,CHO-K1,Direct protein target assigned,,,,False,-1,False,False,,,5.800000190734863,,,NR3C2_IC50Ki_510,5.800000190734863,True
CHEMBL1994,C#CC1(O)CCC2C3CCC4=CC(=O)CCC4=C3C(c3ccc(N(C)CCOC4CCC5(C)C(C4)CC(O)C4C5CC(O)C5(C)C(C(C)CCC(=O)NCCS(=O)(=O)O)CCC45)cc3)CC21C,C#C[C@]1(O)CC[C@H]2[C@@H]3CCC4=CC(=O)CCC4=C3[C@@H](c3ccc(N(C)CCOC4CC[C@@]5(C)[C@@H](C4)C[C@@H](O)[C@@H]4[C@@H]5C[C@H](O)[C@]5(C)[C@@H]([C@H](C)CCC(=O)NCCS(=O)(=O)O)CC[C@@H]45)cc3)C[C@@]21C,6.849999904632568,CHEMBL839923,Inhibition of human Mineralocorticoid receptor,1461604,B,Ki,9,=,Homo sapiens,CHEMBL407672,CHEMBL1138676,,,Direct protein target assigned,,,,False,-1,False,False,,,6.849999904632568,,,NR3C2_IC50Ki_058,6.849999904632568,True
CHEMBL1994,CC(c1ccccc1)N1C(=O)OC(Cc2ccccc2)(c2nnc(-c3ccc(Cl)c(Cl)c3)o2)C1=O,C[C@H](c1ccccc1)N1C(=O)O[C@](Cc2ccccc2)(c2nnc(-c3ccc(Cl)c(Cl)c3)o2)C1=O,5.170000076293945,CHEMBL3241715,Antagonist activity at mineralocorticoid receptor (unknown origin) by PathHunter assay,14566219,B,IC50,9,=,Homo sapiens,CHEMBL3234857,CHEMBL3232811,,,Direct protein target assigned,,,,False,-1,False,False,,,5.170000076293945,,,NR3C2_IC50Ki_474,5.170000076293945,True
CHEMBL1994,COc1ccccc1-n1nccc1-c1ccnc(NC(N)=O)c1,COc1ccccc1-n1nccc1-c1ccnc(NC(N)=O)c1,5.210000038146973,CHEMBL3705363,"Competitive Molecular Binding Assay: The MR competitive binding assay is based on the binding and displacement of a TAMRA-labeled Dexamethasone probe with fluorescence polarization (FP) detection. The assay is performed in 384-well, low volume NBS black plates (Corning #3676) in assay buffer consisting of 10 mM TES, pH 7.4, 50 mM KCl, 20 mM Sodium molybdate, 1.5 mM EDTA, 0.04% CHAPS, 10% Glycerol and 1 mM DTT. Full Length human mineralocorticoid receptor (hMR) present in a baculovirus infected insect cell lysate is diluted 2 fold in assay buffer and 10 μL of this dilution is added to the assay plate. Blank wells receive 10 μL of the diluted MR lysate containing 3 μM Dexamethasone. 2 μL diluted test compound is transferred to the assay plate for a final starting top concentration of 10 μM in 1% DMSO. The reaction is started by adding 3 μL of 25 nM probe in assay buffer for a final assay concentration of 5 nM.",17633053,B,IC50,9,=,Homo sapiens,CHEMBL3643653,CHEMBL3638806,,,Direct protein target assigned,,,,False,-1,False,False,,,5.210000038146973,,,NR3C2_IC50Ki_560,5.210000038146973,True
CHEMBL1994,COc1ccc(F)cc1C(C)(C)CC(O)(Cc1cc2cnccc2[nH]1)C(F)(F)F,COc1ccc(F)cc1C(C)(C)CC(O)(Cc1cc2cnccc2[nH]1)C(F)(F)F;COc1ccc(F)cc1C(C)(C)C[C@@](O)(Cc1cc2cnccc2[nH]1)C(F)(F)F,6.500;7.240,CHEMBL1250866;CHEMBL1250866,Binding affinity to mineralocorticoid receptor expressed in baculovirus-infected insect cells using tetramethylrhodamine labeled Dexamethasone by fluorescence polarization microplate assay;Binding affinity to mineralocorticoid receptor expressed in baculovirus-infected insect cells using tetramethylrhodamine labeled Dexamethasone by fluorescence polarization microplate assay,3470307;3470354,B;B,IC50;IC50,8;8,=;=,Homo sapiens;Homo sapiens,CHEMBL1254735;CHEMBL1253819,CHEMBL1250518;CHEMBL1250518,None;None,None;None,Homologous protein target assigned;Homologous protein target assigned,None;None,None;None,None;None,False;False,-1;-1,False;False,True,6.87,0.3700000000000001,6.87,0.3700000000000001,2.0,NR3C2_IC50Ki_747,6.87,True
CHEMBL1994,CC(C)(CC(O)(Cc1cc2ccncc2[nH]1)C(F)(F)F)c1cc(F)ccc1O,CC(C)(C[C@@](O)(Cc1cc2ccncc2[nH]1)C(F)(F)F)c1cc(F)ccc1O,6.679999828338623,CHEMBL1250866,Binding affinity to mineralocorticoid receptor expressed in baculovirus-infected insect cells using tetramethylrhodamine labeled Dexamethasone by fluorescence polarization microplate assay,3470455,B,IC50,8,=,Homo sapiens,CHEMBL1253898,CHEMBL1250518,,,Homologous protein target assigned,,,,False,-1,False,False,,,6.679999828338623,,,NR3C2_IC50Ki_252,6.679999828338623,True
CHEMBL1994,CC1(C)CCc2cc3c(C(F)(F)F)cc(=O)oc3cc2N1,CC1(C)CCc2cc3c(C(F)(F)F)cc(=O)oc3cc2N1,5.820000171661377,CHEMBL729165,In vitro antagonistic activity against human mineralocorticoid receptor (hMR),523862,F,IC50,9,=,Homo sapiens,CHEMBL7289,CHEMBL1132082,,,Direct protein target assigned,,,,False,-1,False,False,,,5.820000171661377,,,NR3C2_IC50Ki_021,5.820000171661377,True
CHEMBL1994,O=C1COc2ccc(-c3cc(C(F)(F)F)nn3-c3ccc(F)cc3)cc2N1,O=C1COc2ccc(-c3cc(C(F)(F)F)nn3-c3ccc(F)cc3)cc2N1,6.579999923706055,CHEMBL1929756,Displacement of [3H]aldosterone from cytosolic human MR expressed in HEK293 cells after 16 hrs by scintillation counting,7969244,B,IC50,9,=,Homo sapiens,CHEMBL1928884,CHEMBL1926625,,HEK293,Direct protein target assigned,,,,False,-1,False,False,,,6.579999923706055,,,NR3C2_IC50Ki_313,6.579999923706055,True
CHEMBL1994,Cc1ccc(F)cc1C(C)(C)CC(O)(Cc1cc2nc(-c3ccccc3)ncc2[nH]1)C(F)(F)F,Cc1ccc(F)cc1C(C)(C)CC(O)(Cc1cc2nc(-c3ccccc3)ncc2[nH]1)C(F)(F)F,5.71999979019165,CHEMBL3132584,Competitive binding affinity to mineralocorticoid receptor (unknown origin) expressed in baculovirus-infected cell system after 1 hr by fluorescence polarization assay in presence of tetramethylrhodamine-labeled dexamethasone,13945743,B,IC50,9,=,Homo sapiens,CHEMBL3126935,CHEMBL3124926,,,Direct protein target assigned,,,,False,-1,False,False,,,5.71999979019165,,,NR3C2_IC50Ki_459,5.71999979019165,True
CHEMBL1994,Cn1c(C#N)ccc1-c1ccc2c(c1)C(C)(c1ccsc1)OCC(=O)N2,Cn1c(C#N)ccc1-c1ccc2c(c1)C(C)(c1ccsc1)OCC(=O)N2,6.360000133514404,CHEMBL983683,Antagonist activity at mineralocorticoid receptor by Gal4-DNA binding domain-hormone receptor LBD one-hybrid assay,2369874,B,IC50,8,=,Homo sapiens,CHEMBL522432,CHEMBL1144156,,,Homologous protein target assigned,,,,False,-1,False,False,,,6.360000133514404,,,NR3C2_IC50Ki_160,6.360000133514404,True
CHEMBL1994,CON=C1c2c(cc(F)c(-c3cccc4c(C)c[nH]c34)c2F)NC(C)(C)C1O,CO/N=C1/c2c(cc(F)c(-c3cccc4c(C)c[nH]c34)c2F)NC(C)(C)C1O,5.769999980926514,CHEMBL1762869,Binding affinity to mineralocorticoid receptor,6150033,B,Ki,8,=,Homo sapiens,CHEMBL1760023,CHEMBL1759905,,,Homologous protein target assigned,,,,False,-1,False,False,,,5.769999980926514,,,NR3C2_IC50Ki_276,5.769999980926514,True
CHEMBL1994,CCC1=C(C(=O)OC)C(c2ccccc2Cl)C(C#N)=C(C)N1,CCC1=C(C(=O)OC)C(c2ccccc2Cl)C(C#N)=C(C)N1,6.630000114440918,CHEMBL1219573,Antagonist activity at mineralocorticoid receptor LBD expressed in human HUH7 cells coexpressing GAL4 by luciferase reporter gene assay,3403420,F,IC50,8,=,Homo sapiens,CHEMBL1215405,CHEMBL1212896,,Huh-7,Homologous protein target assigned,,,,False,-1,False,False,,,6.630000114440918,,,NR3C2_IC50Ki_191,6.630000114440918,True
CHEMBL1994,CC1(C)OC(=O)C(c2ccc(F)cc2)=C1c1ccc2c(c1)NC(=O)CO2,CC1(C)OC(=O)C(c2ccc(F)cc2)=C1c1ccc2c(c1)NC(=O)CO2,5.920000076293945,CHEMBL2423838,Displacement of [3H]-Aldosterone from human MR expressed in 293 cells after 16 hrs by scintillation counting,13416314,B,IC50,9,=,Homo sapiens,CHEMBL2419305,CHEMBL2417412,,HEK293,Direct protein target assigned,,,,False,-1,False,False,,,5.920000076293945,,,NR3C2_IC50Ki_385,5.920000076293945,True
CHEMBL1994,CNC(=O)CC1COc2ccc(Cl)cc2N1C(=O)c1ccc2c(c1)NC(=O)CO2,CNC(=O)C[C@H]1COc2ccc(Cl)cc2N1C(=O)c1ccc2c(c1)NC(=O)CO2;CNC(=O)C[C@H]1COc2ccc(Cl)cc2N1C(=O)c1ccc2c(c1)NC(=O)CO2;CNC(=O)C[C@H]1COc2ccc(Cl)cc2N1C(=O)c1ccc2c(c1)NC(=O)CO2,7.000;6.000;7.000,CHEMBL4423290;CHEMBL4423293;CHEMBL4423302,Displacement of [3H]-aldosterone to human mineralocorticoid receptor LBD by radiometric binding assay;Antagonist activity at gal4-fused human mineralocorticoid receptor LBD expressed in UAS-MR-bla HEK293 cells by luciferase reporter gene assay;Modulation activity at human mineralocorticoid receptor in human EA.hy926 cells assessed as blocking of nuclear translocation of mineralocorticoid receptor in presence of aldosterone by receptor translocation assay,19363393;19363470;19363575,B;B;B,Ki;IC50;IC50,9;9;9,=;=;=,Homo sapiens;Homo sapiens;Homo sapiens,CHEMBL4462110;CHEMBL4462110;CHEMBL4462110,CHEMBL4422622;CHEMBL4422622;CHEMBL4422622,None;None;None,None;None;None,Direct protein target assigned;Direct protein target assigned;Direct protein target assigned,None;None;None,None;None;None,None;None;None,False;False;False,-1;-1;-1,False;False;False,True,6.666666666666667,0.4714045207910317,7.0,0.0,3.0,NR3C2_IC50Ki_805,7.0,True
CHEMBL1994,Cc1cc(C)c(S(=O)(=O)NC(Cc2c[nH]c3cc(C#N)ccc23)C(F)(F)F)c(C)c1,Cc1cc(C)c(S(=O)(=O)NC(Cc2c[nH]c3cc(C#N)ccc23)C(F)(F)F)c(C)c1,6.550000190734863,CHEMBL3096917,Binding affinity to mineralocorticoid receptor (unknown origin) by fluorescence polarization competitive binding assay,13845356,B,IC50,9,=,Homo sapiens,CHEMBL3093451,CHEMBL3091451,,,Direct protein target assigned,,,,False,-1,False,False,,,6.550000190734863,,,NR3C2_IC50Ki_413,6.550000190734863,True
CHEMBL1994,COc1cc(C2=NN(c3ccc(C#N)c(C)n3)C(C3CCCC3)C2)ccc1C(=O)O,COc1cc(C2=NN(c3ccc(C#N)c(C)n3)[C@@H](C3CCCC3)C2)ccc1C(=O)O,7.75,CHEMBL3265996,Antagonist activity at mineralocorticoid receptor (unknown origin) by Gal4-based cellular assay,14658171,B,IC50,9,=,Homo sapiens,CHEMBL3263755,CHEMBL3259597,,,Direct protein target assigned,,,,False,-1,False,False,,,7.75,,,NR3C2_IC50Ki_491,7.75,True
CHEMBL1994,CC(c1ccccc1)N1C(=O)OC(Cc2ccccc2)(C(=O)NCCc2ccccn2)C1=O,C[C@H](c1ccccc1)N1C(=O)O[C@](Cc2ccccc2)(C(=O)NCCc2ccccn2)C1=O,4.820000171661377,CHEMBL2411354,Antagonist activity at human mineralocorticoid receptor assessed as inhibition of binding to coactivator peptide by NH Pro assay,13393515,B,IC50,9,=,Homo sapiens,CHEMBL2407867,CHEMBL2407028,,,Direct protein target assigned,,,,False,-1,False,False,,,4.820000171661377,,,NR3C2_IC50Ki_343,4.820000171661377,True
CHEMBL1994,CCCC1=C(C(=O)OCC)C(c2ccnc3ccccc23)C(C#N)=C(C)N1,CCCC1=C(C(=O)OCC)[C@H](c2ccnc3ccccc23)C(C#N)=C(C)N1;CCCC1=C(C(=O)OCC)C(c2ccnc3ccccc23)C(C#N)=C(C)N1;CCCC1=C(C(=O)OCC)[C@@H](c2ccnc3ccccc23)C(C#N)=C(C)N1,8.000;7.510;5.480,CHEMBL1120985;CHEMBL1120985;CHEMBL1120985,Antagonist activity at Gal4-fused mineralocorticoid receptor expressed in human HuH7 cells assessed as inhibition of aldosterone-induced receptor activation by luciferase reporter gene assay;Antagonist activity at Gal4-fused mineralocorticoid receptor expressed in human HuH7 cells assessed as inhibition of aldosterone-induced receptor activation by luciferase reporter gene assay;Antagonist activity at Gal4-fused mineralocorticoid receptor expressed in human HuH7 cells assessed as inhibition of aldosterone-induced receptor activation by luciferase reporter gene assay,3285837;3285838;3285856,F;F;F,IC50;IC50;IC50,8;8;8,=;=;=,Homo sapiens;Homo sapiens;Homo sapiens,CHEMBL1094797;CHEMBL1098089;CHEMBL1094796,CHEMBL1157753;CHEMBL1157753;CHEMBL1157753,None;None;None,Huh-7;Huh-7;Huh-7,Homologous protein target assigned;Homologous protein target assigned;Homologous protein target assigned,None;None;None,None;None;None,None;None;None,False;False;False,-1;-1;-1,False;False;False,True,6.996666666666667,1.0909425079056894,7.51,0.4900000000000002,3.0,NR3C2_IC50Ki_769,7.51,True
CHEMBL1994,O=C1COc2ccc(C3=Nn4ccnc4SC3c3ccccc3)cc2N1,O=C1COc2ccc(C3=Nn4ccnc4SC3c3ccccc3)cc2N1,7.440000057220459,CHEMBL1929756,Displacement of [3H]aldosterone from cytosolic human MR expressed in HEK293 cells after 16 hrs by scintillation counting,7969237,B,IC50,9,=,Homo sapiens,CHEMBL1928877,CHEMBL1926625,,HEK293,Direct protein target assigned,,,,False,-1,False,False,,,7.440000057220459,,,NR3C2_IC50Ki_308,7.440000057220459,True
CHEMBL1994,N=C(c1ccc2c(c1)NC(=O)CO2)C(Sc1nnc[nH]1)c1ccccc1,N=C(c1ccc2c(c1)NC(=O)CO2)[C@@H](Sc1nnc[nH]1)c1ccccc1,6.300000190734863,CHEMBL4423290,Displacement of [3H]-aldosterone to human mineralocorticoid receptor LBD by radiometric binding assay,19363328,B,Ki,9,=,Homo sapiens,CHEMBL4577956,CHEMBL4422622,,,Direct protein target assigned,,,,False,-1,False,False,,,6.300000190734863,,,NR3C2_IC50Ki_661,6.300000190734863,True
CHEMBL1994,COc1ccc(F)cc1C(C)(C)CC(O)(Cc1cccc2ccccc12)C(F)(F)F,COc1ccc(F)cc1C(C)(C)CC(O)(Cc1cccc2ccccc12)C(F)(F)F,5.849999904632568,CHEMBL899207,Displacement of TAMRA labeled mifepristone at human mineralocorticoid receptor in insect cell,1981481,B,IC50,9,=,Homo sapiens,CHEMBL237843,CHEMBL1149697,,,Direct protein target assigned,,,,False,-1,False,False,,,5.849999904632568,,,NR3C2_IC50Ki_130,5.849999904632568,True
CHEMBL1994,Cc1ccc(C2CCCCN2S(=O)(=O)c2ccc3c(c2)NC(=O)CO3)cc1,Cc1ccc(C2CCCCN2S(=O)(=O)c2ccc3c(c2)NC(=O)CO3)cc1,5.199999809265137,CHEMBL4423293,Antagonist activity at gal4-fused human mineralocorticoid receptor LBD expressed in UAS-MR-bla HEK293 cells by luciferase reporter gene assay,19363451,B,IC50,9,=,Homo sapiens,CHEMBL4445438,CHEMBL4422622,,,Direct protein target assigned,,,,False,-1,False,False,,,5.199999809265137,,,NR3C2_IC50Ki_663,5.199999809265137,True
CHEMBL1994,Cc1ccccc1C(C)(C)CC(O)(Cn1ccc(=O)c2ccccc21)C(F)(F)F,Cc1ccccc1C(C)(C)CC(O)(Cn1ccc(=O)c2ccccc21)C(F)(F)F,6.820000171661377,CHEMBL909351,Inhibition of tetramethylrhodamine labeled dexamethasone binding to MR by FP assay,1799458,B,IC50,8,=,Homo sapiens,CHEMBL425970,CHEMBL1138857,,,Homologous protein target assigned,,,,False,-1,False,False,,,6.820000171661377,,,NR3C2_IC50Ki_099,6.820000171661377,True
CHEMBL1994,COc1cccc(CNC(=O)C2(Cc3ccccc3)OC(=O)N(C(C)c3ccccc3)C2=O)c1,COc1cccc(CNC(=O)[C@@]2(Cc3ccccc3)OC(=O)N([C@H](C)c3ccccc3)C2=O)c1,6.519999980926514,CHEMBL2411354,Antagonist activity at human mineralocorticoid receptor assessed as inhibition of binding to coactivator peptide by NH Pro assay,13393553,B,IC50,9,=,Homo sapiens,CHEMBL2407664,CHEMBL2407028,,,Direct protein target assigned,,,,False,-1,False,False,,,6.519999980926514,,,NR3C2_IC50Ki_372,6.519999980926514,True
CHEMBL1994,COc1ccc(F)cc1C(C)(C)CC(O)(Cn1ccc(=O)c2cnccc21)C(F)(F)F,COc1ccc(F)cc1C(C)(C)CC(O)(Cn1ccc(=O)c2cnccc21)C(F)(F)F,6.760000228881836,CHEMBL909351,Inhibition of tetramethylrhodamine labeled dexamethasone binding to MR by FP assay,1799403,B,IC50,8,=,Homo sapiens,CHEMBL386916,CHEMBL1138857,,,Homologous protein target assigned,,,,False,-1,False,False,,,6.760000228881836,,,NR3C2_IC50Ki_087,6.760000228881836,True
CHEMBL1994,Cc1ccc(F)cc1C(C)(C)CC(O)(Cc1cc2nc(N3CCOCC3)ncc2[nH]1)C(F)(F)F,Cc1ccc(F)cc1C(C)(C)CC(O)(Cc1cc2nc(N3CCOCC3)ncc2[nH]1)C(F)(F)F,6.769999980926514,CHEMBL3132584,Competitive binding affinity to mineralocorticoid receptor (unknown origin) expressed in baculovirus-infected cell system after 1 hr by fluorescence polarization assay in presence of tetramethylrhodamine-labeled dexamethasone,13945740,B,IC50,9,=,Homo sapiens,CHEMBL3126938,CHEMBL3124926,,,Direct protein target assigned,,,,False,-1,False,False,,,6.769999980926514,,,NR3C2_IC50Ki_458,6.769999980926514,True
CHEMBL1994,CCC(c1ccccc1)N1C(=O)OC(Cc2ccccc2)(C(=O)NCc2cc(OC)cc(OC)c2)C1=O,CC[C@H](c1ccccc1)N1C(=O)O[C@](Cc2ccccc2)(C(=O)NCc2cc(OC)cc(OC)c2)C1=O,6.400000095367432,CHEMBL2411354,Antagonist activity at human mineralocorticoid receptor assessed as inhibition of binding to coactivator peptide by NH Pro assay,13393493,B,IC50,9,=,Homo sapiens,CHEMBL2407649,CHEMBL2407028,,,Direct protein target assigned,,,,False,-1,False,False,,,6.400000095367432,,,NR3C2_IC50Ki_330,6.400000095367432,True
CHEMBL1994,N#Cc1ccc(N2N=C(c3ccc(C(=O)O)cc3)CC2c2ccc(F)cc2)c(F)c1,N#Cc1ccc(N2N=C(c3ccc(C(=O)O)cc3)CC2c2ccc(F)cc2)c(F)c1,6.269999980926514,CHEMBL1219662,Antagonist activity at Gal4-tagged mineralocorticoid receptor expressed in human Huh7 cells by luciferase reporter gene assay,3403545,F,IC50,8,=,Homo sapiens,CHEMBL1214767,CHEMBL1212897,,Huh-7,Homologous protein target assigned,,,,False,-1,False,False,,,6.269999980926514,,,NR3C2_IC50Ki_214,6.269999980926514,True
CHEMBL1994,CC(c1ccccc1)N1C(=O)OC(Cc2ccccc2)(c2ncc(Cc3ccccc3)[nH]2)C1=O,C[C@H](c1ccccc1)N1C(=O)O[C@](Cc2ccccc2)(c2ncc(Cc3ccccc3)[nH]2)C1=O,6.570000171661377,CHEMBL3241715,Antagonist activity at mineralocorticoid receptor (unknown origin) by PathHunter assay,14566211,B,IC50,9,=,Homo sapiens,CHEMBL3234849,CHEMBL3232811,,,Direct protein target assigned,,,,False,-1,False,False,,,6.570000171661377,,,NR3C2_IC50Ki_466,6.570000171661377,True
CHEMBL1994,COc1c(O)ccc2c1-c1ccc3c(c1C(=Cc1sccc1CO)O2)C(C)=CC(C)(C)N3,COc1c(O)ccc2c1-c1ccc3c(c1/C(=C/c1sccc1CO)O2)C(C)=CC(C)(C)N3,6.010000228881836,CHEMBL896164,Binding affinity to MR,1926541,B,Ki,8,=,Homo sapiens,CHEMBL394369,CHEMBL1148778,,,Homologous protein target assigned,,,,False,-1,False,False,,,6.010000228881836,,,NR3C2_IC50Ki_121,6.010000228881836,True
CHEMBL1994,CC1(O)CCC2C3CCC4=CC(=O)CCC4=C3C=CC21C,C[C@]1(O)CC[C@H]2[C@@H]3CCC4=CC(=O)CCC4=C3C=C[C@@]21C,9.270000457763672,CHEMBL3767967,Displacement of [3H]-aldosterone from mineralocorticoid receptor (unknown origin) expressed in HEK293 cell lysate incubated overnight by microbeta scintillation counting method,16478894,B,Ki,9,=,Homo sapiens,CHEMBL166444,CHEMBL3763123,,HEK293,Direct protein target assigned,,,2.0,False,0,False,False,,,9.270000457763672,,,NR3C2_IC50Ki_614,9.270000457763672,True
CHEMBL1994,CC1(C)OC(=O)Nc2ccc(-c3csc(C#N)c3)cc21,CC1(C)OC(=O)Nc2ccc(-c3csc(C#N)c3)cc21,5.860000133514404,CHEMBL729163,Antagonist activity against the Mineralocorticoid Receptor (MR),1002433,F,IC50,8,=,Homo sapiens,CHEMBL139749,CHEMBL1135816,,,Homologous protein target assigned,,,,False,-1,False,False,,,5.860000133514404,,,NR3C2_IC50Ki_020,5.860000133514404,True
CHEMBL1994,CS(=O)(=O)Nc1ccc2c(c1)OC1(CCC1)C(=O)N2c1ccc(F)cc1,CS(=O)(=O)Nc1ccc2c(c1)OC1(CCC1)C(=O)N2c1ccc(F)cc1,6.820000171661377,CHEMBL5136122,Displacement of [3H]-aldosterone from recombinant human mineralocorticoid receptor expressed in baculovirus infected insect cells incubated overnight by liquid scintillation counting analysis,24808035,B,Ki,9,=,Homo sapiens,CHEMBL5187656,CHEMBL5131538,,,Direct protein target assigned,,,,False,-1,False,False,,,6.820000171661377,,,NR3C2_IC50Ki_700,6.820000171661377,True
CHEMBL1994,CC(C)(CC(O)(C(=O)Nc1ccc2c(c1)COC2=O)C(F)(F)F)c1cc(F)ccc1O,CC(C)(CC(O)(C(=O)Nc1ccc2c(c1)COC2=O)C(F)(F)F)c1cc(F)ccc1O,7.519999980926514,CHEMBL880258,Binding affinity towards mineralocorticoid receptor using fluorescence polarization competitive binding assay,1600909,B,IC50,9,=,Homo sapiens,CHEMBL194745,CHEMBL1143464,,,Direct protein target assigned,,,,False,-1,False,False,,,7.519999980926514,,,NR3C2_IC50Ki_071,7.519999980926514,True
CHEMBL1994,COc1ccccc1C1CCN(c2[nH]c(=O)[nH]c(=O)c2Cc2ccccc2)CC1,COc1ccccc1C1CCN(c2[nH]c(=O)[nH]c(=O)c2Cc2ccccc2)CC1,6.53000020980835,CHEMBL890431,Displacement of [3H]aldosterone from mineralocorticoid receptor expressed in Sf9 cells,1909950,B,Ki,8,=,Homo sapiens,CHEMBL231296,CHEMBL1146208,,Sf9,Homologous protein target assigned,,,,False,-1,False,False,,,6.53000020980835,,,NR3C2_IC50Ki_106,6.53000020980835,True
CHEMBL1994,CC1c2c(cc(F)c(-c3cccc4c(Cl)c[nH]c34)c2F)NC(C)(C)C1OC(=O)NCc1ccccc1,C[C@H]1c2c(cc(F)c(-c3cccc4c(Cl)c[nH]c34)c2F)NC(C)(C)[C@@H]1OC(=O)NCc1ccccc1,6.179999828338623,CHEMBL1686884,Binding affinity to mineralocorticoid receptor,5247501,B,Ki,8,=,Homo sapiens,CHEMBL1684342,CHEMBL1681769,,,Homologous protein target assigned,,,,False,-1,False,False,,,6.179999828338623,,,NR3C2_IC50Ki_270,6.179999828338623,True
CHEMBL1994,Cc1c(C(=O)Nc2ccc(S(C)(=O)=O)cc2)cc(CCF)n1-c1ccc(F)cc1OC(F)F,Cc1c(C(=O)Nc2ccc(S(C)(=O)=O)cc2)cc(CCF)n1-c1ccc(F)cc1OC(F)F;Cc1c(C(=O)Nc2ccc(S(C)(=O)=O)cc2)cc(CCF)n1-c1ccc(F)cc1OC(F)F,8.190;7.850,CHEMBL4008019;CHEMBL4008019,Antagonist activity at Gal4-fused human MR LBD (671 to 984 residues) expressed in African Green Monkey CV-1 cells assessed as inhibition of aldosterone-induced transactivation activity after 20 hrs by luciferase reporter gene assay;Antagonist activity at Gal4-fused human MR LBD (671 to 984 residues) expressed in African Green Monkey CV-1 cells assessed as inhibition of aldosterone-induced transactivation activity after 20 hrs by luciferase reporter gene assay,18033324;18033330,B;B,IC50;IC50,9;9,=;=,Homo sapiens;Homo sapiens,CHEMBL4068898;CHEMBL4068898,CHEMBL4007392;CHEMBL4007392,None;None,None;None,Direct protein target assigned;Direct protein target assigned,None;None,None;None,None;None,False;False,-1;-1,False;False,True,8.02,0.1699999999999999,8.02,0.1699999999999999,2.0,NR3C2_IC50Ki_860,8.02,True
CHEMBL1994,CCC(Cc1cc(C)c(O)c(C)c1)NS(=O)(=O)c1c(C)cc(C)cc1C,CCC(Cc1cc(C)c(O)c(C)c1)NS(=O)(=O)c1c(C)cc(C)cc1C,6.320000171661377,CHEMBL3097675,Inhibition of mineralocorticoid receptor (unknown origin) expressed in baculovirus-infected insect cells by fluorescence polarization assay,13858115,B,IC50,9,=,Homo sapiens,CHEMBL3094484,CHEMBL3091417,,,Direct protein target assigned,,,,False,-1,False,False,,,6.320000171661377,,,NR3C2_IC50Ki_435,6.320000171661377,True
CHEMBL1994,CC(C)(CC(O)(Cn1ccc(=O)c2ccccc21)C(F)(F)F)c1cc(F)ccc1O,CC(C)(CC(O)(Cn1ccc(=O)c2ccccc21)C(F)(F)F)c1cc(F)ccc1O,6.239999771118164,CHEMBL909351,Inhibition of tetramethylrhodamine labeled dexamethasone binding to MR by FP assay,1799480,B,IC50,8,=,Homo sapiens,CHEMBL219973,CHEMBL1138857,,,Homologous protein target assigned,,,,False,-1,False,False,,,6.239999771118164,,,NR3C2_IC50Ki_102,6.239999771118164,True
