QSPRID,qrySmiles,hitSmiles,anonIdx,mw,id,qry_molecule_chembl_id,target_id,provider,QSPRID,predictions,nn_max,nn_min,nn_mean,nn_sum,n_chiral_centers,logP,lipinski_violations,nn_index,nn_smiles,tsne1,tsne2
VS_set_ADORA1_00002,Cc1cc(-c2nnc(N)nc2-c2cc(F)cc(F)c2)cc(C)n1,Cc1cccc(c1)c2cc(nc(n2)N)c3cccc(c3)F,B23R3.7796231,279.312,37034318,CHEMBL2024117,ADORA1,emolecules,VS_set_ADORA1_00002,7.030949,0.22392638036809817,0.19148936170212766,0.2131536058316227,2.131536058316227,0,3.840320000000002,0,2998,Cc1cccc(-c2cnc(N)nc2-c2ccccc2)c1,13.190499,-25.969791
VS_set_ADORA1_00005,Cc1cc(-c2nnc(N)nc2-c2cc(F)cc(F)c2)cc(C)n1,Cc1cccc(c1)c2cc(nc(n2)N)c3cccc(c3)Br,B23R3.7796231,340.217,37034094,CHEMBL2024117,ADORA1,emolecules,VS_set_ADORA1_00005,7.172969,0.2339622641509434,0.19939271255060728,0.22109643066731746,2.2109643066731746,0,4.463720000000001,0,2998,Cc1cccc(-c2cnc(N)nc2-c2ccccc2)c1,12.228826,-26.662825
VS_set_ADORA1_00009,Cc1cc(-c2nnc(N)nc2-c2cc(F)cc(F)c2)cc(C)n1,Oc1nnc(c(n1)c2ccccc2)c3ccccc3,B21R3.236,249.268,300022029,CHEMBL2024117,ADORA1,emolecules,VS_set_ADORA1_00009,7.1260357,0.30373360242179614,0.20024271844660194,0.26725326315488385,2.6725326315488385,0,2.911200000000001,0,2222,Nc1nnc(-c2ccccc2)c(-c2ccccc2)n1,-7.832184,-28.82349
VS_set_ADORA1_00010,Cc1cc(-c2nnc(N)nc2-c2cc(F)cc(F)c2)cc(C)n1,Sc1nnc(c(n1)c2ccccc2)c3ccccc3,B21R3.236,265.335,1062706,CHEMBL2024117,ADORA1,emolecules,VS_set_ADORA1_00010,7.276408,0.3051020408163265,0.20963855421686747,0.27876041460556,2.7876041460556,0,3.4943000000000017,0,2222,Nc1nnc(-c2ccccc2)c(-c2ccccc2)n1,-7.7561193,-28.256205
VS_set_ADORA1_00015,Cc1cc(-c2nnc(N)nc2-c2cc(F)cc(F)c2)cc(C)n1,Cc1cccc(c1)c2cc(nc(n2)N)c3cccc(c3)C,B23R3.7796231,275.348,37034320,CHEMBL2024117,ADORA1,emolecules,VS_set_ADORA1_00015,7.088913,0.23839662447257384,0.1853813559322034,0.2135746380880939,2.135746380880939,0,4.009640000000002,0,2998,Cc1cccc(-c2cnc(N)nc2-c2ccccc2)c1,12.6056795,-26.257666
VS_set_ADORA1_00016,Cc1cc(-c2nnc(N)nc2-c2cc(F)cc(F)c2)cc(C)n1,Nc1nc(cc(n1)c2cccc(c2)Br)c3cccc(c3)F,B23R3.7796231,344.181,37034090,CHEMBL2024117,ADORA1,emolecules,VS_set_ADORA1_00016,7.1797695,0.2583412774070543,0.22054054054054054,0.2459866873007072,2.459866873007072,0,4.294400000000001,0,3715,N#Cc1c(-c2ccccc2)nc(N)nc1-c1cccc(F)c1,11.6948595,-28.545126
VS_set_ADORA1_00025,Cc1cc(-c2nnc(N)nc2-c2cc(F)cc(F)c2)cc(C)n1,N=c1nc(c(n[nH]1)c2ccccc2)c3ccccc3,B21R3.236,248.283,4493669,CHEMBL2024117,ADORA1,emolecules,VS_set_ADORA1_00025,7.3103375,0.2819794584500467,0.23356009070294784,0.26286287681861564,2.6286287681861564,0,2.618170000000001,0,2222,Nc1nnc(-c2ccccc2)c(-c2ccccc2)n1,-9.251274,-29.0532
VS_set_ADORA1_00026,Cc1cc(-c2nnc(N)nc2-c2cc(F)cc(F)c2)cc(C)n1,O=c1nc(c(n[nH]1)c2ccccc2)c3ccccc3,B21R3.236,249.268,1002539,CHEMBL2024117,ADORA1,emolecules,VS_set_ADORA1_00026,7.0198116,0.2981427174975562,0.22637106184364061,0.26724035511468974,2.6724035511468975,0,2.498900000000001,0,2222,Nc1nnc(-c2ccccc2)c(-c2ccccc2)n1,-9.047074,-29.130384
VS_set_ADORA1_00028,Cc1cc(-c2nnc(N)nc2-c2cc(F)cc(F)c2)cc(C)n1,S=c1nc(c(n[nH]1)c2ccccc2)c3ccccc3,B21R3.236,265.335,630953,CHEMBL2024117,ADORA1,emolecules,VS_set_ADORA1_00028,7.0125713,0.286144578313253,0.22273781902552203,0.25972098801805377,2.5972098801805377,0,3.868190000000002,0,2222,Nc1nnc(-c2ccccc2)c(-c2ccccc2)n1,-9.011334,-29.232204
VS_set_ADORA1_00034,Cc1cc(-c2nnc(N)nc2-c2cc(F)cc(F)c2)cc(C)n1,Nc1nc(cc(n1)c2cccc(c2)Br)c3cccc(c3)Br,B23R3.7796231,405.086,37034106,CHEMBL2024117,ADORA1,emolecules,VS_set_ADORA1_00034,7.4557967,0.2724324324324324,0.15243101182654403,0.24667465988226045,2.4667465988226045,0,4.9178000000000015,0,1137,Nc1nc(-c2ccccc2)cc(-c2ccccc2)n1,11.022899,-28.050947
VS_set_ADORA1_00035,Cc1cc(-c2nnc(N)nc2-c2cc(F)cc(F)c2)cc(C)n1,Nc1nc(cc(n1)c2cccc(c2)Br)c3cccc(c3)Cl,B23R3.7796231,360.636,37033558,CHEMBL2024117,ADORA1,emolecules,VS_set_ADORA1_00035,7.110324,0.2487852283770651,0.20719738276990185,0.23307566760501036,2.3307566760501035,0,4.808700000000002,0,3689,N#Cc1c(-c2cccc(Cl)c2)nc(N)nc1-c1cccc(Cl)c1,10.195604,-27.659214
VS_set_ADORA1_00036,Cc1cc(-c2nnc(N)nc2-c2cc(F)cc(F)c2)cc(C)n1,Nc1nc(cc(n1)c2cccc(c2)Cl)c3cccc(c3)Cl,B23R3.7796231,316.185,37033536,CHEMBL2024117,ADORA1,emolecules,VS_set_ADORA1_00036,7.1378145,0.2434584755403868,0.15019762845849802,0.21067886818236917,2.1067886818236916,0,4.699600000000002,0,1137,Nc1nc(-c2ccccc2)cc(-c2ccccc2)n1,9.320274,-28.23747
VS_set_ADORA1_00038,Cc1cc(-c2nnc(N)nc2-c2cc(F)cc(F)c2)cc(C)n1,Nc1nc(c([nH]c1=O)c2cccc(c2)F)c3cccc(c3)F,B24R3.17907504,299.275,252410060,CHEMBL2024117,ADORA1,emolecules,VS_set_ADORA1_00038,7.0892816,0.22321428571428573,0.21723518850987433,0.22109797912850335,2.2109797912850335,0,2.9643000000000015,0,1100,CN1C(=O)C2Nc3cnccc3C2N(C)C1=O,-13.736528,-0.22973098
VS_set_ADORA1_00041,Cc1cc(-c2nnc(N)nc2-c2cc(F)cc(F)c2)cc(C)n1,Clc1cc(c(nn1)c2ccccc2)c3ccccc3,B21R3.236,266.725,260931451,CHEMBL2024117,ADORA1,emolecules,VS_set_ADORA1_00041,7.1293116,0.33811475409836067,0.3244397011739594,0.3327024861590589,3.327024861590589,0,4.464000000000003,0,2224,Nc1nnc(-c2cc(Cl)cc(Cl)c2)c(-c2ccccc2)n1,-22.115599,-18.358286
VS_set_ADORA1_00043,Cc1cc(-c2nnc(N)nc2-c2cc(F)cc(F)c2)cc(C)n1,Ic1cnc(c(n1)c2ccccc2)c3ccccc3,B21R3.236,358.177,324147331,CHEMBL2024117,ADORA1,emolecules,VS_set_ADORA1_00043,7.0847,0.35728952772073924,0.3213038416763679,0.34813017381857525,3.4813017381857527,0,4.415200000000002,0,2222,Nc1nnc(-c2ccccc2)c(-c2ccccc2)n1,-5.698954,-33.045948
VS_set_ADORA1_00044,Cc1cc(-c2nnc(N)nc2-c2cc(F)cc(F)c2)cc(C)n1,Oc1cnc(c(n1)c2ccccc2)c3ccccc3,B21R3.236,248.28,6780871,CHEMBL2024117,ADORA1,emolecules,VS_set_ADORA1_00044,7.119086,0.34110787172011664,0.3245967741935484,0.334650989247287,3.34650989247287,0,3.516200000000002,0,2227,Cc1cc(-c2nnc(N)nc2-c2ccccc2)cc(C)c1O,-5.635135,-32.965527
VS_set_ADORA1_00047,Cc1cc(-c2nnc(N)nc2-c2cc(F)cc(F)c2)cc(C)n1,Cc1cc(cc(n1)F)n2nccc2c3ccccc3,B21R3.7270,253.275,324649472,CHEMBL2024117,ADORA1,emolecules,VS_set_ADORA1_00047,7.122737,0.16264521894548703,0.15967885816235505,0.16133046017719183,1.6133046017719181,0,3.381820000000002,0,2628,CCC(=O)N1Cc2nc(-c3ccccc3)nn2-c2cc(C)ccc21,-12.906936,10.272562
VS_set_ADORA1_00048,Cc1cc(-c2nnc(N)nc2-c2cc(F)cc(F)c2)cc(C)n1,Cc1cc(ccn1)n2ncc(c2c3ccccc3)Br,B21R3.7839,314.18,324589810,CHEMBL2024117,ADORA1,emolecules,VS_set_ADORA1_00048,7.0011864,0.1705357142857143,0.16428571428571428,0.16815101366948954,1.6815101366948955,0,4.005220000000002,0,2627,COC(=O)N1Cc2nc(-c3ccccc3)nn2-c2cc(C)ccc21,-13.404814,10.532828
VS_set_ADORA1_00050,Cc1cc(-c2nnc(N)nc2-c2cc(F)cc(F)c2)cc(C)n1,Cc1cc(ccn1)n2ncc(c2c3ccccc3)I,B21R3.7839,361.181,324619784,CHEMBL2024117,ADORA1,emolecules,VS_set_ADORA1_00050,7.467621,0.15309734513274337,0.1486123545210385,0.15119615382677448,1.511961538267745,0,3.8473200000000025,0,2630,CCC(=O)N1Cc2nc(-c3ccccc3)nn2-c2ccccc21,-13.434782,10.5471525
VS_set_ADORA1_00059,Cc1cc(-c2nnc(N)nc2-c2cc(F)cc(F)c2)cc(C)n1,Nc1cc(ccn1)c2cnsc2c3cccc(c3)F,B21R3.147787,271.314,46581083,CHEMBL2024117,ADORA1,emolecules,VS_set_ADORA1_00059,7.2089643,0.2031523642732049,0.19185520361990951,0.1988690553753431,1.988690553753431,0,3.593400000000001,0,2127,COc1cc(N)[nH]c2nc(-c3ccc(F)cc3)c(-c3ccncc3)c1-2,3.9045222,-1.6077996
VS_set_ADORA1_00066,Cc1cc(-c2nnc(N)nc2-c2cc(F)cc(F)c2)cc(C)n1,OCc1nnn(c1c2cc(cc(c2)F)F)c3ccccc3,B23R3.46381053,287.265,37044126,CHEMBL2024117,ADORA1,emolecules,VS_set_ADORA1_00066,7.0600953,0.1784121320249777,0.17484388938447815,0.17656415951003168,1.7656415951003168,0,2.7048000000000005,0,1097,CN1C(=O)C2Nc3cccnc3C2N(C)C1=O,-4.467561,-7.0239244
VS_set_ADORA1_00082,CCCn1c(N=Cc2ccc(Cl)cc2)c(C#N)sc1=S,CCNc1nc(c(cc1C#N)C)c2ccccc2,B19R2.20457,237.3,315150957,CHEMBL2419142,ADORA1,emolecules,VS_set_ADORA1_00082,7.1120005,0.16740478299379982,0.16281138790035588,0.1662486661275417,1.662486661275417,0,3.360500000000002,0,2313,CCC1CN2C(=O)N(C)c3nc(-c4ccccc4)[nH]c3C2=N1,-12.693456,-6.0086093
VS_set_ADORA1_00109,CCCn1c(N=Cc2ccc(Cl)cc2)c(C#N)sc1=S,CCCn1c(ncc1c2ccc(cc2)F)S,B17R2.31640,236.31,11476715,CHEMBL2419142,ADORA1,emolecules,VS_set_ADORA1_00109,7.215869,0.15165031222123104,0.14207650273224043,0.14863237936840717,1.4863237936840719,0,3.3879000000000024,0,242,CCCn1c(=O)[nH]c2cc(-c3ccccc3)[nH]c2c1=O,5.7516065,-0.43548715
VS_set_ADORA1_00151,Clc1cccc2[nH]c(-c3cnc4ccccc4n3)nc12,c1ccc2[nH]c(nc2c1)c3ccc4ccccc4n3,B22R4.3170409,245.279,31660878,CHEMBL426297,ADORA1,emolecules,VS_set_ADORA1_00151,7.0585237,0.24171888988361684,0.17671957671957672,0.22132193523002325,2.2132193523002326,0,3.778100000000002,0,492,c1ccc2nc(-c3nc4ccccc4[nH]3)cnc2c1,-14.548669,28.04248
VS_set_ADORA1_00152,Clc1cccc2[nH]c(-c3cnc4ccccc4n3)nc12,c1ccc2[nH]c(nc2c1)c3ccc4ccccc4n3,B22R4.3170409,245.279,640436,CHEMBL426297,ADORA1,emolecules,VS_set_ADORA1_00152,7.0585237,0.24171888988361684,0.17671957671957672,0.22132193523002325,2.2132193523002326,0,3.778100000000002,0,492,c1ccc2nc(-c3nc4ccccc4[nH]3)cnc2c1,-14.548669,28.04248
VS_set_ADORA1_00153,Clc1cccc2[nH]c(-c3cnc4ccccc4n3)nc12,c1ccc2[nH]c(nc2c1)c3ccc4ccccc4n3,B22R4.3170409,245.279,980010,CHEMBL426297,ADORA1,emolecules,VS_set_ADORA1_00153,7.0585237,0.24171888988361684,0.17671957671957672,0.22132193523002325,2.2132193523002326,0,3.778100000000002,0,492,c1ccc2nc(-c3nc4ccccc4[nH]3)cnc2c1,-14.548669,28.04248
VS_set_ADORA1_00668,O=c1cc(-c2ccccc2)oc2c1ccc1ccccc12,Cc1cc(nc2[n+]1ccc3c2cccc3)c4ccccc4,B24R4.3568271,271.336,317363491,CHEMBL283196,ADORA1,emolecules,VS_set_ADORA1_00668,7.420001,0.18207282913165265,0.16538461538461538,0.17835982782622734,1.7835982782622735,0,3.948920000000003,0,3871,Cc1ccc2c(N)cc(-c3ccccc3)nc2n1,-5.337119,-9.73569
VS_set_ADORA1_00710,Nc1nc(-n2cccn2)nc(-n2cccn2)c1Br,Nc1cc(nc(n1)c2ccccc2)n3cccn3,B20R3.5115,237.26,314717324,CHEMBL3694769,ADORA1,emolecules,VS_set_ADORA1_00710,7.001486,0.18402154398563733,0.10119047619047619,0.16085456961575847,1.6085456961575848,0,1.9115,0,1020,Nc1cc(-n2cccn2)nc(-c2ccco2)n1,-16.63422,-9.101212
VS_set_ADORA1_00748,Nc1nc(-n2cccn2)nc(-n2cccn2)c1Br,Clc1cc(nc(n1)c2ccccc2)n3cccn3,B20R3.5115,256.691,233009947,CHEMBL3694769,ADORA1,emolecules,VS_set_ADORA1_00748,7.270708,0.21114106019766396,0.17281553398058253,0.1972943602582778,1.972943602582778,0,2.9827000000000012,0,1020,Nc1cc(-n2cccn2)nc(-c2ccco2)n1,-16.986004,-9.086303
VS_set_ADORA1_00751,Nc1nc(-n2cccn2)nc(-n2cccn2)c1Br,Nc1cc(nc(n1)c2ccccc2)n3cncn3,B20R3.5115,238.248,315139674,CHEMBL3694769,ADORA1,emolecules,VS_set_ADORA1_00751,7.133702,0.21798365122615804,0.1928982725527831,0.21375827694806557,2.1375827694806557,0,1.3064999999999998,0,1020,Nc1cc(-n2cccn2)nc(-c2ccco2)n1,-16.203936,-9.116728
VS_set_ADORA1_00850,CCc1nc2c3[nH]c(C)nc3c4[nH]c(C)nc4c2[nH]1,CCc1ncc(cn1)c2nc(nn2c3cc(ccn3)C)C,B23R3.486,280.328,46050031,CHEMBL198460;CHEMBL372580,ADORA1,emolecules,VS_set_ADORA1_00850,7.0729184,0.14736842105263157,0.1424778761061947,0.14531130038078052,1.4531130038078053,0,2.29854,0,2628,CCC(=O)N1Cc2nc(-c3ccccc3)nn2-c2cc(C)ccc21,10.499845,12.948566
VS_set_ADORA1_00938,O=c1c(Cc2ccccc2)nnc2n(Cc3ccccc3)c3ccccc3n12,O=c1n(nc2n1c3c(c(=O)n2Cc4ccccc4)cccc3)Cc5ccccc5,B33R5.230048658,382.415,32539788,CHEMBL389418,ADORA1,emolecules,VS_set_ADORA1_00938,7.0325465,0.09885260370697264,0.09025270758122744,0.09552977491229042,0.9552977491229042,0,2.9075000000000006,0,824,O=c1c(-c2ccco2)nnc2n(Cc3ccccc3)c3ccccc3n12,1.9875213,3.2614422
VS_set_ADORA1_00969,O=c1c(Cc2ccccc2)nnc2n(Cc3ccccc3)c3ccccc3n12,O=c1n(nc2n1c3c(c(=O)n2CCc4ccccc4)cccc3)Cc5ccccc5,B34R5.114968003,396.442,32539956,CHEMBL389418,ADORA1,emolecules,VS_set_ADORA1_00969,7.2019362,0.09066901408450705,0.08546255506607929,0.08840008136361803,0.8840008136361803,0,3.1019000000000014,0,2616,O=c1c2ncn3nc(-c4ccccc4)cc3c2c(C2CCCC2)nn1Cc1ccccc1,2.0374873,3.2334673
VS_set_ADORA1_00976,O=c1c(Cc2ccccc2)nnc2n(Cc3ccccc3)c3ccccc3n12,OC(Cn1c2ccccc2n(c1=N)Cc3ccccc3)c4ccccc4,B29R4.26998826,343.422,35775486,CHEMBL389418,ADORA1,emolecules,VS_set_ADORA1_00976,7.1350703,0.0970873786407767,0.09316770186335403,0.09541460098125873,0.9541460098125873,1,3.704170000000002,0,438,CCCn1c(=O)c2c(nc3[nH]c(C(C)C)cn32)n(Cc2ccccc2)c1=O,-0.10249566,4.869796
VS_set_ADORA1_00977,O=c1c(Cc2ccccc2)nnc2n(Cc3ccccc3)c3ccccc3n12,OC(Cn1c2ccccc2n(c1=N)Cc3ccccc3)c4ccccc4,B29R4.26998826,343.422,4389914,CHEMBL389418,ADORA1,emolecules,VS_set_ADORA1_00977,7.1350703,0.0970873786407767,0.09316770186335403,0.09541460098125873,0.9541460098125873,1,3.704170000000002,0,438,CCCn1c(=O)c2c(nc3[nH]c(C(C)C)cn32)n(Cc2ccccc2)c1=O,-0.102263115,4.869899
VS_set_ADORA1_01231,Nc1nc(Cl)nc2c1ncn2C12CC(O)C(O)C1C2,N[C@@H]1CC[C@H]([C@H]([C@@H]1O)O)n2cnc3c2ncnc3N,B21R3.385583,264.284,44420586,CHEMBL3955407,ADORA1,emolecules,VS_set_ADORA1_01231,7.212706,0.05813953488372093,0.050314465408805034,0.05462949577922738,0.5462949577922738,4,-1.2074999999999996,1,2247,Nc1ncnc2c1ncn2C1OC(C(=O)NC2CC2)C(O)C1O,-2.6129823,7.1868706
VS_set_ADORA1_01233,Nc1nc(Cl)nc2c1ncn2C12CC(O)C(O)C1C2,Nc1ncnc2c1ncn2[C@@H]3C[C@@H]([C@H]([C@H]3O)O)CO,B21R3.64521,265.269,50421731,CHEMBL3955407,ADORA1,emolecules,VS_set_ADORA1_01233,7.0971622,0.056199821587867974,0.047058823529411764,0.05345721344446212,0.5345721344446213,4,-1.3164000000000002,1,3761,Nc1ncnc2c1ncn2C1OC(CO)C(O)C1O,-2.5882034,7.717354
VS_set_ADORA1_01384,COc1cccc(CNc2nc(N)c3nc(-c4ccc(C)o4)sc3n2)c1,COc1cccc(c1)CCNc2nc(cc(n2)NCc3ccco3)C,B27R3.93803255,338.404,184341663,CHEMBL4165484,ADORA1,emolecules,VS_set_ADORA1_01384,7.186831,0.11091549295774648,0.08711111111111111,0.10643776742957511,1.0643776742957511,0,3.6533200000000017,0,3002,COc1cccc(CCNc2nc(N)c3nc(-c4ccco4)sc3n2)c1,8.188548,11.538724
VS_set_ADORA1_01486,Nc1nc2ccc(Cl)cc2n2c(=O)c(-c3ccc(Cl)cc3)nn12,Oc1cn(nc1c2ccccc2)c3nc4ccccc4[nH]3,B24R4.2011716,276.293,44603904,CHEMBL235076,ADORA1,emolecules,VS_set_ADORA1_01486,7.013535,0.1459265890778872,0.14058355437665782,0.1442074234707445,1.442074234707445,0,3.121200000000001,0,2313,CCC1CN2C(=O)N(C)c3nc(-c4ccccc4)[nH]c3C2=N1,1.1081955,-3.000252
VS_set_ADORA1_01489,Nc1nc2ccc(Cl)cc2n2c(=O)c(-c3ccc(Cl)cc3)nn12,Oc1cn(nc1c2ccc(cc2)Cl)c3ccc(cc3)Cl,B22R3.993619,305.159,50426625,CHEMBL235076,ADORA1,emolecules,VS_set_ADORA1_01489,7.1207156,0.19551569506726457,0.19047619047619047,0.19292115450132502,1.9292115450132503,0,4.551700000000002,0,2221,Nc1nc(Cl)nc2c1ncn2C1C(O)C(O)C2CC21,1.8466375,-2.6935263
VS_set_ADORA1_01495,Nc1nc2ccc(Cl)cc2n2c(=O)c(-c3ccc(Cl)cc3)nn12,COc1ccc(cc1n2nnc(c2N)c3ccc(cc3)Cl)Cl,B24R3.4555444,335.188,6817840,CHEMBL235076,ADORA1,emolecules,VS_set_ADORA1_01495,7.0956,0.141718334809566,0.1349911190053286,0.1393870555043171,1.393870555043171,0,3.831900000000002,0,1097,CN1C(=O)C2Nc3cccnc3C2N(C)C1=O,0.33546558,7.6086044
VS_set_ADORA1_01520,Nc1nc2ccc(Cl)cc2n2c(=O)c(-c3ccc(Cl)cc3)nn12,Nn1c2ccccc2n3c1nc(c3)c4ccccc4,B22R4.308170,248.283,2927031,CHEMBL235076,ADORA1,emolecules,VS_set_ADORA1_01520,7.056295,0.17473118279569894,0.16820702402957485,0.1731128878547017,1.731128878547017,0,2.6698000000000004,0,3998,O=c1c(-c2ccccc2)nnc2n(-c3ccccc3)c3ccccc3n12,-7.421718,1.5078156
VS_set_ADORA1_01706,Nc1nc(-c2cc[nH]n2)c3cnn(Cc4ccccc4F)c3n1,Nc1nc(c(c(n1)c2cccs2)C#N)SCc3ccccc3,B24R3.2274830,324.426,27495319,CHEMBL267200,ADORA1,emolecules,VS_set_ADORA1_01706,7.3958697,0.15803571428571428,0.1407942238267148,0.15204104819680578,1.5204104819680577,0,3.9512800000000015,0,1290,Nc1nc(-c2cccs2)c2ncn(C(=O)NCc3ccccc3)c2n1,13.266516,-5.9022346
VS_set_ADORA1_01746,C[S+]([O-])c1ccc(-c2nc(-c3ccc(F)cc3)c(-c4ccncc4)[nH]2)cc1,COc1ccc(cc1)c2nc(c([nH]2)c3ccccc3)c4ccccc4,B28R4.3766,326.392,43900617,CHEMBL10,ADORA1,emolecules,VS_set_ADORA1_01746,7.4010954,0.2519607843137255,0.20969337289812068,0.23820152282109994,2.3820152282109994,0,5.419300000000004,1,2129,C[S+]([O-])c1ccc(-c2nc(-c3ccc(F)cc3)c(-c3ccncc3)[nH]2)cc1,-9.702428,-41.393726
VS_set_ADORA1_01748,C[S+]([O-])c1ccc(-c2nc(-c3ccc(F)cc3)c(-c4ccncc4)[nH]2)cc1,COc1ccc(cc1O)c2nc(c([nH]2)c3ccccc3)c4ccc(cc4)F,B30R4.10410398,360.382,2169189,CHEMBL10,ADORA1,emolecules,VS_set_ADORA1_01748,7.1346087,0.20140721196130168,0.17270992366412213,0.19520804402850667,1.9520804402850667,0,5.264000000000004,1,2129,C[S+]([O-])c1ccc(-c2nc(-c3ccc(F)cc3)c(-c3ccncc3)[nH]2)cc1,-12.454124,-40.873943
VS_set_ADORA1_01749,C[S+]([O-])c1ccc(-c2nc(-c3ccc(F)cc3)c(-c4ccncc4)[nH]2)cc1,COc1ccc(cc1)c2nc(c([nH]2)c3ccccc3)c4ccc(cc4)Br,B29R4.97124,405.288,2076414,CHEMBL10,ADORA1,emolecules,VS_set_ADORA1_01749,7.5108404,0.2439893143365984,0.20465116279069767,0.22897065960290627,2.289706596029063,0,6.1818000000000035,1,586,COc1ccc(-c2[nH]c(-c3ccccc3)nc3nc(C4CCCCC4)nc2-3)cc1,-9.57853,-42.242847
VS_set_ADORA1_01750,C[S+]([O-])c1ccc(-c2nc(-c3ccc(F)cc3)c(-c4ccncc4)[nH]2)cc1,COc1ccc(cc1)c2nc(c([nH]2)c3ccccc3)c4ccc(cc4)Cl,B29R4.97124,360.837,4442248,CHEMBL10,ADORA1,emolecules,VS_set_ADORA1_01750,7.205884,0.23497267759562843,0.2042711234911792,0.2250270378895216,2.250270378895216,0,6.072700000000004,1,586,COc1ccc(-c2[nH]c(-c3ccccc3)nc3nc(C4CCCCC4)nc2-3)cc1,-10.568948,-40.18987
VS_set_ADORA1_01753,C[S+]([O-])c1ccc(-c2nc(-c3ccc(F)cc3)c(-c4ccncc4)[nH]2)cc1,COc1ccc(cc1)c2nc(c([nH]2)c3ccccc3)c4ccc(cc4)O,B29R4.97124,342.391,1218887,CHEMBL10,ADORA1,emolecules,VS_set_ADORA1_01753,7.4158072,0.2479489516864175,0.2080223880597015,0.2341433605720898,2.3414336057208978,0,5.124900000000004,1,586,COc1ccc(-c2[nH]c(-c3ccccc3)nc3nc(C4CCCCC4)nc2-3)cc1,-10.612401,-41.126488
VS_set_ADORA1_01771,C[S+]([O-])c1ccc(-c2nc(-c3ccc(F)cc3)c(-c4ccncc4)[nH]2)cc1,CSc1ccc(cc1)c2nc(c([nH]2)c3cccs3)c4ccccc4,B27R4.56405,348.487,30411488,CHEMBL10,ADORA1,emolecules,VS_set_ADORA1_01771,7.2658296,0.1669626998223801,0.15527950310559005,0.1630114445987184,1.6301144459871841,0,6.194100000000004,1,2313,CCC1CN2C(=O)N(C)c3nc(-c4ccccc4)[nH]c3C2=N1,-10.369226,-36.29711
VS_set_ADORA1_01772,C[S+]([O-])c1ccc(-c2nc(-c3ccc(F)cc3)c(-c4ccncc4)[nH]2)cc1,Oc1ccc(cc1)c2nc(c([nH]2)c3ccccc3)c4ccccc4,B27R4.162850,312.365,530515,CHEMBL10,ADORA1,emolecules,VS_set_ADORA1_01772,7.504018,0.2684903748733536,0.2193419740777667,0.2537563020312058,2.537563020312058,0,5.116300000000003,1,2129,C[S+]([O-])c1ccc(-c2nc(-c3ccc(F)cc3)c(-c3ccncc3)[nH]2)cc1,-8.989287,-40.64938
VS_set_ADORA1_01774,C[S+]([O-])c1ccc(-c2nc(-c3ccc(F)cc3)c(-c4ccncc4)[nH]2)cc1,c1ccc(cc1)c2nc(c([nH]2)c3ccccc3)c4ccccc4,B26R4.9188,296.366,532923,CHEMBL10,ADORA1,emolecules,VS_set_ADORA1_01774,7.146656,0.29859154929577464,0.23076923076923078,0.27922402640844973,2.7922402640844974,0,5.410700000000004,1,2129,C[S+]([O-])c1ccc(-c2nc(-c3ccc(F)cc3)c(-c3ccncc3)[nH]2)cc1,-7.973938,-40.21023
VS_set_ADORA1_01776,C[S+]([O-])c1ccc(-c2nc(-c3ccc(F)cc3)c(-c4ccncc4)[nH]2)cc1,COc1ccc(cc1)c2nc(c([nH]2)c3ccc(cc3)F)c4ccccc4,B29R4.97124,344.382,1310933,CHEMBL10,ADORA1,emolecules,VS_set_ADORA1_01776,7.150763,0.23475046210720887,0.17507418397626112,0.22207298422336796,2.2207298422336796,0,5.558400000000003,1,2129,C[S+]([O-])c1ccc(-c2nc(-c3ccc(F)cc3)c(-c3ccncc3)[nH]2)cc1,-10.412678,-41.75602
VS_set_ADORA1_01777,C[S+]([O-])c1ccc(-c2nc(-c3ccc(F)cc3)c(-c4ccncc4)[nH]2)cc1,CSc1ccc(cc1)c2nc(c([nH]2)c3ccccc3Br)c4ccc(cc4)Br,B30R4.99996,500.25,29273220,CHEMBL10,ADORA1,emolecules,VS_set_ADORA1_01777,7.0756965,0.21672661870503598,0.1751684311838306,0.20834352534792244,2.0834352534792244,0,7.657600000000005,1,2129,C[S+]([O-])c1ccc(-c2nc(-c3ccc(F)cc3)c(-c3ccncc3)[nH]2)cc1,-8.793192,-44.08357
VS_set_ADORA1_01779,C[S+]([O-])c1ccc(-c2nc(-c3ccc(F)cc3)c(-c4ccncc4)[nH]2)cc1,Oc1ccc(cc1)c2nc(c([nH]2)c3ccccc3)c4ccc(cc4)Br,B28R4.6102211,391.261,2075438,CHEMBL10,ADORA1,emolecules,VS_set_ADORA1_01779,7.3774476,0.2548298068077277,0.2191780821917808,0.24282236093903414,2.4282236093903413,0,5.878800000000004,1,2129,C[S+]([O-])c1ccc(-c2nc(-c3ccc(F)cc3)c(-c3ccncc3)[nH]2)cc1,-8.642317,-41.91821
VS_set_ADORA1_01780,C[S+]([O-])c1ccc(-c2nc(-c3ccc(F)cc3)c(-c4ccncc4)[nH]2)cc1,Oc1ccc(cc1)c2nc(c([nH]2)c3ccccc3)c4ccc(cc4)Cl,B28R4.6102211,346.81,4489605,CHEMBL10,ADORA1,emolecules,VS_set_ADORA1_01780,7.2971845,0.24724264705882354,0.21114369501466276,0.233990137820589,2.33990137820589,0,5.769700000000003,1,2129,C[S+]([O-])c1ccc(-c2nc(-c3ccc(F)cc3)c(-c3ccncc3)[nH]2)cc1,-9.92283,-39.643257
VS_set_ADORA1_01782,C[S+]([O-])c1ccc(-c2nc(-c3ccc(F)cc3)c(-c4ccncc4)[nH]2)cc1,Brc1ccc(cc1)c2nc([nH]c2c3ccccc3)c4ccccc4,B27R4.2682,375.261,2076163,CHEMBL10,ADORA1,emolecules,VS_set_ADORA1_01782,7.2113695,0.2757660167130919,0.22645290581162325,0.26381943236225724,2.6381943236225722,0,6.173200000000004,1,2129,C[S+]([O-])c1ccc(-c2nc(-c3ccc(F)cc3)c(-c3ccncc3)[nH]2)cc1,-7.7215066,-41.822426
VS_set_ADORA1_01783,C[S+]([O-])c1ccc(-c2nc(-c3ccc(F)cc3)c(-c4ccncc4)[nH]2)cc1,Clc1ccc(cc1)c2nc([nH]c2c3ccccc3)c4ccccc4,B27R4.2682,330.811,4476730,CHEMBL10,ADORA1,emolecules,VS_set_ADORA1_01783,7.0558248,0.2648444863336475,0.22044088176352705,0.255590989254021,2.5559098925402104,0,6.064100000000004,1,2129,C[S+]([O-])c1ccc(-c2nc(-c3ccc(F)cc3)c(-c3ccncc3)[nH]2)cc1,-9.104631,-39.320774
VS_set_ADORA1_01784,C[S+]([O-])c1ccc(-c2nc(-c3ccc(F)cc3)c(-c4ccncc4)[nH]2)cc1,CCOc1ccc(cc1)c2nc(c([nH]2)c3ccccc3)c4ccccc4,B29R4.11541,340.419,1196121,CHEMBL10,ADORA1,emolecules,VS_set_ADORA1_01784,7.2975535,0.23373052245646195,0.2104752667313288,0.22623250046925453,2.262325004692545,0,5.809400000000005,1,2129,C[S+]([O-])c1ccc(-c2nc(-c3ccc(F)cc3)c(-c3ccncc3)[nH]2)cc1,-9.979437,-40.866146
VS_set_ADORA1_01785,C[S+]([O-])c1ccc(-c2nc(-c3ccc(F)cc3)c(-c4ccncc4)[nH]2)cc1,COc1ccc(cc1Br)c2nc(c([nH]2)c3ccccc3)c4ccccc4,B29R4.1917110,405.288,1937097,CHEMBL10,ADORA1,emolecules,VS_set_ADORA1_01785,7.5631323,0.21486854034451497,0.18951241950321987,0.20598058145922424,2.0598058145922424,0,6.181800000000005,1,586,COc1ccc(-c2[nH]c(-c3ccccc3)nc3nc(C4CCCCC4)nc2-3)cc1,-11.442739,-42.208805
VS_set_ADORA1_01786,C[S+]([O-])c1ccc(-c2nc(-c3ccc(F)cc3)c(-c4ccncc4)[nH]2)cc1,COc1ccc(cc1O)c2nc(c([nH]2)c3ccccc3)c4ccccc4,B29R4.1917110,342.391,1681642,CHEMBL10,ADORA1,emolecules,VS_set_ADORA1_01786,7.325045,0.21447721179624665,0.20305052430886558,0.21078378193134267,2.107837819313427,0,5.124900000000003,1,2129,C[S+]([O-])c1ccc(-c2nc(-c3ccc(F)cc3)c(-c3ccncc3)[nH]2)cc1,-11.847329,-40.958385
VS_set_ADORA1_01789,C[S+]([O-])c1ccc(-c2nc(-c3ccc(F)cc3)c(-c4ccncc4)[nH]2)cc1,COc1ccc(cc1)c2nc(c([nH]2)c3cccs3)c4ccccc4,B27R4.56405,332.421,6442350,CHEMBL10,ADORA1,emolecules,VS_set_ADORA1_01789,7.226925,0.16740088105726872,0.15789473684210525,0.16420615305088876,1.6420615305088877,0,5.480800000000004,1,586,COc1ccc(-c2[nH]c(-c3ccccc3)nc3nc(C4CCCCC4)nc2-3)cc1,-10.379168,-36.360912
VS_set_ADORA1_01790,C[S+]([O-])c1ccc(-c2nc(-c3ccc(F)cc3)c(-c4ccncc4)[nH]2)cc1,COc1ccc(cc1)c2nc(c([nH]2)c3ccccc3Br)c4ccc(cc4)Br,B30R4.99996,484.183,177525236,CHEMBL10,ADORA1,emolecules,VS_set_ADORA1_01790,7.021287,0.2097345132743363,0.18687329079307202,0.2042777430546951,2.042777430546951,0,6.944300000000004,1,586,COc1ccc(-c2[nH]c(-c3ccccc3)nc3nc(C4CCCCC4)nc2-3)cc1,-9.293376,-43.645092
VS_set_ADORA1_01791,C[S+]([O-])c1ccc(-c2nc(-c3ccc(F)cc3)c(-c4ccncc4)[nH]2)cc1,COc1ccc(cc1)c2nc(c([nH]2)c3ccc(cc3)Br)c4ccc(cc4)Br,B30R4.100753,484.183,6157488,CHEMBL10,ADORA1,emolecules,VS_set_ADORA1_01791,7.1813126,0.25,0.20743639921722112,0.23785169565603304,2.3785169565603304,0,6.944300000000004,1,2129,C[S+]([O-])c1ccc(-c2nc(-c3ccc(F)cc3)c(-c3ccncc3)[nH]2)cc1,-9.824818,-42.72269
VS_set_ADORA1_01793,C[S+]([O-])c1ccc(-c2nc(-c3ccc(F)cc3)c(-c4ccncc4)[nH]2)cc1,COc1ccc(cc1O)c2nc(c([nH]2)c3ccccc3)c4ccc(cc4)Br,B30R4.10410398,421.287,2411698,CHEMBL10,ADORA1,emolecules,VS_set_ADORA1_01793,7.21776,0.20640569395017794,0.19439421338155516,0.20270665315130473,2.0270665315130474,0,5.887400000000004,1,586,COc1ccc(-c2[nH]c(-c3ccccc3)nc3nc(C4CCCCC4)nc2-3)cc1,-12.1742325,-41.543125
VS_set_ADORA1_01794,C[S+]([O-])c1ccc(-c2nc(-c3ccc(F)cc3)c(-c4ccncc4)[nH]2)cc1,COc1ccc(cc1O)c2nc(c([nH]2)c3ccccc3)c4ccc(cc4)Cl,B30R4.10410398,376.836,4449535,CHEMBL10,ADORA1,emolecules,VS_set_ADORA1_01794,7.0284066,0.20302760463045413,0.1952770208900999,0.199775560445781,1.9977556044578098,0,5.778300000000004,1,589,Clc1ccc(-c2[nH]c(-c3ccccc3)nc3nc(C4CCCCC4)nc2-3)cc1,-12.009572,-40.355392
VS_set_ADORA1_01798,C[S+]([O-])c1ccc(-c2nc(-c3ccc(F)cc3)c(-c4ccncc4)[nH]2)cc1,Brc1ccc(cc1)c2nc(c([nH]2)c3ccccc3)c4ccccc4,B27R4.162850,375.261,5868832,CHEMBL10,ADORA1,emolecules,VS_set_ADORA1_01798,7.236192,0.2810760667903525,0.22690763052208834,0.2674291811864723,2.674291811864723,0,6.173200000000004,1,2129,C[S+]([O-])c1ccc(-c2nc(-c3ccc(F)cc3)c(-c3ccncc3)[nH]2)cc1,-8.05104,-41.197876
VS_set_ADORA1_01799,C[S+]([O-])c1ccc(-c2nc(-c3ccc(F)cc3)c(-c4ccncc4)[nH]2)cc1,Clc1ccc(cc1)c2nc(c([nH]2)c3ccccc3)c4ccccc4,B27R4.162850,330.811,1053737,CHEMBL10,ADORA1,emolecules,VS_set_ADORA1_01799,7.06185,0.27306616961789376,0.2246740220661986,0.2604292010838612,2.604292010838612,0,6.064100000000004,1,2129,C[S+]([O-])c1ccc(-c2nc(-c3ccc(F)cc3)c(-c3ccncc3)[nH]2)cc1,-8.697746,-39.69556
VS_set_ADORA1_01800,C[S+]([O-])c1ccc(-c2nc(-c3ccc(F)cc3)c(-c4ccncc4)[nH]2)cc1,Fc1ccc(cc1)c2nc(c([nH]2)c3ccccc3)c4ccccc4,B27R4.162850,314.356,555605,CHEMBL10,ADORA1,emolecules,VS_set_ADORA1_01800,7.024903,0.2760223048327137,0.18480492813141683,0.25901318248506133,2.590131824850613,0,5.549800000000004,1,2129,C[S+]([O-])c1ccc(-c2nc(-c3ccc(F)cc3)c(-c3ccncc3)[nH]2)cc1,-7.8247724,-39.515003
VS_set_ADORA1_01801,C[S+]([O-])c1ccc(-c2nc(-c3ccc(F)cc3)c(-c4ccncc4)[nH]2)cc1,Nc1ccc(cc1)c2nc(c([nH]2)c3ccccc3)c4ccccc4,B27R4.162850,311.381,50063137,CHEMBL10,ADORA1,emolecules,VS_set_ADORA1_01801,7.1539407,0.2689463955637708,0.21756487025948104,0.2567570121788285,2.567570121788285,0,4.992900000000002,0,2129,C[S+]([O-])c1ccc(-c2nc(-c3ccc(F)cc3)c(-c3ccncc3)[nH]2)cc1,-7.249832,-40.62081
VS_set_ADORA1_01804,C[S+]([O-])c1ccc(-c2nc(-c3ccc(F)cc3)c(-c4ccncc4)[nH]2)cc1,COc1ccc(cc1)c2nc([nH]c2c3ccccc3)c4ccc(cc4)C,B29R4.32,340.419,4493274,CHEMBL10,ADORA1,emolecules,VS_set_ADORA1_01804,7.043412,0.21863468634686348,0.18518518518518517,0.20732977410559,2.0732977410559,0,5.727720000000004,1,586,COc1ccc(-c2[nH]c(-c3ccccc3)nc3nc(C4CCCCC4)nc2-3)cc1,-10.727869,-42.706356
VS_set_ADORA1_02031,CCCn1c(=O)c2c(ncn2CCN(CC)CCO)n(CCc2ccc(N)cc2)c1=O,CCCn1c(=O)n(c2ncn(c2c1=O)Cc3cccc(c3)OC)c4ccc(cc4)C,B33R4.213505914,404.463,25381342,CHEMBL591235,ADORA1,emolecules,VS_set_ADORA1_02031,7.27843,0.09154315605928509,0.07342657342657342,0.08718928042652864,0.8718928042652864,0,3.124220000000001,0,630,CCCn1c(=O)c2nc(-c3cnn(Cc4cccc(OC)c4)c3)[nH]c2n(CCC)c1=O,2.7122345,14.690901
VS_set_ADORA1_02217,CSc1nc(N)nc(-c2cccc(-c3ccc4[nH]ccc4c3)c2)n1,Cc1nc(no1)c2cccc(c2)C(=O)NCc3ccco3,B23R3.14732,283.283,27123718,CHEMBL373827,ADORA1,emolecules,VS_set_ADORA1_02217,7.0234084,0.15961199294532627,0.14195298372513562,0.15328646807643295,1.5328646807643296,0,2.5680200000000006,0,468,Cc1ccc2c(O)c(C(=O)NCc3ccco3)cnc2n1,12.234842,7.9518905
VS_set_ADORA1_02483,CN1C(=O)C2Nc3cccnc3C2N(C)C1=O,Cn1c(=O)cc([nH]c1=O)c2ccccn2,B16R2.22304,203.198,104427861,CHEMBL405696,ADORA1,emolecules,VS_set_ADORA1_02483,7.0245304,0.1768346595932803,0.16335740072202165,0.17143953623583674,1.7143953623583674,0,0.13559999999999955,0,1097,CN1C(=O)C2Nc3cccnc3C2N(C)C1=O,-2.1144488,22.36833
VS_set_ADORA1_02519,Cn1c(=O)c2[nH]c(-c3ccc(COC(=O)Nc4ccsc4)cc3)cc2n(C)c1=O,Cn1c2nc([nH]c2c(=O)n(c1=O)C)c3ccc(cc3)OCC(=O)NCc4ccccc4,B34R4.1641211653,419.434,2515791,CHEMBL513681,ADORA1,emolecules,VS_set_ADORA1_02519,7.591111,0.08176100628930817,0.055062166962699825,0.07502497625200168,0.7502497625200167,0,1.3224999999999996,0,555,CCCn1c(=O)c2nc(-c3ccc(OCC(=O)NCc4ccccc4)cc3)[nH]c2n(CCC)c1=O,-5.946258,17.86369
VS_set_ADORA1_02520,Cn1c(=O)c2[nH]c(-c3ccc(COC(=O)Nc4ccsc4)cc3)cc2n(C)c1=O,Cn1c2nc([nH]c2c(=O)n(c1=O)C)c3ccc(cc3)OCc4ccccc4,B30R4.163969483,362.383,2520056,CHEMBL513681,ADORA1,emolecules,VS_set_ADORA1_02520,7.3605013,0.08558558558558559,0.06654512306289881,0.07462569698270242,0.7462569698270243,0,2.2062999999999997,0,2482,Cn1c(=O)c2[nH]c(-c3ccc(OCCN4CCCC4)cc3)nc2n(C)c1=O,-5.9844933,17.780651
VS_set_ADORA1_02521,Cn1c(=O)c2[nH]c(-c3ccc(COC(=O)Nc4ccsc4)cc3)cc2n(C)c1=O,CCOc1ccc(cc1)NC(=O)COc2ccc(cc2)c3nc4n(c(=O)n(c(=O)c4[nH]3)C)C,B36R4.2157890671,449.46,8674884,CHEMBL513681,ADORA1,emolecules,VS_set_ADORA1_02521,7.6638355,0.07862190812720848,0.06902654867256637,0.0755087022822831,0.7550870228228309,0,2.0435,0,3952,CCCn1c(=O)c2[nH]c(-c3ccc(OCC(=O)Nc4ccc(C#N)cc4)cc3)nc2n(CCC)c1=O,-5.811334,18.008268
VS_set_ADORA1_02612,CCn1c(=O)c2nc(C3CCCC3)[nH]c2n(CC)c1=O,Cn1c2[nH]c(nc2c(=O)n(c1=O)C)C3CCCC3,B20R3.3212657,248.282,33507764,CHEMBL102859,ADORA1,emolecules,VS_set_ADORA1_02612,7.919059,0.10427807486631016,0.05700934579439252,0.09271011124928767,0.9271011124928767,0,0.6178999999999994,0,3495,CCn1c(=O)c2nc(C3CCCC3)[nH]c2n(CC)c1=O,-1.7202674,18.497149
VS_set_ADORA1_02615,CCn1c(=O)c2nc(C3CCCC3)[nH]c2n(CC)c1=O,Cn1c2nc([nH]c2c(=O)n(c1=O)C)C3CCCC3,B20R3.3212657,248.282,535706,CHEMBL102859,ADORA1,emolecules,VS_set_ADORA1_02615,7.8597603,0.11031390134529148,0.06896551724137931,0.09829433491444454,0.9829433491444455,0,0.6178999999999994,0,3942,CCCn1c(=O)c2[nH]c(C3CCCC3)nc2n(CCC)c1=O,-1.9267262,17.944756
VS_set_ADORA1_02617,CCn1c(=O)c2nc(C3CCCC3)[nH]c2n(CC)c1=O,CCn1c2[nH]c(nc2c(=O)[nH]c1=O)C3CC(C3)O,B20R3.2486896,250.254,315175185,CHEMBL102859,ADORA1,emolecules,VS_set_ADORA1_02617,7.288163,0.08849557522123894,0.06593406593406594,0.08241199692092167,0.8241199692092167,0,-0.32890000000000014,0,3495,CCn1c(=O)c2nc(C3CCCC3)[nH]c2n(CC)c1=O,0.37756154,16.587366
VS_set_ADORA1_02622,CCn1c(=O)c2nc(C3CCCC3)[nH]c2n(CC)c1=O,Cn1c2nc([nH]c2c(=O)n(c1=O)C)C3CCC(C3)O,B21R3.21643129,264.281,27500099,CHEMBL102859,ADORA1,emolecules,VS_set_ADORA1_02622,8.164948,0.09042076991942703,0.07889908256880734,0.08617429068512056,0.8617429068512056,2,-0.41130000000000017,1,2457,Cn1c(=O)c2[nH]c(C34CC5CC(CC3C5)C4)nc2n(C)c1=O,-2.1935124,17.091192
VS_set_ADORA1_02631,CCn1c(=O)c2nc(C3CCCC3)[nH]c2n(CC)c1=O,CCn1c2[nH]c(nc2c(=O)[nH]c1=O)CCCO,B18R2.666710,238.244,315792596,CHEMBL102859,ADORA1,emolecules,VS_set_ADORA1_02631,7.150215,0.09973285841495994,0.08917197452229299,0.09522747635276277,0.9522747635276277,0,-0.6423000000000005,1,3495,CCn1c(=O)c2nc(C3CCCC3)[nH]c2n(CC)c1=O,0.5928253,16.613052
VS_set_ADORA1_02644,CCn1c(=O)c2nc(C3CCCC3)[nH]c2n(CC)c1=O,C=CCn1c2nc([nH]c2c(=O)n(c1=O)CC=C)C3CCCC3,B24R3.34459452,300.356,317461347,CHEMBL102859,ADORA1,emolecules,VS_set_ADORA1_02644,7.7245073,0.09212880143112702,0.05156537753222836,0.0831144236371961,0.8311442363719609,0,1.9159,0,3942,CCCn1c(=O)c2[nH]c(C3CCCC3)nc2n(CCC)c1=O,-1.0932531,17.599133
VS_set_ADORA1_02691,Oc1nc2ccccc2n2nc(-c3cccs3)nc12,Sc1nc2ccccc2c3n1nc(n3)c4cccs4,B22R4.622811,284.362,33296104,CHEMBL328437,ADORA1,emolecules,VS_set_ADORA1_02691,7.2695055,0.1601423487544484,0.1431244153414406,0.15668739409557672,1.5668739409557673,0,3.2947000000000006,0,487,Oc1nc2ccccc2n2nc(-c3cccs3)nc12,11.525853,4.8481774
VS_set_ADORA1_02710,Oc1nc2ccccc2n2nc(-c3cccs3)nc12,c1csc(c1)c2cn3c(n2)sc4c3cccc4,B20R4.1662188,256.349,23025418,CHEMBL328437,ADORA1,emolecules,VS_set_ADORA1_02710,7.083225,0.14513274336283186,0.1388888888888889,0.14281442794112265,1.4281442794112265,0,4.277500000000002,0,1100,CN1C(=O)C2Nc3cnccc3C2N(C)C1=O,5.55069,7.2154517
VS_set_ADORA1_02716,Oc1nc2ccccc2n2nc(-c3cccs3)nc12,Sc1nc2ccccc2c3n1nc(n3)c4ccco4,B22R4.622811,268.295,13578784,CHEMBL328437,ADORA1,emolecules,VS_set_ADORA1_02716,7.342039,0.13183856502242153,0.10461828463713478,0.1263925349127411,1.263925349127411,0,2.826200000000001,0,119,Nc1nc2ccc(Cl)cc2c2nc(-c3ccco3)nn12,11.569062,4.870363
VS_set_ADORA1_02758,Oc1nc2ccccc2n2nc(-c3cccs3)nc12,O/N=C/c1nc(nn1c2ccccc2)c3ccccc3,B22R3.839,264.283,44856900,CHEMBL328437,ADORA1,emolecules,VS_set_ADORA1_02758,7.257764,0.20538116591928252,0.1851179673321234,0.19888584665696893,1.9888584665696893,0,2.742400000000001,0,2630,CCC(=O)N1Cc2nc(-c3ccccc3)nn2-c2ccccc21,-7.31034,26.536238
VS_set_ADORA1_02764,N#Cc1c(NCc2ccccc2)nc(SCCO)c(C#N)c1-c1ccco1,Nc1nc(c(c(c1C#N)c2cccs2)C#N)SCc3ccccc3,B26R3.13210299,348.448,1286151,CHEMBL4560929,ADORA1,emolecules,VS_set_ADORA1_02764,8.433225,0.1104014598540146,0.045155221072436504,0.0980070646542056,0.980070646542056,0,4.427960000000002,0,3472,COC(=O)c1cccc(CSc2nc(N)c(C#N)c(-c3cccs3)c2C#N)c1,12.849231,-9.334565
VS_set_ADORA1_02771,N#Cc1c(NCc2ccccc2)nc(SCCO)c(C#N)c1-c1ccco1,N#Cc1c(nc(cc1c2cccs2)C3CC3)SCc4ccccc4,B27R4.57350625,348.487,2966955,CHEMBL4560929,ADORA1,emolecules,VS_set_ADORA1_02771,7.104917,0.10606060606060606,0.10175438596491228,0.10435446558295187,1.0435446558295187,0,5.851480000000004,1,2613,O=c1c2ncn3nc(-c4ccccc4)cc3c2c(C2CCC2)nn1Cc1ccccc1,9.757293,-7.028883
VS_set_ADORA1_02772,N#Cc1c(NCc2ccccc2)nc(SCCO)c(C#N)c1-c1ccco1,Cc1ccccc1CSc2nc(c(c(c2C#N)c3cccs3)C#N)N,B27R3.117802666,362.474,3746314,CHEMBL4560929,ADORA1,emolecules,VS_set_ADORA1_02772,8.019838,0.11634103019538189,0.06278855032317636,0.10623340535197101,1.06233405351971,0,4.736380000000004,0,3472,COC(=O)c1cccc(CSc2nc(N)c(C#N)c(-c3cccs3)c2C#N)c1,13.217873,-8.550258
VS_set_ADORA1_02773,N#Cc1c(NCc2ccccc2)nc(SCCO)c(C#N)c1-c1ccco1,Nc1nc(c(c(c1C#N)c2cccs2)C#N)SCc3ccccc3Br,B27R3.117802666,427.343,3746446,CHEMBL4560929,ADORA1,emolecules,VS_set_ADORA1_02773,8.107391,0.11524500907441017,0.06445672191528545,0.10490605954520818,1.0490605954520817,0,5.1904600000000025,1,3472,COC(=O)c1cccc(CSc2nc(N)c(C#N)c(-c3cccs3)c2C#N)c1,13.770475,-9.036314
VS_set_ADORA1_02774,N#Cc1c(NCc2ccccc2)nc(SCCO)c(C#N)c1-c1ccco1,Nc1nc(c(c(c1C#N)c2cccs2)C#N)SCc3ccccc3F,B27R3.117802666,366.438,6727387,CHEMBL4560929,ADORA1,emolecules,VS_set_ADORA1_02774,8.157321,0.11339285714285714,0.06813996316758748,0.10390982579498001,1.0390982579498,0,4.567060000000002,0,3472,COC(=O)c1cccc(CSc2nc(N)c(C#N)c(-c3cccs3)c2C#N)c1,12.480672,-8.559163
VS_set_ADORA1_02775,N#Cc1c(NCc2ccccc2)nc(SCCO)c(C#N)c1-c1ccco1,Nc1nc(c(c(c1C#N)c2cccs2)C#N)SCc3ccc(cc3)Br,B27R3.118094801,427.343,3746322,CHEMBL4560929,ADORA1,emolecules,VS_set_ADORA1_02775,8.5160475,0.11252268602540835,0.04953271028037383,0.10079798755733323,1.0079798755733322,0,5.1904600000000025,1,3472,COC(=O)c1cccc(CSc2nc(N)c(C#N)c(-c3cccs3)c2C#N)c1,13.240376,-9.931504
VS_set_ADORA1_02776,N#Cc1c(NCc2ccccc2)nc(SCCO)c(C#N)c1-c1ccco1,Nc1nc(c(c(c1C#N)c2cccs2)C#N)SCc3ccc(cc3)Cl,B27R3.118094801,382.893,3746320,CHEMBL4560929,ADORA1,emolecules,VS_set_ADORA1_02776,8.316917,0.10810810810810811,0.05405405405405406,0.09746148647549327,0.9746148647549328,0,5.081360000000003,1,3472,COC(=O)c1cccc(CSc2nc(N)c(C#N)c(-c3cccs3)c2C#N)c1,12.764552,-10.260895
VS_set_ADORA1_02777,N#Cc1c(NCc2ccccc2)nc(SCCO)c(C#N)c1-c1ccco1,Nc1nc(c(c(c1C#N)c2cccs2)C#N)SCc3ccc(cc3)F,B27R3.118094801,366.438,824745,CHEMBL4560929,ADORA1,emolecules,VS_set_ADORA1_02777,8.451774,0.11030741410488246,0.05488372093023256,0.1002509867064858,1.002509867064858,0,4.567060000000002,0,3472,COC(=O)c1cccc(CSc2nc(N)c(C#N)c(-c3cccs3)c2C#N)c1,12.325956,-9.57647
VS_set_ADORA1_02778,N#Cc1c(NCc2ccccc2)nc(SCCO)c(C#N)c1-c1ccco1,Nc1nc(c(c(c1C#N)c2cccs2)C#N)SCc3cccc(c3)Br,B27R3.118094802,427.343,8250492,CHEMBL4560929,ADORA1,emolecules,VS_set_ADORA1_02778,8.547859,0.11327433628318584,0.048327137546468404,0.09862715032251218,0.9862715032251218,0,5.1904600000000025,1,3472,COC(=O)c1cccc(CSc2nc(N)c(C#N)c(-c3cccs3)c2C#N)c1,13.786886,-9.691332
VS_set_ADORA1_02779,N#Cc1c(NCc2ccccc2)nc(SCCO)c(C#N)c1-c1ccco1,Nc1nc(c(c(c1C#N)c2cccs2)C#N)SCc3cccc(c3)F,B27R3.118094802,366.438,3746316,CHEMBL4560929,ADORA1,emolecules,VS_set_ADORA1_02779,8.669638,0.10894596988485385,0.05097312326227989,0.09630096707549599,0.9630096707549599,0,4.567060000000002,0,3472,COC(=O)c1cccc(CSc2nc(N)c(C#N)c(-c3cccs3)c2C#N)c1,12.046796,-8.967457
VS_set_ADORA1_02781,N#Cc1c(NCc2ccccc2)nc(SCCO)c(C#N)c1-c1ccco1,Nc1nc(c(c(c1C#N)c2ccccc2)C#N)SCc3ccccc3,B27R3.2691993,342.419,1333920,CHEMBL4560929,ADORA1,emolecules,VS_set_ADORA1_02781,8.474429,0.11396011396011396,0.08373904576436222,0.10622530108950552,1.0622530108950552,0,4.366460000000003,0,3954,N#Cc1c(N)nc(SCc2ncc[nH]2)c(C#N)c1-c1ccccc1,14.271646,-11.50636
VS_set_ADORA1_02782,N#Cc1c(NCc2ccccc2)nc(SCCO)c(C#N)c1-c1ccco1,Nc1nc(c(c(c1C#N)c2cccs2)C#N)SCc3ccccn3,B26R3.13210299,349.436,3744460,CHEMBL4560929,ADORA1,emolecules,VS_set_ADORA1_02782,7.9140625,0.10596616206589493,0.06267281105990784,0.09595926791343078,0.9595926791343078,0,3.822960000000002,0,3477,N#Cc1c(N)nc(SCc2ccccn2)c(C#N)c1-c1ccco1,11.303098,-9.555151
VS_set_ADORA1_02783,N#Cc1c(NCc2ccccc2)nc(SCCO)c(C#N)c1-c1ccco1,Nc1nc(c(c(c1C#N)c2cccs2)C#N)SCc3ccncc3,B26R3.13210299,349.436,3749966,CHEMBL4560929,ADORA1,emolecules,VS_set_ADORA1_02783,7.367725,0.1145175834084761,0.07109879963065559,0.10094830644995771,1.0094830644995771,0,3.822960000000002,0,3472,COC(=O)c1cccc(CSc2nc(N)c(C#N)c(-c3cccs3)c2C#N)c1,11.827396,-10.3054495
VS_set_ADORA1_02785,N#Cc1c(NCc2ccccc2)nc(SCCO)c(C#N)c1-c1ccco1,Cc1ccc(cc1)CSc2nc3c(c(c2C#N)c4cccs4)CCCC3,B29R4.51581,376.541,5791748,CHEMBL4560929,ADORA1,emolecules,VS_set_ADORA1_02785,7.1026936,0.09745390693590869,0.08333333333333333,0.0947543978936918,0.9475439789369181,0,6.161300000000005,1,3500,N#Cc1c(N)nc2c(c1-c1ccc3c(c1)OCO3)CCCC2,9.211327,-5.19668
VS_set_ADORA1_02786,N#Cc1c(NCc2ccccc2)nc(SCCO)c(C#N)c1-c1ccco1,Clc1ccc(cc1)CSc2nc3c(c(c2C#N)c4cccs4)CCCC3,B29R4.51581,396.959,5792014,CHEMBL4560929,ADORA1,emolecules,VS_set_ADORA1_02786,7.1599903,0.09930313588850175,0.08251996450754215,0.09645235521861513,0.9645235521861513,0,6.506280000000005,1,3500,N#Cc1c(N)nc2c(c1-c1ccc3c(c1)OCO3)CCCC2,9.347507,-5.3669357
VS_set_ADORA1_02787,N#Cc1c(NCc2ccccc2)nc(SCCO)c(C#N)c1-c1ccco1,Fc1ccc(cc1)CSc2nc3c(c(c2C#N)c4cccs4)CCCC3,B29R4.51581,380.504,1308375,CHEMBL4560929,ADORA1,emolecules,VS_set_ADORA1_02787,7.088359,0.10094909404659189,0.08421985815602837,0.09714784525701872,0.9714784525701872,0,5.991980000000003,1,3500,N#Cc1c(N)nc2c(c1-c1ccc3c(c1)OCO3)CCCC2,9.263418,-5.344387
VS_set_ADORA1_02818,N#Cc1c(NCc2ccccc2)nc(SCCO)c(C#N)c1-c1ccco1,N#Cc1c(nc(cc1c2cccs2)c3cccs3)SCc4cccnc4,B29R4.22434891,391.536,1487904,CHEMBL4560929,ADORA1,emolecules,VS_set_ADORA1_02818,7.623416,0.11179577464788733,0.09712230215827339,0.10704057521358293,1.0704057521358292,0,6.097580000000004,1,3478,N#Cc1c(N)nc(SCc2cccnc2)c(C#N)c1-c1ccco1,8.648862,-7.6706433
VS_set_ADORA1_02819,N#Cc1c(NCc2ccccc2)nc(SCCO)c(C#N)c1-c1ccco1,N#Cc1c(nc(cc1c2cccs2)c3cccs3)SCc4ccncc4,B29R4.22434891,391.536,825196,CHEMBL4560929,ADORA1,emolecules,VS_set_ADORA1_02819,7.074159,0.11548556430446194,0.10306406685236769,0.11241146246721238,1.1241146246721239,0,6.097580000000004,1,1409,N#Cc1c(-c2cccs2)cc(-c2cccs2)nc1N,8.682761,-7.7662625
VS_set_ADORA1_02834,N#Cc1c(NCc2ccccc2)nc(SCCO)c(C#N)c1-c1ccco1,Nc1nc(c(c(c1C#N)C2CCCCC2)C#N)SCc3ccccc3,B27R3.2691993,348.466,3051209,CHEMBL4560929,ADORA1,emolecules,VS_set_ADORA1_02834,7.5346723,0.12129380053908356,0.11180679785330948,0.11913826852031084,1.1913826852031084,0,4.747160000000004,0,3242,N#Cc1c(N)nc(SCc2cccnc2)c(C#N)c1-c1ccc(OCC2CC2)cc1,11.059123,-7.0337067
VS_set_ADORA1_03041,C=CCOc1cccc(-c2nc(O)c3c4ccccc4c(=O)n(CC)n23)c1,CCn1n2c(nc(c2c3ccccc3c1=O)O)c4ccccc4,B26R4.7188406,305.331,43921433,CHEMBL1097489,ADORA1,emolecules,VS_set_ADORA1_03041,7.146389,0.10615521855486174,0.04200913242009133,0.09786957255616895,0.9786957255616895,0,3.0417000000000014,0,1890,C=CCOc1cccc(-c2nc(O)c3c4ccccc4c(=O)n(CC)n23)c1,2.4240894,0.325173
VS_set_ADORA1_03051,C=CCOc1cccc(-c2nc(O)c3c4ccccc4c(=O)n(CC)n23)c1,CCn1c2c(sc(=S)n2c3ccccc3c1=O)c4cccc(c4)C,B27R4.54344840,352.476,16061759,CHEMBL1097489,ADORA1,emolecules,VS_set_ADORA1_03051,7.0523286,0.09955947136563877,0.09582963620230701,0.09813713018660539,0.9813713018660538,0,5.040510000000004,1,1460,CCCn1c(=O)c2[nH]c(-c3ccccc3)cc2n(CCC)c1=O,3.9732916,1.6414684
VS_set_ADORA1_03063,C=CCOc1cccc(-c2nc(O)c3c4ccccc4c(=O)n(CC)n23)c1,CCCn1c2c(sc(=S)n2c3ccccc3c1=O)c4cccc(c4)C,B28R4.469629010,366.503,16061761,CHEMBL1097489,ADORA1,emolecules,VS_set_ADORA1_03063,7.2391143,0.09598603839441536,0.08355555555555555,0.09154109509356831,0.9154109509356831,0,5.430610000000004,1,1460,CCCn1c(=O)c2[nH]c(-c3ccccc3)cc2n(CCC)c1=O,3.7924633,1.4219694
VS_set_ADORA1_03064,C=CCOc1cccc(-c2nc(O)c3c4ccccc4c(=O)n(CC)n23)c1,CCn1c2c(sc(=S)n2c3ccccc3c1=O)c4cccc(c4)Cl,B27R4.54344840,372.894,16061781,CHEMBL1097489,ADORA1,emolecules,VS_set_ADORA1_03064,7.002501,0.10944395410414828,0.10695652173913044,0.10791901957523516,1.0791901957523515,0,5.385490000000003,1,3515,Cn1c(=O)c2c(nc3n2CCN(Cc2csc(-c4cccc(Cl)c4)n2)C3)n(C)c1=O,4.6674476,1.4804008
VS_set_ADORA1_03098,C=CCOc1cccc(-c2nc(O)c3c4ccccc4c(=O)n(CC)n23)c1,CC(C)n1c2c(sc(=S)n2c3ccccc3c1=O)c4cccc(c4)Cl,B28R4.177668951,386.921,16061787,CHEMBL1097489,ADORA1,emolecules,VS_set_ADORA1_03098,7.155146,0.10791993037423847,0.10159010600706714,0.10530134737211364,1.0530134737211363,0,5.946490000000004,1,1099,CN1C(=O)C2C(c3ncccc3N2C)N(C)C1=O,4.711781,0.96682715
VS_set_ADORA1_03099,C=CCOc1cccc(-c2nc(O)c3c4ccccc4c(=O)n(CC)n23)c1,CCCn1c2c(sc(=S)n2c3ccccc3c1=O)c4cccc(c4)Cl,B28R4.469629010,386.921,16061783,CHEMBL1097489,ADORA1,emolecules,VS_set_ADORA1_03099,7.118687,0.09853068280034573,0.09139307897071872,0.09521504328873852,0.9521504328873852,0,5.775590000000004,1,1460,CCCn1c(=O)c2[nH]c(-c3ccccc3)cc2n(CCC)c1=O,4.292758,1.1391126
VS_set_ADORA1_03131,CCn1c(C#Cc2ccccc2)nc2c(N)ncnc21,Cn1c(nc2c1ccnc2)c3ccccc3,B18R3.111,209.247,1973406,CHEMBL61259,ADORA1,emolecules,VS_set_ADORA1_03131,7.237965,0.21305530371713507,0.20239190432382706,0.20901326100273013,2.090132610027301,0,2.635300000000001,0,3190,Cn1c(-c2ccccc2)nc2c(NC3CCCC3)ncnc21,-11.142164,21.689487
VS_set_ADORA1_03132,CCn1c(C#Cc2ccccc2)nc2c(N)ncnc21,Clc1ncnc2c1nc([nH]2)c3ccccc3,B18R3.5893,230.653,37163756,CHEMBL61259,ADORA1,emolecules,VS_set_ADORA1_03132,7.1728745,0.2753488372093023,0.25661914460285135,0.27150298134311684,2.7150298134311686,0,2.6733000000000002,0,594,c1ccc(-c2nc(-c3ccccc3)c3[nH]c(-c4ccccc4)nc3n2)cc1,-27.25202,0.6891895
VS_set_ADORA1_03149,CCn1c(C#Cc2ccccc2)nc2c(N)ncnc21,CCn1c(nc2c1nccc2)c3cccc(c3)O,B20R3.2010564,239.273,314281513,CHEMBL61259,ADORA1,emolecules,VS_set_ADORA1_03149,7.112493,0.13327449249779347,0.1201067615658363,0.12752954974827738,1.2752954974827737,0,2.8238000000000008,0,3061,CCCn1c(-c2cccc(O)c2)nc2nc(C3CCCC3)[nH]c2c1=O,6.025488,2.4236796
VS_set_ADORA1_03162,CCn1c(C#Cc2ccccc2)nc2c(N)ncnc21,CCn1c(nc2c1cccc2)c3ccccc3,B19R3.2293,222.286,1249141,CHEMBL61259,ADORA1,emolecules,VS_set_ADORA1_03162,7.2650533,0.18099547511312217,0.17061611374407584,0.17612265757495585,1.7612265757495584,0,3.723200000000003,0,3185,CCn1c(-c2ccccc2)nc2c(N)ncnc21,-11.92139,21.422655
VS_set_ADORA1_03189,N#Cc1c(-c2cccc(OC(F)(F)F)c2)cc(-c2ccccc2)nc1N,Nc1nc(cc(c1C#N)c2cccc(c2)OC(F)F)c3ccc(cc3)O,B28R3.23455714,353.323,36567717,CHEMBL469004,ADORA1,emolecules,VS_set_ADORA1_03189,7.2721834,0.11988582302568981,0.06679389312977099,0.0921599361122507,0.9215993611225071,0,4.176480000000002,0,709,COc1cc(-c2cc(-c3ccc(O)cc3)nc(N)c2C#N)ccc1O,6.7157245,-14.381148
VS_set_ADORA1_03190,N#Cc1c(-c2cccc(OC(F)(F)F)c2)cc(-c2ccccc2)nc1N,COc1cccc(c1)c2cc(nc(c2C#N)N)c3ccccc3,B25R3.38760341,301.343,7636084,CHEMBL469004,ADORA1,emolecules,VS_set_ADORA1_03190,7.6279774,0.10098039215686275,0.041379310344827586,0.07698465697541104,0.7698465697541105,0,3.8780800000000015,0,1393,COc1ccc(-c2cc(-c3ccccc3)nc(N)c2C#N)cc1OC,6.095541,-14.4753685
VS_set_ADORA1_03191,N#Cc1c(-c2cccc(OC(F)(F)F)c2)cc(-c2ccccc2)nc1N,Nc1nc(cc(c1C#N)c2cccc(c2)OC(F)F)c3ccc[nH]3,B26R3.13201856,326.301,43195065,CHEMBL469004,ADORA1,emolecules,VS_set_ADORA1_03191,7.0961556,0.12184115523465704,0.09800362976406533,0.11299170108966698,1.1299170108966698,0,3.798980000000002,0,1396,N#Cc1c(-c2cccc(OC(F)(F)F)c2)cc(-c2ccco2)nc1N,6.892515,-12.69528
VS_set_ADORA1_03194,N#Cc1c(-c2cccc(OC(F)(F)F)c2)cc(-c2ccccc2)nc1N,COc1cccc(c1)c2cc(nc(c2C#N)N)c3cccnc3,B25R3.38760341,302.331,4580644,CHEMBL469004,ADORA1,emolecules,VS_set_ADORA1_03194,7.1630445,0.1161939615736505,0.08945386064030132,0.10510686329187124,1.0510686329187124,0,3.27308,0,1393,COc1ccc(-c2cc(-c3ccccc3)nc(N)c2C#N)cc1OC,6.141704,-14.091314
VS_set_ADORA1_03197,N#Cc1c(-c2cccc(OC(F)(F)F)c2)cc(-c2ccccc2)nc1N,Nc1nc(cc(c1C#N)c2cccc(c2)Br)c3ccccc3,B24R3.2274878,350.212,2362729,CHEMBL469004,ADORA1,emolecules,VS_set_ADORA1_03197,7.2305913,0.10905550146056475,0.0559662090813094,0.08401934782533875,0.8401934782533875,0,4.631980000000002,0,1394,N#Cc1c(-c2ccccc2)cc(-c2ccccc2)nc1N,5.2599564,-15.282646
VS_set_ADORA1_03205,N#Cc1c(-c2cccc(OC(F)(F)F)c2)cc(-c2ccccc2)nc1N,CCOc1cc(ccc1O)c2cc(nc(c2C#N)N)c3cccc(c3)F,B28R3.403589487,349.359,36605700,CHEMBL469004,ADORA1,emolecules,VS_set_ADORA1_03205,7.1815414,0.12969924812030076,0.04068117313150426,0.10102027550266124,1.0102027550266124,0,4.112880000000001,0,707,CCOc1cc(-c2cc(-c3ccc(O)cc3)nc(N)c2C#N)ccc1O,7.1958704,-14.808877
VS_set_ADORA1_03211,N#Cc1c(-c2cccc(OC(F)(F)F)c2)cc(-c2ccccc2)nc1N,COc1cccc(c1)c2nc(nc(c2C#N)Cl)c3ccccc3,B25R3.38760341,321.761,4850679,CHEMBL469004,ADORA1,emolecules,VS_set_ADORA1_03211,7.5599318,0.2011439466158246,0.16376663254861823,0.18594670350608422,1.8594670350608422,0,4.344280000000003,0,3678,COc1cccc(-c2nc(N)nc(-c3ccccc3)c2C#N)c1,-21.792805,-9.102858
VS_set_ADORA1_03212,N#Cc1c(-c2cccc(OC(F)(F)F)c2)cc(-c2ccccc2)nc1N,COc1cccc(c1)c2nc(nc(c2C#N)O)c3ccccc3,B25R3.38760341,303.315,4850677,CHEMBL469004,ADORA1,emolecules,VS_set_ADORA1_03212,7.281022,0.20372093023255813,0.16734279918864098,0.1886761865803334,1.8867618658033338,0,3.3964800000000013,0,3678,COc1cccc(-c2nc(N)nc(-c3ccccc3)c2C#N)c1,-21.788265,-9.101681
VS_set_ADORA1_03214,N#Cc1c(-c2cccc(OC(F)(F)F)c2)cc(-c2ccccc2)nc1N,FC(F)(F)c1cccc(c1)Oc2nc(ccc2C#N)c3ccccc3,B27R3.1149156,340.299,4854370,CHEMBL469004,ADORA1,emolecules,VS_set_ADORA1_03214,7.0268373,0.21371326803205698,0.20212765957446807,0.21100878228622824,2.1100878228622824,0,5.431380000000003,1,3048,CCCn1c(Oc2cccc(C(F)(F)F)c2)nc2nc(C3CCCC3)[nH]c2c1=O,-7.8231754,-10.194376
VS_set_ADORA1_03217,N#Cc1c(-c2cccc(OC(F)(F)F)c2)cc(-c2ccccc2)nc1N,Nc1nc(cc(c1C#N)c2cccc(c2)[N+](=O)[O-])c3ccccc3,B26R3.2579452,316.314,1262742,CHEMBL469004,ADORA1,emolecules,VS_set_ADORA1_03217,7.1303253,0.12699905926622765,0.0951417004048583,0.11096153875986633,1.1096153875986634,0,3.777680000000002,0,1394,N#Cc1c(-c2ccccc2)cc(-c2ccccc2)nc1N,4.2463865,-15.123054
VS_set_ADORA1_03226,N#Cc1c(-c2cccc(OC(F)(F)F)c2)cc(-c2ccccc2)nc1N,Fc1cccc(c1)c2cc([nH]c(=S)c2C#N)c3ccccc3,B24R3.2274878,306.358,4394703,CHEMBL469004,ADORA1,emolecules,VS_set_ADORA1_03226,7.011973,0.1772039180765806,0.16306306306306306,0.17306186590316303,1.7306186590316304,0,5.088970000000002,1,1460,CCCn1c(=O)c2[nH]c(-c3ccccc3)cc2n(CCC)c1=O,2.972867,-9.612917
VS_set_ADORA1_03234,N#Cc1c(-c2cccc(OC(F)(F)F)c2)cc(-c2ccccc2)nc1N,Nc1nc(cc(c1C#N)c2ccc3c(c2)OCO3)c4ccc[nH]4,B26R4.45930652,304.303,43209833,CHEMBL469004,ADORA1,emolecules,VS_set_ADORA1_03234,7.368018,0.10640216411181244,0.060550458715596334,0.0935653179844578,0.935653179844578,0,2.92628,0,1398,N#Cc1c(-c2ccc3c(c2)OCO3)cc(-c2ccco2)nc1N,6.8846703,-12.522996
VS_set_ADORA1_03235,N#Cc1c(-c2cccc(OC(F)(F)F)c2)cc(-c2ccccc2)nc1N,FC(F)(F)c1cccc(c1)c2cccc(n2)c3ccccc3,B24R3.6546,299.29,54003504,CHEMBL469004,ADORA1,emolecules,VS_set_ADORA1_03235,7.251033,0.3151750972762646,0.26990692864529475,0.30808551505558956,3.0808551505558954,0,5.434400000000004,1,2991,Nc1ncc(-c2cccc(C(F)(F)F)c2)c(-c2ccccc2)n1,-7.692247,-10.935379
VS_set_ADORA1_03238,N#Cc1c(-c2cccc(OC(F)(F)F)c2)cc(-c2ccccc2)nc1N,Cn1cc(c(n1)c2ccccc2)c3cc(ccc3O)OC(F)(F)F,B26R3.576313,334.293,317915066,CHEMBL469004,ADORA1,emolecules,VS_set_ADORA1_03238,7.0605736,0.18511957484499558,0.17673579801623085,0.18264106760069873,1.8264106760069874,0,4.3583000000000025,0,2977,Oc1ccc(-c2cnc(NC3CCC(O)CC3)nc2-c2ccccc2)cc1Cl,-2.3191354,-3.2155836
VS_set_ADORA1_03240,N#Cc1c(-c2cccc(OC(F)(F)F)c2)cc(-c2ccccc2)nc1N,Nc1nc(cc(c1C#N)c2cccc(c2)OCCO)c3ccco3,B26R3.45806530,321.331,36615500,CHEMBL469004,ADORA1,emolecules,VS_set_ADORA1_03240,7.0935483,0.08647654093836246,0.05023255813953489,0.06789465963263878,0.6789465963263879,0,2.8335800000000004,0,1396,N#Cc1c(-c2cccc(OC(F)(F)F)c2)cc(-c2ccco2)nc1N,7.6171703,-13.273471
VS_set_ADORA1_03256,N#Cc1c(-c2cccc(OC(F)(F)F)c2)cc(-c2ccccc2)nc1N,Nc1nc(cc(c1C#N)c2cccc(c2)[N+](=O)[O-])c3ccc(cc3)F,B27R3.15336160,334.305,1079058,CHEMBL469004,ADORA1,emolecules,VS_set_ADORA1_03256,7.0724683,0.13179723502304147,0.09297725024727992,0.1222746195689783,1.222746195689783,0,3.916780000000001,0,713,N#Cc1c(-c2ccc(F)cc2)cc(-c2ccccc2)nc1N,4.236385,-15.193955
VS_set_ADORA1_03310,CC(C)Cn1c(=O)c2[nH]c(-c3cn[nH]c3)nc2n(C)c1=O,Cn1c2nc([nH]c2c(=O)n(c1=O)C)C3CCCC3,B20R3.3212657,248.282,535706,CHEMBL406775,ADORA1,emolecules,VS_set_ADORA1_03310,7.8597603,0.11031390134529148,0.06896551724137931,0.09829433491444454,0.9829433491444455,0,0.6178999999999994,0,3942,CCCn1c(=O)c2[nH]c(C3CCCC3)nc2n(CCC)c1=O,-1.9267262,17.944756
VS_set_ADORA1_03350,Cc1csc(-c2nc3c(-c4ccc(=O)n(C)c4)cnc(N)n3n2)n1,Brc1csc(c1)c2nc3c4c5c(sc4ncn3n2)CCC5,B25R5.6459890,377.284,8852435,CHEMBL5075275,ADORA1,emolecules,VS_set_ADORA1_03350,7.373431,0.10350877192982456,0.09180035650623886,0.10094152925584501,1.00941529255845,0,4.318700000000002,0,3346,Nc1nc(-n2ccnc2)c2c3c(sc2n1)CCCC3,-0.9467579,6.7591414
VS_set_ADORA1_03351,Cc1csc(-c2nc3c(-c4ccc(=O)n(C)c4)cnc(N)n3n2)n1,CC(C)Cc1csc2c1c3n(c(n2)O)nc(n3)c4ccco4,B25R4.40263195,314.364,30397906,CHEMBL5075275,ADORA1,emolecules,VS_set_ADORA1_03351,7.1626678,0.10184372256365233,0.09544658493870403,0.09999123894611028,0.9999123894611028,0,3.5031000000000025,0,1666,CC(C)CCn1cc2c(nc(NC(=O)C(c3ccccc3)c3ccccc3)n3nc(-c4ccco4)nc23)n1,14.243234,11.19406
VS_set_ADORA1_03357,N#Cc1cccc(-c2nc(Nc3cccnc3)sc2-n2cncn2)c1,c1ccc(cc1)c2nc(sc2c3ccccc3)c4cccnc4,B26R4.9188,314.405,5484286,CHEMBL193977,ADORA1,emolecules,VS_set_ADORA1_03357,7.1869044,0.20892857142857144,0.20036934441366575,0.2061578247066777,2.061578247066777,0,5.539100000000004,1,2407,O=C(Nc1nc(-c2ccccc2)c(-c2ccncc2)s1)c1ccco1,34.00012,6.125068
VS_set_ADORA1_03365,N#Cc1cccc(-c2nc(Nc3cccnc3)sc2-n2cncn2)c1,Oc1cccc(c1)Nc2nc(c(s2)c3ccccc3)c4ccccc4,B28R4.58234,344.431,2490498,CHEMBL193977,ADORA1,emolecules,VS_set_ADORA1_03365,7.053883,0.17127564674397858,0.1620658949243099,0.1676143318876277,1.6761433188762769,0,5.926300000000004,1,3255,Nc1ncc(C(=O)c2sc(Nc3ccccc3)nc2-c2ccccc2)n1-c1ccc(F)cc1,25.40969,2.0825331
VS_set_ADORA1_03368,N#Cc1cccc(-c2nc(Nc3cccnc3)sc2-n2cncn2)c1,c1ccc(cc1)c2nc(c(s2)c3ccccc3)c4ccccc4,B26R4.9188,313.417,1101427,CHEMBL193977,ADORA1,emolecules,VS_set_ADORA1_03368,7.366194,0.2836676217765043,0.2727272727272727,0.28050159762045246,2.8050159762045244,0,6.144100000000004,1,2407,O=C(Nc1nc(-c2ccccc2)c(-c2ccncc2)s1)c1ccco1,33.91971,6.1688385
VS_set_ADORA1_03371,N#Cc1cccc(-c2nc(Nc3cccnc3)sc2-n2cncn2)c1,c1cnn(c1)c2nc(cc(n2)c3ccccc3)c4ccccc4,B26R4.4719517,298.342,11038692,CHEMBL193977,ADORA1,emolecules,VS_set_ADORA1_03371,7.1402106,0.26416819012797077,0.2460093896713615,0.2612347013639574,2.6123470136395737,0,3.9963000000000024,0,1373,CC(=O)Nc1cc(-c2ccccc2)nc(-n2nc(C)cc2C)n1,-8.86795,-8.342662
VS_set_ADORA1_03373,N#Cc1cccc(-c2nc(Nc3cccnc3)sc2-n2cncn2)c1,N(c1nc(c(o1)c2ccccc2)c3ccccc3)c4ccccc4,B27R4.11031,312.365,8270625,CHEMBL193977,ADORA1,emolecules,VS_set_ADORA1_03373,7.393233,0.20217588395285585,0.1872146118721461,0.1962803180222305,1.9628031802223052,0,5.752200000000004,1,407,c1ccc(Nc2nc3ncnc-3c(NC3CCCCCC3)[nH]2)cc1,-23.16234,-27.611767
VS_set_ADORA1_03397,N#Cc1cccc(-c2nc(Nc3cccnc3)sc2-n2cncn2)c1,c1ccc(cc1)c2nc(c(o2)c3ccccc3)c4ccccc4,B26R4.9188,297.351,5843742,CHEMBL193977,ADORA1,emolecules,VS_set_ADORA1_03397,7.325971,0.2934293429342934,0.28611369990680335,0.2903994763657496,2.903994763657496,0,5.675600000000005,1,590,c1ccc(-c2nc(-c3ccccc3)c3nc(C4CCCCC4)nc-3[nH]2)cc1,-21.54464,-29.18469
VS_set_ADORA1_03425,O=C(Nc1ccc(-c2ccncc2Cl)c(-c2ccco2)n1)C1CC1,O=C(Nc1nc(c(s1)c2ccco2)c3ccco3)C4CCC4,B25R4.64509940,314.361,3223434,CHEMBL1079803,ADORA1,emolecules,VS_set_ADORA1_03425,7.204046,0.10516772438803264,0.09264305177111716,0.09947576982141557,0.9947576982141557,0,4.401700000000003,0,2068,O=C(Nc1cnc(-c2ccncc2)c(-c2ccco2)n1)C1CCC1,19.946674,9.499142
VS_set_ADORA1_03427,O=C(Nc1ccc(-c2ccncc2Cl)c(-c2ccco2)n1)C1CC1,O=C(Nc1nc(c(s1)c2ccncc2)c3cccnc3)C4CCC4,B27R4.23345639,336.413,319286660,CHEMBL1079803,ADORA1,emolecules,VS_set_ADORA1_03427,7.207252,0.11239964317573595,0.0990990990990991,0.10539786337840873,1.0539786337840873,0,4.005700000000002,0,2068,O=C(Nc1cnc(-c2ccncc2)c(-c2ccco2)n1)C1CCC1,30.04158,1.2845594
VS_set_ADORA1_03440,O=C(Nc1ccc(-c2ccncc2Cl)c(-c2ccco2)n1)C1CC1,CC(C)C(=O)Nc1nc(c(s1)c2ccccc2)c3ccccc3,B25R3.2047880,322.426,43831434,CHEMBL1079803,ADORA1,emolecules,VS_set_ADORA1_03440,7.0455437,0.1457378551787351,0.12735849056603774,0.1390031062013101,1.390031062013101,0,5.071600000000004,1,1956,O=C(Nc1nc(-c2ccccc2)c(-c2ncon2)s1)C1CC1,28.002153,4.6981916
VS_set_ADORA1_03443,O=C(Nc1ccc(-c2ccncc2Cl)c(-c2ccco2)n1)C1CC1,O=C(Nc1nc(c(s1)c2ccccc2)c3ccccc3)C4CCC4,B27R4.23345639,334.437,30640820,CHEMBL1079803,ADORA1,emolecules,VS_set_ADORA1_03443,7.4669447,0.12175470008952552,0.09981343283582089,0.11296420739054207,1.1296420739054207,0,5.215700000000003,1,1956,O=C(Nc1nc(-c2ccccc2)c(-c2ncon2)s1)C1CC1,27.5486,2.9578068
VS_set_ADORA1_03446,O=C(Nc1ccc(-c2ccncc2Cl)c(-c2ccco2)n1)C1CC1,C1CC1Nc2ncc(c(n2)[C@@H]3CCCO3)c4ccncc4,B24R4.6375489,282.341,323816,CHEMBL1079803,ADORA1,emolecules,VS_set_ADORA1_03446,7.193774,0.09683098591549295,0.08773500447627573,0.09403694409147761,0.9403694409147761,1,2.9644000000000013,0,2976,OC1CCC(Nc2ncc(-c3ccnc(C4CC4)c3)c(-c3ccccc3)n2)CC1,-10.769322,0.0086808875
VS_set_ADORA1_03447,O=C(Nc1ccc(-c2ccncc2Cl)c(-c2ccco2)n1)C1CC1,C1CC1Nc2ncc(c(n2)[C@H]3CCCO3)c4ccncc4,B24R4.6375489,282.341,323812,CHEMBL1079803,ADORA1,emolecules,VS_set_ADORA1_03447,7.193774,0.09683098591549295,0.08773500447627573,0.09403694409147761,0.9403694409147761,1,2.9644000000000013,0,2976,OC1CCC(Nc2ncc(-c3ccnc(C4CC4)c3)c(-c3ccccc3)n2)CC1,-10.769362,0.00859871
VS_set_ADORA1_04003,Cc1nc(N)c2nn(-c3ccccc3F)cc2n1,Nc1ncnc2c1[nH]c(c2)c3ccccc3,B18R3.5893,210.235,106084216,CHEMBL3800476,ADORA1,emolecules,VS_set_ADORA1_04003,7.36177,0.18482142857142858,0.16681859617137648,0.18025841433044545,1.8025841433044545,0,2.2070999999999996,0,1460,CCCn1c(=O)c2[nH]c(-c3ccccc3)cc2n(CCC)c1=O,-8.126156,-18.630602
VS_set_ADORA1_04044,Cc1nc(N)c2nn(-c3ccccc3F)cc2n1,Nc1nc(nc2c1[nH]c(c2)c3ccccc3)Cl,B19R3.95791,244.68,106084219,CHEMBL3800476,ADORA1,emolecules,VS_set_ADORA1_04044,7.1023417,0.18439716312056736,0.1649954421148587,0.17902968125915852,1.7902968125915852,0,2.860500000000001,0,1460,CCCn1c(=O)c2[nH]c(-c3ccccc3)cc2n(CCC)c1=O,-8.122871,-18.65782
VS_set_ADORA1_04058,Cc1cccc(-n2nc3c(NC4CCCCC4)nc4ccccc4n3c2=O)c1,Cc1cccc(c1)n2nc3nc(nc(c3c2N)c4ccccc4)NC5CCCCC5,B34R5.26947746,398.504,44628744,CHEMBL275421,ADORA1,emolecules,VS_set_ADORA1_04058,7.0689726,0.10278745644599303,0.08611599297012303,0.09876822915257553,0.9876822915257554,0,5.117720000000003,1,838,Cc1cccc(-n2nc3c(NC4CCCCC4)nc4ccccc4n3c2=O)c1,-12.45721,3.211195
VS_set_ADORA1_04072,Cc1cccc(-n2nc3c(NC4CCCCC4)nc4ccccc4n3c2=O)c1,O=c1c(nc2ccncc2n1Cc3ccccc3)NC4CCCCC4,B28R4.2752892,334.416,48457007,CHEMBL275421,ADORA1,emolecules,VS_set_ADORA1_04072,7.258072,0.0870712401055409,0.0778175313059034,0.0841766739574914,0.841766739574914,0,3.5844000000000023,0,843,O=c1n(-c2ccccc2)nc2c(NC3CCCCC3)nc3ccccc3n12,-1.6920226,4.606982
VS_set_ADORA1_04089,Cc1cccc(-n2nc3c(NC4CCCCC4)nc4ccccc4n3c2=O)c1,Cc1cccc(c1)c2nnn3c2nc(c4c3cccc4)NC5CCCC5,B30R5.1285126,343.426,5506559,CHEMBL275421,ADORA1,emolecules,VS_set_ADORA1_04089,7.41584,0.09035087719298246,0.08148804251550044,0.0873181988580332,0.873181988580332,0,4.607420000000003,0,836,Cc1cccc(-n2nc3c(NC4CCCC4)nc4ccccc4n3c2=O)c1,-13.639569,1.8794177
VS_set_ADORA1_04097,Cc1cccc(-n2nc3c(NC4CCCCC4)nc4ccccc4n3c2=O)c1,Brc1cccc(c1)c2nnn3c2nc(c4c3cccc4)NC5CCCCC5,B31R5.9861,422.321,5507433,CHEMBL275421,ADORA1,emolecules,VS_set_ADORA1_04097,7.028297,0.09666080843585237,0.09252669039145907,0.09543156161399598,0.9543156161399597,0,5.4516000000000036,1,843,O=c1n(-c2ccccc2)nc2c(NC3CCCCC3)nc3ccccc3n12,-13.942556,1.7021881
VS_set_ADORA1_04098,Cc1cccc(-n2nc3c(NC4CCCCC4)nc4ccccc4n3c2=O)c1,Fc1cccc(c1)c2nnn3c2nc(c4c3cccc4)NC5CCCCC5,B31R5.9861,361.416,5657123,CHEMBL275421,ADORA1,emolecules,VS_set_ADORA1_04098,7.0990124,0.0956140350877193,0.08841732979664015,0.09377043170652409,0.9377043170652409,0,4.828200000000003,0,837,O=c1n(-c2cccc(F)c2)nc2c(NC3CCCCC3)nc3ccccc3n12,-13.875164,1.4639513
VS_set_ADORA1_04100,Cc1cccc(-n2nc3c(NC4CCCCC4)nc4ccccc4n3c2=O)c1,C1CCC(C1)Nc2nc3ccccc3c4n2nc(n4)c5ccccc5,B29R5.645602683,329.399,320290510,CHEMBL275421,ADORA1,emolecules,VS_set_ADORA1_04100,7.0608664,0.09812667261373774,0.08699551569506726,0.0940986833983664,0.940986833983664,0,4.299000000000003,0,2361,Cn1cc2c(nc(NC3CCCC3)n3nc(-c4ccco4)nc23)n1,-16.289396,3.5123928
VS_set_ADORA1_04105,Cc1cccc(-n2nc3c(NC4CCCCC4)nc4ccccc4n3c2=O)c1,OC1CCC(CC1)Nc2nc3ccccc3nc2NS(=O)(=O)c4cccc(c4)Cl,B32R4.72095622,432.926,27363700,CHEMBL275421,ADORA1,emolecules,VS_set_ADORA1_04105,7.269397,0.09929701230228472,0.09195402298850575,0.09578495036065729,0.9578495036065728,0,3.799400000000002,0,2220,OC1C(O)C(n2cnc3c(NC4CC4)nc(Cl)nc32)C2CC12,-7.4338408,3.0729897
VS_set_ADORA1_04276,N#Cc1cccc(OCC(=O)Nc2cc(-c3nccs3)nc(-c3ccccn3)n2)c1,Cc1cccc(c1)OCC(=O)Nc2nc(c(s2)c3ccco3)c4ccco4,B30R4.40626923,380.419,11756882,CHEMBL255911,ADORA1,emolecules,VS_set_ADORA1_04276,7.2339163,0.11458333333333333,0.10798946444249341,0.11290870339100467,1.1290870339100467,0,4.989020000000004,0,1632,COc1ccccc1CC(=O)Nc1nc(N)nc(-c2ccco2)c1[N+](=O)[O-],22.11911,13.145564
VS_set_ADORA1_04277,N#Cc1cccc(OCC(=O)Nc2cc(-c3nccs3)nc(-c3ccccn3)n2)c1,O=C(COc1ccccc1)Nc2nc(c(s2)c3ccco3)c4ccco4,B29R4.10369343,366.392,3679443,CHEMBL255911,ADORA1,emolecules,VS_set_ADORA1_04277,7.0365357,0.1172291296625222,0.10729991204925242,0.11341724791066947,1.1341724791066947,0,4.680600000000003,0,238,O=C(COc1ccccc1)Nc1nc2nn(CCCc3ccccc3)cc2c2nc(-c3ccco3)nn12,22.623814,12.651756
VS_set_ADORA1_04278,N#Cc1cccc(OCC(=O)Nc2cc(-c3nccs3)nc(-c3ccccn3)n2)c1,O=C(NCc1ccccc1)c2cc(n(n2)c3ccccn3)c4cccs4,B29R4.10369367,360.434,322487692,CHEMBL255911,ADORA1,emolecules,VS_set_ADORA1_04278,7.1783757,0.1020052310374891,0.09844559585492228,0.10045423955695769,1.004542395569577,0,3.9258000000000033,0,327,O=C(NCc1ccccc1)OCC1OC(n2cnc3c(NC4CCOC4)ncnc32)C(O)C1O,7.134333,8.94327
VS_set_ADORA1_04297,N#Cc1cccc(OCC(=O)Nc2cc(-c3nccs3)nc(-c3ccccn3)n2)c1,O=C(CCc1ccccc1)Nc2nc(c(s2)c3ccco3)c4ccco4,B29R4.10369343,364.419,11769995,CHEMBL255911,ADORA1,emolecules,VS_set_ADORA1_04297,7.443551,0.09523809523809523,0.08310991957104558,0.09106470612916341,0.9106470612916341,0,5.2344000000000035,1,1477,O=C(c1ccccc1)c1sc(NCCCc2ccccc2)nc1-c1ccco1,17.472517,8.379801
VS_set_ADORA1_04300,N#Cc1cccc(OCC(=O)Nc2cc(-c3nccs3)nc(-c3ccccn3)n2)c1,CCOC(=O)c1sc(nc1c2ccccc2)NC(=O)COc3ccccc3,B29R3.188502,382.435,6184910,CHEMBL255911,ADORA1,emolecules,VS_set_ADORA1_04300,7.005188,0.13082437275985664,0.10164835164835165,0.12501415238568686,1.2501415238568685,0,4.004300000000002,0,1949,CCOC(=O)c1sc(NC(=O)c2ccco2)nc1-c1ccccc1,26.43301,-10.030162
VS_set_ADORA1_04486,Nc1nc(-c2ccccc2)nc2nn(Cc3ccccc3)cc12,Nc1n(nc2c1c(=O)nc([nH]2)c3ccccc3)c4ccccc4,B26R4.3027768,303.319,5798841,CHEMBL1094987,ADORA1,emolecules,VS_set_ADORA1_04486,7.0610104,0.15521855486173058,0.1447721179624665,0.15169338541822264,1.5169338541822264,0,2.3579999999999997,0,255,Cc1nc2nc(-c3ccccc3)[nH]c(NC(C)c3ccccc3)c-2c1C,-11.542641,3.5538986
VS_set_ADORA1_04657,Cc1nc-2nc(-c3ccccc3)[nH]c(NC(C)c4ccccc4)c2c1C,Cc1cc2c(nc(nc2[nH]1)c3ccccc3)Nc4ccccc4,B26R4.16521519,300.358,179137269,CHEMBL81336,ADORA1,emolecules,VS_set_ADORA1_04657,7.109311,0.14910714285714285,0.1302367941712204,0.14245896529410468,1.4245896529410467,0,4.676920000000003,0,254,Cc1[nH]c2nc(-c3ccccc3)nc(NCc3ccncc3)c2c1C,-25.399822,-4.2669344
VS_set_ADORA1_04687,Cc1nc-2nc(-c3ccccc3)[nH]c(NC(C)c4ccccc4)c2c1C,CCC(C)Nc1cc(nc(n1)c2ccccc2)NCc3ccccc3,B27R3.2171536,332.443,184234418,CHEMBL81336,ADORA1,emolecules,VS_set_ADORA1_04687,7.039092,0.13220940550133098,0.12266666666666666,0.1287317309963873,1.2873173099638728,1,4.9661000000000035,0,255,Cc1nc2nc(-c3ccccc3)[nH]c(NC(C)c3ccccc3)c-2c1C,-17.568455,-5.497392
VS_set_ADORA1_04696,Cc1nc-2nc(-c3ccccc3)[nH]c(NC(C)c4ccccc4)c2c1C,Cc1cc2c(nc(nc2[nH]1)c3ccccc3)Nc4ccc(cc4)F,B27R4.10557294,318.348,179137839,CHEMBL81336,ADORA1,emolecules,VS_set_ADORA1_04696,7.1285343,0.14742451154529307,0.1286231884057971,0.1400026842733306,1.400026842733306,0,4.816020000000002,0,254,Cc1[nH]c2nc(-c3ccccc3)nc(NCc3ccncc3)c2c1C,-25.68241,-4.0307465
VS_set_ADORA1_04697,Cc1nc-2nc(-c3ccccc3)[nH]c(NC(C)c4ccccc4)c2c1C,Cc1cc2c(nc(nc2[nH]1)c3ccccc3)Nc4ccc(cc4)O,B27R4.10557294,316.357,179137761,CHEMBL81336,ADORA1,emolecules,VS_set_ADORA1_04697,7.177848,0.13930789707187222,0.12724014336917563,0.1347023931629726,1.3470239316297261,0,4.382520000000002,0,256,Cc1[nH]c2nc(-c3ccccc3)nc(NC3CCC(O)CC3)c2c1C,-25.87628,-4.650635
VS_set_ADORA1_04701,Cc1nc-2nc(-c3ccccc3)[nH]c(NC(C)c4ccccc4)c2c1C,Cc1cc2c(nc(nc2[nH]1)c3ccccc3)Nc4cccc(c4)O,B27R4.11062876,316.357,179137758,CHEMBL81336,ADORA1,emolecules,VS_set_ADORA1_04701,7.2074914,0.13857016769638128,0.12578616352201258,0.13358929035903339,1.3358929035903337,0,4.382520000000002,0,254,Cc1[nH]c2nc(-c3ccccc3)nc(NCc3ccncc3)c2c1C,-25.664228,-5.0259895
VS_set_ADORA1_04705,Cc1nc-2nc(-c3ccccc3)[nH]c(NC(C)c4ccccc4)c2c1C,Cc1cc2c(nc(nc2[nH]1)c3ccccc3)Nc4ccccc4O,B27R4.14544716,316.357,179137755,CHEMBL81336,ADORA1,emolecules,VS_set_ADORA1_04705,7.149742,0.12886142983230361,0.11494252873563218,0.12421077886104115,1.2421077886104115,0,4.382520000000002,0,257,Cc1[nH]c2nc(-c3ccccc3)nc(NC3Cc4ccccc4C3O)c2c1C,-25.060524,-5.057887
VS_set_ADORA1_04798,N#Cc1c(N)nc(SCC2=NCCN2)c(C#N)c1-c1ccc(OCC2CC2)cc1,CCCCOc1ccc(cc1)c2c(c(nc(c2C#N)SCc3ccc(cc3)Cl)N)C#N,B33R3.954818808,448.97,1326172,CHEMBL4209957,ADORA1,emolecules,VS_set_ADORA1_04798,7.623241,0.08659981768459435,0.0669683257918552,0.07604207382393804,0.7604207382393804,0,6.1987600000000045,1,3242,N#Cc1c(N)nc(SCc2cccnc2)c(C#N)c1-c1ccc(OCC2CC2)cc1,13.737971,-12.860323
VS_set_ADORA1_04800,N#Cc1c(N)nc(SCC2=NCCN2)c(C#N)c1-c1ccc(OCC2CC2)cc1,CCCC(=O)Oc1ccc(cc1)c2c(c(nc(c2C#N)SCc3ccccc3)N)C#N,B33R3.549616622,428.508,6775285,CHEMBL4209957,ADORA1,emolecules,VS_set_ADORA1_04800,7.864601,0.10205908683974933,0.0819081908190819,0.09282492809343974,0.9282492809343974,0,5.071960000000004,1,3235,N#Cc1c(N)nc(SCc2cccc(C(N)=O)c2)c(C#N)c1-c1ccc(OCC2CC2)cc1,14.030974,-12.40221
VS_set_ADORA1_04801,N#Cc1c(N)nc(SCC2=NCCN2)c(C#N)c1-c1ccc(OCC2CC2)cc1,CCCCOc1ccc(cc1)c2c(c(nc(c2C#N)SCC(=O)c3ccccc3)N)C#N,B34R3.3291645305,442.535,4397153,CHEMBL4209957,ADORA1,emolecules,VS_set_ADORA1_04801,7.0056157,0.09467989179440937,0.08083560399636694,0.08926402974528233,0.8926402974528234,0,5.228060000000005,1,3486,N#Cc1c(N)nc(SCC(=O)c2ccccc2)c(C#N)c1-c1ccco1,13.850169,-13.30152
VS_set_ADORA1_04803,N#Cc1c(N)nc(SCC2=NCCN2)c(C#N)c1-c1ccc(OCC2CC2)cc1,CN(C)c1ccc(cc1Br)c2c(c(nc(c2C#N)SCc3ccco3)N)C#N,B30R3.3478769911,454.344,22995498,CHEMBL4209957,ADORA1,emolecules,VS_set_ADORA1_04803,7.52384,0.10904255319148937,0.10320284697508897,0.10687042455358901,1.0687042455358902,0,4.7879600000000035,0,3480,COC(=O)c1ccc(CSc2nc(N)c(C#N)c(-c3ccco3)c2C#N)o1,12.649253,-12.653443
VS_set_ADORA1_04821,Cc1cccnc1CNC(=O)c1c(N)nc(-c2ccco2)nc1OCCF,O=C(NCc1ccccn1)c2nc(n3c2cccc3)c4cccs4,B27R4.5148084,334.397,321499672,CHEMBL4759461,ADORA1,emolecules,VS_set_ADORA1_04821,7.14722,0.11267605633802817,0.09211691762621789,0.10609796612161619,1.060979661216162,0,3.387800000000002,0,1777,CCc1c(C(=O)NCc2ccccn2)nc(N)nc1-c1ccc(C)o1,8.124106,7.1476417
VS_set_ADORA1_04823,Cc1cccnc1CNC(=O)c1c(N)nc(-c2ccco2)nc1OCCF,O=C(NCc1ccccc1)c2nc(n3c2cccc3)c4ccco4,B27R4.5148084,317.342,321498394,CHEMBL4759461,ADORA1,emolecules,VS_set_ADORA1_04823,7.022406,0.1054481546572935,0.10175438596491228,0.10318312679453281,1.031831267945328,0,3.524300000000002,0,2006,O=C(COc1ccc2[nH]c(=O)c(-c3ccco3)c(CCc3ccccc3)c2c1)NCc1ccccc1,9.736513,8.413651
VS_set_ADORA1_04826,Cc1cccnc1CNC(=O)c1c(N)nc(-c2ccco2)nc1OCCF,COc1ccccc1CNC(=O)c2nc(n3c2cccc3)c4ccco4,B29R4.17057066,347.368,321496859,CHEMBL4759461,ADORA1,emolecules,VS_set_ADORA1_04826,7.0346413,0.10086956521739131,0.08594449418084155,0.09699046060430558,0.9699046060430557,0,3.5329000000000015,0,1643,COc1ccccc1CNC(=O)c1cc(-c2ccco2)nc(N)n1,9.37362,8.797641
VS_set_ADORA1_04841,Cc1cccnc1CNC(=O)c1c(N)nc(-c2ccco2)nc1OCCF,O=C(NCc1ccccc1)c2nc(n3c2cccc3)c4cccs4,B27R4.5148084,333.409,321500183,CHEMBL4759461,ADORA1,emolecules,VS_set_ADORA1_04841,7.1320577,0.11365638766519824,0.10945709281961472,0.11218755851848221,1.121875585184822,0,3.9928000000000026,0,2001,Cn1c(=O)c(S(C)(=O)=O)c(CCc2ccccc2)c2cc(OCC(=O)NCc3ccccc3)ccc21,8.101748,7.920446
VS_set_ADORA1_04846,Cc1cccnc1CNC(=O)c1c(N)nc(-c2ccco2)nc1OCCF,COc1ccccc1CNC(=O)c2nc(n3c2cccc3)c4cccs4,B29R4.17057066,363.435,321502743,CHEMBL4759461,ADORA1,emolecules,VS_set_ADORA1_04846,7.142396,0.10243055555555555,0.09643788010425716,0.10058859432797837,1.0058859432797838,0,4.001400000000003,0,3088,CNC(=O)C1[Se]C(n2cnc3c(NCc4ccccc4OC)ncnc32)C(O)C1O,8.438009,8.312792
VS_set_ADORA1_04853,Cc1cccnc1CNC(=O)c1c(N)nc(-c2ccco2)nc1OCCF,O=C(NCc1ccccn1)c2cc(n3c2cccc3)c4cc[nH]n4,B27R4.5148084,317.345,44306092,CHEMBL4759461,ADORA1,emolecules,VS_set_ADORA1_04853,7.0130825,0.1022530329289428,0.09482001755926252,0.09894667345494595,0.9894667345494595,0,2.6544,0,1777,CCc1c(C(=O)NCc2ccccn2)nc(N)nc1-c1ccc(C)o1,7.70496,6.3496056
VS_set_ADORA1_04866,Cc1cccnc1CNC(=O)c1c(N)nc(-c2ccco2)nc1OCCF,Fc1ccccc1CNC(=O)c2nc(n3c2cccc3)c4cccs4,B28R4.18665549,351.399,321501719,CHEMBL4759461,ADORA1,emolecules,VS_set_ADORA1_04866,7.120097,0.10751748251748251,0.09877622377622378,0.10458978019491941,1.045897801949194,0,4.131900000000003,0,1475,O=C(c1ccccc1)c1sc(NC2CCN(Cc3ccccc3F)CC2)nc1-c1ccco1,8.379495,7.568429
VS_set_ADORA1_04883,NC(=O)c1ncn(C2C(O)C(O)C3(CO)CC23)n1,NC(=O)c1ncnn1[C@@H]2O[C@@H]([C@H]([C@H]2O)O)CO,B18R2.16856,244.205,317440538,CHEMBL4473739,ADORA1,emolecules,VS_set_ADORA1_04883,7.3013783,0.06500445235975066,0.04375569735642662,0.06034856665563337,0.6034856665563337,4,-3.0114999999999985,1,3412,NC(=O)c1ncn(C2OC(CO)C(O)C2O)n1,-1.0294764,8.392177
VS_set_ADORA1_04921,NC(=O)c1ncn(C2C(O)C(O)C3(CO)CC23)n1,Nc1c(ncn1[C@@H]2O[C@@H]([C@H]([C@H]2O)O)CO)C(=N)O,B19R2.285698,258.232,316214716,CHEMBL4473739,ADORA1,emolecules,VS_set_ADORA1_04921,7.027113,0.060552092609082814,0.05063291139240506,0.056655525914467,0.56655525914467,4,-2.039829999999998,2,3761,Nc1ncnc2c1ncn2C1OC(CO)C(O)C1O,-1.109296,8.16209
VS_set_ADORA1_05055,c1ccc(Nc2nc-3ncnc3c(NC4CCCCCC4)[nH]2)cc1,C=CCNc1cc(nc(n1)c2ccccc2)NC3CCCCCC3,B26R3.876212,322.448,184233722,CHEMBL187458,ADORA1,emolecules,VS_set_ADORA1_05055,7.3383403,0.13016157989228008,0.12286995515695068,0.1263475547096311,1.263475547096311,0,4.876200000000003,0,3197,CCn1c(-c2ccccc2)nc2c(NC3CCCCC3)ncnc21,-19.072006,-2.0800736
VS_set_ADORA1_05056,c1ccc(Nc2nc-3ncnc3c(NC4CCCCCC4)[nH]2)cc1,Cc1cc2c(nc(nc2[nH]1)c3ccccc3)NC4CCCCC4,B26R4.16521519,306.405,179137425,CHEMBL187458,ADORA1,emolecules,VS_set_ADORA1_05056,7.046763,0.09637488947833775,0.07363636363636364,0.08952097600211283,0.8952097600211283,0,4.677920000000003,0,3904,OC1CCC(Nc2nc(-c3ccccc3)nc3[nH]ccc23)CC1,-21.460545,-3.052632
VS_set_ADORA1_05074,c1ccc(Nc2nc-3ncnc3c(NC4CCCCCC4)[nH]2)cc1,C1CCC(CC1)Nc2nc(nc3c2cccc3)c4ccccc4,B26R4.1586332,303.402,1860185,CHEMBL187458,ADORA1,emolecules,VS_set_ADORA1_05074,7.1426272,0.10891089108910891,0.09727272727272727,0.10531679048180771,1.053167904818077,0,5.041400000000004,1,3904,OC1CCC(Nc2nc(-c3ccccc3)nc3[nH]ccc23)CC1,-19.39124,0.42179814
VS_set_ADORA1_05075,c1ccc(Nc2nc-3ncnc3c(NC4CCCCCC4)[nH]2)cc1,C1CCC(CC1)Nc2nc(nc3c2cccc3)c4ccccc4,B26R4.1586332,303.402,300054275,CHEMBL187458,ADORA1,emolecules,VS_set_ADORA1_05075,7.1426272,0.10891089108910891,0.09727272727272727,0.10531679048180771,1.053167904818077,0,5.041400000000004,1,3904,OC1CCC(Nc2nc(-c3ccccc3)nc3[nH]ccc23)CC1,-19.334091,-0.07419245
VS_set_ADORA1_05093,c1ccc(Nc2nc-3ncnc3c(NC4CCCCCC4)[nH]2)cc1,O[C@H]1CC[C@@H](CC1)Nc2cc(nc3n2ncc3)c4ccccc4,B26R4.22900816,308.378,43056228,CHEMBL187458,ADORA1,emolecules,VS_set_ADORA1_05093,7.507682,0.08970976253298153,0.07706093189964158,0.0850773871243187,0.8507738712431869,0,3.1117000000000017,0,2976,OC1CCC(Nc2ncc(-c3ccnc(C4CC4)c3)c(-c3ccccc3)n2)CC1,-7.2452784,-3.3024812
VS_set_ADORA1_05237,Nc1cc(-c2ccco2)c2oc(-c3ccco3)nc2c1,O=C(NCc1ccco1)c2csc(n2)c3ccco3,B21R3.41035,274.297,29589058,CHEMBL4284595,ADORA1,emolecules,VS_set_ADORA1_05237,7.0901604,0.13220940550133098,0.1154903758020165,0.12401234226960582,1.2401234226960582,0,2.926100000000001,0,1649,Nc1nc(C(=O)NCc2ccco2)cc(-c2ccco2)n1,21.39775,17.598665
VS_set_ADORA1_05277,Cc1ccc2c(S)cc(-c3ccccc3)nc2n1,O=Cc1ccc2ccc(nc2n1)c3ccccc3,B20R3.3321,234.253,317483462,CHEMBL329293,ADORA1,emolecules,VS_set_ADORA1_05277,7.054675,0.20233463035019456,0.1671794871794872,0.18704599294275273,1.8704599294275273,0,3.109300000000001,0,3864,Cc1ccc2c(O)cc(-c3ccccc3)nc2n1,-5.118709,-10.605891
VS_set_ADORA1_05295,Cc1ccc2c(S)cc(-c3ccccc3)nc2n1,Nc1cc2ccc(nc2nc1Cl)c3ccccc3,B20R3.11910,255.703,317481671,CHEMBL329293,ADORA1,emolecules,VS_set_ADORA1_05295,7.320216,0.22684310018903592,0.19571865443425077,0.21810668722988838,2.1810668722988837,0,3.532400000000001,0,3922,Oc1cc(-c2ccccc2)nc2nc(Cl)ccc12,-4.6236362,-12.367436
VS_set_ADORA1_05303,Cc1ccc2c(S)cc(-c3ccccc3)nc2n1,Brc1ccc2ccc(nc2c1)c3ccccc3,B19R3.4010,284.151,29936537,CHEMBL329293,ADORA1,emolecules,VS_set_ADORA1_05303,7.0684805,0.29232283464566927,0.261139896373057,0.28525501658458063,2.8525501658458063,0,4.6643000000000026,0,3873,Oc1cc(-c2ccccc2)nc2nc(Br)ccc12,-1.2151802,-12.36024
VS_set_ADORA1_05306,Cc1ccc2c(S)cc(-c3ccccc3)nc2n1,Oc1ccc2ccc(nc2c1)c3ccccc3,B19R3.4010,221.254,44457122,CHEMBL329293,ADORA1,emolecules,VS_set_ADORA1_05306,7.2085466,0.26461843409316155,0.24083769633507854,0.25250871928369956,2.525087192836996,0,3.607400000000002,0,3859,Oc1cc(-c2ccccc2)nc2ncccc12,-1.2124343,-12.353157
VS_set_ADORA1_05324,Cc1ccc2c(S)cc(-c3ccccc3)nc2n1,c1cc2ccc(nc2[nH]1)c3ccccc3,B17R3.1941,194.232,316757800,CHEMBL329293,ADORA1,emolecules,VS_set_ADORA1_05324,7.1410213,0.23809523809523808,0.2252336448598131,0.23209129952543198,2.3209129952543197,0,3.2299000000000007,0,1836,c1coc(-c2nc3[nH]ccc3cc2-c2ccncn2)c1,-5.606565,-13.98629
VS_set_ADORA1_05342,Cc1ccc2c(S)cc(-c3ccccc3)nc2n1,Brc1cc2ccc(nc2[nH]1)c3ccccc3,B18R3.151,273.128,53990855,CHEMBL329293,ADORA1,emolecules,VS_set_ADORA1_05342,7.3626537,0.22439478584729983,0.21464393179538616,0.22124792005743119,2.212479200574312,0,3.9924000000000017,0,3873,Oc1cc(-c2ccccc2)nc2nc(Br)ccc12,-5.915705,-13.1286
VS_set_ADORA1_05344,Cc1ccc2c(S)cc(-c3ccccc3)nc2n1,Nc1cc2ccc(nc2[nH]1)c3ccccc3,B18R3.151,209.247,50274454,CHEMBL329293,ADORA1,emolecules,VS_set_ADORA1_05344,7.0032854,0.2089009990917348,0.1895734597156398,0.2034231898061943,2.034231898061943,0,2.812100000000001,0,3806,N=c1nc(N)c2c(C(F)(F)F)cc(-c3ccccc3)nc2[nH]1,-5.33951,-12.996613
VS_set_ADORA1_05345,Cc1ccc2c(S)cc(-c3ccccc3)nc2n1,Fc1cc(nc2c1cc[nH]2)c3ccccc3,B18R3.6550,212.223,53992828,CHEMBL329293,ADORA1,emolecules,VS_set_ADORA1_05345,7.072006,0.20975160993560257,0.20054694621695535,0.2074602987942762,2.074602987942762,0,3.3690000000000007,0,3904,OC1CCC(Nc2nc(-c3ccccc3)nc3[nH]ccc23)CC1,-4.8418694,-14.358061
VS_set_ADORA1_05346,Cc1ccc2c(S)cc(-c3ccccc3)nc2n1,Nc1cc(nc2c1cc[nH]2)c3ccccc3,B18R3.6550,209.247,53990787,CHEMBL329293,ADORA1,emolecules,VS_set_ADORA1_05346,7.114262,0.18508535489667566,0.14425907752698724,0.1765548220341479,1.7655482203414792,0,2.812100000000001,0,3871,Cc1ccc2c(N)cc(-c3ccccc3)nc2n1,-4.570964,-14.198775
VS_set_ADORA1_05362,CC1=C(C(=O)OC(C)C)C(c2cnco2)n2c(nc3ccccc32)N1,COC(=O)C1=C(Nc2nc3ccccc3n2C1c4cccnc4)C,B27R4.29268339,320.346,1833889,CHEMBL4633188,ADORA1,emolecules,VS_set_ADORA1_05362,7.563008,0.08844133099824869,0.04203935599284436,0.06252160581789344,0.6252160581789344,1,2.893200000000001,0,3528,CCOC(=O)C1=C(C)Nc2nc3ccccc3n2C1c1cn[nH]c1,2.3959062,8.971557
VS_set_ADORA1_05363,CC1=C(C(=O)OC(C)C)C(c2cnco2)n2c(nc3ccccc32)N1,COC(=O)C1=C(Nc2nc3ccccc3n2C1c4ccncc4)C,B27R4.29268339,320.346,1554183,CHEMBL4633188,ADORA1,emolecules,VS_set_ADORA1_05363,7.467299,0.08914386584289496,0.04304932735426009,0.06219897442951663,0.6219897442951663,1,2.893200000000001,0,3528,CCOC(=O)C1=C(C)Nc2nc3ccccc3n2C1c1cn[nH]c1,3.189039,9.107373
VS_set_ADORA1_05364,CC1=C(C(=O)OC(C)C)C(c2cnco2)n2c(nc3ccccc32)N1,COC(=O)C1=C(Nc2nc3ccccc3n2C1c4cccs4)C,B26R4.106778203,325.387,1554185,CHEMBL4633188,ADORA1,emolecules,VS_set_ADORA1_05364,7.3378115,0.08516242317822652,0.04121863799283154,0.059415850439607884,0.5941585043960789,1,3.559700000000002,0,3531,CCOC(=O)C1=C(C)Nc2nc3ccccc3n2C1c1cnco1,3.522901,8.133943
VS_set_ADORA1_05381,CC1=C(C(=O)OC(C)C)C(c2cnco2)n2c(nc3ccccc32)N1,CC1=C(C(n2c(nc3c2cccc3)N1)c4ccncc4)C(=O)OCC=C,B29R4.102352789,346.383,2591494,CHEMBL4633188,ADORA1,emolecules,VS_set_ADORA1_05381,7.5440917,0.09809027777777778,0.04367201426024955,0.06677756864066839,0.6677756864066838,1,3.4494000000000016,0,3528,CCOC(=O)C1=C(C)Nc2nc3ccccc3n2C1c1cn[nH]c1,3.4114358,9.72247
VS_set_ADORA1_05382,CC1=C(C(=O)OC(C)C)C(c2cnco2)n2c(nc3ccccc32)N1,CCC1=C(C(n2c(nc3c2cccc3)N1)c4cccnc4)C(=O)OC,B28R4.852226,334.373,24674585,CHEMBL4633188,ADORA1,emolecules,VS_set_ADORA1_05382,7.07068,0.09298245614035087,0.05757307351638618,0.07277657868088447,0.7277657868088447,1,3.2833000000000006,0,3528,CCOC(=O)C1=C(C)Nc2nc3ccccc3n2C1c1cn[nH]c1,1.6979648,9.057425
VS_set_ADORA1_05383,CC1=C(C(=O)OC(C)C)C(c2cnco2)n2c(nc3ccccc32)N1,COCCOC(=O)C1=C(Nc2nc3ccccc3n2C1c4cccnc4)C,B30R4.8869915,364.399,3739306,CHEMBL4633188,ADORA1,emolecules,VS_set_ADORA1_05383,7.3246765,0.09532062391681109,0.04103479036574487,0.06706154395387932,0.6706154395387932,1,2.9098000000000015,0,3528,CCOC(=O)C1=C(C)Nc2nc3ccccc3n2C1c1cn[nH]c1,2.215834,9.645161
VS_set_ADORA1_05384,CC1=C(C(=O)OC(C)C)C(c2cnco2)n2c(nc3ccccc32)N1,COCCOC(=O)C1=C(Nc2nc3ccccc3n2C1c4ccncc4)C,B30R4.8869915,364.399,3739308,CHEMBL4633188,ADORA1,emolecules,VS_set_ADORA1_05384,7.248966,0.09632224168126094,0.04025044722719141,0.0663796069930313,0.663796069930313,1,2.9098000000000015,0,3528,CCOC(=O)C1=C(C)Nc2nc3ccccc3n2C1c1cn[nH]c1,2.8975205,9.827415
VS_set_ADORA1_05387,CC1=C(C(=O)OC(C)C)C(c2cnco2)n2c(nc3ccccc32)N1,CC(=O)C1=C(Nc2nc3ccccc3n2C1c4cccnc4)C,B26R4.2281145,304.347,17324647,CHEMBL4633188,ADORA1,emolecules,VS_set_ADORA1_05387,7.8528075,0.08930150309460655,0.048343777976723366,0.06523102332147002,0.6523102332147002,1,3.3092000000000015,0,3528,CCOC(=O)C1=C(C)Nc2nc3ccccc3n2C1c1cn[nH]c1,2.0743115,8.293807
VS_set_ADORA1_05388,CC1=C(C(=O)OC(C)C)C(c2cnco2)n2c(nc3ccccc32)N1,CC(=O)C1=C(Nc2nc3ccccc3n2C1c4ccncc4)C,B26R4.2281145,304.347,10998828,CHEMBL4633188,ADORA1,emolecules,VS_set_ADORA1_05388,7.6620836,0.08695652173913043,0.04932735426008968,0.0645226551891807,0.645226551891807,1,3.3092000000000015,0,3529,CC1=C(C(=O)OC(C)C)C(c2cn[nH]c2)n2c(nc3ccccc32)N1,2.6801379,8.506221
VS_set_ADORA1_05389,CC1=C(C(=O)OC(C)C)C(c2cnco2)n2c(nc3ccccc32)N1,COC(=O)C1=C(Nc2nc3ccccc3n2C1c4sccc4C)C,B27R4.131291754,339.413,1833891,CHEMBL4633188,ADORA1,emolecules,VS_set_ADORA1_05389,7.6428137,0.08828671328671328,0.0463871543264942,0.06383504418281054,0.6383504418281054,1,3.868120000000002,0,3532,CC1=C(C(=O)OC(C)C)C(c2cnco2)n2c(nc3ccccc32)N1,3.8124354,8.795925
VS_set_ADORA1_05390,CC1=C(C(=O)OC(C)C)C(c2cnco2)n2c(nc3ccccc32)N1,CCCCOC(=O)C1=C(Nc2nc3ccccc3n2C1c4cccs4)C,B29R4.640780588,367.466,9989150,CHEMBL4633188,ADORA1,emolecules,VS_set_ADORA1_05390,7.2871594,0.09019947961838681,0.04014272970561998,0.06495909001201966,0.6495909001201966,1,4.730000000000004,0,3530,CCOC(=O)C1=C(C)Nc2nc3ccccc3n2C1c1ccns1,3.977855,8.080265
VS_set_ADORA1_05391,CC1=C(C(=O)OC(C)C)C(c2cnco2)n2c(nc3ccccc32)N1,CC(=O)C1=C(Nc2nc3ccccc3n2C1c4cccs4)C,B25R4.1974886,309.387,17324649,CHEMBL4633188,ADORA1,emolecules,VS_set_ADORA1_05391,7.6151075,0.08266666666666667,0.044802867383512544,0.06119570850367865,0.6119570850367865,1,3.9757000000000025,0,3530,CCOC(=O)C1=C(C)Nc2nc3ccccc3n2C1c1ccns1,2.8287055,7.640883
VS_set_ADORA1_05416,CC1=C(C(=O)OC(C)C)C(c2cnco2)n2c(nc3ccccc32)N1,CNC(=O)C1=C(Nc2nc3ccccc3n2C1c4cccs4)C,B26R4.106778203,324.402,6795575,CHEMBL4633188,ADORA1,emolecules,VS_set_ADORA1_05416,7.3693357,0.08252853380158033,0.04906333630686887,0.0627174712180544,0.6271747121805441,1,3.1327000000000016,0,3532,CC1=C(C(=O)OC(C)C)C(c2cnco2)n2c(nc3ccccc32)N1,3.2845347,7.562552
VS_set_ADORA1_05433,O=C(Nc1nc(-c2ccccc2)nc2sc(-c3ccccc3)nc12)c1ccco1,O=C(Nc1nc(cc(n1)c2ccccc2)c3ccccc3)c4ccco4,B29R4.6389,341.363,17444076,CHEMBL4449916,ADORA1,emolecules,VS_set_ADORA1_05433,7.154729,0.17837338262476896,0.16744621141253507,0.17304485870723962,1.7304485870723962,0,4.655900000000003,0,1950,CCOCc1sc(NC(=O)c2ccco2)nc1-c1ccccc1,18.564093,23.453512
VS_set_ADORA1_05514,CCCCn1c(=O)c2[nH]c(C34CC5CC(CC3C5)C4)nc2n(CCCO)c1=O,CCCn1c2nc([nH]c2c(=O)n(c1=O)CCC)C34CC5CC3CC(C4)C5O,B31R5.1472433627,372.462,43338636,CHEMBL1316674,ADORA1,emolecules,VS_set_ADORA1_05514,8.424302,0.07212822796081923,0.049239033124440466,0.063512782709158,0.63512782709158,2,1.7547999999999995,0,3577,CCCCn1c(=O)c2[nH]c(C34CC5CC(CC3C5)C4)nc2n(CCCO)c1=O,-0.89768636,15.96881
VS_set_ADORA1_05594,Clc1cc2c(NC3CCCC3)nnc(-c3ccncc3)c2cc1Cl,C1CCC(C1)Nc2nc(nc3c2cccc3)c4ccccc4,B25R4.3608472,289.375,2103162,CHEMBL4521971,ADORA1,emolecules,VS_set_ADORA1_05594,7.4514112,0.11121076233183856,0.09744990892531877,0.1077498750524363,1.077498750524363,0,4.6513000000000035,0,3904,OC1CCC(Nc2nc(-c3ccccc3)nc3[nH]ccc23)CC1,-19.716433,0.96236676
VS_set_ADORA1_05650,Clc1cc2c(NC3CCCC3)nnc(-c3ccncc3)c2cc1Cl,Clc1cccc(c1)n2c(ncc2c3ccccc3)SC4CCCC4,B27R4.2212268,354.898,30768157,CHEMBL4521971,ADORA1,emolecules,VS_set_ADORA1_05650,7.0431347,0.12115891132572432,0.11785400175901495,0.11972980453747081,1.1972980453747082,0,6.227400000000004,1,2616,O=c1c2ncn3nc(-c4ccccc4)cc3c2c(C2CCCC2)nn1Cc1ccccc1,-8.6671715,-0.20891911
VS_set_ADORA1_05687,Cn1nc(-c2ccccc2)c2cnnc(NCc3ccccc3)c21,Cn1nc(c2c1cnn(c2=S)Cc3ccccc3)c4ccccc4,B27R4.2793031,332.424,22055175,CHEMBL5195631;CHEMBL5195631;CHEMBL5195631;CHEMBL5195631;CHEMBL5195631,ADORA1,emolecules,VS_set_ADORA1_05687,7.124308,0.11790780141843972,0.11490125673249552,0.1163319092462338,1.163319092462338,0,4.214590000000003,0,1988,O=c1c2ncn3nc(-c4ccccc4)cc3c2c(-c2ccccc2)nn1Cc1ccccc1,1.1538657,1.808103
VS_set_ADORA1_05691,Cn1nc(-c2ccccc2)c2cnnc(NCc3ccccc3)c21,C(Sc1nccn2c1cc(n2)c3ccccc3)c4ccccc4,B26R4.1585120,317.409,22755240,CHEMBL5195631;CHEMBL5195631;CHEMBL5195631;CHEMBL5195631;CHEMBL5195631,ADORA1,emolecules,VS_set_ADORA1_05691,7.1322384,0.13062665489849956,0.12132024977698483,0.12579768824446103,1.2579768824446103,0,4.688600000000003,0,2609,S=c1c2ncn3nc(-c4ccccc4)cc3c2c(C2CCCC2)nn1Cc1ccccc1,-0.7869514,-4.6294956
VS_set_ADORA1_05761,CCC(CC)C(=O)Nc1nc(-c2ccccc2)cc(-c2ccc3c(c2)OCO3)n1,CCCC(=O)Nc1nc(cc(n1)c2ccc(cc2)OC)c3ccccc3,B28R3.252566,347.411,27070332,CHEMBL260891,ADORA1,emolecules,VS_set_ADORA1_05761,7.4717183,0.147470398277718,0.08351409978308026,0.12464859938394805,1.2464859938394806,0,4.557800000000003,0,798,CCCC(=O)Nc1nc(-c2ccccc2)cc(-c2ccccc2)n1,6.5823417,-24.508255
VS_set_ADORA1_05762,CCC(CC)C(=O)Nc1nc(-c2ccccc2)cc(-c2ccc3c(c2)OCO3)n1,COc1ccc(cc1)c2cc(nc(n2)NC(=O)C(C)C)c3ccccc3,B28R3.3624157,347.411,27070330,CHEMBL260891,ADORA1,emolecules,VS_set_ADORA1_05762,7.553639,0.16568047337278108,0.09655937846836848,0.1516747097553668,1.5167470975536679,0,4.413700000000002,0,796,CC(C)C(=O)Nc1nc(-c2ccccc2)cc(-c2ccccc2)n1,6.824211,-24.652542
VS_set_ADORA1_05769,CCC(CC)C(=O)Nc1nc(-c2ccccc2)cc(-c2ccc3c(c2)OCO3)n1,C1CCC(C1)Nc2nc(cc(n2)c3ccccc3)Nc4ccc5c(c4)OCO5,B32R5.49763480,374.437,184399829,CHEMBL260891,ADORA1,emolecules,VS_set_ADORA1_05769,7.305108,0.11024978466838932,0.09706144256455922,0.10730410290053798,1.0730410290053798,0,4.970400000000003,0,1162,O=C(Nc1cc(-c2ccc3c(c2)OCO3)nc(-c2ccccc2)n1)C1CCCC1,-12.190356,-8.360373
VS_set_ADORA1_05771,CCC(CC)C(=O)Nc1nc(-c2ccccc2)cc(-c2ccc3c(c2)OCO3)n1,CCC(C)Nc1nc(cc(n1)c2ccccc2)Nc3ccc4c(c3)OCO4,B30R4.1927818,362.426,184398596,CHEMBL260891,ADORA1,emolecules,VS_set_ADORA1_05771,7.5618606,0.12177777777777778,0.10568383658969804,0.11667799651223924,1.1667799651223925,1,4.826300000000003,0,1160,CCC(CC)C(=O)Nc1cc(-c2ccc3c(c2)OCO3)nc(-c2ccccc2)n1,-12.285926,-8.491761
VS_set_ADORA1_05806,CCC(CC)C(=O)Nc1nc(-c2ccccc2)cc(-c2ccc3c(c2)OCO3)n1,Brc1ccc(cc1)n2nc(cc2c3ccc4c(c3)OCO4)C(=O)N5CCCC5,B32R5.3615920,440.29,325690375,CHEMBL260891,ADORA1,emolecules,VS_set_ADORA1_05806,7.086765,0.11072362685265912,0.09485815602836879,0.10629434608880106,1.0629434608880106,0,4.266500000000003,0,3500,N#Cc1c(N)nc2c(c1-c1ccc3c(c1)OCO3)CCCC2,-7.8336363,14.141082
VS_set_ADORA1_05815,CCC(CC)C(=O)Nc1nc(-c2ccccc2)cc(-c2ccc3c(c2)OCO3)n1,CCN(CCO)C(=O)c1cc(n(n1)c2ccc(cc2)Br)c3ccc4c(c3)OCO4,B32R4.281368460,458.306,325689866,CHEMBL260891,ADORA1,emolecules,VS_set_ADORA1_05815,7.022425,0.11196581196581197,0.10623353819139596,0.1092534421239173,1.092534421239173,0,3.4849000000000023,0,3318,Nc1nc(-c2ccc3c(c2)OCO3)cn2c(=O)n(-c3ccccc3)nc12,-7.860276,14.152852
VS_set_ADORA1_05891,CCCn1c(=O)c2[nH]c(-c3ccc(S(C)(=O)=O)cc3)c(O)c2n(C)c1=O,CS(=O)(=O)Nc1ccc(cc1)C(=O)CN2C(=O)N(C(=O)C2=O)CC=C,B26R2.122567020,365.363,3513438,CHEMBL457015,ADORA1,emolecules,VS_set_ADORA1_05891,7.197934,0.16681299385425813,0.16109154929577466,0.1650747394340915,1.650747394340915,0,0.21760000000000002,0,1930,CCN(C(C)=O)c1ccc(OC)c2nc(NC(=O)c3ccc(NS(C)(=O)=O)cc3)sc12,-1.0265461,10.578625
VS_set_ADORA1_06034,Nc1nc(-c2cncs2)c2ncn(C(=O)NCc3ccccc3)c2n1,Nc1nc(c(c(n1)c2cccs2)C#N)SCc3ccccc3,B24R3.2274830,324.426,27495319,CHEMBL258960,ADORA1,emolecules,VS_set_ADORA1_06034,7.3958697,0.15803571428571428,0.1407942238267148,0.15204104819680578,1.5204104819680577,0,3.9512800000000015,0,1290,Nc1nc(-c2cccs2)c2ncn(C(=O)NCc3ccccc3)c2n1,13.266516,-5.9022346
VS_set_ADORA1_06042,Nc1nc(-c2cncs2)c2ncn(C(=O)NCc3ccccc3)c2n1,Nc1ncc(c(n1)c2cccs2)c3nnnn3c4ccccc4,B26R4.2086334,321.361,15802708,CHEMBL258960,ADORA1,emolecules,VS_set_ADORA1_06042,7.489998,0.15826702033598586,0.14594594594594595,0.1550949167719842,1.550949167719842,0,2.4300000000000006,0,1320,Nc1nc(-c2cccs2)c2cnn(Cc3ccccc3F)c2n1,9.426745,-2.235836
VS_set_ADORA1_06081,Cc1ccc(-c2nc(-c3ccc(C)cc3)c4[nH]cnc4n2)cc1,C1Cc2nc(nc(c2C1)c3ccccc3)c4ccccc4,B24R4.1581151,272.344,194987407,CHEMBL205192,ADORA1,emolecules,VS_set_ADORA1_06081,7.245531,0.13155555555555556,0.12589285714285714,0.1293834945741126,1.293834945741126,0,4.299300000000003,0,2313,CCC1CN2C(=O)N(C)c3nc(-c4ccccc4)[nH]c3C2=N1,-2.3041751,-7.2561674
VS_set_ADORA1_06082,Cc1ccc(-c2nc(-c3ccc(C)cc3)c4[nH]cnc4n2)cc1,c1nc2nc(cc(n2n1)c3ccccc3)c4ccccc4,B24R4.1581151,272.305,1053598,CHEMBL205192,ADORA1,emolecules,VS_set_ADORA1_06082,7.5876503,0.2711864406779661,0.265158371040724,0.26844830945039416,2.6844830945039417,0,3.458300000000002,0,1995,Cc1nn(Cc2ccccc2)c(=O)c2ncn3nc(-c4ccccc4)cc3c12,-10.310999,-14.309699
VS_set_ADORA1_06084,Cc1ccc(-c2nc(-c3ccc(C)cc3)c4[nH]cnc4n2)cc1,COc1ccc(cc1)c2cc(n3ncnc3n2)c4ccccc4,B26R4.43982,302.331,4528235,CHEMBL205192,ADORA1,emolecules,VS_set_ADORA1_06084,7.221439,0.22484134179510426,0.2167577413479053,0.22125509655419512,2.212550965541951,0,3.4669000000000008,0,1779,COc1ccc(-c2cc(C(=O)NCc3ccccn3)nc(N)n2)cc1,-10.392022,-14.262149
VS_set_ADORA1_06085,Cc1ccc(-c2nc(-c3ccc(C)cc3)c4[nH]cnc4n2)cc1,COc1ccc(cc1)c2cc(nc3n2ncn3)c4ccccc4,B26R4.2153917,302.331,9809331,CHEMBL205192,ADORA1,emolecules,VS_set_ADORA1_06085,7.3678746,0.22330960854092527,0.2183803457688808,0.22129054788846494,2.2129054788846494,0,3.4669000000000016,0,1779,COc1ccc(-c2cc(C(=O)NCc3ccccn3)nc(N)n2)cc1,-10.390933,-14.257668
VS_set_ADORA1_06195,N#Cc1c(-c2ccccc2)nc(Nc2ccccc2)nc1-c1cccs1,N#Cc1c(nc(nc1c2ccccc2)c3ccccc3)Sc4ccccc4,B30R4.2687217,365.452,4870062,CHEMBL5086669,ADORA1,emolecules,VS_set_ADORA1_06195,7.2652955,0.20698924731182797,0.17553688141923435,0.19413248957560217,1.9413248957560216,0,5.833480000000003,1,1153,N#Cc1c(NC(=O)C2CCCC2)nc(-c2ccccc2)nc1-c1ccccc1,-14.848933,-13.10139
VS_set_ADORA1_06196,N#Cc1c(-c2ccccc2)nc(Nc2ccccc2)nc1-c1cccs1,N#Cc1c(nc(cc1c2cccs2)c3ccccc3)SCc4ccccc4,B30R4.18146539,384.52,3759384,CHEMBL5086669,ADORA1,emolecules,VS_set_ADORA1_06196,7.2673078,0.13123359580052493,0.11801801801801802,0.12633817453873167,1.2633817453873166,0,6.641080000000005,1,3472,COC(=O)c1cccc(CSc2nc(N)c(C#N)c(-c3cccs3)c2C#N)c1,9.140172,-8.722947
VS_set_ADORA1_06200,N#Cc1c(-c2ccccc2)nc(Nc2ccccc2)nc1-c1cccs1,N#Cc1c([nH]c(c1c2ccccc2)c3ccccc3)c4ccccc4,B28R4.35947,320.387,49842987,CHEMBL5086669,ADORA1,emolecules,VS_set_ADORA1_06200,7.0047946,0.23603603603603604,0.2283393501805054,0.23370241827019872,2.3370241827019873,0,5.887380000000005,1,255,Cc1nc2nc(-c3ccccc3)[nH]c(NC(C)c3ccccc3)c-2c1C,1.9121447,-9.6857395
VS_set_ADORA1_06201,N#Cc1c(-c2ccccc2)nc(Nc2ccccc2)nc1-c1cccs1,Brc1csc(c1)c2cc(nc(n2)c3ccccc3)c4ccncc4,B27R4.2117775,394.289,6820840,CHEMBL5086669,ADORA1,emolecules,VS_set_ADORA1_06201,7.5852327,0.18716577540106952,0.18263205013428827,0.18489415069012868,1.848941506901287,0,5.6966000000000045,1,1099,CN1C(=O)C2C(c3ncccc3N2C)N(C)C1=O,-14.123268,-2.6152074
VS_set_ADORA1_06204,N#Cc1c(-c2ccccc2)nc(Nc2ccccc2)nc1-c1cccs1,c1csc(c1)c2nc(c([nH]2)c3ccccc3)c4ccccc4,B25R4.1807,302.395,2379599,CHEMBL5086669,ADORA1,emolecules,VS_set_ADORA1_06204,7.4252057,0.226691042047532,0.21270452358036573,0.2227565748914193,2.227565748914193,0,5.4722000000000035,1,2129,C[S+]([O-])c1ccc(-c2nc(-c3ccc(F)cc3)c(-c3ccncc3)[nH]2)cc1,-9.548336,-37.43152
VS_set_ADORA1_06205,N#Cc1c(-c2ccccc2)nc(Nc2ccccc2)nc1-c1cccs1,c1ccc(cc1)c2cc(nc(n2)c3ccccc3)c4ccccc4,B27R4.1646406,308.377,615561,CHEMBL5086669,ADORA1,emolecules,VS_set_ADORA1_06205,7.781465,0.3103448275862069,0.2109090909090909,0.28459942628302975,2.8459942628302977,0,5.477600000000004,1,3872,Nc1cc(-c2ccccc2)nc(-c2ccccc2)n1,6.3986506,-30.788664
VS_set_ADORA1_06208,N#Cc1c(-c2ccccc2)nc(Nc2ccccc2)nc1-c1cccs1,Clc1ccc(cc1)Sc2nc(nc(c2C#N)c3ccccc3)c4ccccc4,B31R4.3432350,399.897,4870064,CHEMBL5086669,ADORA1,emolecules,VS_set_ADORA1_06208,7.1298304,0.20089686098654708,0.1756007393715342,0.19269828586590393,1.9269828586590392,0,6.486880000000005,1,1153,N#Cc1c(NC(=O)C2CCCC2)nc(-c2ccccc2)nc1-c1ccccc1,-14.846165,-13.102803
VS_set_ADORA1_06210,N#Cc1c(-c2ccccc2)nc(Nc2ccccc2)nc1-c1cccs1,N#Cc1c(oc(c1c2ccccc2)c3ccccc3)/N=C/c4cccs4,B29R4.2475958,354.426,633155,CHEMBL5086669,ADORA1,emolecules,VS_set_ADORA1_06210,7.4835033,0.17341549295774647,0.1675531914893617,0.1714784865671331,1.714784865671331,0,6.297380000000005,1,255,Cc1nc2nc(-c3ccccc3)[nH]c(NC(C)c3ccccc3)c-2c1C,-0.10752571,-15.933245
VS_set_ADORA1_06211,N#Cc1c(-c2ccccc2)nc(Nc2ccccc2)nc1-c1cccs1,N#Cc1c(oc(c1c2ccccc2)c3ccccc3)N=Cc4cccs4,B29R4.2475958,354.426,299965081,CHEMBL5086669,ADORA1,emolecules,VS_set_ADORA1_06211,7.4835033,0.17341549295774647,0.1675531914893617,0.1714784865671331,1.714784865671331,0,6.297380000000005,1,255,Cc1nc2nc(-c3ccccc3)[nH]c(NC(C)c3ccccc3)c-2c1C,-0.10752571,-15.933245
VS_set_ADORA1_06212,N#Cc1c(-c2ccccc2)nc(Nc2ccccc2)nc1-c1cccs1,O(c1ccccc1)c2nc(cc(n2)c3ccccc3)c4ccccc4,B28R4.1794818,324.376,2342764,CHEMBL5086669,ADORA1,emolecules,VS_set_ADORA1_06212,7.170772,0.3179255918827508,0.27351485148514854,0.305990934665228,3.0599093466522795,0,5.602900000000004,1,1137,Nc1nc(-c2ccccc2)cc(-c2ccccc2)n1,5.830636,-32.78294
VS_set_ADORA1_06213,N#Cc1c(-c2ccccc2)nc(Nc2ccccc2)nc1-c1cccs1,N#Cc1c(nc(cc1c2ccccc2)c3ccccc3)Nc4ccccc4,B30R4.2687217,347.413,1121352,CHEMBL5086669,ADORA1,emolecules,VS_set_ADORA1_06213,7.0654583,0.14149139579349904,0.13254203758654798,0.13735723075145395,1.3735723075145394,0,6.030880000000004,1,1394,N#Cc1c(-c2ccccc2)cc(-c2ccccc2)nc1N,3.521748,-14.208019
VS_set_ADORA1_06214,N#Cc1c(-c2ccccc2)nc(Nc2ccccc2)nc1-c1cccs1,N#Cc1c(nc(cc1c2cccs2)c3ccccc3)SCc4ccccn4,B30R4.18146539,385.508,2250733,CHEMBL5086669,ADORA1,emolecules,VS_set_ADORA1_06214,7.0706115,0.12804878048780488,0.11031390134529148,0.12321530114682715,1.2321530114682715,0,6.0360800000000046,1,3477,N#Cc1c(N)nc(SCc2ccccn2)c(C#N)c1-c1ccco1,9.0722275,-8.890145
VS_set_ADORA1_06227,N#Cc1c(-c2ccccc2)nc(Nc2ccccc2)nc1-c1cccs1,c1coc(c1)c2nc(c([nH]2)c3ccccc3)c4ccccc4,B25R4.1807,286.328,1287297,CHEMBL5086669,ADORA1,emolecules,VS_set_ADORA1_06227,7.114905,0.22880583409298086,0.21579961464354527,0.22535437370339398,2.2535437370339397,0,5.003700000000003,1,2129,C[S+]([O-])c1ccc(-c2nc(-c3ccc(F)cc3)c(-c3ccncc3)[nH]2)cc1,-8.106236,-38.170696
VS_set_ADORA1_06231,N#Cc1c(-c2ccccc2)nc(Nc2ccccc2)nc1-c1cccs1,Cc1c(cc(nc1c2ccccc2)c3ccccc3)c4ccccc4,B28R4.112515,321.415,1163787,CHEMBL5086669,ADORA1,emolecules,VS_set_ADORA1_06231,7.0825825,0.24881291547958215,0.21769383697813122,0.23572178519223028,2.357217851922303,0,6.391020000000005,1,710,Cc1ccc(-c2cc(-c3ccccc3)nc(N)c2C#N)cc1,2.6101143,-12.690631
VS_set_ADORA1_06236,N#Cc1c(-c2ccccc2)nc(Nc2ccccc2)nc1-c1cccs1,N(c1nc(c(o1)c2ccccc2)c3ccccc3)c4ccccc4,B27R4.11031,312.365,8270625,CHEMBL5086669,ADORA1,emolecules,VS_set_ADORA1_06236,7.393233,0.20217588395285585,0.1872146118721461,0.1962803180222305,1.9628031802223052,0,5.752200000000004,1,407,c1ccc(Nc2nc3ncnc-3c(NC3CCCCCC3)[nH]2)cc1,-23.16234,-27.611767
VS_set_ADORA1_06238,N#Cc1c(-c2ccccc2)nc(Nc2ccccc2)nc1-c1cccs1,c1ccc(cc1)c2cc(nc(c2)c3ccccc3)c4ccccc4,B27R4.1646406,307.389,969432,CHEMBL5086669,ADORA1,emolecules,VS_set_ADORA1_06238,7.2917047,0.3521560574948665,0.31008583690987124,0.3388921107012629,3.388921107012629,0,6.082600000000005,1,3132,CC(=O)Nc1cc(-c2ccccc2)cc(-c2ccccc2)n1,3.7732787,-28.815321
VS_set_ADORA1_06248,N#Cc1c(-c2ccccc2)nc(Nc2ccccc2)nc1-c1cccs1,C1C(n2c(nc3c2cccc3)N=C1c4cccs4)c5ccccc5,B28R5.30872271,329.42,324190385,CHEMBL5086669,ADORA1,emolecules,VS_set_ADORA1_06248,7.0166783,0.09106984969053934,0.08458149779735682,0.08779535159917504,0.8779535159917504,1,5.211700000000003,1,3494,CC1=C(C(=O)OC(C)C)C(c2ccco2)n2c(nc3ccccc32)N1,2.9969664,6.4170384
VS_set_ADORA1_06252,N#Cc1c(-c2ccccc2)nc(Nc2ccccc2)nc1-c1cccs1,CN(C)c1nc(nc(c1C#N)c2ccccc2)c3ccccc3,B25R3.2399970,300.358,5798639,CHEMBL5086669,ADORA1,emolecules,VS_set_ADORA1_06252,7.3738155,0.21197718631178708,0.15247108307045215,0.18514348509524256,1.8514348509524257,0,3.748280000000002,0,1158,N#Cc1c(N)nc(-c2ccccc2)nc1-c1ccccc1,-15.029181,-12.209193
VS_set_ADORA1_06259,N#Cc1c(-c2ccccc2)nc(Nc2ccccc2)nc1-c1cccs1,Fc1cccc(c1)c2cc(c(c3n2c4c(n3)cccc4)C#N)c5ccco5,B31R5.243676417,353.349,3191208,CHEMBL5086669,ADORA1,emolecules,VS_set_ADORA1_06259,7.035891,0.11754385964912281,0.11307420494699646,0.11519085765731707,1.1519085765731707,0,5.425280000000003,1,1125,CC(O)CNc1nc2ccccc2n2nc(-c3ccco3)nc12,3.8867471,-8.641122
VS_set_ADORA1_06301,Cc1[nH]c2nc(-c3ccccc3)nc(NC4Cc5ccccc5C4O)c2c1C,COc1ccccc1Nc2nc(nc3c2cc([nH]3)C)c4ccccc4,B28R4.259330782,330.384,179138241,CHEMBL441806,ADORA1,emolecules,VS_set_ADORA1_06301,7.0106707,0.13227513227513227,0.12313104661389622,0.128415863823988,1.28415863823988,0,4.685520000000003,0,257,Cc1[nH]c2nc(-c3ccccc3)nc(NC3Cc4ccccc4C3O)c2c1C,-24.706312,-4.636773
VS_set_ADORA1_06319,Cc1[nH]c2nc(-c3ccccc3)nc(NC4Cc5ccccc5C4O)c2c1C,CCC(C)Nc1cc(nc(n1)c2ccccc2)NCc3ccccc3OC,B29R3.25691352,362.469,184234430,CHEMBL441806,ADORA1,emolecules,VS_set_ADORA1_06319,7.3206816,0.11795774647887323,0.10431654676258993,0.11350712098359712,1.1350712098359712,1,4.974700000000003,0,3168,COc1ccccc1CNc1nc(N)c2nc(-c3ccccc3)sc2n1,-17.443491,-5.50946
VS_set_ADORA1_06345,Cc1[nH]c2nc(-c3ccccc3)nc(NC4Cc5ccccc5C4O)c2c1C,CCC(C)Nc1cc(nc(n1)c2ccccc2)Nc3ccccc3C#N,B28R3.97007689,343.426,184234577,CHEMBL441806,ADORA1,emolecules,VS_set_ADORA1_06345,7.045967,0.13374125874125875,0.121131741821397,0.13102646952851332,1.3102646952851331,1,4.969280000000003,0,255,Cc1nc2nc(-c3ccccc3)[nH]c(NC(C)c3ccccc3)c-2c1C,-17.950096,-5.8676767
VS_set_ADORA1_06348,Cc1ccc2ncc3nc(-c4ccccc4)nn3c2c1,O/N=C/c1nc(nn1c2ccccc2)c3ccccc3,B22R3.839,264.283,44856900,CHEMBL3356373,ADORA1,emolecules,VS_set_ADORA1_06348,7.257764,0.20538116591928252,0.1851179673321234,0.19888584665696893,1.9888584665696893,0,2.742400000000001,0,2630,CCC(=O)N1Cc2nc(-c3ccccc3)nn2-c2ccccc21,-7.31034,26.536238
VS_set_ADORA1_06368,Cc1ccc2ncc3nc(-c4ccccc4)nn3c2c1,Cc1cccc(c1)n2nc(cc2N)c3ccccc3,B21R3.7859,249.311,31418649,CHEMBL3356373,ADORA1,emolecules,VS_set_ADORA1_06368,7.1699123,0.16890080428954424,0.16488413547237077,0.16754895205963596,1.6754895205963596,0,3.429920000000001,0,1991,Cc1nn(C(C)c2ccccc2)c(=O)c2nc(C)n3nc(-c4ccccc4)cc3c12,-12.848484,4.144369
VS_set_ADORA1_06379,Cc1ccc2ncc3nc(-c4ccccc4)nn3c2c1,c1ccc(cc1)c2ccn3c(n2)nc4c3cccc4,B22R4.1468150,245.279,27455892,CHEMBL3356373,ADORA1,emolecules,VS_set_ADORA1_06379,7.100211,0.24806201550387597,0.24245283018867925,0.24618453357186074,2.4618453357186074,0,3.549500000000002,0,829,Cn1c2ccccc2n2c(=O)c(-c3ccccc3)nnc12,-8.264399,1.5304887
VS_set_ADORA1_06416,Cc1ccc2ncc3nc(-c4ccccc4)nn3c2c1,c1c(oc2n1c3c(n2)cccc3)c4ccccc4,B21R4.2189565,234.253,317376813,CHEMBL3356373,ADORA1,emolecules,VS_set_ADORA1_06416,7.7332373,0.20646319569120286,0.2024977698483497,0.2045293639258512,2.045293639258512,0,3.7475000000000023,0,3494,CC1=C(C(=O)OC(C)C)C(c2ccco2)n2c(nc3ccccc32)N1,3.1372244,12.37286
VS_set_ADORA1_06469,S=c1sc2c(ncn3nc(-c4ccco4)nc23)n1-c1cccc(Cl)c1,Cc1c(c2c(n1c3cc(ccn3)C)ncn4c2nc(n4)c5ccco5)C,B30R5.1877976998,344.371,4765625,CHEMBL1090578,ADORA1,emolecules,VS_set_ADORA1_06469,8.093184,0.10301953818827708,0.09565987599645705,0.10028959711612351,1.002895971161235,0,3.648460000000002,0,1875,S=c1sc2c(ncn3nc(-c4ccco4)nc23)n1-c1cccc(I)c1,11.858214,12.565216
VS_set_ADORA1_06476,S=c1sc2c(ncn3nc(-c4ccco4)nc23)n1-c1cccc(Cl)c1,Brc1csc(c1)c2nc3c4cnn(c4ncn3n2)c5ccccc5,B28R5.2254514,397.253,4075388,CHEMBL1090578,ADORA1,emolecules,VS_set_ADORA1_06476,7.052303,0.14010507880910683,0.13451327433628318,0.1375783669249563,1.375783669249563,0,3.954200000000003,0,1097,CN1C(=O)C2Nc3cccnc3C2N(C)C1=O,7.3632903,22.39509
VS_set_ADORA1_06477,S=c1sc2c(ncn3nc(-c4ccco4)nc23)n1-c1cccc(Cl)c1,Cc1ccc(cc1)n2ncc3c2ncn4c3nc(n4)c5cccs5,B28R5.40109615,332.384,4706997,CHEMBL1090578,ADORA1,emolecules,VS_set_ADORA1_06477,7.0028033,0.12455516014234876,0.1184792219274978,0.1222106253555361,1.222106253555361,0,3.5001200000000017,0,1097,CN1C(=O)C2Nc3cccnc3C2N(C)C1=O,7.4679236,22.267485
VS_set_ADORA1_06478,S=c1sc2c(ncn3nc(-c4ccco4)nc23)n1-c1cccc(Cl)c1,Clc1ccc(cc1)n2ncc3c2ncn4c3nc(n4)c5cccs5,B28R5.40109615,352.802,4596599,CHEMBL1090578,ADORA1,emolecules,VS_set_ADORA1_06478,7.0014663,0.13123359580052493,0.12623097582811102,0.1290761519596293,1.290761519596293,0,3.8451000000000004,0,1871,S=c1sc2c(ncn3nc(-c4ccco4)nc23)n1-c1ccc(Cl)cc1,7.4584365,22.29116
VS_set_ADORA1_06565,Cc1ccc(-c2cc(C(=O)NCc3ccccn3)nc(C(C)C)n2)o1,Cc1cccc(c1)CNC(=O)c2cc(nc(n2)O)c3ccco3,B25R3.137745980,309.32,179494599,CHEMBL593749,ADORA1,emolecules,VS_set_ADORA1_06565,7.020849,0.0822550831792976,0.041237113402061855,0.07350411548251787,0.7350411548251786,0,2.6806200000000002,0,1641,Cc1cccc(CNC(=O)c2cc(-c3ccco3)nc(N)n2)c1,11.607032,10.280766
VS_set_ADORA1_06602,CCn1nnc(-c2sc(NC(=O)C3CC3)nc2-c2ccccc2)n1,CCOC(=O)c1sc(nc1c2ccccc2)NC(=O)C3CC3,B24R3.941865,316.377,3539194,CHEMBL1221506,ADORA1,emolecules,VS_set_ADORA1_06602,7.11889,0.13487133984028393,0.10487580496780129,0.12353771380013692,1.2353771380013692,0,3.335300000000001,0,1949,CCOC(=O)c1sc(NC(=O)c2ccco2)nc1-c1ccccc1,25.274626,-8.985243
VS_set_ADORA1_06606,CCn1nnc(-c2sc(NC(=O)C3CC3)nc2-c2ccccc2)n1,CCOC(=O)c1sc(nc1c2ccccc2)NC(=O)C3CCC3,B25R3.671942,330.403,14095224,CHEMBL1221506,ADORA1,emolecules,VS_set_ADORA1_06606,7.271549,0.11873350923482849,0.08982584784601283,0.11397612599055565,1.1397612599055564,0,3.7254000000000023,0,1949,CCOC(=O)c1sc(NC(=O)c2ccco2)nc1-c1ccccc1,25.264355,-8.458124
VS_set_ADORA1_06607,CCn1nnc(-c2sc(NC(=O)C3CC3)nc2-c2ccccc2)n1,CCOC(=O)c1sc(nc1c2ccccc2)NC(=O)CC3CC3,B25R3.671943,330.403,320362758,CHEMBL1221506,ADORA1,emolecules,VS_set_ADORA1_06607,7.227969,0.125,0.09107635694572216,0.11938609076795792,1.1938609076795792,0,3.7254000000000023,0,1949,CCOC(=O)c1sc(NC(=O)c2ccco2)nc1-c1ccccc1,25.838789,-9.032071
VS_set_ADORA1_06614,CCn1nnc(-c2sc(NC(=O)C3CC3)nc2-c2ccccc2)n1,CCOC(=O)c1sc(nc1c2ccccc2)NC(=O)C(C)N,B23R2.23119,319.38,301998298,CHEMBL1221506,ADORA1,emolecules,VS_set_ADORA1_06614,7.2146754,0.13250883392226148,0.10018382352941177,0.12720436999277046,1.2720436999277045,1,2.2724999999999995,0,1949,CCOC(=O)c1sc(NC(=O)c2ccco2)nc1-c1ccccc1,24.347937,-9.665738
VS_set_ADORA1_06615,CCn1nnc(-c2sc(NC(=O)C3CC3)nc2-c2ccccc2)n1,CCOC(=O)c1sc(nc1c2ccccc2)NC(=O)C(C)O,B23R2.23119,320.365,328056757,CHEMBL1221506,ADORA1,emolecules,VS_set_ADORA1_06615,7.0692863,0.14173228346456693,0.10497237569060773,0.13535400954669966,1.3535400954669965,1,2.3061000000000003,0,1949,CCOC(=O)c1sc(NC(=O)c2ccco2)nc1-c1ccccc1,25.126684,-9.924584
VS_set_ADORA1_06617,CCn1nnc(-c2sc(NC(=O)C3CC3)nc2-c2ccccc2)n1,CCOC(=O)c1sc(nc1c2ccccc2)NC(=O)[C@H](C)N,B23R2.23119,319.38,327884326,CHEMBL1221506,ADORA1,emolecules,VS_set_ADORA1_06617,7.2146754,0.13250883392226148,0.10018382352941177,0.12720436999277046,1.2720436999277045,1,2.2724999999999995,0,1949,CCOC(=O)c1sc(NC(=O)c2ccco2)nc1-c1ccccc1,24.347937,-9.665738
VS_set_ADORA1_06619,CCn1nnc(-c2sc(NC(=O)C3CC3)nc2-c2ccccc2)n1,CCOC(=O)c1sc(nc1c2ccccc2)NC(=O)CCCl,B23R2.961901,338.811,327981143,CHEMBL1221506,ADORA1,emolecules,VS_set_ADORA1_06619,7.09229,0.14500442086648982,0.10545790934320073,0.1390310101621593,1.3903101016215929,0,3.5542000000000016,0,1949,CCOC(=O)c1sc(NC(=O)c2ccco2)nc1-c1ccccc1,25.675419,-10.221386
VS_set_ADORA1_06626,CCn1nnc(-c2sc(NC(=O)C3CC3)nc2-c2ccccc2)n1,CCOC(=O)c1sc(nc1c2ccccc2)NC(=O)/C=C/C,B23R2.961901,316.377,327769780,CHEMBL1221506,ADORA1,emolecules,VS_set_ADORA1_06626,7.167448,0.148576512455516,0.10453283996299723,0.14156813021696374,1.4156813021696373,0,3.501400000000002,0,1949,CCOC(=O)c1sc(NC(=O)c2ccco2)nc1-c1ccccc1,24.147938,-10.923475
VS_set_ADORA1_06631,CCn1nnc(-c2sc(NC(=O)C3CC3)nc2-c2ccccc2)n1,CCOC(=O)c1sc(nc1c2ccccc2)NC(=O)CC#N,B23R2.961901,315.349,179704579,CHEMBL1221506,ADORA1,emolecules,VS_set_ADORA1_06631,7.059877,0.16017699115044248,0.10976744186046512,0.15135261993616553,1.5135261993616553,0,2.8389800000000003,0,1949,CCOC(=O)c1sc(NC(=O)c2ccco2)nc1-c1ccccc1,25.599129,-10.838639
VS_set_ADORA1_06636,CCn1nnc(-c2sc(NC(=O)C3CC3)nc2-c2ccccc2)n1,CCOC(=O)c1sc(nc1c2ccccc2)NC(=O)C(Cl)Cl,B23R2.23119,359.229,327924968,CHEMBL1221506,ADORA1,emolecules,VS_set_ADORA1_06636,7.1493382,0.15656108597285068,0.10309278350515463,0.14813367396049082,1.4813367396049082,0,3.729000000000002,0,1949,CCOC(=O)c1sc(NC(=O)c2ccco2)nc1-c1ccccc1,24.819445,-10.793093
VS_set_ADORA1_06642,CCn1nnc(-c2sc(NC(=O)C3CC3)nc2-c2ccccc2)n1,CC(C)C(=O)Nc1nc(c(s1)c2ccccc2)c3ccccc3,B25R3.2047880,322.426,43831434,CHEMBL1221506,ADORA1,emolecules,VS_set_ADORA1_06642,7.0455437,0.1457378551787351,0.12735849056603774,0.1390031062013101,1.390031062013101,0,5.071600000000004,1,1956,O=C(Nc1nc(-c2ccccc2)c(-c2ncon2)s1)C1CC1,28.349514,4.3624525
VS_set_ADORA1_06646,CCn1nnc(-c2sc(NC(=O)C3CC3)nc2-c2ccccc2)n1,O=C(Nc1nc(c(s1)c2ccccc2)c3ccccc3)C4CCC4,B27R4.23345639,334.437,30640820,CHEMBL1221506,ADORA1,emolecules,VS_set_ADORA1_06646,7.4669447,0.12175470008952552,0.09981343283582089,0.11296420739054207,1.1296420739054207,0,5.215700000000003,1,1956,O=C(Nc1nc(-c2ccccc2)c(-c2ncon2)s1)C1CC1,27.051355,2.913187
VS_set_ADORA1_06649,CCn1nnc(-c2sc(NC(=O)C3CC3)nc2-c2ccccc2)n1,O=C(Nc1nc(c(s1)C(=O)c2ccccc2)c3ccccc3)C4CC4,B28R4.5103781,348.42,2949721,CHEMBL1221506,ADORA1,emolecules,VS_set_ADORA1_06649,7.1667767,0.10018214936247723,0.08287292817679558,0.09348325430988041,0.9348325430988041,0,4.389600000000002,0,1812,O=C(Nc1nc(-c2ccccc2)c(C(=O)c2ccccc2)s1)c1ccco1,22.321146,-2.6882155
VS_set_ADORA1_06651,CCn1nnc(-c2sc(NC(=O)C3CC3)nc2-c2ccccc2)n1,COC(=O)Cc1sc(nc1c2ccccc2)NC(=O)[C@@H](C)N,B23R2.56343,319.38,301451065,CHEMBL1221506,ADORA1,emolecules,VS_set_ADORA1_06651,7.2366824,0.13847502191060473,0.13197519929140833,0.13620904844213383,1.3620904844213384,1,1.8112999999999997,0,2402,COc1ccc(C(=O)Nc2nc(-c3ccccc3)c(C(=O)c3ccccn3)s2)cc1,17.49661,17.850632
VS_set_ADORA1_06652,CCn1nnc(-c2sc(NC(=O)C3CC3)nc2-c2ccccc2)n1,COC(=O)Cc1sc(nc1c2ccccc2)NC(=O)[C@H](C)N,B23R2.56343,319.38,301453112,CHEMBL1221506,ADORA1,emolecules,VS_set_ADORA1_06652,7.2366824,0.13847502191060473,0.13197519929140833,0.13620904844213383,1.3620904844213384,1,1.8112999999999997,0,2402,COc1ccc(C(=O)Nc2nc(-c3ccccc3)c(C(=O)c3ccccn3)s2)cc1,17.49661,17.850632
VS_set_ADORA1_06659,CCn1nnc(-c2sc(NC(=O)C3CC3)nc2-c2ccccc2)n1,CCc1noc(n1)CSc2nc(=O)c(c([nH]2)c3ccccc3)C,B25R3.6184677,328.391,49947450,CHEMBL1221506,ADORA1,emolecules,VS_set_ADORA1_06659,7.1969624,0.14160839160839161,0.13250883392226148,0.1388173316816018,1.388173316816018,0,2.9830200000000016,0,2313,CCC1CN2C(=O)N(C)c3nc(-c4ccccc4)[nH]c3C2=N1,0.088133305,9.511681
VS_set_ADORA1_06674,CCn1nnc(-c2sc(NC(=O)C3CC3)nc2-c2ccccc2)n1,O=C(Nc1nc(c(s1)c2ccncc2)c3cccnc3)C4CCC4,B27R4.23345639,336.413,319286660,CHEMBL1221506,ADORA1,emolecules,VS_set_ADORA1_06674,7.207252,0.11239964317573595,0.0990990990990991,0.10539786337840873,1.0539786337840873,0,4.005700000000002,0,2068,O=C(Nc1cnc(-c2ccncc2)c(-c2ccco2)n1)C1CCC1,29.998154,1.2219235
VS_set_ADORA1_06703,Nc1nc(N2CCN(Cc3ccc(Br)cc3)CC2)nc2nc(-c3ccco3)nn12,Brc1ccc(cc1)CN2CCN(CC2)c3oc(nc3C#N)c4ccco4,B29R4.2124859,413.268,31886028,CHEMBL1927432,ADORA1,emolecules,VS_set_ADORA1_06703,7.080749,0.11199294532627865,0.10233393177737882,0.10972877461896316,1.0972877461896315,0,3.8909800000000025,0,2141,Nc1nc(N2CCN(Cc3ccc(Br)cc3)CC2)nc2nc(-c3ccco3)nn12,13.645414,6.6445312
VS_set_ADORA1_06752,c1ccc(-c2nc(-c3ccccc3)c-4nc(C5CCCC5)nc4[nH]2)cc1,CCC(CC)C(=O)/N=c\1/[nH]c(c(o1)c2ccccc2)c3ccccc3,B27R3.4990318,334.412,46555458,CHEMBL207824,ADORA1,emolecules,VS_set_ADORA1_06752,7.2373867,0.14627659574468085,0.13734290843806105,0.14296565581613846,1.4296565581613847,0,4.805200000000005,0,1458,CCCn1c(=O)c2[nH]c(-c3ccccc3)c(O)c2n(CCC)c1=O,-13.803973,-23.847387
VS_set_ADORA1_06754,c1ccc(-c2nc(-c3ccccc3)c-4nc(C5CCCC5)nc4[nH]2)cc1,C(Nc1cc(nc(n1)c2ccccc2)c3ccccc3)C4CCNCC4,B29R4.1886664,344.454,37040838,CHEMBL207824,ADORA1,emolecules,VS_set_ADORA1_06754,7.145847,0.10846560846560846,0.09343200740055504,0.10287197658424359,1.0287197658424359,0,4.222100000000003,0,803,O=C(Nc1cc(-c2ccccc2)nc(-c2ccccc2)n1)C1CCCC1,-13.934539,-4.0098376
VS_set_ADORA1_06755,c1ccc(-c2nc(-c3ccccc3)c-4nc(C5CCCC5)nc4[nH]2)cc1,C1CCC(C1)Nc2cc(nc(n2)Nc3ccccc3)c4ccccc4,B28R4.8542332,330.427,184399571,CHEMBL207824,ADORA1,emolecules,VS_set_ADORA1_06755,7.0641603,0.10601976639712489,0.09855334538878843,0.10144578520917072,1.0144578520917071,0,5.241700000000004,1,3897,Oc1cc(-c2ccccc2)nc2nc(NC3CCCCC3)ccc12,-11.055038,-6.691324
VS_set_ADORA1_06768,c1ccc(-c2nc(-c3ccccc3)c-4nc(C5CCCC5)nc4[nH]2)cc1,N#Cc1c(oc(c1c2ccccc2)c3ccccc3)/N=C/N4CCCC4,B29R4.2475958,341.407,25879686,CHEMBL207824,ADORA1,emolecules,VS_set_ADORA1_06768,7.04347,0.17464539007092197,0.1703835860838537,0.17267451934799138,1.7267451934799138,0,5.240880000000005,1,1460,CCCn1c(=O)c2[nH]c(-c3ccccc3)cc2n(CCC)c1=O,-0.79289097,-16.303759
VS_set_ADORA1_06781,c1ccc(-c2nc(-c3ccccc3)c-4nc(C5CCCC5)nc4[nH]2)cc1,C(Nc1cc(nc(n1)c2ccccc2)c3ccncc3)C4CCNCC4,B29R4.1886664,345.442,37040840,CHEMBL207824,ADORA1,emolecules,VS_set_ADORA1_06781,7.086968,0.10865724381625441,0.10475352112676056,0.10654642594891803,1.0654642594891803,0,3.6171000000000015,0,251,Cc1[nH]c2nc(-c3ccccc3)nc(NC3CCCCNC3=O)c2c1C,-13.92702,-3.6515074
VS_set_ADORA1_06792,c1ccc(-c2nc(-c3ccccc3)c-4nc(C5CCCC5)nc4[nH]2)cc1,CCC(CC)C(=O)Nc1nc(c(o1)c2ccccc2)c3ccccc3,B27R3.4990318,334.412,1823372,CHEMBL207824,ADORA1,emolecules,VS_set_ADORA1_06792,7.5308304,0.16368515205724507,0.15421455938697318,0.1605134282384047,1.605134282384047,0,5.383300000000004,1,1143,CCC(CC)C(=O)Nc1nc(-c2ccccc2)c(C#N)c(-c2ccccc2)n1,-18.01053,-27.073145
VS_set_ADORA1_06795,c1ccc(-c2nc(-c3ccccc3)c-4nc(C5CCCC5)nc4[nH]2)cc1,O=C(Nc1nc(c(s1)c2ccccc2)c3ccccc3)C4CCC4,B27R4.23345639,334.437,30640820,CHEMBL207824,ADORA1,emolecules,VS_set_ADORA1_06795,7.4669447,0.12175470008952552,0.09981343283582089,0.11296420739054207,1.1296420739054207,0,5.215700000000003,1,1956,O=C(Nc1nc(-c2ccccc2)c(-c2ncon2)s1)C1CC1,27.249716,3.2630086
VS_set_ADORA1_06796,c1ccc(-c2nc(-c3ccccc3)c-4nc(C5CCCC5)nc4[nH]2)cc1,O=C(Nc1nc(c(s1)c2ccccc2)c3ccccc3)C4CCCCC4,B29R4.225717,362.49,3190823,CHEMBL207824,ADORA1,emolecules,VS_set_ADORA1_06796,7.334752,0.1224307417336908,0.09701492537313433,0.11273871533349085,1.1273871533349085,0,5.995900000000003,1,1956,O=C(Nc1nc(-c2ccccc2)c(-c2ncon2)s1)C1CC1,26.84208,3.644399
VS_set_ADORA1_06815,c1ccc(-c2nc(-c3ccccc3)c-4nc(C5CCCC5)nc4[nH]2)cc1,O=C(Nc1oc(c(c1C#N)c2ccccc2)c3ccccc3)C4CCCC4,B30R4.2464608,356.418,322599523,CHEMBL207824,ADORA1,emolecules,VS_set_ADORA1_06815,7.7031574,0.13434163701067617,0.12142857142857143,0.1305099660731468,1.305099660731468,0,5.613980000000003,1,1156,N#Cc1c(NC(=O)C2CCCC2)nc(-c2ccccc2)nc1-c1ccc2c(c1)OCO2,-2.9319968,-17.595798
VS_set_ADORA1_06980,N#CC1=C(N)Cc2nc(-c3ccccc3)nn2C1=O,N=c1c(c[nH]c2n1nc(n2)c3ccccc3)C#N,B20R3.42923,236.233,49402298,CHEMBL5171044,ADORA1,emolecules,VS_set_ADORA1_06980,7.206694,0.1806797853309481,0.17488789237668162,0.17858236967092073,1.7858236967092074,0,1.07555,0,2629,CCOC(=O)N1Cc2nc(-c3ccccc3)nn2-c2ccccc21,-10.287553,16.968016
VS_set_ADORA1_06999,N#CC1=C(N)Cc2nc(-c3ccccc3)nn2C1=O,N=c1c(c[nH]c2n1nc(n2)c3ccncc3)C#N,B20R3.42923,237.221,49410075,CHEMBL5171044,ADORA1,emolecules,VS_set_ADORA1_06999,7.261598,0.17901234567901234,0.1647269471799463,0.17510867943040115,1.7510867943040114,0,0.47055000000000013,0,1097,CN1C(=O)C2Nc3cccnc3C2N(C)C1=O,-10.282731,16.970476
VS_set_ADORA1_07009,N#CC1=C(N)Cc2nc(-c3ccccc3)nn2C1=O,Nc1ccn2nc(nc2c1)c3cccc(c3)Cl,B19R3.3937,244.68,50603483,CHEMBL5171044,ADORA1,emolecules,VS_set_ADORA1_07009,7.286722,0.20844327176781002,0.2,0.20688347091434944,2.0688347091434944,0,2.631900000000001,0,3452,Clc1cccc(-c2nc(N3CCCCC3)c3nc[nH]c3n2)c1,-29.206192,9.715728
VS_set_ADORA1_07010,N#CC1=C(N)Cc2nc(-c3ccccc3)nn2C1=O,Nc1ccn2nc(nc2c1)c3cccc(c3)F,B19R3.3937,228.226,50603469,CHEMBL5171044,ADORA1,emolecules,VS_set_ADORA1_07010,7.2088685,0.20535714285714285,0.19876325088339222,0.20348140224135253,2.034814022413525,0,2.1176,0,2598,CN(CCN1CCN(c2ccc(F)cc2F)CC1)c1cc2nc(-c3cccc(C#N)c3)nn2c(N)n1,-29.231909,9.880056
VS_set_ADORA1_07012,N#CC1=C(N)Cc2nc(-c3ccccc3)nn2C1=O,Nc1ccn2nc(nc2c1)c3ccccc3F,B19R3.2158979,228.226,50603467,CHEMBL5171044,ADORA1,emolecules,VS_set_ADORA1_07012,7.021799,0.19592198581560283,0.18665464382326422,0.19280186890356793,1.9280186890356794,0,2.1176,0,1347,Nc1nc(-c2ccco2)c2ccn(Cc3ccccc3F)c2n1,-29.249695,10.144053
VS_set_ADORA1_07040,N#CC1=C(N)Cc2nc(-c3ccccc3)nn2C1=O,Nc1cc2nc(cn2cc1Br)c3ccccc3,B19R3.9689,288.143,37154103,CHEMBL5171044,ADORA1,emolecules,VS_set_ADORA1_07040,7.0477014,0.2068654019873532,0.20169651272384542,0.20467630721712787,2.0467630721712786,0,3.346000000000001,0,3139,Nc1nc(-c2ccccc2)cn2cc(-c3ccco3)nc12,-19.026436,10.296837
VS_set_ADORA1_07110,COCC1CCCN1c1cc(N)nc(-n2nc(C)cc2C)n1,Cc1ccc(o1)c2nc(cc(n2)C3CCCC3)N,B20R3.2712987,243.305,315835353,CHEMBL482213,ADORA1,emolecules,VS_set_ADORA1_07110,7.106103,0.12444444444444444,0.11811722912966252,0.12223472114970764,1.2223472114970764,0,3.28482,0,2551,Cc1ccc(-c2nc(N)c3cc(CN4CCc5ccccc5C4)sc3n2)o1,11.864967,-1.5949425
VS_set_ADORA1_07203,Nc1nc(-c2ccccc2)c2c(n1)-c1ccccc1C2=O,COc1ccc(cc1)c2nc(nc-3c2C(=O)c4c3cccc4)N,B26R4.2193984,303.315,17056881,CHEMBL369573,ADORA1,emolecules,VS_set_ADORA1_07203,8.510305,0.15515695067264573,0.054878048780487805,0.1231288198503155,1.231288198503155,0,2.945800000000001,0,3745,Nc1nc(-c2ccccc2)c2c(n1)-c1ccccc1C2=O,-20.330153,-13.013982
VS_set_ADORA1_07204,Nc1nc(-c2ccccc2)c2c(n1)-c1ccccc1C2=O,COc1cccc(c1)c2nc(nc-3c2C(=O)c4c3cccc4)N,B26R4.5799133,303.315,17056885,CHEMBL369573,ADORA1,emolecules,VS_set_ADORA1_07204,7.9721665,0.1532976827094474,0.07562189054726368,0.1258067746088254,1.258067746088254,0,2.945800000000001,0,3745,Nc1nc(-c2ccccc2)c2c(n1)-c1ccccc1C2=O,-19.884481,-12.856774
VS_set_ADORA1_07205,Nc1nc(-c2ccccc2)c2c(n1)-c1ccccc1C2=O,Nc1nc-2c(c(n1)c3ccc(c(c3)F)F)C(=O)c4c2cccc4,B26R4.22766276,309.27,44457316,CHEMBL369573,ADORA1,emolecules,VS_set_ADORA1_07205,8.250604,0.163846838824577,0.05977710233029382,0.1382101211215913,1.3821012112159132,0,3.2154000000000007,0,3745,Nc1nc(-c2ccccc2)c2c(n1)-c1ccccc1C2=O,-19.962141,-13.554673
VS_set_ADORA1_07206,Nc1nc(-c2ccccc2)c2c(n1)-c1ccccc1C2=O,Cc1ccccc1c2cc(nc(n2)N)c3ccccc3,B22R3.336544,261.322,37034122,CHEMBL369573,ADORA1,emolecules,VS_set_ADORA1_07206,7.184595,0.23920653442240372,0.199207135777998,0.2229822491826064,2.229822491826064,0,3.701220000000001,0,3746,Nc1nc(-c2ccccc2)c2c(n1)-c1ccccc1C2,12.6226,-24.377724
VS_set_ADORA1_07207,Nc1nc(-c2ccccc2)c2c(n1)-c1ccccc1C2=O,O=C1c2ccccc2-c3c1c([nH]n3)c4ccccc4,B22R4.308453,246.264,17256546,CHEMBL369573,ADORA1,emolecules,VS_set_ADORA1_07207,7.127537,0.18525179856115107,0.14158415841584157,0.1762243770503905,1.7622437705039051,0,3.288100000000001,0,3745,Nc1nc(-c2ccccc2)c2c(n1)-c1ccccc1C2=O,-21.68516,-14.131756
VS_set_ADORA1_07211,Nc1nc(-c2ccccc2)c2c(n1)-c1ccccc1C2=O,Nc1nc(c(c(n1)c2ccccc2)N)c3ccccc3,B22R3.322371,262.31,233021002,CHEMBL369573,ADORA1,emolecules,VS_set_ADORA1_07211,7.3764524,0.2753303964757709,0.25090036014405764,0.26587374681453957,2.6587374681453957,0,2.9750000000000005,0,3868,N#Cc1c(-c2ccccc2)nc(N)nc1-c1ccccc1,12.702041,-29.734606
VS_set_ADORA1_07212,Nc1nc(-c2ccccc2)c2c(n1)-c1ccccc1C2=O,Nc1nc(cc(n1)c2ccccc2Cl)c3ccccc3,B22R3.336544,281.74,37033794,CHEMBL369573,ADORA1,emolecules,VS_set_ADORA1_07212,7.169212,0.2547974413646055,0.17780580075662042,0.23884236015708288,2.3884236015708287,0,4.0462000000000025,0,1137,Nc1nc(-c2ccccc2)cc(-c2ccccc2)n1,8.396439,-28.51875
VS_set_ADORA1_07213,Nc1nc(-c2ccccc2)c2c(n1)-c1ccccc1C2=O,Nc1nc(cc(n1)c2ccccc2F)c3ccccc3,B22R3.336544,265.286,36842734,CHEMBL369573,ADORA1,emolecules,VS_set_ADORA1_07213,7.3453026,0.24390243902439024,0.14966740576496673,0.2043230534383639,2.043230534383639,0,3.531900000000001,0,2028,CCC(=O)Nc1nc(-c2ccccc2F)cc(-c2ccccc2F)n1,11.173267,-30.546713
VS_set_ADORA1_07214,Nc1nc(-c2ccccc2)c2c(n1)-c1ccccc1C2=O,Nc1nc(c(s1)C(=O)c2ccccc2)c3ccccc3,B22R3.11243,280.346,2381944,CHEMBL369573,ADORA1,emolecules,VS_set_ADORA1_07214,7.562848,0.1544256120527307,0.12890995260663507,0.1403358850939152,1.403358850939152,0,3.6233000000000013,0,3582,O=C(Nc1nc(-c2ccccc2)c(C(=O)c2ccc(Cl)cc2)s1)c1ccccc1,22.387745,-3.459433
VS_set_ADORA1_07215,Nc1nc(-c2ccccc2)c2c(n1)-c1ccccc1C2=O,Cc1ccc(o1)c2nc(nc-3c2C(=O)c4c3cccc4)N,B24R4.13012877,277.278,44457318,CHEMBL369573,ADORA1,emolecules,VS_set_ADORA1_07215,7.0336037,0.10962566844919786,0.09642857142857143,0.10400987478678811,1.0400987478678811,0,2.8386200000000006,0,1777,CCc1c(C(=O)NCc2ccccn2)nc(N)nc1-c1ccc(C)o1,-18.872103,-12.655565
VS_set_ADORA1_07222,Nc1nc(-c2ccccc2)c2c(n1)-c1ccccc1C2=O,Cc1ccccc1c2cc(nc(n2)N)c3cccc(c3)F,B23R3.7796235,279.312,37034136,CHEMBL369573,ADORA1,emolecules,VS_set_ADORA1_07222,7.1174555,0.2166199813258637,0.19489981785063754,0.20726973757904568,2.0726973757904568,0,3.840320000000002,0,1790,Cc1ccccc1-c1cc(C(=O)NCc2ncccc2C)nc(N)n1,13.221768,-24.35397
VS_set_ADORA1_07225,Nc1nc(-c2ccccc2)c2c(n1)-c1ccccc1C2=O,Cc1ccccc1c2cc(nc(n2)N)c3ccccc3F,B23R3.9811380,279.312,37034126,CHEMBL369573,ADORA1,emolecules,VS_set_ADORA1_07225,7.0606833,0.19784172661870503,0.1790633608815427,0.1890225071882207,1.890225071882207,0,3.840320000000002,0,1792,Cc1ccccc1-c1cc(C(=O)NCc2ccccn2)nc(N)n1,13.28993,-23.951067
VS_set_ADORA1_07226,Nc1nc(-c2ccccc2)c2c(n1)-c1ccccc1C2=O,Cc1ccc(c(c1)C)c2cc(nc(n2)N)c3ccccc3,B23R3.17696483,275.348,37034006,CHEMBL369573,ADORA1,emolecules,VS_set_ADORA1_07226,7.1224303,0.22641509433962265,0.1890303623898139,0.21504681421545152,2.1504681421545153,0,4.009640000000002,0,3746,Nc1nc(-c2ccccc2)c2c(n1)-c1ccccc1C2,12.355855,-24.291632
VS_set_ADORA1_07230,Nc1nc(-c2ccccc2)c2c(n1)-c1ccccc1C2=O,CNc1nc(cc(n1)c2ccccc2)c3ccccc3,B22R3.129,261.322,1162447,CHEMBL369573,ADORA1,emolecules,VS_set_ADORA1_07230,7.1604257,0.23423423423423423,0.11927877947295423,0.1950006161222549,1.950006161222549,0,3.8523000000000023,0,1137,Nc1nc(-c2ccccc2)cc(-c2ccccc2)n1,8.993396,-30.237377
VS_set_ADORA1_07231,Nc1nc(-c2ccccc2)c2c(n1)-c1ccccc1C2=O,NNc1nc(cc(n1)c2ccccc2)c3ccccc3,B22R3.129,262.31,1163569,CHEMBL369573,ADORA1,emolecules,VS_set_ADORA1_07231,7.527537,0.26263736263736265,0.12258953168044077,0.22351739425766373,2.2351739425766373,0,3.0962000000000014,0,1137,Nc1nc(-c2ccccc2)cc(-c2ccccc2)n1,9.516097,-30.665674
VS_set_ADORA1_07233,Nc1nc(-c2ccccc2)c2c(n1)-c1ccccc1C2=O,Nc1nc(cc(n1)c2ccc(cc2)Br)c3ccccc3,B22R3.223527,326.191,37033686,CHEMBL369573,ADORA1,emolecules,VS_set_ADORA1_07233,7.671049,0.2650862068965517,0.09681881051175657,0.22731569944820196,2.2731569944820196,0,4.155300000000002,0,1137,Nc1nc(-c2ccccc2)cc(-c2ccccc2)n1,10.431946,-29.045698
VS_set_ADORA1_07234,Nc1nc(-c2ccccc2)c2c(n1)-c1ccccc1C2=O,Nc1nc(cc(n1)c2ccc(cc2)Cl)c3ccccc3,B22R3.223527,281.74,16123037,CHEMBL369573,ADORA1,emolecules,VS_set_ADORA1_07234,7.076842,0.2576271186440678,0.10055096418732783,0.22447266348256031,2.244726634825603,0,4.0462000000000025,0,1137,Nc1nc(-c2ccccc2)cc(-c2ccccc2)n1,9.143611,-29.211512
VS_set_ADORA1_07235,Nc1nc(-c2ccccc2)c2c(n1)-c1ccccc1C2=O,Nc1nc(cc(n1)c2ccc(cc2)F)c3ccccc3,B22R3.223527,265.286,36842738,CHEMBL369573,ADORA1,emolecules,VS_set_ADORA1_07235,7.4006753,0.25191675794085433,0.08926080892608089,0.21619269089410942,2.161926908941094,0,3.531900000000001,0,1137,Nc1nc(-c2ccccc2)cc(-c2ccccc2)n1,10.33836,-30.080408
VS_set_ADORA1_07236,Nc1nc(-c2ccccc2)c2c(n1)-c1ccccc1C2=O,Cc1cccc(c1)c2cc(nc(n2)N)c3ccccc3,B22R3.233363,261.322,37034282,CHEMBL369573,ADORA1,emolecules,VS_set_ADORA1_07236,7.192159,0.2310126582278481,0.18373812038014783,0.21063598402390254,2.1063598402390253,0,3.701220000000001,0,2998,Cc1cccc(-c2cnc(N)nc2-c2ccccc2)c1,12.382846,-26.117567
VS_set_ADORA1_07237,Nc1nc(-c2ccccc2)c2c(n1)-c1ccccc1C2=O,Nc1nc(cc(n1)c2cccc(c2)Br)c3ccccc3,B22R3.233363,326.191,37034076,CHEMBL369573,ADORA1,emolecules,VS_set_ADORA1_07237,7.4847383,0.26954492415402564,0.14191852825229961,0.24036161744079138,2.403616174407914,0,4.155300000000002,0,1137,Nc1nc(-c2ccccc2)cc(-c2ccccc2)n1,10.895357,-28.321537
VS_set_ADORA1_07238,Nc1nc(-c2ccccc2)c2c(n1)-c1ccccc1C2=O,Nc1nc(cc(n1)c2cccc(c2)Cl)c3ccccc3,B22R3.233363,281.74,37033512,CHEMBL369573,ADORA1,emolecules,VS_set_ADORA1_07238,7.1769934,0.23636363636363636,0.13965744400527008,0.20856655685613776,2.0856655685613776,0,4.0462000000000025,0,1137,Nc1nc(-c2ccccc2)cc(-c2ccccc2)n1,9.210727,-28.495783
VS_set_ADORA1_07239,Nc1nc(-c2ccccc2)c2c(n1)-c1ccccc1C2=O,Nc1nc(cc(n1)c2cccc(c2)F)c3ccccc3,B22R3.233363,265.286,36842736,CHEMBL369573,ADORA1,emolecules,VS_set_ADORA1_07239,7.231718,0.25053763440860216,0.13509933774834437,0.22296067035975792,2.2296067035975793,0,3.531900000000001,0,1137,Nc1nc(-c2ccccc2)cc(-c2ccccc2)n1,11.076202,-29.882368
VS_set_ADORA1_07242,Nc1nc(-c2ccccc2)c2c(n1)-c1ccccc1C2=O,Clc1ccc(cc1)NC(=O)c2cncnc2c3ccccc3,B24R3.1288,309.75,181237672,CHEMBL369573,ADORA1,emolecules,VS_set_ADORA1_07242,7.0093164,0.18037135278514588,0.17032967032967034,0.17754430261888748,1.775443026188875,0,4.049300000000002,0,3582,O=C(Nc1nc(-c2ccccc2)c(C(=O)c2ccc(Cl)cc2)s1)c1ccccc1,-31.735233,-13.248315
VS_set_ADORA1_07246,Nc1nc(-c2ccccc2)c2c(n1)-c1ccccc1C2=O,Fc1ccccc1NC(=O)c2cncnc2c3ccccc3,B24R3.21103,293.296,181236111,CHEMBL369573,ADORA1,emolecules,VS_set_ADORA1_07246,7.1363635,0.15784832451499117,0.1526175687666371,0.15613475970066476,1.5613475970066477,0,3.535000000000001,0,3255,Nc1ncc(C(=O)c2sc(Nc3ccccc3)nc2-c2ccccc2)n1-c1ccc(F)cc1,-30.994398,-12.435609
VS_set_ADORA1_07252,Nc1nc(-c2ccccc2)c2c(n1)-c1ccccc1C2=O,Brc1ccc(cc1)c2cc3c(nn2)-c4c(cccc4)C3=O,B24R4.13160470,337.17,4860911,CHEMBL369573,ADORA1,emolecules,VS_set_ADORA1_07252,7.0691257,0.18906810035842295,0.18214607754733994,0.18606495606249224,1.8606495606249225,0,4.117500000000002,0,1460,CCCn1c(=O)c2[nH]c(-c3ccccc3)cc2n(CCC)c1=O,-23.637455,-15.457351
VS_set_ADORA1_07257,Nc1nc(-c2ccccc2)c2c(n1)-c1ccccc1C2=O,Brc1cccc(c1)c2cc3c(nn2)-c4c(cccc4)C3=O,B24R4.13463156,337.17,2337933,CHEMBL369573,ADORA1,emolecules,VS_set_ADORA1_07257,7.1096196,0.1811722912966252,0.17266187050359713,0.17813648284431602,1.7813648284431602,0,4.117500000000002,0,1460,CCCn1c(=O)c2[nH]c(-c3ccccc3)cc2n(CCC)c1=O,-23.756742,-15.592389
VS_set_ADORA1_07258,Nc1nc(-c2ccccc2)c2c(n1)-c1ccccc1C2=O,Cc1cccc(c1)c2cc3c(nn2)-c4c(cccc4)C3=O,B24R4.13463156,272.301,4861399,CHEMBL369573,ADORA1,emolecules,VS_set_ADORA1_07258,7.060753,0.17907801418439717,0.17219730941704037,0.1758347753266943,1.7583477532669431,0,3.663420000000002,0,1460,CCCn1c(=O)c2[nH]c(-c3ccccc3)cc2n(CCC)c1=O,-24.285986,-15.624756
VS_set_ADORA1_07259,Nc1nc(-c2ccccc2)c2c(n1)-c1ccccc1C2=O,Clc1cccc(c1)c2cc3c(nn2)-c4c(cccc4)C3=O,B24R4.13463156,292.72,4860919,CHEMBL369573,ADORA1,emolecules,VS_set_ADORA1_07259,7.354898,0.17907801418439717,0.17176258992805754,0.17618154516986978,1.761815451698698,0,4.008400000000003,0,1460,CCCn1c(=O)c2[nH]c(-c3ccccc3)cc2n(CCC)c1=O,-23.782574,-15.903141
VS_set_ADORA1_07261,Nc1nc(-c2ccccc2)c2c(n1)-c1ccccc1C2=O,Fc1ccccc1c2cc3c(nn2)-c4c(cccc4)C3=O,B24R4.17640163,276.265,4860913,CHEMBL369573,ADORA1,emolecules,VS_set_ADORA1_07261,7.0056634,0.17198581560283688,0.16396396396396395,0.1688172263716215,1.6881722637162149,0,3.494100000000002,0,1460,CCCn1c(=O)c2[nH]c(-c3ccccc3)cc2n(CCC)c1=O,-23.912384,-14.91565
VS_set_ADORA1_07266,Nc1nc(-c2ccccc2)c2c(n1)-c1ccccc1C2=O,Oc1ccccc1c2cc(nc(n2)Cl)c3ccccc3,B22R3.336544,282.725,2337945,CHEMBL369573,ADORA1,emolecules,VS_set_ADORA1_07266,7.5076737,0.2823886639676113,0.2718052738336714,0.27732779920961165,2.7732779920961166,0,4.169600000000003,0,3867,Nc1nc(-c2ccccc2)cc(-c2ccc3c(c2)OCO3)n1,3.8554835,-33.099884
VS_set_ADORA1_07267,Nc1nc(-c2ccccc2)c2c(n1)-c1ccccc1C2=O,Oc1nc(cc(n1)c2ccccc2O)c3ccccc3,B22R3.336544,264.279,177519670,CHEMBL369573,ADORA1,emolecules,VS_set_ADORA1_07267,7.390243,0.27109004739336495,0.26476190476190475,0.26909638499123145,2.6909638499123143,0,3.2218000000000018,0,3810,Nc1nc(-c2ccccc2)cc(-c2cccc(OC(=O)N3CCCCC3)c2)n1,3.9192216,-33.095436
VS_set_ADORA1_07269,Nc1nc(-c2ccccc2)c2c(n1)-c1ccccc1C2=O,Brc1nc(cc(n1)c2ccccc2)c3ccccc3,B21R3.199,311.176,13733868,CHEMBL369573,ADORA1,emolecules,VS_set_ADORA1_07269,7.2940903,0.34650112866817157,0.19828815977175462,0.310314818018704,3.10314818018704,0,4.573100000000003,0,1137,Nc1nc(-c2ccccc2)cc(-c2ccccc2)n1,7.4978023,-31.914804
VS_set_ADORA1_07270,Nc1nc(-c2ccccc2)c2c(n1)-c1ccccc1C2=O,Cc1nc(cc(n1)c2ccccc2)c3ccccc3,B21R3.199,246.307,13728898,CHEMBL369573,ADORA1,emolecules,VS_set_ADORA1_07270,7.24491,0.33156216790648246,0.22807017543859648,0.30131553513596054,3.013155351359605,0,4.119020000000003,0,1137,Nc1nc(-c2ccccc2)cc(-c2ccccc2)n1,8.170723,-32.384384
VS_set_ADORA1_07271,Nc1nc(-c2ccccc2)c2c(n1)-c1ccccc1C2=O,Clc1nc(cc(n1)c2ccccc2)c3ccccc3,B21R3.199,266.725,42617979,CHEMBL369573,ADORA1,emolecules,VS_set_ADORA1_07271,7.3391113,0.3446261682242991,0.20084865629420084,0.31396732454627013,3.1396732454627014,0,4.464000000000003,0,1137,Nc1nc(-c2ccccc2)cc(-c2ccccc2)n1,7.0625925,-31.603703
VS_set_ADORA1_07272,Nc1nc(-c2ccccc2)c2c(n1)-c1ccccc1C2=O,Fc1nc(cc(n1)c2ccccc2)c3ccccc3,B21R3.199,250.271,8198157,CHEMBL369573,ADORA1,emolecules,VS_set_ADORA1_07272,7.1331873,0.3389423076923077,0.19574468085106383,0.3056092752299214,3.0560927522992136,0,3.9497000000000018,0,1137,Nc1nc(-c2ccccc2)cc(-c2ccccc2)n1,7.802738,-31.282766
VS_set_ADORA1_07273,Nc1nc(-c2ccccc2)c2c(n1)-c1ccccc1C2=O,Oc1nc(cc(n1)c2ccccc2)c3ccccc3,B21R3.199,248.28,6841221,CHEMBL369573,ADORA1,emolecules,VS_set_ADORA1_07273,7.18315,0.3259668508287293,0.2184065934065934,0.2990849752489682,2.990849752489682,0,3.516200000000002,0,1137,Nc1nc(-c2ccccc2)cc(-c2ccccc2)n1,6.5851045,-32.32517
VS_set_ADORA1_07274,Nc1nc(-c2ccccc2)c2c(n1)-c1ccccc1C2=O,Sc1nc(cc(n1)c2ccccc2)c3ccccc3,B21R3.199,264.347,33408358,CHEMBL369573,ADORA1,emolecules,VS_set_ADORA1_07274,7.222143,0.3424507658643326,0.21751025991792067,0.3071785085759158,3.0717850857591578,0,4.099300000000002,0,1137,Nc1nc(-c2ccccc2)cc(-c2ccccc2)n1,7.32291,-30.682024
VS_set_ADORA1_07275,Nc1nc(-c2ccccc2)c2c(n1)-c1ccccc1C2=O,OC(=O)c1c(ccnc1c2ccccc2)c3ccccc3,B23R3.922162,275.302,189901809,CHEMBL369573,ADORA1,emolecules,VS_set_ADORA1_07275,7.1359086,0.23022222222222222,0.2235294117647059,0.22817216318808206,2.2817216318808207,0,4.113800000000002,0,2976,OC1CCC(Nc2ncc(-c3ccnc(C4CC4)c3)c(-c3ccccc3)n2)CC1,-0.9719375,-2.5666552
VS_set_ADORA1_07321,CCn1c(-c2ccco2)nc2c(N)cc(NCCc3ccccc3)cc21,Cc1oc(nc1CC(=O)NCCc2ccccc2)c3ccco3,B25R3.2464339,310.348,35752711,CHEMBL5200283,ADORA1,emolecules,VS_set_ADORA1_07321,7.424952,0.10407632263660017,0.09769094138543517,0.10160539962214529,1.016053996221453,0,3.144420000000002,0,1297,Nc1nc(-c2ccco2)c2ncn(C(=O)NCCc3ccccc3)c2n1,14.332835,8.731012
VS_set_ADORA1_07322,CCn1c(-c2ccco2)nc2c(N)cc(NCCc3ccccc3)cc21,O=C(NCCCc1ccccc1)c2nc(n3c2cccc3)c4ccco4,B29R4.60275564,345.395,321495070,CHEMBL5200283,ADORA1,emolecules,VS_set_ADORA1_07322,7.014943,0.0857392825896763,0.07420494699646643,0.08186948430340507,0.8186948430340507,0,3.9569000000000027,0,2804,CCCn1c(-c2ccco2)nc2c(NCCCc3ccccc3)ncnc21,9.896755,8.857126
VS_set_ADORA1_07502,OCCNc1nc(-c2ccco2)c2sccc2n1,OCCNc1nc(nc2c1cccc2)c3cccs3,B21R3.153546,271.339,13463405,CHEMBL258900,ADORA1,emolecules,VS_set_ADORA1_07502,7.253545,0.15555555555555556,0.14579606440071557,0.15130427297434385,1.5130427297434386,0,2.762500000000001,0,2868,O=C(Nc1nc(-c2cccs2)nc2cn(-c3ccccc3)nc12)c1cccnc1,-21.938251,3.8249953
VS_set_ADORA1_07526,O=c1[nH]c(=O)c2c(C(F)(F)F)cc(-c3ccccc3)nc2[nH]1,CCn1c2nc(cc(c2c(=O)[nH]c1=O)C(F)(F)F)c3cccs3,B25R3.8987595,341.31,17179965,CHEMBL5202416,ADORA1,emolecules,VS_set_ADORA1_07526,7.020893,0.10451727192205491,0.09494232475598935,0.1004235634555897,1.004235634555897,0,2.852000000000001,0,1803,CCn1c(=O)c2c(nc(Cc3cccs3)n2C)n(Cc2cccs2)c1=O,8.420099,3.415616
VS_set_ADORA1_07527,O=c1[nH]c(=O)c2c(C(F)(F)F)cc(-c3ccccc3)nc2[nH]1,Cn1c2nc(cc(c2c(=O)n(c1=O)C)C(F)(F)F)c3cccs3,B25R3.245810121,341.31,29957818,CHEMBL5202416,ADORA1,emolecules,VS_set_ADORA1_07527,7.180846,0.1159678858162355,0.10554561717352415,0.11287863189547824,1.1287863189547824,0,2.3795,0,1807,Cn1c(=O)c2[nH]c(-c3cccs3)nc2n(CC2CCCCC2)c1=O,8.454713,3.4007068
VS_set_ADORA1_07562,O=c1[nH]c(=O)c2c(C(F)(F)F)cc(-c3ccccc3)nc2[nH]1,NC(=S)Nc1nc(cc(n1)C(F)(F)F)c2ccccc2,B21R2.22117,298.288,50504031,CHEMBL5202416,ADORA1,emolecules,VS_set_ADORA1_07562,7.1324816,0.2550335570469799,0.2411214953271028,0.25183370092825874,2.5183370092825874,0,2.8179000000000007,0,1744,Nc1nc(C(=O)NCc2ccccn2)cc(-c2ccccc2)n1,-10.245412,-7.7562923
VS_set_ADORA1_07578,O=c1[nH]c(=O)c2c(C(F)(F)F)cc(-c3ccccc3)nc2[nH]1,OC(=O)Cn1nc(cc(c1=O)C(F)(F)F)c2ccccc2,B22R2.4510341,298.218,316376263,CHEMBL5202416,ADORA1,emolecules,VS_set_ADORA1_07578,7.064769,0.16100178890876565,0.15638963360142985,0.15919090822605134,1.5919090822605133,0,2.0137,0,1814,O=C(O)CCCn1nc(-c2c(-c3ccccc3)nn3ccccc23)ccc1=O,0.9195615,-0.83323854
VS_set_ADORA1_07627,Cn1c(-c2ccccc2F)nc2c(N)nc(C#CC3(O)CCCCC3)nc21,Cc1nc([nH]c1C(=O)NCC#CC2CCCCO2)c3cccnc3,B26R3.2666976,324.378,320001910,CHEMBL301512,ADORA1,emolecules,VS_set_ADORA1_07627,7.02364,0.1174934725848564,0.11053089643167972,0.11410096858491221,1.141009685849122,1,2.08242,0,1809,CCCn1c(=O)c2[nH]c(-c3ccccc3)nc2n(CC2CCCO2)c1=O,-14.357454,15.434989
VS_set_ADORA1_07685,CNC(=O)C1[Se]C(n2cnc3c(NC)ncnc32)C(O)C1O,Nc1ncnc2c1ncn2[C@@H]3C[C@@H]([C@H]([C@H]3O)O)CO,B21R3.64521,265.269,50421731,CHEMBL4059977,ADORA1,emolecules,VS_set_ADORA1_07685,7.0971622,0.056199821587867974,0.047058823529411764,0.05345721344446212,0.5345721344446213,4,-1.3164000000000002,1,3761,Nc1ncnc2c1ncn2C1OC(CO)C(O)C1O,-2.5882003,7.717387
VS_set_ADORA1_07702,CNC(=O)C1[Se]C(n2cnc3c(NC)ncnc32)C(O)C1O,NCCC(=O)N[C@@H]1CC[C@H]([C@H]([C@@H]1O)O)n2cnc3c2ncnc3N,B26R3.56403730,335.362,44457745,CHEMBL4059977,ADORA1,emolecules,VS_set_ADORA1_07702,7.1255155,0.06283185840707965,0.05323868677905945,0.058299508159844395,0.5829950815984439,4,-1.7011999999999974,1,2247,Nc1ncnc2c1ncn2C1OC(C(=O)NC2CC2)C(O)C1O,-3.0828843,7.2937202
VS_set_ADORA1_07791,Cn1c(=O)c2[nH]c3cccnc3c2n(C)c1=O,Cn1c(=O)cc([nH]c1=O)c2ccccn2,B16R2.22304,203.198,104427861,CHEMBL541185,ADORA1,emolecules,VS_set_ADORA1_07791,7.0245304,0.1768346595932803,0.16335740072202165,0.17143953623583674,1.7143953623583674,0,0.13559999999999955,0,1097,CN1C(=O)C2Nc3cccnc3C2N(C)C1=O,-2.1144488,22.36833
VS_set_ADORA1_07811,Cn1c(=O)c2[nH]c3cccnc3c2n(C)c1=O,Nc1c([nH]c(=O)[nH]c1=O)c2ccccc2,B16R2.6164,203.198,296518456,CHEMBL541185,ADORA1,emolecules,VS_set_ADORA1_07811,7.1400547,0.22965641952983726,0.21711131554737811,0.22558123156938775,2.2558123156938774,0,0.3123999999999994,0,242,CCCn1c(=O)[nH]c2cc(-c3ccccc3)[nH]c2c1=O,-14.296859,-7.1156855
VS_set_ADORA1_07813,Cn1c(=O)c2[nH]c3cccnc3c2n(C)c1=O,Cn1c(=O)cc([nH]c1=O)c2ccccc2,B16R2.22304,202.21,60273,CHEMBL541185,ADORA1,emolecules,VS_set_ADORA1_07813,7.316774,0.2210144927536232,0.19907407407407407,0.2152466936178675,2.152466936178675,0,0.7405999999999997,0,242,CCCn1c(=O)[nH]c2cc(-c3ccccc3)[nH]c2c1=O,-3.8387582,22.545544
VS_set_ADORA1_07827,Cn1c(=O)c2[nH]c3cccnc3c2n(C)c1=O,Cn1c(=O)cc([nH]c1=O)c2ccccc2Cl,B17R2.181336,236.655,104427696,CHEMBL541185,ADORA1,emolecules,VS_set_ADORA1_07827,7.090339,0.18076580587711488,0.16907775768535263,0.17686508544041998,1.7686508544042,0,1.3939999999999997,0,1100,CN1C(=O)C2Nc3cnccc3C2N(C)C1=O,-3.8942254,22.55011
VS_set_ADORA1_07996,C=CCn1c(=O)c2c(nc3ccccn32)n(Cc2ccccc2)c1=O,CCOC(=O)Cn1cnc2c1c(=O)n(c(=O)n2c3ccccc3)CC=C,B28R3.40914274,354.361,44609648,CHEMBL114832,ADORA1,emolecules,VS_set_ADORA1_07996,7.225773,0.10782608695652174,0.0984182776801406,0.10519466868825444,1.0519466868825444,0,1.0979999999999999,0,1481,COc1ccccc1Cn1c(=O)n(-c2ccccc2)c2nc(NC3CC3)ncc21,2.64897,14.726119
VS_set_ADORA1_08023,CCOc1ccc2c(=O)cc(-c3ccccc3)n(CC)c2n1,CCn1c(nc2c1cccc2)NC(=O)c3ccc(nc3)OC,B24R3.2460142,296.324,13492105,CHEMBL102753,ADORA1,emolecules,VS_set_ADORA1_08023,7.0235195,0.13620386643233742,0.12411347517730496,0.12975725231626817,1.2975725231626816,0,2.7121000000000004,0,981,COc1ccc(C(=O)Nc2nc3ccccc3n3c(=O)c(-c4ccc(C)cc4)nn23)cc1,4.0563607,11.153783
VS_set_ADORA1_08068,CCOc1ccc2c(=O)cc(-c3ccccc3)n(CC)c2n1,CCOc1ncccc1n2ncc(c2c3ccccc3)C=O,B24R3.804237,293.321,324594568,CHEMBL102753,ADORA1,emolecules,VS_set_ADORA1_08068,7.025258,0.10442477876106195,0.09115281501340483,0.098875559805158,0.98875559805158,0,3.145500000000002,0,2629,CCOC(=O)N1Cc2nc(-c3ccccc3)nn2-c2ccccc21,-3.9859774,-2.9567606
VS_set_ADORA1_08103,CCCC(=O)Nc1cc(-c2ccsc2)nc(-c2ccsc2)n1,C1CCC(C1)Nc2ncc(c(n2)c3cccnc3)c4ccsc4,B26R4.9152,322.429,322214,CHEMBL1650395,ADORA1,emolecules,VS_set_ADORA1_08103,7.0174284,0.13066666666666665,0.09287054409005628,0.11845060148620516,1.1845060148620516,0,4.6216000000000035,0,2982,Clc1cccc(-c2cnc(NC3CCCC3)nc2-c2ccccc2)c1,-11.586773,-0.7753282
VS_set_ADORA1_08110,CCCC(=O)Nc1cc(-c2ccsc2)nc(-c2ccsc2)n1,OCCNc1cc(nc(n1)c2ccccc2)c3ccccc3,B24R3.1561,291.348,32106821,CHEMBL1650395,ADORA1,emolecules,VS_set_ADORA1_08110,7.403131,0.14516129032258066,0.125,0.13628079313731997,1.3628079313731998,0,3.214800000000001,0,3912,CC(=O)Nc1cc(-c2ccccc2)nc(-c2ccccc2)n1,-14.550058,-4.8967333
VS_set_ADORA1_08112,CCCC(=O)Nc1cc(-c2ccsc2)nc(-c2ccsc2)n1,CCC(=O)Nc1nc(c(s1)c2ccncc2)c3cccnc3,B24R3.1261230,310.375,318948506,CHEMBL1650395,ADORA1,emolecules,VS_set_ADORA1_08112,7.13423,0.14774774774774774,0.11963470319634703,0.1329619007046017,1.329619007046017,0,3.6156000000000015,0,3657,Cc1cc(C)cc(-c2nc(NC(=O)c3cccnc3)sc2-c2ccncc2)c1,32.125706,-0.12785903
VS_set_ADORA1_08115,CCCC(=O)Nc1cc(-c2ccsc2)nc(-c2ccsc2)n1,CCC(C)C(=O)Nc1nc(c(s1)c2ccncc2)c3cccnc3,B26R3.1884977,338.428,319271037,CHEMBL1650395,ADORA1,emolecules,VS_set_ADORA1_08115,7.0347457,0.12252252252252252,0.09928443649373882,0.11150311064995344,1.1150311064995344,1,4.251700000000002,0,3659,Cc1cc(Br)cc(-c2nc(NC(=O)c3cccnc3)sc2-c2ccncc2)c1,30.776,0.82467747
VS_set_ADORA1_08116,CCCC(=O)Nc1cc(-c2ccsc2)nc(-c2ccsc2)n1,CC(C)CC(=O)Nc1nc(c(s1)c2ccncc2)c3cccnc3,B26R3.4203777,338.428,318893514,CHEMBL1650395,ADORA1,emolecules,VS_set_ADORA1_08116,7.0352335,0.121131741821397,0.10044843049327354,0.11044357154967004,1.1044357154967004,0,4.251700000000002,0,3659,Cc1cc(Br)cc(-c2nc(NC(=O)c3cccnc3)sc2-c2ccncc2)c1,31.19663,0.2643743
VS_set_ADORA1_08129,CCCC(=O)Nc1cc(-c2ccsc2)nc(-c2ccsc2)n1,CCCC(=O)Nc1nc(cc(n1)c2ccc(cc2)Cl)c3ccccc3,B27R3.203384,351.83,27070328,CHEMBL1650395,ADORA1,emolecules,VS_set_ADORA1_08129,7.752757,0.14776274713839752,0.04519774011299435,0.1119780783726069,1.119780783726069,0,5.202600000000004,1,798,CCCC(=O)Nc1nc(-c2ccccc2)cc(-c2ccccc2)n1,6.281943,-24.363266
VS_set_ADORA1_08138,CCCC(=O)Nc1cc(-c2ccsc2)nc(-c2ccsc2)n1,CCCC(=O)Nc1cc(nc(n1)c2ccccc2)NC(=O)CCC,B25R2.1561146,326.394,76046936,CHEMBL1650395,ADORA1,emolecules,VS_set_ADORA1_08138,7.2801814,0.1712871287128713,0.1226321036889332,0.1570485168656964,1.570485168656964,0,3.620800000000002,0,3914,CCCC(=O)Nc1cc(-c2ccccc2)nc(-c2ccccc2)n1,-18.51306,-4.537454
VS_set_ADORA1_08139,CCCC(=O)Nc1cc(-c2ccsc2)nc(-c2ccsc2)n1,C1CCC(C1)Nc2nc(nc3c2cccc3)c4cccs4,B24R4.1578922,295.404,3319304,CHEMBL1650395,ADORA1,emolecules,VS_set_ADORA1_08139,7.339732,0.11504424778761062,0.1087151841868823,0.11273669209575647,1.1273669209575647,0,4.712800000000003,0,842,O=c1n(-c2ccccc2)nc2c(NC3CCCC3)nc3ccccc3n12,-20.789204,2.1246488
VS_set_ADORA1_08140,CCCC(=O)Nc1cc(-c2ccsc2)nc(-c2ccsc2)n1,OCCCNc1nc(nc2c1cccc2)c3cccs3,B22R3.114726,285.366,3296739,CHEMBL1650395,ADORA1,emolecules,VS_set_ADORA1_08140,7.071651,0.1423487544483986,0.13452914798206278,0.13950279461019566,1.3950279461019566,0,3.1526000000000014,0,2869,O=C(Nc1nc(-c2cccs2)nc2cn(-c3ccccc3)nc12)c1cccs1,-21.514233,3.598479
VS_set_ADORA1_08146,CCCC(=O)Nc1cc(-c2ccsc2)nc(-c2ccsc2)n1,C1CNCC(C1)Nc2cc(nc(n2)c3ccccc3)c4ccccc4,B28R4.1794818,330.427,37041468,CHEMBL1650395,ADORA1,emolecules,VS_set_ADORA1_08146,7.2802005,0.09760425909494233,0.08938053097345133,0.09567680627346269,0.9567680627346269,1,3.9745000000000026,0,251,Cc1[nH]c2nc(-c3ccccc3)nc(NC3CCCCNC3=O)c2c1C,-12.27616,-3.878662
VS_set_ADORA1_08149,CCCC(=O)Nc1cc(-c2ccsc2)nc(-c2ccsc2)n1,C1CNCC(C1)Nc2cc(nc(n2)c3ccccc3)c4ccncc4,B28R4.1794818,331.415,37041470,CHEMBL1650395,ADORA1,emolecules,VS_set_ADORA1_08149,7.252046,0.09796999117387467,0.08722466960352424,0.09425586378813935,0.9425586378813935,1,3.3695000000000013,0,251,Cc1[nH]c2nc(-c3ccccc3)nc(NC3CCCCNC3=O)c2c1C,-12.533584,-3.1693888
VS_set_ADORA1_08150,CCCC(=O)Nc1cc(-c2ccsc2)nc(-c2ccsc2)n1,C1CNCC(C1)Nc2cc(nc(n2)c3cccnc3)c4ccccc4,B28R4.1794818,331.415,37041582,CHEMBL1650395,ADORA1,emolecules,VS_set_ADORA1_08150,7.0438414,0.0993897122929381,0.0920353982300885,0.09692527264766124,0.9692527264766124,1,3.3695000000000013,0,1100,CN1C(=O)C2Nc3cnccc3C2N(C)C1=O,-11.873177,-3.113059
VS_set_ADORA1_08154,CCCC(=O)Nc1cc(-c2ccsc2)nc(-c2ccsc2)n1,C1CNCC(C1)Nc2cc(nc(n2)c3ccncc3)c4ccccc4,B28R4.1794818,331.415,37041562,CHEMBL1650395,ADORA1,emolecules,VS_set_ADORA1_08154,7.1185517,0.0968586387434555,0.09115044247787611,0.0949407480840027,0.949407480840027,1,3.369500000000002,0,1100,CN1C(=O)C2Nc3cnccc3C2N(C)C1=O,-12.045013,-3.3977122
VS_set_ADORA1_08158,CCCC(=O)Nc1cc(-c2ccsc2)nc(-c2ccsc2)n1,C1CNCC(C1)Nc2cc(nc(n2)c3cnccn3)c4ccccc4,B28R4.1794818,332.403,37041602,CHEMBL1650395,ADORA1,emolecules,VS_set_ADORA1_08158,7.013014,0.1009657594381036,0.09691629955947137,0.09963549987508033,0.9963549987508034,1,2.764500000000001,0,1100,CN1C(=O)C2Nc3cnccc3C2N(C)C1=O,-11.701782,-3.766663
VS_set_ADORA1_08215,COc1ccccc1Cn1cc2nc(-c3ccco3)nc(N)c2n1,COc1ccccc1CNC(=O)Cn2nc(cc(c2=O)N)c3ccc(o3)C,B29R3.1378033961,368.387,24891664,CHEMBL3798766,ADORA1,emolecules,VS_set_ADORA1_08215,7.030432,0.09595070422535211,0.08188153310104529,0.09258949714183654,0.9258949714183654,0,1.7189199999999998,0,3088,CNC(=O)C1[Se]C(n2cnc3c(NCc4ccccc4OC)ncnc32)C(O)C1O,8.592081,10.300399
VS_set_ADORA1_08258,Clc1cccc(-c2nc(N3CCCCC3)c4nc[nH]c4n2)c1,Cc1cc2c(nc(nc2[nH]1)c3cccc(c3)Cl)NC4CCCC4,B26R4.181543759,326.824,179138097,CHEMBL4451553,ADORA1,emolecules,VS_set_ADORA1_08258,7.1968703,0.09850483729111698,0.0862533692722372,0.09450200795387882,0.9450200795387882,0,4.941220000000002,0,3204,Cn1c(-c2cccc(Cl)c2)nc2c(NC3CCCC3)ncnc21,-21.831123,-2.9153779
VS_set_ADORA1_08264,Clc1cccc(-c2nc(N3CCCCC3)c4nc[nH]c4n2)c1,Cc1cc2c(nc(nc2[nH]1)c3cccc(c3)Cl)NCCCCCO,B26R3.270701756,344.839,179138766,CHEMBL4451553,ADORA1,emolecules,VS_set_ADORA1_08264,7.000655,0.1143106457242583,0.10363153232949512,0.11187655154000682,1.1187655154000682,0,4.161220000000003,0,256,Cc1[nH]c2nc(-c3ccccc3)nc(NC3CCC(O)CC3)c2c1C,-22.311092,-2.8461876
VS_set_ADORA1_08314,Clc1cccc(-c2nc(N3CCCCC3)c4nc[nH]c4n2)c1,Cc1nc(nc(c1C)N2CCCCC2)c3ccccc3,B22R3.582859,267.369,32106775,CHEMBL4451553,ADORA1,emolecules,VS_set_ADORA1_08314,7.086815,0.13826940231935772,0.11851851851851852,0.1307057246429985,1.307057246429985,0,3.750740000000003,0,3453,Oc1ccc(-c2nc(N3CCCCC3)c3nc[nH]c3n2)cc1,-16.699034,-2.1037128
VS_set_ADORA1_08402,Nc1nc(Br)cn2cc(-c3ccccc3)nc12,Cc1cc(cn2c1nc(c2)c3ccccc3)Br,B19R3.95791,287.155,27671220,CHEMBL4062085,ADORA1,emolecules,VS_set_ADORA1_08402,7.145317,0.20483005366726298,0.20089285714285715,0.203135099081851,2.03135099081851,0,4.0722200000000015,0,1991,Cc1nn(C(C)c2ccccc2)c(=O)c2nc(C)n3nc(-c4ccccc4)cc3c12,-18.060966,12.477372
VS_set_ADORA1_08424,Nc1nc(Br)cn2cc(-c3ccccc3)nc12,Nc1cc2nc(cn2cc1Br)c3ccccc3,B19R3.9689,288.143,37154103,CHEMBL4062085,ADORA1,emolecules,VS_set_ADORA1_08424,7.0477014,0.2068654019873532,0.20169651272384542,0.20467630721712787,2.0467630721712786,0,3.346000000000001,0,3139,Nc1nc(-c2ccccc2)cn2cc(-c3ccco3)nc12,-19.026436,10.296837
VS_set_ADORA1_08425,Nc1nc(Br)cn2cc(-c3ccccc3)nc12,Nc1c(nc2n1cc(cc2)Br)c3ccccc3,B19R3.55059,288.143,39910461,CHEMBL4062085,ADORA1,emolecules,VS_set_ADORA1_08425,7.075156,0.19145146927871773,0.18041704442429737,0.18883507144536596,1.8883507144536595,0,3.346000000000001,0,3493,Cc1ccc(-c2nc3ccccn3c2NC2CCCCC2)cc1,-19.549839,9.727959
VS_set_ADORA1_08432,Nc1nc(Br)cn2cc(-c3ccccc3)nc12,Nc1cccn2c1nc(n2)c3ccccc3,B18R3.5893,210.235,48457763,CHEMBL4062085,ADORA1,emolecules,VS_set_ADORA1_08432,7.041208,0.1987353206865402,0.1885766092475068,0.19579633603803429,1.9579633603803428,0,1.9785,0,2630,CCC(=O)N1Cc2nc(-c3ccccc3)nn2-c2ccccc21,-29.79643,8.917633
VS_set_ADORA1_08434,Nc1nc(Br)cn2cc(-c3ccccc3)nc12,Brc1ccc2cc(cn2c1)c3ccccc3,B18R3.32722,272.14,43216889,CHEMBL4062085,ADORA1,emolecules,VS_set_ADORA1_08434,7.2149835,0.27355072463768115,0.26666666666666666,0.2717917034080889,2.717917034080889,0,4.368800000000003,0,1459,CCCn1c(=O)c2c(cc(-c3ccccc3)n2O)n(CCC)c1=O,2.0490656,-6.4449077
VS_set_ADORA1_08445,Nc1nc(Br)cn2cc(-c3ccccc3)nc12,Cc1cc(cn2c1nc(c2)c3ccc(cc3)Br)Br,B20R3.2726476,366.05,179422538,CHEMBL4062085,ADORA1,emolecules,VS_set_ADORA1_08445,7.107541,0.19657348963029755,0.18604651162790697,0.19384165486391286,1.9384165486391287,0,4.834720000000002,0,2312,CCCN1C(=O)N2CCN=C2c2[nH]c(-c3ccc(Br)cc3)nc21,-18.047264,12.506333
VS_set_ADORA1_08479,CC(=O)N1CCC(Nc2nc(-c3ccco3)c(C(=O)c3ccccc3)s2)CC1,CC(=O)N1CCN(CC1)C(=O)c2nc(n(n2)c3cccc(c3)C)c4ccco4,B31R4.3918737,379.413,25546637,CHEMBL460384,ADORA1,emolecules,VS_set_ADORA1_08479,7.1439037,0.1141352063213345,0.10238305383936452,0.11026690958379488,1.1026690958379488,0,2.14002,0,1467,CC(=O)N1CCC(Nc2nc(-c3ccco3)c(C(=O)c3ccccc3)s2)CC1,16.518782,5.0895953
VS_set_ADORA1_08520,CC(=O)N1CCC(Nc2nc(-c3ccco3)c(C(=O)c3ccccc3)s2)CC1,CC(=O)N1CCN(CC1)C(=O)c2sc(nc2c3ccccc3)c4ccccc4,B31R4.297483,391.488,33338206,CHEMBL460384,ADORA1,emolecules,VS_set_ADORA1_08520,7.041643,0.15597147950089127,0.14209115281501342,0.15310649150922676,1.5310649150922675,0,3.781400000000003,0,1467,CC(=O)N1CCC(Nc2nc(-c3ccco3)c(C(=O)c3ccccc3)s2)CC1,12.347767,18.803625
VS_set_ADORA1_08521,Cc1ccc(C(=O)Nc2nc3ccccc3c3cn(-c4ccccc4)nc23)o1,Cc1ccc(o1)C(=O)NNC(=O)c2nc(n(n2)c3ccccc3)c4ccccc4,B32R4.3488026,387.392,2890368,CHEMBL516966,ADORA1,emolecules,VS_set_ADORA1_08521,7.017857,0.13427561837455831,0.118491921005386,0.13057351352603036,1.3057351352603035,0,2.910520000000001,0,1521,Cc1ccc(C(=O)Nc2nc3ccccc3c3cn(-c4ccccc4)nc23)o1,-4.42403,1.6735228
VS_set_ADORA1_08545,Cc1ccc(C(=O)Nc2nc3ccccc3c3cn(-c4ccccc4)nc23)o1,O=C(OCc1cn(nc1c2ccccc2)c3ccccc3)c4ccco4,B29R4.10898,344.364,3184561,CHEMBL516966,ADORA1,emolecules,VS_set_ADORA1_08545,7.082025,0.13016710642040458,0.11906893464637422,0.12700415304539908,1.2700415304539907,0,4.489300000000004,0,2867,O=C(c1ccco1)N(C(=O)c1ccco1)c1nc(-c2cccs2)nc2cn(-c3ccccc3)nc12,8.23382,-0.07143123
VS_set_ADORA1_08568,Cc1ccc(C(=O)Nc2nc3ccccc3c3cn(-c4ccccc4)nc23)o1,C(Nc1nc2ccccc2c3n1nc(n3)c4ccncc4)c5ccco5,B30R5.140674556,342.355,16059467,CHEMBL516966,ADORA1,emolecules,VS_set_ADORA1_08568,7.1148233,0.11247803163444639,0.09099018733273863,0.10915940107196745,1.0915940107196744,0,3.5446000000000017,0,1128,c1coc(CNc2nc3ccccc3n3nc(-c4ccco4)nc23)c1,-16.199999,3.8549821
VS_set_ADORA1_08601,CCCn1c(-c2ccccc2)nc2c(NC3CCOC3)ncnc21,C1CC(CO1)Nc2ncnc3c2cc(o3)c4ccccc4,B24R4.1581078,281.31,76026406,CHEMBL4174308,ADORA1,emolecules,VS_set_ADORA1_08601,7.028123,0.08970976253298153,0.08355555555555555,0.08622823250579036,0.8622823250579036,1,3.090600000000001,0,3131,OC1C(CCl)OC(n2cnc3c(NC4CCOC4)ncnc32)C1O,-16.126045,0.390506
VS_set_ADORA1_08630,CCCn1c(-c2ccccc2)nc2c(NC3CCOC3)ncnc21,C1CC(N(C1)c2nccc(n2)NC3CCCOC3)c4ccccc4,B27R4.1646256,324.421,100925868,CHEMBL4174308,ADORA1,emolecules,VS_set_ADORA1_08630,7.2656736,0.0890829694323144,0.08566433566433566,0.08686083113648693,0.8686083113648694,2,3.4090000000000025,0,3130,OC1C(CCl)OC(n2cnc3c(NC4CCOC4)nc(Cl)nc32)C1O,-9.112688,-2.1751175
VS_set_ADORA1_08651,CCCn1c(-c2ccccc2)nc2c(NC3CCOC3)ncnc21,CCCn1c2nnc(n2c3ccccc3c1=O)SC4CCOCC4,B27R4.5186958,344.433,99167017,CHEMBL4174308,ADORA1,emolecules,VS_set_ADORA1_08651,7.0177956,0.1048951048951049,0.09769094138543517,0.10260415852988088,1.0260415852988087,0,2.7253000000000007,0,1460,CCCn1c(=O)c2[nH]c(-c3ccccc3)cc2n(CCC)c1=O,3.2549555,2.8060358
VS_set_ADORA1_08908,O=c1[nH]nc2c(NCc3ccccc3)nc4ccccc4n12,Cc1nnc2n1c3c(nc2Cc4ccccc4)cccc3,B24R4.2448063,274.32,27487520,CHEMBL389039,ADORA1,emolecules,VS_set_ADORA1_08908,7.2211685,0.1641391614629795,0.1541970802919708,0.1606641003799509,1.6066410037995091,0,3.1767200000000013,0,821,O=c1c(Cc2ccccc2)nnc2n(Cc3ccccc3)c3ccccc3n12,5.6170964,5.0453143
VS_set_ADORA1_08909,O=c1[nH]nc2c(NCc3ccccc3)nc4ccccc4n12,Cc1nnc2n1c3c(nc2NCCc4ccccc4)cccc3,B26R4.2408513,303.362,2181881,CHEMBL389039,ADORA1,emolecules,VS_set_ADORA1_08909,7.1479874,0.11211573236889692,0.059813084112149535,0.10263955821391708,1.0263955821391708,0,3.240520000000002,0,833,O=c1[nH]nc2c(NCCc3ccccc3)nc3ccccc3n12,4.8255887,5.1306305
VS_set_ADORA1_08950,O=c1[nH]nc2c(NCc3ccccc3)nc4ccccc4n12,Cc1nnc2n1c3c(nc2c4ccccc4)cccc3,B23R4.28674,260.294,1237561,CHEMBL389039,ADORA1,emolecules,VS_set_ADORA1_08950,7.0955772,0.18598382749326145,0.17407407407407408,0.18221050509776565,1.8221050509776564,0,3.2529200000000014,0,3998,O=c1c(-c2ccccc2)nnc2n(-c3ccccc3)c3ccccc3n12,5.697393,4.358886
VS_set_ADORA1_08959,O=c1[nH]nc2c(NCc3ccccc3)nc4ccccc4n12,CCc1nnc2n1c3c(nc2NCc4ccccn4)cccc3,B26R4.1353772,304.35,10097715,CHEMBL389039,ADORA1,emolecules,VS_set_ADORA1_08959,7.104967,0.11209179170344219,0.1016949152542373,0.10822290974439128,1.0822290974439128,0,2.8470000000000013,0,1128,c1coc(CNc2nc3ccccc3n3nc(-c4ccco4)nc23)c1,4.2577868,5.1255503
VS_set_ADORA1_08971,CC(=O)Nc1ccc(-c2ccncc2)c(-c2cccc(F)c2)n1,CC(=O)Nc1nc(c(o1)c2ccccc2)c3ccccc3,B23R3.72643,278.306,1822926,CHEMBL1082208,ADORA1,emolecules,VS_set_ADORA1_08971,7.231551,0.23207885304659498,0.229147571035747,0.23104061092149858,2.310406109214986,0,3.9670000000000023,0,1967,CCn1nnc(-c2sc(NC(=O)C3CC3)nc2-c2ccccc2)n1,-20.157707,-28.304201
VS_set_ADORA1_08978,CC(=O)Nc1ccc(-c2ccncc2)c(-c2cccc(F)c2)n1,CCC(=O)Nc1nc(c(s1)c2ccncc2)c3cccnc3,B24R3.1261230,310.375,318948506,CHEMBL1082208,ADORA1,emolecules,VS_set_ADORA1_08978,7.13423,0.14774774774774774,0.11963470319634703,0.1329619007046017,1.329619007046017,0,3.6156000000000015,0,3657,Cc1cc(C)cc(-c2nc(NC(=O)c3cccnc3)sc2-c2ccncc2)c1,32.125706,-0.12785903
VS_set_ADORA1_08979,CC(=O)Nc1ccc(-c2ccncc2)c(-c2cccc(F)c2)n1,ClCC(=O)Nc1nc(c(o1)c2ccccc2)c3ccccc3,B24R3.1261230,312.751,833173,CHEMBL1082208,ADORA1,emolecules,VS_set_ADORA1_08979,7.2539296,0.21903052064631956,0.21525885558583105,0.21771461485977256,2.1771461485977257,0,4.185900000000002,0,1827,O=C(Nc1ccc(-c2ccncc2)c(-c2ncco2)n1)C1CC1,-20.483017,-27.767565
VS_set_ADORA1_08982,CC(=O)Nc1ccc(-c2ccncc2)c(-c2cccc(F)c2)n1,OC(=O)c1cn(c(n1)c2ccccc2)c3ccncc3,B22R3.35181,265.267,49850447,CHEMBL1082208,ADORA1,emolecules,VS_set_ADORA1_08982,7.014646,0.18133333333333335,0.17160826594788858,0.17883708708797016,1.7883708708797017,0,2.632500000000001,0,2630,CCC(=O)N1Cc2nc(-c3ccccc3)nn2-c2ccccc21,-4.1775355,-1.1395774
VS_set_ADORA1_08989,CC(=O)Nc1ccc(-c2ccncc2)c(-c2cccc(F)c2)n1,Fc1cccc(c1)c2nc3ccccn3c2c4ccccc4,B25R4.21701,288.319,316772388,CHEMBL1082208,ADORA1,emolecules,VS_set_ADORA1_08989,7.1213474,0.21071428571428572,0.1992786293958521,0.2071683041382673,2.071683041382673,0,4.807400000000003,0,3493,Cc1ccc(-c2nc3ccccn3c2NC2CCCCC2)cc1,-17.487955,7.9468412
VS_set_ADORA1_08991,CC(=O)Nc1ccc(-c2ccncc2)c(-c2cccc(F)c2)n1,CC(=O)N/C(=C/c1ccccc1)/C(=O)NCc2ccncc2,B23R2.42676,295.336,46426416,CHEMBL1082208,ADORA1,emolecules,VS_set_ADORA1_08991,7.019367,0.15757042253521128,0.15170556552962297,0.1556867394392518,1.556867394392518,0,1.875,0,254,Cc1[nH]c2nc(-c3ccccc3)nc(NCc3ccncc3)c2c1C,-9.216002,10.1146
VS_set_ADORA1_09005,CC(=O)Nc1ccc(-c2ccncc2)c(-c2cccc(F)c2)n1,CC(C)C(=O)Nc1nc(c(s1)c2ccccc2)c3ccccc3,B25R3.2047880,322.426,43831434,CHEMBL1082208,ADORA1,emolecules,VS_set_ADORA1_09005,7.0455437,0.1457378551787351,0.12735849056603774,0.1390031062013101,1.390031062013101,0,5.071600000000004,1,1956,O=C(Nc1nc(-c2ccccc2)c(-c2ncon2)s1)C1CC1,28.349514,4.3624525
VS_set_ADORA1_09008,CC(=O)Nc1ccc(-c2ccncc2)c(-c2cccc(F)c2)n1,CC(=O)Nc1oc(c(c1C#N)c2ccccc2)c3ccccc3,B25R3.2258901,302.327,9824026,CHEMBL1082208,ADORA1,emolecules,VS_set_ADORA1_09008,7.038631,0.1875,0.18287243532560213,0.18565209264518562,1.856520926451856,0,4.443680000000002,0,255,Cc1nc2nc(-c3ccccc3)[nH]c(NC(C)c3ccccc3)c-2c1C,-2.954447,-17.614056
VS_set_ADORA1_09011,CC(=O)Nc1ccc(-c2ccncc2)c(-c2cccc(F)c2)n1,CNc1nc(c(s1)c2ccccc2)c3ccccc3,B21R3.32960,266.362,48942404,CHEMBL1082208,ADORA1,emolecules,VS_set_ADORA1_09011,7.1128926,0.22098421541318478,0.19165085388994307,0.21279152969893073,2.127915296989307,0,4.518800000000002,0,2407,O=C(Nc1nc(-c2ccccc2)c(-c2ccncc2)s1)c1ccco1,30.091326,5.844555
VS_set_ADORA1_09013,CC(=O)Nc1ccc(-c2ccncc2)c(-c2cccc(F)c2)n1,O=Cc1nc(c([nH]1)c2ccccc2)c3ccccc3,B21R3.32960,248.28,311627786,CHEMBL1082208,ADORA1,emolecules,VS_set_ADORA1_09013,7.1285043,0.301556420233463,0.2783203125,0.2945450918463048,2.945450918463048,0,3.5562000000000014,0,592,CC(C)c1nc2[nH]c(-c3ccccc3)nc(-c3ccccc3)c-2n1,-6.3522854,-39.588078
VS_set_ADORA1_09015,CC(=O)Nc1ccc(-c2ccncc2)c(-c2cccc(F)c2)n1,CC(=O)c1nc(cc(n1)c2ccccc2)c3ccccc3,B23R3.958,274.317,6156299,CHEMBL1082208,ADORA1,emolecules,VS_set_ADORA1_09015,7.0823073,0.31354166666666666,0.2624203821656051,0.2967775734420826,2.967775734420826,0,4.013200000000002,0,1137,Nc1nc(-c2ccccc2)cc(-c2ccccc2)n1,8.374468,-32.857304
VS_set_ADORA1_09016,CC(=O)Nc1ccc(-c2ccncc2)c(-c2cccc(F)c2)n1,OC(=O)c1cc(cc(n1)c2ccccc2)c3ccccc3,B23R3.958,275.302,4310639,CHEMBL1082208,ADORA1,emolecules,VS_set_ADORA1_09016,7.260524,0.24110671936758893,0.22922922922922923,0.23659693712276905,2.3659693712276906,0,4.113800000000002,0,724,c1ccc(-c2cc(-c3ccccc3)c3nc[nH]c3n2)cc1,-5.9013214,-7.892585
VS_set_ADORA1_09026,CC(=O)Nc1ccc(-c2ccncc2)c(-c2cccc(F)c2)n1,c1nc2c(c(ccc2[nH]1)c3ccccc3)c4ccccc4,B24R4.1580126,270.329,636584,CHEMBL1082208,ADORA1,emolecules,VS_set_ADORA1_09026,7.082298,0.23877917414721722,0.22211155378486055,0.23509815236818282,2.350981523681828,0,4.896900000000003,0,724,c1ccc(-c2cc(-c3ccccc3)c3nc[nH]c3n2)cc1,-0.31876773,-7.5854993
VS_set_ADORA1_09031,CC(=O)Nc1ccc(-c2ccncc2)c(-c2cccc(F)c2)n1,CC(=O)Nc1scc([n+]1c2ccc(cc2)C)c3ccccc3,B24R3.1189678,309.407,42758159,CHEMBL1082208,ADORA1,emolecules,VS_set_ADORA1_09031,7.3606763,0.13780918727915195,0.13463241806908768,0.13642475223736078,1.364247522373608,0,3.9586200000000025,0,280,CNC(=O)C1OC(n2cnc3c(NC)ncnc32)C(O)C1O,8.571046,14.117896
VS_set_ADORA1_09037,CC(=O)Nc1ccc(-c2ccncc2)c(-c2cccc(F)c2)n1,NC(=N)Nc1nc(c(s1)c2ccccc2)c3ccccc3,B23R3.72643,294.376,303597223,CHEMBL1082208,ADORA1,emolecules,VS_set_ADORA1_09037,7.294735,0.19638009049773755,0.16305372290292178,0.18730077676476828,1.8730077676476828,0,3.7824700000000018,0,2407,O=C(Nc1nc(-c2ccccc2)c(-c2ccncc2)s1)c1ccco1,29.711214,5.1596274
VS_set_ADORA1_09041,CC(=O)Nc1ccc(-c2ccncc2)c(-c2cccc(F)c2)n1,CC(=O)CSc1nnc(c(n1)c2ccccc2)c3ccccc3,B25R3.25954,321.398,1032217,CHEMBL1082208,ADORA1,emolecules,VS_set_ADORA1_09041,7.001096,0.26258637709772953,0.25576730190571717,0.25992101593905526,2.5992101593905526,0,3.886700000000003,0,2225,Cc1cc(C)cc(-c2nnc(N)nc2-c2ccccc2)c1,-6.921602,-26.711782
VS_set_ADORA1_09198,COc1ccc(-c2nc(N)nc(-c3ccc(OC)cc3)c2C#N)cc1,COc1ccc(cc1)c2cc(nc(n2)N)c3ccccc3,B23R3.19416,277.321,1127982,CHEMBL5081670,ADORA1,emolecules,VS_set_ADORA1_09198,7.0722156,0.24821246169560776,0.15414507772020725,0.20973437048507299,2.0973437048507297,0,3.4014000000000006,0,1137,Nc1nc(-c2ccccc2)cc(-c2ccccc2)n1,8.556673,-27.19268
VS_set_ADORA1_09218,COc1ccc(-c2nc(N)nc(-c3ccc(OC)cc3)c2C#N)cc1,COc1ccc(cc1)c2nc(nc-3c2C(=O)c4c3cccc4)N,B26R4.2193984,303.315,17056881,CHEMBL5081670,ADORA1,emolecules,VS_set_ADORA1_09218,8.510305,0.15515695067264573,0.054878048780487805,0.1231288198503155,1.231288198503155,0,2.945800000000001,0,3745,Nc1nc(-c2ccccc2)c2c(n1)-c1ccccc1C2=O,-20.330153,-13.013982
VS_set_ADORA1_09238,COc1ccc(-c2nc(N)nc(-c3ccc(OC)cc3)c2C#N)cc1,COc1ccc(cc1)Nc2nc(nc(c2C#N)c3ccccc3)SC,B27R3.3174731,348.423,6261097,CHEMBL5081670,ADORA1,emolecules,VS_set_ADORA1_09238,7.0673776,0.15466666666666667,0.14614703277236493,0.15027375499029888,1.502737549902989,0,4.489380000000002,0,3251,COc1ccc(-n2c(C(=O)c3sc(Nc4ccccc4)nc3-c3ccccc3)cnc2N)cc1,-14.210159,6.6350155
VS_set_ADORA1_09239,COc1ccc(-c2nc(N)nc(-c3ccc(OC)cc3)c2C#N)cc1,COc1ccc(cc1)Sc2nc(nc(c2C#N)c3ccccc3)SC,B27R3.3174731,365.475,4855610,CHEMBL5081670,ADORA1,emolecules,VS_set_ADORA1_09239,7.205557,0.1864406779661017,0.18093556928508384,0.1837385154427938,1.837385154427938,0,4.896980000000004,0,2782,COc1ccc(-c2c(C#N)c(N)nc(SCc3csc(N4CCOCC4)n3)c2C#N)cc1,-14.678378,-14.230024
VS_set_ADORA1_09240,COc1ccc(-c2nc(N)nc(-c3ccc(OC)cc3)c2C#N)cc1,COc1ccc(cc1)Nc2nc(nc(c2C#N)c3ccc(c(c3)OC)OC)SC,B31R3.62345999,408.475,179582817,CHEMBL5081670,ADORA1,emolecules,VS_set_ADORA1_09240,7.1318865,0.14047410008779632,0.131993006993007,0.1375312183015699,1.375312183015699,0,4.506580000000004,0,3887,COc1ccc(Nc2ncnc3c2ncn3C2OC(CO)C(O)C2O)cc1,-14.205159,6.651602
VS_set_ADORA1_09299,Cc1ccc(-c2cc(-c3cccc(C(=O)N4CCCCC4)c3)nc(N)n2)o1,Nc1nc(cc(n1)c2cccc(c2)C(=O)N3CCCCCC3)NCCO,B28R3.86127189,355.435,177400837,CHEMBL3735985,ADORA1,emolecules,VS_set_ADORA1_09299,7.045387,0.11391304347826087,0.07290729072907291,0.10872828961600016,1.0872828961600016,0,2.1462,0,3798,Cc1ccc(-c2cc(-c3cccc(C(=O)N4CCCCC4)c3)nc(N)n2)o1,14.585766,-0.49034753
VS_set_ADORA1_09360,CCc1nc(-c2nc(C)cs2)c2sccc2n1,CCNC(c1nc(cs1)C)c2sccc2C,B17R2.48101,252.401,38241365,CHEMBL259323,ADORA1,emolecules,VS_set_ADORA1_09360,7.030265,0.11738746690203,0.11130899376669635,0.11484626853712021,1.148462685371202,1,3.520340000000002,0,1803,CCn1c(=O)c2c(nc(Cc3cccs3)n2C)n(Cc2cccs2)c1=O,5.7263784,15.002986
VS_set_ADORA1_09410,CCc1nc(-c2nc(C)cs2)c2sccc2n1,CCNC(c1cc(cs1)Br)c2nc(cs2)C,B17R2.6021,317.27,38242025,CHEMBL259323,ADORA1,emolecules,VS_set_ADORA1_09410,7.065043,0.12698412698412698,0.12264995523724262,0.12506193248983855,1.2506193248983855,1,3.974420000000002,0,1099,CN1C(=O)C2C(c3ncccc3N2C)N(C)C1=O,5.7378354,15.023873
VS_set_ADORA1_09502,Nc1n[nH]c2nc(-c3ccco3)c(-c4ccncn4)cc12,Nc1nsc2c1c(cc(n2)c3ccccc3)c4ccccc4,B25R4.2080079,303.383,9877504,CHEMBL1082001,ADORA1,emolecules,VS_set_ADORA1_09502,7.3860188,0.17391304347826086,0.1708407871198569,0.1726313549202459,1.7263135492024588,0,4.607500000000003,0,1993,Cc1nn(C(C)c2ccccc2)c(=O)c2ncn3nc(-c4ccccc4)cc3c12,-7.32048,-7.9595675
VS_set_ADORA1_09504,Nc1n[nH]c2nc(-c3ccco3)c(-c4ccncn4)cc12,Nc1oc(c(c1C#N)c2ccco2)c3ccco3,B20R3.2313151,240.215,645897,CHEMBL1082001,ADORA1,emolecules,VS_set_ADORA1_09504,7.012179,0.17483811285846437,0.17121354656632173,0.17375747275340053,1.7375747275340054,0,3.2534800000000006,0,1404,N#Cc1c(-c2ccco2)cc(-c2ccco2)nc1N,15.731728,7.1732335
VS_set_ADORA1_09523,Nc1n[nH]c2nc(-c3ccco3)c(-c4ccncn4)cc12,Nc1nnc(c2c1nc(c(n2)c3ccccc3)c4ccccc4)N,B27R4.3386770,314.345,7496444,CHEMBL1082001,ADORA1,emolecules,VS_set_ADORA1_09523,7.2271247,0.27752081406105455,0.2702448210922787,0.27451514499548846,2.745151449954885,0,2.9181999999999997,0,3186,CCCn1c(-c2ccccc2)nc2c(N)ncnc21,-7.914071,-19.910963
VS_set_ADORA1_09552,Nc1n[nH]c2nc(-c3ccco3)c(-c4ccncn4)cc12,C=CCSc1nc2[nH]ncc2c(=O)n1c3ccccc3,B22R3.44273,284.338,30081376,CHEMBL1082001,ADORA1,emolecules,VS_set_ADORA1_09552,7.26264,0.18125,0.17584369449378331,0.1793139211067209,1.793139211067209,0,2.3869000000000007,0,1100,CN1C(=O)C2Nc3cnccc3C2N(C)C1=O,1.3821771,6.3790503
VS_set_ADORA1_09556,Nc1n[nH]c2nc(-c3ccco3)c(-c4ccncn4)cc12,Nc1nc(cc(c1C#N)c2cccs2)c3ccccn3,B22R3.207643,278.333,4650385,CHEMBL1082001,ADORA1,emolecules,VS_set_ADORA1_09556,7.1821632,0.13893967093235832,0.07736943907156674,0.1148915066014424,1.148915066014424,0,3.3259800000000013,0,1405,N#Cc1c(-c2cccs2)cc(-c2ccccc2)nc1N,8.142737,-10.255883
VS_set_ADORA1_09806,Nc1nc(-c2ccccc2)nc2sc(-c3ccco3)nc12,C1=CC=C(C=C1)C2=NOC(=N2)C3=CSC(=N3)C4=CC=CO4,B24R4.7220,295.318,Z1169845922,CHEMBL4466609,ADORA1,enamine,VS_set_ADORA1_09806,7.2866893,0.1756876663708962,0.1672661870503597,0.17416336335730756,1.7416336335730755,0,4.1201000000000025,0,3321,O=C(Nc1nc(-c2ccccc2)nc2sc(-c3ccco3)nc12)c1ccco1,33.724655,20.94849
VS_set_ADORA1_09807,Nc1nc(-c2ccccc2)nc2sc(-c3ccco3)nc12,C1=CC=C(C=C1)C2=CN3N=C(SC3=N2)C4=CC=CO4,B22R4.1467425,267.307,PV-008838423445,CHEMBL4466609,ADORA1,enamine,VS_set_ADORA1_09807,7.1388063,0.1743362831858407,0.16846846846846847,0.17240098478380403,1.7240098478380403,0,3.717800000000002,0,3321,O=C(Nc1nc(-c2ccccc2)nc2sc(-c3ccco3)nc12)c1ccco1,12.68073,25.511747
VS_set_ADORA1_09810,Nc1nc(-c2ccccc2)nc2sc(-c3ccco3)nc12,CC1=CC=C(O1)C2=NC(=CS2)C3=NC(=NO3)C4=CC=CC=C4,B25R4.20078,309.344,Z1197665760,CHEMBL4466609,ADORA1,enamine,VS_set_ADORA1_09810,7.0117874,0.16489361702127658,0.157942238267148,0.16235486977556168,1.6235486977556168,0,4.428520000000003,0,3799,Cc1ccc(-c2nc(N)c3cc(Cc4ccccc4)sc3n2)o1,31.208376,20.76138
VS_set_ADORA1_09811,Nc1nc(-c2ccccc2)nc2sc(-c3ccco3)nc12,BrC1=CC=C(C=C1)C2=NOC(=N2)C3=CSC(=N3)C4=CC=CO4,B25R4.20634,374.213,Z2902991454,CHEMBL4466609,ADORA1,enamine,VS_set_ADORA1_09811,7.1354184,0.17142857142857143,0.16666666666666666,0.16924670669493086,1.6924670669493087,0,4.882600000000003,0,1099,CN1C(=O)C2C(c3ncccc3N2C)N(C)C1=O,33.567974,21.649033
VS_set_ADORA1_09813,Nc1nc(-c2ccccc2)nc2sc(-c3ccco3)nc12,ClC1=CC=C(C=C1)C2=NOC(=N2)C3=CSC(=N3)C4=CC=CO4,B25R4.20634,329.763,Z1169897755,CHEMBL4466609,ADORA1,enamine,VS_set_ADORA1_09813,7.078131,0.1691762621789194,0.16503122212310437,0.167478040917021,1.67478040917021,0,4.773500000000002,0,1099,CN1C(=O)C2C(c3ncccc3N2C)N(C)C1=O,33.140556,20.715164
VS_set_ADORA1_09814,Nc1nc(-c2ccccc2)nc2sc(-c3ccco3)nc12,FC1=CC=C(C=C1)C2=NOC(=N2)C3=CSC(=N3)C4=CC=CO4,B25R4.20634,313.308,Z1169883779,CHEMBL4466609,ADORA1,enamine,VS_set_ADORA1_09814,7.315504,0.17314487632508835,0.16844919786096257,0.1713274878798723,1.7132748787987229,0,4.259200000000002,0,1099,CN1C(=O)C2C(c3ncccc3N2C)N(C)C1=O,32.551018,21.100073
VS_set_ADORA1_09815,Nc1nc(-c2ccccc2)nc2sc(-c3ccco3)nc12,NC1=CC=C(C=C1)C2=NOC(=N2)C3=CSC(=N3)C4=CC=CO4,B25R4.20634,310.332,Z1170130193,CHEMBL4466609,ADORA1,enamine,VS_set_ADORA1_09815,7.0478373,0.152,0.14614703277236493,0.14971985381172023,1.4971985381172024,0,3.702300000000002,0,173,Nc1ccc(CCCn2ncc3c2nc(N)n2nc(-c4ccco4)nc32)cc1,33.826824,22.62585
VS_set_ADORA1_09816,Nc1nc(-c2ccccc2)nc2sc(-c3ccco3)nc12,OC1=CC=C(C=C1)C2=NOC(=N2)C3=CSC(=N3)C4=CC=CO4,B25R4.20634,311.317,Z1169935068,CHEMBL4466609,ADORA1,enamine,VS_set_ADORA1_09816,7.2111163,0.16474756421612047,0.1568281938325991,0.1623358275660081,1.6233582756600808,0,3.825700000000001,0,3883,Nc1nc2c(cnn2CCCc2ccc(O)cc2)c2nc(-c3ccco3)nn12,32.685722,22.210945
VS_set_ADORA1_09817,Nc1nc(-c2ccccc2)nc2sc(-c3ccco3)nc12,BrC1=CC=CC(=C1)C2=NOC(=N2)C3=CSC(=N3)C4=CC=CO4,B25R4.21771,374.213,Z1169912504,CHEMBL4466609,ADORA1,enamine,VS_set_ADORA1_09817,7.1214786,0.1687279151943463,0.1647577092511013,0.16685737729877903,1.6685737729877903,0,4.882600000000002,0,3809,CCn1c(-c2ccco2)nc2c(N)cc(OCCc3ccccc3)cc21,34.158394,21.810896
VS_set_ADORA1_09819,Nc1nc(-c2ccccc2)nc2sc(-c3ccco3)nc12,ClC1=CC=CC(=C1)C2=NOC(=N2)C3=CSC(=N3)C4=CC=CO4,B25R4.21771,329.763,Z1169904754,CHEMBL4466609,ADORA1,enamine,VS_set_ADORA1_09819,7.3040023,0.1676963812886143,0.1602787456445993,0.16461953570899387,1.6461953570899388,0,4.773500000000002,0,442,CCCn1c(=O)c2nc(-c3ccc(OCc4nc(-c5cccc(Cl)c5)no4)cc3)[nH]c2n(CCC)c1=O,34.263508,20.726093
VS_set_ADORA1_09820,Nc1nc(-c2ccccc2)nc2sc(-c3ccco3)nc12,FC1=CC=CC(=C1)C2=NOC(=N2)C3=CSC(=N3)C4=CC=CO4,B25R4.21771,313.308,Z1170213511,CHEMBL4466609,ADORA1,enamine,VS_set_ADORA1_09820,7.5727253,0.1724137931034483,0.16281138790035588,0.1695726519798352,1.695726519798352,0,4.259200000000002,0,1099,CN1C(=O)C2C(c3ncccc3N2C)N(C)C1=O,32.943417,21.598732
VS_set_ADORA1_09821,Nc1nc(-c2ccccc2)nc2sc(-c3ccco3)nc12,IC1=CC=CC(=C1)C2=NOC(=N2)C3=CSC(=N3)C4=CC=CO4,B25R4.21771,421.214,Z6311190073,CHEMBL4466609,ADORA1,enamine,VS_set_ADORA1_09821,7.4480076,0.16017699115044248,0.15520282186948853,0.1582911015144314,1.582911015144314,0,4.724700000000002,0,3809,CCn1c(-c2ccco2)nc2c(N)cc(OCCc3ccccc3)cc21,34.803562,21.44102
VS_set_ADORA1_09822,Nc1nc(-c2ccccc2)nc2sc(-c3ccco3)nc12,NC1=CC=CC(=C1)C2=NOC(=N2)C3=CSC(=N3)C4=CC=CO4,B25R4.21771,310.332,Z1170135797,CHEMBL4466609,ADORA1,enamine,VS_set_ADORA1_09822,7.2640657,0.1526175687666371,0.14044444444444446,0.14995879353165656,1.4995879353165655,0,3.702300000000002,0,1305,Nc1cccc(Cn2cnc3c(-c4ccco4)nc(N)nc32)c1,34.51414,22.668049
VS_set_ADORA1_09823,Nc1nc(-c2ccccc2)nc2sc(-c3ccco3)nc12,OC1=CC=CC(=C1)C2=NOC(=N2)C3=CSC(=N3)C4=CC=CO4,B25R4.21771,311.317,Z1170061843,CHEMBL4466609,ADORA1,enamine,VS_set_ADORA1_09823,7.364061,0.1602112676056338,0.14835164835164835,0.1571395220329869,1.571395220329869,0,3.825700000000001,0,3328,Nc1nc(-c2cccc(O)c2)nc2sc(-c3ccco3)nc12,33.07718,22.767988
VS_set_ADORA1_09827,Nc1nc(-c2ccccc2)nc2sc(-c3ccco3)nc12,FC1=CC=CC=C1C2=NOC(=N2)C3=CSC(=N3)C4=CC=CO4,B25R4.38830,313.308,Z1682741677,CHEMBL4466609,ADORA1,enamine,VS_set_ADORA1_09827,7.2910566,0.16123348017621145,0.15700267618198038,0.1593331477823297,1.593331477823297,0,4.2592000000000025,0,1347,Nc1nc(-c2ccco2)c2ccn(Cc3ccccc3F)c2n1,31.921562,21.655863
VS_set_ADORA1_09830,Nc1nc(-c2ccccc2)nc2sc(-c3ccco3)nc12,FC1=CC=C(O1)C2=NN3C=C(N=C3S2)C4=CC=CC=C4,B23R4.1770577,285.298,PV-008740819668,CHEMBL4466609,ADORA1,enamine,VS_set_ADORA1_09830,7.273529,0.17901234567901234,0.17173524150268335,0.17676719526099177,1.7676719526099176,0,3.856900000000002,0,1100,CN1C(=O)C2Nc3cnccc3C2N(C)C1=O,12.63435,25.551413
VS_set_ADORA1_09831,Nc1nc(-c2ccccc2)nc2sc(-c3ccco3)nc12,FC1=CC=C(C=C1)C2=CN3N=C(SC3=N2)C4=CC=CO4,B23R4.1777278,285.298,PV-007345365785,CHEMBL4466609,ADORA1,enamine,VS_set_ADORA1_09831,7.0144024,0.16755793226381463,0.16137566137566137,0.16520904500144235,1.6520904500144233,0,3.8569000000000013,0,203,CCCCn1cc2c(nc(NC(=O)Nc3ccc(F)cc3)n3nc(-c4ccco4)nc23)n1,12.69657,25.49714
VS_set_ADORA1_09833,Nc1nc(-c2ccccc2)nc2sc(-c3ccco3)nc12,C1=CC=C(C=C1)C2=NOC(=N2)C3=CSC(=N3)C4=CC=CS4,B24R4.7220,311.384,Z1169847266,CHEMBL4466609,ADORA1,enamine,VS_set_ADORA1_09833,7.2095876,0.188780053428317,0.17914438502673796,0.18584632388387917,1.8584632388387918,0,4.588600000000002,0,255,Cc1nc2nc(-c3ccccc3)[nH]c(NC(C)c3ccccc3)c-2c1C,30.542397,25.23954
VS_set_ADORA1_09834,Nc1nc(-c2ccccc2)nc2sc(-c3ccco3)nc12,C1=CC=C(N=C1)C2=NOC(=N2)C3=CSC(=N3)C4=CC=CO4,B24R4.7220,296.306,Z1169952197,CHEMBL4466609,ADORA1,enamine,VS_set_ADORA1_09834,7.0475082,0.16429840142095914,0.15521855486173058,0.1611514368394927,1.6115143683949271,0,3.515100000000002,0,1544,Nc1nc(-c2ccco2)c2nnn(Cc3ccccn3)c2n1,33.250813,18.975105
VS_set_ADORA1_09835,Nc1nc(-c2ccccc2)nc2sc(-c3ccco3)nc12,C1=CN=CC(=C1)C2=NOC(=N2)C3=CSC(=N3)C4=CC=CO4,B24R4.7220,296.306,Z1169948421,CHEMBL4466609,ADORA1,enamine,VS_set_ADORA1_09835,7.2131376,0.15445719329214475,0.14540588760035683,0.15054745629119073,1.5054745629119073,0,3.515100000000002,0,1099,CN1C(=O)C2C(c3ncccc3N2C)N(C)C1=O,33.84328,19.817167
VS_set_ADORA1_09836,Nc1nc(-c2ccccc2)nc2sc(-c3ccco3)nc12,C1=COC(=C1)C2=NC(=CS2)C3=NC(=NO3)C4=CC=NC=C4,B24R4.7220,296.306,Z1197799282,CHEMBL4466609,ADORA1,enamine,VS_set_ADORA1_09836,7.0713167,0.16887709991158267,0.16339285714285715,0.16677985266265066,1.6677985266265065,0,3.515100000000002,0,1099,CN1C(=O)C2C(c3ncccc3N2C)N(C)C1=O,32.828663,19.935583
VS_set_ADORA1_09860,Nc1nc(-c2ccccc2)nc2sc(-c3ccco3)nc12,C1=CC=C(C=C1)C2=NC(=CC=N2)NCC3=CC=CO3,B21R3.3124,251.284,Z1082771490,CHEMBL4466609,ADORA1,enamine,VS_set_ADORA1_09860,7.1508875,0.15798922800718132,0.13846153846153847,0.15363512502551477,1.5363512502551477,0,3.348700000000001,0,1128,c1coc(CNc2nc3ccccc3n3nc(-c4ccco4)nc23)c1,-2.6919503,-9.3266535
VS_set_ADORA1_09861,Nc1nc(-c2ccccc2)nc2sc(-c3ccco3)nc12,C1=CC=C(C=C1)C2=NC(=NC=N2)SCC3=CC=CO3,B21R3.3124,269.323,PV-002126767065,CHEMBL4466609,ADORA1,enamine,VS_set_ADORA1_09861,7.033213,0.2546916890080429,0.24730215827338128,0.2526754148898151,2.526754148898151,0,3.4239000000000015,0,2630,CCC(=O)N1Cc2nc(-c3ccccc3)nn2-c2ccccc21,-2.127145,-9.590198
VS_set_ADORA1_09863,Nc1nc(-c2ccccc2)nc2sc(-c3ccco3)nc12,CC1=C(N=C(S1)C2=CC=CO2)C3=NC(=NO3)C4=CC=CC=C4,B25R4.2236,309.344,Z1169846687,CHEMBL4466609,ADORA1,enamine,VS_set_ADORA1_09863,7.1391177,0.15008880994671403,0.14323843416370108,0.14772187112021995,1.4772187112021995,0,4.428520000000003,0,1467,CC(=O)N1CCC(Nc2nc(-c3ccco3)c(C(=O)c3ccccc3)s2)CC1,35.63738,20.388418
VS_set_ADORA1_09873,Nc1nc(-c2ccccc2)nc2sc(-c3ccco3)nc12,FC1=CC=C(C=C1)C2=NOC(=N2)C3=CSC(=N3)C4=CC=CS4,B25R4.20634,329.375,Z1169885058,CHEMBL4466609,ADORA1,enamine,VS_set_ADORA1_09873,7.031218,0.1864555848724714,0.1742957746478873,0.18199891839788435,1.8199891839788434,0,4.727700000000001,0,3517,Cn1c(=O)c2c(nc3n2CCN(Cc2csc(-c4cccs4)n2)C3)n(C)c1=O,30.724136,24.611721
VS_set_ADORA1_09876,Nc1nc(-c2ccccc2)nc2sc(-c3ccco3)nc12,FC1=CC=CC(=C1)C2=NOC(=N2)C3=CSC(=N3)C4=CC=CS4,B25R4.21771,329.375,Z1170214790,CHEMBL4466609,ADORA1,enamine,VS_set_ADORA1_09876,7.441191,0.1796669588080631,0.1674087266251113,0.17440006665274768,1.7440006665274768,0,4.727700000000001,0,1099,CN1C(=O)C2C(c3ncccc3N2C)N(C)C1=O,31.055088,24.861721
VS_set_ADORA1_09877,Nc1nc(-c2ccccc2)nc2sc(-c3ccco3)nc12,NC1=CC=CC(=C1)C2=NOC(=N2)C3=CSC(=N3)C4=CC=CS4,B25R4.21771,326.399,Z1170137377,CHEMBL4466609,ADORA1,enamine,VS_set_ADORA1_09877,7.143231,0.1633187772925764,0.15691489361702127,0.16031622381365387,1.6031622381365387,0,4.170800000000002,0,1099,CN1C(=O)C2C(c3ncccc3N2C)N(C)C1=O,30.740332,25.856152
VS_set_ADORA1_09878,Nc1nc(-c2ccccc2)nc2sc(-c3ccco3)nc12,OC1=CC=CC(=C1)C2=NOC(=N2)C3=CSC(=N3)C4=CC=CS4,B25R4.21771,327.384,Z1170063315,CHEMBL4466609,ADORA1,enamine,VS_set_ADORA1_09878,7.338105,0.16901408450704225,0.16218637992831542,0.16554382708484877,1.6554382708484878,0,4.294200000000002,0,3451,Oc1cccc(-c2nc(N3CCCCC3)c3nc[nH]c3n2)c1,31.378696,25.446005
VS_set_ADORA1_09879,Nc1nc(-c2ccccc2)nc2sc(-c3ccco3)nc12,CC1=CC=CC=C1C2=NOC(=N2)C3=CSC(=N3)C4=CC=CS4,B25R4.38830,325.411,Z1197781464,CHEMBL4466609,ADORA1,enamine,VS_set_ADORA1_09879,7.1385927,0.14798598949211908,0.1387900355871886,0.1438289533953015,1.4382895339530148,0,4.897020000000002,0,1099,CN1C(=O)C2C(c3ncccc3N2C)N(C)C1=O,29.611822,25.314936
VS_set_ADORA1_09880,Nc1nc(-c2ccccc2)nc2sc(-c3ccco3)nc12,FC1=CC=CC=C1C2=NOC(=N2)C3=CSC(=N3)C4=CC=CS4,B25R4.38830,329.375,Z1682742263,CHEMBL4466609,ADORA1,enamine,VS_set_ADORA1_09880,7.394861,0.17383669885864794,0.1616871704745167,0.17059983789280084,1.7059983789280084,0,4.727700000000002,0,3517,Cn1c(=O)c2c(nc3n2CCN(Cc2csc(-c4cccs4)n2)C3)n(C)c1=O,30.09146,24.598156
VS_set_ADORA1_10127,OCC1OC(n2cnc3c(NCc4cccnc4)ncnc32)C(O)C1O,OC[C@H]1O[C@H]([C@@H]([C@@H]1O)O)N2C=NC3=C(N=CN=C23)N4CCC5=CN=CC=C45,B31R5.2580123,370.363,Z2091580551,CHEMBL364671,ADORA1,enamine,VS_set_ADORA1_10127,7.367497,0.05545774647887324,0.05146406388642413,0.053148959362665636,0.5314895936266564,4,-0.47300000000000075,1,388,CNc1ncnc2c1ncn2C1OC(CO)C(O)C1O,-1.7183671,8.701938
VS_set_ADORA1_10231,N#Cc1sc(=S)n(CCc2ccccc2)c1N=Cc1ccc(Br)cc1,S=C(NCCC1=CC=CN=C1)NC2=CC=C(N=C2)C3=CC=CC=C3,B26R3.92129,334.44,PV-004521751507,CHEMBL2419150,ADORA1,enamine,VS_set_ADORA1_10231,7.057418,0.1310466138962181,0.11989342806394317,0.12744716983044502,1.2744716983044502,0,3.6727000000000016,0,3216,Nc1nc(NCCc2cccnc2)nc2sc(-c3ccco3)nc12,-6.0176663,-2.866357
VS_set_ADORA1_10235,N#Cc1sc(=S)n(CCc2ccccc2)c1N=Cc1ccc(Br)cc1,N#CC1=C(N(N=N1)CC2=CC=CC=C2)NC(=O)C3=CC=C(C=N3)Br,B26R3.13466969,383.202,PV-002120079918,CHEMBL2419150,ADORA1,enamine,VS_set_ADORA1_10235,7.1259017,0.12445604873803308,0.1190893169877408,0.12245965192681259,1.2245965192681258,0,2.6078800000000006,0,2616,O=c1c2ncn3nc(-c4ccccc4)cc3c2c(C2CCCC2)nn1Cc1ccccc1,1.4636996,4.8011956
VS_set_ADORA1_10336,C=CCOc1ccc(-c2c(C#N)c(N)nc(SCc3ccn[nH]3)c2C#N)cc1,COC1=CC=C(C=C1)C2=C(C(=O)NC(=N2)SCC3=CSC=N3)C#N,B26R3.17709019,356.425,Z226588024,CHEMBL4215017,ADORA1,enamine,VS_set_ADORA1_10336,7.182602,0.14884135472370766,0.13031674208144797,0.14396038921508164,1.4396038921508163,0,3.0659800000000006,0,2588,N#Cc1c(N)nc(SCc2cscn2)nc1-c1ccc2c(c1)OCO2,7.4938436,-3.6174471
VS_set_ADORA1_10386,Cc1ccc2c(O)cc(-c3ccccc3F)nc2n1,FC1=CC=CC=C1C2=CC=C3C=CNC3=N2,B18R3.3958,212.223,Z3484602070,CHEMBL95384,ADORA1,enamine,VS_set_ADORA1_10386,7.1047816,0.20604395604395603,0.17973231357552583,0.19829265796916148,1.982926579691615,0,3.3690000000000015,0,52,Cc1ccc2c(O)cc(-c3ccccc3F)nc2n1,-5.8655987,-14.3719015
VS_set_ADORA1_10819,C#CCn1c(=O)c2c(nc3n2CCCN3CC2CCCCC2)n(C)c1=O,CN1C(=O)C2=C(N=C(N2)N3CCCC3C4CCCCO4)N(C1=O)C,B27R4.78115455,333.386,Z2977689758,CHEMBL3093323,ADORA1,enamine,VS_set_ADORA1_10819,7.344561,0.08676599474145487,0.0797872340425532,0.08360437989912747,0.8360437989912748,2,0.4981999999999991,0,3903,Cn1c(=O)c2c(nc3n2CCCN3c2ccc(F)cc2)n(C)c1=O,-3.0839806,15.177582
VS_set_ADORA1_10903,Cn1c(-n2nccn2)nc2c(N)nc(CCCCO)nc21,ClC1=CC(=NC(=N1)C2CCCO2)NCC3=NC=CO3,B21R3.7266,280.711,Z4908094964,CHEMBL2398485;CHEMBL2398485,ADORA1,enamine,VS_set_ADORA1_10903,7.738929,0.13157894736842105,0.1280701754385965,0.13066689495811998,1.3066689495811998,1,2.581600000000001,0,2376,OC1C(CF)OC(n2cnc3c(NC4CCOCC4)ncnc32)C1O,-10.968844,12.746319
VS_set_ADORA1_10922,Cn1c(-n2nccn2)nc2c(N)nc(CCCCO)nc21,CC(NC1=CC(=NC(=N1)C2CCCO2)Cl)C3=NC=CO3,B22R3.10418,294.737,Z2861583060,CHEMBL2398485;CHEMBL2398485,ADORA1,enamine,VS_set_ADORA1_10922,7.1577215,0.10761154855643044,0.10451727192205491,0.10666289034913445,1.0666289034913445,2,3.1426000000000016,0,1099,CN1C(=O)C2C(c3ncccc3N2C)N(C)C1=O,-10.964762,12.726586
VS_set_ADORA1_11100,Cc1cc(Br)cc(-c2nc(NC(=O)c3cccnc3)sc2-c2ccncc2)c1,O=C(NC1=NC(=C(S1)C2=CC=NC=C2)C3=CC=CN=C3)C4=CC=CN=C4,B29R4.225717,359.406,PV-002756809002,CHEMBL5081520,ADORA1,enamine,VS_set_ADORA1_11100,7.277515,0.12099644128113879,0.049440298507462684,0.08579849997937188,0.8579849997937188,0,3.9144000000000023,0,3657,Cc1cc(C)cc(-c2nc(NC(=O)c3cccnc3)sc2-c2ccncc2)c1,29.398933,-1.5692309
VS_set_ADORA1_11102,Cc1cc(Br)cc(-c2nc(NC(=O)c3cccnc3)sc2-c2ccncc2)c1,O=C(NC1=NC(=C(O1)C2=CC=CC=C2)C3=CC=CC=C3)C4=CC=CN=C4,B29R4.225717,341.363,Z1567994586,CHEMBL5081520,ADORA1,enamine,VS_set_ADORA1_11102,7.1912017,0.14260407440212577,0.13008130081300814,0.13678252886980397,1.3678252886980395,0,4.655900000000003,0,2406,O=C(Nc1nc(-c2ccccc2)c(C(=O)c2cccnc2)s1)c1ccco1,-20.302502,-23.225725
VS_set_ADORA1_11104,Cc1cc(Br)cc(-c2nc(NC(=O)c3cccnc3)sc2-c2ccncc2)c1,O=C(NC1=NC(=C(S1)C2=CC=CC=C2)C3=CC=CC=C3)C4=CN=CN=C4,B29R4.225717,358.418,Z1679670872,CHEMBL5081520,ADORA1,enamine,VS_set_ADORA1_11104,7.0558596,0.13357400722021662,0.11225444340505145,0.12339557096786025,1.2339557096786025,0,4.519400000000003,0,2407,O=C(Nc1nc(-c2ccccc2)c(-c2ccncc2)s1)c1ccco1,27.189814,0.80942184
VS_set_ADORA1_11105,Cc1cc(Br)cc(-c2nc(NC(=O)c3cccnc3)sc2-c2ccncc2)c1,O=C(NC1=NC(=C(S1)C2=CC=NC=C2)C3=CC=CN=C3)C4=CC=CN4,B28R4.192418,347.395,PV-002965425164,CHEMBL5081520,ADORA1,enamine,VS_set_ADORA1_11105,7.056199,0.11936339522546419,0.0809090909090909,0.09902916542623871,0.9902916542623872,0,3.847500000000002,0,3657,Cc1cc(C)cc(-c2nc(NC(=O)c3cccnc3)sc2-c2ccncc2)c1,30.445608,-2.6927626
VS_set_ADORA1_11106,Cc1cc(Br)cc(-c2nc(NC(=O)c3cccnc3)sc2-c2ccncc2)c1,O=C(NC1=NC(=C(S1)C2=CC=NC=C2)C3=CC=CN=C3)C4=CNC=C4,B28R4.192418,347.395,PV-003006699059,CHEMBL5081520,ADORA1,enamine,VS_set_ADORA1_11106,7.107132,0.11883802816901408,0.07664233576642336,0.09645103094772434,0.9645103094772434,0,3.847500000000001,0,3657,Cc1cc(C)cc(-c2nc(NC(=O)c3cccnc3)sc2-c2ccncc2)c1,30.044947,-1.8569032
VS_set_ADORA1_11107,Cc1cc(Br)cc(-c2nc(NC(=O)c3cccnc3)sc2-c2ccncc2)c1,C#CC1=CC=C(C=N1)C(=O)NC2=NC(=C(S2)C3=CC=NC=C3)C4=CC=CN=C4,B31R4.141744,383.428,PV-005835380241,CHEMBL5081520,ADORA1,enamine,VS_set_ADORA1_11107,7.097838,0.12182296231375986,0.07285974499089254,0.09789513938663892,0.9789513938663892,0,3.8957000000000024,0,3657,Cc1cc(C)cc(-c2nc(NC(=O)c3cccnc3)sc2-c2ccncc2)c1,29.342033,-2.4274647
VS_set_ADORA1_11108,Cc1cc(Br)cc(-c2nc(NC(=O)c3cccnc3)sc2-c2ccncc2)c1,C#CC1=CC(=CN=C1)C(=O)NC2=NC(=C(S2)C3=CC=NC=C3)C4=CC=CN=C4,B31R4.769024,383.428,PV-005310363018,CHEMBL5081520,ADORA1,enamine,VS_set_ADORA1_11108,7.1432962,0.1234676007005254,0.0746132848043676,0.09973864031146207,0.9973864031146207,0,3.8957000000000024,0,3657,Cc1cc(C)cc(-c2nc(NC(=O)c3cccnc3)sc2-c2ccncc2)c1,28.863478,-2.090331
VS_set_ADORA1_11109,Cc1cc(Br)cc(-c2nc(NC(=O)c3cccnc3)sc2-c2ccncc2)c1,N#CC1=CC=NC=C1C(=O)NC2=NC(=C(S2)C3=CC=CC=C3)C4=CC=CC=C4,B31R4.2806150,382.44,Z2142458702,CHEMBL5081520,ADORA1,enamine,VS_set_ADORA1_11109,7.2882643,0.11555555555555555,0.08941605839416059,0.1017535671559143,1.017535671559143,0,4.996080000000003,0,3657,Cc1cc(C)cc(-c2nc(NC(=O)c3cccnc3)sc2-c2ccncc2)c1,26.930784,-0.053415827
VS_set_ADORA1_11115,Cc1cc(Br)cc(-c2nc(NC(=O)c3cccnc3)sc2-c2ccncc2)c1,CC1=CC=C(C=N1)C(=O)NC2=NC(=C(O2)C3=CC=CC=C3)C4=CC=CC=C4,B30R4.292839,355.39,Z1476770279,CHEMBL5081520,ADORA1,enamine,VS_set_ADORA1_11115,7.0091205,0.1310466138962181,0.12709620476610767,0.12937931960420207,1.2937931960420208,0,4.964320000000003,0,280,CNC(=O)C1OC(n2cnc3c(NC)ncnc32)C(O)C1O,-19.922829,-22.40188
VS_set_ADORA1_11116,Cc1cc(Br)cc(-c2nc(NC(=O)c3cccnc3)sc2-c2ccncc2)c1,CC1=CC=NC=C1C(=O)NC2=NC(=C(O2)C3=CC=CC=C3)C4=CC=CC=C4,B30R4.3070932,355.39,Z1567993514,CHEMBL5081520,ADORA1,enamine,VS_set_ADORA1_11116,7.3214884,0.1303964757709251,0.12411347517730496,0.12821348679441352,1.2821348679441351,0,4.964320000000003,0,1100,CN1C(=O)C2Nc3cnccc3C2N(C)C1=O,-19.495731,-23.380436
VS_set_ADORA1_11117,Cc1cc(Br)cc(-c2nc(NC(=O)c3cccnc3)sc2-c2ccncc2)c1,CC1=CN=CC(=C1)C(=O)NC2=NC(=C(O2)C3=CC=CC=C3)C4=CC=CC=C4,B30R4.5242259,355.39,Z1567994648,CHEMBL5081520,ADORA1,enamine,VS_set_ADORA1_11117,7.064011,0.13668430335097,0.12931798051372898,0.13339143490639682,1.3339143490639682,0,4.964320000000003,0,255,Cc1nc2nc(-c3ccccc3)[nH]c(NC(C)c3ccccc3)c-2c1C,-20.740396,-22.967382
VS_set_ADORA1_11123,Cc1cc(Br)cc(-c2nc(NC(=O)c3cccnc3)sc2-c2ccncc2)c1,CC1=CC=CC=C1C(=O)NC2=NC(=C(S2)C3=CC=NC=C3)C4=CC=CN=C4,B30R4.3070932,372.445,Z4995167527,CHEMBL5081520,ADORA1,enamine,VS_set_ADORA1_11123,7.1454906,0.11985688729874776,0.0740402193784278,0.09640046549140754,0.9640046549140754,0,4.8278200000000036,0,3657,Cc1cc(C)cc(-c2nc(NC(=O)c3cccnc3)sc2-c2ccncc2)c1,29.3681,-0.4693589
VS_set_ADORA1_11128,Cc1cc(Br)cc(-c2nc(NC(=O)c3cccnc3)sc2-c2ccncc2)c1,O=C(NC1=NC(=C(S1)C2=CC=NC=C2)C3=CC=CN=C3)C4=CN=CN4,B28R4.192418,348.384,PV-002921575059,CHEMBL5081520,ADORA1,enamine,VS_set_ADORA1_11128,7.2227015,0.12365591397849462,0.09148550724637682,0.10567343404209713,1.0567343404209713,0,3.2425000000000006,0,3657,Cc1cc(C)cc(-c2nc(NC(=O)c3cccnc3)sc2-c2ccncc2)c1,31.127958,-2.58896
VS_set_ADORA1_11129,Cc1cc(Br)cc(-c2nc(NC(=O)c3cccnc3)sc2-c2ccncc2)c1,O=C(NC1=NC(=C(S1)C2=CC=NC=C2)C3=CC=CN=C3)C4=CNN=C4,B28R4.192418,348.384,PV-002711624680,CHEMBL5081520,ADORA1,enamine,VS_set_ADORA1_11129,7.123619,0.12874779541446207,0.07706422018348624,0.10265975684538722,1.0265975684538722,0,3.2425000000000006,0,3657,Cc1cc(C)cc(-c2nc(NC(=O)c3cccnc3)sc2-c2ccncc2)c1,30.487246,-1.1865902
VS_set_ADORA1_11131,Cc1cc(Br)cc(-c2nc(NC(=O)c3cccnc3)sc2-c2ccncc2)c1,O=C(NC1=NC(=C(S1)C2=CC=NC=C2)C3=CC=CN=C3)C4=NNC=C4,B28R4.192418,348.384,PV-002850626348,CHEMBL5081520,ADORA1,enamine,VS_set_ADORA1_11131,7.1631308,0.11749116607773852,0.08975521305530372,0.10228276908479521,1.022827690847952,0,3.2425000000000006,0,3657,Cc1cc(C)cc(-c2nc(NC(=O)c3cccnc3)sc2-c2ccncc2)c1,30.99683,-1.802569
VS_set_ADORA1_11137,Cc1cc(Br)cc(-c2nc(NC(=O)c3cccnc3)sc2-c2ccncc2)c1,O=C(NC1=NC(=C(O1)C2=CC=CC=C2)C3=CC=CC=C3)C4=CN=CC=N4,B29R4.225717,342.352,Z1476769298,CHEMBL5081520,ADORA1,enamine,VS_set_ADORA1_11137,7.1653433,0.15520282186948853,0.14755555555555555,0.15281707786435975,1.5281707786435974,0,4.050900000000002,0,2402,COc1ccc(C(=O)Nc2nc(-c3ccccc3)c(C(=O)c3ccccn3)s2)cc1,-21.688845,-23.593456
VS_set_ADORA1_11138,Cc1cc(Br)cc(-c2nc(NC(=O)c3cccnc3)sc2-c2ccncc2)c1,O=C(NC1=NC(=C(O1)C2=CC=CC=C2)C3=CC=CC=C3)C4=CN=CN=C4,B29R4.225717,342.352,Z1679981463,CHEMBL5081520,ADORA1,enamine,VS_set_ADORA1_11138,7.139171,0.1762621789193977,0.1709706144256456,0.17409696448963247,1.7409696448963246,0,4.050900000000002,0,255,Cc1nc2nc(-c3ccccc3)[nH]c(NC(C)c3ccccc3)c-2c1C,-21.113613,-24.137054
VS_set_ADORA1_11140,Cc1cc(Br)cc(-c2nc(NC(=O)c3cccnc3)sc2-c2ccncc2)c1,O=C(NC1=NC(=C(S1)C2=CC=NC=C2)C3=CC=CN=C3)C4=CC=NC=C4,B29R4.225717,359.406,PV-002836660017,CHEMBL5081520,ADORA1,enamine,VS_set_ADORA1_11140,7.3989906,0.12764084507042253,0.08033240997229917,0.1027120196302375,1.027120196302375,0,3.9144000000000023,0,3657,Cc1cc(C)cc(-c2nc(NC(=O)c3cccnc3)sc2-c2ccncc2)c1,29.919094,-0.98923093
VS_set_ADORA1_11144,Cc1cc(Br)cc(-c2nc(NC(=O)c3cccnc3)sc2-c2ccncc2)c1,CN1C=CC=C(C1=O)C(=O)NC2=NC(=C(S2)C3=CC=CC=C3)C4=CC=CC=C4,B31R4.7329093,387.456,Z1130754666,CHEMBL5081520,ADORA1,enamine,VS_set_ADORA1_11144,7.077131,0.09455842997323818,0.08473080317740513,0.09084229145684121,0.9084229145684121,0,4.428100000000002,0,3816,COc1ccc(C(=O)Nc2nc(-c3ccccc3)c(-c3nc4ccccc4c(=O)n3-c3ccccc3)s2)cc1,25.761976,0.21390525
VS_set_ADORA1_11149,Cc1cc(Br)cc(-c2nc(NC(=O)c3cccnc3)sc2-c2ccncc2)c1,CC=CC=CC(=O)NC1=NC(=C(S1)C2=CC=NC=C2)C3=CC=CN=C3,B27R3.2004717,348.423,Z3345522116,CHEMBL5081520,ADORA1,enamine,VS_set_ADORA1_11149,7.1068854,0.1412180052956752,0.11379928315412187,0.12657814909122872,1.2657814909122873,0,4.337900000000003,0,3660,Cc1cc(I)cc(-c2nc(NC(=O)c3cccnc3)sc2-c2ccncc2)c1,32.491634,-1.1262132
VS_set_ADORA1_11159,Cc1cc(Br)cc(-c2nc(NC(=O)c3cccnc3)sc2-c2ccncc2)c1,C#CC1=CC=C(C=N1)C(=O)NC2=NC(=C(O2)C3=CC=CC=C3)C4=CC=CC=C4,B31R4.141744,365.385,Z1567993850,CHEMBL5081520,ADORA1,enamine,VS_set_ADORA1_11159,7.3705845,0.13780918727915195,0.13162544169611307,0.13581280780559415,1.3581280780559415,0,4.637200000000003,0,2402,COc1ccc(C(=O)Nc2nc(-c3ccccc3)c(C(=O)c3ccccn3)s2)cc1,-20.119972,-22.223307
VS_set_ADORA1_11160,Cc1cc(Br)cc(-c2nc(NC(=O)c3cccnc3)sc2-c2ccncc2)c1,COC1=CC=C(C=N1)C(=O)NC2=NC(=C(O2)C3=CC=CC=C3)C4=CC=CC=C4,B31R4.141744,371.39,Z1567993620,CHEMBL5081520,ADORA1,enamine,VS_set_ADORA1_11160,7.3391495,0.13028169014084506,0.11712511091393078,0.12722838504172534,1.2722838504172533,0,4.664500000000003,0,2402,COc1ccc(C(=O)Nc2nc(-c3ccccc3)c(C(=O)c3ccccn3)s2)cc1,-19.453852,-22.286098
VS_set_ADORA1_11162,Cc1cc(Br)cc(-c2nc(NC(=O)c3cccnc3)sc2-c2ccncc2)c1,N#CC1=CC=NC=C1C(=O)NC2=NC(=C(O2)C3=CC=CC=C3)C4=CC=CC=C4,B31R4.2806150,366.373,Z2148314801,CHEMBL5081520,ADORA1,enamine,VS_set_ADORA1_11162,7.065394,0.14147627416520211,0.13580246913580246,0.13924382075278835,1.3924382075278836,0,4.527580000000003,0,255,Cc1nc2nc(-c3ccccc3)[nH]c(NC(C)c3ccccc3)c-2c1C,-19.844091,-23.652657
VS_set_ADORA1_11166,Cc1cc(Br)cc(-c2nc(NC(=O)c3cccnc3)sc2-c2ccncc2)c1,O=C(CCC1=CC=CN=C1)NC2=NC(=C(O2)C3=CC=CC=C3)C4=CC=CC=C4,B31R4.1975503,369.417,Z1567993895,CHEMBL5081520,ADORA1,enamine,VS_set_ADORA1_11166,7.022152,0.12467076382791922,0.11831726555652936,0.12185962393525163,1.2185962393525163,0,4.974900000000003,0,395,OCC1OC(n2cnc3c(NCc4cccnc4)ncnc32)C(O)C1O,-18.101358,-23.852999
VS_set_ADORA1_11167,Cc1cc(Br)cc(-c2nc(NC(=O)c3cccnc3)sc2-c2ccncc2)c1,COC1=CC=C(N=N1)C(=O)NC2=NC(=C(S2)C3=CC=CC=C3)C4=CC=CC=C4,B31R4.141744,388.444,Z1239077504,CHEMBL5081520,ADORA1,enamine,VS_set_ADORA1_11167,7.1360645,0.11837455830388692,0.10980036297640654,0.11354477053133163,1.1354477053133163,0,4.528000000000003,0,3583,O=C(Nc1nc(-c2ccccc2)c(-c2ccccn2)s1)c1ccccc1,25.803078,0.62898713
VS_set_ADORA1_11170,Cc1cc(Br)cc(-c2nc(NC(=O)c3cccnc3)sc2-c2ccncc2)c1,O=C(NC1=NC(=C(S1)C2=CC=NC=C2)C3=CC=CN=C3)C4=CC=C(C(=C4)Cl)O,B31R4.445879,408.863,Z4926772481,CHEMBL5081520,ADORA1,enamine,VS_set_ADORA1_11170,7.290345,0.12368421052631579,0.07734303912647862,0.09847371266737677,0.9847371266737677,0,4.878400000000003,0,3657,Cc1cc(C)cc(-c2nc(NC(=O)c3cccnc3)sc2-c2ccncc2)c1,28.780882,-1.1234473
VS_set_ADORA1_11176,Clc1cccc2[nH]c(-c3cnc4ccccc4n3)nc12,C1=CC2=CC=C(N=C2C=C1)C3=NC4=CC=CC=C4N3,B22R4.3170409,245.279,PV-006472430577,CHEMBL426297,ADORA1,enamine,VS_set_ADORA1_11176,7.0585237,0.24171888988361684,0.17671957671957672,0.22132193523002325,2.2132193523002326,0,3.778100000000002,0,492,c1ccc2nc(-c3nc4ccccc4[nH]3)cnc2c1,-14.548669,28.04248
VS_set_ADORA1_11201,Clc1cccc2[nH]c(-c3cnc4ccccc4n3)nc12,CC1=CC=C2N=C(NC2=C1)C3=CC=C4C=CC=CC4=N3,B23R4.12421786,259.306,Z666480484,CHEMBL426297,ADORA1,enamine,VS_set_ADORA1_11201,7.084841,0.18351063829787234,0.16270218839200762,0.1777193626699517,1.777193626699517,0,4.086520000000002,0,494,Cc1cccc2[nH]c(-c3cnc4ccccc4n3)nc12,-13.647169,27.94521
VS_set_ADORA1_11233,Clc1cccc2[nH]c(-c3cnc4ccccc4n3)nc12,C1=CC2=NC=C(N=C2C=C1)C3=CN4C=CC=CC4=N3,B22R4.3170409,246.267,PV-008175681569,CHEMBL426297,ADORA1,enamine,VS_set_ADORA1_11233,7.4965024,0.24684684684684685,0.23949169110459434,0.24433456958360894,2.4433456958360895,0,2.9445000000000006,0,495,Clc1cccc2[nH]c(-c3cnc4ccccc4n3)nc12,-16.70841,8.780848
VS_set_ADORA1_11234,Clc1cccc2[nH]c(-c3cnc4ccccc4n3)nc12,C1=CC=C2N=C(C=CC2=C1)C3=NC4=CC=NC=C4N3,B22R4.3170409,246.267,Z1527366172,CHEMBL426297,ADORA1,enamine,VS_set_ADORA1_11234,7.0423346,0.2037533512064343,0.19551569506726457,0.20151144067693155,2.0151144067693156,0,3.1731000000000007,0,1100,CN1C(=O)C2Nc3cnccc3C2N(C)C1=O,-14.952261,27.285769
VS_set_ADORA1_11250,Nc1nc(NCCc2ccc(O)cc2)nc(Nc2nnc(-c3ccc([N+](=O)[O-])cc3)s2)n1,O=[N+]([O-])C1=CC=C(C=C1)C2=NNC(=C2)C3=NC(=NO3)CCCC4=CC=CC=C4,B31R4.297692,375.381,Z2902654492,CHEMBL5204517,ADORA1,enamine,VS_set_ADORA1_11250,7.0577006,0.12010443864229765,0.11443661971830986,0.11815395293387962,1.1815395293387962,0,4.210200000000003,0,1339,Nc1nc(-c2ccco2)c2cnn(CCCc3ccccc3)c2n1,5.88267,11.949886
VS_set_ADORA1_11371,CC1C(=O)c2nc(CCCCN3N=C(Cl)CCC3=O)[nH]c2N(C)C1=O,CCN1CCN(C(C1=O)C)CC2=NC3=C(N2)N(C(=O)N(C3=O)C)C,B26R3.901556125,334.374,Z1745871015,CHEMBL330532,ADORA1,enamine,VS_set_ADORA1_11371,7.2031226,0.09982332155477032,0.09237668161434978,0.09634851326919319,0.9634851326919319,1,-0.9870999999999979,1,3495,CCn1c(=O)c2nc(C3CCCC3)[nH]c2n(CC)c1=O,-1.1431757,14.143851
VS_set_ADORA1_11378,CC1C(=O)c2nc(CCCCN3N=C(Cl)CCC3=O)[nH]c2N(C)C1=O,CC(=O)N1CCN(C(C1)(C)C)CC2=NC3=C(N2)N(C(=O)N(C3=O)C)C,B27R3.160649136,348.401,Z1591657520,CHEMBL330532,ADORA1,enamine,VS_set_ADORA1_11378,7.019421,0.10936132983377078,0.10521662245800177,0.10739833605759515,1.0739833605759515,0,-0.5969999999999982,1,665,CCCn1c(=O)c2nc(C34CCC(C(=O)O)(CC3)CC4)[nH]c2n(CCC)c1=O,-1.0772108,14.321828
VS_set_ADORA1_11399,CC1C(=O)c2nc(CCCCN3N=C(Cl)CCC3=O)[nH]c2N(C)C1=O,CN1C(=O)C2=C(N=C(N2)SCCCN3CCOC3=O)N(C1=O)C,B25R3.131699887,339.372,Z917017418,CHEMBL330532,ADORA1,enamine,VS_set_ADORA1_11399,7.137496,0.10707964601769912,0.09893048128342247,0.10285826131021511,1.0285826131021512,0,-0.10530000000000017,0,1513,Cn1c(=O)c2[nH]c(-c3cccc(OCCN4CCCCC4)c3)nc2n(C)c1=O,-3.900573,16.748833
VS_set_ADORA1_11414,CC1C(=O)c2nc(CCCCN3N=C(Cl)CCC3=O)[nH]c2N(C)C1=O,CN1C(=O)C2=C(NC(=N2)CN3CCCC4=CC(=CC=C34)Cl)N(C1=O)C,B28R4.419410858,359.811,Z368979830,CHEMBL330532,ADORA1,enamine,VS_set_ADORA1_11414,7.120749,0.09194395796847636,0.08370044052863436,0.08883421329314353,0.8883421329314353,0,1.5664999999999996,0,2436,Cn1c(=O)c2c(nc3n2CCCN3Cc2cc(Cl)cc(Cl)c2)n(C)c1=O,-1.1813319,13.8495655
VS_set_ADORA1_11492,Cc1ccc(-c2nc3ccccn3c2NC2CCCCC2)cc1,O[C@H]1CC[C@@H](CC1)NCC2=C(N=C3N2C=CC=N3)C4=CC=CC=C4,B27R4.172071,322.405,Z3362180282,CHEMBL4065991,ADORA1,enamine,VS_set_ADORA1_11492,7.0654054,0.09163701067615658,0.08110516934046345,0.08946417686514715,0.8946417686514716,0,2.7894000000000014,0,2976,OC1CCC(Nc2ncc(-c3ccnc(C4CC4)c3)c(-c3ccccc3)n2)CC1,-5.435843,-1.6519705
VS_set_ADORA1_11493,Cc1ccc(-c2nc3ccccn3c2NC2CCCCC2)cc1,O[C@H]1CC[C@H](CC1)NCC2=C(N=C3N2C=CC=N3)C4=CC=CC=C4,B27R4.172071,322.405,Z3651500663,CHEMBL4065991,ADORA1,enamine,VS_set_ADORA1_11493,7.0654054,0.09163701067615658,0.08110516934046345,0.08946417686514715,0.8946417686514716,0,2.7894000000000014,0,2976,OC1CCC(Nc2ncc(-c3ccnc(C4CC4)c3)c(-c3ccccc3)n2)CC1,-5.4358416,-1.6520468
VS_set_ADORA1_11494,Cc1ccc(-c2nc3ccccn3c2NC2CCCCC2)cc1,NC1CCC(CC1)NC2=NC(=NC3=CC=CC=C23)C4=CC=CC=C4,B27R4.2152019,318.416,PV-002956369821,CHEMBL4065991,ADORA1,enamine,VS_set_ADORA1_11494,7.27013,0.11586452762923351,0.09165154264972777,0.11112298472999833,1.1112298472999833,0,3.978600000000003,0,3904,OC1CCC(Nc2nc(-c3ccccc3)nc3[nH]ccc23)CC1,-20.127718,-0.023474375
VS_set_ADORA1_11495,Cc1ccc(-c2nc3ccccn3c2NC2CCCCC2)cc1,N[C@H]1CC[C@@H](CC1)NC2=NC(=NC3=CC=CC=C23)C4=CC=CC=C4,B27R4.2152019,318.416,PV-006044284889,CHEMBL4065991,ADORA1,enamine,VS_set_ADORA1_11495,7.27013,0.11586452762923351,0.09165154264972777,0.11112298472999833,1.1112298472999833,0,3.978600000000003,0,3904,OC1CCC(Nc2nc(-c3ccccc3)nc3[nH]ccc23)CC1,-20.457844,0.7530352
VS_set_ADORA1_11496,Cc1ccc(-c2nc3ccccn3c2NC2CCCCC2)cc1,N[C@H]1CC[C@H](CC1)NC2=NC(=NC3=CC=CC=C23)C4=CC=CC=C4,B27R4.2152019,318.416,PV-006044284888,CHEMBL4065991,ADORA1,enamine,VS_set_ADORA1_11496,7.27013,0.11586452762923351,0.09165154264972777,0.11112298472999833,1.1112298472999833,0,3.978600000000003,0,3904,OC1CCC(Nc2nc(-c3ccccc3)nc3[nH]ccc23)CC1,-20.52948,0.31089658
VS_set_ADORA1_11529,C=CCN1C(=O)N2CC(C)N=C2c3[nH]c(-c4cc(C)nn4C)nc31,CC1=NN(C(=C1)C(=O)NCC2C=CCN2C(=O)C3C=CCC3)C,B25R3.128215090,314.383,PV-005423227009,CHEMBL1800733;CHEMBL1800734;CHEMBL1800735,ADORA1,enamine,VS_set_ADORA1_11529,7.023154,0.10202286719437115,0.09930313588850175,0.10092270551899599,1.0092270551899598,2,1.1915199999999995,0,4049,CCNC(=O)C1OC(n2cnc3c(N)ncnc32)C(O)C1O,-3.4650733,4.348451
VS_set_ADORA1_11917,O=C(O)CCCn1nc(-c2c(-c3ccccc3)nn3ccccc23)ccc1=O,O=C(O)CNC(=O)CNC(=O)C1=C2C=CC=CN2N=C1C3=CC=CC=C3,B28R3.8449531,352.345,PV-002854219056,CHEMBL292917,ADORA1,enamine,VS_set_ADORA1_11917,7.0307837,0.11041852181656278,0.08888888888888889,0.10544075138590428,1.0544075138590427,0,0.9319,0,1814,O=C(O)CCCn1nc(-c2c(-c3ccccc3)nn3ccccc23)ccc1=O,-1.4860288,1.7009492
VS_set_ADORA1_11920,O=C(O)CCCn1nc(-c2c(-c3ccccc3)nn3ccccc23)ccc1=O,O=C(O)CC1CCN(C1)C(=O)C2=C3C=CC=CN3N=C2C4=CC=CC=C4,B29R4.8643196,349.384,Z3815764081,CHEMBL292917,ADORA1,enamine,VS_set_ADORA1_11920,7.0823364,0.10209424083769633,0.08148804251550044,0.0958992833172023,0.958992833172023,1,2.9381000000000013,0,1814,O=C(O)CCCn1nc(-c2c(-c3ccccc3)nn3ccccc23)ccc1=O,-0.5534605,-0.002305162
VS_set_ADORA1_11921,O=C(O)CCCn1nc(-c2c(-c3ccccc3)nn3ccccc23)ccc1=O,O=C(O)C[C@H]1CCN(C1)C(=O)C2=C3C=CC=CN3N=C2C4=CC=CC=C4,B29R4.8643196,349.384,Z3815793711,CHEMBL292917,ADORA1,enamine,VS_set_ADORA1_11921,7.0823364,0.10209424083769633,0.08148804251550044,0.0958992833172023,0.958992833172023,1,2.9381000000000013,0,1814,O=C(O)CCCn1nc(-c2c(-c3ccccc3)nn3ccccc23)ccc1=O,-0.55204266,-0.00015378097
VS_set_ADORA1_11924,O=C(O)CCCn1nc(-c2c(-c3ccccc3)nn3ccccc23)ccc1=O,CC(CCCC(=O)O)NC(=O)C1=C2C=CC=CN2N=C1C3=CC=CC=C3,B28R3.5807528,351.4,Z4594559995,CHEMBL292917,ADORA1,enamine,VS_set_ADORA1_11924,7.2455816,0.0994718309859155,0.07460035523978685,0.09456460815018555,0.9456460815018555,1,3.374500000000002,0,1814,O=C(O)CCCn1nc(-c2c(-c3ccccc3)nn3ccccc23)ccc1=O,-0.8774383,1.0095681
VS_set_ADORA1_11927,O=C(O)CCCn1nc(-c2c(-c3ccccc3)nn3ccccc23)ccc1=O,CC1(C(CCN1C(=O)C2=C3C=CC=CN3N=C2C4=CC=CC=C4)C(=O)O)C,B30R4.43684038,363.411,PV-004120737733,CHEMBL292917,ADORA1,enamine,VS_set_ADORA1_11927,7.0702553,0.10086956521739131,0.08421052631578947,0.0958892085044687,0.958892085044687,1,3.3266000000000018,0,3948,O=C(C=Cc1c(-c2ccccc2)nn2ccccc12)N1CCCCC1CCO,-1.1263404,-0.81006706
VS_set_ADORA1_11929,O=C(O)CCCn1nc(-c2c(-c3ccccc3)nn3ccccc23)ccc1=O,CCCNC(=O)CNC(=O)C1=C2C=CC=CN2N=C1C3=CC=CC=C3,B27R3.4866715,336.388,PV-002778348038,CHEMBL292917,ADORA1,enamine,VS_set_ADORA1_11929,7.0004544,0.10229276895943562,0.08768821966341896,0.09709138905527862,0.9709138905527861,0,2.2573,0,1814,O=C(O)CCCn1nc(-c2c(-c3ccccc3)nn3ccccc23)ccc1=O,-1.938482,2.4189644
VS_set_ADORA1_11931,O=C(O)CCCn1nc(-c2c(-c3ccccc3)nn3ccccc23)ccc1=O,O=C(NCC(=O)N1CCCO1)C2=C3C=CC=CN3N=C2C4=CC=CC=C4,B29R4.60269266,350.372,PV-003790620081,CHEMBL292917,ADORA1,enamine,VS_set_ADORA1_11931,7.3099713,0.09424083769633508,0.07407407407407407,0.08979573368651823,0.8979573368651823,0,1.8949999999999996,0,3948,O=C(C=Cc1c(-c2ccccc2)nn2ccccc12)N1CCCCC1CCO,-2.76715,2.393219
VS_set_ADORA1_11933,O=C(O)CCCn1nc(-c2c(-c3ccccc3)nn3ccccc23)ccc1=O,O=C(O)CCCNC(=O)CN1C(=NC2=CC=CC=C12)C3=CC=CC=C3,B27R3.4573412,337.373,Z5016692398,CHEMBL292917,ADORA1,enamine,VS_set_ADORA1_11933,7.0175037,0.11862917398945519,0.10963748894783377,0.11613528736727888,1.1613528736727887,0,2.6843000000000004,0,1814,O=C(O)CCCn1nc(-c2c(-c3ccccc3)nn3ccccc23)ccc1=O,-4.7932506,3.1886175
VS_set_ADORA1_11934,O=C(O)CCCn1nc(-c2c(-c3ccccc3)nn3ccccc23)ccc1=O,O=C(CNC(=O)C1=C2C=CC=CN2N=C1C3=CC=CC=C3)NCCO,B27R3.4866715,338.361,PV-002810694038,CHEMBL292917,ADORA1,enamine,VS_set_ADORA1_11934,7.131604,0.10475352112676056,0.08561341571050309,0.09973082231317869,0.9973082231317869,0,0.8396000000000001,0,3948,O=C(C=Cc1c(-c2ccccc2)nn2ccccc12)N1CCCCC1CCO,-1.8897139,1.8712398
VS_set_ADORA1_11957,O=C(O)CCCn1nc(-c2c(-c3ccccc3)nn3ccccc23)ccc1=O,O=C(NC1CCC(CC1)C(=O)O)C2=C3C=CC=CN3N=C2C4=CC=CC=C4,B30R4.5605202,363.411,Z3815698362,CHEMBL292917,ADORA1,enamine,VS_set_ADORA1_11957,7.069038,0.09290096406660824,0.07936507936507936,0.08775639876480765,0.8775639876480765,0,3.374500000000002,0,3948,O=C(C=Cc1c(-c2ccccc2)nn2ccccc12)N1CCCCC1CCO,-3.0935261,0.17423263
VS_set_ADORA1_11958,O=C(O)CCCn1nc(-c2c(-c3ccccc3)nn3ccccc23)ccc1=O,O=C(N[C@H]1CC[C@@H](CC1)C(=O)O)C2=C3C=CC=CN3N=C2C4=CC=CC=C4,B30R4.5605202,363.411,Z3815783358,CHEMBL292917,ADORA1,enamine,VS_set_ADORA1_11958,7.069038,0.09290096406660824,0.07936507936507936,0.08775639876480765,0.8775639876480765,0,3.374500000000002,0,3948,O=C(C=Cc1c(-c2ccccc2)nn2ccccc12)N1CCCCC1CCO,-2.757338,-0.30454865
VS_set_ADORA1_11959,O=C(O)CCCn1nc(-c2c(-c3ccccc3)nn3ccccc23)ccc1=O,O=C(N[C@H]1CC[C@H](CC1)C(=O)O)C2=C3C=CC=CN3N=C2C4=CC=CC=C4,B30R4.5605202,363.411,Z3815782577,CHEMBL292917,ADORA1,enamine,VS_set_ADORA1_11959,7.069038,0.09290096406660824,0.07936507936507936,0.08775639876480765,0.8775639876480765,0,3.374500000000002,0,3948,O=C(C=Cc1c(-c2ccccc2)nn2ccccc12)N1CCCCC1CCO,-3.0182815,0.4731385
VS_set_ADORA1_11960,O=C(O)CCCn1nc(-c2c(-c3ccccc3)nn3ccccc23)ccc1=O,O=C(O)C[C@H]1CC[C@H](C1)NC(=O)C2=C3C=CC=CN3N=C2C4=CC=CC=C4,B30R4.7786475,363.411,Z3815761066,CHEMBL292917,ADORA1,enamine,VS_set_ADORA1_11960,7.199001,0.09453599306157849,0.0794351279788173,0.09040832087790476,0.9040832087790477,2,3.374500000000002,0,1814,O=C(O)CCCn1nc(-c2c(-c3ccccc3)nn3ccccc23)ccc1=O,-1.653416,0.6201882
VS_set_ADORA1_11971,O=C(O)CCCn1nc(-c2c(-c3ccccc3)nn3ccccc23)ccc1=O,O=C(N[C@@H]1CC[C@@H](C1)C(=O)O)C2=C3C=CC=CN3N=C2C4=CC=CC=C4,B29R4.6213901,349.384,Z4008402422,CHEMBL292917,ADORA1,enamine,VS_set_ADORA1_11971,7.1558757,0.0924956369982548,0.07746478873239436,0.08898291095134883,0.8898291095134883,2,2.9844000000000017,0,3948,O=C(C=Cc1c(-c2ccccc2)nn2ccccc12)N1CCCCC1CCO,-2.087984,-0.018233726
VS_set_ADORA1_11972,O=C(O)CCCn1nc(-c2c(-c3ccccc3)nn3ccccc23)ccc1=O,O=C(N[C@H]1CC[C@H](C1)C(=O)O)C2=C3C=CC=CN3N=C2C4=CC=CC=C4,B29R4.6213901,349.384,Z3815713146,CHEMBL292917,ADORA1,enamine,VS_set_ADORA1_11972,7.1558757,0.0924956369982548,0.07746478873239436,0.08898291095134883,0.8898291095134883,2,2.9844000000000017,0,3948,O=C(C=Cc1c(-c2ccccc2)nn2ccccc12)N1CCCCC1CCO,-2.087984,-0.018233726
VS_set_ADORA1_11973,O=C(O)CCCn1nc(-c2c(-c3ccccc3)nn3ccccc23)ccc1=O,O=C(N[C@H]1CC[C@H](C1)C(=O)O)C2=C3C=CC=CN3N=C2C4=CC=CC=C4,B29R4.6213901,349.384,Z3839277692,CHEMBL292917,ADORA1,enamine,VS_set_ADORA1_11973,7.1558757,0.0924956369982548,0.07746478873239436,0.08898291095134883,0.8898291095134883,2,2.9844000000000017,0,3948,O=C(C=Cc1c(-c2ccccc2)nn2ccccc12)N1CCCCC1CCO,-2.327996,0.59230983
VS_set_ADORA1_11980,O=C(O)CCCn1nc(-c2c(-c3ccccc3)nn3ccccc23)ccc1=O,O=C(CNC(=O)C1=C2C=CC=CN2N=C1C3=CC=CC=C3)NCC4CC4,B29R4.60710943,348.399,Z3994300398,CHEMBL292917,ADORA1,enamine,VS_set_ADORA1_11980,7.0425262,0.09876543209876543,0.0801762114537445,0.09434997230982026,0.9434997230982025,0,2.2573000000000008,0,3948,O=C(C=Cc1c(-c2ccccc2)nn2ccccc12)N1CCCCC1CCO,-2.5309107,1.7605385
VS_set_ADORA1_11982,O=C(O)CCCn1nc(-c2c(-c3ccccc3)nn3ccccc23)ccc1=O,O=C(CNC(=O)C1=C2C=CC=CN2N=C1C3=CC=CC=C3)NC4CCC4,B29R4.388093816,348.399,Z3852620814,CHEMBL292917,ADORA1,enamine,VS_set_ADORA1_11982,7.0370636,0.09527972027972027,0.07753303964757709,0.09059119102487881,0.9059119102487881,0,2.399800000000001,0,3948,O=C(C=Cc1c(-c2ccccc2)nn2ccccc12)N1CCCCC1CCO,-3.0901558,1.4405824
VS_set_ADORA1_11985,O=C(O)CCCn1nc(-c2c(-c3ccccc3)nn3ccccc23)ccc1=O,O=C(O)C1CCN(C12CC2)C(=O)C3=C4C=CC=CN4N=C3C5=CC=CC=C5,B31R5.167124830,361.395,Z4577026752,CHEMBL292917,ADORA1,enamine,VS_set_ADORA1_11985,7.0961585,0.09452296819787986,0.07400881057268723,0.08956383958583189,0.895638395858319,1,3.0806000000000013,0,3948,O=C(C=Cc1c(-c2ccccc2)nn2ccccc12)N1CCCCC1CCO,-1.515391,-1.3235735
VS_set_ADORA1_12046,CCCn1c(=S)sc2c(=N)n(NC(N)=O)cnc21,C=CCN1C(=S)SC2=C1N=CN(C2=O)CC(=C)Br,B19R2.767414,344.253,Z785010332,CHEMBL4756283,ADORA1,enamine,VS_set_ADORA1_12046,7.007691,0.15780141843971632,0.13169845594913715,0.1538199950904541,1.538199950904541,0,3.083590000000002,0,1868,C=CCn1c(=S)sc2c1ncn1nc(-c3ccco3)nc21,6.027534,28.49436
VS_set_ADORA1_12048,CCCn1c(=S)sc2c(=N)n(NC(N)=O)cnc21,C=CCN1C(=S)SC2=C1N=CN(C2=O)CC(=C)Cl,B19R2.767414,299.802,Z154245804,CHEMBL4756283,ADORA1,enamine,VS_set_ADORA1_12048,7.1279798,0.16163410301953818,0.13217866909753875,0.15756227508550608,1.5756227508550609,0,2.9274900000000015,0,1868,C=CCn1c(=S)sc2c1ncn1nc(-c3ccco3)nc21,5.9824214,28.6108
VS_set_ADORA1_12049,CCCn1c(=S)sc2c(=N)n(NC(N)=O)cnc21,C=CCN1C(=S)SC2=C1N=CN(C2=O)CC(=C)F,B19R2.767414,283.348,PV-006964034421,CHEMBL4756283,ADORA1,enamine,VS_set_ADORA1_12049,7.164328,0.1606822262118492,0.13387978142076504,0.15686857860598025,1.5686857860598025,0,2.658190000000001,0,1868,C=CCn1c(=S)sc2c1ncn1nc(-c3ccco3)nc21,5.9260325,28.63775
VS_set_ADORA1_12061,CCCn1c(=S)sc2c(=N)n(NC(N)=O)cnc21,C=CCN1C(=S)SC2=C1N=CN(C2=O)CCO,B18R2.375108,269.346,Z335890096,CHEMBL4756283,ADORA1,enamine,VS_set_ADORA1_12061,7.1449103,0.14924039320822163,0.12783318223028106,0.1460271842469219,1.4602718424692192,0,1.1672899999999997,0,1868,C=CCn1c(=S)sc2c1ncn1nc(-c3ccco3)nc21,5.4894,28.338705
VS_set_ADORA1_12136,Nc1nc(-n2cccn2)nc(-n2cccn2)c1Br,CC1=CN=C(N=C1C2=CC=CN=C2)C3=CC=CN=C3,B21R3.889,248.283,Z4918202275,CHEMBL3694769,ADORA1,enamine,VS_set_ADORA1_12136,7.1090436,0.2152917505030181,0.2017716535433071,0.21040739965966723,2.1040739965966724,0,2.909020000000001,0,3711,CCNc1nc(-c2ccccc2)c(C#N)c(-c2cccnc2)n1,-33.75187,-1.9874221
VS_set_ADORA1_12174,Cc1cnc(-c2nc3c(-c4ccc(=O)n(C)c4)cnc(N)n3n2)s1,CC1=CN=C(O1)C(C)NC2=NC=NC=C2C3=CC=CC=C3,B23R3.14872,280.325,Z1618327811,CHEMBL5079363,ADORA1,enamine,VS_set_ADORA1_12174,7.021821,0.1195079086115993,0.10854092526690391,0.11661195471023933,1.1661195471023933,1,3.613120000000002,0,255,Cc1nc2nc(-c3ccccc3)[nH]c(NC(C)c3ccccc3)c-2c1C,-11.092053,0.97180647
VS_set_ADORA1_12240,O=C(Nc1nc(-c2cccs2)nc2cn(-c3ccccc3)nc12)c1cccs1,O=C(OCC1=CN(N=C1C2=CC=CS2)C3=CC=CC=C3)C4=CC=CO4,B28R4.1722169,350.393,Z86960056,CHEMBL3752862,ADORA1,enamine,VS_set_ADORA1_12240,7.072711,0.12163336229365769,0.0967741935483871,0.11530470242903361,1.1530470242903361,0,4.550800000000003,0,2867,O=C(c1ccco1)N(C(=O)c1ccco1)c1nc(-c2cccs2)nc2cn(-c3ccccc3)nc12,8.264629,-0.06639069
VS_set_ADORA1_12448,CSc1nc(N)nc(-c2cccc(-c3ccc4[nH]ccc4c3)c2)n1,NC1=NN(N=C1)C2=CC=CC(=C2)C3=CC=C4NC=CC4=C3,B24R4.21206,275.309,PV-007373918155,CHEMBL373827,ADORA1,enamine,VS_set_ADORA1_12448,7.0915375,0.1941747572815534,0.18157661647475642,0.1904022241131274,1.904022241131274,0,2.9978000000000007,0,1526,Nc1nc(-c2ccco2)c2nnn(Cc3ccc4[nH]ccc4c3)c2n1,-2.518893,5.932793
VS_set_ADORA1_12649,CCCn1c(Oc2cncc(Cl)c2)nc3nc(C4CCCC4)[nH]c3c1=O,CC(C1=CC=CN=C1)N(C(=O)C2=COC(=N2)C3CCCC3)C4CC4,B27R4.175920592,325.406,Z2010737481,CHEMBL4073088,ADORA1,enamine,VS_set_ADORA1_12649,7.040432,0.09519650655021834,0.09010600706713781,0.09331421595937453,0.9331421595937452,1,4.0930000000000035,0,1097,CN1C(=O)C2Nc3cccnc3C2N(C)C1=O,-4.95756,6.9907236
VS_set_ADORA1_12695,Cc1cc(-c2nnc(N)nc2-c2cc(F)cc(F)c2)cc(C)n1,OC1=C(C=C(C=C1F)C2=NC=CN=C2C3=CC=CC=C3)F,B23R3.671662,284.261,PV-007863682272,CHEMBL2024117,ADORA1,enamine,VS_set_ADORA1_12695,7.210418,0.2940630797773655,0.27805362462760674,0.2903348800045331,2.903348800045331,0,3.7944000000000013,0,2227,Cc1cc(-c2nnc(N)nc2-c2ccccc2)cc(C)c1O,-5.116338,-32.42911
VS_set_ADORA1_12696,Cc1cc(-c2nnc(N)nc2-c2cc(F)cc(F)c2)cc(C)n1,NC1=NC(=C(S1)C2=CC=CC(=C2)F)C3=CC=CC=C3,B21R3.223,270.326,Z3241472697,CHEMBL2024117,ADORA1,enamine,VS_set_ADORA1_12696,7.418858,0.25622119815668204,0.2315592903828198,0.24707821315709794,2.4707821315709793,0,4.198400000000002,0,2407,O=C(Nc1nc(-c2ccccc2)c(-c2ccncc2)s1)c1ccco1,30.870148,7.5458837
VS_set_ADORA1_12725,Cc1cc(-c2nnc(N)nc2-c2cc(F)cc(F)c2)cc(C)n1,NC1=NC(=C(S1)C2=CC(=NC(=C2)F)F)C3=CC=CC=C3,B22R3.10447,289.305,PV-007254952725,CHEMBL2024117,ADORA1,enamine,VS_set_ADORA1_12725,7.1188955,0.23308957952468007,0.2015065913370998,0.22587130686144902,2.2587130686144903,0,3.7325000000000017,0,2407,O=C(Nc1nc(-c2ccccc2)c(-c2ccncc2)s1)c1ccco1,31.243006,7.3586235
VS_set_ADORA1_12779,CC(Nc1nc(Cl)nc2c1ncn2C12CC(O)C(O)C1C2)C1CC1,CCOC(=O)C(C)N1C=NC2=C(N=CN=C12)NC(=O)C3CC3,B24R3.21062195,303.317,Z5537711960,CHEMBL3940056,ADORA1,enamine,VS_set_ADORA1_12779,7.371444,0.09259259259259259,0.08963093145869948,0.09165498922874037,0.9165498922874037,1,1.2989,0,760,CCNC(=O)C1OC(n2cnc3c(NC(=N)N)ncnc32)C(O)C1O,-2.9664476,9.242329
VS_set_ADORA1_12825,O=c1c(Cc2ccccc2)nnc2n(Cc3ccccc3)c3ccccc3n12,O=C(CC1=CC(=CC=C1)O)NC2=NC3=CC=CC=C3N2CC4=CC=CC=C4,B30R4.40707668,357.406,PV-007153266353,CHEMBL389418,ADORA1,enamine,VS_set_ADORA1_12825,7.082961,0.1157243816254417,0.11180124223602485,0.11412694908391992,1.1412694908391992,0,3.971400000000002,0,1114,O=C(Cc1ccccc1)Nc1nc2ccccc2n2nc(-c3ccco3)nc12,0.74970263,11.875065
VS_set_ADORA1_13103,CCOC(=O)c1nn(-c2cccc(Cl)c2)c(=O)c2c(N)scc12,CCOC(=O)C1=NN(C(=O)C2=CC=CC=C12)C3=CC=C(C(=C3)Cl)C,B26R3.233626116,342.777,Z762504408,CHEMBL461432,ADORA1,enamine,VS_set_ADORA1_13103,7.085878,0.13162544169611307,0.10669077757685352,0.1268670488290533,1.268670488290533,0,3.5242200000000024,0,1465,CCOC(=O)c1nn(-c2cccc(Cl)c2)c(=O)c2c(N)scc12,3.745541,18.966316
VS_set_ADORA1_13147,CCOC(=O)c1nn(-c2cccc(Cl)c2)c(=O)c2c(N)scc12,COC(=O)C1=NN(C(=O)C2=CC=CC=C12)C3=CC=C(C(=C3)Cl)C,B25R3.189055743,328.75,Z762422458,CHEMBL461432,ADORA1,enamine,VS_set_ADORA1_13147,7.177248,0.14135206321334504,0.132973944294699,0.13972227799344697,1.3972227799344696,0,3.134120000000001,0,1465,CCOC(=O)c1nn(-c2cccc(Cl)c2)c(=O)c2c(N)scc12,3.7599473,18.969145
VS_set_ADORA1_13150,CCOC(=O)c1nn(-c2cccc(Cl)c2)c(=O)c2c(N)scc12,CC1=CC=C(C=C1Cl)N2N=C(C3=CC=CC=C3C2=O)C(=O)OCCO,B27R3.347066665,358.776,Z794446104,CHEMBL461432,ADORA1,enamine,VS_set_ADORA1_13150,7.196714,0.13119026933101652,0.12310437109723461,0.12935184849354808,1.2935184849354808,0,2.4966200000000014,0,1465,CCOC(=O)c1nn(-c2cccc(Cl)c2)c(=O)c2c(N)scc12,3.748884,18.967085
VS_set_ADORA1_13515,Nc1nc(-c2ccccc2)c2c(n1)-c1cc(OCCCN3CCCCC3)ccc1C2,CC(=O)NC(=CC1=CC=CC=C1)C(=O)NC2=CC=C(C=C2)OCCCN3CCCC3,B32R3.18170260,407.506,Z1546576809,CHEMBL5084903,ADORA1,enamine,VS_set_ADORA1_13515,7.1281967,0.12147887323943662,0.11541850220264317,0.11960535607881044,1.1960535607881044,0,3.6670000000000025,0,3645,Nc1nc(-c2ccccc2)c2c(n1)-c1cc(OCCCN3CCCC3)ccc1C2,-8.925153,9.644999
VS_set_ADORA1_13628,O=C(Nc1ccc(-c2ccncc2F)c(-c2ccco2)n1)C1CC1,O=C(NC1=NC(=C(S1)C2=CC=CO2)C3=CC=CO3)C4CC4,B24R4.321728637,300.334,Z28420908,CHEMBL1079804,ADORA1,enamine,VS_set_ADORA1_13628,7.3547783,0.10492700729927007,0.09132007233273057,0.09972860610740802,0.9972860610740802,0,4.011600000000002,0,1843,O=C(Nc1ccc(-c2ccncn2)c(-c2ccco2)n1)C1CC1,20.78839,9.223924
VS_set_ADORA1_13643,O=C(Nc1ccc(-c2ccncc2F)c(-c2ccco2)n1)C1CC1,CCCC(=O)NC1=NC(=C(S1)C2=CC=CO2)C3=CC=CO3,B23R3.1889028,302.35,Z28420869,CHEMBL1079804,ADORA1,enamine,VS_set_ADORA1_13643,7.395945,0.11896243291592129,0.11319073083778966,0.1170267079357844,1.170267079357844,0,4.401700000000003,0,1467,CC(=O)N1CCC(Nc2nc(-c3ccco3)c(C(=O)c3ccccc3)s2)CC1,21.649387,10.091504
VS_set_ADORA1_13644,O=C(Nc1ccc(-c2ccncc2F)c(-c2ccco2)n1)C1CC1,CC(C)C(=O)NC1=NC(=C(S1)C2=CC=CO2)C3=CC=CO3,B23R3.3838050,302.35,Z28420860,CHEMBL1079804,ADORA1,enamine,VS_set_ADORA1_13644,7.291402,0.12334801762114538,0.11449016100178891,0.12019532400972921,1.201953240097292,0,4.257600000000003,0,1467,CC(=O)N1CCC(Nc2nc(-c3ccco3)c(C(=O)c3ccccc3)s2)CC1,21.83639,8.826778
VS_set_ADORA1_13645,O=C(Nc1ccc(-c2ccncc2F)c(-c2ccco2)n1)C1CC1,CCCC(=O)NC1=NC(=C(S1)C2=CC=NC=C2)C3=CC=CN=C3,B25R3.145798,324.402,Z3345522159,CHEMBL1079804,ADORA1,enamine,VS_set_ADORA1_13645,7.0226216,0.1356382978723404,0.1096136567834681,0.12297824810982243,1.2297824810982243,0,4.005700000000002,0,3659,Cc1cc(Br)cc(-c2nc(NC(=O)c3cccnc3)sc2-c2ccncc2)c1,31.717728,0.57188904
VS_set_ADORA1_13661,O=C(Nc1ccc(-c2ccncc2F)c(-c2ccco2)n1)C1CC1,CC1CC1C(=O)NC2=NC(=C(S2)C3=CC=CO3)C4=CC=CO4,B25R4.7669707,314.361,Z28421038,CHEMBL1079804,ADORA1,enamine,VS_set_ADORA1_13661,7.0795317,0.10695187165775401,0.0936663693131133,0.10242413042597039,1.0242413042597038,2,4.257600000000003,0,1467,CC(=O)N1CCC(Nc2nc(-c3ccco3)c(C(=O)c3ccccc3)s2)CC1,20.40895,8.307131
VS_set_ADORA1_13662,O=C(Nc1ccc(-c2ccncc2F)c(-c2ccco2)n1)C1CC1,C[C@@H]1C[C@H]1C(=O)NC2=NC(=C(S2)C3=CC=CO3)C4=CC=CO4,B25R4.7669707,314.361,Z1814381818,CHEMBL1079804,ADORA1,enamine,VS_set_ADORA1_13662,7.0795317,0.10695187165775401,0.0936663693131133,0.10242413042597039,1.0242413042597038,2,4.257600000000003,0,1467,CC(=O)N1CCC(Nc2nc(-c3ccco3)c(C(=O)c3ccccc3)s2)CC1,19.490385,8.201156
VS_set_ADORA1_13663,O=C(Nc1ccc(-c2ccncc2F)c(-c2ccco2)n1)C1CC1,C[C@H]1C[C@@H]1C(=O)NC2=NC(=C(S2)C3=CC=CO3)C4=CC=CO4,B25R4.7669707,314.361,Z1711320489,CHEMBL1079804,ADORA1,enamine,VS_set_ADORA1_13663,7.0795317,0.10695187165775401,0.0936663693131133,0.10242413042597039,1.0242413042597038,2,4.257600000000003,0,1467,CC(=O)N1CCC(Nc2nc(-c3ccco3)c(C(=O)c3ccccc3)s2)CC1,19.837862,8.790192
VS_set_ADORA1_13691,O=C(Nc1ccc(-c2ccncc2F)c(-c2ccco2)n1)C1CC1,C#CC1(CC1)C(=O)NC2=NC(=C(S2)C3=CC=NC=C3F)C4=CC=CN=C4,B29R4.155995404,364.398,PV-005792003417,CHEMBL1079804,ADORA1,enamine,VS_set_ADORA1_13691,7.338053,0.12598425196850394,0.11484098939929328,0.12124042222469131,1.2124042222469131,0,3.7581000000000016,0,3659,Cc1cc(Br)cc(-c2nc(NC(=O)c3cccnc3)sc2-c2ccncc2)c1,32.792282,2.1221557
VS_set_ADORA1_13695,O=C(Nc1ccc(-c2ccncc2F)c(-c2ccco2)n1)C1CC1,N#CC1(CC1)C(=O)NC2=NC(=C(S2)C3=CC=NC=C3F)C4=CC=CN=C4,B29R4.155995404,365.386,PV-005996178559,CHEMBL1079804,ADORA1,enamine,VS_set_ADORA1_13695,7.3319697,0.12588028169014084,0.11650485436893204,0.12173440930509585,1.2173440930509585,0,3.648480000000002,0,3658,Cc1cc(F)cc(-c2nc(NC(=O)c3cccnc3)sc2-c2ccncc2)c1,32.84933,2.1433258
VS_set_ADORA1_13700,O=C(Nc1ccc(-c2ccncc2F)c(-c2ccco2)n1)C1CC1,O=C(CC1CC1)NC2=NC(=C(S2)C3=CC=CO3)C4=CC=CO4,B25R4.24131732,314.361,Z363188078,CHEMBL1079804,ADORA1,enamine,VS_set_ADORA1_13700,7.2387743,0.11091234347048301,0.09882139619220308,0.1058986530894381,1.058986530894381,0,4.401700000000003,0,2071,O=C(CC1CCCC1)Nc1cnc(-c2ccncc2)c(-c2ccco2)n1,20.607464,10.305759
VS_set_ADORA1_13727,Cn1c(=O)c2[nH]c(C34CC5CC(CC3C5)C4)nc2n(C)c1=O,CN1C(=O)C2=C(N=C(N2)N3CC4CC(CC(C4)C3)O)N(C1=O)C,B26R4.448086249,319.36,Z5342656099,CHEMBL3093327,ADORA1,enamine,VS_set_ADORA1_13727,7.228587,0.09308510638297872,0.08637577916295637,0.09060856533283311,0.9060856533283311,2,-0.4425000000000001,1,2481,Cn1c(=O)c2[nH]c(-c3ccc(OCCC4CCNCC4)cc3)nc2n(C)c1=O,-3.6224217,15.138881
VS_set_ADORA1_13742,Cn1c(=O)c2[nH]c(C34CC5CC(CC3C5)C4)nc2n(C)c1=O,CN1C(=O)C2=C(N=C(N2)N3CC4COCC(C4)C3)N(C1=O)C,B25R4.298082370,305.333,Z2970054731,CHEMBL3093327,ADORA1,enamine,VS_set_ADORA1_13742,7.163259,0.09481216457960644,0.08993766696349065,0.09256282380418615,0.9256282380418615,2,-0.5669999999999993,1,2481,Cn1c(=O)c2[nH]c(-c3ccc(OCCC4CCNCC4)cc3)nc2n(C)c1=O,-3.656238,15.127811
VS_set_ADORA1_14227,Cn1nc(-c2ccccc2)c2cnnc(NCc3ccccc3)c21,CN1N=C(C(=C1C(=O)NCC2=CC=CC=C2Br)C#N)C3=CC=CC=C3,B27R3.15329034,395.253,PV-005643062183,CHEMBL5195631;CHEMBL5195631;CHEMBL5195631;CHEMBL5195631;CHEMBL5195631,ADORA1,enamine,VS_set_ADORA1_14227,7.228444,0.12698412698412698,0.12357581069237511,0.125449462862457,1.25449462862457,0,3.6512800000000025,0,2313,CCC1CN2C(=O)N(C)c3nc(-c4ccccc4)[nH]c3C2=N1,-0.27392274,2.9889421
VS_set_ADORA1_14256,Cn1nc(-c2ccccc2)c2cnnc(NCc3ccccc3)c21,OC1=CC=CC(=C1)CNC2=NC=CN3C2=CC(=N3)C4=CC=CC=C4,B27R4.3521306,316.357,PV-003265335701,CHEMBL5195631;CHEMBL5195631;CHEMBL5195631;CHEMBL5195631;CHEMBL5195631,ADORA1,enamine,VS_set_ADORA1_14256,7.138974,0.10645724258289703,0.10272168568920105,0.10483803276172923,1.0483803276172923,0,3.714000000000002,0,2616,O=c1c2ncn3nc(-c4ccccc4)cc3c2c(C2CCCC2)nn1Cc1ccccc1,-1.3686783,-4.7386365
VS_set_ADORA1_14303,Oc1ccc(-c2nnc3nc4ccccc4n3c2O)cc1O,CC1=CC(=CC=C1F)C2=CN3C(=NC4=CC=CC=C34)N=C2,B24R4.338024,277.296,PV-008650299638,CHEMBL7334,ADORA1,enamine,VS_set_ADORA1_14303,7.146814,0.19377777777777777,0.18849557522123894,0.1917972705491481,1.917972705491481,0,3.9970200000000027,0,3494,CC1=C(C(=O)OC(C)C)C(c2ccco2)n2c(nc3ccccc32)N1,2.2655187,23.153889
VS_set_ADORA1_14304,Oc1ccc(-c2nnc3nc4ccccc4n3c2O)cc1O,CC1=CC(=CC=C1N)C2=CN3C(=NC4=CC=CC=C34)N=C2,B24R4.338024,274.32,PV-008225966236,CHEMBL7334,ADORA1,enamine,VS_set_ADORA1_14304,7.0506573,0.18733509234828497,0.18181818181818182,0.18506845750837192,1.850684575083719,0,3.440120000000001,0,635,O=C(Nc1nc2ccccc2n2c(=O)n(-c3ccccc3)nc12)C(c1ccccc1)c1ccccc1,2.4041548,23.351852
VS_set_ADORA1_14307,Oc1ccc(-c2nnc3nc4ccccc4n3c2O)cc1O,FC1=CC=C(C=C1F)C2=CN3C(=NC4=CC=CC=C34)N=C2,B24R4.338024,281.26,PV-008540684908,CHEMBL7334,ADORA1,enamine,VS_set_ADORA1_14307,7.096842,0.23603603603603604,0.23220973782771537,0.23452153927639893,2.3452153927639894,0,3.8277000000000028,0,829,Cn1c2ccccc2n2c(=O)c(-c3ccccc3)nnc12,2.0534897,22.852121
VS_set_ADORA1_14542,O=C(CNc1ccccc1)Nc2n[nH]c3cnc(Nc4ccccc4)cc23,O=C(CNC1=CC=C(C=C1)Br)NCCNC2=CC=C(N=N2)C3=CC=CC=C3,B29R3.207578,426.31,Z1382522250,CHEMBL5201810,ADORA1,enamine,VS_set_ADORA1_14542,7.0209475,0.15317667536988686,0.14759825327510917,0.1514832353034635,1.514832353034635,0,3.5463000000000022,0,3604,Nc1nc(-c2ccc(NCC(=O)c3ccc(S(N)(=O)=O)cc3)cc2)cn2c(=O)n(-c3ccccc3)nc12,-18.493977,21.396729
VS_set_ADORA1_14543,O=C(CNc1ccccc1)Nc2n[nH]c3cnc(Nc4ccccc4)cc23,O=C(CNC1=CC=CC=C1Cl)NCCNC2=CC=C(N=N2)C3=CC=CC=C3,B29R3.5027910,381.859,Z1382523175,CHEMBL5201810,ADORA1,enamine,VS_set_ADORA1_14543,7.1001353,0.1422376409366869,0.1399825021872266,0.14140907964347593,1.4140907964347593,0,3.4372000000000016,0,2313,CCC1CN2C(=O)N(C)c3nc(-c4ccccc4)[nH]c3C2=N1,-18.491377,21.39607
VS_set_ADORA1_14544,O=C(CNc1ccccc1)Nc2n[nH]c3cnc(Nc4ccccc4)cc23,O=C(CNC1=CC(=CC=C1)Cl)NCCNC2=CC=C(N=N2)C3=CC=CC=C3,B29R3.6307033,381.859,Z1382524505,CHEMBL5201810,ADORA1,enamine,VS_set_ADORA1_14544,7.0367455,0.14834205933682373,0.1431064572425829,0.14665066110205224,1.4665066110205225,0,3.4372000000000016,0,96,CCCn1c(=O)c2nc(-c3ccc(NC(=O)Nc4cccc(Cl)c4)cc3)[nH]c2n(CCC)c1=O,-18.492893,21.39534
VS_set_ADORA1_14686,CCOC(=O)N1Cc2nc(-c3ccc(OC)cc3)nn2-c2cc(C)ccc21,CCN1C(=O)N(C2=CC=CC=C12)CC3=NOC(=N3)C4=CC=C(C=C4)OC,B29R4.109552,350.372,Z1162789486,CHEMBL3355976,ADORA1,enamine,VS_set_ADORA1_14686,7.034952,0.11811023622047244,0.09929701230228472,0.11437996075969922,1.1437996075969923,0,2.929800000000001,0,511,CCCn1c(=O)c2nc(-c3cnn(Cc4noc(-c5ccc(OC)cc5)n4)c3)[nH]c2n(CCC)c1=O,5.119903,9.634063
VS_set_ADORA1_15085,N=c1nc(N)c2c(C(F)(F)F)cc(-c3ccccc3)nc2[nH]1,NC1=NC=C(C=N1)C2=C(N(N=C2)C3=CC=CC=C3)C(F)(F)F,B24R3.2310580,305.258,PV-008247400154,CHEMBL5187176,ADORA1,enamine,VS_set_ADORA1_15085,7.4077783,0.20863309352517986,0.2062780269058296,0.20754770472785372,2.0754770472785373,0,2.9303000000000017,0,1097,CN1C(=O)C2Nc3cccnc3C2N(C)C1=O,-4.4583435,-3.908733
VS_set_ADORA1_15378,Cc1ccc(C(=O)Nc2c(C(=O)NC3CCCC3)[nH]c4ccc(C)cc24)cc1,O=C(NC(CC1=CC=CC=C1)C(=O)NC2CCCC2)C3=CC=CC=C3,B27R3.4632436,336.428,PV-002444366581,CHEMBL4455491,ADORA1,enamine,VS_set_ADORA1_15378,7.006981,0.10123239436619719,0.09388839681133747,0.0987593422170786,0.987593422170786,1,3.086500000000001,0,2249,Nc1ncnc2c1ncn2C1OC(C(=O)NC2CCCC2)C(O)C1O,-7.5895863,4.62192
VS_set_ADORA1_15498,O=C(c1ccco1)c1nc(C(F)(F)F)nc2ccsc12,O=C(NCC1=CC=CO1)C2=C3C=CC=CN3C(=N2)C(F)(F)F,B24R3.33911644,309.244,PV-002587979546,CHEMBL410498,ADORA1,enamine,VS_set_ADORA1_15498,7.0089364,0.11665182546749778,0.09566787003610108,0.11162660674045104,1.1162660674045104,0,2.876100000000001,0,3836,Nc1nc(C(=O)NCc2ccco2)cn2c1nc1ccccc12,10.560794,7.8049912
VS_set_ADORA1_15577,S=c1sc2c(ncn3nc(-c4ccco4)nc23)n1-c1cccc(I)c1,BrC1=CC=CC(=C1)N2C=C(C=N2)C3=NC(=NO3)C4=CC=CO4,B25R4.21771,357.162,Z1890722459,CHEMBL1093479,ADORA1,enamine,VS_set_ADORA1_15577,7.3036733,0.15967885816235505,0.1520361990950226,0.15788709362881348,1.5788709362881348,0,3.9448000000000016,0,2933,Nc1nc(-c2ccco2)nc2cn(-c3ccccc3O)nc12,18.998325,2.9902534
VS_set_ADORA1_15579,S=c1sc2c(ncn3nc(-c4ccco4)nc23)n1-c1cccc(I)c1,ClC1=CC=CC(=C1)N2C=C(C=N2)C3=NC(=NO3)C4=CC=CO4,B25R4.21771,312.711,Z1890725290,CHEMBL1093479,ADORA1,enamine,VS_set_ADORA1_15579,7.405676,0.1612046058458813,0.1543264942016057,0.15957177424015748,1.5957177424015747,0,3.835700000000002,0,1872,S=c1sc2c(ncn3nc(-c4ccco4)nc23)n1-c1cccc(Cl)c1,19.236712,2.7608972
VS_set_ADORA1_15583,S=c1sc2c(ncn3nc(-c4ccco4)nc23)n1-c1cccc(I)c1,FC1=CC=CC(=C1)N2C=C(C=N2)C3=NC(=NO3)C4=CC=CO4,B25R4.21771,296.257,PV-003510739428,CHEMBL1093479,ADORA1,enamine,VS_set_ADORA1_15583,7.18896,0.16787003610108303,0.16474756421612047,0.16669790908454968,1.6669790908454967,0,3.3214000000000015,0,835,O=c1n(-c2cccc(F)c2)nc2c(NC3CCCC3)nc3ccccc3n12,19.219282,2.8425372
VS_set_ADORA1_15589,S=c1sc2c(ncn3nc(-c4ccco4)nc23)n1-c1cccc(I)c1,CC1=CC(=C(N1C2=CC=CC=N2)C)C3=NC(=NO3)C4=CC=CO4,B26R4.2000023,306.319,Z1890724373,CHEMBL1093479,ADORA1,enamine,VS_set_ADORA1_15589,7.1269097,0.11662315056570931,0.10984182776801406,0.11488647284942496,1.1488647284942497,0,3.799140000000002,0,3494,CC1=C(C(=O)OC(C)C)C(c2ccco2)n2c(nc3ccccc32)N1,15.831677,4.1511254
VS_set_ADORA1_15592,S=c1sc2c(ncn3nc(-c4ccco4)nc23)n1-c1cccc(I)c1,CC1=CC(=CC=C1)N2N=CC(=C2C)C3=NC(=NO3)C4=CC=CO4,B26R4.8851842,306.319,Z1890727288,CHEMBL1093479,ADORA1,enamine,VS_set_ADORA1_15592,7.028404,0.12279151943462897,0.11650485436893204,0.11977395894865997,1.1977395894865996,0,3.799140000000002,0,836,Cc1cccc(-n2nc3c(NC4CCCC4)nc4ccccc4n3c2=O)c1,16.291824,4.3143005
VS_set_ADORA1_15618,S=c1sc2c(ncn3nc(-c4ccco4)nc23)n1-c1cccc(I)c1,CC(CC1=CC=CO1)NC2=NC=NC3=C2N=CN3C4=CC=CC=C4,B27R4.23362411,319.361,PV-002464150447,CHEMBL1093479,ADORA1,enamine,VS_set_ADORA1_15618,7.041422,0.09210526315789473,0.07766990291262135,0.08836375738929685,0.8836375738929685,1,3.4516000000000018,0,4037,CC(Cc1ccccc1)Nc1ncnc2c1ncn2C1OC(CO)C(O)C1O,-3.7262852,8.45186
VS_set_ADORA1_15670,O=c1[nH]c(-c2ccccc2)cn3c(=O)n(-c4ccccc4O)nc13,CC1=NN(C(=O)N1CC(=O)C2=CC=CC=C2)C3=CC=CC=C3,B24R3.2329377,293.321,PV-002786112946,CHEMBL4062442,ADORA1,enamine,VS_set_ADORA1_15670,7.156968,0.14375561545372867,0.13926325247079965,0.14179130996125106,1.4179130996125104,0,2.22532,0,2630,CCC(=O)N1Cc2nc(-c3ccccc3)nn2-c2ccccc21,-5.2695494,9.446406
VS_set_ADORA1_15679,O=c1[nH]c(-c2ccccc2)cn3c(=O)n(-c4ccccc4O)nc13,CC(NC(=O)C1=CC(=O)N(N=C1)C2=CC=CC=C2)C3=CC=CC=C3,B26R3.21893,319.358,PV-002869457840,CHEMBL4062442,ADORA1,enamine,VS_set_ADORA1_15679,7.0418305,0.10856134157105031,0.09391771019677997,0.10506329472152194,1.0506329472152194,1,2.7235000000000014,0,255,Cc1nc2nc(-c3ccccc3)[nH]c(NC(C)c3ccccc3)c-2c1C,-6.3825364,11.205317
VS_set_ADORA1_15680,O=c1[nH]c(-c2ccccc2)cn3c(=O)n(-c4ccccc4O)nc13,C[C@@H](NC(=O)C1=CC(=O)N(N=C1)C2=CC=CC=C2)C3=CC=CC=C3,B26R3.21893,319.358,PV-002869457839,CHEMBL4062442,ADORA1,enamine,VS_set_ADORA1_15680,7.0418305,0.10856134157105031,0.09391771019677997,0.10506329472152194,1.0506329472152194,1,2.7235000000000014,0,255,Cc1nc2nc(-c3ccccc3)[nH]c(NC(C)c3ccccc3)c-2c1C,-6.3816648,11.20533
VS_set_ADORA1_15681,O=c1[nH]c(-c2ccccc2)cn3c(=O)n(-c4ccccc4O)nc13,C[C@H](NC(=O)C1=CC(=O)N(N=C1)C2=CC=CC=C2)C3=CC=CC=C3,B26R3.21893,319.358,PV-002869457838,CHEMBL4062442,ADORA1,enamine,VS_set_ADORA1_15681,7.0418305,0.10856134157105031,0.09391771019677997,0.10506329472152194,1.0506329472152194,1,2.7235000000000014,0,255,Cc1nc2nc(-c3ccccc3)[nH]c(NC(C)c3ccccc3)c-2c1C,-6.3825326,11.205081
VS_set_ADORA1_15801,N#Cc1c(NC2CCCC2)nc(SCCO)c(C#N)c1-c1ccco1,N#CC1=CC=CC=C1CSC2=NC3=C(CCC3)C(=C2C#N)C4=CC=CO4,B29R4.86803929,357.43,Z51636011,CHEMBL4448160,ADORA1,enamine,VS_set_ADORA1_15801,7.0092373,0.104,0.09018567639257294,0.09903141746962371,0.9903141746962372,0,4.865960000000004,0,3468,N#Cc1c(NC2CCCC2)nc(SCCO)c(C#N)c1-c1ccco1,9.691702,-4.4668016
VS_set_ADORA1_15883,S=c1c2ncn3nc(-c4ccccc4)cc3c2c(C2CCCCC2)nn1Cc1ccccc1,O=C(NC1=CC(=NS1)C2=CC=CC=C2)C(=O)N(CC3=CC=CC=C3)CC4CCOCC4,B34R4.10609754,435.541,Z1788449267,CHEMBL3359415,ADORA1,enamine,VS_set_ADORA1_15883,7.013162,0.10801393728222997,0.09982486865148861,0.1050340121464248,1.050340121464248,0,4.204000000000003,0,2616,O=c1c2ncn3nc(-c4ccccc4)cc3c2c(C2CCCC2)nn1Cc1ccccc1,-7.6841955,-1.8756524
VS_set_ADORA1_16069,Nc1nc2c(cnn2CCN2CCOCC2)c2nn(Cc3cccc(Cl)c3)c(=O)n12,O=C(NC1=CC=NN1CCN2CCOCC2)C3=CC(=O)N(N=C3)C4=CC=CC=C4,B32R4.3342263,394.428,Z4503825671,CHEMBL1762515,ADORA1,enamine,VS_set_ADORA1_16069,7.042406,0.10121107266435986,0.09130434782608696,0.09829513956860417,0.9829513956860416,0,1.0134999999999998,0,3550,Nc1nc(-c2ccc(NC(=O)CCN3CCOCC3)cc2)cn2c(=O)n(-c3ccccc3)nc12,-5.097492,11.210447
VS_set_ADORA1_16231,Cc1cccnc1Nc1nc(-c2cccc(C#N)c2)c(-n2ccnc2)s1,O=C(NC1=CC=CN=N1)NC(CN2C=CN=C2)C3=CC=CC=C3,B25R3.357559,308.338,PV-002575593050,CHEMBL2115302,ADORA1,enamine,VS_set_ADORA1_16231,7.038793,0.09306409130816505,0.08938053097345133,0.09094626005609087,0.9094626005609087,1,2.2361000000000004,0,1097,CN1C(=O)C2Nc3cccnc3C2N(C)C1=O,-4.624533,5.6232095
VS_set_ADORA1_16290,Cc1ccc(COc2ccc(CC(=O)Nc3ncnc4c3nc(-c3ccco3)n4C)cc2)cc1,CC1=CC=C(C=C1)COC2=CC=C(C=C2)CC(C)NC(=O)C3=CC=C(NC3=O)C4=CC=CO4,B36R4.236559725,442.507,Z1048718072,CHEMBL3087712,ADORA1,enamine,VS_set_ADORA1_16290,7.056361,0.09878682842287695,0.08916083916083917,0.0955107676341366,0.955107676341366,1,4.883320000000003,0,3631,CC1=C(C(=O)OCc2ccccc2)C(c2ccco2)NC(=O)N1C,13.078342,9.721652
VS_set_ADORA1_16357,N#CC1=C(N)Cc2nc(-c3ccccc3)nn2C1=O,ClC1=CC=CC(=C1)C2=NN3C=C(C=CC3=N2)Br,B19R3.3937,308.561,Z3242696983,CHEMBL5171044,ADORA1,enamine,VS_set_ADORA1_16357,7.1010313,0.1982142857142857,0.19363636363636363,0.19664079275102822,1.9664079275102821,0,3.8122000000000007,0,3452,Clc1cccc(-c2nc(N3CCCCC3)c3nc[nH]c3n2)c1,-27.98203,7.813383
VS_set_ADORA1_16358,N#CC1=C(N)Cc2nc(-c3ccccc3)nn2C1=O,FC1=CC=CC(=C1)C2=NN3C=C(C=CC3=N2)Br,B19R3.3937,292.106,Z3242695865,CHEMBL5171044,ADORA1,enamine,VS_set_ADORA1_16358,7.002916,0.20483005366726298,0.19891500904159132,0.2025600155866032,2.025600155866032,0,3.2979000000000003,0,1459,CCCn1c(=O)c2c(cc(-c3ccccc3)n2O)n(CCC)c1=O,-27.990055,7.819512
VS_set_ADORA1_16360,N#CC1=C(N)Cc2nc(-c3ccccc3)nn2C1=O,OC1=CC=CC(=C1)C2=NN3C=C(C=CC3=N2)Br,B19R3.3937,290.115,PV-004842360589,CHEMBL5171044,ADORA1,enamine,VS_set_ADORA1_16360,7.384054,0.19077196095829635,0.184377838328792,0.1886256823466102,1.886256823466102,0,2.8644000000000007,0,3451,Oc1cccc(-c2nc(N3CCCCC3)c3nc[nH]c3n2)c1,-27.863876,7.647023
VS_set_ADORA1_16398,Clc1ccc(-c2[nH]c(-c3ccccc3)nc-4nc(C5CCCCC5)nc24)cc1Cl,O=C(NC1=NC(=C(O1)C2=CC=CC=C2)C3=CC=CC=C3)C4CCCCO4,B29R4.225717,348.396,Z1567993932,CHEMBL383130,ADORA1,enamine,VS_set_ADORA1_16398,7.0947237,0.11586452762923351,0.11191992720655142,0.11497767336374468,1.1497767336374467,1,4.516200000000003,0,2293,O=C(Nc1nc(-c2ccccc2)n[nH]1)C1CCCO1,-16.863117,-24.682951
VS_set_ADORA1_16399,Clc1ccc(-c2[nH]c(-c3ccccc3)nc-4nc(C5CCCCC5)nc24)cc1Cl,O=C(NC1=NC(=C(O1)C2=CC=CC=C2)C3=CC=CC=C3)C4CCCOC4,B29R4.225717,348.396,Z1567994390,CHEMBL383130,ADORA1,enamine,VS_set_ADORA1_16399,7.2193913,0.11484098939929328,0.11052166224580018,0.11345317263527419,1.134531726352742,1,4.373700000000003,0,3194,CCn1c(-c2ccccc2)nc2c(NC3CCOC3)ncnc21,-16.685684,-25.028786
VS_set_ADORA1_16400,Clc1ccc(-c2[nH]c(-c3ccccc3)nc-4nc(C5CCCCC5)nc24)cc1Cl,O=C(NC1=NC(=C(O1)C2=CC=CC=C2)C3=CC=CC=C3)C4CCOCC4,B29R4.225717,348.396,Z1476769740,CHEMBL383130,ADORA1,enamine,VS_set_ADORA1_16400,7.6135764,0.1311329170383586,0.1278127812781278,0.129708604913161,1.29708604913161,0,4.373700000000003,0,1819,O=C(Nc1ccc(-c2ccncc2)c(-c2ccco2)n1)C1CC1,-16.863455,-25.488388
VS_set_ADORA1_16402,Clc1ccc(-c2[nH]c(-c3ccccc3)nc-4nc(C5CCCCC5)nc24)cc1Cl,O=C(NC1=NC(=C(S1)C2=CC=CC=C2)C3=CC=CC=C3)C4CCOCC4,B29R4.225717,364.463,Z73266070,CHEMBL383130,ADORA1,enamine,VS_set_ADORA1_16402,7.3390136,0.1106233538191396,0.09680365296803653,0.10506743273542005,1.0506743273542005,0,4.842200000000004,0,1962,Cc1noc(-c2sc(NC(=O)C3CC3)nc2-c2ccccc2)n1,26.076765,3.2746675
VS_set_ADORA1_16445,Clc1ccc(-c2[nH]c(-c3ccccc3)nc-4nc(C5CCCCC5)nc24)cc1Cl,BrC1=CC=C2N=C(C=C(C2=C1)C3=NC(=NO3)C4COCCN4)C5=CC=CC=C5,B32R5.5388454,437.29,Z4778015408,CHEMBL383130,ADORA1,enamine,VS_set_ADORA1_16445,7.148909,0.11208406304728546,0.10822510822510822,0.11057207991252498,1.1057207991252498,1,4.375200000000003,0,2616,O=c1c2ncn3nc(-c4ccccc4)cc3c2c(C2CCCC2)nn1Cc1ccccc1,-10.118488,-3.1212776
VS_set_ADORA1_16488,CCCC(=O)Nc1cc(-c2ccsc2)nc(-c2ccsc2)n1,C=C(CCN)CNC1=NC(=NC2=CC=CC=C12)C3=CSC=C3,B24R3.933582,310.418,PV-006702319928,CHEMBL1650395,ADORA1,enamine,VS_set_ADORA1_16488,7.225959,0.13315696649029982,0.1303964757709251,0.1319042175436148,1.319042175436148,0,3.675200000000002,0,1097,CN1C(=O)C2Nc3cccnc3C2N(C)C1=O,-19.847534,3.6649308
VS_set_ADORA1_16597,COc1ccc(-c2nc(-c3ccccc3)c4[nH]cnc4n2)cc1,COC1=CC=C(C=C1)C2=NC=C(C(=N2)C3=CC=CN=C3)C,B23R3.433,277.321,PV-002757812658,CHEMBL207760,ADORA1,enamine,VS_set_ADORA1_16597,7.0029945,0.1834372217275156,0.1774193548387097,0.18103297909152213,1.8103297909152214,0,3.5226200000000016,0,1100,CN1C(=O)C2Nc3cnccc3C2N(C)C1=O,-33.117985,-2.2652977
VS_set_ADORA1_16630,COc1ccc(-c2nc(-c3ccccc3)c4[nH]cnc4n2)cc1,CC1=CN=C(N=C1C2=CC=CN=C2)C3=CC=C(C=C3)O,B22R3.10859,263.295,PV-002768958145,CHEMBL207760,ADORA1,enamine,VS_set_ADORA1_16630,7.1650133,0.1927497789566755,0.18385650224215247,0.1900096940844752,1.9000969408447521,0,3.219620000000002,0,1100,CN1C(=O)C2Nc3cnccc3C2N(C)C1=O,-33.39919,-1.8825405
VS_set_ADORA1_16631,COc1ccc(-c2nc(-c3ccccc3)c4[nH]cnc4n2)cc1,CCOC1=CC=C(C=C1)C2=NC=C(C(=N2)C3=CC=CN=C3)C,B24R3.4607,291.348,PV-002857567733,CHEMBL207760,ADORA1,enamine,VS_set_ADORA1_16631,7.0274696,0.17563989408649602,0.16785714285714284,0.17324898279339346,1.7324898279339347,0,3.912720000000002,0,1100,CN1C(=O)C2Nc3cnccc3C2N(C)C1=O,-32.876907,-2.0716047
VS_set_ADORA1_16636,COc1ccc(-c2nc(-c3ccccc3)c4[nH]cnc4n2)cc1,COC1=CC=C(C=C1F)C2=NC=C(C(=N2)C3=CC=CN=C3)C,B24R3.2017195,295.312,PV-002818154328,CHEMBL207760,ADORA1,enamine,VS_set_ADORA1_16636,7.521365,0.16476774758983348,0.15569395017793594,0.16132213141672286,1.6132213141672285,0,3.6617200000000025,0,1100,CN1C(=O)C2Nc3cnccc3C2N(C)C1=O,-33.009796,-2.692529
VS_set_ADORA1_16649,COc1ccc(-c2nc(-c3ccccc3)c4[nH]cnc4n2)cc1,COC1=CC=C(C=C1)C2=C(SC(=N2)C3=CC=CC=C3)C,B22R3.418,281.374,Z48854078,CHEMBL207760,ADORA1,enamine,VS_set_ADORA1_16649,7.056985,0.22823098075160403,0.21671525753158405,0.22160749173874503,2.2160749173874503,0,4.794120000000004,0,3340,COc1ccc(-c2nc(N)c3nc(-c4ccccc4)sc3n2)cc1,12.189893,19.44097
VS_set_ADORA1_16750,N#Cc1c(-c2ccc(Cl)cc2)cc(-c2ccccc2Cl)nc1N,NC1=NC(=C(S1)C2=CC=C(C=C2)Cl)C3=CC=CC=C3,B21R3.210,286.781,Z3241472687,CHEMBL375764,ADORA1,enamine,VS_set_ADORA1_16750,7.440124,0.2632066728452271,0.2408622305529522,0.2572028266282592,2.572028266282592,0,4.7127000000000026,0,2407,O=C(Nc1nc(-c2ccccc2)c(-c2ccncc2)s1)c1ccco1,30.254364,7.2704988
VS_set_ADORA1_16780,N#Cc1c(-c2ccc(Cl)cc2)cc(-c2ccccc2Cl)nc1N,NC1=NC(=C(S1)C2=CC=C(C=C2)F)C3=CC=CC=C3,B21R3.210,270.326,Z3241472700,CHEMBL375764,ADORA1,enamine,VS_set_ADORA1_16780,7.543852,0.2637979420018709,0.23800564440263405,0.25653409519790066,2.5653409519790067,0,4.198400000000002,0,2407,O=C(Nc1nc(-c2ccccc2)c(-c2ccncc2)s1)c1ccco1,30.559092,7.421631
VS_set_ADORA1_17152,CC(Oc1cccc(Cl)c1)C(=O)Nc2nc(-c3ccccc3)n[nH]2,CC(OC1=CC(=CC(=C1)Cl)Cl)C(=O)NCC2=NC(=NN2)C3=CC=CC=C3,B28R3.3097266,391.252,Z1049855074,CHEMBL2151249,ADORA1,enamine,VS_set_ADORA1_17152,7.1864977,0.13624454148471615,0.12977777777777777,0.13370758758893403,1.3370758758893402,1,3.8622000000000014,0,1460,CCCn1c(=O)c2[nH]c(-c3ccccc3)cc2n(CCC)c1=O,-9.814258,2.7082639
VS_set_ADORA1_17470,COc1ccccc1C(=O)Nc1nc(N)nc(-c2ccco2)c1[N+](=O)[O-],CCC1=CC=CN=C1CNC2=CC(=NC(=N2)C)C3=CC=CO3,B24R3.5924831,294.352,PV-002507281073,CHEMBL563034,ADORA1,enamine,VS_set_ADORA1_17470,7.052292,0.09833187006145742,0.09074733096085409,0.09508760886315534,0.9508760886315535,0,3.6145200000000024,0,1786,Cc1cccnc1CNC(=O)c1cc(N)nc(-c2ccco2)c1,12.176321,11.149558
VS_set_ADORA1_17727,COc1cccc(CNc2nc(N)c3nc(-c4cnccn4)sc3n2)c1,COC1=CC=CC(=C1)CCNC(=O)C2=CSC(=N2)C3=CC=CC=N3,B26R3.14218,339.413,Z952898730,CHEMBL4129565,ADORA1,enamine,VS_set_ADORA1_17727,7.046011,0.12163336229365769,0.11642050390964379,0.1190669299806559,1.1906692998065591,0,3.1862000000000013,0,1503,COc1cccc(-n2c(=O)n(Cc3c(F)cccc3F)c3cnc(NCCc4ccccn4)nc32)c1,7.032942,9.987818
VS_set_ADORA1_17831,CCOCc1sc(NC(=O)c2ccco2)nc1-c1ccccc1,CCOC(=O)C1=C(N=C(S1)NC(=O)C2=C(C=CO2)Br)C3=CC=CC=C3,B27R3.5261380,421.266,Z1359502340,CHEMBL1222242,ADORA1,enamine,VS_set_ADORA1_17831,7.192729,0.11565217391304349,0.05498602050326188,0.10137312033850868,1.0137312033850867,0,4.594600000000003,0,1949,CCOC(=O)c1sc(NC(=O)c2ccco2)nc1-c1ccccc1,23.612934,-7.947904
VS_set_ADORA1_17833,CCOCc1sc(NC(=O)c2ccco2)nc1-c1ccccc1,CCOC(=O)C1=C(N=C(S1)NC(=O)C2=C(C=CO2)Cl)C3=CC=CC=C3,B27R3.5261380,376.816,Z2169634719,CHEMBL1222242,ADORA1,enamine,VS_set_ADORA1_17833,7.231665,0.11592920353982301,0.04677268475210477,0.09990796603932198,0.9990796603932198,0,4.485500000000003,0,1949,CCOC(=O)c1sc(NC(=O)c2ccco2)nc1-c1ccccc1,23.32301,-8.281545
VS_set_ADORA1_17834,CCOCc1sc(NC(=O)c2ccco2)nc1-c1ccccc1,CCOC(=O)C1=C(N=C(S1)NC(=O)C2=C(C=CO2)F)C3=CC=CC=C3,B27R3.5261380,360.361,PV-005457734532,CHEMBL1222242,ADORA1,enamine,VS_set_ADORA1_17834,7.0584345,0.11900532859680284,0.044256120527306965,0.1019874973660039,1.019874973660039,0,3.9712000000000023,0,1949,CCOC(=O)c1sc(NC(=O)c2ccco2)nc1-c1ccccc1,23.403685,-8.40036
VS_set_ADORA1_17841,CCOCc1sc(NC(=O)c2ccco2)nc1-c1ccccc1,CCC1=C(N=C(S1)NC(=O)C2=C(C=CO2)Br)C3=CC=CC=C3,B24R3.2070232,377.257,Z1359589006,CHEMBL1222242,ADORA1,enamine,VS_set_ADORA1_17841,7.123581,0.12310437109723461,0.09935602575896964,0.11490173686374841,1.149017368637484,0,4.980300000000002,0,1950,CCOCc1sc(NC(=O)c2ccco2)nc1-c1ccccc1,16.478968,21.117947
VS_set_ADORA1_17844,CCOCc1sc(NC(=O)c2ccco2)nc1-c1ccccc1,CCC1=C(N=C(S1)NC(=O)C2=CC=C(O2)Br)C3=CC=CC=C3,B24R3.2070233,377.257,Z511377976,CHEMBL1222242,ADORA1,enamine,VS_set_ADORA1_17844,7.005801,0.11737943585077343,0.09233610341643583,0.10966637186006264,1.0966637186006265,0,4.980300000000003,0,1950,CCOCc1sc(NC(=O)c2ccco2)nc1-c1ccccc1,17.034937,21.011019
VS_set_ADORA1_17859,CCOCc1sc(NC(=O)c2ccco2)nc1-c1ccccc1,CCC1=C(N=C(S1)NCC2=CC=CO2)C3=CC=CC=C3,B22R3.5002,284.378,Z48862260,CHEMBL1222242,ADORA1,enamine,VS_set_ADORA1_17859,7.3299127,0.11459265890778872,0.08576642335766424,0.10777672745681018,1.0777672745681017,0,4.577600000000003,0,1469,O=C(c1ccccc1)c1sc(NCc2ccco2)nc1-c1ccco1,16.491333,20.327398
VS_set_ADORA1_17860,CCOCc1sc(NC(=O)c2ccco2)nc1-c1ccccc1,CC(=O)C1=C(N=C(S1)NC(=O)C2=CC=CO2)C3=CC=CC=C3,B24R3.61700,312.345,Z29273108,CHEMBL1222242,ADORA1,enamine,VS_set_ADORA1_17860,7.1625543,0.09133271202236719,0.05970149253731343,0.07882033750384207,0.7882033750384208,0,3.8580000000000014,0,1970,CCCC(=O)c1sc(NC(=O)c2ccco2)nc1-c1ccccc1,17.894133,22.164413
VS_set_ADORA1_17866,CCOCc1sc(NC(=O)c2ccco2)nc1-c1ccccc1,O=C(NC1=NC(=CS1)C2=CC=CC=C2)C3=CC=CO3,B21R3.621,270.308,Z27772078,CHEMBL1222242,ADORA1,enamine,VS_set_ADORA1_17866,7.6810045,0.13043478260869565,0.10900473933649289,0.12117229932040299,1.2117229932040299,0,3.655400000000002,0,2407,O=C(Nc1nc(-c2ccccc2)c(-c2ccncc2)s1)c1ccco1,18.312202,22.946314
VS_set_ADORA1_17876,CCOCc1sc(NC(=O)c2ccco2)nc1-c1ccccc1,CCC1=C(N=C(S1)NC(=O)C2=CC=C(O2)C#N)C3=CC=CC=C3,B25R3.6191091,323.371,Z2213525558,CHEMBL1222242,ADORA1,enamine,VS_set_ADORA1_17876,7.263544,0.11801801801801802,0.09325946445060018,0.11071798590065443,1.1071798590065443,0,4.089480000000003,0,1950,CCOCc1sc(NC(=O)c2ccco2)nc1-c1ccccc1,17.084553,21.023136
VS_set_ADORA1_17882,CCOCc1sc(NC(=O)c2ccco2)nc1-c1ccccc1,CC(C)C1=C(N=C(S1)NC(=O)CC2=CC=CO2)C3=CC=CC=C3,B25R3.74548,326.414,Z1437861908,CHEMBL1222242,ADORA1,enamine,VS_set_ADORA1_17882,7.1240754,0.11180124223602485,0.10215053763440861,0.10984797638130173,1.0984797638130173,0,4.7077000000000035,0,1970,CCCC(=O)c1sc(NC(=O)c2ccco2)nc1-c1ccccc1,16.001287,14.428024
VS_set_ADORA1_17931,Cn1nc(NC(=O)Nc2ccccc2)c2ccnc(NC3CCCCC3)c21,O=C(CC1=CC=CC=C1)NC2=NC3=CC=CC=C3N2C4CCNCC4,B28R4.191689,334.416,Z6412233960,CHEMBL5174600,ADORA1,enamine,VS_set_ADORA1_17931,7.3111672,0.09760425909494233,0.08890845070422536,0.09382539899716456,0.9382539899716457,0,3.1420000000000012,0,3531,CCOC(=O)C1=C(C)Nc2nc3ccccc3n2C1c1cnco1,1.6272526,11.66973
VS_set_ADORA1_17932,Cn1nc(NC(=O)Nc2ccccc2)c2ccnc(NC3CCCCC3)c21,O=C(CC1=CC=CC=C1)NC2=NC3=CC=CC=C3N2C4CCOCC4,B28R4.191689,335.4,Z5259659306,CHEMBL5174600,ADORA1,enamine,VS_set_ADORA1_17932,7.3981276,0.10363153232949512,0.09410729991204925,0.09931226441598422,0.9931226441598422,0,3.5690000000000026,0,3531,CCOC(=O)C1=C(C)Nc2nc3ccccc3n2C1c1cnco1,1.6003635,11.703596
VS_set_ADORA1_17979,CCOc1ccc2c(OCC)cc(-c3ccccc3)nc2n1,CCOC1=CC=C(C=N1)C2=CC(=NN2)C3=CC=CC=C3,B22R3.33,265.31,PV-008539437491,CHEMBL102974,ADORA1,enamine,VS_set_ADORA1_17979,7.1695623,0.1746880570409982,0.16696750902527077,0.1713005148839088,1.713005148839088,0,3.5374000000000017,0,242,CCCn1c(=O)[nH]c2cc(-c3ccccc3)[nH]c2c1=O,-10.5999775,-10.445923
VS_set_ADORA1_18033,CCOc1ccc2c(OCC)cc(-c3ccccc3)nc2n1,CCOC1=CC=C(C=C1)C2=CC(=NN2)C3=CC=CC=C3,B22R3.33,264.322,Z4954975761,CHEMBL102974,ADORA1,enamine,VS_set_ADORA1_18033,7.0793705,0.27864344637946836,0.27298050139275765,0.27606950889918497,2.7606950889918496,0,4.142400000000002,0,718,CCC(CC)c1nc2c(-c3ccccc3)cc(-c3ccccc3)nc2[nH]1,-10.868181,-11.020532
VS_set_ADORA1_18054,O=C(CN1CCOCC1)Nc1cc(-n2cccn2)nc(-c2ccco2)n1,O=C(CC1CCOCC1)NC2=NC(=C(S2)C3=CC=CO3)C4=CC=CO4,B28R4.5091978,358.413,Z1222510191,CHEMBL252345,ADORA1,enamine,VS_set_ADORA1_18054,7.2809076,0.10409252669039146,0.09591474245115453,0.10031438363736589,1.003143836373659,0,4.418300000000003,0,1467,CC(=O)N1CCC(Nc2nc(-c3ccco3)c(C(=O)c3ccccc3)s2)CC1,19.614761,10.997598
VS_set_ADORA1_18057,O=C(CN1CCOCC1)Nc1cc(-n2cccn2)nc(-c2ccco2)n1,CCOCCCC(=O)NC1=NC(=C(S1)C2=CC=CO2)C3=CC=CO3,B26R3.9805816,346.403,Z441855890,CHEMBL252345,ADORA1,enamine,VS_set_ADORA1_18057,7.0567503,0.1161751563896336,0.10894596988485385,0.11316122438352208,1.1316122438352207,0,4.418300000000003,0,1467,CC(=O)N1CCC(Nc2nc(-c3ccco3)c(C(=O)c3ccccc3)s2)CC1,21.74739,10.887797
VS_set_ADORA1_18061,O=C(CN1CCOCC1)Nc1cc(-n2cccn2)nc(-c2ccco2)n1,O=C(NC1=NC(=C(S1)C2=CC=CO2)C3=CC=CO3)C4CCOCC4,B27R4.23345617,344.387,Z73266187,CHEMBL252345,ADORA1,enamine,VS_set_ADORA1_18061,7.383448,0.09764918625678119,0.08594449418084155,0.09281848357549324,0.9281848357549324,0,4.028200000000003,0,1843,O=C(Nc1ccc(-c2ccncn2)c(-c2ccco2)n1)C1CC1,19.105087,10.084931
VS_set_ADORA1_18062,O=C(CN1CCOCC1)Nc1cc(-n2cccn2)nc(-c2ccco2)n1,O=C(CC1CCOC1)NC2=NC(=C(S2)C3=CC=CO3)C4=CC=CO4,B27R4.23361078,344.387,Z1245854417,CHEMBL252345,ADORA1,enamine,VS_set_ADORA1_18062,7.3312087,0.09798775153105861,0.08955223880597014,0.09490468432083929,0.9490468432083928,1,4.028200000000003,0,1475,O=C(c1ccccc1)c1sc(NC2CCN(Cc3ccccc3F)CC2)nc1-c1ccco1,18.4633,11.551065
VS_set_ADORA1_18063,O=C(CN1CCOCC1)Nc1cc(-n2cccn2)nc(-c2ccco2)n1,O=C(C[C@H]1CCOC1)NC2=NC(=C(S2)C3=CC=CO3)C4=CC=CO4,B27R4.23361078,344.387,Z1852067145,CHEMBL252345,ADORA1,enamine,VS_set_ADORA1_18063,7.3312087,0.09798775153105861,0.08955223880597014,0.09490468432083929,0.9490468432083928,1,4.028200000000003,0,1475,O=C(c1ccccc1)c1sc(NC2CCN(Cc3ccccc3F)CC2)nc1-c1ccco1,18.81674,11.234864
VS_set_ADORA1_18064,O=C(CN1CCOCC1)Nc1cc(-n2cccn2)nc(-c2ccco2)n1,O=C(CCC1CCOCC1)NC2=NC(=C(S2)C3=CC=CO3)C4=CC=CO4,B29R4.10369343,372.44,Z1295654594,CHEMBL252345,ADORA1,enamine,VS_set_ADORA1_18064,7.150539,0.10723860589812333,0.10218340611353711,0.10528440982172335,1.0528440982172336,0,4.808400000000004,0,122,Nc1nc(NC(=O)CCC2CCCC2)nc2c1ncn2C1OC(CO)C(O)C1O,20.386345,11.905707
VS_set_ADORA1_18065,O=C(CN1CCOCC1)Nc1cc(-n2cccn2)nc(-c2ccco2)n1,O=C(COC1CCOCC1)NC2=NC(=C(S2)C3=CC=CO3)C4=CC=CO4,B29R4.10369343,374.413,Z1222510192,CHEMBL252345,ADORA1,enamine,VS_set_ADORA1_18065,7.015576,0.10808435852372583,0.10247349823321555,0.10563578308525368,1.0563578308525368,0,3.797200000000002,0,1467,CC(=O)N1CCC(Nc2nc(-c3ccco3)c(C(=O)c3ccccc3)s2)CC1,20.858585,13.027737
VS_set_ADORA1_18077,O=C(CN1CCOCC1)Nc1cc(-n2cccn2)nc(-c2ccco2)n1,CC1OCCC1C(=O)NC2=NC(=C(S2)C3=CC=CO3)C4=CC=CO4,B27R4.12048007,344.387,Z1575513103,CHEMBL252345,ADORA1,enamine,VS_set_ADORA1_18077,7.4096246,0.09042553191489362,0.07548845470692718,0.08670847606236326,0.8670847606236326,2,4.026600000000003,0,1467,CC(=O)N1CCC(Nc2nc(-c3ccco3)c(C(=O)c3ccccc3)s2)CC1,15.646819,10.29952
VS_set_ADORA1_18078,O=C(CN1CCOCC1)Nc1cc(-n2cccn2)nc(-c2ccco2)n1,C[C@H]1OCC[C@H]1C(=O)NC2=NC(=C(S2)C3=CC=CO3)C4=CC=CO4,B27R4.12048007,344.387,Z4415539246,CHEMBL252345,ADORA1,enamine,VS_set_ADORA1_18078,7.4096246,0.09042553191489362,0.07548845470692718,0.08670847606236326,0.8670847606236326,2,4.026600000000003,0,1467,CC(=O)N1CCC(Nc2nc(-c3ccco3)c(C(=O)c3ccccc3)s2)CC1,15.852856,9.788248
VS_set_ADORA1_18080,O=C(CN1CCOCC1)Nc1cc(-n2cccn2)nc(-c2ccco2)n1,CC(C)OCCCC(=O)NC1=NC(=C(S1)C2=CC=CO2)C3=CC=CO3,B27R3.36098592,360.429,Z1650814332,CHEMBL252345,ADORA1,enamine,VS_set_ADORA1_18080,7.215184,0.11436170212765957,0.10865724381625441,0.11115145018998582,1.1115145018998582,0,4.8068000000000035,0,1467,CC(=O)N1CCC(Nc2nc(-c3ccco3)c(C(=O)c3ccccc3)s2)CC1,22.383204,11.160998
VS_set_ADORA1_18085,O=C(CN1CCOCC1)Nc1cc(-n2cccn2)nc(-c2ccco2)n1,O=C(NC1=NC(=C(S1)C2=CC=CO2)C3=CC=CO3)C4=CCOCC4,B27R4.23345617,342.371,Z2142442928,CHEMBL252345,ADORA1,enamine,VS_set_ADORA1_18085,7.272819,0.10530973451327434,0.09477413640389726,0.10157026451499909,1.0157026451499909,0,3.9483000000000024,0,1467,CC(=O)N1CCC(Nc2nc(-c3ccco3)c(C(=O)c3ccccc3)s2)CC1,17.46066,12.9781885
VS_set_ADORA1_18086,O=C(CN1CCOCC1)Nc1cc(-n2cccn2)nc(-c2ccco2)n1,O=C(C=CC1CCOCC1)NC2=NC(=C(S2)C3=CC=CO3)C4=CC=CO4,B29R4.10369343,370.424,Z1183476229,CHEMBL252345,ADORA1,enamine,VS_set_ADORA1_18086,7.140616,0.10383944153577661,0.09574468085106383,0.10124466291589918,1.0124466291589918,0,4.584400000000003,0,1467,CC(=O)N1CCC(Nc2nc(-c3ccco3)c(C(=O)c3ccccc3)s2)CC1,19.06301,13.839224
VS_set_ADORA1_18087,O=C(CN1CCOCC1)Nc1cc(-n2cccn2)nc(-c2ccco2)n1,CO[C@H]1C[C@H](C1)CC(=O)NC2=NC(=C(S2)C3=CC=CO3)C4=CC=CO4,B28R4.56468630,358.413,Z4415539312,CHEMBL252345,ADORA1,enamine,VS_set_ADORA1_18087,7.2787766,0.10615521855486174,0.09982332155477032,0.10459471882784359,1.045947188278436,0,4.416700000000003,0,1467,CC(=O)N1CCC(Nc2nc(-c3ccco3)c(C(=O)c3ccccc3)s2)CC1,20.412811,10.955736
VS_set_ADORA1_18088,O=C(CN1CCOCC1)Nc1cc(-n2cccn2)nc(-c2ccco2)n1,O=C(CCC1CCOC1)NC2=NC(=C(S2)C3=CC=CO3)C4=CC=CO4,B28R4.61951220,358.413,Z1359455741,CHEMBL252345,ADORA1,enamine,VS_set_ADORA1_18088,7.377712,0.1044776119402985,0.09717314487632508,0.10220570206640309,1.022057020664031,1,4.418300000000003,0,1467,CC(=O)N1CCC(Nc2nc(-c3ccco3)c(C(=O)c3ccccc3)s2)CC1,19.69299,11.719459
VS_set_ADORA1_18092,O=C(CN1CCOCC1)Nc1cc(-n2cccn2)nc(-c2ccco2)n1,O=C(NC1=NC(=C(S1)C2=CC=CO2)C3=CC=CO3)C4CCCOCC4,B28R4.561522719,358.413,Z1898900010,CHEMBL252345,ADORA1,enamine,VS_set_ADORA1_18092,7.348536,0.09874326750448834,0.08888888888888889,0.09453079344124934,0.9453079344124934,1,4.418300000000003,0,1843,O=C(Nc1ccc(-c2ccncn2)c(-c2ccco2)n1)C1CC1,18.590595,10.06124
VS_set_ADORA1_18096,O=C(CN1CCOCC1)Nc1cc(-n2cccn2)nc(-c2ccco2)n1,CCOCCOC(C)C(=O)NC1=NC(=C(S1)C2=CC=CO2)C3=CC=CO3,B28R3.102342001,376.429,Z750879576,CHEMBL252345,ADORA1,enamine,VS_set_ADORA1_18096,7.1277432,0.11703056768558952,0.10679611650485436,0.11460973807751215,1.1460973807751216,1,4.043200000000002,0,1467,CC(=O)N1CCC(Nc2nc(-c3ccco3)c(C(=O)c3ccccc3)s2)CC1,22.967419,9.787829
VS_set_ADORA1_18098,O=C(CN1CCOCC1)Nc1cc(-n2cccn2)nc(-c2ccco2)n1,COC1COCCC1CC(=O)NC2=NC(=C(S2)C3=CC=CO3)C4=CC=CO4,B30R4.14574132,388.439,Z2314226651,CHEMBL252345,ADORA1,enamine,VS_set_ADORA1_18098,7.3681946,0.0986159169550173,0.08963093145869948,0.09610712510919889,0.9610712510919889,2,4.043200000000002,0,1467,CC(=O)N1CCC(Nc2nc(-c3ccco3)c(C(=O)c3ccccc3)s2)CC1,17.839539,12.025389
VS_set_ADORA1_18100,O=C(CN1CCOCC1)Nc1cc(-n2cccn2)nc(-c2ccco2)n1,COC1(CCOCC1)CC(=O)NC2=NC(=C(S2)C3=CC=CO3)C4=CC=CO4,B30R4.932196584,388.439,Z4378734341,CHEMBL252345,ADORA1,enamine,VS_set_ADORA1_18100,7.338537,0.0979020979020979,0.09218612818261633,0.09490178543609676,0.9490178543609675,0,4.187300000000003,0,3918,COc1ccc(N2CCOCC2)c2sc(NC(=O)N3CCC(C)(O)CC3)nc12,18.596607,12.948476
VS_set_ADORA1_18101,O=C(CN1CCOCC1)Nc1cc(-n2cccn2)nc(-c2ccco2)n1,N#CC1(CCOCC1)CC(=O)NC2=NC(=C(S2)C3=CC=CO3)C4=CC=CO4,B30R4.932196584,383.423,Z2670983125,CHEMBL252345,ADORA1,enamine,VS_set_ADORA1_18101,7.2878637,0.10758377425044091,0.10061782877316858,0.10488788912746363,1.0488788912746363,0,4.312080000000003,0,1467,CC(=O)N1CCC(Nc2nc(-c3ccco3)c(C(=O)c3ccccc3)s2)CC1,19.676996,12.727972
VS_set_ADORA1_18104,O=C(CN1CCOCC1)Nc1cc(-n2cccn2)nc(-c2ccco2)n1,COCC(C)CC(=O)NC1=NC(=C(S1)C2=CC=CO2)C3=CC=CO3,B26R3.38107421,346.403,Z1389260332,CHEMBL252345,ADORA1,enamine,VS_set_ADORA1_18104,7.2072234,0.11024305555555555,0.10344827586206896,0.10824454354535032,1.0824454354535031,1,4.274200000000003,0,1467,CC(=O)N1CCC(Nc2nc(-c3ccco3)c(C(=O)c3ccccc3)s2)CC1,21.366507,11.655226
VS_set_ADORA1_18105,O=C(CN1CCOCC1)Nc1cc(-n2cccn2)nc(-c2ccco2)n1,O=C(NC1=NC(=C(S1)C2=CC=CO2)C3=CC=CO3)C4C5C4COC5,B28R5.64137605,342.371,Z5636177228,CHEMBL252345,ADORA1,enamine,VS_set_ADORA1_18105,7.2196436,0.09473684210526316,0.08103294746215495,0.08941745309185307,0.8941745309185307,2,3.4940000000000024,0,1467,CC(=O)N1CCC(Nc2nc(-c3ccco3)c(C(=O)c3ccccc3)s2)CC1,17.198318,9.806155
VS_set_ADORA1_18106,O=C(CN1CCOCC1)Nc1cc(-n2cccn2)nc(-c2ccco2)n1,O=C(NC1=NC(=C(S1)C2=CC=CO2)C3=CC=CO3)[C@@H]4[C@@H]5[C@H]4COC5,B28R5.64137605,342.371,Z2670983135,CHEMBL252345,ADORA1,enamine,VS_set_ADORA1_18106,7.2196436,0.09473684210526316,0.08103294746215495,0.08941745309185307,0.8941745309185307,3,3.4940000000000024,0,1467,CC(=O)N1CCC(Nc2nc(-c3ccco3)c(C(=O)c3ccccc3)s2)CC1,17.195896,10.307884
VS_set_ADORA1_18107,O=C(CN1CCOCC1)Nc1cc(-n2cccn2)nc(-c2ccco2)n1,O=C(CC1C[C@H]2[C@@H]1COC2)NC3=NC(=C(S3)C4=CC=CO4)C5=CC=CO5,B30R5.361359233,370.424,Z4415538909,CHEMBL252345,ADORA1,enamine,VS_set_ADORA1_18107,7.509204,0.10720562390158173,0.09843205574912892,0.10466114613459987,1.0466114613459987,3,4.274200000000003,0,1475,O=C(c1ccccc1)c1sc(NC2CCN(Cc3ccccc3F)CC2)nc1-c1ccco1,19.01214,12.150882
VS_set_ADORA1_18108,O=C(CN1CCOCC1)Nc1cc(-n2cccn2)nc(-c2ccco2)n1,CC1CC(CCO1)C(=O)NC2=NC(=C(S2)C3=CC=CO3)C4=CC=CO4,B28R4.34648005,358.413,Z1601599131,CHEMBL252345,ADORA1,enamine,VS_set_ADORA1_18108,7.6447787,0.09666080843585237,0.08421985815602837,0.0918442609522658,0.9184426095226581,2,4.416700000000003,0,1467,CC(=O)N1CCC(Nc2nc(-c3ccco3)c(C(=O)c3ccccc3)s2)CC1,17.983469,9.448878
VS_set_ADORA1_18109,O=C(CN1CCOCC1)Nc1cc(-n2cccn2)nc(-c2ccco2)n1,CC(C(=O)NC1=NC(=C(S1)C2=CC=CO2)C3=CC=CO3)C4CCOC4,B28R4.38059449,358.413,Z4371340921,CHEMBL252345,ADORA1,enamine,VS_set_ADORA1_18109,7.340342,0.09569798068481124,0.08495575221238938,0.09339496132284236,0.9339496132284236,2,4.274200000000003,0,1467,CC(=O)N1CCC(Nc2nc(-c3ccco3)c(C(=O)c3ccccc3)s2)CC1,16.97017,11.306347
VS_set_ADORA1_18110,O=C(CN1CCOCC1)Nc1cc(-n2cccn2)nc(-c2ccco2)n1,O=C(NC1=NC(=C(S1)C2=CC=CO2)C3=CC=CO3)C(F)C4CCOC4,B28R4.38059449,362.377,Z4371340918,CHEMBL252345,ADORA1,enamine,VS_set_ADORA1_18110,7.1821556,0.09523809523809523,0.08325952170062002,0.09179491528129172,0.9179491528129172,2,3.976200000000003,0,1467,CC(=O)N1CCC(Nc2nc(-c3ccco3)c(C(=O)c3ccccc3)s2)CC1,16.587568,11.682695
VS_set_ADORA1_18112,O=C(CN1CCOCC1)Nc1cc(-n2cccn2)nc(-c2ccco2)n1,O=C(NC1=NC(=C(S1)C2=CC=CO2)C3=CC=CO3)C4(CCOCC4)F,B28R4.960071573,362.377,Z2806402580,CHEMBL252345,ADORA1,enamine,VS_set_ADORA1_18112,7.0911155,0.09964726631393298,0.09306409130816505,0.09680175588335307,0.9680175588335307,0,4.120300000000003,0,1475,O=C(c1ccccc1)c1sc(NC2CCN(Cc3ccccc3F)CC2)nc1-c1ccco1,17.907646,10.763679
VS_set_ADORA1_18114,O=C(CN1CCOCC1)Nc1cc(-n2cccn2)nc(-c2ccco2)n1,CC(C(=O)NC1=NC(=C(S1)C2=NC=CN2)C3=CC=CC=C3)N4CCOCC4,B30R4.44439515,383.469,Z981852564,CHEMBL252345,ADORA1,enamine,VS_set_ADORA1_18114,7.237544,0.10964912280701754,0.10341805433829973,0.10785192143963103,1.0785192143963103,1,2.859400000000001,0,255,Cc1nc2nc(-c3ccccc3)[nH]c(NC(C)c3ccccc3)c-2c1C,15.319519,12.812482
VS_set_ADORA1_18121,O=C(CN1CCOCC1)Nc1cc(-n2cccn2)nc(-c2ccco2)n1,O=C(COCC1CCOCC1)NC2=NC(=C(S2)C3=CC=CO3)C4=CC=CO4,B30R4.44183288,388.439,Z4371340931,CHEMBL252345,ADORA1,enamine,VS_set_ADORA1_18121,7.15017,0.11082251082251082,0.10572687224669604,0.10861567878846282,1.086156787884628,0,4.044800000000002,0,1467,CC(=O)N1CCC(Nc2nc(-c3ccco3)c(C(=O)c3ccccc3)s2)CC1,20.422546,13.668053
VS_set_ADORA1_18122,O=C(CN1CCOCC1)Nc1cc(-n2cccn2)nc(-c2ccco2)n1,O=C(NC1=NC(=C(S1)C2=CC=CO2)C3=CC=CO3)C4CCSCC4,B27R4.23345617,360.453,Z1188480441,CHEMBL252345,ADORA1,enamine,VS_set_ADORA1_18122,7.3926363,0.09883198562443846,0.08765652951699464,0.09400467374911761,0.9400467374911761,0,4.744800000000003,0,1843,O=C(Nc1ccc(-c2ccncn2)c(-c2ccco2)n1)C1CC1,18.888918,9.002256
VS_set_ADORA1_18134,Cc1nc(N)c2nn(-c3ccccc3)nc2n1,C1=CC=C(C=C1)C2=NC3=CN=CN=C3N2,B17R3.8708,196.208,Z1198177056,CHEMBL3753083,ADORA1,enamine,VS_set_ADORA1_18134,7.0577216,0.271889400921659,0.24872057318321392,0.26404443948379175,2.6404443948379175,0,2.0199,0,594,c1ccc(-c2nc(-c3ccccc3)c3[nH]c(-c4ccccc4)nc3n2)cc1,-26.888706,0.98600584
VS_set_ADORA1_18176,Cc1nc(N)c2nn(-c3ccccc3)nc2n1,NC1=NC=C2N=C(NC2=N1)C3=CC=CC=C3,B18R3.32722,211.223,PV-006875071368,CHEMBL3753083,ADORA1,enamine,VS_set_ADORA1_18176,7.3745937,0.2577132486388385,0.2469758064516129,0.2547370038430497,2.547370038430497,0,1.6020999999999999,0,594,c1ccc(-c2nc(-c3ccccc3)c3[nH]c(-c4ccccc4)nc3n2)cc1,-26.728254,1.066842
VS_set_ADORA1_18199,Cc1nc(N)c2nn(-c3ccccc3)nc2n1,CC1=CC(=C2N=C(NC2=N1)C3=CC=CC=C3)C,B19R3.95791,223.274,PV-007093841103,CHEMBL3753083,ADORA1,enamine,VS_set_ADORA1_18199,7.0137453,0.18149146451033243,0.16404715127701375,0.17536568651852208,1.753656865185221,0,3.241740000000001,0,714,CCc1nc2c(C)cc(C)nc2[nH]1,-21.190886,-4.416448
VS_set_ADORA1_18200,Cc1nc(N)c2nn(-c3ccccc3)nc2n1,OC1=NC(=NC2=C1NC(=N2)C3=CC=CC=C3)S,B19R3.95791,244.274,Z5871897184,CHEMBL3753083,ADORA1,enamine,VS_set_ADORA1_18200,7.3669147,0.24597495527728086,0.22525252525252526,0.24039445478798255,2.4039445478798256,0,2.0142,0,594,c1ccc(-c2nc(-c3ccccc3)c3[nH]c(-c4ccccc4)nc3n2)cc1,-26.364637,2.1062105
VS_set_ADORA1_18246,Cc1cn2c(NC(=O)c3ccccc3)nc(-c3ccccc3)nc2n1,O=C(NC1=C(N=C2N1C=CC=N2)C3=CC=CC=C3)C4=CC(=CC=C4)O,B28R4.4697417,330.341,PV-003840481283,CHEMBL146479,ADORA1,enamine,VS_set_ADORA1_18246,7.1371474,0.1372719374456994,0.12962962962962962,0.1351283143264304,1.351283143264304,0,3.354200000000002,0,2402,COc1ccc(C(=O)Nc2nc(-c3ccccc3)c(C(=O)c3ccccn3)s2)cc1,-5.669627,0.1839672
VS_set_ADORA1_18264,Cc1cn2c(NC(=O)c3ccccc3)nc(-c3ccccc3)nc2n1,O=C(NC1=C(N=C2N1C=CS2)C3=CC=CC=C3)C4=CC(=CC(=C4)F)F,B28R4.2544664,355.363,Z88618028,CHEMBL146479,ADORA1,enamine,VS_set_ADORA1_18264,7.0022516,0.1275465013286094,0.12311780336581045,0.12581113365757304,1.2581113365757304,0,4.593300000000001,0,255,Cc1nc2nc(-c3ccccc3)[nH]c(NC(C)c3ccccc3)c-2c1C,-5.6438417,0.26944998
VS_set_ADORA1_18279,Oc1ccc(-c2cnc(NC3CCC(O)CC3)nc2-c2ccccc2)cc1Cl,OC1CCC(CC1)CSC2=NN=C(C(=N2)C3=CC=CC=C3)C4=CC=CC=C4,B30R4.310264,377.504,Z2212238933,CHEMBL3951351,ADORA1,enamine,VS_set_ADORA1_18279,7.104385,0.14933333333333335,0.13644524236983843,0.14527700821152345,1.4527700821152345,0,4.848800000000004,0,2976,OC1CCC(Nc2ncc(-c3ccnc(C4CC4)c3)c(-c3ccccc3)n2)CC1,-5.428837,-25.601973
VS_set_ADORA1_18283,Oc1ccc(-c2cnc(NC3CCC(O)CC3)nc2-c2ccccc2)cc1Cl,OC1CC(C1)SC2=NN=C(C(=N2)C3=CC=CC=C3)C4=CC=CC=C4,B27R4.2767737,335.425,PV-002954744758,CHEMBL3951351,ADORA1,enamine,VS_set_ADORA1_18283,7.0686755,0.1709706144256456,0.16111611161116113,0.1682687135260484,1.6826871352604842,0,3.8210000000000024,0,2976,OC1CCC(Nc2ncc(-c3ccnc(C4CC4)c3)c(-c3ccccc3)n2)CC1,-6.9393682,-24.72915
VS_set_ADORA1_18286,Oc1ccc(-c2cnc(NC3CCC(O)CC3)nc2-c2ccccc2)cc1Cl,C1=CC=C(C=C1)C2=NN=C(N=C2C3=CC=CC=C3)SC4CCCOC4,B28R4.351537,349.451,Z1363068552,CHEMBL3951351,ADORA1,enamine,VS_set_ADORA1_18286,7.0338616,0.14804964539007093,0.14451382694023193,0.14617933234670133,1.4617933234670133,1,4.476700000000003,0,601,c1ccc(Nc2[nH]c3ccccc3c3nc(C4CCCC4)nc2-3)cc1,-5.817974,-23.63811
VS_set_ADORA1_18287,Oc1ccc(-c2cnc(NC3CCC(O)CC3)nc2-c2ccccc2)cc1Cl,C1=CC=C(C=C1)C2=NN=C(N=C2C3=CC=CC=C3)SC4CCOCC4,B28R4.351537,349.451,Z1715479696,CHEMBL3951351,ADORA1,enamine,VS_set_ADORA1_18287,7.268915,0.1641391614629795,0.15700267618198038,0.16038297075615662,1.6038297075615662,0,4.476700000000003,0,3195,CCCn1c(-c2ccccc2)nc2c(NC3CCOC3)ncnc21,-6.196535,-23.903564
VS_set_ADORA1_18298,Oc1ccc(-c2cnc(NC3CCC(O)CC3)nc2-c2ccccc2)cc1Cl,O=C(CN1C(=CC2=CC=CC=C12)C3=CC=CC=C3)N[C@H]4CC[C@@H](CC4)O,B29R4.307310,348.439,Z1506467696,CHEMBL3951351,ADORA1,enamine,VS_set_ADORA1_18298,7.0621867,0.09114811568799298,0.0853122251539138,0.08884357711577925,0.8884357711577925,0,3.728000000000002,0,2247,Nc1ncnc2c1ncn2C1OC(C(=O)NC2CC2)C(O)C1O,-6.0788307,2.3886251
VS_set_ADORA1_18299,Oc1ccc(-c2cnc(NC3CCC(O)CC3)nc2-c2ccccc2)cc1Cl,O=C(CN1C(=CC2=CC=CC=C12)C3=CC=CC=C3)N[C@H]4CC[C@H](CC4)O,B29R4.307310,348.439,PV-003854848632,CHEMBL3951351,ADORA1,enamine,VS_set_ADORA1_18299,7.0621867,0.09114811568799298,0.0853122251539138,0.08884357711577925,0.8884357711577925,0,3.728000000000002,0,2247,Nc1ncnc2c1ncn2C1OC(C(=O)NC2CC2)C(O)C1O,-6.0788307,2.3886251
VS_set_ADORA1_18306,Oc1ccc(-c2cnc(NC3CCC(O)CC3)nc2-c2ccccc2)cc1Cl,OCCCCCSC1=NN=C(C(=N1)C2=CC=CC=C2)C3=CC=CC=C3,B27R3.5450,351.467,Z1021605216,CHEMBL3951351,ADORA1,enamine,VS_set_ADORA1_18306,7.154892,0.19626998223801065,0.18996415770609318,0.19342977091074925,1.9342977091074924,0,4.460300000000004,0,2630,CCC(=O)N1Cc2nc(-c3ccccc3)nn2-c2ccccc21,-6.259542,-25.785019
VS_set_ADORA1_18308,Oc1ccc(-c2cnc(NC3CCC(O)CC3)nc2-c2ccccc2)cc1Cl,C[C@H]1C[C@@H](CCO1)SC2=NN=C(C(=N2)C3=CC=CC=C3)C4=CC=CC=C4,B29R4.5827182,363.478,Z2720443433,CHEMBL3951351,ADORA1,enamine,VS_set_ADORA1_18308,7.0674157,0.13386524822695037,0.12797881729920565,0.1317328383429807,1.3173283834298068,2,4.865200000000004,0,1809,CCCn1c(=O)c2[nH]c(-c3ccccc3)nc2n(CC2CCCO2)c1=O,-7.047979,-23.415472
VS_set_ADORA1_18309,Oc1ccc(-c2cnc(NC3CCC(O)CC3)nc2-c2ccccc2)cc1Cl,C[C@H]1C[C@H](CCO1)SC2=NN=C(C(=N2)C3=CC=CC=C3)C4=CC=CC=C4,B29R4.5827182,363.478,Z2588943446,CHEMBL3951351,ADORA1,enamine,VS_set_ADORA1_18309,7.0674157,0.13386524822695037,0.12797881729920565,0.1317328383429807,1.3173283834298068,2,4.865200000000004,0,1809,CCCn1c(=O)c2[nH]c(-c3ccccc3)nc2n(CC2CCCO2)c1=O,-7.047979,-23.415472
VS_set_ADORA1_18310,Oc1ccc(-c2cnc(NC3CCC(O)CC3)nc2-c2ccccc2)cc1Cl,CN1CCC(CC1)NC2=NC(=C(C=C2C#N)C3=CC=CC=C3)C4=CC=CC=C4,B31R4.540671,368.475,Z1478269533,CHEMBL3951351,ADORA1,enamine,VS_set_ADORA1_18310,7.35519,0.10530973451327434,0.09489704565801253,0.10257157022289853,1.0257157022289853,0,4.7933800000000035,0,2976,OC1CCC(Nc2ncc(-c3ccnc(C4CC4)c3)c(-c3ccccc3)n2)CC1,-12.237851,-5.4941454
VS_set_ADORA1_18317,Oc1ccc(-c2cnc(NC3CCC(O)CC3)nc2-c2ccccc2)cc1Cl,C1=CC=C(C=C1)C2=NN=C(N=C2C3=CC=CC=C3)SC4CCOC4,B27R4.10905,335.425,Z2040937279,CHEMBL3951351,ADORA1,enamine,VS_set_ADORA1_18317,7.1526146,0.16459074733096085,0.15789473684210525,0.1619000562293161,1.6190005622931611,1,4.0866000000000025,0,3194,CCn1c(-c2ccccc2)nc2c(NC3CCOC3)ncnc21,-5.9303474,-23.39694
VS_set_ADORA1_18321,Oc1ccc(-c2cnc(NC3CCC(O)CC3)nc2-c2ccccc2)cc1Cl,C1=CC=C(C=C1)C2=NN=C(N=C2C3=CC=CC=C3)SCC4CCCOC4,B29R4.1886840,363.478,Z1460252216,CHEMBL3951351,ADORA1,enamine,VS_set_ADORA1_18321,7.104529,0.15079365079365079,0.14045936395759717,0.14741631643411496,1.4741631643411495,1,4.724300000000003,0,2313,CCC1CN2C(=O)N(C)c3nc(-c4ccccc4)[nH]c3C2=N1,-5.147434,-24.779272
VS_set_ADORA1_18322,Oc1ccc(-c2cnc(NC3CCC(O)CC3)nc2-c2ccccc2)cc1Cl,C1=CC=C(C=C1)C2=NN=C(N=C2C3=CC=CC=C3)SCC4CCOCC4,B29R4.1886840,363.478,Z1224513079,CHEMBL3951351,ADORA1,enamine,VS_set_ADORA1_18322,7.0142756,0.16237799467613132,0.15364120781527532,0.15888046584481316,1.5888046584481317,0,4.724300000000003,0,2313,CCC1CN2C(=O)N(C)c3nc(-c4ccccc4)[nH]c3C2=N1,-5.126122,-25.029732
VS_set_ADORA1_18334,Oc1ccc(-c2cnc(NC3CCC(O)CC3)nc2-c2ccccc2)cc1Cl,O=C(NCC(CC1=CC=CC=C1)C2=CC=CC=C2)N[C@H]3CC[C@@H](CC3)O,B28R3.190913,352.471,Z1505854893,CHEMBL3951351,ADORA1,enamine,VS_set_ADORA1_18334,7.029119,0.10535557506584724,0.0980565371024735,0.10363050288025522,1.0363050288025522,1,3.615600000000003,0,2247,Nc1ncnc2c1ncn2C1OC(C(=O)NC2CC2)C(O)C1O,-8.400324,6.576054
VS_set_ADORA1_18335,Oc1ccc(-c2cnc(NC3CCC(O)CC3)nc2-c2ccccc2)cc1Cl,O=C(NCC(CC1=CC=CC=C1)C2=CC=CC=C2)N[C@H]3CC[C@H](CC3)O,B28R3.190913,352.471,PV-002760182428,CHEMBL3951351,ADORA1,enamine,VS_set_ADORA1_18335,7.029119,0.10535557506584724,0.0980565371024735,0.10363050288025522,1.0363050288025522,1,3.615600000000003,0,2247,Nc1ncnc2c1ncn2C1OC(C(=O)NC2CC2)C(O)C1O,-8.400271,6.5763545
VS_set_ADORA1_18342,Oc1ccc(-c2cnc(NC3CCC(O)CC3)nc2-c2ccccc2)cc1Cl,O=C(NCC(OC1=CC=CC=C1)C2=CC=CC=C2)N[C@H]3CC[C@@H](CC3)O,B28R3.190913,354.444,Z1905723874,CHEMBL3951351,ADORA1,enamine,VS_set_ADORA1_18342,7.1008916,0.10466138962181179,0.09717314487632508,0.10251084665413615,1.0251084665413615,1,3.409400000000002,0,2247,Nc1ncnc2c1ncn2C1OC(C(=O)NC2CC2)C(O)C1O,-7.2763023,7.577853
VS_set_ADORA1_18343,Oc1ccc(-c2cnc(NC3CCC(O)CC3)nc2-c2ccccc2)cc1Cl,O=C(NCC(OC1=CC=CC=C1)C2=CC=CC=C2)N[C@H]3CC[C@H](CC3)O,B28R3.190913,354.444,Z2854079020,CHEMBL3951351,ADORA1,enamine,VS_set_ADORA1_18343,7.1008916,0.10466138962181179,0.09717314487632508,0.10251084665413615,1.0251084665413615,1,3.409400000000002,0,2247,Nc1ncnc2c1ncn2C1OC(C(=O)NC2CC2)C(O)C1O,-7.2757754,7.5782433
VS_set_ADORA1_18347,Oc1ccc(-c2cnc(NC3CCC(O)CC3)nc2-c2ccccc2)cc1Cl,O=C(NC(CC1=CC=C(C=C1)F)C2=CC=CC=C2)N[C@H]3CC[C@@H](CC3)O,B28R3.7752744,356.435,Z1507433061,CHEMBL3951351,ADORA1,enamine,VS_set_ADORA1_18347,7.064876,0.10044052863436123,0.09452296819787986,0.0989151180465898,0.989151180465898,1,3.7122000000000024,0,2247,Nc1ncnc2c1ncn2C1OC(C(=O)NC2CC2)C(O)C1O,-7.067339,6.113533
VS_set_ADORA1_18348,Oc1ccc(-c2cnc(NC3CCC(O)CC3)nc2-c2ccccc2)cc1Cl,O=C(NC(CC1=CC=C(C=C1)F)C2=CC=CC=C2)N[C@H]3CC[C@H](CC3)O,B28R3.7752744,356.435,PV-003232599067,CHEMBL3951351,ADORA1,enamine,VS_set_ADORA1_18348,7.064876,0.10044052863436123,0.09452296819787986,0.0989151180465898,0.989151180465898,1,3.7122000000000024,0,2247,Nc1ncnc2c1ncn2C1OC(C(=O)NC2CC2)C(O)C1O,-7.066724,6.1138873
VS_set_ADORA1_18349,Oc1ccc(-c2cnc(NC3CCC(O)CC3)nc2-c2ccccc2)cc1Cl,O=C(N[C@@H](C1=CC=CC=C1)[C@H](O)C2=CC=CC=C2)N[C@H]3CC[C@@H](CC3)O,B28R3.7752759,354.444,Z2183294642,CHEMBL3951351,ADORA1,enamine,VS_set_ADORA1_18349,7.390662,0.08591674047829938,0.07904085257548846,0.08336894340855036,0.8336894340855036,2,3.0640000000000014,0,2247,Nc1ncnc2c1ncn2C1OC(C(=O)NC2CC2)C(O)C1O,-6.035596,5.7813663
VS_set_ADORA1_18350,Oc1ccc(-c2cnc(NC3CCC(O)CC3)nc2-c2ccccc2)cc1Cl,O=C(N[C@H](C1=CC=CC=C1)[C@@H](O)C2=CC=CC=C2)N[C@H]3CC[C@@H](CC3)O,B28R3.7752759,354.444,Z2200616760,CHEMBL3951351,ADORA1,enamine,VS_set_ADORA1_18350,7.390662,0.08591674047829938,0.07904085257548846,0.08336894340855036,0.8336894340855036,2,3.0640000000000014,0,2247,Nc1ncnc2c1ncn2C1OC(C(=O)NC2CC2)C(O)C1O,-6.035596,5.7813663
VS_set_ADORA1_18351,Oc1ccc(-c2cnc(NC3CCC(O)CC3)nc2-c2ccccc2)cc1Cl,O=C(NC(CC1=CC=CC=C1)C2=CC=C(C=C2)Cl)N[C@H]3CC[C@@H](CC3)O,B28R3.23667,372.889,Z1507432739,CHEMBL3951351,ADORA1,enamine,VS_set_ADORA1_18351,7.028011,0.0984182776801406,0.09355692850838482,0.09716696862376797,0.9716696862376797,1,4.226500000000004,0,2247,Nc1ncnc2c1ncn2C1OC(C(=O)NC2CC2)C(O)C1O,-7.1301346,5.6549654
VS_set_ADORA1_18352,Oc1ccc(-c2cnc(NC3CCC(O)CC3)nc2-c2ccccc2)cc1Cl,O=C(CC(CC1=CC=CC=C1)C2=CC=CC=C2)N[C@H]3CC[C@@H](CC3)O,B27R3.23906,337.456,Z1506471115,CHEMBL3951351,ADORA1,enamine,VS_set_ADORA1_18352,7.001718,0.10554089709762533,0.09991158267020336,0.10400113055027815,1.0400113055027815,1,3.8227000000000024,0,2247,Nc1ncnc2c1ncn2C1OC(C(=O)NC2CC2)C(O)C1O,-8.889628,5.3989644
VS_set_ADORA1_18353,Oc1ccc(-c2cnc(NC3CCC(O)CC3)nc2-c2ccccc2)cc1Cl,O=C(CC(CC1=CC=CC=C1)C2=CC=CC=C2)N[C@H]3CC[C@H](CC3)O,B27R3.23906,337.456,Z2849691606,CHEMBL3951351,ADORA1,enamine,VS_set_ADORA1_18353,7.001718,0.10554089709762533,0.09991158267020336,0.10400113055027815,1.0400113055027815,1,3.8227000000000024,0,2247,Nc1ncnc2c1ncn2C1OC(C(=O)NC2CC2)C(O)C1O,-8.889584,5.3986897
VS_set_ADORA1_18432,Nc1nc(Br)cn2cc(-c3ccccc3)nc12,NC1=NC=CN2C1=CC(=N2)C3=CC=CC=C3,B18R3.5893,210.235,PV-007891284828,CHEMBL4062085,ADORA1,enamine,VS_set_ADORA1_18432,7.4510455,0.175,0.1693840579710145,0.17201117764412688,1.7201117764412688,0,1.9784999999999997,0,1988,O=c1c2ncn3nc(-c4ccccc4)cc3c2c(-c2ccccc2)nn1Cc1ccccc1,-1.5952667,-5.404969
VS_set_ADORA1_18434,Nc1nc(Br)cn2cc(-c3ccccc3)nc12,C=C(Br)CN1C=NC(=C1)C2=CC=CC=C2,B16R2.157,263.133,PV-002326974833,CHEMBL4062085,ADORA1,enamine,VS_set_ADORA1_18434,7.1532264,0.25133689839572193,0.24478694469628287,0.24858599823178898,2.4858599823178897,0,3.458700000000002,0,1460,CCCn1c(=O)c2[nH]c(-c3ccccc3)cc2n(CCC)c1=O,-7.0973053,-0.3002247
VS_set_ADORA1_18460,Nc1nc(Br)cn2cc(-c3ccccc3)nc12,OC1=CC=CC(=C1)C2=CN3C=CN=CC3=C2,B18R3.31677,210.232,PV-008686382670,CHEMBL4062085,ADORA1,enamine,VS_set_ADORA1_18460,7.0948005,0.23608617594254938,0.2237442922374429,0.23271822626075206,2.3271822626075207,0,2.7069,0,3104,Nc1nc(-c2cccc(O)c2)cn2c(=O)n(-c3ccccc3)nc12,1.8274132,-5.655582
VS_set_ADORA1_18465,Nc1nc(Br)cn2cc(-c3ccccc3)nc12,FC1=CC=CC=C1C2=CN3C=CC=CC3=N2,B18R3.47120,212.223,Z55863126,CHEMBL4062085,ADORA1,enamine,VS_set_ADORA1_18465,7.098354,0.21696428571428572,0.2072398190045249,0.211714851030474,2.11714851030474,0,3.1404000000000014,0,3493,Cc1ccc(-c2nc3ccccn3c2NC2CCCCC2)cc1,-17.360306,8.225379
VS_set_ADORA1_18491,Nc1nc(Br)cn2cc(-c3ccccc3)nc12,O=C1NC=CN2C1=CC(=C2)C3=CC=CC=C3,B18R3.5893,210.232,PV-003378756783,CHEMBL4062085,ADORA1,enamine,VS_set_ADORA1_18491,7.3078594,0.2146077547339946,0.20454545454545456,0.21151598332887653,2.1151598332887653,0,2.2946,0,1460,CCCn1c(=O)c2[nH]c(-c3ccccc3)cc2n(CCC)c1=O,1.7809846,-5.641844
VS_set_ADORA1_18492,Nc1nc(Br)cn2cc(-c3ccccc3)nc12,C=C(Br)CSC1=NC(=CN1)C2=CC=CC=C2,B17R2.3543,295.199,Z785024892,CHEMBL4062085,ADORA1,enamine,VS_set_ADORA1_18492,7.0152907,0.2978723404255319,0.29061371841155237,0.29487883413631233,2.948788341363123,0,4.077400000000002,0,1458,CCCn1c(=O)c2[nH]c(-c3ccccc3)c(O)c2n(CCC)c1=O,-4.0816216,-23.291487
VS_set_ADORA1_18579,Clc1cc2c(NC3CCCC3)nnc(-c3ccncc3)c2cc1Cl,C1=CC=C2C(=NC(=NC2=C1)C3=CC=NC=C3)NC4CCCC4,B25R4.3608472,290.363,Z239613582,CHEMBL4521971,ADORA1,enamine,VS_set_ADORA1_18579,7.125792,0.1188997338065661,0.10968921389396709,0.1147598456142992,1.147598456142992,0,4.046300000000002,0,3853,Clc1cc2c(NC3CCCC3)nnc(-c3ccncc3)c2cc1Cl,-19.697348,1.7113886
VS_set_ADORA1_18583,Clc1cc2c(NC3CCCC3)nnc(-c3ccncc3)c2cc1Cl,C1=CC=C2C(=NC(=NC2=C1)C3=CC=NC=C3)NC4CCOC4,B25R4.3608472,292.336,Z1498315973,CHEMBL4521971,ADORA1,enamine,VS_set_ADORA1_18583,7.076431,0.10615521855486174,0.0927743086529884,0.10168379835640282,1.0168379835640282,1,2.8926000000000007,0,3194,CCn1c(-c2ccccc2)nc2c(NC3CCOC3)ncnc21,-18.415419,1.7861284
VS_set_ADORA1_18585,Clc1cc2c(NC3CCCC3)nnc(-c3ccncc3)c2cc1Cl,C1=CC=C2C(=NC(=NC2=C1)C3=CC=NC=C3)N[C@@H]4CCOC4,B25R4.3608472,292.336,PV-002107307071,CHEMBL4521971,ADORA1,enamine,VS_set_ADORA1_18585,7.076431,0.10615521855486174,0.0927743086529884,0.10168379835640282,1.0168379835640282,1,2.8926000000000007,0,3194,CCn1c(-c2ccccc2)nc2c(NC3CCOC3)ncnc21,-17.910433,2.0001884
VS_set_ADORA1_18586,Clc1cc2c(NC3CCCC3)nnc(-c3ccncc3)c2cc1Cl,C1=CC=C2C(=NC(=NC2=C1)C3=CC=NC=C3)N[C@H]4CCOC4,B25R4.3608472,292.336,PV-002210801275,CHEMBL4521971,ADORA1,enamine,VS_set_ADORA1_18586,7.076431,0.10615521855486174,0.0927743086529884,0.10168379835640282,1.0168379835640282,1,2.8926000000000007,0,3194,CCn1c(-c2ccccc2)nc2c(NC3CCOC3)ncnc21,-18.399137,2.2202604
VS_set_ADORA1_18592,Clc1cc2c(NC3CCCC3)nnc(-c3ccncc3)c2cc1Cl,C1=CC=C(C=C1)C2=NN=C(C3=CC=CC=C23)SC4CCOCC4,B26R4.4732041,322.426,Z1642133626,CHEMBL4521971,ADORA1,enamine,VS_set_ADORA1_18592,7.135036,0.16057091882247992,0.1548791405550582,0.1586739214687608,1.586739214687608,0,4.567900000000003,0,601,c1ccc(Nc2[nH]c3ccccc3c3nc(C4CCCC4)nc2-3)cc1,-0.31893533,-21.12242
VS_set_ADORA1_18615,Clc1cc2c(NC3CCCC3)nnc(-c3ccncc3)c2cc1Cl,C[C@H]1C[C@@H](CCO1)SC2=NN=C(C3=CC=CC=C23)C4=CC=CC=C4,B27R4.11142277,336.452,Z2720484715,CHEMBL4521971,ADORA1,enamine,VS_set_ADORA1_18615,7.0356507,0.13572679509632224,0.13120567375886524,0.13348894533874417,1.3348894533874418,2,4.956400000000005,0,601,c1ccc(Nc2[nH]c3ccccc3c3nc(C4CCCC4)nc2-3)cc1,-0.31147182,-21.461586
VS_set_ADORA1_18616,Clc1cc2c(NC3CCCC3)nnc(-c3ccncc3)c2cc1Cl,C[C@H]1C[C@H](CCO1)SC2=NN=C(C3=CC=CC=C23)C4=CC=CC=C4,B27R4.11142277,336.452,Z2588988246,CHEMBL4521971,ADORA1,enamine,VS_set_ADORA1_18616,7.0356507,0.13572679509632224,0.13120567375886524,0.13348894533874417,1.3348894533874418,2,4.956400000000005,0,601,c1ccc(Nc2[nH]c3ccccc3c3nc(C4CCCC4)nc2-3)cc1,-0.31147182,-21.461586
VS_set_ADORA1_18618,Clc1cc2c(NC3CCCC3)nnc(-c3ccncc3)c2cc1Cl,OC1(CCCC1)CSC2=NN=C(C3=CC=CC=C23)C4=CC=CC=C4,B27R4.77971302,336.452,Z1560804277,CHEMBL4521971,ADORA1,enamine,VS_set_ADORA1_18618,7.065762,0.1478494623655914,0.14107142857142857,0.14549142278741625,1.4549142278741625,0,4.694000000000004,0,601,c1ccc(Nc2[nH]c3ccccc3c3nc(C4CCCC4)nc2-3)cc1,1.1526004,-20.785625
VS_set_ADORA1_18631,Clc1cc2c(NC3CCCC3)nnc(-c3ccncc3)c2cc1Cl,C1=CC=C(C=C1)C2=NC3=CC=CC=C3C(=N2)NC4CCOC4,B25R4.3608472,291.348,Z1498317871,CHEMBL4521971,ADORA1,enamine,VS_set_ADORA1_18631,7.2677016,0.0977112676056338,0.08161434977578476,0.09181030949228162,0.9181030949228163,1,3.497600000000001,0,3194,CCn1c(-c2ccccc2)nc2c(NC3CCOC3)ncnc21,-17.548653,1.2811992
VS_set_ADORA1_18633,Clc1cc2c(NC3CCCC3)nnc(-c3ccncc3)c2cc1Cl,C1=CC=C(C=C1)C2=NC3=CC=CC=C3C(=N2)N[C@@H]4CCOC4,B25R4.3608472,291.348,PV-002555139788,CHEMBL4521971,ADORA1,enamine,VS_set_ADORA1_18633,7.2677016,0.0977112676056338,0.08161434977578476,0.09181030949228162,0.9181030949228163,1,3.497600000000001,0,3194,CCn1c(-c2ccccc2)nc2c(NC3CCOC3)ncnc21,-18.110237,1.0448943
VS_set_ADORA1_18635,Clc1cc2c(NC3CCCC3)nnc(-c3ccncc3)c2cc1Cl,C1=CC=C(C=C1)C2=NC3=CC=CC=C3C(=N2)N[C@H]4CCOC4,B25R4.3608472,291.348,PV-001915087367,CHEMBL4521971,ADORA1,enamine,VS_set_ADORA1_18635,7.2677016,0.0977112676056338,0.08161434977578476,0.09181030949228162,0.9181030949228163,1,3.497600000000001,0,3194,CCn1c(-c2ccccc2)nc2c(NC3CCOC3)ncnc21,-17.832975,0.758573
VS_set_ADORA1_18640,Clc1cc2c(NC3CCCC3)nnc(-c3ccncc3)c2cc1Cl,C1=CC=C(C=C1)C2=NN=C(C3=CC=CC=C23)SCC4CCCOC4,B27R4.5686747,336.452,Z1460255142,CHEMBL4521971,ADORA1,enamine,VS_set_ADORA1_18640,7.001652,0.14348206474190725,0.13842058562555457,0.14241292789657392,1.4241292789657392,1,4.815500000000004,0,601,c1ccc(Nc2[nH]c3ccccc3c3nc(C4CCCC4)nc2-3)cc1,0.7182351,-20.934244
VS_set_ADORA1_18691,Cc1ccc(-c2nc(N)c3nn(Cc4ccccc4F)cc3n2)o1,BrC1=CC=C(O1)C2=NOC(=N2)C3=CN(C=C3)CC4=CC=CC=C4,B26R4.28480,370.2,Z2902883144,CHEMBL3797666,ADORA1,enamine,VS_set_ADORA1_18691,7.109418,0.13074204946996468,0.12588028169014084,0.12847796285552734,1.2847796285552735,0,4.608900000000003,0,2616,O=c1c2ncn3nc(-c4ccccc4)cc3c2c(C2CCCC2)nn1Cc1ccccc1,11.935075,1.6807368
VS_set_ADORA1_18692,Cc1ccc(-c2nc(N)c3nn(Cc4ccccc4F)cc3n2)o1,CC1=CC=C(O1)C2=NOC(=N2)C3=CN(N=C3)CC4=CC=CC=C4,B26R4.28480,306.319,Z1890718707,CHEMBL3797666,ADORA1,enamine,VS_set_ADORA1_18692,7.350772,0.12599822537710736,0.118491921005386,0.12317959537087253,1.2317959537087253,0,3.5498200000000013,0,1031,CCn1c(=O)[nH]c2nc(-c3cnn(Cc4ccccc4)c3)[nH]c2c1=O,11.019258,1.4729524
VS_set_ADORA1_18693,Cc1ccc(-c2nc(N)c3nn(Cc4ccccc4F)cc3n2)o1,CC1=CC=C(O1)C2=NOC(=N2)C3=CSC(=N3)CC4=CC=CC=C4,B26R4.28480,323.371,Z1890720966,CHEMBL3797666,ADORA1,enamine,VS_set_ADORA1_18693,7.025235,0.14185639229422067,0.12894499549143373,0.13918781736401897,1.3918781736401897,0,4.352320000000003,0,3799,Cc1ccc(-c2nc(N)c3cc(Cc4ccccc4)sc3n2)o1,28.921196,19.920694
VS_set_ADORA1_18702,Cc1ccc(-c2nc(N)c3nn(Cc4ccccc4F)cc3n2)o1,CC1=CC=C(O1)C2=NOC(=N2)C3=CSC(=N3)C4=CC=CC=C4F,B26R4.1958360,327.335,Z1890720373,CHEMBL3797666,ADORA1,enamine,VS_set_ADORA1_18702,7.093169,0.1549421193232413,0.14638447971781304,0.152319349778223,1.5231934977822301,0,4.5676200000000025,0,2551,Cc1ccc(-c2nc(N)c3cc(CN4CCc5ccccc5C4)sc3n2)o1,30.045189,20.399248
VS_set_ADORA1_18712,Cc1ccc(-c2nc(N)c3nn(Cc4ccccc4F)cc3n2)o1,CC1=CC=C(O1)C2=NOC(=N2)C3=CN(N=C3)CC4=CC=CC=C4Cl,B27R4.2137651,340.764,Z1890720851,CHEMBL3797666,ADORA1,enamine,VS_set_ADORA1_18712,7.155172,0.1311619718309859,0.10497737556561086,0.1253589848992807,1.253589848992807,0,4.203220000000002,0,2925,Cc1ccc(-c2nc(N)c3nn(Cc4ccccc4Cl)cc3n2)o1,10.913806,1.448757
VS_set_ADORA1_18729,CCCc1nc-2[nH]c(-c3ccccc3)nc(-c4ccccc4)c2n1,CCCC1=NOC(=N1)CN2C(=CC3=CC=CC=C23)C4=CC=CC=C4,B27R4.134529,317.385,Z1170015757,CHEMBL424869,ADORA1,enamine,VS_set_ADORA1_18729,7.027218,0.12643678160919541,0.12099644128113879,0.12410535101899789,1.241053510189979,0,4.692100000000004,0,1460,CCCn1c(=O)c2[nH]c(-c3ccccc3)cc2n(CCC)c1=O,4.6591725,-4.5799356
VS_set_ADORA1_18750,CCCc1nc-2[nH]c(-c3ccccc3)nc(-c4ccccc4)c2n1,CCCC(=O)NC1=NC(=C(O1)C2=CC=CC=C2)C3=CC=CC=C3,B25R3.145798,306.359,Z86698821,CHEMBL424869,ADORA1,enamine,VS_set_ADORA1_18750,7.45128,0.1843525179856115,0.17897727272727273,0.18194552799769081,1.8194552799769081,0,4.747200000000003,0,2983,CCCC(=O)Nc1ncc(-c2cccc(Cl)c2)c(-c2ccccc2)n1,-19.137236,-27.289219
VS_set_ADORA1_18756,CCCc1nc-2[nH]c(-c3ccccc3)nc(-c4ccccc4)c2n1,OCCCC1=NOC(=N1)C2=CC(=NC3=CC=CC=C23)C4=CC=CC=C4,B28R4.49790603,331.369,Z6404538363,CHEMBL424869,ADORA1,enamine,VS_set_ADORA1_18756,7.084957,0.15223097112860892,0.14497816593886462,0.15012966401169367,1.5012966401169368,0,3.876700000000003,0,3509,Cc1ccc(C2=CC(c3ccccc3Cl)n3nc(CCCO)nc3N2)cc1,-22.656767,7.778811
VS_set_ADORA1_18794,CCCc1nc-2[nH]c(-c3ccccc3)nc(-c4ccccc4)c2n1,OCCC1=NOC(=N1)CN2C(=CC3=CC=CC=C23)C4=CC=CC=C4,B27R4.134529,319.358,PV-008461858677,CHEMBL424869,ADORA1,enamine,VS_set_ADORA1_18794,7.5654936,0.12773403324584426,0.12412587412587413,0.1266250318792324,1.2662503187923242,0,3.2744000000000018,0,3948,O=C(C=Cc1c(-c2ccccc2)nn2ccccc12)N1CCCCC1CCO,4.658911,-4.3942747
VS_set_ADORA1_18795,CCCc1nc-2[nH]c(-c3ccccc3)nc(-c4ccccc4)c2n1,OCCC1=NOC(=N1)CN2C(=NC3=CC=CC=C23)C4=CC=CC=C4,B27R4.134529,320.346,PV-008752499441,CHEMBL424869,ADORA1,enamine,VS_set_ADORA1_18795,7.0256777,0.13162544169611307,0.12313104661389622,0.12863501043789785,1.2863501043789785,0,2.6694000000000013,0,3494,CC1=C(C(=O)OC(C)C)C(c2ccco2)n2c(nc3ccccc32)N1,4.67315,-3.6047063
VS_set_ADORA1_18928,COc1ccccc1CNC(=O)c1cc(Nc2ccccc2C)nc2ccccc12,COC1=CC=CC=C1CNC(=O)C2=C3C=CC=CN3N=C2C4=CC=CC=C4,B30R4.2319027,357.406,PV-002844807767,CHEMBL4471931,ADORA1,enamine,VS_set_ADORA1_18928,7.27,0.09982332155477032,0.09328683522231909,0.09654163161325831,0.965416316132583,0,3.9399000000000024,0,3088,CNC(=O)C1[Se]C(n2cnc3c(NCc4ccccc4OC)ncnc32)C(O)C1O,-0.6449252,2.2737546
VS_set_ADORA1_18964,Cn1c(-c2ccccc2F)nc2c(N)nc(C#CC3(O)CCCCC3)nc21,CC1=C(N=C(N1)C2=CC=CC=C2)C(=O)NCC#CC3CCCCO3,B26R3.2666976,323.39,PV-002435072071,CHEMBL301512,ADORA1,enamine,VS_set_ADORA1_18964,7.160821,0.12752858399296393,0.11013215859030837,0.12257947194833141,1.225794719483314,1,2.6874200000000013,0,1809,CCCn1c(=O)c2[nH]c(-c3ccccc3)nc2n(CC2CCCO2)c1=O,-14.4947195,15.187945
VS_set_ADORA1_18966,Cn1c(-c2ccccc2F)nc2c(N)nc(C#CC3(O)CCCCC3)nc21,O=C(NCC#CC1CCCCO1)C2=CSC(=N2)C3=CC=CC=C3F,B26R3.3189364,344.405,PV-002138148343,CHEMBL301512,ADORA1,enamine,VS_set_ADORA1_18966,7.241974,0.13805004314063848,0.13569576490924806,0.13686767846021913,1.3686767846021912,1,3.251500000000002,0,1475,O=C(c1ccccc1)c1sc(NC2CCN(Cc3ccccc3F)CC2)nc1-c1ccco1,-14.931737,17.489756
VS_set_ADORA1_18984,Cn1c(-c2ccccc2F)nc2c(N)nc(C#CC3(O)CCCCC3)nc21,CN1C(=NC2=C(C1=O)C=C(S2)C3=CC=CC=C3)SCC4(CCCCC4)O,B29R4.211860000,386.534,Z822156186,CHEMBL301512,ADORA1,enamine,VS_set_ADORA1_18984,7.071609,0.11294526498696786,0.10839160839160839,0.11158371200932886,1.1158371200932886,0,4.4493000000000045,0,2313,CCC1CN2C(=O)N(C)c3nc(-c4ccccc4)[nH]c3C2=N1,-4.0769167,-5.463857
VS_set_ADORA1_19010,Cn1c(-c2ccccc2F)nc2c(N)nc(C#CC3(O)CCCCC3)nc21,OC1(CCCCC1)CNC2=NN3C=C(N=C3S2)C4=CC=CC=C4,B26R4.62354023,328.434,Z983425050,CHEMBL301512,ADORA1,enamine,VS_set_ADORA1_19010,7.02291,0.12062937062937062,0.11713286713286714,0.11884389212963302,1.1884389212963302,0,3.5649000000000015,0,2619,O=c1c2ncn3nc(-c4ccccc4)cc3c2c(C2CCCCC2)nn1Cc1ccccc1,-2.9740405,-1.9717488
VS_set_ADORA1_19026,Cn1c(-c2ccccc2F)nc2c(N)nc(C#CC3(O)CCCCC3)nc21,CC1=C(N=C(N1)C2=CC=CC=C2)C(=O)NCCOC3CCCCC3,B26R3.2666976,327.421,Z758803446,CHEMBL301512,ADORA1,enamine,VS_set_ADORA1_19026,7.0557623,0.1329225352112676,0.12158590308370044,0.12808374534722916,1.2808374534722917,0,3.464220000000002,0,2313,CCC1CN2C(=O)N(C)c3nc(-c4ccccc4)[nH]c3C2=N1,-14.5821495,14.551621
VS_set_ADORA1_19027,Cn1c(-c2ccccc2F)nc2c(N)nc(C#CC3(O)CCCCC3)nc21,NC1=C(N=C(S1)C2=CC=CC=C2)C(=O)NCC#CC3CCCCO3,B26R3.2666976,341.429,PV-007562387034,CHEMBL301512,ADORA1,enamine,VS_set_ADORA1_19027,7.4915533,0.1444636678200692,0.1381118881118881,0.1426668615511616,1.426668615511616,1,2.694600000000001,0,1809,CCCn1c(=O)c2[nH]c(-c3ccccc3)nc2n(CC2CCCO2)c1=O,-14.940434,16.802979
VS_set_ADORA1_19028,Cn1c(-c2ccccc2F)nc2c(N)nc(C#CC3(O)CCCCC3)nc21,O=C(NCC#CC1CCCCO1)C2=CN=C(S2)C3=CC=CC=C3F,B26R3.3189364,344.405,PV-002466976915,CHEMBL301512,ADORA1,enamine,VS_set_ADORA1_19028,7.1529326,0.13790112749349523,0.1360485268630849,0.13694581402413164,1.3694581402413164,1,3.251500000000002,0,2249,Nc1ncnc2c1ncn2C1OC(C(=O)NC2CCCC2)C(O)C1O,-14.931109,17.657969
VS_set_ADORA1_19050,Nc1cc(-c2ccco2)c2oc(-c3ccco3)nc2c1,C(=CC1=CC=CO1)CNCC2=CSC(=N2)C3=CC=CO3,B22R3.3668,286.351,Z1542093198,CHEMBL4284595,ADORA1,enamine,VS_set_ADORA1_19050,7.3335867,0.12477876106194691,0.12244897959183673,0.1242914173863795,1.242914173863795,0,3.799100000000003,0,1477,O=C(c1ccccc1)c1sc(NCCCc2ccccc2)nc1-c1ccco1,22.788258,17.98663
VS_set_ADORA1_19092,Nc1cc(-c2ccco2)c2oc(-c3ccco3)nc2c1,NC(=NCC1=CSC(=N1)C2=CC=CO2)NCC3=CC=CO3,B23R3.1957155,302.353,Z2518837228,CHEMBL4284595,ADORA1,enamine,VS_set_ADORA1_19092,7.225699,0.13244444444444445,0.12354521038495972,0.12897596169513312,1.2897596169513312,0,2.600600000000001,0,1469,O=C(c1ccccc1)c1sc(NCc2ccco2)nc1-c1ccco1,21.493366,17.637281
VS_set_ADORA1_19100,Nc1cc(-c2ccco2)c2oc(-c3ccco3)nc2c1,O=C(C=CC1=CC=C(O1)Br)NCC2=CSC(=N2)C3=CC=CO3,B24R3.2300836,379.23,Z1433680088,CHEMBL4284595,ADORA1,enamine,VS_set_ADORA1_19100,7.1418333,0.12709620476610767,0.1235657546337158,0.12567162866288242,1.2567162866288242,0,4.088200000000003,0,1477,O=C(c1ccccc1)c1sc(NCCCc2ccccc2)nc1-c1ccco1,23.474155,18.099293
VS_set_ADORA1_19102,Nc1cc(-c2ccco2)c2oc(-c3ccco3)nc2c1,O=C(C=CC1=CC=C(O1)I)NCC2=CSC(=N2)C3=CC=CO3,B24R3.2300836,426.231,Z1433669079,CHEMBL4284595,ADORA1,enamine,VS_set_ADORA1_19102,7.388858,0.12380122057541412,0.11759504862953139,0.12196001682857896,1.2196001682857895,0,3.9303000000000026,0,1477,O=C(c1ccccc1)c1sc(NCCCc2ccccc2)nc1-c1ccco1,23.467867,18.099356
VS_set_ADORA1_19179,Cc1ccc(-c2cc(-c3cccc(C(=O)N4CCCCC4)c3)nc(N)n2)o1,CC1=CC=C(O1)C2=NOC(=N2)C3=CC=CC(=C3)C(=O)N4CCCCC4,B28R4.53260,337.373,Z3367690481,CHEMBL3735985,ADORA1,enamine,VS_set_ADORA1_19179,7.924441,0.11375661375661375,0.06805807622504537,0.10766656905538416,1.0766656905538416,0,3.9311200000000026,0,3798,Cc1ccc(-c2cc(-c3cccc(C(=O)N4CCCCC4)c3)nc(N)n2)o1,14.256903,0.8764904
VS_set_ADORA1_19180,Cc1ccc(-c2cc(-c3cccc(C(=O)N4CCCCC4)c3)nc(N)n2)o1,O=C(C1=CC(=CC=C1)N2C=C(N=N2)C3=CC=CS3)N4CCCCC4,B27R4.1689435,338.428,PV-002965839425,CHEMBL3735985,ADORA1,enamine,VS_set_ADORA1_19180,7.416363,0.11923411662315056,0.10923623445825932,0.1156208589151672,1.156208589151672,0,3.621900000000003,0,3798,Cc1ccc(-c2cc(-c3cccc(C(=O)N4CCCCC4)c3)nc(N)n2)o1,16.47801,-2.3831496
VS_set_ADORA1_19181,Cc1ccc(-c2cc(-c3cccc(C(=O)N4CCCCC4)c3)nc(N)n2)o1,O=C(C1=CC=CC(=C1)C2=NC(=NO2)C3=CC=CO3)N4CCCCC4,B27R4.1689435,323.347,Z3340407804,CHEMBL3735985,ADORA1,enamine,VS_set_ADORA1_19181,7.631252,0.11609498680738786,0.09254267744833783,0.11274896615497261,1.127489661549726,0,3.622700000000002,0,3798,Cc1ccc(-c2cc(-c3cccc(C(=O)N4CCCCC4)c3)nc(N)n2)o1,14.841505,1.1946793
VS_set_ADORA1_19185,Cc1ccc(-c2cc(-c3cccc(C(=O)N4CCCCC4)c3)nc(N)n2)o1,O=C(C1=CC(=CC=C1)C2=NC(=NO2)C3=CC=C(O3)CO)N4CCCCC4,B29R4.25397,353.373,Z4253525110,CHEMBL3735985,ADORA1,enamine,VS_set_ADORA1_19185,7.7433825,0.11518324607329843,0.0875,0.111196514298145,1.11196514298145,0,3.115000000000001,0,3798,Cc1ccc(-c2cc(-c3cccc(C(=O)N4CCCCC4)c3)nc(N)n2)o1,14.489014,0.58934873
VS_set_ADORA1_19205,Cc1ccc(-c2cc(-c3cccc(C(=O)N4CCCCC4)c3)nc(N)n2)o1,CC1=C(SC=C1)C2=CN(N=N2)C3=CC=CC(=C3)C(=O)N4CCCCC4,B28R4.108904,352.455,PV-002973374657,CHEMBL3735985,ADORA1,enamine,VS_set_ADORA1_19205,7.161203,0.11401218450826806,0.10176991150442478,0.10906536781328555,1.0906536781328555,0,3.930320000000002,0,3798,Cc1ccc(-c2cc(-c3cccc(C(=O)N4CCCCC4)c3)nc(N)n2)o1,16.498331,-1.7327708
VS_set_ADORA1_19207,Cc1ccc(-c2cc(-c3cccc(C(=O)N4CCCCC4)c3)nc(N)n2)o1,O=C(C1=CC(=CC=C1)N2C=C(N=N2)C3=CC=CS3)N4CCC(CC4)F,B28R4.247008,356.419,PV-002993205184,CHEMBL3735985,ADORA1,enamine,VS_set_ADORA1_19207,7.2486353,0.1154513888888889,0.10438596491228071,0.11152477973607973,1.1152477973607973,0,3.5699000000000023,0,3621,COc1ccc(N2CCOCC2)c2sc(NC(=O)N3CCC(F)CC3)nc12,16.162695,-2.9807446
VS_set_ADORA1_19209,Cc1ccc(-c2cc(-c3cccc(C(=O)N4CCCCC4)c3)nc(N)n2)o1,CC1CCCN(C1)C(=O)C2=CC(=CC=C2)N3C=C(N=N3)C4=CC=CS4,B28R4.4695588,352.455,PV-002841159099,CHEMBL3735985,ADORA1,enamine,VS_set_ADORA1_19209,7.1062546,0.11458333333333333,0.10692375109553023,0.11143365599101962,1.1143365599101962,1,3.8679000000000032,0,1100,CN1C(=O)C2Nc3cnccc3C2N(C)C1=O,17.240961,-2.7891457
VS_set_ADORA1_19210,Cc1ccc(-c2cc(-c3cccc(C(=O)N4CCCCC4)c3)nc(N)n2)o1,C[C@H]1CCCN(C1)C(=O)C2=CC(=CC=C2)N3C=C(N=N3)C4=CC=CS4,B28R4.4695588,352.455,PV-003385577007,CHEMBL3735985,ADORA1,enamine,VS_set_ADORA1_19210,7.1062546,0.11458333333333333,0.10692375109553023,0.11143365599101962,1.1143365599101962,1,3.8679000000000032,0,1100,CN1C(=O)C2Nc3cnccc3C2N(C)C1=O,17.240961,-2.7891457
VS_set_ADORA1_19211,Cc1ccc(-c2cc(-c3cccc(C(=O)N4CCCCC4)c3)nc(N)n2)o1,O=C(C1=CC(=CC=C1)N2C=C(N=N2)C3=CC=CS3)N4CCCC(C4)F,B28R4.4695588,356.419,PV-002917764460,CHEMBL3735985,ADORA1,enamine,VS_set_ADORA1_19211,7.3485637,0.11245674740484429,0.0968586387434555,0.10931233954078516,1.0931233954078516,1,3.5699000000000023,0,3622,COc1ccc(N2CCOCC2)c2sc(NC(=O)N3CCCC(F)C3)nc12,16.519674,-3.2383466
VS_set_ADORA1_19212,Cc1ccc(-c2cc(-c3cccc(C(=O)N4CCCCC4)c3)nc(N)n2)o1,O=C(C1=CC(=CC=C1)N2C=C(N=N2)C3=CC=CS3)N4CCCC(C4)O,B28R4.4695588,354.428,PV-002869446124,CHEMBL3735985,ADORA1,enamine,VS_set_ADORA1_19212,7.1070933,0.11168831168831168,0.1091703056768559,0.11100298131560249,1.110029813156025,1,2.592700000000001,0,1097,CN1C(=O)C2Nc3cccnc3C2N(C)C1=O,16.936441,-3.4888127
VS_set_ADORA1_19222,Cc1ccc(-c2cc(-c3cccc(C(=O)N4CCCCC4)c3)nc(N)n2)o1,CCCN(CCC)C(=O)C1=CC=CC(=C1)C2=NC(=NO2)C3=CC=C(O3)C,B28R3.1725803,353.416,Z1890720428,CHEMBL3735985,ADORA1,enamine,VS_set_ADORA1_19222,7.539114,0.12110726643598616,0.10883140053523639,0.1175575740193903,1.175575740193903,0,4.567220000000004,0,3798,Cc1ccc(-c2cc(-c3cccc(C(=O)N4CCCCC4)c3)nc(N)n2)o1,13.830044,1.2412257
VS_set_ADORA1_19237,Cc1ccc(-c2cc(-c3cccc(C(=O)N4CCCCC4)c3)nc(N)n2)o1,O=C(C1=CC(=CC=C1)N2C=C(N=N2)C3=CC(=CC=C3)CO)N4CCCCC4,B30R4.32265,362.426,PV-003999770961,CHEMBL3735985,ADORA1,enamine,VS_set_ADORA1_19237,7.0521655,0.12283737024221453,0.10124333925399645,0.11837778828975029,1.183777882897503,0,3.0527000000000015,0,3798,Cc1ccc(-c2cc(-c3cccc(C(=O)N4CCCCC4)c3)nc(N)n2)o1,15.635873,-1.8270357
VS_set_ADORA1_19362,OCCNc1nc(-c2cccs2)c2sccc2n1,OCCNC1=NC(=NC2=CC=CC=C12)C3=CC=CS3,B21R3.153546,271.339,Z31212249,CHEMBL405479,ADORA1,enamine,VS_set_ADORA1_19362,7.253545,0.15555555555555556,0.14579606440071557,0.15130427297434385,1.5130427297434386,0,2.762500000000001,0,2868,O=C(Nc1nc(-c2cccs2)nc2cn(-c3ccccc3)nc12)c1cccnc1,-21.938251,3.8249953
VS_set_ADORA1_19386,OCCNc1nc(-c2cccs2)c2sccc2n1,CC(C)NC(=O)NC(C1=CC=CS1)C2=CC=CS2,B19R2.469635,280.412,Z1241744040,CHEMBL405479,ADORA1,enamine,VS_set_ADORA1_19386,7.0888705,0.16875,0.162748643761302,0.16692802749702068,1.669280274970207,0,3.606600000000002,0,1099,CN1C(=O)C2C(c3ncccc3N2C)N(C)C1=O,8.393771,17.633532
VS_set_ADORA1_19402,OCCNc1nc(-c2cccs2)c2sccc2n1,CC(O)CC(=O)NC(C1=CC=CS1)C2=CC=CS2,B19R2.469635,281.396,Z4281358731,CHEMBL405479,ADORA1,enamine,VS_set_ADORA1_19402,7.0030975,0.13440860215053763,0.13153153153153152,0.13344972556590587,1.3344972556590586,1,2.786100000000001,0,1099,CN1C(=O)C2C(c3ncccc3N2C)N(C)C1=O,7.730677,17.486185
VS_set_ADORA1_19403,OCCNc1nc(-c2cccs2)c2sccc2n1,C[C@H](O)CC(=O)NC(C1=CC=CS1)C2=CC=CS2,B19R2.469635,281.396,Z5470688215,CHEMBL405479,ADORA1,enamine,VS_set_ADORA1_19403,7.0030975,0.13440860215053763,0.13153153153153152,0.13344972556590587,1.3344972556590586,1,2.786100000000001,0,1099,CN1C(=O)C2C(c3ncccc3N2C)N(C)C1=O,7.730677,17.486185
VS_set_ADORA1_19615,COc1ccc2cncc(Cc3nc4c([nH]3)c(=O)n(C)c(=O)n4CC(C)C)c2c1,COC1=CC=C(C=C1)OCCCSC2=NC3=C(N2)C(=O)N(C(=O)N3C)C,B28R3.265824164,376.432,Z441289246,CHEMBL246470,ADORA1,enamine,VS_set_ADORA1_19615,7.298881,0.11538461538461539,0.10107334525939177,0.11078575190146626,1.1078575190146627,0,1.5301,0,2483,Cn1c(=O)c2[nH]c(-c3ccc(OCCCn4ccnc4)cc3)nc2n(C)c1=O,-4.168537,16.96617
VS_set_ADORA1_19634,Nc1nc(-c2ccccc2)c2c(n1)-c1ccccc1C2=O,O=C(NC1=CC=C(C=C1)Br)C2=CN=CN=C2C3=CC=CC=C3,B24R3.1288,354.201,Z1592254920,CHEMBL369573,ADORA1,enamine,VS_set_ADORA1_19634,7.2417893,0.17898486197684774,0.17615176151761516,0.17807660922902535,1.7807660922902535,0,4.158400000000002,0,3580,COc1ccc(C(=O)Nc2nc(-c3ccccc3)c(C(=O)c3ccc(C)cc3)s2)cc1,-32.27554,-12.9045515
VS_set_ADORA1_19635,Nc1nc(-c2ccccc2)c2c(n1)-c1ccccc1C2=O,O=C(NC1=CC=C(C=C1)Cl)C2=CN=CN=C2C3=CC=CC=C3,B24R3.1288,309.75,Z1592255578,CHEMBL369573,ADORA1,enamine,VS_set_ADORA1_19635,7.0093164,0.18037135278514588,0.17032967032967034,0.17754430261888748,1.775443026188875,0,4.049300000000002,0,3582,O=C(Nc1nc(-c2ccccc2)c(C(=O)c2ccc(Cl)cc2)s1)c1ccccc1,-31.735233,-13.248315
VS_set_ADORA1_19637,Nc1nc(-c2ccccc2)c2c(n1)-c1ccccc1C2=O,O=C(NC1=CC=C(C=C1)O)C2=CN=CN=C2C3=CC=CC=C3,B24R3.1288,291.305,PV-002527517913,CHEMBL369573,ADORA1,enamine,VS_set_ADORA1_19637,7.2975597,0.16621499548328816,0.1586452762923351,0.16441154347925463,1.6441154347925464,0,3.1015000000000015,0,3596,Nc1nc(-c2ccc(NC(=O)c3ccc(O)cc3)cc2)cn2c(=O)n(-c3ccccc3)nc12,-32.00904,-12.303329
VS_set_ADORA1_19640,Nc1nc(-c2ccccc2)c2c(n1)-c1ccccc1C2=O,O=C(OC1=CC=C(C=C1)F)C2=CN=CN=C2C3=CC=CC=C3,B24R3.1288,294.28,Z1647361412,CHEMBL369573,ADORA1,enamine,VS_set_ADORA1_19640,7.0100093,0.2257495590828924,0.2110912343470483,0.22247298166825896,2.2247298166825895,0,3.501900000000002,0,3255,Nc1ncc(C(=O)c2sc(Nc3ccccc3)nc2-c2ccccc2)n1-c1ccc(F)cc1,-30.396536,-11.357918
VS_set_ADORA1_19645,Nc1nc(-c2ccccc2)c2c(n1)-c1ccccc1C2=O,O=C(NC1=CC=CC=C1F)C2=CN=CN=C2C3=CC=CC=C3,B24R3.21103,293.296,Z1592255976,CHEMBL369573,ADORA1,enamine,VS_set_ADORA1_19645,7.1363635,0.15784832451499117,0.1526175687666371,0.15613475970066476,1.5613475970066477,0,3.535000000000002,0,3255,Nc1ncc(C(=O)c2sc(Nc3ccccc3)nc2-c2ccccc2)n1-c1ccc(F)cc1,-30.994324,-12.435833
VS_set_ADORA1_19655,Nc1nc(-c2ccccc2)c2c(n1)-c1ccccc1C2=O,O=C(NC1=CC(=CC=C1)Br)C2=CN=CN=C2C3=CC=CC=C3,B24R3.53520,354.201,Z1592254951,CHEMBL369573,ADORA1,enamine,VS_set_ADORA1_19655,7.0584817,0.1656387665198238,0.1612046058458813,0.16342764113136582,1.6342764113136583,0,4.158400000000002,0,3255,Nc1ncc(C(=O)c2sc(Nc3ccccc3)nc2-c2ccccc2)n1-c1ccc(F)cc1,-32.586353,-12.637293
VS_set_ADORA1_19677,Nc1nc(-c2ccccc2)c2c(n1)-c1ccccc1C2=O,NC1=NC(=C(S1)C2=CC=CC=C2CO)C3=CC=CC=C3,B22R3.3349,282.362,PV-008010960649,CHEMBL369573,ADORA1,enamine,VS_set_ADORA1_19677,7.1562476,0.15630550621669628,0.1495076096687556,0.1543983481444579,1.543983481444579,0,3.5516000000000005,0,2630,CCC(=O)N1Cc2nc(-c3ccccc3)nn2-c2ccccc21,28.414759,8.605984
VS_set_ADORA1_19680,Nc1nc(-c2ccccc2)c2c(n1)-c1ccccc1C2=O,NC1=NC(=C(S1)C2=CC=CC=C2O)C3=CC=CC=C3,B21R3.351,268.335,PV-007221979177,CHEMBL369573,ADORA1,enamine,VS_set_ADORA1_19680,7.18439,0.2024977698483497,0.1908675799086758,0.19750225099781243,1.9750225099781242,0,3.7649000000000017,0,2405,O=C(Nc1nc(-c2ccccc2)c(-c2ccccn2)s1)c1ccco1,29.34836,8.122852
VS_set_ADORA1_19681,Nc1nc(-c2ccccc2)c2c(n1)-c1ccccc1C2=O,C1=CC=C(C=C1)C2=CC=NC(=C2)C3=CC=CC=C3,B20R3.39,231.292,Z1741981076,CHEMBL369573,ADORA1,enamine,VS_set_ADORA1_19681,7.100265,0.3460381143430291,0.3150384193194292,0.3341066014678075,3.3410660146780753,0,4.415600000000003,0,2990,Nc1ncc(-c2ccncc2)c(-c2ccccc2)n1,3.7040687,-28.772741
VS_set_ADORA1_19713,c1ccc(Sc2nc-3ncnc3c(NC4CCCCC4)[nH]2)cc1,C1=CC=C(C=C1)C2=NC3=NC=NN3C(=C2)N[C@@H]4[C@@H]5[C@H]4CCC5,B26R5.4974715,291.351,Z4984655907,CHEMBL191270,ADORA1,enamine,VS_set_ADORA1_19713,7.0248966,0.0970873786407767,0.09380530973451327,0.09580416010636367,0.9580416010636367,3,3.0017000000000014,0,2219,OC1C(O)C(n2cnc3c(NC4CCC4)nc(Cl)nc32)C2CC12,-8.00756,-6.7167993
VS_set_ADORA1_19716,c1ccc(Sc2nc-3ncnc3c(NC4CCCCC4)[nH]2)cc1,FC1CCCC(C1)NC2=CC(=NC3=NC=NN23)C4=CC=CC=C4,B26R4.8898338,311.357,Z2434058438,CHEMBL191270,ADORA1,enamine,VS_set_ADORA1_19716,7.0812707,0.09385964912280702,0.08986784140969163,0.09197013964666219,0.9197013964666219,2,3.483900000000002,0,352,OC1OC(n2cnc3c(NC4CCCC4)nc(Cl)nc32)C(O)C1O,-9.508275,-5.285925
VS_set_ADORA1_19720,c1ccc(Sc2nc-3ncnc3c(NC4CCCCC4)[nH]2)cc1,OC1CCCC(C1)NC2=CC(=NC3=NC=NN23)C4=CC=CC=C4,B26R4.8898338,309.366,Z645924840,CHEMBL191270,ADORA1,enamine,VS_set_ADORA1_19720,7.472525,0.0927743086529884,0.0890652557319224,0.09139072155988463,0.9139072155988464,2,2.5067000000000004,0,2219,OC1C(O)C(n2cnc3c(NC4CCC4)nc(Cl)nc32)C2CC12,-8.080494,-5.2394047
VS_set_ADORA1_19727,c1ccc(Sc2nc-3ncnc3c(NC4CCCCC4)[nH]2)cc1,OC1CCCCC1NC2=CC(=NC3=NC=NN23)C4=CC=CC=C4,B26R4.17033347,309.366,Z1030918230,CHEMBL191270,ADORA1,enamine,VS_set_ADORA1_19727,7.0452247,0.09154929577464789,0.0853122251539138,0.09029426076101305,0.9029426076101305,2,2.5067000000000004,0,4027,OCC1OC(n2cnc3c(NC4CCCC4O)ncnc32)C(O)C1O,-7.279619,-5.8229084
VS_set_ADORA1_19728,c1ccc(Sc2nc-3ncnc3c(NC4CCCCC4)[nH]2)cc1,O[C@@H]1CCCC[C@H]1NC2=CC(=NC3=NC=NN23)C4=CC=CC=C4,B26R4.17033347,309.366,Z1731354234,CHEMBL191270,ADORA1,enamine,VS_set_ADORA1_19728,7.0452247,0.09154929577464789,0.0853122251539138,0.09029426076101305,0.9029426076101305,2,2.5067000000000004,0,4027,OCC1OC(n2cnc3c(NC4CCCC4O)ncnc32)C(O)C1O,-6.6802816,-4.8390083
VS_set_ADORA1_19729,c1ccc(Sc2nc-3ncnc3c(NC4CCCCC4)[nH]2)cc1,O[C@H]1CCCC[C@@H]1NC2=CC(=NC3=NC=NN23)C4=CC=CC=C4,B26R4.17033347,309.366,Z1744132026,CHEMBL191270,ADORA1,enamine,VS_set_ADORA1_19729,7.0452247,0.09154929577464789,0.0853122251539138,0.09029426076101305,0.9029426076101305,2,2.5067000000000004,0,4027,OCC1OC(n2cnc3c(NC4CCCC4O)ncnc32)C(O)C1O,-6.4679174,-5.9296994
VS_set_ADORA1_19730,c1ccc(Sc2nc-3ncnc3c(NC4CCCCC4)[nH]2)cc1,O[C@H]1CCCC[C@@H]1NC2=CC(=NC3=NC=NN23)C4=CC=CC=C4,B26R4.17033347,309.366,Z2614197168,CHEMBL191270,ADORA1,enamine,VS_set_ADORA1_19730,7.0452247,0.09154929577464789,0.0853122251539138,0.09029426076101305,0.9029426076101305,2,2.5067000000000004,0,4027,OCC1OC(n2cnc3c(NC4CCCC4O)ncnc32)C(O)C1O,-6.319804,-5.319144
VS_set_ADORA1_19731,c1ccc(Sc2nc-3ncnc3c(NC4CCCCC4)[nH]2)cc1,O[C@H]1CCCC[C@H]1NC2=CC(=NC3=NC=NN23)C4=CC=CC=C4,B26R4.17033347,309.366,Z2772090231,CHEMBL191270,ADORA1,enamine,VS_set_ADORA1_19731,7.0452247,0.09154929577464789,0.0853122251539138,0.09029426076101305,0.9029426076101305,2,2.5067000000000004,0,4027,OCC1OC(n2cnc3c(NC4CCCC4O)ncnc32)C(O)C1O,-6.991002,-6.2807207
VS_set_ADORA1_19732,c1ccc(Sc2nc-3ncnc3c(NC4CCCCC4)[nH]2)cc1,O[C@H]1CCCC[C@H]1NC2=CC(=NC3=NC=NN23)C4=CC=CC=C4,B26R4.17033347,309.366,Z3649722226,CHEMBL191270,ADORA1,enamine,VS_set_ADORA1_19732,7.0452247,0.09154929577464789,0.0853122251539138,0.09029426076101305,0.9029426076101305,2,2.5067000000000004,0,4027,OCC1OC(n2cnc3c(NC4CCCC4O)ncnc32)C(O)C1O,-7.0579453,-5.333419
VS_set_ADORA1_19734,c1ccc(Sc2nc-3ncnc3c(NC4CCCCC4)[nH]2)cc1,FC1CCC(CC1)NC2=CC(=NC3=NC=NN23)C4=CC=CC=C4,B26R4.22900816,311.357,Z1874315876,CHEMBL191270,ADORA1,enamine,VS_set_ADORA1_19734,7.146618,0.09796999117387467,0.09460654288240496,0.0966493586604565,0.966493586604565,0,3.483900000000002,0,352,OC1OC(n2cnc3c(NC4CCCC4)nc(Cl)nc32)C(O)C1O,-8.341244,-5.9940367
VS_set_ADORA1_19738,c1ccc(Sc2nc-3ncnc3c(NC4CCCCC4)[nH]2)cc1,O[C@H]1CC[C@@H](CC1)NC2=CC(=NC3=NC=NN23)C4=CC=CC=C4,B26R4.22900816,309.366,Z1508070153,CHEMBL191270,ADORA1,enamine,VS_set_ADORA1_19738,7.554387,0.0933920704845815,0.08430493273542601,0.08972746262880923,0.8972746262880923,0,2.5067000000000004,0,2976,OC1CCC(Nc2ncc(-c3ccnc(C4CC4)c3)c(-c3ccccc3)n2)CC1,-7.8244395,-4.6993794
VS_set_ADORA1_19739,c1ccc(Sc2nc-3ncnc3c(NC4CCCCC4)[nH]2)cc1,O[C@H]1CC[C@H](CC1)NC2=CC(=NC3=NC=NN23)C4=CC=CC=C4,B26R4.22900816,309.366,Z2852095920,CHEMBL191270,ADORA1,enamine,VS_set_ADORA1_19739,7.554387,0.0933920704845815,0.08430493273542601,0.08972746262880923,0.8972746262880923,0,2.5067000000000004,0,2976,OC1CCC(Nc2ncc(-c3ccnc(C4CC4)c3)c(-c3ccccc3)n2)CC1,-7.5763297,-4.3267584
VS_set_ADORA1_19746,c1ccc(Sc2nc-3ncnc3c(NC4CCCCC4)[nH]2)cc1,C1=CC=C(C=C1)C2=NC3=NC=NN3C(=C2)NC4CCCSCC4,B26R4.126780918,325.433,Z3394597219,CHEMBL191270,ADORA1,enamine,VS_set_ADORA1_19746,7.3091536,0.09490333919156414,0.0890652557319224,0.09299341939351069,0.9299341939351069,1,3.488900000000002,0,352,OC1OC(n2cnc3c(NC4CCCC4)nc(Cl)nc32)C(O)C1O,-9.239684,-5.9217825
VS_set_ADORA1_19749,c1ccc(Sc2nc-3ncnc3c(NC4CCCCC4)[nH]2)cc1,C1=CC=C(C=C1)C2=NC3=NC=NN3C(=C2)NC4CCCOC4,B25R4.3612585,295.34,Z1140387262,CHEMBL191270,ADORA1,enamine,VS_set_ADORA1_19749,7.0636396,0.09482001755926252,0.09082892416225749,0.09318176543202823,0.9318176543202823,1,2.3822,0,352,OC1OC(n2cnc3c(NC4CCCC4)nc(Cl)nc32)C(O)C1O,-8.784055,-4.134534
VS_set_ADORA1_19752,c1ccc(Sc2nc-3ncnc3c(NC4CCCCC4)[nH]2)cc1,C1=CC=C(C=C1)C2=NC3=NC=NN3C(=C2)NC4CCOCC4,B25R4.3612585,295.34,Z646393226,CHEMBL191270,ADORA1,enamine,VS_set_ADORA1_19752,7.2022586,0.09628975265017668,0.08429458740017746,0.09376638441125545,0.9376638441125545,0,2.3822,0,2376,OC1C(CF)OC(n2cnc3c(NC4CCOCC4)ncnc32)C1O,-8.803707,-5.039896
VS_set_ADORA1_19753,c1ccc(Sc2nc-3ncnc3c(NC4CCCCC4)[nH]2)cc1,C1=CC=C(C=C1)C2=NC3=NC=NN3C(=C2)NC4CCSCC4,B25R4.3612585,311.406,Z983434704,CHEMBL191270,ADORA1,enamine,VS_set_ADORA1_19753,7.148259,0.09578207381370826,0.09195402298850575,0.09377807859387474,0.9377807859387474,0,3.0988000000000007,0,352,OC1OC(n2cnc3c(NC4CCCC4)nc(Cl)nc32)C(O)C1O,-8.99513,-6.3697705
VS_set_ADORA1_19755,c1ccc(Sc2nc-3ncnc3c(NC4CCCCC4)[nH]2)cc1,C1=CC=C(C=C1)C2=NC3=NC=NN3C(=C2)N[C@@H]4CCCOC4,B25R4.3612585,295.34,Z2143858652,CHEMBL191270,ADORA1,enamine,VS_set_ADORA1_19755,7.0636396,0.09482001755926252,0.09082892416225749,0.09318176543202823,0.9318176543202823,1,2.3822,0,352,OC1OC(n2cnc3c(NC4CCCC4)nc(Cl)nc32)C(O)C1O,-8.712358,-3.7194247
VS_set_ADORA1_19757,c1ccc(Sc2nc-3ncnc3c(NC4CCCCC4)[nH]2)cc1,C1=CC=C(C=C1)C2=NC3=NC=NN3C(=C2)N[C@H]4CCCOC4,B25R4.3612585,295.34,Z2143715785,CHEMBL191270,ADORA1,enamine,VS_set_ADORA1_19757,7.0636396,0.09482001755926252,0.09082892416225749,0.09318176543202823,0.9318176543202823,1,2.3822,0,352,OC1OC(n2cnc3c(NC4CCCC4)nc(Cl)nc32)C(O)C1O,-9.319607,-4.2828045
VS_set_ADORA1_19793,Clc1cccc(-c2nc(N3CCCCC3)c4nc[nH]c4n2)c1,CCCN(CC)C1=NC(=NC(=C1N)Cl)C2=CC=CC=C2,B21R2.3355130,290.792,PV-006784986577,CHEMBL4451553,ADORA1,enamine,VS_set_ADORA1_19793,7.0336895,0.19409660107334525,0.18032786885245902,0.19031273980535857,1.9031273980535857,0,3.6155000000000017,0,3504,CCCN(CCC)c1c(-c2ccccc2)c2cc(Cl)ccc2[nH]c1=O,-16.677572,-2.5640724
VS_set_ADORA1_19974,O=C(NCc1ccccc1)c1nc2c(O)nc3ccccc3n2n1,CC1=CC=CC=C1CNC(=O)C2=NN(C(=N2)C)C3=CC=CC=C3,B25R3.2515205,306.362,Z1167127693,CHEMBL334286,ADORA1,enamine,VS_set_ADORA1_19974,7.1120915,0.1391614629794826,0.13556338028169015,0.137497001481025,1.37497001481025,0,2.814140000000001,0,394,Cc1ccccc1CNc1ncnc2c1ncn2C1OC(CO)C(O)C1O,-2.088601,28.685774
VS_set_ADORA1_19975,O=C(NCc1ccccc1)c1nc2c(O)nc3ccccc3n2n1,CC1=NC(=NN1C2=CC=CC=C2)C(=O)NCC3=CC=CC=C3Br,B25R3.2515205,371.231,Z1167143648,CHEMBL334286,ADORA1,enamine,VS_set_ADORA1_19975,7.0667872,0.1470327723649247,0.13737734165923282,0.14461306561738232,1.4461306561738232,0,3.2682200000000012,0,2630,CCC(=O)N1Cc2nc(-c3ccccc3)nn2-c2ccccc21,-1.6750151,28.802494
VS_set_ADORA1_19978,O=C(NCc1ccccc1)c1nc2c(O)nc3ccccc3n2n1,CC1=NC(=NN1C2=CC=CC=C2)C(=O)NCC3=CC=CC=C3N,B25R3.2515205,307.35,PV-006268213854,CHEMBL334286,ADORA1,enamine,VS_set_ADORA1_19978,7.0566254,0.12622222222222224,0.11853832442067737,0.12434416622251909,1.243441662225191,0,2.08792,0,636,Nc1cccc2c1nc(NC(=O)c1ccccc1)c1nn(-c3ccccc3)c(=O)n12,-1.7010243,28.133545
VS_set_ADORA1_19979,O=C(NCc1ccccc1)c1nc2c(O)nc3ccccc3n2n1,CC1=NC(=NN1C2=CC=CC=C2)C(=O)NCC3=CC=CC=C3O,B25R3.2515205,308.335,Z1170347869,CHEMBL334286,ADORA1,enamine,VS_set_ADORA1_19979,7.313521,0.12433862433862433,0.11675579322638147,0.122594689138077,1.22594689138077,0,2.21132,0,2630,CCC(=O)N1Cc2nc(-c3ccccc3)nn2-c2ccccc21,-2.222107,28.278303
VS_set_ADORA1_19982,O=C(NCc1ccccc1)c1nc2c(O)nc3ccccc3n2n1,CC1=NC(=NN1C2=CC=CC=C2)C(=O)NCC3=CC=CC(=C3)Br,B25R3.3399596,371.231,Z1167143537,CHEMBL334286,ADORA1,enamine,VS_set_ADORA1_19982,7.079882,0.1431079894644425,0.1360842844600527,0.14000161058535626,1.4000161058535625,0,3.2682200000000012,0,1451,OC1C(O)C(n2cnc3c(NCc4cccc(Br)c4)nc(Cl)nc32)C2CC12,-1.6562084,29.099562
VS_set_ADORA1_20081,CC(=O)N1CCC(Nc2nc(-c3ccco3)c(C(=O)c3ccccc3)s2)CC1,CC(=O)N1CCC(CC1)C(=O)NC2=NC(=C(S2)C(=O)C3=CC=CC=C3)C4=CC=CC=C4,B34R4.10338232,433.525,Z284395408,CHEMBL460384,ADORA1,enamine,VS_set_ADORA1_20081,7.0342064,0.08928571428571429,0.06188340807174888,0.08307143251431108,0.8307143251431108,0,4.238100000000004,0,1467,CC(=O)N1CCC(Nc2nc(-c3ccco3)c(C(=O)c3ccccc3)s2)CC1,22.236855,-2.4111974
VS_set_ADORA1_20162,C#CCCCC(=O)Nc1nc2cccc(Cl)c2c2nc(-c3ccco3)nn12,C#CCOCCNC(=O)C1=C(N=C(S1)C2=CC=CO2)C3=CC=CC=C3,B27R3.27076,352.409,Z1653658707,CHEMBL3896373,ADORA1,enamine,VS_set_ADORA1_20162,7.040823,0.11188204683434519,0.10460992907801418,0.10927970937092853,1.0927970937092852,0,3.4497000000000018,0,3321,O=C(Nc1nc(-c2ccccc2)nc2sc(-c3ccco3)nc12)c1ccco1,13.21712,16.733297
VS_set_ADORA1_20169,C#CCCCC(=O)Nc1nc2cccc(Cl)c2c2nc(-c3ccco3)nn12,N#CCCCNC(=O)C1=C(N=C(S1)C2=CC=CO2)C3=CC=CC=C3,B26R3.8514,337.397,Z1652000644,CHEMBL3896373,ADORA1,enamine,VS_set_ADORA1_20169,7.0953727,0.11743772241992882,0.1099290780141844,0.11477660538253501,1.14776605382535,0,4.103680000000002,0,1477,O=C(c1ccccc1)c1sc(NCCCc2ccccc2)nc1-c1ccco1,13.1232395,17.062471
VS_set_ADORA1_20188,C#CCCCC(=O)Nc1nc2cccc(Cl)c2c2nc(-c3ccco3)nn12,CCCCCS(=O)(=O)NC(=O)C1=C(N=C(S1)C2=CC=CO2)C3=CC=CC=C3,B29R3.625195,404.506,Z1183324963,CHEMBL3896373,ADORA1,enamine,VS_set_ADORA1_20188,7.114479,0.11558669001751314,0.10418521816562779,0.11181002749143296,1.1181002749143296,0,4.319900000000003,0,1970,CCCC(=O)c1sc(NC(=O)c2ccco2)nc1-c1ccccc1,13.86523,16.52665
VS_set_ADORA1_20194,C#CCCCC(=O)Nc1nc2cccc(Cl)c2c2nc(-c3ccco3)nn12,O=C(NCCCCO)C1=C(N=C(S1)C2=CC=CO2)C3=CC=CC=C3,B26R3.8514,342.414,Z1907396435,CHEMBL3896373,ADORA1,enamine,VS_set_ADORA1_20194,7.089867,0.112488928255093,0.10326566637246248,0.1094788067310567,1.094788067310567,0,3.572400000000002,0,1337,OCCNc1nc(-c2ccco2)c2cnn(CCc3ccccc3)c2n1,13.08469,17.14822
VS_set_ADORA1_20209,C#CCCCC(=O)Nc1nc2cccc(Cl)c2c2nc(-c3ccco3)nn12,C#CCCC(=O)NC(CC1=CC=CC=C1)C2=NC(=NO2)C3=CC=CC=C3,B28R3.128396,345.395,Z1986656158,CHEMBL3896373,ADORA1,enamine,VS_set_ADORA1_20209,7.0779953,0.11130587204206836,0.1059135039717564,0.10912686068926296,1.0912686068926296,1,3.5500000000000025,0,2629,CCOC(=O)N1Cc2nc(-c3ccccc3)nn2-c2ccccc21,-11.161563,7.13674
VS_set_ADORA1_20215,C#CCCCC(=O)Nc1nc2cccc(Cl)c2c2nc(-c3ccco3)nn12,C#CCCCCC(=O)NC(CC1=CC=CC=C1)C2=NC(=NO2)C3=CC=CC=C3,B30R3.262839,373.448,Z1583613526,CHEMBL3896373,ADORA1,enamine,VS_set_ADORA1_20215,7.120682,0.10920034393809114,0.10466138962181179,0.10785000623524903,1.0785000623524903,1,4.330200000000003,0,2630,CCC(=O)N1Cc2nc(-c3ccccc3)nn2-c2ccccc21,-11.155912,7.128929
VS_set_ADORA1_20457,Cn1cnc2c(NC3CCCC3)ncnc21,CN1C=NC2=C(N=CN=C12)NC3CCC(C3)F,B19R3.51711,235.261,Z2143334521,CHEMBL48278;CHEMBL48278,ADORA1,enamine,VS_set_ADORA1_20457,7.0931854,0.09545454545454546,0.05353728489483748,0.09021723473744661,0.902172347374466,2,1.6657999999999997,0,3909,Cn1cnc2c(NC3CCCC3)ncnc21,-22.703737,16.271847
VS_set_ADORA1_20458,Cn1cnc2c(NC3CCCC3)ncnc21,CN1C=NC2=C(N=CN=C12)N[C@H]3CC[C@@H](C3)O,B19R3.51711,233.27,PV-007483218631,CHEMBL48278;CHEMBL48278,ADORA1,enamine,VS_set_ADORA1_20458,7.018208,0.09769094138543517,0.054441260744985676,0.09106847940357887,0.9106847940357887,2,0.6885999999999997,0,3909,Cn1cnc2c(NC3CCCC3)ncnc21,-23.539124,16.64292
VS_set_ADORA1_20460,Cn1cnc2c(NC3CCCC3)ncnc21,CN1C=NC2=C(N=CN=C12)N[C@H]3CC[C@H](C3)O,B19R3.51711,233.27,PV-007483218632,CHEMBL48278;CHEMBL48278,ADORA1,enamine,VS_set_ADORA1_20460,7.018208,0.09769094138543517,0.054441260744985676,0.09106847940357887,0.9106847940357887,2,0.6885999999999997,0,3909,Cn1cnc2c(NC3CCCC3)ncnc21,-23.539124,16.64292
VS_set_ADORA1_20461,Cn1cnc2c(NC3CCCC3)ncnc21,CN1C=NC2=C(N=CN=C12)N[C@H]3CC[C@H](C3)O,B19R3.51711,233.27,Z2479782947,CHEMBL48278;CHEMBL48278,ADORA1,enamine,VS_set_ADORA1_20461,7.018208,0.09769094138543517,0.054441260744985676,0.09106847940357887,0.9106847940357887,2,0.6885999999999997,0,3909,Cn1cnc2c(NC3CCCC3)ncnc21,-23.539124,16.64292
VS_set_ADORA1_20492,Cn1cnc2c(NC3CCCC3)ncnc21,CN1C=NC2=C(N=CN=C12)NC3CCOC3,B18R3.4,219.244,Z1498316151,CHEMBL48278;CHEMBL48278,ADORA1,enamine,VS_set_ADORA1_20492,7.1017013,0.0951111111111111,0.06399235912129896,0.08405178604125643,0.8405178604125644,1,0.5640999999999998,0,3909,Cn1cnc2c(NC3CCCC3)ncnc21,-24.107122,15.426329
VS_set_ADORA1_20495,Cn1cnc2c(NC3CCCC3)ncnc21,CN1C=NC2=C(N=CN=C12)N[C@@H]3CCOC3,B18R3.4,219.244,Z2409836824,CHEMBL48278;CHEMBL48278,ADORA1,enamine,VS_set_ADORA1_20495,7.1017013,0.0951111111111111,0.06399235912129896,0.08405178604125643,0.8405178604125644,1,0.5640999999999998,0,3909,Cn1cnc2c(NC3CCCC3)ncnc21,-24.107122,15.426329
VS_set_ADORA1_20497,Cn1cnc2c(NC3CCCC3)ncnc21,CN1C=NC2=C(N=CN=C12)N[C@H]3CCOC3,B18R3.4,219.244,Z3079723300,CHEMBL48278;CHEMBL48278,ADORA1,enamine,VS_set_ADORA1_20497,7.1017013,0.0951111111111111,0.06399235912129896,0.08405178604125643,0.8405178604125644,1,0.5640999999999998,0,3909,Cn1cnc2c(NC3CCCC3)ncnc21,-24.107122,15.426329
VS_set_ADORA1_20502,Cn1cnc2c(NC3CCCC3)ncnc21,CN1C=NC2=C(N=CN=C12)NC3C=CCCC3,B19R3.9,229.281,Z1408661195,CHEMBL48278;CHEMBL48278,ADORA1,enamine,VS_set_ADORA1_20502,7.037019,0.08656447249774572,0.07230046948356808,0.08431825038285186,0.8431825038285186,1,1.8839,0,3909,Cn1cnc2c(NC3CCCC3)ncnc21,-22.735918,15.410827
VS_set_ADORA1_20540,Nc1n[nH]c2nc(-c3ccco3)c(-c4ccncn4)cc12,C1=COC(=C1)C2=NOC(=N2)C3=CN(N=C3)C4=CC=NC=C4,B24R4.7220,279.254,Z2903066409,CHEMBL1082001,ADORA1,enamine,VS_set_ADORA1_20540,7.0747833,0.15882874889086068,0.15508021390374332,0.15712943875003874,1.5712943875003873,0,2.5773,0,1100,CN1C(=O)C2Nc3cnccc3C2N(C)C1=O,19.465063,3.3386886
VS_set_ADORA1_20573,Nc1n[nH]c2nc(-c3ccco3)c(-c4ccncn4)cc12,C1=CC=C(C=C1)C2=CC(=CS2)C3=NC(=NO3)C4=CC=CO4,B24R4.7220,294.329,Z2903067083,CHEMBL1082001,ADORA1,enamine,VS_set_ADORA1_20573,8.014418,0.1773049645390071,0.17314487632508835,0.17538153752170224,1.7538153752170225,0,4.725100000000002,0,2813,CCCn1c(-c2ccco2)nc2c(N)nc(NCCCc3ccccc3)nc21,16.04686,2.6029766
VS_set_ADORA1_20577,Nc1n[nH]c2nc(-c3ccco3)c(-c4ccncn4)cc12,C1=CC=C(N=C1)C2=NC(=CS2)C3=NC(=NO3)C4=CC=CO4,B24R4.7220,296.306,Z1890727766,CHEMBL1082001,ADORA1,enamine,VS_set_ADORA1_20577,7.1480193,0.16063548102383055,0.15597147950089127,0.15892532077170124,1.5892532077170123,0,3.515100000000002,0,1544,Nc1nc(-c2ccco2)c2nnn(Cc3ccccn3)c2n1,32.30934,17.963602
VS_set_ADORA1_20581,Nc1n[nH]c2nc(-c3ccco3)c(-c4ccncn4)cc12,C1=COC(=C1)C2=NOC(=N2)C3=CSC(=N3)C4=CC=NC=C4,B24R4.7220,296.306,Z1890727006,CHEMBL1082001,ADORA1,enamine,VS_set_ADORA1_20581,7.0675635,0.18093556928508384,0.17477477477477477,0.17916358605801544,1.7916358605801543,0,3.515100000000002,0,1819,O=C(Nc1ccc(-c2ccncc2)c(-c2ccco2)n1)C1CC1,32.112488,18.263424
VS_set_ADORA1_20720,CCn1c(C#Cc2ccccc2)nc2c(N)ncnc21,CCN1C(=NC2=CN=CC=C12)SCC#CC3=CC=CC=C3F,B24R3.4261344,311.378,PV-005671322069,CHEMBL61259,ADORA1,enamine,VS_set_ADORA1_20720,7.358936,0.16166077738515902,0.15486725663716813,0.15880092889303438,1.5880092889303439,0,3.7341000000000024,0,1806,CCn1c(=O)c2[nH]c(Cc3cccs3)nc2n(Cc2cccs2)c1=O,-7.6097207,21.2481
VS_set_ADORA1_20734,CCn1c(C#Cc2ccccc2)nc2c(N)ncnc21,CCN1C(=NC2=CN=CC=C12)SCC3=CC(=CC=C3)O,B22R3.2956388,285.366,PV-005145291535,CHEMBL61259,ADORA1,enamine,VS_set_ADORA1_20734,7.0381413,0.12818261633011413,0.12344582593250444,0.12612246445715813,1.2612246445715813,0,3.4491000000000027,0,1100,CN1C(=O)C2Nc3cnccc3C2N(C)C1=O,-7.6050954,21.235405
VS_set_ADORA1_20751,CCn1c(C#Cc2ccccc2)nc2c(N)ncnc21,CCN1C(=NC2=CC=CC=C12)C3=CC=CC=C3,B19R3.2293,222.286,Z57114977,CHEMBL61259,ADORA1,enamine,VS_set_ADORA1_20751,7.2650533,0.18099547511312217,0.17061611374407584,0.17612265757495585,1.7612265757495584,0,3.723200000000002,0,3185,CCn1c(-c2ccccc2)nc2c(N)ncnc21,-11.92139,21.422655
VS_set_ADORA1_20804,COc1cccc(COC(=O)c2nn(-c3ccccc3)nc2N)c1,COC1=CC(=CC=C1C)COC(=O)C2=NN(N=C2C)C3=CC=CC=C3,B27R3.2222573,337.373,PV-002946804604,CHEMBL1561896,ADORA1,enamine,VS_set_ADORA1_20804,7.010676,0.17888307155322863,0.1390728476821192,0.17274829574111455,1.7274829574111457,0,3.249740000000002,0,3165,COc1cccc(COC(=O)c2nn(-c3ccccc3)nc2N)c1,-3.1053748,11.721499
VS_set_ADORA1_20828,COc1cccc(COC(=O)c2nn(-c3ccccc3)nc2N)c1,O=C(OCC1=CC=CC2=C1CCO2)C3=NN(N=C3)C4=CC=CC=C4,B27R4.23266227,321.331,PV-003427636599,CHEMBL1561896,ADORA1,enamine,VS_set_ADORA1_20828,7.2204356,0.1254355400696864,0.1196808510638298,0.12354511399706128,1.2354511399706127,0,2.5592000000000006,0,2630,CCC(=O)N1Cc2nc(-c3ccccc3)nn2-c2ccccc21,-3.7749789,11.415942
VS_set_ADORA1_20862,O=c1[nH]nc2c(NCCc3ccccc3)nc4ccccc4n12,OC1=CC=CC(=C1)CCNC2=NC3=CC=CC=C3N4C2=CN=C4,B26R4.8882801,304.347,PV-002559315762,CHEMBL224453,ADORA1,enamine,VS_set_ADORA1_20862,7.280418,0.11081560283687943,0.09188224799286351,0.10549991915284011,1.0549991915284012,0,3.242700000000001,0,1127,c1ccc(CCNc2nc3ccccc3n3nc(-c4ccco4)nc23)cc1,4.2538266,6.478593
VS_set_ADORA1_20931,Cc1cn2c(=O)n(-c3ccc(O)cc3)nc2c(N)n1,C=C(C)CN1C=NN(C1=O)C2=CC=C(C=C2)Br,B18R2.92975,294.147,PV-002108819872,CHEMBL4097464,ADORA1,enamine,VS_set_ADORA1_20931,7.1501894,0.20195729537366547,0.19748653500897667,0.20014083682875014,2.0014083682875015,0,2.3726000000000003,0,1099,CN1C(=O)C2C(c3ncccc3N2C)N(C)C1=O,-5.8884954,13.867193
VS_set_ADORA1_21079,CC(C)Cc1nc2c(-c3ccccc3)cc(-c4ccccc4)nc2[nH]1,CC1CC1C(=O)NC2=NC(=C(O2)C3=CC=CC=C3)C4=CC=CC=C4,B27R4.2608796,318.37,Z86698951,CHEMBL221486,ADORA1,enamine,VS_set_ADORA1_21079,7.374028,0.1447721179624665,0.14058355437665782,0.14351895831636963,1.4351895831636963,2,4.603100000000003,0,2313,CCC1CN2C(=O)N(C)c3nc(-c4ccccc4)[nH]c3C2=N1,-17.188314,-26.626562
VS_set_ADORA1_21080,CC(C)Cc1nc2c(-c3ccccc3)cc(-c4ccccc4)nc2[nH]1,C[C@@H]1C[C@H]1C(=O)NC2=NC(=C(O2)C3=CC=CC=C3)C4=CC=CC=C4,B27R4.2608796,318.37,Z1814612264,CHEMBL221486,ADORA1,enamine,VS_set_ADORA1_21080,7.374028,0.1447721179624665,0.14058355437665782,0.14351895831636963,1.4351895831636963,2,4.603100000000003,0,2313,CCC1CN2C(=O)N(C)c3nc(-c4ccccc4)[nH]c3C2=N1,-16.970972,-26.96966
VS_set_ADORA1_21081,CC(C)Cc1nc2c(-c3ccccc3)cc(-c4ccccc4)nc2[nH]1,C[C@H]1C[C@@H]1C(=O)NC2=NC(=C(O2)C3=CC=CC=C3)C4=CC=CC=C4,B27R4.2608796,318.37,Z1711679926,CHEMBL221486,ADORA1,enamine,VS_set_ADORA1_21081,7.374028,0.1447721179624665,0.14058355437665782,0.14351895831636963,1.4351895831636963,2,4.603100000000003,0,2313,CCC1CN2C(=O)N(C)c3nc(-c4ccccc4)[nH]c3C2=N1,-16.970972,-26.96966
VS_set_ADORA1_21082,CC(C)Cc1nc2c(-c3ccccc3)cc(-c4ccccc4)nc2[nH]1,O=C(CC1CC1)NC2=NC(=C(O2)C3=CC=CC=C3)C4=CC=CC=C4,B27R4.6196664,318.37,Z1567994663,CHEMBL221486,ADORA1,enamine,VS_set_ADORA1_21082,7.39153,0.1550044286979628,0.14519056261343014,0.1528182213784999,1.528182213784999,0,4.747200000000003,0,2071,O=C(CC1CCCC1)Nc1cnc(-c2ccncc2)c(-c2ccco2)n1,-18.303324,-26.366793
VS_set_ADORA1_21083,CC(C)Cc1nc2c(-c3ccccc3)cc(-c4ccccc4)nc2[nH]1,CCCC(=O)NC1=NC(=C(O1)C2=CC=CC=C2)C3=CC=CC=C3,B25R3.145798,306.359,Z86698821,CHEMBL221486,ADORA1,enamine,VS_set_ADORA1_21083,7.45128,0.1843525179856115,0.17897727272727273,0.18194552799769081,1.8194552799769081,0,4.747200000000003,0,2983,CCCC(=O)Nc1ncc(-c2cccc(Cl)c2)c(-c2ccccc2)n1,-19.045767,-27.493534
VS_set_ADORA1_21088,CC(C)Cc1nc2c(-c3ccccc3)cc(-c4ccccc4)nc2[nH]1,CC(CN)CC(=O)NC1=NC(=C(N1)C2=CC=CC=C2)C3=CC=CC=C3,B27R3.5164887,334.416,PV-008586861837,CHEMBL221486,ADORA1,enamine,VS_set_ADORA1_21088,7.067457,0.16445623342175067,0.15663716814159293,0.16171120453197793,1.6171120453197794,1,3.6671000000000022,0,255,Cc1nc2nc(-c3ccccc3)[nH]c(NC(C)c3ccccc3)c-2c1C,-13.275058,-18.99004
VS_set_ADORA1_21089,CC(C)Cc1nc2c(-c3ccccc3)cc(-c4ccccc4)nc2[nH]1,C[C@@H](CN)CC(=O)NC1=NC(=C(N1)C2=CC=CC=C2)C3=CC=CC=C3,B27R3.5164887,334.416,PV-008586861836,CHEMBL221486,ADORA1,enamine,VS_set_ADORA1_21089,7.067457,0.16445623342175067,0.15663716814159293,0.16171120453197793,1.6171120453197794,1,3.6671000000000022,0,255,Cc1nc2nc(-c3ccccc3)[nH]c(NC(C)c3ccccc3)c-2c1C,-13.275058,-18.99004
VS_set_ADORA1_21090,CC(C)Cc1nc2c(-c3ccccc3)cc(-c4ccccc4)nc2[nH]1,C[C@H](CN)CC(=O)NC1=NC(=C(N1)C2=CC=CC=C2)C3=CC=CC=C3,B27R3.5164887,334.416,PV-008586861835,CHEMBL221486,ADORA1,enamine,VS_set_ADORA1_21090,7.067457,0.16445623342175067,0.15663716814159293,0.16171120453197793,1.6171120453197794,1,3.6671000000000022,0,255,Cc1nc2nc(-c3ccccc3)[nH]c(NC(C)c3ccccc3)c-2c1C,-13.275058,-18.99004
VS_set_ADORA1_21091,CC(C)Cc1nc2c(-c3ccccc3)cc(-c4ccccc4)nc2[nH]1,CC(C)C(=O)NC1=NC(=C(O1)C2=CC=CC=C2)C3=CC=CC=C3,B25R3.2047880,306.359,Z86698813,CHEMBL221486,ADORA1,enamine,VS_set_ADORA1_21091,7.259045,0.1996386630532972,0.1895017793594306,0.19702635113181333,1.9702635113181333,0,4.603100000000003,0,3510,CC(C)C(=O)Nc1nc2n(n1)C(c1ccccc1Cl)C=C(c1ccccc1)N2,-18.732979,-28.429596
VS_set_ADORA1_21093,CC(C)Cc1nc2c(-c3ccccc3)cc(-c4ccccc4)nc2[nH]1,CC(C)OCC(=O)NC1=NC(=C(O1)C2=CC=CC=C2)C3=CC=CC=C3,B27R3.4581247,336.385,Z1567993846,CHEMBL221486,ADORA1,enamine,VS_set_ADORA1_21093,7.325235,0.1766256590509666,0.1727842435094002,0.17551852291414316,1.7551852291414316,0,4.372100000000003,0,1970,CCCC(=O)c1sc(NC(=O)c2ccco2)nc1-c1ccccc1,-20.473595,-26.721676
VS_set_ADORA1_21095,CC(C)Cc1nc2c(-c3ccccc3)cc(-c4ccccc4)nc2[nH]1,COC(C)CC(=O)NC1=NC(=C(O1)C2=CC=CC=C2)C3=CC=CC=C3,B27R3.5164887,336.385,Z1567993497,CHEMBL221486,ADORA1,enamine,VS_set_ADORA1_21095,7.315229,0.158311345646438,0.15567282321899736,0.1571743827447501,1.5717438274475009,1,4.372100000000003,0,2313,CCC1CN2C(=O)N(C)c3nc(-c4ccccc4)[nH]c3C2=N1,-19.398975,-26.342552
VS_set_ADORA1_21100,CC(C)Cc1nc2c(-c3ccccc3)cc(-c4ccccc4)nc2[nH]1,OCCCC1=NOC(=N1)C2=CC(=NC3=CC=CC=C23)C4=CC=CC=C4,B28R4.49790603,331.369,Z6404538363,CHEMBL221486,ADORA1,enamine,VS_set_ADORA1_21100,7.084957,0.15223097112860892,0.14497816593886462,0.15012966401169367,1.5012966401169368,0,3.876700000000003,0,3509,Cc1ccc(C2=CC(c3ccccc3Cl)n3nc(CCCO)nc3N2)cc1,-22.656767,7.778811
VS_set_ADORA1_21112,CC(C)Cc1nc2c(-c3ccccc3)cc(-c4ccccc4)nc2[nH]1,CC(=CC(=O)NC1=NC(=C(O1)C2=CC=CC=C2)C3=CC=CC=C3)C,B26R3.4203777,318.37,Z1567993767,CHEMBL221486,ADORA1,enamine,VS_set_ADORA1_21112,7.3795357,0.20411817367949867,0.20106761565836298,0.20262400478957962,2.0262400478957963,0,4.913300000000003,0,976,COc1ccc(NC(=O)Nc2nc3ccccc3n3c(=O)c(-c4ccccc4)nn23)cc1,-19.81767,-29.019815
VS_set_ADORA1_21142,CC(C)Cc1nc2c(-c3ccccc3)cc(-c4ccccc4)nc2[nH]1,O=C(NC1=NC(=C(O1)C2=CC=CC=C2)C3=CC=CC=C3)C4CC4,B26R4.248089,304.343,Z86699399,CHEMBL221486,ADORA1,enamine,VS_set_ADORA1_21142,7.6305823,0.16546762589928057,0.15722120658135283,0.16212595112502448,1.6212595112502448,0,4.357100000000003,0,1827,O=C(Nc1ccc(-c2ccncc2)c(-c2ncco2)n1)C1CC1,-17.907171,-27.850689
