QSPRID,qrySmiles,hitSmiles,anonIdx,mw,id,qry_molecule_chembl_id,target_id,provider,QSPRID,predictions,nn_max,nn_min,nn_mean,nn_sum,n_chiral_centers,logP,lipinski_violations,nn_index,nn_smiles,tsne1,tsne2
VS_set_NR3C2_00081,CCC(C)n1cc(-c2ccc(C#N)cc2)c2ccc(NS(C)(=O)=O)cc21,CCOc1cc(nc2c1cc(cc2)NC(=O)C)c3ccc(cc3)F,B26R3.157481340,324.35,32717876,CHEMBL1672549;CHEMBL1672548;CHEMBL1672548,NR3C2,emolecules,VS_set_NR3C2_00081,7.1025705,0.14986853637160386,0.1372719374456994,0.14727737052869355,1.4727737052869356,0,4.398000000000002,0,531,CC(=O)Nc1ccc2[nH]c(C3(Cc4ccccc4)OC(=O)N(C(C)c4ccc(F)cc4)C3=O)nc2c1,8.085034,127.07714
VS_set_NR3C2_00144,O=C1COc2ccc(N3CCOCC3c3ccccc3)cc2N1,CC(=O)Nc1cccc(c1)CN2CCNCC2c3cccc(c3)Cl,B26R3.2696126,343.851,302737365,CHEMBL4062345;CHEMBL4062345,NR3C2,emolecules,VS_set_NR3C2_00144,7.1433287,0.11304347826086956,0.0986784140969163,0.10832895078775166,1.0832895078775167,1,3.4449000000000023,0,107,O=c1[nH]c(N2CCC(c3ccccc3)CC2)c(Cc2cccc(Cl)c2)c(=O)[nH]1,95.794044,-94.59329
VS_set_NR3C2_00146,O=C1COc2ccc(N3CCOCC3c3ccccc3)cc2N1,CC(=O)Nc1cccc(c1)CN2CCNCC2c3ccccc3Cl,B26R3.2741530,343.851,302721678,CHEMBL4062345;CHEMBL4062345,NR3C2,emolecules,VS_set_NR3C2_00146,7.3705487,0.10782608695652174,0.10184372256365233,0.10492616411614368,1.0492616411614368,1,3.4449000000000023,0,107,O=c1[nH]c(N2CCC(c3ccccc3)CC2)c(Cc2cccc(Cl)c2)c(=O)[nH]1,85.499565,-87.5442
VS_set_NR3C2_00179,COc1ccc(C(c2ccccc2)c3c[nH]c4ccccc34)cc1,COc1ccc(cc1)C(NC(=S)Nc2ccccc2)c3ccccc3,B27R3.41228,348.463,2156226,CHEMBL1672540,NR3C2,emolecules,VS_set_NR3C2_00179,7.1274166,0.18854625550660792,0.17699910152740342,0.1848062113555538,1.848062113555538,1,4.771200000000003,0,685,COC(=O)C(c1ccc(OC)cc1)n1ccc2c(NS(C)(=O)=O)cccc21,-318.90488,173.96916
VS_set_NR3C2_00389,Cn1c(=O)cc(C(F)(F)F)c2cc3c(cc21)NC1CCCCC31,Cn1c(nc2c1ccc(c2)NC(=O)CCC(F)(F)F)C3CC3,B24R3.34587960,311.303,48294548,CHEMBL163425,NR3C2,emolecules,VS_set_NR3C2_00389,7.026646,0.1345646437994723,0.1274165202108963,0.13223462369865366,1.3223462369865366,0,3.7317000000000027,0,50,Cn1c(=O)cc(C(F)(F)F)c2cc3c(cc21)NC1CCCCC31,-10.675725,-53.37334
VS_set_NR3C2_00392,Cn1c(=O)cc(C(F)(F)F)c2cc3c(cc21)NC1CCCCC31,CCc1cc(=O)oc2c1cc3c(c2C)oc4c3CCCC4,B24R4.56930390,282.334,4802497,CHEMBL163425,NR3C2,emolecules,VS_set_NR3C2_00392,7.0771174,0.12554872695346794,0.12102473498233215,0.12310588509611345,1.2310588509611344,0,4.288820000000003,0,22,CCC1CNc2cc3oc(=O)cc(C(F)(F)F)c3cc2C1CC,5.3625054,82.9326
VS_set_NR3C2_00473,CNS(=O)(=O)c1ccc(C(C)(C)c2ccccc2)cc1,CC(Nc1ccccc1C)c2ccc(cc2)S(=O)(=O)C,B21R2.105285,289.394,317973061,CHEMBL5182687,NR3C2,emolecules,VS_set_NR3C2_00473,7.0057454,0.13871817383669885,0.1317418213969938,0.13521350852891412,1.3521350852891412,1,3.571620000000002,0,617,Cc1c(C(=O)Nc2ccc(S(C)(=O)=O)cc2)cc(C(C)C(C)O)n1-c1ccc(F)cc1C(F)(F)F,-191.52396,24.690905
VS_set_NR3C2_00499,CNS(=O)(=O)c1ccc(C(C)(C)c2ccccc2)cc1,Cn1c2ccccc2c3c1ccc(c3)S(=O)(=O)N,B20R3.3428503,260.313,75509390,CHEMBL5182687,NR3C2,emolecules,VS_set_NR3C2_00499,7.333583,0.29017857142857145,0.2825112107623318,0.28792301580267543,2.879230158026754,0,1.9788999999999997,0,430,Cc1cc(C)c(S(=O)(=O)NC(Cn2cc(C#N)c3ccccc32)C(F)(F)F)c(C)c1,3.9644485,219.68825
VS_set_NR3C2_00598,COC(=O)C1=C(C)NC(C)=C(C(=O)OC(C)(C)C)C1c1ccc(Cl)cc1,COC(=O)C1=C(NC(=C(C1c2ccc(cc2Cl)Cl)C(=O)OC)C)C,B25R2.621492967,370.228,627919,CHEMBL1215259,NR3C2,emolecules,VS_set_NR3C2_00598,7.176592,0.07792207792207792,0.04878048780487805,0.06313828065356605,0.6313828065356606,0,3.574200000000002,0,182,COC(=O)C1=C(C)NC(C)=C(C(=O)OC(C)(C)C)C1c1ccc(F)cc1Cl,186.03471,39.1367
VS_set_NR3C2_00600,COC(=O)C1=C(C)NC(C)=C(C(=O)OC(C)(C)C)C1c1ccc(Cl)cc1,CCOC(=O)C1=C(NC(=C(C1c2ccc(cc2Cl)Cl)C(=O)OCC)C)C,B27R2.683076382,398.281,627911,CHEMBL1215259,NR3C2,emolecules,VS_set_NR3C2_00600,7.4486847,0.081374321880651,0.060240963855421686,0.07320016947872643,0.7320016947872643,0,4.354400000000004,0,182,COC(=O)C1=C(C)NC(C)=C(C(=O)OC(C)(C)C)C1c1ccc(F)cc1Cl,175.63815,45.392117
VS_set_NR3C2_00613,COC(=O)C1=C(C)NC(C)=C(C(=O)OC(C)(C)C)C1c1ccc(Cl)cc1,COC(=O)C1=C(NC2=C(C1c3ccc(cc3Cl)Cl)C(=O)CC(C2)(C)C)C,B28R3.1099988205,394.292,628139,CHEMBL1215259,NR3C2,emolecules,VS_set_NR3C2_00613,7.060235,0.0912311780336581,0.08415398388540735,0.08906762192146499,0.8906762192146499,1,4.770400000000004,0,182,COC(=O)C1=C(C)NC(C)=C(C(=O)OC(C)(C)C)C1c1ccc(F)cc1Cl,174.47276,21.599133
VS_set_NR3C2_00616,COC(=O)C1=C(C)NC(C)=C(C(=O)OC(C)(C)C)C1c1ccc(Cl)cc1,CC(C)OC(=O)C1=C(NC2=C(C1c3ccc(cc3Cl)Cl)C(=O)CCC2)C,B28R3.3627912626,394.292,1207271,CHEMBL1215259,NR3C2,emolecules,VS_set_NR3C2_00616,7.3009925,0.09823008849557523,0.08179419525065963,0.09086977751458793,0.9086977751458792,1,4.912900000000004,0,620,CC1=C(C#N)C(c2cccc3c(=O)cc(C)oc23)C(C(=O)OC(C)C)=C(C)N1,146.58987,23.728798
VS_set_NR3C2_00644,COC(=O)C1=C(C)NC(C)=C(C(=O)OC(C)(C)C)C1c1ccc(Cl)cc1,CCOC(=O)C1=C(NC2=C(C1c3ccc(cc3Cl)Cl)C(=O)CCC2)C,B27R3.42876158,380.266,1207187,CHEMBL1215259,NR3C2,emolecules,VS_set_NR3C2_00644,7.5067353,0.09573542210617929,0.08098591549295775,0.09030133142726215,0.9030133142726215,1,4.5244000000000035,0,325,CCOC(=O)C1=C(C)NC(C)=C(C(C)=O)C1c1cccc2c(=O)cc(C)oc12,154.05476,37.110783
VS_set_NR3C2_00714,Cc1noc(C)c1-c1ccc2c(c1)C(C)(C)C(=O)C(C)(C)N2,Cc1noc(c1C(=O)N2CC(CC(C2)(C)C)(C)C)C,B20R2.36849408,264.364,102737713,CHEMBL3582109,NR3C2,emolecules,VS_set_NR3C2_00714,7.110768,0.224977856510186,0.21518987341772153,0.22239601029147454,2.2239601029147456,0,3.1897400000000022,0,537,Cc1noc(C)c1-c1ccc2c(c1)C(C)(C)C(=O)C(C)(C)N2,80.01882,37.726658
VS_set_NR3C2_00727,Cc1noc(C)c1-c1ccc2c(c1)C(C)(C)C(=O)C(C)(C)N2,CC1(CCc2cc(ccc2O1)c3[nH]ncc3N)C,B20R3.3068854,243.305,313795821,CHEMBL3582109,NR3C2,emolecules,VS_set_NR3C2_00727,7.021137,0.1202809482001756,0.1153169014084507,0.11812324128307741,1.181232412830774,0,2.7625,0,772,CC1CCc2ccccc2N1S(=O)(=O)c1ccc2c(c1)NC(=O)CO2,159.6016,-86.38332
VS_set_NR3C2_00760,O=[N+]([O-])c1ccc(N2N=C(c3ccc(O)cc3)CC2c2ccc(F)cc2)cc1,COc1ccc(cc1)C2=NN(C(C2)c3ccc(cc3)F)c4ccc(cc4)S(=O)(=O)N,B33R4.129186,425.478,7685640,CHEMBL1215689,NR3C2,emolecules,VS_set_NR3C2_00760,7.004829,0.06881143878462913,0.03905540417801998,0.060226105504753345,0.6022610550475335,1,3.8374000000000024,0,212,COc1ccc(N2N=C(c3ccc(C(=O)O)cc3)CC2c2ccc(F)cc2)cc1,-103.05561,-40.54128
VS_set_NR3C2_00782,O=[N+]([O-])c1ccc(N2N=C(c3ccc(O)cc3)CC2c2ccc(F)cc2)cc1,NS(=O)(=O)c1ccc(cc1)N2N=C(CC2c3ccc(cc3)F)c4ccc(cc4)Br,B32R4.9353156,474.347,2098304,CHEMBL1215689,NR3C2,emolecules,VS_set_NR3C2_00782,7.208726,0.06862745098039216,0.05263157894736842,0.06061711691073866,0.6061711691073866,1,4.591300000000003,0,206,O=[N+]([O-])c1ccc(N2N=C(c3ccc(O)cc3)CC2c2ccc(F)cc2)cc1,-91.820274,-48.417953
VS_set_NR3C2_00783,O=[N+]([O-])c1ccc(N2N=C(c3ccc(O)cc3)CC2c2ccc(F)cc2)cc1,NS(=O)(=O)c1ccc(cc1)N2N=C(CC2c3ccc(cc3)F)c4ccc(cc4)F,B32R4.9353156,413.442,7865123,CHEMBL1215689,NR3C2,emolecules,VS_set_NR3C2_00783,7.038369,0.06678539626001781,0.048401826484018265,0.05699868521673503,0.5699868521673503,1,3.967900000000003,0,206,O=[N+]([O-])c1ccc(N2N=C(c3ccc(O)cc3)CC2c2ccc(F)cc2)cc1,-93.487045,-33.3947
VS_set_NR3C2_00812,CCC(Cc1cc(C)c(OC)c(C)c1)NS(=O)(=O)c1c(C)cc(C)cc1C,COc1cc(cc(c1OC)OC)CCNS(=O)(=O)c2c(cc(cc2C)C)C,B28R2.432857504,393.499,184927205,CHEMBL3094483,NR3C2,emolecules,VS_set_NR3C2_00812,7.1095095,0.1262488646684832,0.11365719523373052,0.12189856195102926,1.2189856195102926,0,3.158660000000001,0,436,CCC(Cc1cc(C)c(OC)c(C)c1)NS(=O)(=O)c1c(C)cc(C)cc1C,53.301125,-124.08771
VS_set_NR3C2_00855,CCC(Cc1cc(C)c(OC)c(C)c1)NS(=O)(=O)c1c(C)cc(C)cc1C,CCOc1ccc(cc1Br)/C=N/NS(=O)(=O)c2c(cc(cc2C)C)C,B26R2.87608340,425.341,181588927,CHEMBL3094483,NR3C2,emolecules,VS_set_NR3C2_00855,7.0092573,0.16621983914209115,0.15960324616771868,0.16434490138412405,1.6434490138412405,0,4.085460000000003,0,436,CCC(Cc1cc(C)c(OC)c(C)c1)NS(=O)(=O)c1c(C)cc(C)cc1C,214.80408,-90.74538
VS_set_NR3C2_00856,CCC(Cc1cc(C)c(OC)c(C)c1)NS(=O)(=O)c1c(C)cc(C)cc1C,CCOc1ccc(cc1Cl)/C=N/NS(=O)(=O)c2c(cc(cc2C)C)C,B26R2.87608340,380.891,181588948,CHEMBL3094483,NR3C2,emolecules,VS_set_NR3C2_00856,7.0148277,0.16131907308377896,0.15672306322350846,0.1600028842047835,1.600028842047835,0,3.9763600000000023,0,437,CCC(Cc1ccc(OC)c(C)c1C)NS(=O)(=O)c1c(C)cc(C)cc1C,222.13927,-98.3863
VS_set_NR3C2_00866,CCC(Cc1cc(C)c(OC)c(C)c1)NS(=O)(=O)c1c(C)cc(C)cc1C,CCOc1c(cc(cc1OC)/C=N/NS(=O)(=O)c2c(cc(cc2C)C)C)Br,B28R2.3525096208,455.367,181589000,CHEMBL3094483,NR3C2,emolecules,VS_set_NR3C2_00866,7.0410414,0.15303430079155672,0.14551907719609583,0.15033225992995958,1.5033225992995958,0,4.094060000000003,0,437,CCC(Cc1ccc(OC)c(C)c1C)NS(=O)(=O)c1c(C)cc(C)cc1C,204.4187,-92.81657
VS_set_NR3C2_00881,OC1CCc2c(C=C3c4ccccc4COc4cc(F)ccc43)cccc21,CN(C)c1cccc(c1)C=C2c3ccccc3CCc4c2cccc4,B28R4.37273194,325.447,49843283,CHEMBL3775383;CHEMBL3775383,NR3C2,emolecules,VS_set_NR3C2_00881,7.7950516,0.1551270815074496,0.08301526717557252,0.14200238755189581,1.420023875518958,0,5.4401000000000055,1,449,CS(=O)(=O)Nc1cccc(C=C2c3ccccc3CCc3ccccc32)c1,181.67839,-246.142
VS_set_NR3C2_00892,OC1CCc2c(C=C3c4ccccc4COc4cc(F)ccc43)cccc21,CN(C)Cc1ccccc1NC2c3ccccc3CSc4c2cccc4,B29R4.84553257,360.517,8202142,CHEMBL3775383;CHEMBL3775383,NR3C2,emolecules,VS_set_NR3C2_00892,7.026126,0.11411149825783973,0.1091703056768559,0.11232429426458793,1.1232429426458792,1,5.555400000000005,1,772,CC1CCc2ccccc2N1S(=O)(=O)c1ccc2c(c1)NC(=O)CO2,-77.72928,4.3862762
VS_set_NR3C2_00912,OC1CCc2c(C=C3c4ccccc4COc4cc(F)ccc43)cccc21,Cc1ccc\2c(c1)-c3c(cccc3)/C2=N/c4cccc5c4cccc5,B29R5.1332833,319.399,26815215,CHEMBL3775383;CHEMBL3775383,NR3C2,emolecules,VS_set_NR3C2_00912,7.4053745,0.21762114537444935,0.21220159151193635,0.21487478304057311,2.148747830405731,0,6.297720000000004,1,14,CC1=CC(C)(C)Nc2ccc3c(c21)C(c1ccc(C)cc1)Oc1ccccc1-3,163.06793,-49.045418
VS_set_NR3C2_00917,OC1CCc2c(C=C3c4ccccc4COc4cc(F)ccc43)cccc21,CCOC(=O)c1cccc(c1)NC(=O)c2ccccc2OCc3cccc(c3)C,B31R3.138918133,389.445,320406982,CHEMBL3775383;CHEMBL3775383,NR3C2,emolecules,VS_set_NR3C2_00917,7.0919414,0.14943527367506515,0.1387434554973822,0.14666094486852516,1.4666094486852517,0,5.003020000000004,1,325,CCOC(=O)C1=C(C)NC(C)=C(C(C)=O)C1c1cccc2c(=O)cc(C)oc12,-363.1567,64.74657
VS_set_NR3C2_01117,CC1(C)OC(=S)Nc2ccc(NS(=O)(=O)c3cccs3)cc21,CN1C(=O)OCc2c1ccc(c2)NS(=O)(=O)c3ccc(s3)C,B24R3.285073609,338.405,321329669,CHEMBL2181930,NR3C2,emolecules,VS_set_NR3C2_01117,7.045574,0.1264266900790167,0.11964285714285715,0.12349039409068611,1.2349039409068612,0,2.943720000000001,0,324,CC1(C)OC(=S)Nc2ccc(NS(=O)(=O)c3cccs3)cc21,-15.403317,-91.72399
VS_set_NR3C2_01123,CC1(C)OC(=S)Nc2ccc(NS(=O)(=O)c3cccs3)cc21,CCOC(=O)c1ccc(cc1)NS(=O)(=O)c2ccc(s2)Br,B22R2.20499,390.275,1731748,CHEMBL2181930,NR3C2,emolecules,VS_set_NR3C2_01123,7.0732718,0.20088105726872246,0.1836007130124777,0.19672231013837638,1.9672231013837638,0,3.488100000000002,0,211,CCOC(=O)c1ccc(N2N=C(c3ccc(C(=O)O)cc3)CC2c2ccc(F)cc2)cc1,171.96823,215.14586
VS_set_NR3C2_01124,CC1(C)OC(=S)Nc2ccc(NS(=O)(=O)c3cccs3)cc21,CCOC(=O)c1ccc(cc1)NS(=O)(=O)c2ccc(s2)Cl,B22R2.20499,345.824,1505887,CHEMBL2181930,NR3C2,emolecules,VS_set_NR3C2_01124,7.055949,0.20526315789473684,0.18983957219251338,0.20111743963129652,2.011174396312965,0,3.3790000000000022,0,211,CCOC(=O)c1ccc(N2N=C(c3ccc(C(=O)O)cc3)CC2c2ccc(F)cc2)cc1,172.64659,224.79709
VS_set_NR3C2_01140,C=CCOC(C)C1=CC(C)(C)Nc2ccc(-c3cc(F)ccc3OC)cc21,COc1ccc(cc1C(=O)CCC(=O)Nc2c(cccc2C(C)C)C)Cl,B27R2.72498485,373.874,182601108,CHEMBL541908;CHEMBL395506,NR3C2,emolecules,VS_set_NR3C2_01140,7.270854,0.11764705882352941,0.11361665221162186,0.11580765433336708,1.1580765433336708,0,5.382020000000004,1,822,Cc1c(C(=O)Nc2ccc(S(C)(=O)=O)cc2)cc(CC(C)O)n1-c1ccc(Cl)cc1C(F)(F)F,-72.20092,132.6254
VS_set_NR3C2_01197,Cc1nccn1-c1ccc(CNS(=O)(=O)c2ccc(F)cc2F)cc1,CC(NC(=O)c1ccc(cc1F)Br)c2ccc(cc2)n3ccnc3C,B27R3.2916609,402.26,43407483,CHEMBL3086024,NR3C2,emolecules,VS_set_NR3C2_01197,7.2519083,0.13501742160278746,0.12342342342342343,0.1311909138215342,1.311909138215342,1,4.573320000000003,0,404,Cc1cc(C)c(S(=O)(=O)NCc2ccc(-n3ccnc3C)cc2)c(C)c1,52.750156,-211.49017
VS_set_NR3C2_01233,NS(=O)(=O)CC1COc2cc(F)ccc2N1C(=O)c3ccc4cc[nH]c4c3,CN(C)CCCOc1cccnc1NC(=O)c2ccc3cc[nH]c3c2,B27R3.35788419,338.404,321837277,CHEMBL4442787;CHEMBL4442787,NR3C2,emolecules,VS_set_NR3C2_01233,7.002297,0.1269296740994854,0.10471204188481675,0.12229468959725034,1.2229468959725034,0,3.1457000000000006,0,756,NS(=O)(=O)CC1COc2cc(F)ccc2N1C(=O)c1ccc2cc[nH]c2c1,-123.25016,205.78003
VS_set_NR3C2_01441,Nc1cc(Cl)cc(Cl)c1S(=O)(=O)NC(Cc2c[nH]c3ccccc23)C(F)(F)F,Cc1cccc2c1[nH]cc2C(NS(=O)(=O)c3ccc(cc3)Cl)C(Cl)(Cl)Cl,B28R3.7696774,452.184,317674655,CHEMBL3093441,NR3C2,emolecules,VS_set_NR3C2_01441,7.027943,0.10568383658969804,0.08920606601248884,0.10156167153151156,1.0156167153151157,1,5.519520000000002,1,424,Cc1cc(C)c(S(=O)(=O)NC(Cc2c[nH]c3c(C)cccc23)C(F)(F)F)c(C)c1,-19.603836,-125.24395
VS_set_NR3C2_01583,Cc1c(NC2CCCC2(C)O)ccc(C#N)c1Cl,CCC(O)(CC)CNc1ccc(c(c1)Cl)C#N,B17R1.225287,252.74,40134919,CHEMBL3765171;CHEMBL3764185,NR3C2,emolecules,VS_set_NR3C2_01583,7.1342573,0.17422222222222222,0.15384615384615385,0.16883092404823707,1.6883092404823707,0,3.1746800000000013,0,613,Cc1c(NC2CCCCC2(C)O)ccc(C#N)c1Cl,98.20414,7.4370065
VS_set_NR3C2_01666,Cc1cc(F)ccc1-n1nc(C(F)(F)F)cc1-c1cc(Cl)c2c(c1)NC(=O)CO2,CC(C)c1nc(n(n1)c2ccncc2C)Cc3ccc4c(c3)NC(=O)CO4,B30R4.135814711,363.414,32397004,CHEMBL1929041;CHEMBL1929041,NR3C2,emolecules,VS_set_NR3C2_01666,7.1127987,0.08729472774416594,0.07618213660245184,0.08490570056998215,0.8490570056998215,0,3.0158200000000006,0,772,CC1CCc2ccccc2N1S(=O)(=O)c1ccc2c(c1)NC(=O)CO2,-34.710308,-207.9157
VS_set_NR3C2_01669,CS(=O)(=O)Nc1ccc2c(c1)OC1(CCC1)C(=O)N2c1ccc(F)cc1,CS(=O)(=O)Nc1ccc2c(c1)N(CCO2)C(=O)Cc3ccc(cc3)F,B27R3.280352813,364.393,321534817,CHEMBL5187656,NR3C2,emolecules,VS_set_NR3C2_01669,7.297023,0.11800699300699301,0.10695187165775401,0.11503691184089497,1.1503691184089497,0,2.1653000000000002,0,700,CS(=O)(=O)Nc1ccc2c(c1)OC1(CCC1)C(=O)N2c1ccc(F)cc1,-243.63745,-119.96306
VS_set_NR3C2_01671,CS(=O)(=O)Nc1ccc2c(c1)OC1(CCC1)C(=O)N2c1ccc(F)cc1,CS(=O)(=O)Nc1ccc2c(c1)N(CCO2)C(=O)Cc3ccc(cc3)Cl,B27R3.280352813,380.848,321532778,CHEMBL5187656,NR3C2,emolecules,VS_set_NR3C2_01671,7.3873305,0.11436170212765957,0.10780017528483786,0.1116717984453844,1.116717984453844,0,2.6796000000000006,0,672,COC(=O)C(CC1CC1)(c1ccc(Cl)cc1)n1ccc2c(NS(C)(=O)=O)cccc21,-251.69327,-115.67821
VS_set_NR3C2_01673,CS(=O)(=O)Nc1ccc2c(c1)OC1(CCC1)C(=O)N2c1ccc(F)cc1,CS(=O)(=O)Oc1cccc(c1)/C=C/2\SC(=S)N(C2=O)c3ccc(cc3)F,B28R3.514227620,409.479,25939426,CHEMBL5187656,NR3C2,emolecules,VS_set_NR3C2_01673,7.094439,0.15968586387434555,0.15030946065428824,0.15749296751435254,1.5749296751435253,0,3.5699000000000023,0,697,CS(=O)(=O)Nc1ccc2c(c1)OC(c1ccccc1)C(=O)N2c1ccc(F)cc1,-131.50755,-65.69363
VS_set_NR3C2_01682,CS(=O)(=O)Nc1ccc2c(c1)OC1(CCC1)C(=O)N2c1ccc(F)cc1,CCCC(NC(=O)CCC1CCS(=O)(=O)C1)C(=O)Nc2ccc(cc2)F,B27R2.328153547,384.467,328668982,CHEMBL5187656,NR3C2,emolecules,VS_set_NR3C2_01682,7.053551,0.10975609756097561,0.10254163014899212,0.10770590553431081,1.077059055343108,2,2.2640000000000002,0,358,CC(c1ccccc1)N1C(=O)OC(Cc2ccccc2)(C(=O)Nc2ccc(F)cc2)C1=O,-105.05661,139.18137
VS_set_NR3C2_01683,CS(=O)(=O)Nc1ccc2c(c1)OC1(CCC1)C(=O)N2c1ccc(F)cc1,CCC(C)(NC(=O)CCC1CCS(=O)(=O)C1)C(=O)Nc2ccc(cc2)F,B27R2.1887934985,384.467,328675388,CHEMBL5187656,NR3C2,emolecules,VS_set_NR3C2_01683,7.03595,0.112565445026178,0.10798946444249341,0.11053634799239101,1.10536347992391,2,2.2640000000000002,0,358,CC(c1ccccc1)N1C(=O)OC(Cc2ccccc2)(C(=O)Nc2ccc(F)cc2)C1=O,-110.55886,146.56255
VS_set_NR3C2_01787,COC(=O)C(c1ccc(F)cc1Cl)n1ccc2c(C#N)cccc21,NC(=O)C(N1CCc2c1cccc2)c3ccc(cc3)F,B22R3.46482,270.302,31866782,CHEMBL4746794,NR3C2,emolecules,VS_set_NR3C2_01787,7.057786,0.09912280701754386,0.09090909090909091,0.09639443724171134,0.9639443724171135,1,2.4148000000000005,0,743,O=C1COc2ccc(C(=O)N3CCCc4ccccc43)cc2N1,-48.97992,89.526985
VS_set_NR3C2_01805,COC(=O)C(c1ccc(F)cc1Cl)n1ccc2c(C#N)cccc21,Cc1cccc2c1CCN(C2)C(C(=O)N)c3ccc(cc3)F,B24R3.25165881,298.355,318719043,CHEMBL4746794,NR3C2,emolecules,VS_set_NR3C2_01805,7.231732,0.11879432624113476,0.11592920353982301,0.11731694811701901,1.17316948117019,1,2.718820000000001,0,598,NC(=O)Nc1cc(N2CCCC2c2ccc(F)cc2)ccn1,-64.52795,106.89997
VS_set_NR3C2_01811,COC(=O)C(c1ccc(F)cc1Cl)n1ccc2c(C#N)cccc21,NC(=O)C(N1CCc2c(cccc2C1)F)c3ccc(cc3)F,B24R3.25165881,302.319,318687995,CHEMBL4746794,NR3C2,emolecules,VS_set_NR3C2_01811,7.1621385,0.11169284467713787,0.10701754385964912,0.10964773908078167,1.0964773908078167,1,2.5495,0,235,N#Cc1ccc(N2N=C3c4ccc(C(=O)O)cc4CCC3C2c2ccc(F)cc2)cc1,-68.43261,98.105385
VS_set_NR3C2_02069,Cc1cc(C#N)sc1-c1ccc2c(c1)C(C)CC(C)(C)N2,CC1(CCc2cc(ccc2O1)c3[nH]ncc3N)C,B20R3.3068854,243.305,313795821,CHEMBL134260,NR3C2,emolecules,VS_set_NR3C2_02069,7.021137,0.1202809482001756,0.1153169014084507,0.11812324128307741,1.181232412830774,0,2.7625,0,772,CC1CCc2ccccc2N1S(=O)(=O)c1ccc2c(c1)NC(=O)CO2,157.76224,-95.21172
VS_set_NR3C2_02070,Cc1cc(C#N)sc1-c1ccc2c(c1)C(C)CC(C)(C)N2,CC1CC(N(c2c1cc(cc2)/C=C\3/NC(=S)NC3=O)C)(C)C,B24R3.686071008,315.435,48556702,CHEMBL134260,NR3C2,emolecules,VS_set_NR3C2_02070,7.290954,0.09947643979057591,0.08833922261484099,0.09659856345156326,0.9659856345156326,1,2.753800000000001,0,34,Cc1cc(C#N)sc1-c1ccc2c(c1)C(C)CC(C)(C)N2,98.007576,-22.418657
VS_set_NR3C2_02073,Cc1cc(C#N)sc1-c1ccc2c(c1)C(C)CC(C)(C)N2,Cc1[nH]c2ccc(cc2c1C)c3cc(cn3C)N,B20R3.4236762,239.316,324785064,CHEMBL134260,NR3C2,emolecules,VS_set_NR3C2_02073,7.1232047,0.12599118942731277,0.11992945326278659,0.12408533288775492,1.2408533288775492,0,3.372440000000001,0,50,Cn1c(=O)cc(C(F)(F)F)c2cc3c(cc21)NC1CCCCC31,27.271664,48.59138
VS_set_NR3C2_02121,CC1(C)CCc2cc3c(C(F)(F)F)cc(=O)oc3cc2N1,CCCOc1ccc2c(cc(=O)oc2c1C)C(F)(F)F,B21R2.5350559,286.247,2189366,CHEMBL7289,NR3C2,emolecules,VS_set_NR3C2_02121,7.2127995,0.1793041926851026,0.15336322869955157,0.17039741690680948,1.7039741690680947,0,3.9090200000000026,0,22,CCC1CNc2cc3oc(=O)cc(C(F)(F)F)c3cc2C1CC,264.79208,146.23729
VS_set_NR3C2_02147,CC1(C)CCc2cc3c(C(F)(F)F)cc(=O)oc3cc2N1,CC(C)CCOc1ccc2c(cc(=O)oc2c1C)C(F)(F)F,B23R2.162713057,314.3,2147449,CHEMBL7289,NR3C2,emolecules,VS_set_NR3C2_02147,7.0157847,0.15491731940818101,0.13777777777777778,0.14925484520330884,1.4925484520330885,0,4.545120000000003,0,22,CCC1CNc2cc3oc(=O)cc(C(F)(F)F)c3cc2C1CC,274.6512,155.18347
VS_set_NR3C2_02157,CC1(C)CCc2cc3c(C(F)(F)F)cc(=O)oc3cc2N1,CC(C)(N)CNC(=O)/C=C/c1cccc(c1)C(F)(F)F,B20R1.2773811,286.293,301789149,CHEMBL7289,NR3C2,emolecules,VS_set_NR3C2_02157,7.048572,0.20668425681618294,0.20246478873239437,0.2049096838305388,2.0490968383053882,0,2.5721000000000007,0,668,CCC(C(=O)NCC(F)(F)F)(c1ccc(Cl)cc1)n1ccc2c(NS(C)(=O)=O)cccc21,8.05111,60.854332
VS_set_NR3C2_02162,CC1(C)CCc2cc3c(C(F)(F)F)cc(=O)oc3cc2N1,Cc1c(ccc2c1oc(=O)cc2C(F)(F)F)OCC=C,B21R2.5350559,284.231,2149134,CHEMBL7289,NR3C2,emolecules,VS_set_NR3C2_02162,7.021848,0.18078602620087336,0.16042780748663102,0.174573243521506,1.7457324352150598,0,3.6850200000000024,0,22,CCC1CNc2cc3oc(=O)cc(C(F)(F)F)c3cc2C1CC,258.98947,159.02493
VS_set_NR3C2_02173,CC1(C)CCc2cc3c(C(F)(F)F)cc(=O)oc3cc2N1,Cc1[nH]c2cc3c(cc(=O)[nH]c3cc2c1C)C(F)(F)F,B22R3.264890386,280.246,330311519,CHEMBL7289,NR3C2,emolecules,VS_set_NR3C2_02173,7.111598,0.17976513098464317,0.17104072398190046,0.17614249364491102,1.7614249364491104,0,3.6450400000000016,0,47,CC1Nc2cc3nc(O)cc(C(F)(F)F)c3cc2C1C,217.78041,-36.4499
VS_set_NR3C2_02232,COc1ccccc1CCc1cccc(NC(N)=O)n1,COc1ccccc1C(=O)Nc2cccc(n2)C(=O)N,B21R2.60248,271.272,323650998,CHEMBL4075462;CHEMBL4075462,NR3C2,emolecules,VS_set_NR3C2_02232,7.0252705,0.16695957820738136,0.14981617647058823,0.16246151406983259,1.6246151406983258,0,1.4413999999999998,0,724,COc1ccccc1CCc1cccc(NC(N)=O)n1,-57.39816,45.637486
VS_set_NR3C2_02377,CCN1C(C)=C(C#N)C(c2ccc(F)cc2F)C(C(=O)OC(C)(C)C)=C1C,CCOC(=O)C1=C(OC(=C(C1c2ccc(cc2F)F)C#N)N)C,B24R2.95465776,320.291,2345864,CHEMBL1215328,NR3C2,emolecules,VS_set_NR3C2_02377,7.1665583,0.09347442680776014,0.07310469314079422,0.08633207802770408,0.8633207802770408,1,2.6095800000000002,0,187,CCN1C(C)=C(C#N)C(c2ccc(F)cc2F)C(C(=O)OC(C)(C)C)=C1C,148.88802,129.2998
VS_set_NR3C2_02380,CCN1C(C)=C(C#N)C(c2ccc(F)cc2F)C(C(=O)OC(C)(C)C)=C1C,CC1=C(C(C(=C(O1)N)C#N)c2ccc(cc2Cl)Cl)C(=O)OC(C)(C)C,B26R2.455128033,381.254,6765660,CHEMBL1215328,NR3C2,emolecules,VS_set_NR3C2_02380,7.117871,0.10438596491228071,0.08738738738738738,0.10021218698426784,1.0021218698426784,1,4.416780000000004,0,859,CC1=C(C#N)C(c2ccc(F)cc2Cl)C(C(=O)OC(C)(C)C)=C(C)N1,200.1764,85.25823
VS_set_NR3C2_02381,CCN1C(C)=C(C#N)C(c2ccc(F)cc2F)C(C(=O)OC(C)(C)C)=C1C,CC1=C(C(C(=C(O1)N)C#N)c2ccccc2C)C(=O)OC(C)(C)C,B25R2.6996908,326.39,2467798,CHEMBL1215328,NR3C2,emolecules,VS_set_NR3C2_02381,7.00431,0.1068904593639576,0.08860759493670886,0.10120521924329766,1.0120521924329766,1,3.4184000000000028,0,167,COC(=O)C1=C(C)NC(C)=C(C(=O)OC(C)(C)C)C1c1ccccc1C,194.9702,113.35814
VS_set_NR3C2_02382,CCN1C(C)=C(C#N)C(c2ccc(F)cc2F)C(C(=O)OC(C)(C)C)=C1C,CC1=C(C(C2=C(N1)CC(CC2=O)(C)C)c3ccc(cc3Cl)Cl)C#N,B26R3.103479856,361.266,627929,CHEMBL1215328,NR3C2,emolecules,VS_set_NR3C2_02382,7.062972,0.09591474245115453,0.09308510638297872,0.0946381946155154,0.946381946155154,1,5.120980000000003,1,200,CCCC1=C(C(=O)OC)C(c2ccc(F)cc2Cl)C(C#N)=C(C)N1,171.14445,4.035912
VS_set_NR3C2_02388,CCN1C(C)=C(C#N)C(c2ccc(F)cc2F)C(C(=O)OC(C)(C)C)=C1C,CCCC1=C(C(C(=C(O1)N)C#N)c2ccc(cc2F)F)C(=O)OCC,B26R2.45336830,348.345,1254592,CHEMBL1215328,NR3C2,emolecules,VS_set_NR3C2_02388,7.0475707,0.0944055944055944,0.07953529937444147,0.0879738840056972,0.8797388400569719,1,3.389780000000002,0,187,CCN1C(C)=C(C#N)C(c2ccc(F)cc2F)C(C(=O)OC(C)(C)C)=C1C,135.87175,98.931244
VS_set_NR3C2_02398,CCN1C(C)=C(C#N)C(c2ccc(F)cc2F)C(C(=O)OC(C)(C)C)=C1C,CCOC(=O)C1=C(N(C(=O)NC1c2ccc(cc2Cl)Cl)CC)C,B24R2.14260363,357.232,17398091,CHEMBL1215328,NR3C2,emolecules,VS_set_NR3C2_02398,7.0938964,0.0960352422907489,0.08230088495575222,0.08969946621567945,0.8969946621567945,1,3.9167000000000023,0,197,CCOC(=O)C1=C(c2ccc(Cl)cc2)NC(C)=C(C#N)C1c1ccccc1Cl,38.920624,92.22284
VS_set_NR3C2_02399,CCN1C(C)=C(C#N)C(c2ccc(F)cc2F)C(C(=O)OC(C)(C)C)=C1C,CCOC(=O)C1=C(OC(=C(C1c2ccc(cc2Cl)Cl)C#N)N)C,B24R2.95465776,353.2,1235110,CHEMBL1215328,NR3C2,emolecules,VS_set_NR3C2_02399,7.5374336,0.10301953818827708,0.08467023172905526,0.09770510949048974,0.9770510949048974,1,3.638180000000002,0,197,CCOC(=O)C1=C(c2ccc(Cl)cc2)NC(C)=C(C#N)C1c1ccccc1Cl,173.02194,94.45626
VS_set_NR3C2_02403,CCN1C(C)=C(C#N)C(c2ccc(F)cc2F)C(C(=O)OC(C)(C)C)=C1C,CC1(CC(=O)C2=C(C1)OC(=C(C2c3ccc(cc3F)Br)C#N)N)C,B26R3.103479856,391.234,3748054,CHEMBL1215328,NR3C2,emolecules,VS_set_NR3C2_02403,7.147265,0.1001727115716753,0.09473684210526316,0.09798120769726762,0.9798120769726761,1,4.039080000000003,0,377,CC1NC(=O)C(c2ccc(F)cc2)=C1c1ccc2c(c1)NC(=O)CO2,101.81577,55.840885
VS_set_NR3C2_02410,CCN1C(C)=C(C#N)C(c2ccc(F)cc2F)C(C(=O)OC(C)(C)C)=C1C,CCOC(=O)C1=C(OC(=C(C1c2ccc(cc2C)C)C#N)N)C,B24R2.95465776,312.364,1224137,CHEMBL1215328,NR3C2,emolecules,VS_set_NR3C2_02410,7.0352597,0.1048951048951049,0.08961845607808341,0.09828427272329225,0.9828427272329225,1,2.948220000000001,0,196,CCOC(=O)C1=C(c2ccccc2)NC(C)=C(C#N)C1c1ccccc1Cl,183.04475,129.5945
VS_set_NR3C2_02421,CCN1C(C)=C(C#N)C(c2ccc(F)cc2F)C(C(=O)OC(C)(C)C)=C1C,CC1=C(C(n2nnnc2N1)c3ccc(cc3Cl)Cl)C(=O)OC(C)(C)C,B27R3.136768466,382.245,30572536,CHEMBL1215328,NR3C2,emolecules,VS_set_NR3C2_02421,7.167591,0.09866666666666667,0.09066666666666667,0.09602653448865789,0.9602653448865789,1,3.610500000000002,0,859,CC1=C(C#N)C(c2ccc(F)cc2Cl)C(C(=O)OC(C)(C)C)=C(C)N1,130.37679,3.751543
VS_set_NR3C2_02422,CCN1C(C)=C(C#N)C(c2ccc(F)cc2F)C(C(=O)OC(C)(C)C)=C1C,CCCC1=C(C(C(=C(O1)N)C#N)c2ccc(cc2Cl)Cl)C(=O)OCC,B26R2.45336830,381.254,567964,CHEMBL1215328,NR3C2,emolecules,VS_set_NR3C2_02422,7.4315443,0.09982486865148861,0.08664898320070734,0.09425272426990927,0.9425272426990927,1,4.4183800000000035,0,197,CCOC(=O)C1=C(c2ccc(Cl)cc2)NC(C)=C(C#N)C1c1ccccc1Cl,143.87048,78.46421
VS_set_NR3C2_02430,CCN1C(C)=C(C#N)C(c2ccc(F)cc2F)C(C(=O)OC(C)(C)C)=C1C,CC(C)OC(=O)C1=C(NC2=C(C1c3ccc(cc3Cl)Cl)C(=O)CCC2)C,B28R3.3627912626,394.292,1207271,CHEMBL1215328,NR3C2,emolecules,VS_set_NR3C2_02430,7.3009925,0.09823008849557523,0.08179419525065963,0.09086977751458793,0.9086977751458792,1,4.912900000000004,0,620,CC1=C(C#N)C(c2cccc3c(=O)cc(C)oc23)C(C(=O)OC(C)C)=C(C)N1,158.84113,24.825218
VS_set_NR3C2_02437,CCN1C(C)=C(C#N)C(c2ccc(F)cc2F)C(C(=O)OC(C)(C)C)=C1C,CC(C)NC(=O)C1=C(Oc2c(c(nn2C)C)C1c3ccc(cc3F)F)N,B28R3.3392783226,362.374,327098366,CHEMBL1215328,NR3C2,emolecules,VS_set_NR3C2_02437,7.156244,0.10112359550561797,0.09652173913043478,0.09892287865464738,0.9892287865464738,1,2.22592,0,831,CC(c1ccc(F)cc1F)(c1c[nH]c2c(NS(C)(=O)=O)cccc12)C1CC1,54.268288,36.557095
VS_set_NR3C2_02439,CCN1C(C)=C(C#N)C(c2ccc(F)cc2F)C(C(=O)OC(C)(C)C)=C1C,CCOC(=O)C1=C(OC2=C(C1c3ccc(cc3F)Br)C(=O)CC(C2)(C)C)N,B29R3.4985937825,438.288,3745380,CHEMBL1215328,NR3C2,emolecules,VS_set_NR3C2_02439,7.054884,0.10008703220191471,0.08979947689625109,0.09795681221919858,0.9795681221919859,1,4.0786000000000024,0,325,CCOC(=O)C1=C(C)NC(C)=C(C(C)=O)C1c1cccc2c(=O)cc(C)oc12,92.565605,62.21197
VS_set_NR3C2_02442,CCN1C(C)=C(C#N)C(c2ccc(F)cc2F)C(C(=O)OC(C)(C)C)=C1C,CC(C)(C)c1[nH]nc2c1C(C(=C(O2)N)C#N)c3ccc(cc3Cl)Cl,B26R3.13133558,363.242,3745182,CHEMBL1215328,NR3C2,emolecules,VS_set_NR3C2_02442,7.1178784,0.0989492119089317,0.09273840769903761,0.09663653635312477,0.9663653635312477,1,4.232180000000002,0,620,CC1=C(C#N)C(c2cccc3c(=O)cc(C)oc23)C(C(=O)OC(C)C)=C(C)N1,121.80271,34.85468
VS_set_NR3C2_02443,CCN1C(C)=C(C#N)C(c2ccc(F)cc2F)C(C(=O)OC(C)(C)C)=C1C,CC(C)(C)c1n[nH]c2c1C(C(=C(O2)N)C#N)c3ccc(cc3Cl)Cl,B26R3.13133558,363.242,590314,CHEMBL1215328,NR3C2,emolecules,VS_set_NR3C2_02443,7.134367,0.10165073848827107,0.09615384615384616,0.09949338099099124,0.9949338099099124,1,4.232180000000002,0,620,CC1=C(C#N)C(c2cccc3c(=O)cc(C)oc23)C(C(=O)OC(C)C)=C(C)N1,122.299515,23.673243
VS_set_NR3C2_02463,CC1(C)OC(=O)Nc2ccc(-c3ccc(F)c(Cl)c3)cc21,CCOC(=O)Nc1ccc(cc1)Nc2ccc(c(c2)Cl)F,B22R2.696867,308.736,184572550,CHEMBL343306,NR3C2,emolecules,VS_set_NR3C2_02463,7.0980644,0.3045414069456812,0.2882298424467099,0.30030251950645065,3.0030251950645064,0,4.791100000000002,0,19,CC1(C)OC(=O)Nc2ccc(-c3ccc(F)c(Cl)c3)cc21,250.10548,230.28412
VS_set_NR3C2_02508,CC1(C)OC(=O)Nc2ccc(-c3ccc(F)c(Cl)c3)cc21,CCOC(=O)Nc1ccc(cc1)Nc2ccc(c(c2)Cl)C,B22R2.696867,304.772,184572460,CHEMBL343306,NR3C2,emolecules,VS_set_NR3C2_02508,7.177896,0.2669642857142857,0.25975177304964536,0.2650272354844561,2.650272354844561,0,4.960420000000003,0,821,Cc1c(C(=O)Nc2ccc(S(C)(=O)=O)cc2)cc(CCO)n1-c1ccc(Cl)cc1C(F)(F)F,252.96083,221.74918
VS_set_NR3C2_02612,CS(=O)(=O)Nc1cccc(C=C2c3ccccc3CCc3ccccc32)c1,CS(=O)(=O)Nc1cccc(c1)NC(=O)c2ccccc2Cc3ccccc3,B29R3.91534206,380.462,24060840,CHEMBL3120320,NR3C2,emolecules,VS_set_NR3C2_02612,7.3285995,0.15140845070422534,0.14348981399468555,0.148459308516827,1.48459308516827,0,3.901200000000003,0,451,CCC(=C1c2ccccc2COc2ccccc21)c1cccc(NS(C)(=O)=O)c1,-299.02277,67.90694
VS_set_NR3C2_02614,CS(=O)(=O)Nc1cccc(C=C2c3ccccc3CCc3ccccc32)c1,CN(C)c1cccc(c1)C=C2c3ccccc3CCc4c2cccc4,B28R4.37273194,325.447,49843283,CHEMBL3120320,NR3C2,emolecules,VS_set_NR3C2_02614,7.7950516,0.1551270815074496,0.08301526717557252,0.14200238755189581,1.420023875518958,0,5.4401000000000055,1,449,CS(=O)(=O)Nc1cccc(C=C2c3ccccc3CCc3ccccc32)c1,181.67839,-246.142
VS_set_NR3C2_02616,CS(=O)(=O)Nc1cccc(C=C2c3ccccc3CCc3ccccc32)c1,CS(=O)(=O)Nc1cc(ccc1F)NC(=O)c2ccccc2Cc3ccccc3,B30R3.169636128,398.452,24005326,CHEMBL3120320,NR3C2,emolecules,VS_set_NR3C2_02616,7.0198493,0.14085739282589677,0.1354895104895105,0.1390761725319282,1.3907617253192819,0,4.040300000000003,0,860,Cc1c(C(=O)Nc2ccc(S(C)(=O)=O)cc2)cc(CCF)n1-c1ccc(F)cc1OC(F)F,-284.609,70.53211
VS_set_NR3C2_02617,CS(=O)(=O)Nc1cccc(C=C2c3ccccc3CCc3ccccc32)c1,CS(=O)(=O)Nc1cccc(c1)NC(=O)c2ccccc2c3ccccc3,B28R3.5882379,366.435,30018876,CHEMBL3120320,NR3C2,emolecules,VS_set_NR3C2_02617,7.0933304,0.160352422907489,0.152753108348135,0.15686944419251045,1.5686944419251045,0,3.977400000000002,0,451,CCC(=C1c2ccccc2COc2ccccc21)c1cccc(NS(C)(=O)=O)c1,-323.5917,70.981995
VS_set_NR3C2_02623,CS(=O)(=O)Nc1cccc(C=C2c3ccccc3CCc3ccccc32)c1,CS(=O)(=O)Nc1cccc(c1)C(=O)Nc2ccccc2Sc3ccccc3,B29R3.91613180,398.501,322762081,CHEMBL3120320,NR3C2,emolecules,VS_set_NR3C2_02623,7.086393,0.17006200177147918,0.15803571428571428,0.16587405643524217,1.6587405643524218,0,4.4616000000000025,0,450,CC(=C1c2ccccc2COc2ccccc21)c1cccc(NS(C)(=O)=O)c1,-257.2269,7.3270383
VS_set_NR3C2_02624,CS(=O)(=O)Nc1cccc(C=C2c3ccccc3CCc3ccccc32)c1,OC1c2ccccc2C(=Cc3cccc(c3)[N+](=O)[O-])c4c1cccc4,B28R4.142574842,329.349,4668029,CHEMBL3120320,NR3C2,emolecules,VS_set_NR3C2_02624,7.426063,0.17907801418439717,0.1709706144256456,0.17570890437083628,1.7570890437083628,0,4.578800000000004,0,30,CC1=CC(C)(C)Nc2ccc3c(c21)COc1ccc([N+](=O)[O-])cc1-3,143.84993,-215.12631
VS_set_NR3C2_02628,CS(=O)(=O)Nc1cccc(C=C2c3ccccc3CCc3ccccc32)c1,NS(=O)(=O)Nc1cccc(c1)CNC(=O)c2ccccc2COc3ccccc3,B31R3.1300223884,411.476,24016994,CHEMBL3120320,NR3C2,emolecules,VS_set_NR3C2_02628,7.1455708,0.1512532411408816,0.14559721011333915,0.14949815335826105,1.4949815335826107,0,2.811000000000001,0,372,COc1cccc(CNC(=O)C2(Cc3ccccc3)OC(=O)N(C(C)c3ccccc3)C2=O)c1,-331.38156,-2.3876154
VS_set_NR3C2_02629,CS(=O)(=O)Nc1cccc(C=C2c3ccccc3CCc3ccccc32)c1,Cc1cccc(c1)COc2ccccc2C(=O)Nc3ccc(c(c3)NS(=O)(=O)C)F,B32R3.633302275,428.478,24005904,CHEMBL3120320,NR3C2,emolecules,VS_set_NR3C2_02629,7.403666,0.12641673931996514,0.12142237640936687,0.1247294461663436,1.247294461663436,0,4.336920000000002,0,860,Cc1c(C(=O)Nc2ccc(S(C)(=O)=O)cc2)cc(CCF)n1-c1ccc(F)cc1OC(F)F,-348.75275,61.284485
VS_set_NR3C2_02636,CS(=O)(=O)Nc1cccc(C=C2c3ccccc3CCc3ccccc32)c1,CS(=O)(=O)Nc1cccc(c1)NC(=O)c2ccccc2Nc3ccc(cc3)F,B30R3.48350409,399.44,31391269,CHEMBL3120320,NR3C2,emolecules,VS_set_NR3C2_02636,7.254514,0.14235500878734622,0.12825112107623318,0.13813616902321116,1.3813616902321115,0,4.193100000000002,0,700,CS(=O)(=O)Nc1ccc2c(c1)OC1(CCC1)C(=O)N2c1ccc(F)cc1,-315.27692,54.299107
VS_set_NR3C2_02645,CS(=O)(=O)Nc1cccc(C=C2c3ccccc3CCc3ccccc32)c1,CS(=O)(=O)Nc1cccc(c1)NC(=O)c2occc2COc3ccccc3,B29R3.91534198,386.423,25664777,CHEMBL3120320,NR3C2,emolecules,VS_set_NR3C2_02645,7.1851525,0.12422907488986784,0.11954624781849912,0.12228074069688204,1.2228074069688204,0,3.482400000000002,0,673,COC(=O)C(Cc1ccccc1)(c1ccc(Cl)cc1)n1ccc2c(NS(C)(=O)=O)cccc21,-311.06036,20.1356
VS_set_NR3C2_02649,CS(=O)(=O)Nc1cccc(C=C2c3ccccc3CCc3ccccc32)c1,[O-][N+](=O)c1cccc(c1)C=C2c3ccccc3C(=O)c4c2cccc4,B28R4.142574842,327.334,7455698,CHEMBL3120320,NR3C2,emolecules,VS_set_NR3C2_02649,7.513358,0.20781527531083482,0.18207282913165265,0.2031201669742717,2.031201669742717,0,4.728100000000004,0,449,CS(=O)(=O)Nc1cccc(C=C2c3ccccc3CCc3ccccc32)c1,138.93533,-224.25699
VS_set_NR3C2_02664,CS(=O)(=O)Nc1cccc(C=C2c3ccccc3CCc3ccccc32)c1,CN(C)c1ccc(cc1)C=C2c3ccccc3CCc4c2cccc4,B28R4.37097947,325.447,49843285,CHEMBL3120320,NR3C2,emolecules,VS_set_NR3C2_02664,7.6895075,0.1708185053380783,0.09596928982725528,0.15825205806387072,1.582520580638707,0,5.4401000000000055,1,449,CS(=O)(=O)Nc1cccc(C=C2c3ccccc3CCc3ccccc32)c1,168.61047,-256.70517
VS_set_NR3C2_02665,CS(=O)(=O)Nc1cccc(C=C2c3ccccc3CCc3ccccc32)c1,CN(C)c1ccccc1C=C2c3ccccc3CCc4c2cccc4,B28R4.37560211,325.447,49843281,CHEMBL3120320,NR3C2,emolecules,VS_set_NR3C2_02665,7.7215233,0.14781834372217276,0.1016949152542373,0.13905449266846476,1.3905449266846475,0,5.4401000000000055,1,449,CS(=O)(=O)Nc1cccc(C=C2c3ccccc3CCc3ccccc32)c1,184.96997,-263.79218
VS_set_NR3C2_02681,CS(=O)(=O)Nc1cccc(C=C2c3ccccc3CCc3ccccc32)c1,CS(=O)(=O)Nc1cc(ccc1F)NC(=O)c2ccccc2SCc3cccs3,B30R3.169636111,436.547,44061872,CHEMBL3120320,NR3C2,emolecules,VS_set_NR3C2_02681,7.341456,0.12118570183086312,0.11391304347826087,0.11724493717482824,1.1724493717482825,0,4.803300000000003,0,860,Cc1c(C(=O)Nc2ccc(S(C)(=O)=O)cc2)cc(CCF)n1-c1ccc(F)cc1OC(F)F,-258.48608,62.776604
VS_set_NR3C2_02704,CC(C)CC1CC(c2ccc(C(=O)O)cc2)=NN1c1ccc(C#N)cc1,CC(C)Cc1cc(nn1c2ccc(cc2)Cl)C(=O)Nc3ccc(cc3)C(=O)N,B30R3.48276722,396.871,322477383,CHEMBL1215054,NR3C2,emolecules,VS_set_NR3C2_02704,7.0383554,0.11401218450826806,0.10897994768962511,0.11269854559817938,1.1269854559817938,0,4.075400000000002,0,822,Cc1c(C(=O)Nc2ccc(S(C)(=O)=O)cc2)cc(CC(C)O)n1-c1ccc(Cl)cc1C(F)(F)F,7.1370516,-7.369448
VS_set_NR3C2_02768,Cc1cccc(-c2ccc3c(c2C)NC(=O)CO3)c1,COc1ccc(cc1C=O)c2cccc(c2)C,B18R2.2556,226.271,38033035,CHEMBL4067551,NR3C2,emolecules,VS_set_NR3C2_02768,7.227333,0.2991913746630728,0.2682464454976303,0.2943631059406517,2.943631059406517,0,3.483120000000002,0,627,Cc1cccc(-c2ccc3c(c2C)NC(=O)CO3)c1,-182.61266,285.53506
VS_set_NR3C2_02793,Cc1cccc(-c2ccc3c(c2C)NC(=O)CO3)c1,COc1ccc(cc1C=O)c2cc(ccc2C)C,B19R2.18894,240.298,315213220,CHEMBL4067551,NR3C2,emolecules,VS_set_NR3C2_02793,7.0468373,0.27058823529411763,0.24859287054409004,0.2663080725538576,2.6630807255385758,0,3.791540000000003,0,627,Cc1cccc(-c2ccc3c(c2C)NC(=O)CO3)c1,-166.78606,284.7049
VS_set_NR3C2_02795,Cc1cccc(-c2ccc3c(c2C)NC(=O)CO3)c1,COc1ccc(cc1C=O)c2ccc(c(c2)C)C,B19R2.18903,240.298,315212198,CHEMBL4067551,NR3C2,emolecules,VS_set_NR3C2_02795,7.320264,0.29155555555555557,0.28544776119402987,0.28939480345428475,2.8939480345428477,0,3.791540000000003,0,627,Cc1cccc(-c2ccc3c(c2C)NC(=O)CO3)c1,-181.97198,299.0283
VS_set_NR3C2_02796,Cc1cccc(-c2ccc3c(c2C)NC(=O)CO3)c1,COc1ccc(cc1C=O)c2ccc(c(c2)C)F,B19R2.18903,244.261,314068385,CHEMBL4067551,NR3C2,emolecules,VS_set_NR3C2_02796,7.1955667,0.26576576576576577,0.2607913669064748,0.26377024108092656,2.6377024108092657,0,3.622220000000002,0,86,COc1ccc(F)cc1C(C)(C)CC(O)(Cn1cc(C)c(=O)c(C)c1)C(F)(F)F,-197.31718,282.0317
VS_set_NR3C2_02797,Cc1cccc(-c2ccc3c(c2C)NC(=O)CO3)c1,COc1ccc(cc1C=O)c2cccc(c2C)C,B19R2.18909,240.298,314190081,CHEMBL4067551,NR3C2,emolecules,VS_set_NR3C2_02797,7.266064,0.25668449197860965,0.2467411545623836,0.2538629136729039,2.538629136729039,0,3.791540000000003,0,627,Cc1cccc(-c2ccc3c(c2C)NC(=O)CO3)c1,-168.355,297.98596
VS_set_NR3C2_02799,Cc1cccc(-c2ccc3c(c2C)NC(=O)CO3)c1,COc1ccc(cc1C=O)c2cc(cc(c2)C)C,B19R2.3397919,240.298,28305327,CHEMBL4067551,NR3C2,emolecules,VS_set_NR3C2_02799,7.1403623,0.28994614003590663,0.27631578947368424,0.2861103881671896,2.861103881671896,0,3.791540000000003,0,627,Cc1cccc(-c2ccc3c(c2C)NC(=O)CO3)c1,-175.70964,273.7674
VS_set_NR3C2_02800,Cc1cccc(-c2ccc3c(c2C)NC(=O)CO3)c1,COc1ccc(cc1C=O)c2cc(cc(c2)F)C,B19R2.3397919,244.261,315384475,CHEMBL4067551,NR3C2,emolecules,VS_set_NR3C2_02800,7.086028,0.24818840579710144,0.2411604714415231,0.24572495329700317,2.4572495329700317,0,3.622220000000002,0,132,COc1ccc(F)cc1C(C)(C)CC(O)(Cc1ccc(C=O)cc1)C(F)(F)F,-189.39647,269.86044
VS_set_NR3C2_02802,Cc1cccc(-c2ccc3c(c2C)NC(=O)CO3)c1,Cc1cccc(c1)c2ccc(cc2C)C=O,B17R2.1950,210.272,315560135,CHEMBL4067551,NR3C2,emolecules,VS_set_NR3C2_02802,7.4708695,0.3642143505903724,0.3209169054441261,0.3572882808926646,3.572882808926646,0,3.7829400000000026,0,627,Cc1cccc(-c2ccc3c(c2C)NC(=O)CO3)c1,-140.57582,276.8713
VS_set_NR3C2_02803,Cc1cccc(-c2ccc3c(c2C)NC(=O)CO3)c1,Cc1cccc(c1)c2ccc(cc2C)CN,B17R2.1950,211.303,41979126,CHEMBL4067551,NR3C2,emolecules,VS_set_NR3C2_02803,7.194968,0.3180987202925046,0.28855250709555347,0.3139564008407517,3.139564008407517,0,3.429140000000001,0,627,Cc1cccc(-c2ccc3c(c2C)NC(=O)CO3)c1,-131.28096,273.06024
VS_set_NR3C2_02812,Cc1cccc(-c2ccc3c(c2C)NC(=O)CO3)c1,COc1cccc(c1)c2ccc(c(c2)C=O)OC,B19R2.26206,242.27,315211689,CHEMBL4067551,NR3C2,emolecules,VS_set_NR3C2_02812,7.1081448,0.2872531418312388,0.2804766269477543,0.28474745327568834,2.8474745327568836,0,3.183300000000002,0,405,COc1ccc(C#N)cc1-c1ccc(CNS(=O)(=O)c2c(C)noc2C)cc1,-196.20723,297.7169
VS_set_NR3C2_03011,COc1cc(NS(C)(=O)=O)c2[nH]c(C)c(-c3cc(F)ccc3OC)c2c1,COc1ccccc1c2c(nn3c2nc(cc3NC(C)C)C)C,B25R3.61677494,310.394,4711500,CHEMBL3605924,NR3C2,emolecules,VS_set_NR3C2_03011,7.110058,0.1082024432809773,0.10365853658536585,0.10700795073291099,1.0700795073291098,0,3.8420400000000026,0,91,COc1ccc(F)cc1C(C)(C)CC(O)(CN1CCC(=O)c2ccccc21)C(F)(F)F,74.109085,-1.6630386
VS_set_NR3C2_03023,COc1cc(NS(C)(=O)=O)c2[nH]c(C)c(-c3cc(F)ccc3OC)c2c1,COc1ccc2c(c1)CC(CN2C(=O)Cc3ccccc3OC)C,B26R3.10048103,325.402,180354109,CHEMBL3605924,NR3C2,emolecules,VS_set_NR3C2_03023,7.061401,0.10449050086355786,0.09581881533101046,0.10106263592204268,1.0106263592204268,1,3.471700000000002,0,91,COc1ccc(F)cc1C(C)(C)CC(O)(CN1CCC(=O)c2ccccc21)C(F)(F)F,58.6267,14.122236
VS_set_NR3C2_03024,COc1cc(NS(C)(=O)=O)c2[nH]c(C)c(-c3cc(F)ccc3OC)c2c1,COc1ccc(c(c1)C(=O)O)NC(=O)c2n[nH]c3c2cc(cc3)F,B26R3.309128446,329.283,328130957,CHEMBL3605924,NR3C2,emolecules,VS_set_NR3C2_03024,7.012004,0.12532411408815902,0.12214411247803164,0.12347469417324386,1.2347469417324386,0,2.6611000000000002,0,212,COc1ccc(N2N=C(c3ccc(C(=O)O)cc3)CC2c2ccc(F)cc2)cc1,-136.1598,80.3358
VS_set_NR3C2_03091,Cc1cc(C)c(S(=O)(=O)NC(Cn2ccc3ncccc32)C(F)(F)F)c(C)c1,Cc1cccc2c1[nH]cc2C(NS(=O)(=O)c3ccc(cc3)Cl)C(Cl)(Cl)Cl,B28R3.7696774,452.184,317674655,CHEMBL3093455,NR3C2,emolecules,VS_set_NR3C2_03091,7.027943,0.10568383658969804,0.08920606601248884,0.10156167153151156,1.0156167153151157,1,5.519520000000002,1,424,Cc1cc(C)c(S(=O)(=O)NC(Cc2c[nH]c3c(C)cccc23)C(F)(F)F)c(C)c1,-26.92363,-119.98939
VS_set_NR3C2_03094,Cc1cc(C)c(S(=O)(=O)NC(Cn2ccc3ncccc32)C(F)(F)F)c(C)c1,Cc1ccccc1C(=O)NC(Nc2cccc3c2cccc3)C(Cl)(Cl)Cl,B28R3.27692356,407.721,1108686,CHEMBL3093455,NR3C2,emolecules,VS_set_NR3C2_03094,7.01551,0.14781834372217276,0.14047410008779632,0.14589186276131305,1.4589186276131305,1,5.686420000000003,1,659,CCC(c1ccc(C(F)(F)F)cc1)(C(C)O)n1ncc2c(NS(C)(=O)=O)cccc21,66.31305,-26.37873
VS_set_NR3C2_03114,Cc1nn(Cc2cccnc2)c(-c2ccc(F)cc2)c1-c1ccc2c(c1)NC(=O)CO2,CC(Nc1ccc2c(c1)NC(=O)CO2)c3nc4cc(ccc4n3Cc5ccccc5)Cl,B35R5.240365082,432.903,25029823,CHEMBL3337821;CHEMBL3337821,NR3C2,emolecules,VS_set_NR3C2_03114,7.1033,0.09248055315471046,0.08506944444444445,0.08931846929559517,0.8931846929559517,1,5.242000000000003,1,772,CC1CCc2ccccc2N1S(=O)(=O)c1ccc2c(c1)NC(=O)CO2,-98.27528,-210.78615
VS_set_NR3C2_03255,CC1=CC(C)(C)Nc2ccc3c(c21)COc1ccc([N+](=O)[O-])cc1-3,[O-][N+](=O)c1ccc(cc1)C=C2Cc3cccc4c3c2ccc4,B25R4.13662365,287.313,300764723,CHEMBL64294,NR3C2,emolecules,VS_set_NR3C2_03255,7.1260324,0.18342151675485008,0.17336907953529937,0.17986205781529702,1.79862057815297,0,4.844700000000003,0,206,O=[N+]([O-])c1ccc(N2N=C(c3ccc(O)cc3)CC2c2ccc(F)cc2)cc1,97.253075,-46.81386
VS_set_NR3C2_03275,CC1=CC(C)(C)Nc2ccc3c(c21)COc1ccc([N+](=O)[O-])cc1-3,COc1ccc2[nH]c3c4c(c(cc3c2c1)C)OC(C=C4)(C)C,B25R4.2392929,293.36,7447528,CHEMBL64294,NR3C2,emolecules,VS_set_NR3C2_03275,7.151568,0.1242344706911636,0.12059859154929578,0.12210503754099203,1.2210503754099202,0,4.822320000000004,0,30,CC1=CC(C)(C)Nc2ccc3c(c21)COc1ccc([N+](=O)[O-])cc1-3,15.3735695,106.01014
VS_set_NR3C2_03297,CC1=CC(C)(C)Nc2ccc3c(c21)COc1ccc([N+](=O)[O-])cc1-3,CS(=O)(=O)Nc1cccc2c1CCN(C2)c3ccc(cc3F)[N+](=O)[O-],B27R3.123246150,365.381,32074486,CHEMBL64294,NR3C2,emolecules,VS_set_NR3C2_03297,7.148467,0.10034904013961606,0.09290096406660824,0.09762613233410732,0.9762613233410732,0,2.668100000000001,0,831,CC(c1ccc(F)cc1F)(c1c[nH]c2c(NS(C)(=O)=O)cccc12)C1CC1,-171.01294,4.4534664
VS_set_NR3C2_03366,NC(=O)Nc1cc(C2CCCCC2c2ccc(F)cc2)ccn1,Cc1cccc(c1C)C2CCCCN2c3cc(ncn3)C(=O)N,B25R3.2489773,310.394,318149041,CHEMBL3643699,NR3C2,emolecules,VS_set_NR3C2_03366,7.140912,0.10121107266435986,0.09399477806788512,0.09696658691422153,0.9696658691422153,1,2.92394,0,630,CC1CN(c2cc3c(cn2)OCC(=O)N3)C(c2ccccc2F)CO1,-3.5740738,36.671116
VS_set_NR3C2_03412,N=C(c1ccc2c(c1)NC(=O)CO2)C(Sc3nnc[nH]3)c4ccccc4,CCOc1cc(ccc1C)NC(c2nnc[nH]2)c3ccccc3,B25R3.383944,308.378,320396308,CHEMBL4577956,NR3C2,emolecules,VS_set_NR3C2_03412,7.055526,0.10839160839160839,0.10429447852760736,0.10699129235015992,1.0699129235015992,1,3.7133200000000013,0,469,CC(c1ccccc1)N1C(=O)OC(Cc2ccccc2)(c2nnc(Cc3ccccc3)[nH]2)C1=O,-148.37973,-175.64891
VS_set_NR3C2_03449,N=C(c1ccc2c(c1)NC(=O)CO2)C(Sc3nnc[nH]3)c4ccccc4,Cc1nn2c(c1Cl)nc(c3c2cccc3)Nc4ccc5c(c4)NC(=O)CO5,B31R5.306908364,379.8,29672942,CHEMBL4577956,NR3C2,emolecules,VS_set_NR3C2_03449,7.0281954,0.08616187989556136,0.08129370629370629,0.08503533977170825,0.8503533977170825,0,3.918820000000003,0,772,CC1CCc2ccccc2N1S(=O)(=O)c1ccc2c(c1)NC(=O)CO2,-84.67819,-222.57098
VS_set_NR3C2_03469,Cc1c(C(=O)Nc2ccc(S(C)(=O)=O)cc2)cn(CCO)c1-c1ccccc1C(F)(F)F,Cc1c(nnn1c2ccccc2C(F)(F)F)C(=O)Nc3ccc(cc3)S(=O)(=O)N,B31R3.339863969,425.387,30549451,CHEMBL2181932;CHEMBL2181932,NR3C2,emolecules,VS_set_NR3C2_03469,7.0390434,0.13066202090592335,0.10915492957746478,0.11799874004476676,1.1799874004476676,0,2.4942199999999994,0,821,Cc1c(C(=O)Nc2ccc(S(C)(=O)=O)cc2)cc(CCO)n1-c1ccc(Cl)cc1C(F)(F)F,9.300856,-35.348408
VS_set_NR3C2_03470,Cc1c(C(=O)Nc2ccc(S(C)(=O)=O)cc2)cn(CCO)c1-c1ccccc1C(F)(F)F,NS(=O)(=O)c1ccc(cc1)NC(=O)c2ccc(o2)c3ccccc3C(F)(F)F,B30R3.8332007,410.369,2502565,CHEMBL2181932;CHEMBL2181932,NR3C2,emolecules,VS_set_NR3C2_03470,7.0937696,0.13496932515337423,0.1125886524822695,0.12573111132709477,1.2573111132709478,0,3.8651000000000018,0,780,Cc1c(C(=O)Nc2ccc(S(C)(=O)=O)cc2)cn(CCO)c1-c1ccccc1C(F)(F)F,-81.16461,-93.51531
VS_set_NR3C2_03471,Cc1c(C(=O)Nc2ccc(S(C)(=O)=O)cc2)cn(CCO)c1-c1ccccc1C(F)(F)F,Cc1c(cnn1c2ccccc2C(F)(F)F)C(=O)Nc3ccc(cc3)C(=O)N,B30R3.1642496880,388.344,17212324,CHEMBL2181932;CHEMBL2181932,NR3C2,emolecules,VS_set_NR3C2_03471,7.3008156,0.12598425196850394,0.10798946444249341,0.11713159298407742,1.1713159298407743,0,3.550720000000002,0,822,Cc1c(C(=O)Nc2ccc(S(C)(=O)=O)cc2)cc(CC(C)O)n1-c1ccc(Cl)cc1C(F)(F)F,17.316416,-22.971937
VS_set_NR3C2_03474,Cc1c(C(=O)Nc2ccc(S(C)(=O)=O)cc2)cn(CCO)c1-c1ccccc1C(F)(F)F,Cc1cc(=O)c(nn1c2ccccc2C(F)(F)F)C(=O)Nc3ccc(cc3)S(=O)(=O)C,B33R3.54926489,451.421,18904289,CHEMBL2181932;CHEMBL2181932,NR3C2,emolecules,VS_set_NR3C2_03474,7.3173094,0.12192982456140351,0.09219858156028368,0.1062985209140481,1.062985209140481,0,3.2155200000000015,0,821,Cc1c(C(=O)Nc2ccc(S(C)(=O)=O)cc2)cc(CCO)n1-c1ccc(Cl)cc1C(F)(F)F,26.419926,-46.119293
VS_set_NR3C2_03479,Cc1c(C(=O)Nc2ccc(S(C)(=O)=O)cc2)cn(CCO)c1-c1ccccc1C(F)(F)F,Cc1cc(=O)c(nn1c2ccccc2C(F)(F)F)C(=O)Nc3ccc(cc3)S(=O)(=O)N,B33R3.54926489,452.409,322755425,CHEMBL2181932;CHEMBL2181932,NR3C2,emolecules,VS_set_NR3C2_03479,7.1479254,0.11906816220880069,0.10193321616871705,0.11070844556252821,1.1070844556252821,0,2.4594199999999997,0,821,Cc1c(C(=O)Nc2ccc(S(C)(=O)=O)cc2)cc(CCO)n1-c1ccc(Cl)cc1C(F)(F)F,14.189055,-47.567368
VS_set_NR3C2_03549,CC1=CC(C)(C)Nc2ccc(-c3csc(C#N)c3)cc21,CC(O)c1nc2cc(ccc2[nH]1)c3cccc(c3)C#N,B22R3.107821,263.295,49157368,CHEMBL335992,NR3C2,emolecules,VS_set_NR3C2_03549,7.0898433,0.19169611307420495,0.18624891209747607,0.18896046116136636,1.8896046116136636,1,3.1548800000000004,0,524,CC(c1ccc(F)cc1)N1C(=O)OC(Cc2ccccc2)(c2nc3cc(-c4cnoc4)ccc3[nH]2)C1=O,71.099945,-51.06693
VS_set_NR3C2_03686,O=C1COc2ccc(C3=Nn4cnnc4SC3)cc2N1,Cc1nnc2n1N=C(CS2)Nc3ccc4c(c3)OCCO4,B24R4.179407510,303.341,15729946,CHEMBL1928869,NR3C2,emolecules,VS_set_NR3C2_03686,7.2843747,0.15013169446883232,0.14548641542506574,0.14816867314875876,1.4816867314875877,0,1.7371199999999998,0,660,CC1COc2cccnc2N1C(=O)c1ccc2c(c1)NC(=O)CO2,-153.49217,-112.92414
VS_set_NR3C2_03687,O=C1COc2ccc(C3=Nn4cnnc4SC3)cc2N1,Cc1nnc2n1N=C(CS2)Nc3ccc4c(c3)OCCO4,B24R4.179407510,303.341,9991760,CHEMBL1928869,NR3C2,emolecules,VS_set_NR3C2_03687,7.2843747,0.15013169446883232,0.14548641542506574,0.14816867314875876,1.4816867314875877,0,1.7371199999999998,0,660,CC1COc2cccnc2N1C(=O)c1ccc2c(c1)NC(=O)CO2,-153.49217,-112.92414
VS_set_NR3C2_03742,CC1NC(=O)C(c2ccc(F)cc2)=C1c1cc(F)c2c(c1)NC(=O)CO2,CC(NC(=O)Nc1cccnc1)c2ccc3c(c2)NC(=O)CO3,B25R3.2492809,312.324,31898348,CHEMBL2419299,NR3C2,emolecules,VS_set_NR3C2_03742,7.0608582,0.08979947689625109,0.0828193832599119,0.08856412878999606,0.8856412878999605,1,2.2952000000000004,0,660,CC1COc2cccnc2N1C(=O)c1ccc2c(c1)NC(=O)CO2,-90.28611,-255.28079
VS_set_NR3C2_03743,CC1NC(=O)C(c2ccc(F)cc2)=C1c1cc(F)c2c(c1)NC(=O)CO2,CC(NC(=O)Nc1ccncc1)c2ccc3c(c2)NC(=O)CO3,B25R3.2492809,312.324,45754392,CHEMBL2419299,NR3C2,emolecules,VS_set_NR3C2_03743,7.1166415,0.09154929577464789,0.08325952170062002,0.08935424899882669,0.8935424899882669,1,2.2952000000000004,0,660,CC1COc2cccnc2N1C(=O)c1ccc2c(c1)NC(=O)CO2,-90.97487,-270.5999
VS_set_NR3C2_03747,CC1NC(=O)C(c2ccc(F)cc2)=C1c1cc(F)c2c(c1)NC(=O)CO2,CC(NC(=O)c1ccc(nc1)C)c2ccc3c(c2)NC(=O)CO3,B25R3.10565494,311.336,35701202,CHEMBL2419299,NR3C2,emolecules,VS_set_NR3C2_03747,7.1816654,0.07880910683012259,0.07338638373121131,0.0772516960950283,0.772516960950283,1,2.21192,0,660,CC1COc2cccnc2N1C(=O)c1ccc2c(c1)NC(=O)CO2,-79.22341,-242.09093
VS_set_NR3C2_03748,CC1NC(=O)C(c2ccc(F)cc2)=C1c1cc(F)c2c(c1)NC(=O)CO2,CC(NC(=O)c1ccc(nc1)O)c2ccc3c(c2)NC(=O)CO3,B25R3.10565494,313.309,35701184,CHEMBL2419299,NR3C2,emolecules,VS_set_NR3C2_03748,7.0889225,0.0801056338028169,0.07508833922261485,0.07835363124473846,0.7835363124473846,1,1.6090999999999998,0,660,CC1COc2cccnc2N1C(=O)c1ccc2c(c1)NC(=O)CO2,-70.35422,-251.48833
VS_set_NR3C2_03784,CCCC1=C(C(=O)OCC)C(c2ccnc3ccccc23)C(C#N)=C(C)N1,CCCC1=C(C(C(=C(O1)N)C#N)c2cccc3c2cccc3)C(=O)OCC,B29R3.368748484,362.423,2059683,CHEMBL1094797;CHEMBL1098089;CHEMBL1094796,NR3C2,emolecules,VS_set_NR3C2_03784,7.079605,0.09947643979057591,0.08215547703180212,0.09520406694902392,0.9520406694902392,1,4.264780000000003,0,769,CCCC1=C(C(=O)OCC)C(c2ccnc3ccccc23)C(C#N)=C(C)N1,143.1026,112.09989
VS_set_NR3C2_03788,CCCC1=C(C(=O)OCC)C(c2ccnc3ccccc23)C(C#N)=C(C)N1,CCOC(=O)C1=C(OC(=C(C1c2cccc3c2cccc3)C#N)N)C,B27R3.44145050,334.369,2346081,CHEMBL1094797;CHEMBL1098089;CHEMBL1094796,NR3C2,emolecules,VS_set_NR3C2_03788,7.128917,0.10479573712255773,0.08969804618117229,0.09928554753832011,0.9928554753832012,1,3.484580000000001,0,769,CCCC1=C(C(=O)OCC)C(c2ccnc3ccccc23)C(C#N)=C(C)N1,165.27328,124.92496
VS_set_NR3C2_03790,CCCC1=C(C(=O)OCC)C(c2ccnc3ccccc23)C(C#N)=C(C)N1,CC1CC(=O)C2=C(C1)OC(=C(C2c3cccc4c3cccc4)C#N)N,B28R4.14212290,330.381,1254580,CHEMBL1094797;CHEMBL1098089;CHEMBL1094796,NR3C2,emolecules,VS_set_NR3C2_03790,7.3814597,0.10218340611353711,0.09194395796847636,0.09941849436744356,0.9941849436744356,2,3.9005800000000033,0,620,CC1=C(C#N)C(c2cccc3c(=O)cc(C)oc23)C(C(=O)OC(C)C)=C(C)N1,117.028656,63.321903
VS_set_NR3C2_03795,CCCC1=C(C(=O)OCC)C(c2ccnc3ccccc23)C(C#N)=C(C)N1,COC(=O)CC1=C(C(C(=C(O1)N)C#N)c2cccc3c2cccc3)C(=O)OC,B30R3.44288194,378.379,27478870,CHEMBL1094797;CHEMBL1098089;CHEMBL1094796,NR3C2,emolecules,VS_set_NR3C2_03795,7.060287,0.10673665791776028,0.09786476868327403,0.10235679475623098,1.0235679475623098,1,2.6376800000000014,0,767,COC(=O)C1=C(C)NC(C)=C(C#N)C1c1ccnc2ccccc12,158.41252,108.89912
VS_set_NR3C2_03805,CCCC1=C(C(=O)OCC)C(c2ccnc3ccccc23)C(C#N)=C(C)N1,CCCC1=C(C(C(=C(O1)N)C#N)c2ccccc2C)C(=O)OCC,B25R2.33163375,326.39,1529596,CHEMBL1094797;CHEMBL1098089;CHEMBL1094796,NR3C2,emolecules,VS_set_NR3C2_03805,7.138825,0.09632224168126094,0.084070796460177,0.09038780801420107,0.9038780801420108,1,3.4200000000000026,0,196,CCOC(=O)C1=C(c2ccccc2)NC(C)=C(C#N)C1c1ccccc1Cl,131.8685,123.11811
VS_set_NR3C2_03806,CCCC1=C(C(=O)OCC)C(c2ccnc3ccccc23)C(C#N)=C(C)N1,CCCC1=C(C(C(=C(O1)N)C#N)c2cc3ccc(cc3[nH]c2=O)C)C(=O)OCC,B31R3.2288519989,393.437,6482879,CHEMBL1094797;CHEMBL1098089;CHEMBL1094796,NR3C2,emolecules,VS_set_NR3C2_03806,7.0005436,0.09921671018276762,0.08638743455497382,0.09517112543675496,0.9517112543675497,1,3.2615000000000016,0,769,CCCC1=C(C(=O)OCC)C(c2ccnc3ccccc23)C(C#N)=C(C)N1,101.988846,133.43562
VS_set_NR3C2_03807,CCCC1=C(C(=O)OCC)C(c2ccnc3ccccc23)C(C#N)=C(C)N1,CCCC1=C(C(C(=C(O1)N)C#N)c2ccccc2OCC)C(=O)OCC,B27R2.2375045498,356.416,2058619,CHEMBL1094797;CHEMBL1098089;CHEMBL1094796,NR3C2,emolecules,VS_set_NR3C2_03807,7.0554066,0.0943231441048035,0.08045977011494253,0.08975799310742352,0.8975799310742352,1,3.5102800000000025,0,196,CCOC(=O)C1=C(c2ccccc2)NC(C)=C(C#N)C1c1ccccc1Cl,119.259254,133.59225
VS_set_NR3C2_03808,CCCC1=C(C(=O)OCC)C(c2ccnc3ccccc23)C(C#N)=C(C)N1,CCCC1=C(C(C(=C(O1)N)C#N)c2ccccc2OC)C(=O)OCC,B26R2.45336999,342.39,6764407,CHEMBL1094797;CHEMBL1098089;CHEMBL1094796,NR3C2,emolecules,VS_set_NR3C2_03808,7.021784,0.0941385435168739,0.08134394341290893,0.09018302334756532,0.9018302334756533,1,3.1201800000000013,0,196,CCOC(=O)C1=C(c2ccccc2)NC(C)=C(C#N)C1c1ccccc1Cl,115.00672,120.34295
VS_set_NR3C2_03810,CCCC1=C(C(=O)OCC)C(c2ccnc3ccccc23)C(C#N)=C(C)N1,CCOC(=O)C1=C(OC(=C(C1c2ccccc2OCC=C)C#N)N)C,B26R2.930032286,340.374,1307215,CHEMBL1094797;CHEMBL1098089;CHEMBL1094796,NR3C2,emolecules,VS_set_NR3C2_03810,7.259449,0.10227272727272728,0.08626760563380281,0.09718135475513047,0.9718135475513047,1,2.89618,0,196,CCOC(=O)C1=C(c2ccccc2)NC(C)=C(C#N)C1c1ccccc1Cl,140.86182,156.99786
VS_set_NR3C2_03815,CCCC1=C(C(=O)OCC)C(c2ccnc3ccccc23)C(C#N)=C(C)N1,CCCC1=C(C(C(=C(O1)N)C#N)c2cccc(c2)F)C(=O)OCC,B25R2.3944494,330.354,825054,CHEMBL1094797;CHEMBL1098089;CHEMBL1094796,NR3C2,emolecules,VS_set_NR3C2_03815,7.0275574,0.10044052863436123,0.09066901408450705,0.09591843073310224,0.9591843073310224,1,3.250680000000002,0,769,CCCC1=C(C(=O)OCC)C(c2ccnc3ccccc23)C(C#N)=C(C)N1,127.67662,84.63563
VS_set_NR3C2_03816,CCCC1=C(C(=O)OCC)C(c2ccnc3ccccc23)C(C#N)=C(C)N1,CCCC1=C(C(C(=C(O1)N)C#N)c2ccccc2Br)C(=O)OCC,B25R2.33163375,391.259,2058908,CHEMBL1094797;CHEMBL1098089;CHEMBL1094796,NR3C2,emolecules,VS_set_NR3C2_03816,7.0263467,0.09443954104148279,0.08148804251550044,0.0898422522505714,0.898422522505714,1,3.874080000000002,0,196,CCOC(=O)C1=C(c2ccccc2)NC(C)=C(C#N)C1c1ccccc1Cl,125.85098,111.346214
VS_set_NR3C2_03818,CCCC1=C(C(=O)OCC)C(c2ccnc3ccccc23)C(C#N)=C(C)N1,CCCC1=C(C(C(=C(O1)N)C#N)c2ccccc2F)C(=O)OCC,B25R2.33163375,330.354,1254540,CHEMBL1094797;CHEMBL1098089;CHEMBL1094796,NR3C2,emolecules,VS_set_NR3C2_03818,7.006445,0.09385964912280702,0.08148804251550044,0.08849200305569065,0.8849200305569065,1,3.250680000000002,0,196,CCOC(=O)C1=C(c2ccccc2)NC(C)=C(C#N)C1c1ccccc1Cl,122.497246,98.63873
VS_set_NR3C2_03828,CCCC1=C(C(=O)OCC)C(c2ccnc3ccccc23)C(C#N)=C(C)N1,CCCC1=C(C(C(=C(O1)N)C#N)c2ccc(c(c2C)C)OC)C(=O)OCC,B28R2.2192917825,370.443,2058813,CHEMBL1094797;CHEMBL1098089;CHEMBL1094796,NR3C2,emolecules,VS_set_NR3C2_03828,7.0738173,0.09375,0.0828193832599119,0.0896538356297033,0.896538356297033,1,3.737020000000003,0,196,CCOC(=O)C1=C(c2ccccc2)NC(C)=C(C#N)C1c1ccccc1Cl,109.21816,106.17117
VS_set_NR3C2_03830,CCCC1=C(C(=O)OCC)C(c2ccnc3ccccc23)C(C#N)=C(C)N1,CCCC1=C(C(C(=C(O1)N)C#N)c2cc(c(cc2C)OC)C)C(=O)OCC,B28R2.10409905939,370.443,1267063,CHEMBL1094797;CHEMBL1098089;CHEMBL1094796,NR3C2,emolecules,VS_set_NR3C2_03830,7.14272,0.09581881533101046,0.08779631255487269,0.09270783523620607,0.9270783523620607,1,3.737020000000003,0,769,CCCC1=C(C(=O)OCC)C(c2ccnc3ccccc23)C(C#N)=C(C)N1,109.72179,91.293884
VS_set_NR3C2_03850,CCCC1=C(C(=O)OCC)C(c2ccnc3ccccc23)C(C#N)=C(C)N1,CCOC(=O)C1=C(OC(=C(C1c2ccccc2OCC)C#N)N)C,B25R2.507999635,328.363,1270444,CHEMBL1094797;CHEMBL1098089;CHEMBL1094796,NR3C2,emolecules,VS_set_NR3C2_03850,7.220353,0.09485815602836879,0.0763765541740675,0.08870006301523099,0.8870006301523099,1,2.730080000000001,0,197,CCOC(=O)C1=C(c2ccc(Cl)cc2)NC(C)=C(C#N)C1c1ccccc1Cl,123.873405,150.42725
VS_set_NR3C2_03852,CCCC1=C(C(=O)OCC)C(c2ccnc3ccccc23)C(C#N)=C(C)N1,CCCC1=C(C(C(=C(O1)N)C#N)c2ccc(c(c2OC)C)OC)C(=O)OCC,B29R2.2305999275,386.442,1267057,CHEMBL1094797;CHEMBL1098089;CHEMBL1094796,NR3C2,emolecules,VS_set_NR3C2_03852,7.138785,0.09399477806788512,0.0818661971830986,0.08986787389796756,0.8986787389796757,1,3.4372000000000025,0,196,CCOC(=O)C1=C(c2ccccc2)NC(C)=C(C#N)C1c1ccccc1Cl,99.852715,116.9336
VS_set_NR3C2_03862,COC(=O)C1=C(Cn2cncn2)NC(C)=C(C#N)C1c1ccc(F)cc1Cl,COC(=O)C1=C2SC(C(=O)N2C(=C(C1c3ccc(cc3Cl)Cl)C#N)N)C,B28R3.1674193538,410.276,4632865,CHEMBL1215621,NR3C2,emolecules,VS_set_NR3C2_03862,7.030707,0.08753315649867374,0.07874015748031496,0.08350414512635386,0.8350414512635386,2,3.1329800000000008,0,204,COC(=O)C1=C(Cn2cccn2)NC(C)=C(C#N)C1c1ccc(F)cc1Cl,135.43863,47.79341
VS_set_NR3C2_03882,COC(=O)C1=C(Cn2cncn2)NC(C)=C(C#N)C1c1ccc(F)cc1Cl,Cn1c2c(c(=O)n(c1=O)C)C(C(=C(O2)N)C#N)c3ccc(cc3Cl)Cl,B27R3.111432792,379.198,2960769,CHEMBL1215621,NR3C2,emolecules,VS_set_NR3C2_03882,7.0331373,0.09581881533101046,0.08995633187772925,0.09378791717172509,0.9378791717172509,1,1.6089800000000003,0,204,COC(=O)C1=C(Cn2cccn2)NC(C)=C(C#N)C1c1ccc(F)cc1Cl,109.32833,29.21063
VS_set_NR3C2_03890,COC(=O)C1=C(Cn2cncn2)NC(C)=C(C#N)C1c1ccc(F)cc1Cl,COC(=O)CC(NC(=O)CCCn1cccn1)c2ccc(cc2)Cl,B25R2.1215088,349.813,33319401,CHEMBL1215621,NR3C2,emolecules,VS_set_NR3C2_03890,7.039528,0.10798946444249341,0.10272168568920105,0.1057504928273227,1.057504928273227,1,2.7373000000000003,0,718,CCC(C(=O)OC)(c1ccc(Cl)cc1)n1ccc2c(NS(C)(=O)=O)cccc21,30.296377,12.099739
VS_set_NR3C2_03919,CS(=O)(=O)Nc1cccc2cc[nH]c12,CS(=O)(=O)Nc1cccc2c1cccc2,B16R2.248309,221.277,596332,CHEMBL3605925,NR3C2,emolecules,VS_set_NR3C2_03919,7.37067,0.3777994157740993,0.3096085409252669,0.3508634566266996,3.508634566266996,0,2.2113000000000005,0,692,CN(c1ccccc1)c1ccc(NS(C)(=O)=O)cc1,-373.32446,-71.40113
VS_set_NR3C2_03942,CS(=O)(=O)Nc1cccc2cc[nH]c12,CS(=O)(=O)Nc1cccc2c1NC(=O)CO2,B17R2.19927,242.253,180538694,CHEMBL3605925,NR3C2,emolecules,VS_set_NR3C2_03942,7.171062,0.14171122994652408,0.13814616755793227,0.14016269298949524,1.4016269298949524,0,0.3889999999999999,0,772,CC1CCc2ccccc2N1S(=O)(=O)c1ccc2c(c1)NC(=O)CO2,-275.79688,-177.00125
VS_set_NR3C2_03943,CS(=O)(=O)Nc1cccc2cc[nH]c12,Cc1ccc2cccc(c2n1)NS(=O)(=O)C,B17R2.19927,236.292,180615917,CHEMBL3605925,NR3C2,emolecules,VS_set_NR3C2_03943,7.019792,0.20199275362318841,0.15531062124248496,0.19368743719041887,1.9368743719041885,0,1.9147199999999998,0,543,CS(=O)(=O)Nc1cccc2cc[nH]c12,-392.2544,-25.658876
VS_set_NR3C2_03959,CS(=O)(=O)Nc1cccc2cc[nH]c12,CS(=O)(=O)Nc1cccc(c1)C(=N)N,B14R1.424,213.258,40491032,CHEMBL3605925,NR3C2,emolecules,VS_set_NR3C2_03959,7.309462,0.27520435967302453,0.26272912423625255,0.26913496394173003,2.6913496394173,0,0.34217000000000003,0,695,CS(=O)(=O)Nc1ccc(N(C(=O)c2ccccc2)c2ccccc2)cc1,-303.92874,-87.814285
VS_set_NR3C2_03961,CS(=O)(=O)Nc1cccc2cc[nH]c12,CS(=O)(=O)Nc1cccc(c1)C(=S)N,B14R1.424,230.31,37390731,CHEMBL3605925,NR3C2,emolecules,VS_set_NR3C2_03961,7.032992,0.29187562688064195,0.2762096774193548,0.28387129070366807,2.8387129070366806,0,0.6923000000000001,0,694,CS(=O)(=O)Nc1ccc(N(Cc2ccccc2)c2ccccc2)cc1,-313.3623,-86.07248
VS_set_NR3C2_03967,CS(=O)(=O)Nc1cccc2cc[nH]c12,CS(=O)(=O)Nc1cccc(c1)N,B12R1.119,186.233,43482549,CHEMBL3605925,NR3C2,emolecules,VS_set_NR3C2_03967,7.2583847,0.3894736842105263,0.3007246376811594,0.3641287984814936,3.641287984814936,0,0.6403000000000001,0,692,CN(c1ccccc1)c1ccc(NS(C)(=O)=O)cc1,-350.12375,-91.19151
VS_set_NR3C2_03968,CS(=O)(=O)Nc1cccc2cc[nH]c12,CS(=O)(=O)Nc1cccc(c1)N,B12R1.119,186.233,519871,CHEMBL3605925,NR3C2,emolecules,VS_set_NR3C2_03968,7.2583847,0.3894736842105263,0.3007246376811594,0.3641287984814936,3.641287984814936,0,0.6403000000000001,0,692,CN(c1ccccc1)c1ccc(NS(C)(=O)=O)cc1,-350.12375,-91.19151
VS_set_NR3C2_03971,CS(=O)(=O)Nc1cccc2cc[nH]c12,CS(=O)(=O)Nc1cccc2c1OCC2,B15R2.29021,213.255,181282813,CHEMBL3605925,NR3C2,emolecules,VS_set_NR3C2_03971,7.115843,0.1483126110124334,0.14016172506738545,0.14451747923528946,1.4451747923528946,0,0.9929999999999999,0,451,CCC(=C1c2ccccc2COc2ccccc21)c1cccc(NS(C)(=O)=O)c1,-146.98055,-15.398854
VS_set_NR3C2_03983,COc1ccc(Cn2cnc(-c3ccc(F)cc3)c2-c2ccnc(NC(N)=O)c2)c(OC)c1,CCOc1cccc(c1)C2N(C(=O)C(=C2c3ccc(cc3)F)O)c4ccc(cc4OC)OC,B36R4.517005749,449.472,185620563,CHEMBL3643693,NR3C2,emolecules,VS_set_NR3C2_03983,7.0643735,0.10344827586206896,0.09766637856525497,0.1015310345174458,1.015310345174458,1,5.298800000000005,1,104,COc1cccc(C2CCN(c3[nH]c(=O)[nH]c(=O)c3Cc3ccccc3)CC2)c1,22.115381,145.93343
VS_set_NR3C2_03984,COc1ccc(Cn2cnc(-c3ccc(F)cc3)c2-c2ccnc(NC(N)=O)c2)c(OC)c1,CCOc1cccc(c1)C2N(C(=O)C(=C2c3ccc(cc3)Cl)O)c4ccc(cc4OC)OC,B36R4.517005749,465.926,185619216,CHEMBL3643693,NR3C2,emolecules,VS_set_NR3C2_03984,7.03422,0.10386266094420601,0.09888220120378331,0.1017322627665486,1.017322627665486,1,5.813100000000005,1,334,COc1cc(CNC(=O)C2(Cc3ccccc3)OC(=O)N(C(C)c3ccc(Cl)cc3)C2=O)cc(OC)c1,24.302195,154.76074
VS_set_NR3C2_04003,CC1=C(C#N)C(C)(c2ccc(F)cc2)C(C(=O)OC(C)(C)C)=C(C)N1,CCOC(=O)C1=C(OC(=C(C1c2ccc(cc2)F)C#N)N)C,B23R2.10268365,302.301,1107255,CHEMBL1215326,NR3C2,emolecules,VS_set_NR3C2_04003,7.033514,0.10803571428571429,0.0994671403197158,0.1036491059778299,1.036491059778299,1,2.470480000000001,0,769,CCCC1=C(C(=O)OCC)C(c2ccnc3ccccc23)C(C#N)=C(C)N1,174.82518,143.52084
VS_set_NR3C2_04005,CC1=C(C#N)C(C)(c2ccc(F)cc2)C(C(=O)OC(C)(C)C)=C(C)N1,CC1=C(C(C(=C(O1)N)C#N)c2ccccc2C)C(=O)OC(C)(C)C,B25R2.6996908,326.39,2467798,CHEMBL1215326,NR3C2,emolecules,VS_set_NR3C2_04005,7.00431,0.1068904593639576,0.08860759493670886,0.10120521924329766,1.0120521924329766,1,3.4184000000000028,0,167,COC(=O)C1=C(C)NC(C)=C(C(=O)OC(C)(C)C)C1c1ccccc1C,208.6461,111.691345
VS_set_NR3C2_04015,CC1=C(C#N)C(C)(c2ccc(F)cc2)C(C(=O)OC(C)(C)C)=C(C)N1,CC1=C(C(C(=C(O1)N)C#N)c2ccc(cc2Cl)Cl)C(=O)OC(C)(C)C,B26R2.455128033,381.254,6765660,CHEMBL1215326,NR3C2,emolecules,VS_set_NR3C2_04015,7.117871,0.10438596491228071,0.08738738738738738,0.10021218698426784,1.0021218698426784,1,4.416780000000004,0,859,CC1=C(C#N)C(c2ccc(F)cc2Cl)C(C(=O)OC(C)(C)C)=C(C)N1,190.19542,95.364395
VS_set_NR3C2_04021,CC1=C(C#N)C(C)(c2ccc(F)cc2)C(C(=O)OC(C)(C)C)=C(C)N1,CC1=C(C(C2=C(N1)CC(CC2=O)(C)C)c3ccc(cc3Cl)Cl)C#N,B26R3.103479856,361.266,627929,CHEMBL1215326,NR3C2,emolecules,VS_set_NR3C2_04021,7.062972,0.09591474245115453,0.09308510638297872,0.0946381946155154,0.946381946155154,1,5.120980000000003,1,200,CCCC1=C(C(=O)OC)C(c2ccc(F)cc2Cl)C(C#N)=C(C)N1,171.14445,4.035912
VS_set_NR3C2_04045,CC1=C(C#N)C(C)(c2ccc(F)cc2)C(C(=O)OC(C)(C)C)=C(C)N1,CCOC(=O)C1=C(OC(=C(C1c2ccc(cc2F)F)C#N)N)C,B24R2.95465776,320.291,2345864,CHEMBL1215326,NR3C2,emolecules,VS_set_NR3C2_04045,7.1665583,0.09347442680776014,0.07310469314079422,0.08633207802770408,0.8633207802770408,1,2.6095800000000002,0,187,CCN1C(C)=C(C#N)C(c2ccc(F)cc2F)C(C(=O)OC(C)(C)C)=C1C,156.87233,140.95496
VS_set_NR3C2_04060,CCC(=C1c2ccccc2OCc2cccc(OC)c21)c1cccc(NS(C)(=O)=O)c1,CS(=O)(=O)Nc1cccc(c1)C(=O)Nc2cccc(c2)OCc3cccc(c3)C#N,B32R3.1128955287,421.471,29621039,CHEMBL3120317,NR3C2,emolecules,VS_set_NR3C2_04060,7.133828,0.14147627416520211,0.1266490765171504,0.1360035929299231,1.3600359292992308,0,3.7610800000000024,0,451,CCC(=C1c2ccccc2COc2ccccc21)c1cccc(NS(C)(=O)=O)c1,-336.90097,26.432554
VS_set_NR3C2_04083,CCOC(=O)C1=C(C)NC(C)=C(C(C)=O)C1c1cccc2c(=O)cc(C)oc12,CCOC(=O)C1=C(N=C2SCCC(=O)N2C1c3cccc4c3cccc4)C,B30R4.257824358,380.462,4863756,CHEMBL2181926,NR3C2,emolecules,VS_set_NR3C2_04083,7.0513906,0.10539845758354756,0.08391608391608392,0.09898597269405629,0.9898597269405629,1,4.053100000000003,0,325,CCOC(=O)C1=C(C)NC(C)=C(C(C)=O)C1c1cccc2c(=O)cc(C)oc12,57.77001,122.492226
VS_set_NR3C2_04088,CCOC(=O)C1=C(C)NC(C)=C(C(C)=O)C1c1cccc2c(=O)cc(C)oc12,CCCCOc1ccccc1C2C(=C(NC3=C2C(=O)CCC3)C)C(=O)OCC,B30R3.2075055777,383.482,1215904,CHEMBL2181926,NR3C2,emolecules,VS_set_NR3C2_04088,7.0459867,0.09523809523809523,0.07705779334500876,0.08946075194110534,0.8946075194110534,1,4.396500000000003,0,325,CCOC(=O)C1=C(C)NC(C)=C(C(C)=O)C1c1cccc2c(=O)cc(C)oc12,84.174446,84.14637
VS_set_NR3C2_04092,CCOC(=O)C1=C(C)NC(C)=C(C(C)=O)C1c1cccc2c(=O)cc(C)oc12,CCOC(=O)C1=C(OC(=C(C1c2cccc3c2cccc3)C#N)N)C,B27R3.44145050,334.369,2346081,CHEMBL2181926,NR3C2,emolecules,VS_set_NR3C2_04092,7.128917,0.10479573712255773,0.08969804618117229,0.09928554753832011,0.9928554753832012,1,3.484580000000001,0,769,CCCC1=C(C(=O)OCC)C(c2ccnc3ccccc23)C(C#N)=C(C)N1,165.27328,124.92496
VS_set_NR3C2_04094,CCOC(=O)C1=C(C)NC(C)=C(C(C)=O)C1c1cccc2c(=O)cc(C)oc12,CCOC(=O)C1=C(OC(=C(C1c2ccccc2OCC=C)C#N)N)C,B26R2.930032286,340.374,1307215,CHEMBL2181926,NR3C2,emolecules,VS_set_NR3C2_04094,7.259449,0.10227272727272728,0.08626760563380281,0.09718135475513047,0.9718135475513047,1,2.89618,0,196,CCOC(=O)C1=C(c2ccccc2)NC(C)=C(C#N)C1c1ccccc1Cl,140.86182,156.99786
VS_set_NR3C2_04095,CCOC(=O)C1=C(C)NC(C)=C(C(C)=O)C1c1cccc2c(=O)cc(C)oc12,CCOC(=O)C1=C(N=C2SCC(=O)N2C1c3cccc(c3OC)OC)C,B28R3.476756052,376.429,1342852,CHEMBL2181926,NR3C2,emolecules,VS_set_NR3C2_04095,7.0765224,0.09956709956709957,0.08129370629370629,0.09442691885241292,0.9442691885241291,1,2.527,0,325,CCOC(=O)C1=C(C)NC(C)=C(C(C)=O)C1c1cccc2c(=O)cc(C)oc12,68.94681,114.66201
VS_set_NR3C2_04098,CCOC(=O)C1=C(C)NC(C)=C(C(C)=O)C1c1cccc2c(=O)cc(C)oc12,CCCCOc1ccccc1C2C(=C(OC3=C2C(=O)CCC3)N)C(=O)OCC,B30R3.2075055777,385.454,27511260,CHEMBL2181926,NR3C2,emolecules,VS_set_NR3C2_04098,7.1237955,0.10353753235547886,0.09051348999129678,0.10026254209245303,1.0026254209245302,1,3.719800000000002,0,325,CCOC(=O)C1=C(C)NC(C)=C(C(C)=O)C1c1cccc2c(=O)cc(C)oc12,87.6405,97.327126
VS_set_NR3C2_04099,CCOC(=O)C1=C(C)NC(C)=C(C(C)=O)C1c1cccc2c(=O)cc(C)oc12,CCCOc1c(cccc1C2N3C(=O)CSC3=NC(=C2C(=O)OCC)C)OC,B30R3.17135142708,404.482,54853124,CHEMBL2181926,NR3C2,emolecules,VS_set_NR3C2_04099,7.1419888,0.10309278350515463,0.09019947961838681,0.09928040403751628,0.9928040403751628,1,3.3072000000000017,0,325,CCOC(=O)C1=C(C)NC(C)=C(C(C)=O)C1c1cccc2c(=O)cc(C)oc12,72.20633,124.40405
VS_set_NR3C2_04102,CCOC(=O)C1=C(C)NC(C)=C(C(C)=O)C1c1cccc2c(=O)cc(C)oc12,CCCCOc1ccccc1C2C(=C(OC(=C2C(=O)OCC)C)N)C#N,B27R2.1339845541,356.416,6460323,CHEMBL2181926,NR3C2,emolecules,VS_set_NR3C2_04102,7.4241786,0.09824561403508772,0.08289241622574955,0.09148866063680007,0.9148866063680007,1,3.5102800000000016,0,196,CCOC(=O)C1=C(c2ccccc2)NC(C)=C(C#N)C1c1ccccc1Cl,136.07664,140.70023
VS_set_NR3C2_04103,CCOC(=O)C1=C(C)NC(C)=C(C(C)=O)C1c1cccc2c(=O)cc(C)oc12,CCOC(=O)C1=C(OC(=C(C1c2coc3ccccc3c2=O)C#N)N)C,B28R3.935183504,352.341,43356737,CHEMBL2181926,NR3C2,emolecules,VS_set_NR3C2_04103,7.2133207,0.10438596491228071,0.08947368421052632,0.09681049934002162,0.9681049934002162,1,2.437780000000001,0,325,CCOC(=O)C1=C(C)NC(C)=C(C(C)=O)C1c1cccc2c(=O)cc(C)oc12,162.77626,158.63591
VS_set_NR3C2_04197,CC1CN(c2cc3c(cn2)OCC(=O)N3)C(c2ccccc2F)CO1,CCC(C)N(C(=O)c1ccccc1F)c2ccc3c(c2)N(C(=O)CO3)C,B28R3.686764670,356.391,323064610,CHEMBL4069468,NR3C2,emolecules,VS_set_NR3C2_04197,7.046834,0.11605584642233857,0.11294526498696786,0.11459666411344474,1.1459666411344474,1,3.6262000000000034,0,798,CC1CN(c2ccc3c(n2)NC(=O)CO3)C(c2ccccc2F)CO1,-220.67314,-220.273
VS_set_NR3C2_04211,CC1CN(c2cc3c(cn2)OCC(=O)N3)C(c2ccccc2F)CO1,CC(=O)Nc1cccc(c1)CN2CCNCC2c3ccccc3Cl,B26R3.2741530,343.851,302721678,CHEMBL4069468,NR3C2,emolecules,VS_set_NR3C2_04211,7.3705487,0.10782608695652174,0.10184372256365233,0.10492616411614368,1.0492616411614368,1,3.4449000000000023,0,107,O=c1[nH]c(N2CCC(c3ccccc3)CC2)c(Cc2cccc(Cl)c2)c(=O)[nH]1,94.520256,-82.11844
VS_set_NR3C2_04221,CC1CN(c2cc3c(cn2)OCC(=O)N3)C(c2ccccc2F)CO1,Cc1ccccc1CCC(=O)Nc2ccc3c(c2)NC(=O)CO3,B25R3.11107213,310.348,180789868,CHEMBL4069468,NR3C2,emolecules,VS_set_NR3C2_04221,7.0536804,0.1137357830271216,0.10615521855486174,0.1114498411963241,1.114498411963241,0,2.897220000000001,0,743,O=C1COc2ccc(C(=O)N3CCCc4ccccc43)cc2N1,-143.51274,-359.36362
VS_set_NR3C2_04223,CC1CN(c2cc3c(cn2)OCC(=O)N3)C(c2ccccc2F)CO1,Fc1ccccc1OCC(=O)Nc2ccc3c(c2)NC(=O)CO3,B25R3.11107213,316.284,16778162,CHEMBL4069468,NR3C2,emolecules,VS_set_NR3C2_04223,7.1509185,0.17488789237668162,0.161531279178338,0.16826075322778328,1.6826075322778329,0,2.1740999999999993,0,771,O=C1COc2ccc(COc3ccc(F)cc3F)cc2N1,-119.74361,-372.67316
VS_set_NR3C2_04253,CC1CN(c2cc3c(cn2)OCC(=O)N3)C(c2ccccc2F)CO1,CCC(C)N(C(=O)c1ccccc1Cl)c2ccc3c(c2)N(C(=O)CO3)C,B28R3.686764670,372.846,323067683,CHEMBL4069468,NR3C2,emolecules,VS_set_NR3C2_04253,7.1650934,0.11304347826086956,0.10966057441253264,0.11136205183350542,1.1136205183350543,1,4.140500000000004,0,800,NC(=O)CC1COc2ccccc2N1C(=O)c1ccc2c(c1)NC(=O)CO2,-225.0736,-210.35916
VS_set_NR3C2_04263,Cc1nc(C)c(C2=NN(c3ccc(C#N)cc3)C(c3ccc(F)cc3)C2)s1,Cc1nc(c(s1)C(=O)NC(Cc2ccccc2)c3ccccc3)C,B26R3.2683769,336.452,27360489,CHEMBL1215693,NR3C2,emolecules,VS_set_NR3C2_04263,7.0726943,0.11456483126110124,0.11150442477876106,0.11373831267136761,1.137383126713676,1,4.473740000000003,0,871,CC(c1ccccc1)N1C(=O)OC(Cc2ccccc2)(C(=O)NC2CC(c3ccccc3)C2)C1=O,-196.44037,-112.613556
VS_set_NR3C2_04264,Cc1nc(C)c(C2=NN(c3ccc(C#N)cc3)C(c3ccc(F)cc3)C2)s1,NS(=O)(=O)c1ccc(cc1)N2N=C(CC2c3ccc(cc3)F)c4cccs4,B30R4.62064,401.481,5512538,CHEMBL1215693,NR3C2,emolecules,VS_set_NR3C2_04264,7.0076113,0.07876106194690266,0.06618962432915922,0.07185123675978815,0.7185123675978815,1,3.8903000000000034,0,207,Cc1nc(C)c(C2=NN(c3ccc(C#N)cc3)C(c3ccc(F)cc3)C2)s1,-80.7196,-37.22141
VS_set_NR3C2_04265,Cc1nc(C)c(C2=NN(c3ccc(C#N)cc3)C(c3ccc(F)cc3)C2)s1,Cc1ccc(o1)C2=NN(C(C2)c3ccc(cc3)F)c4ccc(cc4)S(=O)(=O)N,B31R4.81251,399.44,48610056,CHEMBL1215693,NR3C2,emolecules,VS_set_NR3C2_04265,7.121173,0.07719298245614035,0.0659536541889483,0.07251841182889676,0.7251841182889676,1,3.7302200000000028,0,212,COc1ccc(N2N=C(c3ccc(C(=O)O)cc3)CC2c2ccc(F)cc2)cc1,-87.47047,-21.200672
VS_set_NR3C2_04450,Cc1ccccc1CC(C)(O)c1ccnc(NC(N)=O)c1,CN(Cc1ccccc1C)c2ccnc(c2)NN,B19R2.190948,242.32,261361919,CHEMBL3643683,NR3C2,emolecules,VS_set_NR3C2_04450,7.0319757,0.17914438502673796,0.16936936936936936,0.17642136828420768,1.764213682842077,0,2.31202,0,448,CCC(Cc1ccccc1C)NS(=O)(=O)c1c(C)cc(C)cc1C,100.15045,327.68488
VS_set_NR3C2_04455,Cc1ccccc1CC(C)(O)c1ccnc(NC(N)=O)c1,CN(Cc1ccccc1C)c2ccnc(c2)N,B18R2.65696,227.305,315831588,CHEMBL3643683,NR3C2,emolecules,VS_set_NR3C2_04455,7.1093264,0.20352422907488987,0.19494584837545126,0.20062640162031764,2.0062640162031764,0,2.60862,0,448,CCC(Cc1ccccc1C)NS(=O)(=O)c1c(C)cc(C)cc1C,101.333984,338.29663
VS_set_NR3C2_04465,Cc1ccccc1CC(C)(O)c1ccnc(NC(N)=O)c1,Cc1ccccc1C2CC(C2)Nc3cccc(c3)NC(=O)N,B24R3.11147162,295.38,51168827,CHEMBL3643683,NR3C2,emolecules,VS_set_NR3C2_04465,7.09967,0.1240174672489083,0.11288888888888889,0.12099841177468935,1.2099841177468935,0,3.843720000000001,0,577,Cc1ccccc1C(Cc1ccnc(NC(N)=O)c1)C1CC1,3.642846,15.615391
VS_set_NR3C2_04482,Cc1ccccc1CC(C)(O)c1ccnc(NC(N)=O)c1,Cc1ccccc1CSc2ccnc(c2)C(=N)N,B19R2.62743,257.356,314664979,CHEMBL3643683,NR3C2,emolecules,VS_set_NR3C2_04482,7.142932,0.205648720211827,0.1991111111111111,0.20321036930895925,2.0321036930895926,0,2.9663900000000005,0,577,Cc1ccccc1C(Cc1ccnc(NC(N)=O)c1)C1CC1,-34.35626,54.317028
VS_set_NR3C2_04500,Cc1ccccc1CC(C)(O)c1ccnc(NC(N)=O)c1,CN(Cc1cccc(c1C)C)c2cc(ncn2)C(=O)N,B21R2.218980,270.33,316427081,CHEMBL3643683,NR3C2,emolecules,VS_set_NR3C2_04500,7.5176325,0.1637478108581436,0.15700267618198038,0.1609606157720987,1.609606157720987,0,1.82874,0,445,CCC(Cc1cccc(C)c1C)NS(=O)(=O)c1c(C)cc(C)cc1C,119.29664,264.53058
VS_set_NR3C2_04600,NC(=O)Nc1cc(CCc2ccc(F)c(C(F)(F)F)c2)ccn1,CN(Cc1cccc(c1)C(F)(F)F)c2ccnc(c2)C(=O)N,B23R2.463614,309.287,318585969,CHEMBL3643691,NR3C2,emolecules,VS_set_NR3C2_04600,7.087704,0.18197879858657243,0.17959895379250218,0.18086231825523275,1.8086231825523273,0,2.8357,0,876,CCOc1ncc(C)c2c1C(c1ccc(C#N)cc1OC)C(C(N)=O)=C(C)N2,145.14708,360.1675
VS_set_NR3C2_04667,NC(=O)Nc1cc(CCc2ccc(F)c(C(F)(F)F)c2)ccn1,FC(F)(F)c1cccc(c1)Cc2cnc(s2)NC(=O)CCl,B22R2.8145658,334.746,663121,CHEMBL3643691,NR3C2,emolecules,VS_set_NR3C2_04667,7.076825,0.1888111888111888,0.18005295675198588,0.187039982404164,1.87039982404164,0,3.9300000000000015,0,365,CC(c1ccccc1)N1C(=O)OC(Cc2ccccc2)(C(=O)NCc2cccc(C(F)(F)F)c2)C1=O,-14.516557,57.4132
VS_set_NR3C2_04676,CC1=CC(C)(C)Nc2ccc3c(c21)C(=C1SCCCS1)Oc1ccc(F)cc1-3,Fc1ccc(c(c1)c2ccc3c(c2)C(=O)NCCO3)OCC4CCCCO4,B30R4.22867140,371.403,318361950,CHEMBL65929,NR3C2,emolecules,VS_set_NR3C2_04676,7.2068257,0.11006018916595013,0.10103626943005181,0.10714319075010818,1.0714319075010819,1,3.562800000000003,0,763,NS(=O)(=O)CC1COc2cc(F)ccc2N1C(=O)c1ccc2c(c1)NCCO2,-49.534515,319.3575
VS_set_NR3C2_04728,COc1ccc(C#N)cc1-c1ccc(CNS(=O)(=O)c2c(C)noc2C)cc1,Cc1noc(c1S(=O)(=O)Nc2ccc(cc2)Nc3ccc(cc3)C#N)C,B28R3.32584032,368.411,184581460,CHEMBL3086014,NR3C2,emolecules,VS_set_NR3C2_04728,7.0783978,0.18964003511852504,0.17062043795620438,0.18010804974878264,1.8010804974878263,0,3.7075200000000015,0,397,Cc1noc(C)c1S(=O)(=O)NCc1ccc(-c2cccc(NS(C)(=O)=O)c2)cc1,99.57949,-327.75403
VS_set_NR3C2_04730,COc1ccc(C#N)cc1-c1ccc(CNS(=O)(=O)c2c(C)noc2C)cc1,Cc1noc(c1S(=O)(=O)Nc2ccc(cc2)Nc3c(cccc3C)C)C,B28R3.1905209720,371.455,184570368,CHEMBL3086014,NR3C2,emolecules,VS_set_NR3C2_04730,7.4934883,0.15589016829052257,0.14442413162705667,0.1526643191659645,1.5266431916596452,0,4.452680000000003,0,400,Cc1noc(C)c1S(=O)(=O)NCc1ccc(-c2ccccc2)s1,115.85737,-330.69412
VS_set_NR3C2_04731,COc1ccc(C#N)cc1-c1ccc(CNS(=O)(=O)c2c(C)noc2C)cc1,Cc1noc(c1S(=O)(=O)Nc2ccc(cc2)Nc3cccc(c3)C#N)C,B28R3.162033727,368.411,184581163,CHEMBL3086014,NR3C2,emolecules,VS_set_NR3C2_04731,7.2362633,0.18229623137598597,0.16047144152311876,0.1721040795314362,1.721040795314362,0,3.7075200000000024,0,397,Cc1noc(C)c1S(=O)(=O)NCc1ccc(-c2cccc(NS(C)(=O)=O)c2)cc1,96.38811,-339.16434
VS_set_NR3C2_04738,COc1ccc(C#N)cc1-c1ccc(CNS(=O)(=O)c2c(C)noc2C)cc1,CCc1cccc(c1Nc2ccc(cc2)NS(=O)(=O)c3c(noc3C)C)C,B29R3.5800614402,385.482,184570887,CHEMBL3086014,NR3C2,emolecules,VS_set_NR3C2_04738,7.021121,0.13327370304114491,0.1301989150090416,0.1321546557996814,1.321546557996814,0,4.706660000000003,0,400,Cc1noc(C)c1S(=O)(=O)NCc1ccc(-c2ccccc2)s1,127.48558,-331.85962
VS_set_NR3C2_04768,COc1ccc(C#N)cc1-c1ccc(CNS(=O)(=O)c2c(C)noc2C)cc1,Cc1n[nH]c(c1S(=O)(=O)Nc2ccc(cc2)Nc3ccc(cc3)C#N)C,B28R3.32584032,367.427,184581457,CHEMBL3086014,NR3C2,emolecules,VS_set_NR3C2_04768,7.1392646,0.2052863436123348,0.20194862710363154,0.203649309415913,2.03649309415913,0,3.4426200000000016,0,418,Cc1cc(C)c(S(=O)(=O)NC(Cc2c[nH]c3ccc(C#N)cc23)C(F)(F)F)c(C)c1,89.909454,-316.54617
VS_set_NR3C2_04771,COc1ccc(C#N)cc1-c1ccc(CNS(=O)(=O)c2c(C)noc2C)cc1,Cc1noc(c1S(=O)(=O)Nc2ccc(cc2)Nc3cccc(c3C)C)C,B28R3.230420091,371.455,184570458,CHEMBL3086014,NR3C2,emolecules,VS_set_NR3C2_04771,7.504936,0.1495076096687556,0.14448336252189142,0.14786178394420102,1.4786178394420102,0,4.4526800000000035,0,831,CC(c1ccc(F)cc1F)(c1c[nH]c2c(NS(C)(=O)=O)cccc12)C1CC1,112.749535,-342.4865
VS_set_NR3C2_04772,COc1ccc(C#N)cc1-c1ccc(CNS(=O)(=O)c2c(C)noc2C)cc1,Cc1noc(c1S(=O)(=O)Nc2ccc(cc2)Nc3cccc(c3C)Cl)C,B28R3.230420091,391.874,184572292,CHEMBL3086014,NR3C2,emolecules,VS_set_NR3C2_04772,7.3449736,0.1443478260869565,0.13847502191060473,0.14265346936641965,1.4265346936641965,0,4.797660000000003,0,831,CC(c1ccc(F)cc1F)(c1c[nH]c2c(NS(C)(=O)=O)cccc12)C1CC1,123.73849,-347.66882
VS_set_NR3C2_04909,N#Cc1cc(-c2ccc3c(c2)NC(=O)CO3)n(-c2ccc(F)cc2)n1,Fc1ccc(cc1)NC(=O)/C(=C/c2ccc(c(c2)Br)OCC=C)/C#N,B26R2.103872,401.229,46408773,CHEMBL1929029,NR3C2,emolecules,VS_set_NR3C2_04909,7.2605977,0.18949181739879414,0.1851528384279476,0.18753498084901235,1.8753498084901234,0,4.698680000000002,0,358,CC(c1ccccc1)N1C(=O)OC(Cc2ccccc2)(C(=O)Nc2ccc(F)cc2)C1=O,134.96487,187.71927
VS_set_NR3C2_04982,O=C1COc2ccc(C(=O)N3CCCc4ccccc43)cc2N1,O=C(NCCCc1ccccc1)c2cccc3c2OCC(=O)N3,B25R3.2521445,310.348,180493288,CHEMBL4580706;CHEMBL4580706,NR3C2,emolecules,VS_set_NR3C2_04982,7.025064,0.10475352112676056,0.10159010600706714,0.10327741697439055,1.0327741697439055,0,2.3800999999999997,0,743,O=C1COc2ccc(C(=O)N3CCCc4ccccc43)cc2N1,-91.10903,-160.13216
VS_set_NR3C2_05035,CS(=O)(=O)Nc1cccc2c(-c3cccc(Cl)c3)c[nH]c12,Cc1cccc(c1)C=CC(=O)c2ccccc2NS(=O)(=O)C,B23R2.7972323,315.389,300744760,CHEMBL3605932,NR3C2,emolecules,VS_set_NR3C2_05035,7.184709,0.15445719329214475,0.14804964539007093,0.15142048357095375,1.5142048357095375,0,3.262620000000001,0,831,CC(c1ccc(F)cc1F)(c1c[nH]c2c(NS(C)(=O)=O)cccc12)C1CC1,-140.51555,20.450674
VS_set_NR3C2_05036,CS(=O)(=O)Nc1cccc2c(-c3cccc(Cl)c3)c[nH]c12,Cc1c(cccc1C(=O)Nc2cccc(c2)Cl)NS(=O)(=O)C,B23R2.7982018,338.811,13333659,CHEMBL3605932,NR3C2,emolecules,VS_set_NR3C2_05036,7.0969787,0.13197519929140833,0.12836624775583483,0.1304039151957228,1.304039151957228,0,3.272220000000001,0,657,CCC(CC)(c1ccc(Cl)cc1)n1ncc2c(NS(C)(=O)=O)cccc21,-265.961,87.18377
VS_set_NR3C2_05059,CS(=O)(=O)Nc1cccc2c(-c3cccc(Cl)c3)c[nH]c12,CS(=O)(=O)c1cccc(c1)C(N)c2ccccc2,B19R2.21019,261.341,36910921,CHEMBL3605932,NR3C2,emolecules,VS_set_NR3C2_05059,7.0157533,0.23903312444046554,0.22540250447227192,0.2364284044921893,2.364284044921893,1,2.1382000000000003,0,364,CC(c1ccccc1)N1C(=O)OC(Cc2ccccc2)(C(=O)NCc2cccc(S(C)(=O)=O)c2)C1=O,-201.34091,139.50815
VS_set_NR3C2_05221,N#CCC1CN(c2ccc3c(n2)NC(=O)CO3)C(c2ccccc2)CO1,CCC(C)N(C(=O)c1cccnc1)c2ccc3c(c2)N(C(=O)CO3)C,B27R3.5866775,339.389,323064356,CHEMBL4100538;CHEMBL4100538,NR3C2,emolecules,VS_set_NR3C2_05221,7.158574,0.10918544194107452,0.10548885077186965,0.10796977635038167,1.0796977635038167,1,2.882100000000001,0,808,CC(C)Cc1cc2c(cc1Cl)OCC(CC(N)=O)N2C(=O)c1ccc2c(c1)NC(=O)CO2,-212.28322,-210.12651
VS_set_NR3C2_05269,Cc1cc(F)ccc1C1=C(c2ccc3c(c2)NC(=O)CO3)COC1=O,Nc1cc(ccc1C(=O)OCC(=O)c2ccc3c(c2)NC(=O)CO3)Cl,B27R3.136763920,360.749,43765906,CHEMBL2419304,NR3C2,emolecules,VS_set_NR3C2_05269,7.0538297,0.11821366024518389,0.10934744268077601,0.11441805263064922,1.1441805263064921,0,2.2927999999999997,0,806,NC(=O)CC1COc2cc(Cl)ccc2N1C(=O)c1ccc2c(c1)NC(=O)CO2,-5.1512213,-342.86487
VS_set_NR3C2_05476,O=C(O)c1ccc(N2N=C(c3ccc4[nH]c(=O)oc4c3)CC2c5ccc(F)cc5)cc1,COc1cccc(c1)C2=NN(C(C2)c3ccc(cc3)F)c4ccc(cc4)S(=O)(=O)N,B33R4.2707981,425.478,5512536,CHEMBL1215757,NR3C2,emolecules,VS_set_NR3C2_05476,7.0966167,0.07610619469026549,0.05565529622980251,0.06976996711916368,0.6976996711916368,1,3.8374000000000024,0,212,COc1ccc(N2N=C(c3ccc(C(=O)O)cc3)CC2c2ccc(F)cc2)cc1,-115.8542,-40.333527
VS_set_NR3C2_05483,O=C(O)c1ccc(N2N=C(c3ccc4[nH]c(=O)oc4c3)CC2c5ccc(F)cc5)cc1,COc1cccc(c1)C2=NN(C(C2)c3ccc(cc3)Br)c4ccc(cc4)S(=O)(=O)N,B33R4.2707981,486.383,50428149,CHEMBL1215757,NR3C2,emolecules,VS_set_NR3C2_05483,7.1454663,0.08795074758135445,0.06951871657754011,0.081373929080194,0.8137392908019401,1,4.460800000000003,0,212,COc1ccc(N2N=C(c3ccc(C(=O)O)cc3)CC2c2ccc(F)cc2)cc1,-107.3558,-53.91508
VS_set_NR3C2_05487,O=C(O)c1ccc(N2N=C(c3ccc4[nH]c(=O)oc4c3)CC2c5ccc(F)cc5)cc1,COc1ccc(cc1)C2=NN(C(C2)c3ccc(cc3)F)c4ccc(cc4)S(=O)(=O)N,B33R4.129186,425.478,7685640,CHEMBL1215757,NR3C2,emolecules,VS_set_NR3C2_05487,7.004829,0.06881143878462913,0.03905540417801998,0.060226105504753345,0.6022610550475335,1,3.8374000000000024,0,212,COc1ccc(N2N=C(c3ccc(C(=O)O)cc3)CC2c2ccc(F)cc2)cc1,-106.002396,-26.969332
VS_set_NR3C2_05507,O=C(O)c1ccc(N2N=C(c3ccc4[nH]c(=O)oc4c3)CC2c5ccc(F)cc5)cc1,[O-][N+](=O)c1ccc(cc1)n2nc(cc2c3ccc(cc3)F)C(=O)Nc4ccc5nc[nH]c5c4,B37R5.6443998,442.403,322474677,CHEMBL1215757,NR3C2,emolecules,VS_set_NR3C2_05507,7.027884,0.11643835616438356,0.109375,0.11342499681194658,1.1342499681194658,0,4.715200000000002,0,316,O=C1COc2ccc(-c3cc(CO)nn3-c3ccc(F)cc3)cc2N1,-15.507372,80.40952
VS_set_NR3C2_05581,CCC1CNc2cc3oc(=O)cc(C(F)(F)F)c3cc2C1CC,CCOC(=O)Cc1ccc2c(cccc2c1)C(F)(F)F,B21R2.433,282.258,53989349,CHEMBL2112310,NR3C2,emolecules,VS_set_NR3C2_05581,7.0143414,0.31503150315031503,0.3107497741644083,0.31296113706546924,3.1296113706546924,0,3.9642000000000026,0,439,CCC(Cc1cccc2ccccc12)NS(=O)(=O)c1c(C)cc(C)cc1C,77.850586,157.27303
VS_set_NR3C2_05644,COC(=O)C1=C(C(C)C)NC(C)=C(C#N)C1c1ccccc1Cl,CC1=C(C(C2=C(N1)CCCC2=O)c3ccc(cc3Cl)Cl)C#N,B24R3.2163058,333.212,1255644,CHEMBL1215407,NR3C2,emolecules,VS_set_NR3C2_05644,7.0872216,0.0933572710951526,0.0854853072128228,0.09000385035477745,0.9000385035477746,1,4.484880000000003,0,200,CCCC1=C(C(=O)OC)C(c2ccc(F)cc2Cl)C(C#N)=C(C)N1,153.73178,7.969253
VS_set_NR3C2_05648,COC(=O)C1=C(C(C)C)NC(C)=C(C#N)C1c1ccccc1Cl,CC1=C(C(C2=C(N1)CC(CC2=O)(C)C)c3ccc(cc3Cl)Cl)C#N,B26R3.103479856,361.266,627929,CHEMBL1215407,NR3C2,emolecules,VS_set_NR3C2_05648,7.062972,0.09591474245115453,0.09308510638297872,0.0946381946155154,0.946381946155154,1,5.120980000000003,1,200,CCCC1=C(C(=O)OC)C(c2ccc(F)cc2Cl)C(C#N)=C(C)N1,171.14445,4.035912
VS_set_NR3C2_05649,COC(=O)C1=C(C(C)C)NC(C)=C(C#N)C1c1ccccc1Cl,CC1=C(C(C2=C(N1)CC(CC2=O)(C)C)c3cccc(c3Cl)Cl)C#N,B26R3.103479863,361.266,659905,CHEMBL1215407,NR3C2,emolecules,VS_set_NR3C2_05649,7.123222,0.09615384615384616,0.0913884007029877,0.09353005845487042,0.9353005845487042,1,5.120980000000003,1,620,CC1=C(C#N)C(c2cccc3c(=O)cc(C)oc23)C(C(=O)OC(C)C)=C(C)N1,169.26764,-11.938905
VS_set_NR3C2_05658,COC(=O)C1=C(C(C)C)NC(C)=C(C#N)C1c1ccccc1Cl,CCC1=C(C(C(=C(O1)N)C#N)c2ccc(cc2Cl)Cl)C(=O)OC,B24R2.13585736,353.2,3753307,CHEMBL1215407,NR3C2,emolecules,VS_set_NR3C2_05658,7.1614347,0.09712230215827339,0.08920606601248884,0.09495883070545293,0.9495883070545292,1,3.638180000000002,0,200,CCCC1=C(C(=O)OC)C(c2ccc(F)cc2Cl)C(C#N)=C(C)N1,169.04498,70.89628
VS_set_NR3C2_05688,COC(=O)C1=C(C(C)C)NC(C)=C(C#N)C1c1ccccc1Cl,CCOC(=O)C1=C(OC(=C(C1c2ccccc2Cl)C#N)N)C,B23R2.10268743,318.755,1326718,CHEMBL1215407,NR3C2,emolecules,VS_set_NR3C2_05688,7.2003746,0.0975177304964539,0.06936936936936937,0.08493290580269461,0.8493290580269461,1,2.9847800000000007,0,196,CCOC(=O)C1=C(c2ccccc2)NC(C)=C(C#N)C1c1ccccc1Cl,176.62941,111.311195
VS_set_NR3C2_05690,COC(=O)C1=C(C(C)C)NC(C)=C(C#N)C1c1ccccc1Cl,COC(=O)C1=C(OC(=C(C1c2ccc(cc2Cl)Cl)C#N)N)C,B23R2.27358857,339.174,4376588,CHEMBL1215407,NR3C2,emolecules,VS_set_NR3C2_05690,7.3125906,0.10215053763440861,0.09587813620071685,0.09946172892031795,0.9946172892031795,1,3.2480800000000016,0,200,CCCC1=C(C(=O)OC)C(c2ccc(F)cc2Cl)C(C#N)=C(C)N1,183.78535,79.5318
VS_set_NR3C2_05692,COC(=O)C1=C(C(C)C)NC(C)=C(C#N)C1c1ccccc1Cl,CCOC(=O)C1=C(OC(=C(C1c2cccc(c2Cl)Cl)C#N)N)CC,B25R2.570697331,367.227,1254574,CHEMBL1215407,NR3C2,emolecules,VS_set_NR3C2_05692,7.0945277,0.10175438596491228,0.08614564831261101,0.09574868190615146,0.9574868190615146,1,4.028280000000003,0,196,CCOC(=O)C1=C(c2ccccc2)NC(C)=C(C#N)C1c1ccccc1Cl,151.23672,94.29671
VS_set_NR3C2_05693,COC(=O)C1=C(C(C)C)NC(C)=C(C#N)C1c1ccccc1Cl,CCOC(=O)C1=C(OC(=C(C1c2ccc(cc2Cl)Cl)C#N)N)CC,B25R2.570697354,367.227,2345301,CHEMBL1215407,NR3C2,emolecules,VS_set_NR3C2_05693,7.3430123,0.1009657594381036,0.08599290780141844,0.0971523616225051,0.9715236162250509,1,4.028280000000003,0,197,CCOC(=O)C1=C(c2ccc(Cl)cc2)NC(C)=C(C#N)C1c1ccccc1Cl,159.92134,82.044174
VS_set_NR3C2_05706,COC(=O)C1=C(C(C)C)NC(C)=C(C#N)C1c1ccccc1Cl,COC(=O)C1=C(OC(=C(C1c2ccccc2C)C#N)N)C,B22R2.118722,284.31,1104090,CHEMBL1215407,NR3C2,emolecules,VS_set_NR3C2_05706,7.0666494,0.10286225402504472,0.09237668161434978,0.09790102696161387,0.9790102696161387,1,2.2497000000000007,0,193,COC(=O)C1=C(C(C)C)NC(C)=C(C#N)C1c1ccccc1Cl,200.50769,128.05469
VS_set_NR3C2_05721,CC1COc2cccnc2N1C(=O)c1ccc2c(c1)NC(=O)CO2,CCCOc1cccnc1NC(=O)Nc2ccc3c(c2)N(C(=O)CO3)C,B28R3.558459769,356.376,321962525,CHEMBL4446088,NR3C2,emolecules,VS_set_NR3C2_05721,7.113382,0.11642050390964379,0.11235955056179775,0.11498504720239688,1.1498504720239688,0,2.869600000000001,0,801,CNC(=O)CC1COc2ccccc2N1C(=O)c1ccc2c(c1)NC(=O)CO2,-195.6028,-174.2147
VS_set_NR3C2_05742,CC1COc2cccnc2N1C(=O)c1ccc2c(c1)NC(=O)CO2,CC(C)COc1cccnc1NC(=O)Nc2ccc3c(c2)N(C(=O)CO3)C,B29R3.38334244,370.403,321923879,CHEMBL4446088,NR3C2,emolecules,VS_set_NR3C2_05742,7.092769,0.11581676750216076,0.10585197934595525,0.11367145774730861,1.136714577473086,0,3.1156000000000015,0,790,CNC(=O)CC1COc2cc(F)c(CC(C)C)cc2N1C(=O)c1ccnc(NC(N)=O)c1,-196.66199,-186.24043
VS_set_NR3C2_05743,CC1COc2cccnc2N1C(=O)c1ccc2c(c1)NC(=O)CO2,CCCCOc1cccnc1NC(=O)Nc2ccc3c(c2)N(C(=O)CO3)C,B29R3.1091218509,370.403,321968152,CHEMBL4446088,NR3C2,emolecules,VS_set_NR3C2_05743,7.030912,0.11428571428571428,0.10948275862068965,0.11229752467908076,1.1229752467908076,0,3.2597000000000014,0,801,CNC(=O)CC1COc2ccccc2N1C(=O)c1ccc2c(c1)NC(=O)CO2,-185.20157,-180.99658
VS_set_NR3C2_05766,CC1COc2cccnc2N1C(=O)c1ccc2c(c1)NC(=O)CO2,CC1Cc2ccccc2N1C(=O)c3cccc4c3OCC(=O)N4,B26R4.9475710,308.332,180493555,CHEMBL4446088,NR3C2,emolecules,VS_set_NR3C2_05766,7.0912137,0.08172231985940245,0.057932263814616754,0.07457440159357163,0.7457440159357164,1,2.6089,0,773,CC1CCc2ccccc2N1C(=O)c1ccc2c(c1)NC(=O)CO2,-76.7482,-157.35957
VS_set_NR3C2_05802,CC(C)CC1COc2cc(F)ccc2N1C(=O)c1ccc2c(c1)NC(=O)CC2,CN(C)CCCOc1cccnc1NC(=O)c2ccc3cc[nH]c3c2,B27R3.35788419,338.404,321837277,CHEMBL4446086;CHEMBL4446086,NR3C2,emolecules,VS_set_NR3C2_05802,7.002297,0.1269296740994854,0.10471204188481675,0.12229468959725034,1.2229468959725034,0,3.1457000000000006,0,756,NS(=O)(=O)CC1COc2cc(F)ccc2N1C(=O)c1ccc2cc[nH]c2c1,-123.25016,205.78003
VS_set_NR3C2_05835,CC(C)CC1COc2cc(F)ccc2N1C(=O)c1ccc2c(c1)NC(=O)CC2,CN(C)CC1COc2ccccc2CN1C(=O)Cc3ccc4c(c3)OCCO4,B31R4.100089419,382.454,423876,CHEMBL4446086;CHEMBL4446086,NR3C2,emolecules,VS_set_NR3C2_05835,7.0089855,0.10521739130434783,0.09904430929626412,0.10328821706642277,1.0328821706642277,1,2.3517,0,801,CNC(=O)CC1COc2ccccc2N1C(=O)c1ccc2c(c1)NC(=O)CO2,-57.994236,19.624067
VS_set_NR3C2_05865,CC(C)CC1COc2cc(F)ccc2N1C(=O)c1ccc2c(c1)NC(=O)CC2,Cc1cccc(c1)CC(CNC(=O)c2ccc3c(c2)NC(=O)CO3)C(=O)O,B29R3.1476537452,368.384,57252424,CHEMBL4446086;CHEMBL4446086,NR3C2,emolecules,VS_set_NR3C2_05865,7.1648393,0.08556611927398444,0.07919930374238468,0.08266098549333037,0.8266098549333036,1,1.9992199999999998,0,802,CNC(=O)CC1COc2cc(C)ccc2N1C(=O)c1ccc2c(c1)NC(=O)CO2,-59.15215,-239.09526
VS_set_NR3C2_05954,O=C1COc2ccc(N3CCc4ccc(F)cc4CC3)cc2N1,Cc1ccccc1CC(=O)Nc2ccc3c(c2)NC(=O)CO3,B24R3.8808104,296.321,24124073,CHEMBL4081132,NR3C2,emolecules,VS_set_NR3C2_05954,7.2751436,0.11675579322638147,0.10749774164408311,0.11432190742123065,1.1432190742123065,0,2.5071199999999996,0,651,O=C1COc2ccc(N3CCc4ccc(F)cc4CC3)cc2N1,-142.64157,-342.60138
VS_set_NR3C2_05957,O=C1COc2ccc(N3CCc4ccc(F)cc4CC3)cc2N1,COc1ccccc1CC(=O)Nc2ccc3c(c2)NC(=O)CO3,B25R3.7390031,312.321,180789897,CHEMBL4081132,NR3C2,emolecules,VS_set_NR3C2_05957,7.472966,0.112565445026178,0.10711150131694469,0.110267965083926,1.10267965083926,0,2.2073,0,801,CNC(=O)CC1COc2ccccc2N1C(=O)c1ccc2c(c1)NC(=O)CO2,-130.35599,-330.67508
VS_set_NR3C2_05975,O=C1COc2ccc(N3CCc4ccc(F)cc4CC3)cc2N1,CC1Oc2cc(ccc2C1NCc3ccc4c(c3)NC(=O)CO4)F,B27R4.223516969,328.338,98717919,CHEMBL4081132,NR3C2,emolecules,VS_set_NR3C2_05975,7.1839356,0.07180385288966724,0.06619593998234775,0.0703969255102042,0.703969255102042,2,2.7684000000000006,0,772,CC1CCc2ccccc2N1S(=O)(=O)c1ccc2c(c1)NC(=O)CO2,-50.628033,-210.01352
VS_set_NR3C2_05979,O=C1COc2ccc(N3CCc4ccc(F)cc4CC3)cc2N1,Cc1ccccc1CCC(=O)Nc2ccc3c(c2)NC(=O)CO3,B25R3.11107213,310.348,180789868,CHEMBL4081132,NR3C2,emolecules,VS_set_NR3C2_05979,7.0536804,0.1137357830271216,0.10615521855486174,0.1114498411963241,1.114498411963241,0,2.897220000000001,0,743,O=C1COc2ccc(C(=O)N3CCCc4ccccc43)cc2N1,-143.51274,-359.36362
VS_set_NR3C2_06009,O=C1COc2ccc(N3CCc4ccc(F)cc4CC3)cc2N1,COc1ccccc1CC(=O)Nc2ccc3c(c2)N(C(=O)CO3)C,B26R3.86029044,326.347,180790121,CHEMBL4081132,NR3C2,emolecules,VS_set_NR3C2_06009,7.4289694,0.12034632034632034,0.1132404181184669,0.11798329793211318,1.1798329793211317,0,2.2315999999999994,0,801,CNC(=O)CC1COc2ccccc2N1C(=O)c1ccc2c(c1)NC(=O)CO2,-182.35135,-227.50027
VS_set_NR3C2_06016,O=C1COc2ccc(N3CCc4ccc(F)cc4CC3)cc2N1,COc1ccccc1C(=O)Nc2ccc3c(c2)NC(=O)CO3,B24R3.5919878,298.294,10100572,CHEMBL4081132,NR3C2,emolecules,VS_set_NR3C2_06016,7.146308,0.12477718360071301,0.11428571428571428,0.12076057361351604,1.2076057361351604,0,2.2783999999999995,0,755,CC1CN(c2ccc3c(c2)NC(=O)CO3)C(c2ccccc2)CO1,-112.99478,-350.49286
VS_set_NR3C2_06019,O=C1COc2ccc(N3CCc4ccc(F)cc4CC3)cc2N1,COc1ccccc1CC(=O)Nc2ccc3c(c2)NC(=O)CCO3,B26R3.9899342,326.347,180790693,CHEMBL4081132,NR3C2,emolecules,VS_set_NR3C2_06019,7.061518,0.11877729257641921,0.11314186248912098,0.11755573625604494,1.1755573625604494,0,2.5974000000000004,0,801,CNC(=O)CC1COc2ccccc2N1C(=O)c1ccc2c(c1)NC(=O)CO2,-127.24063,-318.92365
VS_set_NR3C2_06100,Cc1cc(C)c(S(=O)(=O)NC(CSc2ccccc2)C(F)(F)F)c(C)c1,Cc1cc(c(c(c1)C)S(=O)(=O)N[C@@H]2[C@@H](Cc3c2cccc3)O)C,B25R3.46506374,331.431,227981948,CHEMBL3093460,NR3C2,emolecules,VS_set_NR3C2_06100,7.307611,0.08718861209964412,0.08258527827648116,0.08505763903550626,0.8505763903550625,2,2.5484600000000004,0,448,CCC(Cc1ccccc1C)NS(=O)(=O)c1c(C)cc(C)cc1C,14.457647,-79.49932
VS_set_NR3C2_06101,Cc1cc(C)c(S(=O)(=O)NC(CSc2ccccc2)C(F)(F)F)c(C)c1,Cc1cc(c(c(c1)C)S(=O)(=O)N[C@H]2[C@H](Cc3c2cccc3)O)C,B25R3.46506374,331.431,317503667,CHEMBL3093460,NR3C2,emolecules,VS_set_NR3C2_06101,7.307611,0.08718861209964412,0.08258527827648116,0.08505763903550626,0.8505763903550625,2,2.5484600000000004,0,448,CCC(Cc1ccccc1C)NS(=O)(=O)c1c(C)cc(C)cc1C,14.457647,-79.49932
VS_set_NR3C2_06247,Cc1ccccc1C(Cc1ccnc(NC(N)=O)c1)C1CC1,C[C@@H]1C[C@H](c2ccccc2O1)NCc3ccc4[nH]c(=O)[nH]c4c3,B26R4.2854427,309.363,318048257,CHEMBL3643675,NR3C2,emolecules,VS_set_NR3C2_06247,7.1352386,0.09288194444444445,0.08611599297012303,0.08977785331487391,0.8977785331487391,2,2.8581000000000003,0,106,COc1ccccc1C1CCN(c2[nH]c(=O)[nH]c(=O)c2Cc2ccccc2)CC1,-43.667694,7.4054365
VS_set_NR3C2_06249,Cc1ccccc1C(Cc1ccnc(NC(N)=O)c1)C1CC1,Cc1cccc(c1C)C2CCCN2c3cc(ncn3)C(=O)N,B24R3.2339715,296.368,318270350,CHEMBL3643675,NR3C2,emolecules,VS_set_NR3C2_06249,7.0773897,0.10218340611353711,0.09098939929328621,0.09795959546608989,0.9795959546608989,1,2.5338399999999996,0,598,NC(=O)Nc1cc(N2CCCC2c2ccc(F)cc2)ccn1,5.488817,36.260693
VS_set_NR3C2_06310,CC1Nc2cc3nc(O)cc(C(F)(F)F)c3cc2C1C,Cc1[nH]c2c(c1C)ccc3c2c(cc(=O)[nH]3)C(F)(F)F,B22R3.75217282,280.246,330319699,CHEMBL162569,NR3C2,emolecules,VS_set_NR3C2_06310,7.1323676,0.1675531914893617,0.1629364368845121,0.1649669756926421,1.649669756926421,0,3.6450400000000016,0,420,Cc1cc(C)c(S(=O)(=O)NC(Cc2c[nH]c3cc(C)ccc23)C(F)(F)F)c(C)c1,224.89017,-25.366684
VS_set_NR3C2_06317,CC1Nc2cc3nc(O)cc(C(F)(F)F)c3cc2C1C,COc1ccc2c(cc(nc2c1)S)C(F)(F)F,B18R2.19577,259.249,17135351,CHEMBL162569,NR3C2,emolecules,VS_set_NR3C2_06317,7.042034,0.25246195165622204,0.24438454627133874,0.24945606668044742,2.494560666804474,0,3.550900000000001,0,48,Oc1cc(C(F)(F)F)c2cc3c(cc2n1)NC1CCCCC31,-29.322517,216.20421
VS_set_NR3C2_06330,CC1Nc2cc3nc(O)cc(C(F)(F)F)c3cc2C1C,CCCOc1ccc2c(cc(=O)oc2c1C)C(F)(F)F,B21R2.5350559,286.247,2189366,CHEMBL162569,NR3C2,emolecules,VS_set_NR3C2_06330,7.2127995,0.1793041926851026,0.15336322869955157,0.17039741690680948,1.7039741690680947,0,3.9090200000000026,0,22,CCC1CNc2cc3oc(=O)cc(C(F)(F)F)c3cc2C1CC,264.79208,146.23729
VS_set_NR3C2_06342,CC1Nc2cc3nc(O)cc(C(F)(F)F)c3cc2C1C,CCC(C)Oc1ccc(c(c1)C(=O)O)C(F)(F)F,B18R1.56347,262.225,315587814,CHEMBL162569,NR3C2,emolecules,VS_set_NR3C2_06342,7.059409,0.22407732864674867,0.2176991150442478,0.22196183740639644,2.2196183740639643,1,3.5809000000000015,0,874,CCC(c1ccc(C(F)(F)F)cc1)(C(C)O)n1ncc2c(NS(C)(=O)=O)cc(F)cc21,-33.355247,101.925224
VS_set_NR3C2_06371,CC1Nc2cc3nc(O)cc(C(F)(F)F)c3cc2C1C,CCOc1cc(c(cc1CC)C(F)(F)F)C(=O)C,B18R1.57406,260.253,317552247,CHEMBL162569,NR3C2,emolecules,VS_set_NR3C2_06371,7.4205494,0.2058303886925795,0.19856887298747763,0.203354469613848,2.03354469613848,0,3.869100000000003,0,838,CCC1c2cc3c(C(F)(F)F)cc(=O)oc3cc2NCC1C,110.53371,163.6774
VS_set_NR3C2_06373,CC1Nc2cc3nc(O)cc(C(F)(F)F)c3cc2C1C,Cc1[nH]c2cc3c(cc(=O)[nH]c3cc2c1C)C(F)(F)F,B22R3.264890386,280.246,330311519,CHEMBL162569,NR3C2,emolecules,VS_set_NR3C2_06373,7.111598,0.17976513098464317,0.17104072398190046,0.17614249364491102,1.7614249364491104,0,3.6450400000000016,0,47,CC1Nc2cc3nc(O)cc(C(F)(F)F)c3cc2C1C,217.78041,-36.4499
VS_set_NR3C2_06469,O=c1[nH]c2ccc(C=C3c4ccccc4COc5cc(F)ccc53)cc2[nH]1,CC(=O)Nc1ccc(cc1)C=C2c3ccccc3C(=O)c4c2cccc4,B29R4.260565381,339.387,54829510,CHEMBL3775714;CHEMBL3775714;CHEMBL3775714;CHEMBL3775714,NR3C2,emolecules,VS_set_NR3C2_06469,7.4137797,0.20212765957446807,0.1836734693877551,0.19856036304641922,1.9856036304641922,0,4.778300000000003,0,449,CS(=O)(=O)Nc1cccc(C=C2c3ccccc3CCc3ccccc32)c1,136.24684,-239.47632
VS_set_NR3C2_06500,O=c1[nH]c2ccc(C=C3c4ccccc4COc5cc(F)ccc53)cc2[nH]1,Cc1ccc\2c(c1)-c3c(cccc3)/C2=C/c4ccc5c(c4)OCO5,B28R5.142251,312.362,26295018,CHEMBL3775714;CHEMBL3775714;CHEMBL3775714;CHEMBL3775714,NR3C2,emolecules,VS_set_NR3C2_06500,8.11441,0.1682819383259912,0.15985790408525755,0.16610088852496696,1.6610088852496696,0,5.293020000000003,1,742,O=C1COc2ccc(C=C3c4ccccc4COc4cc(F)ccc43)cc2N1,108.11457,-236.54283
VS_set_NR3C2_06508,O=c1[nH]c2ccc(C=C3c4ccccc4COc5cc(F)ccc53)cc2[nH]1,Fc1ccccc1COc2ncccc2C(=O)Nc3ccc4c(c3)CC(=O)N4,B31R4.62952142,377.369,76016194,CHEMBL3775714;CHEMBL3775714;CHEMBL3775714;CHEMBL3775714,NR3C2,emolecules,VS_set_NR3C2_06508,7.1155853,0.10831889081455806,0.10499139414802065,0.10661904144966654,1.0661904144966654,0,3.5466000000000015,0,801,CNC(=O)CC1COc2ccccc2N1C(=O)c1ccc2c(c1)NC(=O)CO2,-124.46452,-138.23343
VS_set_NR3C2_06519,O=c1[nH]c2ccc(C=C3c4ccccc4COc5cc(F)ccc53)cc2[nH]1,CN(C)c1ccc(cc1)C=C2c3ccccc3CCc4c2cccc4,B28R4.37097947,325.447,49843285,CHEMBL3775714;CHEMBL3775714;CHEMBL3775714;CHEMBL3775714,NR3C2,emolecules,VS_set_NR3C2_06519,7.6895075,0.1708185053380783,0.09596928982725528,0.15825205806387072,1.582520580638707,0,5.4401000000000055,1,449,CS(=O)(=O)Nc1cccc(C=C2c3ccccc3CCc3ccccc32)c1,168.61047,-256.70517
VS_set_NR3C2_06520,O=c1[nH]c2ccc(C=C3c4ccccc4COc5cc(F)ccc53)cc2[nH]1,CN(C)c1cccc(c1)C=C2c3ccccc3CCc4c2cccc4,B28R4.37273194,325.447,49843283,CHEMBL3775714;CHEMBL3775714;CHEMBL3775714;CHEMBL3775714,NR3C2,emolecules,VS_set_NR3C2_06520,7.7950516,0.1551270815074496,0.08301526717557252,0.14200238755189581,1.420023875518958,0,5.4401000000000055,1,449,CS(=O)(=O)Nc1cccc(C=C2c3ccccc3CCc3ccccc32)c1,181.67839,-246.142
VS_set_NR3C2_06521,O=c1[nH]c2ccc(C=C3c4ccccc4COc5cc(F)ccc53)cc2[nH]1,O=C1c2ccccc2C(=Cc3ccc4c(c3)OCO4)c5c1cccc5,B29R5.855523965,326.346,13172517,CHEMBL3775714;CHEMBL3775714;CHEMBL3775714;CHEMBL3775714,NR3C2,emolecules,VS_set_NR3C2_06521,7.900218,0.18076580587711488,0.16696588868940754,0.17614825929575464,1.7614825929575464,0,4.548600000000003,0,742,O=C1COc2ccc(C=C3c4ccccc4COc4cc(F)ccc43)cc2N1,118.39792,-237.15431
VS_set_NR3C2_06555,Cc1cc(C)c(S(=O)(=O)NC(Cn2ccc3c(C#N)cccc32)C(F)(F)F)c(C)c1,CC1=CC(=CC(=C1S(=O)(=O)NC(CO)CC2=CNC3=CC=CC=C23)C)F,B28R3.677704003,376.447,Z1966746164,CHEMBL3093457,NR3C2,enamine,VS_set_NR3C2_06555,7.06345,0.07130124777183601,0.049818840579710144,0.06582209720679023,0.6582209720679023,1,2.805740000000001,0,732,Cc1cc(C)c(S(=O)(=O)NC(C)Cc2c[nH]c3ccccc23)c(C)c1,9.622942,-139.70293
VS_set_NR3C2_06755,Cc1cc(-c2cccc3cc[nH]c23)c(Cl)c4c1NC(C)(C)CC4C,CC1=CC(=CC2=C1NCCC2)C3=CC=CC4=C3NN=C4,B23R4.22297570,263.338,PV-008798314420,CHEMBL258191,NR3C2,enamine,VS_set_NR3C2_06755,7.1747584,0.10664335664335664,0.09700176366843033,0.10315505028840743,1.0315505028840743,0,3.8964200000000018,0,154,Cc1cc(-c2cccc3cc[nH]c23)c(Cl)c2c1NC(C)(C)CC2C,118.130684,-49.817093
VS_set_NR3C2_06771,Cc1cc(-c2cccc3cc[nH]c23)c(Cl)c4c1NC(C)(C)CC4C,CCOC(=O)C1=CC(=CC(=C1N)C)C2=CC=CC3=C2NC=C3,B24R3.440292800,294.348,PV-008450596620,CHEMBL258191,NR3C2,enamine,VS_set_NR3C2_06771,7.026091,0.13828867761452032,0.12035398230088495,0.13131416299582924,1.3131416299582923,0,3.9022200000000016,0,265,Cc1cc(-c2cccc3cc[nH]c23)c(Cl)c2c1NC(C)(C)C(O)C2(C)C,45.433743,189.60481
VS_set_NR3C2_06811,Cc1cc(-c2cccc3cc[nH]c23)c(Cl)c4c1NC(C)(C)CC4C,CC1(CC2=CC=C(C=C2C1N)C3=CC=CC4=C3NN=C4)C,B24R4.65287315,277.364,Z2722989714,CHEMBL258191,NR3C2,enamine,VS_set_NR3C2_06811,7.323092,0.12010443864229765,0.11345646437994723,0.11621442613679986,1.1621442613679986,1,3.812000000000002,0,154,Cc1cc(-c2cccc3cc[nH]c23)c(Cl)c2c1NC(C)(C)CC2C,133.24509,-44.34983
VS_set_NR3C2_06822,Cc1cc(-c2cccc3cc[nH]c23)c(Cl)c4c1NC(C)(C)CC4C,CCOC(=O)C1=CC(=CC=C1N)C2=CC=CC3=C2NC=C3,B23R3.1081218,280.322,PV-008317129425,CHEMBL258191,NR3C2,enamine,VS_set_NR3C2_06822,7.0164504,0.1486013986013986,0.12931798051372898,0.14020576895838552,1.4020576895838552,0,3.5938000000000008,0,829,CC1c2c(cc(F)c(-c3cccc4cc[nH]c34)c2F)NC(C)(C)C1O,36.81067,195.36945
VS_set_NR3C2_06826,Cc1cc(-c2cccc3cc[nH]c23)c(Cl)c4c1NC(C)(C)CC4C,CCOC(=O)C1=CC(=CC(=C1N)C)C2=C3C(=CC=C2)C=CN3C,B25R3.1015590831,308.375,PV-007996875333,CHEMBL258191,NR3C2,enamine,VS_set_NR3C2_06826,7.6806507,0.12717770034843207,0.12171628721541156,0.1251277975502989,1.251277975502989,0,3.912620000000002,0,325,CCOC(=O)C1=C(C)NC(C)=C(C(C)=O)C1c1cccc2c(=O)cc(C)oc12,53.90151,182.30275
VS_set_NR3C2_06832,COc1ccc(C(c2ccccc2)c3c[nH]c4ccccc34)cc1,COC1=CC=C(C=C1)C(NC(=S)NC2=CC=CC=C2)C3=CC=CC=C3,B27R3.41228,348.463,Z64396662,CHEMBL1672540,NR3C2,enamine,VS_set_NR3C2_06832,7.1274166,0.18854625550660792,0.17699910152740342,0.1848062113555538,1.848062113555538,1,4.771200000000003,0,685,COC(=O)C(c1ccc(OC)cc1)n1ccc2c(NS(C)(=O)=O)cccc21,-318.90488,173.96916
VS_set_NR3C2_06860,COc1ccc(C(c2ccccc2)c3c[nH]c4ccccc34)cc1,COC1=CC=C(C=C1)C(NC(=S)NC2=CC=CC=C2)C3=CC=C(C=C3)F,B28R3.38061,366.454,Z821388746,CHEMBL1672540,NR3C2,enamine,VS_set_NR3C2_06860,7.106871,0.17375886524822695,0.16281138790035588,0.17034108785321045,1.7034108785321045,1,4.910300000000003,0,362,CC(c1ccc(F)cc1)N1C(=O)OC(Cc2ccccc2)(C(=O)Nc2ccccc2)C1=O,-332.19778,170.3953
VS_set_NR3C2_06863,COc1ccc(C(c2ccccc2)c3c[nH]c4ccccc34)cc1,COC1=CC=C(C=C1)C(NC(=S)NC2=CC=C(C=C2)F)C3=CC=CC=C3,B28R3.47402,366.454,Z64396673,CHEMBL1672540,NR3C2,enamine,VS_set_NR3C2_06863,7.145916,0.1759014951627089,0.1671111111111111,0.172948331729266,1.72948331729266,1,4.910300000000004,0,358,CC(c1ccccc1)N1C(=O)OC(Cc2ccccc2)(C(=O)Nc2ccc(F)cc2)C1=O,-329.33517,183.41127
VS_set_NR3C2_06873,COc1ccc(C(c2ccccc2)c3c[nH]c4ccccc34)cc1,COC1=CC=C(C=C1)C(NC(=O)C2=CC=C(C=C2N)Cl)C3=CC=CC=C3,B28R3.47395,366.841,Z927453452,CHEMBL1672540,NR3C2,enamine,VS_set_NR3C2_06873,7.128384,0.16608084358523725,0.15891132572431957,0.16333868579046978,1.6333868579046977,1,4.450200000000002,0,334,COc1cc(CNC(=O)C2(Cc3ccccc3)OC(=O)N(C(C)c3ccc(Cl)cc3)C2=O)cc(OC)c1,-276.2208,179.65091
VS_set_NR3C2_06876,COc1ccc(C(c2ccccc2)c3c[nH]c4ccccc34)cc1,COC1=CC=C(C=C1)C(NC(=O)C2=CC=CC(=C2N)C)C3=CC=CC=C3,B28R3.47514,346.423,Z136867380,CHEMBL1672540,NR3C2,enamine,VS_set_NR3C2_06876,7.0509553,0.1731940818102698,0.16429840142095914,0.16995614445661428,1.6995614445661427,1,4.105220000000002,0,685,COC(=O)C(c1ccc(OC)cc1)n1ccc2c(NS(C)(=O)=O)cccc21,-272.60852,171.20009
VS_set_NR3C2_06880,COc1ccc(C(c2ccccc2)c3c[nH]c4ccccc34)cc1,COC1=CC=C(C=C1)C(NC(=S)NCC2=CC=CC=C2)C3=CC=CC=C3,B28R3.58325,362.49,Z64396675,CHEMBL1672540,NR3C2,enamine,VS_set_NR3C2_06880,7.0408616,0.22663139329805995,0.21198568872987478,0.22146029084323673,2.2146029084323673,1,4.448900000000003,0,371,COc1ccc(CNC(=O)C2(Cc3ccccc3)OC(=O)N(C(C)c3ccccc3)C2=O)cc1,-310.27808,190.67206
VS_set_NR3C2_06916,NC(=O)Nc1cc(CCc2ccccc2F)ccn1,CC1=CC=CC(=C1F)CNCC2=CC=NC(=C2)C(=O)N,B21R2.102489,273.306,PV-007434072732,CHEMBL3643685,NR3C2,enamine,VS_set_NR3C2_06916,7.0436215,0.19337979094076654,0.18327402135231316,0.19080028340199792,1.9080028340199793,0,1.9178199999999999,0,577,Cc1ccccc1C(Cc1ccnc(NC(N)=O)c1)C1CC1,-7.402924,185.62656
VS_set_NR3C2_06917,NC(=O)Nc1cc(CCc2ccccc2F)ccn1,NC(=O)C1=CC(=CC=N1)CNCC2=C(C(=CC=C2)O)F,B21R2.102489,275.279,PV-007476535606,CHEMBL3643685,NR3C2,enamine,VS_set_NR3C2_06917,7.1043396,0.16272965879265092,0.15649867374005305,0.1603352351104385,1.6033523511043852,0,1.315,0,554,NC(=O)Nc1cc(-c2cc(C(F)(F)F)nn2C2CCCC2)ccn1,-7.423368,176.1729
VS_set_NR3C2_07061,COc1cccc2c1-c1ccc(NS(C)(=O)=O)cc1C(c1cccc(Cl)c1)O2,CCOC1=CC=CC(=C1)NC(C2=CC=CC(=C2)S(=O)(=O)C)C3=CC(=CC=C3F)F,B31R3.694045155,417.471,Z1621037304,CHEMBL65695,NR3C2,enamine,VS_set_NR3C2_07061,7.097122,0.11830742659758203,0.11217391304347826,0.11645381682658476,1.1645381682658476,1,4.968500000000003,0,831,CC(c1ccc(F)cc1F)(c1c[nH]c2c(NS(C)(=O)=O)cccc12)C1CC1,-184.38045,130.80913
VS_set_NR3C2_07084,COc1cccc2c1-c1ccc(NS(C)(=O)=O)cc1C(c1cccc(Cl)c1)O2,CCOC1=CC=CC(=N1)NC(C2=CC=CC(=C2)S(=O)(=O)C)C3=CC(=CC=C3F)F,B31R3.694045155,418.459,Z1621141777,CHEMBL65695,NR3C2,enamine,VS_set_NR3C2_07084,7.0164695,0.10813148788927336,0.10165073848827107,0.10514575746033739,1.0514575746033739,1,4.363500000000003,0,831,CC(c1ccc(F)cc1F)(c1c[nH]c2c(NS(C)(=O)=O)cccc12)C1CC1,-184.52641,119.0189
VS_set_NR3C2_07090,COc1cccc2c1-c1ccc(NS(C)(=O)=O)cc1C(c1cccc(Cl)c1)O2,CC1=CC=NC(=C1)NC(C2=CC=CC(=C2)S(=O)(=O)C)C3=CC(=CC=C3F)F,B29R3.1476531201,388.433,Z1416473021,CHEMBL65695,NR3C2,enamine,VS_set_NR3C2_07090,7.030801,0.11836379460400348,0.10754553339115351,0.11508589980378618,1.1508589980378618,1,4.273220000000004,0,617,Cc1c(C(=O)Nc2ccc(S(C)(=O)=O)cc2)cc(C(C)C(C)O)n1-c1ccc(F)cc1C(F)(F)F,-196.36508,122.636375
VS_set_NR3C2_07097,COc1cccc2c1-c1ccc(NS(C)(=O)=O)cc1C(c1cccc(Cl)c1)O2,COC1=CC=CC(=N1)CNC(C2=CC=CC(=C2)S(=O)(=O)C)C3=CC(=CC=C3F)F,B31R3.1735034642,418.459,Z1620527631,CHEMBL65695,NR3C2,enamine,VS_set_NR3C2_07097,7.0876207,0.11236933797909408,0.10540069686411149,0.11041685065768185,1.1041685065768185,1,3.6511000000000022,0,85,COc1ccc(F)cc1C(C)(C)CC(O)(Cn1cc(C)nc1C)C(F)(F)F,-190.97356,108.774025
VS_set_NR3C2_07184,CC1(C)OC(=O)Nc2ccc(-c3csc(C#N)c3)cc21,CC1(OCC2=CC=C(C=C2O1)C3=CSC(=C3)C#N)C,B21R3.60625,271.336,Z5189034599,CHEMBL139749,NR3C2,enamine,VS_set_NR3C2_07184,7.0317683,0.15658362989323843,0.14298480786416443,0.15009807019196736,1.5009807019196735,0,3.931880000000003,0,34,Cc1cc(C#N)sc1-c1ccc2c(c1)C(C)CC(C)(C)N2,129.60414,-83.91619
VS_set_NR3C2_07359,CC(=O)C1=C(C)NC(C)=C(C(=O)OC(C)C)C1c1cccc2c(=O)cc(C)oc12,COC1=CC=CC(=C1OC(C)C)C2NC(=S)NC(=C2C(=O)OC(C)C)C,B27R2.1269596959,378.488,Z234230198,CHEMBL4102462,NR3C2,enamine,VS_set_NR3C2_07359,7.042735,0.10017730496453901,0.0794351279788173,0.091885104801509,0.9188510480150899,1,3.2268000000000017,0,620,CC1=C(C#N)C(c2cccc3c(=O)cc(C)oc23)C(C(=O)OC(C)C)=C(C)N1,67.2632,64.39305
VS_set_NR3C2_07375,CCOc1ncc(C)c2c1C(c1ccc(C#N)cc1OC)C(C#N)=C(C)N2,CCOC1=CC=CC(=C1)NC(=S)NCC2=CC=C(C=C2OC)C#N,B25R2.120051258,341.429,PV-006491923147,CHEMBL4096901,NR3C2,enamine,VS_set_NR3C2_07375,7.282114,0.16303400174367916,0.13932980599647266,0.15634661931085594,1.5634661931085594,0,3.452180000000001,0,830,CCOc1nccc2c1C(c1ccc(C#N)cc1OC)C(C#N)=C(C)N2,41.50439,149.63176
VS_set_NR3C2_07441,CC(C)(CC(O)(CC1CCCCC1)C(=O)Nc1ccc2c(c1)COC2=O)c1ccccc1,O=C1CCC2=CC(=CC=C12)NC(=O)N(CC3=CC=CC=C3)CC4CCOCC4,B31R4.48193866,378.465,Z2295470212,CHEMBL363137,NR3C2,enamine,VS_set_NR3C2_07441,7.4014397,0.1056768558951965,0.09544658493870403,0.10391956033649541,1.039195603364954,0,4.276200000000004,0,76,CC(C)(CC(O)(Cc1ccccc1)C(=O)Nc1ccc2c(c1)COC2=O)c1ccccc1,-113.64257,102.74653
VS_set_NR3C2_07446,CC(C)(CC(O)(CC1CCCCC1)C(=O)Nc1ccc2c(c1)COC2=O)c1ccccc1,CC1=CC(=CC=C1C(=O)N)NC(=O)[C@@H]2C[C@@H]3CCCC[C@@H]3N2C(=O)C4=CC=CC=C4,B33R4.226211087,405.49,PV-002177567075,CHEMBL363137,NR3C2,enamine,VS_set_NR3C2_07446,7.346137,0.10318142734307825,0.09090909090909091,0.10017943011693839,1.001794301169384,3,3.5059200000000024,0,496,COc1nc(C2=NN(c3ccc(C#N)c(C)c3)C(C3CCCC3)C2)ccc1C(N)=O,-11.272406,5.396855
VS_set_NR3C2_07449,CC(C)(CC(O)(CC1CCCCC1)C(=O)Nc1ccc2c(c1)COC2=O)c1ccccc1,O=C1CCC2=CC(=CC=C12)NC(=O)N(CC3=CC=CC=N3)CC4CCOCC4,B31R4.48193866,379.453,Z5024941297,CHEMBL363137,NR3C2,enamine,VS_set_NR3C2_07449,7.0429053,0.10643776824034334,0.10060711188204684,0.10424885505155261,1.0424885505155261,0,3.6712000000000025,0,76,CC(C)(CC(O)(Cc1ccccc1)C(=O)Nc1ccc2c(c1)COC2=O)c1ccccc1,-106.73038,109.22094
VS_set_NR3C2_07464,CC(C)(CC(O)(CC1CCCCC1)C(=O)Nc1ccc2c(c1)COC2=O)c1ccccc1,O=C(NC1=CC=C2NN=CC2=C1)[C@@H]3C[C@@H]4CCCC[C@@H]4N3C(=O)C5=CC=CC=C5,B33R5.78802922,388.463,PV-002310865025,CHEMBL363137,NR3C2,enamine,VS_set_NR3C2_07464,7.1591024,0.10311958405545928,0.0976460331299041,0.10134293157479764,1.0134293157479763,3,3.9749000000000034,0,48,Oc1cc(C(F)(F)F)c2cc3c(cc2n1)NC1CCCCC31,-19.134436,0.55942845
VS_set_NR3C2_07503,Cc1noc(C)c1S(=O)(=O)NCc1ccc(-c2cccnc2)cc1,CC1=NOC(=C1S(=O)(=O)NC2=CC=C(C=C2)C3=CN=CN=C3)C,B25R3.2023512,330.363,Z1224920559,CHEMBL3086017,NR3C2,enamine,VS_set_NR3C2_07503,7.1029572,0.18458781362007168,0.1451310861423221,0.165739811826589,1.6573981182658901,0,2.54924,0,396,Cc1noc(C)c1S(=O)(=O)NCc1ccc(-c2cccnc2)cc1,102.14108,-357.35364
VS_set_NR3C2_07803,COC(=O)C(c1ccc(F)cc1Cl)n1ccc2ccccc21,COC(=O)C(C1=CC=C(C=C1C)F)N2CCC3=CC=CC=C23,B24R3.3634940,299.34,PV-002834079840,CHEMBL4777887,NR3C2,enamine,VS_set_NR3C2_07803,7.0465364,0.09595070422535211,0.08443271767810026,0.09186318831113546,0.9186318831113547,1,3.4109200000000026,0,90,COc1ccc(F)cc1C(C)(C)CC(O)(CN1CCCc2ccccc21)C(F)(F)F,-47.002697,75.00665
VS_set_NR3C2_07813,COC(=O)C(c1ccc(F)cc1Cl)n1ccc2ccccc21,COC(=O)C(NCCC1=CC=CC=C1C)C2=CC=C(C=C2Cl)F,B24R2.20386844,335.801,PV-002758415099,CHEMBL4777887,NR3C2,enamine,VS_set_NR3C2_07813,7.0353465,0.10247349823321555,0.09219858156028368,0.09827842869849054,0.9827842869849055,1,3.8339200000000027,0,676,COC(=O)C(c1ccc(F)cc1Cl)n1ccc2c(NC(=O)C(F)(F)F)cccc21,-73.293594,65.51958
VS_set_NR3C2_07821,COC(=O)C(c1ccc(F)cc1Cl)n1ccc2ccccc21,CCOC(=O)C(C1=CC=C(C=C1)F)N2CCC3=CC=CC=C23,B24R3.849765,299.34,PV-002883961068,CHEMBL4777887,NR3C2,enamine,VS_set_NR3C2_07821,7.036466,0.09781659388646288,0.0881057268722467,0.09373589313245326,0.9373589313245326,1,3.492600000000003,0,90,COc1ccc(F)cc1C(C)(C)CC(O)(CN1CCCc2ccccc21)C(F)(F)F,-39.386795,84.09946
VS_set_NR3C2_07825,COC(=O)C(c1ccc(F)cc1Cl)n1ccc2ccccc21,CC1=CC=CC2=C1CCN2C(C(=O)O)C3=CC=C(C=C3Cl)F,B24R3.2377402,319.758,PV-003726634929,CHEMBL4777887,NR3C2,enamine,VS_set_NR3C2_07825,7.0319233,0.09753954305799649,0.0855379188712522,0.09247778428452949,0.924777842845295,1,3.975920000000003,0,676,COC(=O)C(c1ccc(F)cc1Cl)n1ccc2c(NC(=O)C(F)(F)F)cccc21,-61.437725,74.69143
VS_set_NR3C2_07937,CC(c1ccc(F)cc1F)(c2c[nH]c3c(NS(C)(=O)=O)cccc23)C4CC4,CS(=O)(=O)NC1=CC=CC(=C1)C(=O)NC(C2=CC=C(C=C2F)F)C3CC3,B28R3.713147051,380.411,Z1275488456,CHEMBL235206;CHEMBL391231;CHEMBL391231;CHEMBL235206;CHEMBL391231;CHEMBL235206,NR3C2,enamine,VS_set_NR3C2_07937,7.3965034,0.09860383944153578,0.0853122251539138,0.09536628947189696,0.9536628947189696,1,3.2174000000000023,0,831,CC(c1ccc(F)cc1F)(c1c[nH]c2c(NS(C)(=O)=O)cccc12)C1CC1,-115.82758,9.04991
VS_set_NR3C2_07938,CC(c1ccc(F)cc1F)(c2c[nH]c3c(NS(C)(=O)=O)cccc23)C4CC4,CS(=O)(=O)NC1=CC=CC=C1C(=O)NC(C2=CC=C(C=C2F)F)C3CC3,B28R3.713147579,380.411,PV-008399564450,CHEMBL235206;CHEMBL391231;CHEMBL391231;CHEMBL235206;CHEMBL391231;CHEMBL235206,NR3C2,enamine,VS_set_NR3C2_07938,7.021368,0.09314586994727592,0.07009760425909495,0.08820064127632665,0.8820064127632665,1,3.2174000000000023,0,831,CC(c1ccc(F)cc1F)(c1c[nH]c2c(NS(C)(=O)=O)cccc12)C1CC1,-125.14713,21.002647
VS_set_NR3C2_07940,CC(c1ccc(F)cc1F)(c2c[nH]c3c(NS(C)(=O)=O)cccc23)C4CC4,CS(=O)(=O)NC1=CC=CC=C1CNC(=O)NC(C2=CC=C(C=C2F)F)C3CC3,B30R3.3802097672,409.452,Z1305489038,CHEMBL235206;CHEMBL391231;CHEMBL391231;CHEMBL235206;CHEMBL391231;CHEMBL235206,NR3C2,enamine,VS_set_NR3C2_07940,7.082482,0.09913043478260869,0.08516242317822652,0.0953208020377386,0.9532080203773861,1,3.286800000000002,0,831,CC(c1ccc(F)cc1F)(c1c[nH]c2c(NS(C)(=O)=O)cccc12)C1CC1,-111.32525,24.769577
VS_set_NR3C2_07941,CC(c1ccc(F)cc1F)(c2c[nH]c3c(NS(C)(=O)=O)cccc23)C4CC4,CS(=O)(=O)CC1=CC=CC=C1NC(=O)NC(C2=CC=C(C=C2F)F)C3CC3,B29R3.4071262480,394.437,Z1277538988,CHEMBL235206;CHEMBL391231;CHEMBL391231;CHEMBL235206;CHEMBL391231;CHEMBL235206,NR3C2,enamine,VS_set_NR3C2_07941,7.00019,0.10332749562171628,0.08939526730937773,0.10054920866310937,1.0054920866310937,1,3.7822000000000022,0,831,CC(c1ccc(F)cc1F)(c1c[nH]c2c(NS(C)(=O)=O)cccc12)C1CC1,-90.55879,25.948845
VS_set_NR3C2_07942,CC(c1ccc(F)cc1F)(c2c[nH]c3c(NS(C)(=O)=O)cccc23)C4CC4,CS(=O)(=O)NC1=CC=CC=C1CC(=O)NC(C2=CC=C(C=C2F)F)C3CC3,B29R3.4071262480,394.437,Z1275487385,CHEMBL235206;CHEMBL391231;CHEMBL391231;CHEMBL235206;CHEMBL391231;CHEMBL235206,NR3C2,enamine,VS_set_NR3C2_07942,7.0891604,0.0924956369982548,0.07671957671957672,0.08938178006575026,0.8938178006575026,1,3.146300000000002,0,831,CC(c1ccc(F)cc1F)(c1c[nH]c2c(NS(C)(=O)=O)cccc12)C1CC1,-118.63609,35.12606
VS_set_NR3C2_07943,CC(c1ccc(F)cc1F)(c2c[nH]c3c(NS(C)(=O)=O)cccc23)C4CC4,CC(NC(C1=CC=C(C=C1F)F)C2CC2)C3=CC=CC(=C3)NS(=O)(=O)C,B28R3.713147051,380.454,Z1582860411,CHEMBL235206;CHEMBL391231;CHEMBL391231;CHEMBL235206;CHEMBL391231;CHEMBL235206,NR3C2,enamine,VS_set_NR3C2_07943,7.0776925,0.10172413793103448,0.08112874779541446,0.09660432836931006,0.9660432836931006,2,4.138200000000003,0,831,CC(c1ccc(F)cc1F)(c1c[nH]c2c(NS(C)(=O)=O)cccc12)C1CC1,-125.2004,0.47781032
VS_set_NR3C2_07947,CC(c1ccc(F)cc1F)(c2c[nH]c3c(NS(C)(=O)=O)cccc23)C4CC4,CS(=O)(=NC1=CC=CC=C1NC(=O)NC(C2=CC=C(C=C2F)F)C3CC3)C,B29R3.4071262480,393.453,Z2840893772,CHEMBL235206;CHEMBL391231;CHEMBL391231;CHEMBL235206;CHEMBL391231;CHEMBL235206,NR3C2,enamine,VS_set_NR3C2_07947,7.2116575,0.10608695652173913,0.08867427568042142,0.10202438849709732,1.0202438849709732,1,4.596700000000003,0,831,CC(c1ccc(F)cc1F)(c1c[nH]c2c(NS(C)(=O)=O)cccc12)C1CC1,-100.70063,47.87079
VS_set_NR3C2_07958,CC(c1ccc(F)cc1F)(c2c[nH]c3c(NS(C)(=O)=O)cccc23)C4CC4,CS(=O)(=O)CC1=CC=CC=C1C(=O)NC(C2=CC=C(C=C2F)F)C3CC3,B28R3.713147579,379.423,PV-007257498174,CHEMBL235206;CHEMBL391231;CHEMBL391231;CHEMBL235206;CHEMBL391231;CHEMBL235206,NR3C2,enamine,VS_set_NR3C2_07958,7.099183,0.10017574692442882,0.0912280701754386,0.09842515804398033,0.9842515804398033,1,3.390500000000002,0,831,CC(c1ccc(F)cc1F)(c1c[nH]c2c(NS(C)(=O)=O)cccc12)C1CC1,-99.66312,14.029714
VS_set_NR3C2_07965,CC(c1ccc(F)cc1F)(c2c[nH]c3c(NS(C)(=O)=O)cccc23)C4CC4,CS(=O)(=NC1=CC=CC=C1NC(=O)NC(C2=CC=C(C=C2)F)C3CC3)C,B28R3.220366332,375.462,Z2840896525,CHEMBL235206;CHEMBL391231;CHEMBL391231;CHEMBL235206;CHEMBL391231;CHEMBL235206,NR3C2,enamine,VS_set_NR3C2_07965,7.138363,0.10742358078602621,0.09532215357458076,0.10353717324932214,1.0353717324932215,1,4.457600000000003,0,719,CC(c1ccc(F)cc1)(c1c[nH]c2c(NS(C)(=O)=O)cccc12)C1CC1,-100.36204,59.44474
VS_set_NR3C2_07989,CC(c1ccc(F)cc1F)(c2c[nH]c3c(NS(C)(=O)=O)cccc23)C4CC4,CC1=CC=CC=C1C(NC(=O)CC2=CC=CC=C2NS(=O)(=O)C)C3CC3,B28R3.282436626,372.483,Z1185716595,CHEMBL235206;CHEMBL391231;CHEMBL391231;CHEMBL235206;CHEMBL391231;CHEMBL235206,NR3C2,enamine,VS_set_NR3C2_07989,7.3308907,0.0959023539668701,0.08986784140969163,0.09350293929079725,0.9350293929079725,1,3.176520000000002,0,719,CC(c1ccc(F)cc1)(c1c[nH]c2c(NS(C)(=O)=O)cccc12)C1CC1,-119.74547,47.704826
VS_set_NR3C2_07990,CC(c1ccc(F)cc1F)(c2c[nH]c3c(NS(C)(=O)=O)cccc23)C4CC4,CC1=CC=CC=C1C(NC(=O)NC2=CC=CC=C2CS(=O)(=O)C)C3CC3,B28R3.282436626,372.483,Z1187036127,CHEMBL235206;CHEMBL391231;CHEMBL391231;CHEMBL235206;CHEMBL391231;CHEMBL235206,NR3C2,enamine,VS_set_NR3C2_07990,7.194387,0.10245183887915937,0.0920353982300885,0.09972260176306688,0.9972260176306689,1,3.812420000000003,0,577,Cc1ccccc1C(Cc1ccnc(NC(N)=O)c1)C1CC1,-84.145645,37.726562
VS_set_NR3C2_08005,CC(c1ccc(F)cc1F)(c2c[nH]c3c(NS(C)(=O)=O)cccc23)C4CC4,CC1=C(C=CC=C1NC(=O)NC(C2=CC=C(C=C2F)F)C3CC3)CS(=O)(=O)C,B30R3.3802097022,408.464,Z1277828016,CHEMBL235206;CHEMBL391231;CHEMBL391231;CHEMBL235206;CHEMBL391231;CHEMBL235206,NR3C2,enamine,VS_set_NR3C2_08005,7.3591943,0.10303030303030303,0.09003496503496504,0.09900434306572581,0.9900434306572581,1,4.090620000000003,0,831,CC(c1ccc(F)cc1F)(c1c[nH]c2c(NS(C)(=O)=O)cccc12)C1CC1,-99.95523,33.483105
VS_set_NR3C2_08025,Cc1cc(-c2c(C)nn(C)c2-c2ccc(F)cc2)cc2c1OCC(=O)N2,CC1=C(C(=NO1)C2=CC=C(C=C2)F)C3=CC=C4OCC(=O)CC4=C3,B27R4.27928491,323.318,PV-008067222468,CHEMBL3337728;CHEMBL3337728,NR3C2,enamine,VS_set_NR3C2_08025,7.035387,0.11599297012302284,0.1,0.11316519016863036,1.1316519016863036,0,3.9601200000000034,0,820,Cc1onc(-c2ccc3c(c2)NC(=O)CO3)c1-c1ccc(F)cc1,130.74574,-155.04855
VS_set_NR3C2_08038,Cc1cc(-c2c(C)nn(C)c2-c2ccc(F)cc2)cc2c1OCC(=O)N2,CC1=C(C(=NO1)C2=CC=C(C=C2)F)C3=CC=CC4=C3OCC(=O)N4,B27R4.126510802,324.307,PV-002974954670,CHEMBL3337728;CHEMBL3337728,NR3C2,enamine,VS_set_NR3C2_08038,7.2974796,0.09477413640389726,0.07110300820419325,0.08945114635285083,0.8945114635285083,0,3.7870200000000027,0,820,Cc1onc(-c2ccc3c(c2)NC(=O)CO3)c1-c1ccc(F)cc1,-62.06439,-166.5247
VS_set_NR3C2_08045,Cc1cc(-c2c(C)nn(C)c2-c2ccc(F)cc2)cc2c1OCC(=O)N2,CC1=CC(=CC=C1CC(=O)N)C2=C(ON=C2C3=CC=CC=C3)C,B25R3.11158492,306.359,PV-002762566932,CHEMBL3337728;CHEMBL3337728,NR3C2,enamine,VS_set_NR3C2_08045,7.002162,0.1688888888888889,0.1592128801431127,0.165287410321655,1.6528741032165502,0,3.653240000000001,0,537,Cc1noc(C)c1-c1ccc2c(c1)C(C)(C)C(=O)C(C)(C)N2,152.19527,-149.08131
VS_set_NR3C2_08057,Cc1cc(-c2c(C)nn(C)c2-c2ccc(F)cc2)cc2c1OCC(=O)N2,CC1=C(C(=NO1)C2=CC=CC=C2)C3=CC=C4OCC(=O)CC4=C3,B26R4.8963339,305.328,PV-007828807136,CHEMBL3337728;CHEMBL3337728,NR3C2,enamine,VS_set_NR3C2_08057,7.0886083,0.1282952548330404,0.1158371040723982,0.12557217108421262,1.2557217108421261,0,3.8210200000000025,0,820,Cc1onc(-c2ccc3c(c2)NC(=O)CO3)c1-c1ccc(F)cc1,137.48042,-147.70502
VS_set_NR3C2_08191,C=CCOC(C)C1=CC(C)(C)Nc2ccc(-c3cc(F)ccc3OC)cc21,CCOC(=O)C1=NOC2=CC=C(C=C12)C3=CC(=CC=C3OC)F,B25R3.542141902,315.296,PV-007115608949,CHEMBL541908;CHEMBL395506,NR3C2,enamine,VS_set_NR3C2_08191,7.3616967,0.1423487544483986,0.12940140845070422,0.13825821484655043,1.3825821484655043,0,3.819200000000003,0,873,C=CCOC(C)C1=CC(C)(C)Nc2ccc(-c3cc(F)ccc3OC)cc21,93.78886,220.07613
VS_set_NR3C2_08198,C=CCOC(C)C1=CC(C)(C)Nc2ccc(-c3cc(F)ccc3OC)cc21,CCOC(=O)C1=CC2=CC(=CC=C2N=C1C)C3=CC(=CC=C3OC)N,B27R3.259482882,336.385,PV-006769475035,CHEMBL541908;CHEMBL395506,NR3C2,enamine,VS_set_NR3C2_08198,7.2027917,0.13664055700609226,0.13385826771653545,0.13571480596108806,1.3571480596108807,0,3.9777200000000033,0,769,CCCC1=C(C(=O)OCC)C(c2ccnc3ccccc23)C(C#N)=C(C)N1,87.79324,195.74194
VS_set_NR3C2_08229,C=CCOC(C)C1=CC(C)(C)Nc2ccc(-c3cc(F)ccc3OC)cc21,COC(=O)C1OCCC2=CC=C(C=C12)C3=CC(=CC=C3OC)C,B25R3.60845962,312.36,Z5113032496,CHEMBL541908;CHEMBL395506,NR3C2,enamine,VS_set_NR3C2_08229,7.007546,0.11944202266782912,0.11521547933157432,0.11773592679299891,1.1773592679299891,1,3.4574200000000017,0,34,Cc1cc(C#N)sc1-c1ccc2c(c1)C(C)CC(C)(C)N2,47.0044,-8.448563
VS_set_NR3C2_08237,C=CCOC(C)C1=CC(C)(C)Nc2ccc(-c3cc(F)ccc3OC)cc21,CCOC(=O)C1=NOC2=CC=C(C=C12)C3=CC(=CC=C3OC)N,B25R3.542141902,312.321,PV-006855337478,CHEMBL541908;CHEMBL395506,NR3C2,enamine,VS_set_NR3C2_08237,7.1854053,0.14634146341463414,0.1411042944785276,0.1444794457463174,1.4447944574631741,0,3.2623000000000006,0,325,CCOC(=O)C1=C(C)NC(C)=C(C(C)=O)C1c1cccc2c(=O)cc(C)oc12,92.38072,210.77592
VS_set_NR3C2_08248,C=CCOC(C)C1=CC(C)(C)Nc2ccc(-c3cc(F)ccc3OC)cc21,C#CC1=CC=C(C=C1C2=CC3=C(NN=C3C=C2)C(=O)OCC)F,B25R3.542141902,308.307,PV-007445662588,CHEMBL541908;CHEMBL395506,NR3C2,enamine,VS_set_NR3C2_08248,7.0481973,0.15638575152041703,0.14899211218229624,0.1538501916909947,1.538501916909947,0,3.527000000000001,0,211,CCOC(=O)c1ccc(N2N=C(c3ccc(C(=O)O)cc3)CC2c2ccc(F)cc2)cc1,34.98537,113.96495
VS_set_NR3C2_08393,CCC12CCC3C4CCC(=O)C=C4C=CC3C1CCC21C=CCO1,CC(CCC1=CC=CO1)NCC2=CC=CC3=C2OCC(=O)N3,B24R3.2365956,300.353,Z6288983972,CHEMBL3692352,NR3C2,enamine,VS_set_NR3C2_08393,7.1031284,0.09280138768430182,0.08665511265164645,0.09141336295587152,0.9141336295587151,1,2.7214,0,816,CNC(=O)CC1COc2cc(F)c(CC(C)C)cc2N1C(=O)c1ccc2c(c1)NC(=O)CO2,-82.88888,-175.0728
VS_set_NR3C2_08552,CC1=CC(C2Oc3c(F)cc(F)cc3-c3ccc4c(c32)C(C)=CC(C)(C)N4)CCC1,CC1(NC(=O)C2=CC(=CC=C2O1)C3=CC(=CC=C3OCC4CCCO4)F)C,B30R4.142676398,371.403,PV-008205063308,CHEMBL453579,NR3C2,enamine,VS_set_NR3C2_08552,7.041607,0.1079447322970639,0.09674582233948989,0.10409164576259022,1.0409164576259022,1,3.908800000000003,0,28,CC1=CC(C)(C)Nc2ccc3c(c21)COc1ccc(F)cc1-3,-50.240112,303.00818
VS_set_NR3C2_08560,CC1=CC(C2Oc3c(F)cc(F)cc3-c3ccc4c(c32)C(C)=CC(C)(C)N4)CCC1,NC1=NC(=O)NC2=CC=C(C=C12)C3=CC(=CC=C3OCC4CCCCO4)F,B30R4.142670699,369.39,Z5409897164,CHEMBL453579,NR3C2,enamine,VS_set_NR3C2_08560,7.4699335,0.11739502999143102,0.11438474870017332,0.11653662044484692,1.1653662044484692,1,3.2593000000000014,0,48,Oc1cc(C(F)(F)F)c2cc3c(cc2n1)NC1CCCCC31,-0.41695812,328.7143
VS_set_NR3C2_08561,CC1=CC(C2Oc3c(F)cc(F)cc3-c3ccc4c(c32)C(C)=CC(C)(C)N4)CCC1,O=C1NC(=O)C2=CC(=CC=C2N1)C3=CC(=CC=C3OCC4CCCCO4)F,B30R4.142670699,370.375,Z3776880926,CHEMBL453579,NR3C2,enamine,VS_set_NR3C2_08561,7.088708,0.11886304909560723,0.11411149825783973,0.11726899477237504,1.1726899477237505,1,2.9704000000000015,0,108,O=c1[nH]c(N2CCC(c3ccccc3)CC2)c(Cc2ccccc2Cl)c(=O)[nH]1,-12.62069,339.9302
VS_set_NR3C2_08565,CC1=CC(C2Oc3c(F)cc(F)cc3-c3ccc4c(c32)C(C)=CC(C)(C)N4)CCC1,O=C1C=C(N=C2N1C=C(C=C2)C3=CC(=CC=C3OCC4CCCCO4)F)O,B30R4.142670699,370.375,PV-006585036301,CHEMBL453579,NR3C2,enamine,VS_set_NR3C2_08565,7.162796,0.11044003451251079,0.10362694300518134,0.10831530685814765,1.0831530685814765,1,3.154100000000002,0,91,COc1ccc(F)cc1C(C)(C)CC(O)(CN1CCC(=O)c2ccccc21)C(F)(F)F,-24.300806,309.96338
VS_set_NR3C2_08605,CS(=O)(=O)Nc1ccc(N(C(=O)c2ccccc2)c2ccccc2)cc1,CC1=CC(=CC=C1NS(=O)(=O)C)NC(CC2=CC=CC=C2)C3=CC=CC=C3,B29R3.34299484,380.505,Z1187967506,CHEMBL5207249,NR3C2,enamine,VS_set_NR3C2_08605,7.167102,0.10984182776801406,0.10623353819139596,0.10865224036985846,1.0865224036985845,1,4.762420000000003,0,874,CCC(c1ccc(C(F)(F)F)cc1)(C(C)O)n1ncc2c(NS(C)(=O)=O)cc(F)cc21,-210.82462,15.675521
VS_set_NR3C2_08627,CS(=O)(=O)Nc1ccc(N(C(=O)c2ccccc2)c2ccccc2)cc1,CC1=CC(=CC=C1NS(=O)(=O)C)NC(C(=O)NC2=CC=C(C=C2)F)C3=CC=CC=C3,B32R3.11461374,427.494,Z320039022,CHEMBL5207249,NR3C2,enamine,VS_set_NR3C2_08627,7.2317986,0.1145104895104895,0.10651408450704225,0.11158088016794813,1.1158088016794814,1,4.297520000000002,0,358,CC(c1ccccc1)N1C(=O)OC(Cc2ccccc2)(C(=O)Nc2ccc(F)cc2)C1=O,-219.69516,11.1902895
VS_set_NR3C2_08650,CS(=O)(=O)Nc1ccc2c(c1)OC1(CCC1)C(=O)N2c1ccc(F)cc1,CS(=O)(=O)NC1=CC=CC(=C1)NC2CCCN(C2=O)C3=CC=C(C=C3)F,B28R3.25388957,377.435,Z2991614942,CHEMBL5187656,NR3C2,enamine,VS_set_NR3C2_08650,7.1734185,0.10723626852659111,0.09536541889483066,0.10204275504785895,1.0204275504785896,1,2.8047000000000013,0,700,CS(=O)(=O)Nc1ccc2c(c1)OC1(CCC1)C(=O)N2c1ccc(F)cc1,-172.728,-44.18816
VS_set_NR3C2_08652,CS(=O)(=O)Nc1ccc2c(c1)OC1(CCC1)C(=O)N2c1ccc(F)cc1,CS(=O)(=O)C1=CC=CC(=C1)SC2CCCN(C2=O)C3=CC=C(C=C3)F,B27R3.2784553,379.472,PV-002151998409,CHEMBL5187656,NR3C2,enamine,VS_set_NR3C2_08652,7.0041084,0.11821366024518389,0.11267605633802817,0.11617595285694637,1.1617595285694637,1,3.5169000000000024,0,719,CC(c1ccc(F)cc1)(c1c[nH]c2c(NS(C)(=O)=O)cccc12)C1CC1,-145.62408,-44.525726
VS_set_NR3C2_08656,CS(=O)(=O)Nc1ccc2c(c1)OC1(CCC1)C(=O)N2c1ccc(F)cc1,CC1=CC=C(C=C1NS(=O)(=O)C)NC2CCCN(C2=O)C3=CC=C(C=C3)F,B29R3.35880668,391.461,Z2991620139,CHEMBL5187656,NR3C2,enamine,VS_set_NR3C2_08656,7.2864237,0.1,0.08867427568042142,0.0962285683628549,0.962285683628549,1,3.113120000000002,0,831,CC(c1ccc(F)cc1F)(c1c[nH]c2c(NS(C)(=O)=O)cccc12)C1CC1,-160.45183,-45.887505
VS_set_NR3C2_08658,CS(=O)(=O)Nc1ccc2c(c1)OC1(CCC1)C(=O)N2c1ccc(F)cc1,CC1=CC(=CC=C1N2CCCC(C2=O)NC3=CC=CC(=C3)NS(=O)(=O)C)F,B29R3.470257205,391.461,Z1223172734,CHEMBL5187656,NR3C2,enamine,VS_set_NR3C2_08658,7.5133853,0.10320901994796183,0.0943231441048035,0.10006818162303728,1.0006818162303728,1,3.113120000000001,0,831,CC(c1ccc(F)cc1F)(c1c[nH]c2c(NS(C)(=O)=O)cccc12)C1CC1,-170.70557,-33.035137
VS_set_NR3C2_08683,CS(=O)(=O)Nc1ccc2c(c1)OC1(CCC1)C(=O)N2c1ccc(F)cc1,CS(=O)(=O)NC1=CC=CC(=C1)NC2CC(=O)N(C2=O)C3=CC=C(C=C3)F,B28R3.514227620,377.392,Z320095076,CHEMBL5187656,NR3C2,enamine,VS_set_NR3C2_08683,7.0011673,0.11986001749781278,0.10554561717352415,0.11424406210437424,1.1424406210437423,1,1.9411999999999998,0,697,CS(=O)(=O)Nc1ccc2c(c1)OC(c1ccccc1)C(=O)N2c1ccc(F)cc1,-177.87785,-66.61816
VS_set_NR3C2_08686,CS(=O)(=O)Nc1ccc2c(c1)OC1(CCC1)C(=O)N2c1ccc(F)cc1,CS(=O)(=O)NC1=CC=CC2=C1CCN(C2)C(=O)NC3=CC=C(C=C3)F,B27R3.280454503,363.408,Z763181716,CHEMBL5187656,NR3C2,enamine,VS_set_NR3C2_08686,7.356203,0.09298245614035087,0.0841452612931798,0.08945688038721347,0.8945688038721348,0,2.7874000000000008,0,719,CC(c1ccc(F)cc1)(c1c[nH]c2c(NS(C)(=O)=O)cccc12)C1CC1,-161.44199,12.448485
VS_set_NR3C2_08712,CS(=O)(=O)Nc1ccc2c(c1)OC1(CCC1)C(=O)N2c1ccc(F)cc1,CC1=CC=C(C=C1NS(=O)(=O)C)NC2CC(=O)N(C2=O)C3=CC=C(C=C3)F,B29R3.5243966829,391.418,Z850829096,CHEMBL5187656,NR3C2,enamine,VS_set_NR3C2_08712,7.5377355,0.1111111111111111,0.10061782877316858,0.10719531060388984,1.0719531060388985,1,2.24962,0,719,CC(c1ccc(F)cc1)(c1c[nH]c2c(NS(C)(=O)=O)cccc12)C1CC1,-166.0379,-61.724056
VS_set_NR3C2_08713,CS(=O)(=O)Nc1ccc2c(c1)OC1(CCC1)C(=O)N2c1ccc(F)cc1,CS(=O)(=O)NC1=CC=CC(=C1)NC2CC(=O)N(C2=O)C3=CC=C(C(=C3)Cl)F,B29R3.5248807137,411.837,Z320095110,CHEMBL5187656,NR3C2,enamine,VS_set_NR3C2_08713,7.189062,0.11921708185053381,0.10867659947414549,0.11539039957516942,1.1539039957516941,1,2.5946000000000007,0,831,CC(c1ccc(F)cc1F)(c1c[nH]c2c(NS(C)(=O)=O)cccc12)C1CC1,-186.52284,-59.538265
VS_set_NR3C2_08764,Cc1nccn1-c1ccc(CNS(=O)(=O)c2cc(F)ccc2F)cc1F,CC1=NC=CN1C2=CC=C(C=C2F)CNS(=O)(=O)C3=CC(=CC(=C3)F)F,B28R3.1900166112,381.374,Z830167170,CHEMBL3086026,NR3C2,enamine,VS_set_NR3C2_08764,7.052036,0.13187772925764193,0.04396632366697849,0.09900004696197418,0.9900004696197418,0,3.0765200000000013,0,403,Cc1nccn1-c1ccc(CNS(=O)(=O)c2cc(F)ccc2F)cc1F,84.33445,-194.09254
VS_set_NR3C2_08801,Cc1cccc(-c2ccc3c(c2C)NC(=O)CO3)c1,CC1=CC=CC(=C1)C2=CC=C3CC(=O)NC3=C2C,B20R3.91215,237.297,PV-002903990308,CHEMBL4067551,NR3C2,enamine,VS_set_NR3C2_08801,7.0290885,0.14537444933920704,0.10851262862488306,0.1397000103989015,1.397000103989015,0,3.465040000000002,0,627,Cc1cccc(-c2ccc3c(c2C)NC(=O)CO3)c1,201.83543,-155.75745
VS_set_NR3C2_08845,Cc1cccc(-c2ccc3c(c2C)NC(=O)CO3)c1,CC1=CC(=CC(=C1)C2=C(C3=C(C=C2)OC(=O)N3)C)C,B21R3.138147,253.296,PV-002739647616,CHEMBL4067551,NR3C2,enamine,VS_set_NR3C2_08845,7.0511904,0.16622222222222222,0.16177777777777777,0.1646990771643065,1.6469907716430652,0,3.7133600000000033,0,4,CC1=CC(C)(C)Nc2ccc3c(c21)C(c1ccccc1)Oc1ccccc1-3,-154.31042,362.0663
VS_set_NR3C2_08848,Cc1cccc(-c2ccc3c(c2C)NC(=O)CO3)c1,CC1=CC(=CC(=C1)C2=CC=C3CC(=O)NC3=C2C)C,B21R3.138147,251.324,PV-002810798318,CHEMBL4067551,NR3C2,enamine,VS_set_NR3C2_08848,7.110152,0.1433659839715049,0.12720519962859797,0.14029062117540325,1.4029062117540325,0,3.773460000000002,0,627,Cc1cccc(-c2ccc3c(c2C)NC(=O)CO3)c1,203.82152,-167.21516
VS_set_NR3C2_08853,Cc1cccc(-c2ccc3c(c2C)NC(=O)CO3)c1,CC1=CC=CC(=C1C)C2=CC=C3CC(=O)NC3=C2C,B21R3.150000,251.324,Z4926123873,CHEMBL4067551,NR3C2,enamine,VS_set_NR3C2_08853,7.139493,0.13817537643932684,0.13458110516934046,0.13664742163298682,1.3664742163298682,0,3.773460000000002,0,34,Cc1cc(C#N)sc1-c1ccc2c(c1)C(C)CC(C)(C)N2,216.17982,-165.79817
VS_set_NR3C2_08855,Cc1cccc(-c2ccc3c(c2C)NC(=O)CO3)c1,CC1=CC=CC(=C1F)C2=C(C3=C(C=C2)OC(=O)N3)C,B21R3.150000,257.26,PV-006253341206,CHEMBL4067551,NR3C2,enamine,VS_set_NR3C2_08855,7.039503,0.1472663139329806,0.14563106796116504,0.14634773744691315,1.4634773744691314,0,3.5440400000000025,0,265,Cc1cc(-c2cccc3cc[nH]c23)c(Cl)c2c1NC(C)(C)C(O)C2(C)C,-166.64655,366.06317
VS_set_NR3C2_08857,Cc1cccc(-c2ccc3c(c2C)NC(=O)CO3)c1,CC1=CC=C(C(=C1)C2=C(C3=C(C=C2)OC(=O)N3)C)C,B21R3.163257,253.296,PV-002851443377,CHEMBL4067551,NR3C2,enamine,VS_set_NR3C2_08857,7.0888515,0.1615180935569285,0.15677590788308238,0.1594217972231619,1.5942179722316192,0,3.7133600000000033,0,14,CC1=CC(C)(C)Nc2ccc3c(c21)C(c1ccc(C)cc1)Oc1ccccc1-3,-155.94435,374.58163
VS_set_NR3C2_08865,Cc1cccc(-c2ccc3c(c2C)NC(=O)CO3)c1,CC1=CC(=CC=C1N)C2=C(C3=C(C=C2)OC(=O)N3)C,B21R3.641141,254.284,PV-004475575636,CHEMBL4067551,NR3C2,enamine,VS_set_NR3C2_08865,7.0554347,0.148636763412489,0.14474845542806708,0.14723124457008266,1.4723124457008265,0,2.987140000000001,0,858,Cc1cc(C2=C(c3ccc(F)cc3)C(=O)NC2C)cc2c1OCC(=O)N2,-142.95891,369.65765
VS_set_NR3C2_08866,Cc1cccc(-c2ccc3c(c2C)NC(=O)CO3)c1,CC1=CC(=CC=C1N)C2=CC=C3CC(=O)NC3=C2C,B21R3.641141,252.312,PV-004332811041,CHEMBL4067551,NR3C2,enamine,VS_set_NR3C2_08866,7.2255573,0.13866666666666666,0.13027522935779817,0.13527595233890394,1.3527595233890395,0,3.0472400000000013,0,627,Cc1cccc(-c2ccc3c(c2C)NC(=O)CO3)c1,213.69818,-152.37308
VS_set_NR3C2_08873,Cc1cccc(-c2ccc3c(c2C)NC(=O)CO3)c1,COC1=CC=CC(=C1)C2=C(C3=C(C=C2)OC(=O)N3)C,B21R3.67384,255.269,PV-002974316586,CHEMBL4067551,NR3C2,enamine,VS_set_NR3C2_08873,7.3039527,0.15013169446883232,0.14474845542806708,0.14854425048821673,1.4854425048821673,0,3.105120000000001,0,104,COc1cccc(C2CCN(c3[nH]c(=O)[nH]c(=O)c3Cc3ccccc3)CC2)c1,-145.18756,353.21997
VS_set_NR3C2_08908,Cc1noc(C)c1-c1ccc2c(c1)C(C)(C)C(=O)C(C)(C)N2,CC1=NOC(=C1C2=CC=C3OCC(=O)CC3=C2)C,B20R3.12093930,243.258,PV-008544313349,CHEMBL3582109,NR3C2,enamine,VS_set_NR3C2_08908,7.04475,0.13664596273291926,0.11363636363636363,0.13293324188496963,1.3293324188496962,0,2.46244,0,537,Cc1noc(C)c1-c1ccc2c(c1)C(C)(C)C(=O)C(C)(C)N2,125.014404,-141.54779
VS_set_NR3C2_08930,Cc1noc(C)c1-c1ccc2c(c1)C(C)(C)C(=O)C(C)(C)N2,CC1=NOC(=C1C2=CC=C3C(=C2)CC(=O)N3C)C,B20R3.12199632,242.274,Z2466249409,CHEMBL3582109,NR3C2,enamine,VS_set_NR3C2_08930,7.163573,0.1256637168141593,0.10135746606334842,0.12236082531025479,1.2236082531025478,0,2.4773400000000008,0,537,Cc1noc(C)c1-c1ccc2c(c1)C(C)(C)C(=O)C(C)(C)N2,116.07135,-129.19492
VS_set_NR3C2_09067,CC1(O)CCC2C3CCC4=CC(=O)CCC4=C3C=CC21C,O=C1COC2=C(C1)C=CC=C2/C=C/C3CCCC3,B20R3.5934,242.314,PV-008829295588,CHEMBL166444,NR3C2,enamine,VS_set_NR3C2_09067,7.1266136,0.1273209549071618,0.12223206377325066,0.12588379831317625,1.2588379831317624,0,3.394000000000002,0,772,CC1CCc2ccccc2N1S(=O)(=O)c1ccc2c(c1)NC(=O)CO2,4.4229875,-103.08517
VS_set_NR3C2_09184,Cc1ccc(F)cc1C(C)(C)CC(O)(Cc2cc3cnccc3[nH]2)C4CC4,CC1=CC=C(C=C1C(=O)NC(CNC(=O)C2=CN=CC=C2N)C3CC3)F,B28R3.715315806,356.395,PV-002792809611,CHEMBL3233280,NR3C2,enamine,VS_set_NR3C2_09184,7.3567095,0.10986159169550173,0.1032986111111111,0.1078802554868018,1.078802554868018,1,2.0497199999999993,0,487,Cc1ccc(F)cc1C(C)(C)CC(O)(Cc1cc2cnccc2[nH]1)C1CC1,-67.80468,177.49284
VS_set_NR3C2_09222,Cc1ccc(F)cc1C(C)(C)CC(O)(Cc2cc3cnccc3[nH]2)C4CC4,CC1=CC=C(C=C1C(=O)NC(CNC(=O)C2=CN=CC=C2N)C3CC3)Cl,B28R3.715315806,372.849,PV-005121389139,CHEMBL3233280,NR3C2,enamine,VS_set_NR3C2_09222,7.222999,0.1134020618556701,0.10571923743500866,0.11096312365523357,1.1096312365523358,1,2.56402,0,415,CCC(Cn1cc(C)c2ccccc21)NS(=O)(=O)c1c(N)cc(Cl)cc1Cl,-64.54496,165.05669
VS_set_NR3C2_09228,Cc1ccc(F)cc1C(C)(C)CC(O)(Cc2cc3cnccc3[nH]2)C4CC4,CC(CNC(=O)C1=CN=CC=C1N)(NC(=O)C2=CC(=CC=C2)F)C3CC3,B28R3.704051232,356.395,PV-002981020412,CHEMBL3233280,NR3C2,enamine,VS_set_NR3C2_09228,7.0108814,0.11810344827586207,0.10869565217391304,0.11420738568087804,1.1420738568087805,1,2.1314,0,831,CC(c1ccc(F)cc1F)(c1c[nH]c2c(NS(C)(=O)=O)cccc12)C1CC1,-72.95179,194.50526
VS_set_NR3C2_09229,Cc1ccc(F)cc1C(C)(C)CC(O)(Cc2cc3cnccc3[nH]2)C4CC4,CC1=CC=C(C(=C1)C(=O)NC(CNC(=O)C2=CN=CC=C2N)C3CC3)C,B28R3.715315806,352.431,PV-003891664213,CHEMBL3233280,NR3C2,enamine,VS_set_NR3C2_09229,7.15049,0.1170858629661752,0.11005199306759099,0.1151529802024606,1.151529802024606,1,2.2190399999999997,0,415,CCC(Cn1cc(C)c2ccccc21)NS(=O)(=O)c1c(N)cc(Cl)cc1Cl,-55.678795,175.31026
VS_set_NR3C2_09235,Cc1ccc(F)cc1C(C)(C)CC(O)(Cc2cc3cnccc3[nH]2)C4CC4,NC1=CC=NC=C1C(=O)NCC(NC(=O)C2=CC(=CC=C2F)F)C3CC3,B28R3.715315806,360.359,PV-004030865182,CHEMBL3233280,NR3C2,enamine,VS_set_NR3C2_09235,7.201427,0.11535125758889853,0.11101474414570685,0.11337072326893516,1.1337072326893516,1,1.8803999999999994,0,250,COc1ccc(F)cc1C(C)(C)CC(O)(Cc1cc2ccncc2o1)C(F)(F)F,-78.961044,173.35327
VS_set_NR3C2_09236,Cc1ccc(F)cc1C(C)(C)CC(O)(Cc2cc3cnccc3[nH]2)C4CC4,CC1=CC=CC=C1C(=O)NC(C)(CNC(=O)C2=CN=CC=C2N)C3CC3,B28R3.1913278683,352.431,PV-003040699106,CHEMBL3233280,NR3C2,enamine,VS_set_NR3C2_09236,7.081457,0.11795316565481354,0.1103388357949609,0.11646795325480155,1.1646795325480155,1,2.30072,0,487,Cc1ccc(F)cc1C(C)(C)CC(O)(Cc1cc2cnccc2[nH]1)C1CC1,-60.559162,192.34344
VS_set_NR3C2_09247,Cc1ccc(F)cc1C(C)(C)CC(O)(Cc2cc3cnccc3[nH]2)C4CC4,CC1=CC=NC=C1C(=O)N(CC2=CC3=CC=CC=C3N2)C4CC4,B26R4.9255927,305.374,Z3715871361,CHEMBL3233280,NR3C2,enamine,VS_set_NR3C2_09247,7.0901318,0.11525129982668977,0.10507880910683012,0.11302728133327584,1.1302728133327584,0,3.676120000000002,0,487,Cc1ccc(F)cc1C(C)(C)CC(O)(Cc1cc2cnccc2[nH]1)C1CC1,-36.45197,163.07239
VS_set_NR3C2_09273,CS(=O)(=O)Nc1cccc(C=C2c3ccccc3CCc3ccccc32)c1,CS(=O)(=O)NC1=CC=CC(=C1)NC(=O)C2=CC=CC=C2CCC3=CC=CC=C3,B30R3.118475367,394.489,Z318400128,CHEMBL3120320,NR3C2,enamine,VS_set_NR3C2_09273,7.3913245,0.13672217353198948,0.13162544169611307,0.13416300065716572,1.341630006571657,0,4.095600000000003,0,451,CCC(=C1c2ccccc2COc2ccccc21)c1cccc(NS(C)(=O)=O)c1,-288.1803,47.152924
VS_set_NR3C2_09282,CS(=O)(=O)Nc1cccc(C=C2c3ccccc3CCc3ccccc32)c1,CC1=CC=C(C=C1NS(=O)(=O)C)NC(=O)C2=CC=CC=C2CCC3=CC=CC=C3,B31R3.152743142,408.515,Z851204508,CHEMBL3120320,NR3C2,enamine,VS_set_NR3C2_09282,7.261787,0.11842105263157894,0.11295971978984239,0.11666894459579225,1.1666894459579225,0,4.404020000000003,0,874,CCC(c1ccc(C(F)(F)F)cc1)(C(C)O)n1ncc2c(NS(C)(=O)=O)cc(F)cc21,-269.08746,44.24796
VS_set_NR3C2_09283,CS(=O)(=O)Nc1cccc(C=C2c3ccccc3CCc3ccccc32)c1,CS(=O)(=O)NC1=CC(=CC=C1F)NC(=O)C2=CC=CC=C2CCC3=CC=CC=C3,B31R3.152743142,412.479,Z288883982,CHEMBL3120320,NR3C2,enamine,VS_set_NR3C2_09283,7.029848,0.13385146804835923,0.12937062937062938,0.13229019072292064,1.3229019072292063,0,4.234700000000003,0,874,CCC(c1ccc(C(F)(F)F)cc1)(C(C)O)n1ncc2c(NS(C)(=O)=O)cc(F)cc21,-276.10294,55.16885
VS_set_NR3C2_09286,CS(=O)(=O)Nc1cccc(C=C2c3ccccc3CCc3ccccc32)c1,CS(=O)(=O)NC1=CC=CC(=C1)NC(=O)C2=CC=CC=C2CC3=CC=CC=C3,B29R3.91534206,380.462,Z318400112,CHEMBL3120320,NR3C2,enamine,VS_set_NR3C2_09286,7.3285995,0.15140845070422534,0.14348981399468555,0.148459308516827,1.48459308516827,0,3.901200000000003,0,451,CCC(=C1c2ccccc2COc2ccccc21)c1cccc(NS(C)(=O)=O)c1,-299.02277,67.90694
VS_set_NR3C2_09294,CS(=O)(=O)Nc1cccc(C=C2c3ccccc3CCc3ccccc32)c1,CS(=O)(=O)NC1=CC=CC(=C1)NC(=O)C2=CC=CC=C2COC3=CC=CC=C3,B30R3.118475367,396.461,Z318398626,CHEMBL3120320,NR3C2,enamine,VS_set_NR3C2_09294,7.7107215,0.13747810858143608,0.13139329805996472,0.13498493773712,1.3498493773712001,0,3.889400000000003,0,451,CCC(=C1c2ccccc2COc2ccccc21)c1cccc(NS(C)(=O)=O)c1,-315.4083,34.314644
VS_set_NR3C2_09296,CS(=O)(=O)Nc1cccc(C=C2c3ccccc3CCc3ccccc32)c1,CS(=O)(=O)NC1=CC=CC(=C1)NC(=O)C2=CC=CC=C2OCC3=CC=CC=C3,B30R3.118475367,396.461,Z318399824,CHEMBL3120320,NR3C2,enamine,VS_set_NR3C2_09296,7.1062627,0.13850174216027875,0.12818261633011413,0.13483388546610214,1.3483388546610215,0,3.889400000000003,0,452,CCC(=C1c2ccccc2OCc2cccc(OC)c21)c1cccc(NS(C)(=O)=O)c1,-338.57712,50.040752
VS_set_NR3C2_09297,CS(=O)(=O)Nc1cccc(C=C2c3ccccc3CCc3ccccc32)c1,NS(=O)(=O)NC1=CC=CC(=C1)NC(=O)C2=CC=CC=C2CCC3=CC=CC=C3,B30R3.118475367,395.477,Z299574046,CHEMBL3120320,NR3C2,enamine,VS_set_NR3C2_09297,7.0699315,0.15364354697102722,0.1456140350877193,0.15073704038983665,1.5073704038983666,0,3.339500000000002,0,360,CC(c1ccccc1)N1C(=O)OC(Cc2ccccc2)(C(=O)Nc2cccc(Cl)c2)C1=O,-282.99188,35.615036
VS_set_NR3C2_09301,CS(=O)(=O)Nc1cccc(C=C2c3ccccc3CCc3ccccc32)c1,CS(=O)(=O)NC1=CC=CC(=C1)CN2CCC3=CC=CC=C3[C@@H]2C4=CC=CC=C4,B31R4.231101245,392.516,Z2227132450,CHEMBL3120320,NR3C2,enamine,VS_set_NR3C2_09301,7.330931,0.11468288444830582,0.10729991204925242,0.11227338219938184,1.1227338219938183,1,4.2058000000000035,0,107,O=c1[nH]c(N2CCC(c3ccccc3)CC2)c(Cc2cccc(Cl)c2)c(=O)[nH]1,-227.7606,-68.45028
VS_set_NR3C2_09302,CS(=O)(=O)Nc1cccc(C=C2c3ccccc3CCc3ccccc32)c1,CS(=O)(=O)NC1=CC=CC(=C1)CN2CCC3=CC=CC=C3[C@H]2C4=CC=CC=C4,B31R4.231101245,392.516,Z2227133146,CHEMBL3120320,NR3C2,enamine,VS_set_NR3C2_09302,7.330931,0.11468288444830582,0.10729991204925242,0.11227338219938184,1.1227338219938183,1,4.2058000000000035,0,107,O=c1[nH]c(N2CCC(c3ccccc3)CC2)c(Cc2cccc(Cl)c2)c(=O)[nH]1,-234.20761,-75.0636
VS_set_NR3C2_09303,CS(=O)(=O)Nc1cccc(C=C2c3ccccc3CCc3ccccc32)c1,CS(=O)(=O)NC1=CC=CC(=C1)CNCC2=CC=CC=C2COCC3=CC=CC=C3,B31R3.337394661,410.531,Z1070990910,CHEMBL3120320,NR3C2,enamine,VS_set_NR3C2_09303,7.1700625,0.1555944055944056,0.1472663139329806,0.1525994877436159,1.525994877436159,0,4.064700000000003,0,451,CCC(=C1c2ccccc2COc2ccccc21)c1cccc(NS(C)(=O)=O)c1,-326.79684,-30.423199
VS_set_NR3C2_09309,CS(=O)(=O)Nc1cccc(C=C2c3ccccc3CCc3ccccc32)c1,CC(NC(=O)C1=CC=CC=C1CCC2=CC=CC=C2)C3=CC=CC(=C3)NS(=O)(=O)C,B32R3.376167903,422.542,Z750521032,CHEMBL3120320,NR3C2,enamine,VS_set_NR3C2_09309,7.1646233,0.1137357830271216,0.1097666378565255,0.11190766766976654,1.1190766766976654,1,4.334300000000003,0,532,CC(c1ccc(F)cc1)N1C(=O)OC(Cc2ccccc2)(c2nc3cc(NS(C)(=O)=O)ccc3[nH]2)C1=O,-283.2331,9.769671
VS_set_NR3C2_09321,CS(=O)(=O)Nc1cccc(C=C2c3ccccc3CCc3ccccc32)c1,CS(=O)(=O)NC1=CC=CC(=C1)C(=O)NC2C3=CC=CC=C3C4=CC=CC=C24,B30R4.589239508,378.446,Z190457888,CHEMBL3120320,NR3C2,enamine,VS_set_NR3C2_09321,7.151194,0.12411971830985916,0.1140819964349376,0.1195357437920691,1.195357437920691,0,3.557900000000002,0,451,CCC(=C1c2ccccc2COc2ccccc21)c1cccc(NS(C)(=O)=O)c1,-269.78656,-65.46354
VS_set_NR3C2_09326,CS(=O)(=O)Nc1cccc(C=C2c3ccccc3CCc3ccccc32)c1,CS(=O)(=O)NC1=CC=CC(=C1)CNCC2=CC=CC=C2COC3=CC=CC=C3,B30R3.1639161254,396.504,Z1070966580,CHEMBL3120320,NR3C2,enamine,VS_set_NR3C2_09326,7.38589,0.1453287197231834,0.13351016799292661,0.14089240575551984,1.4089240575551985,0,3.9269000000000025,0,451,CCC(=C1c2ccccc2COc2ccccc21)c1cccc(NS(C)(=O)=O)c1,-315.19406,-20.009708
VS_set_NR3C2_09331,CS(=O)(=O)Nc1cccc(C=C2c3ccccc3CCc3ccccc32)c1,COC1=CC=CC=C1C(NC(=O)C2=CC=CC(=C2)NS(=O)(=O)C)C3=CC=CC=C3,B31R3.178589470,410.488,Z1155541153,CHEMBL3120320,NR3C2,enamine,VS_set_NR3C2_09331,7.3431406,0.127208480565371,0.11501316944688324,0.1230408070530166,1.2304080705301659,1,3.586100000000002,0,452,CCC(=C1c2ccccc2OCc2cccc(OC)c21)c1cccc(NS(C)(=O)=O)c1,-264.6445,-30.643475
VS_set_NR3C2_09339,CS(=O)(=O)Nc1cccc(C=C2c3ccccc3CCc3ccccc32)c1,CS(=O)(=O)NC1=CC=CC(=C1)CNC(=O)C2=CC=CC=C2COC3=CC=CC=C3,B31R3.1300223884,410.488,Z236036478,CHEMBL3120320,NR3C2,enamine,VS_set_NR3C2_09339,7.0742235,0.13680494263018536,0.13111888111888112,0.13451574811630096,1.3451574811630096,0,3.5671000000000026,0,874,CCC(c1ccc(C(F)(F)F)cc1)(C(C)O)n1ncc2c(NS(C)(=O)=O)cc(F)cc21,-318.3188,-2.571764
VS_set_NR3C2_09343,CS(=O)(=O)Nc1cccc(C=C2c3ccccc3CCc3ccccc32)c1,CS(=O)(=O)NC1=CC=CC(=C1)C(=O)NC2C3=CC=CC=C3OC4=CC=CC=C24,B31R4.731078233,394.445,Z1020983950,CHEMBL3120320,NR3C2,enamine,VS_set_NR3C2_09343,7.062241,0.12599822537710736,0.11120996441281139,0.1189685284667251,1.189685284667251,0,3.683200000000002,0,451,CCC(=C1c2ccccc2COc2ccccc21)c1cccc(NS(C)(=O)=O)c1,-266.66922,-50.590294
VS_set_NR3C2_09437,OC1CCc2c(C=C3c4ccccc4COc4cc(F)ccc43)cccc21,CC1=CC=CC(=C1)OC2=CC=CC=C2C(=O)NC3=CC=CC4=C3OCCC4O,B31R4.35329699,375.418,Z1997400753,CHEMBL3775383;CHEMBL3775383,NR3C2,enamine,VS_set_NR3C2_09437,7.1705523,0.11206896551724138,0.10880829015544041,0.11088073888157332,1.1088073888157333,1,4.855520000000004,0,766,CC1CN(c2cnc3c(c2)NC(=O)CO3)C(c2ccccc2)CO1,-145.53873,132.21486
VS_set_NR3C2_09447,OC1CCc2c(C=C3c4ccccc4COc4cc(F)ccc43)cccc21,O=C(NC1=CC=CC2=C1OCCC2=O)C3=CC=CC=C3COC4=CC=CC=C4,B31R4.59763997,373.402,Z1628766945,CHEMBL3775383;CHEMBL3775383,NR3C2,enamine,VS_set_NR3C2_09447,7.05095,0.11933797909407666,0.1154513888888889,0.11730989626399768,1.1730989626399768,0,4.483100000000003,0,795,N#CCC1CN(c2ccc3c(n2)NC(=O)CO3)C(c2ccccc2)CO1,-236.06642,116.10721
VS_set_NR3C2_09450,OC1CCc2c(C=C3c4ccccc4COc4cc(F)ccc43)cccc21,O=C(NC1=CC=CC2=C1COC2=O)C3=CC=CC=C3COC4=CC=CC=C4,B30R4.13990,359.376,Z2155375160,CHEMBL3775383;CHEMBL3775383,NR3C2,enamine,VS_set_NR3C2_09450,7.0464096,0.12467076382791922,0.1210801393728223,0.12333216026606957,1.2333216026606957,0,4.188300000000003,0,330,CCC(c1ccccc1)N1C(=O)OC(Cc2ccccc2)(C(=O)NCc2cc(OC)cc(OC)c2)C1=O,-244.34,109.616066
VS_set_NR3C2_09465,OC1CCc2c(C=C3c4ccccc4COc4cc(F)ccc43)cccc21,O=C(NC1=C2OCCC(C2=CC=C1)O)C3=CC=CN=C3OC4=CC=CC(=C4)Br,B31R4.35329699,441.275,Z1702695669,CHEMBL3775383;CHEMBL3775383,NR3C2,enamine,VS_set_NR3C2_09465,7.05114,0.10796915167095116,0.1036846615252785,0.10685959015925761,1.0685959015925761,1,4.704600000000002,0,866,N#Cc1ccc(N2N=C3c4ccc(C(=O)O)cc4COC3C2C2CCCC2)cc1Cl,-142.51247,123.4798
VS_set_NR3C2_09656,CCC(Cc1cc(C)c(OC)c(C)c1)NS(=O)(=O)c1c(C)cc(C)cc1C,CC1=CC(=C(C(=C1)C)S(=O)(=O)NCCC2=CC=C3OCCC3=C2)C,B26R3.63631716,345.458,Z1205426687,CHEMBL3094483,NR3C2,enamine,VS_set_NR3C2_09656,7.0270915,0.10526315789473684,0.09919571045576407,0.1021390732223391,1.021390732223391,0,3.0677600000000016,0,437,CCC(Cc1ccc(OC)c(C)c1C)NS(=O)(=O)c1c(C)cc(C)cc1C,52.91705,-105.0385
VS_set_NR3C2_09662,CCC(Cc1cc(C)c(OC)c(C)c1)NS(=O)(=O)c1c(C)cc(C)cc1C,CC1=CC(=CC(=C1)CCNS(=O)(=O)C2=C(C=C(C=C2C)C)C)C,B24R2.5944964,331.474,PV-002128140647,CHEMBL3094483,NR3C2,enamine,VS_set_NR3C2_09662,7.066339,0.14444444444444443,0.1183206106870229,0.13587044833259482,1.3587044833259483,0,3.7497000000000025,0,442,CCC(Cc1cc(C)cc(C)c1)NS(=O)(=O)c1c(C)cc(C)cc1C,64.68923,-125.060776
VS_set_NR3C2_09678,CCC(Cc1cc(C)c(OC)c(C)c1)NS(=O)(=O)c1c(C)cc(C)cc1C,CC1=CC(=C(C(=C1)C)S(=O)(=O)N[C@H](C)C2=CC=C3OCCC3=C2)C,B26R3.356806149,345.458,PV-002505419667,CHEMBL3094483,NR3C2,enamine,VS_set_NR3C2_09678,7.303772,0.09654561558901682,0.08976660682226212,0.0931533429417652,0.9315334294176519,1,3.586260000000003,0,443,CCC(Cc1cc(C)ccc1C)NS(=O)(=O)c1c(C)cc(C)cc1C,40.37802,-102.8873
VS_set_NR3C2_09718,CCC(Cc1cc(C)c(OC)c(C)c1)NS(=O)(=O)c1c(C)cc(C)cc1C,COC1=CC(=CC(=C1OC)OC)C(C)NS(=O)(=O)C2=C(C=C(C=C2C)C)C,B28R2.433948343,393.499,Z741164988,CHEMBL3094483,NR3C2,enamine,VS_set_NR3C2_09718,7.0011168,0.1052158273381295,0.0922242314647378,0.10108782918700246,1.0108782918700245,1,3.6771600000000024,0,437,CCC(Cc1ccc(OC)c(C)c1C)NS(=O)(=O)c1c(C)cc(C)cc1C,36.055897,-115.41205
VS_set_NR3C2_09722,CCC(Cc1cc(C)c(OC)c(C)c1)NS(=O)(=O)c1c(C)cc(C)cc1C,COC1=CC=C2CC(CCC2=C1)NS(=O)(=O)C3=C(C=C(C=C3C)F)C,B27R3.1500750999,363.448,PV-002495962875,CHEMBL3094483,NR3C2,enamine,VS_set_NR3C2_09722,7.046565,0.09991079393398751,0.09139307897071872,0.09642731533829693,0.9642731533829693,1,3.2869400000000013,0,437,CCC(Cc1ccc(OC)c(C)c1C)NS(=O)(=O)c1c(C)cc(C)cc1C,-1.1485759,-74.920456
VS_set_NR3C2_09737,CC1(C)OC(=S)Nc2ccc(NS(=O)(=O)c3cccs3)cc21,CCOC(=O)NC1=CC=C(C=C1)NS(=O)(=O)C2=CC(=CS2)C,B23R2.33724,340.421,PV-003015910924,CHEMBL2181930,NR3C2,enamine,VS_set_NR3C2_09737,7.0873446,0.1831726555652936,0.162748643761302,0.18021731330952542,1.8021731330952542,0,3.425720000000002,0,324,CC1(C)OC(=S)Nc2ccc(NS(=O)(=O)c3cccs3)cc21,207.74832,214.70135
VS_set_NR3C2_09739,CC1(C)OC(=S)Nc2ccc(NS(=O)(=O)c3cccs3)cc21,CCOC(=O)NC1=CC=C(C=C1)NS(=O)(=O)C2=CC=C(S2)Br,B23R2.33724,405.29,Z738153424,CHEMBL2181930,NR3C2,enamine,VS_set_NR3C2_09739,7.1384263,0.20335985853227231,0.18806509945750452,0.20077785567071857,2.0077785567071857,0,3.879800000000002,0,324,CC1(C)OC(=S)Nc2ccc(NS(=O)(=O)c3cccs3)cc21,193.89397,210.673
VS_set_NR3C2_09741,CC1(C)OC(=S)Nc2ccc(NS(=O)(=O)c3cccs3)cc21,CCOC(=O)NC1=CC=C(C=C1)NS(=O)(=O)C2=CC=C(S2)Cl,B23R2.33724,360.839,Z738153252,CHEMBL2181930,NR3C2,enamine,VS_set_NR3C2_09741,7.228958,0.1982142857142857,0.17951042611060744,0.19439320484542763,1.9439320484542764,0,3.7707000000000024,0,324,CC1(C)OC(=S)Nc2ccc(NS(=O)(=O)c3cccs3)cc21,196.39903,220.9026
VS_set_NR3C2_09826,O=C1COc2ccc(C=Cc3ccc(F)cc3F)cc2N1,O=C1COC2=CC=C(C=C2N1)NC(=O)C3=CC=C(C=C3F)F,B24R3.9232771,304.249,Z29215714,CHEMBL3775732;CHEMBL3774738;CHEMBL3774738;CHEMBL3775732,NR3C2,enamine,VS_set_NR3C2_09826,7.008009,0.12186379928315412,0.10550458715596331,0.11907792017031056,1.1907792017031056,0,2.548,0,734,CN(Cc1ccc2c(c1)NC(=O)CO2)c1ccc(F)cc1F,-103.35939,-357.99167
VS_set_NR3C2_09836,O=C1COc2ccc(C=Cc3ccc(F)cc3F)cc2N1,O=C1COC2=C(N1)C=CC=C2C=CC3=CC=C(C=C3)F,B22R3.14935990,269.271,PV-004312293432,CHEMBL3775732;CHEMBL3774738;CHEMBL3774738;CHEMBL3775732,NR3C2,enamine,VS_set_NR3C2_09836,7.127217,0.128686327077748,0.10600375234521577,0.12261569468991569,1.2261569468991569,0,3.3270000000000017,0,721,O=C1COc2ccc(C=Cc3ccc(F)cc3F)cc2N1,-56.95505,-146.42496
VS_set_NR3C2_09856,O=C1COc2ccc(C=Cc3ccc(F)cc3F)cc2N1,O=C1COC2=CC=C(C=C12)/C=C/C3=CC=CC=C3,B20R3.3235794,236.266,PV-006970299096,CHEMBL3775732;CHEMBL3774738;CHEMBL3774738;CHEMBL3775732,NR3C2,enamine,VS_set_NR3C2_09856,7.3003054,0.23118279569892472,0.22583559168925021,0.2292828988660396,2.292828988660396,0,3.432100000000002,0,450,CC(=C1c2ccccc2COc2ccccc21)c1cccc(NS(C)(=O)=O)c1,-66.353264,-368.80734
VS_set_NR3C2_09962,COc1cc(NS(C)(=O)=O)c2[nH]c(C)c(-c3cc(F)ccc3OC)c2c1,COC1=CC=C(C=C1NS(=O)(=O)C)NC(=O)C2=CC(=CC=C2OC)F,B26R2.256607959,368.382,Z296966736,CHEMBL3605924,NR3C2,enamine,VS_set_NR3C2_09962,7.173799,0.13446126447016918,0.1299385425812116,0.13260814792221587,1.3260814792221587,0,2.4667000000000003,0,860,Cc1c(C(=O)Nc2ccc(S(C)(=O)=O)cc2)cc(CCF)n1-c1ccc(F)cc1OC(F)F,-224.34128,68.5935
VS_set_NR3C2_09970,COc1cc(NS(C)(=O)=O)c2[nH]c(C)c(-c3cc(F)ccc3OC)c2c1,COC1=CC=C(C=C1NS(=O)(=O)C)NC(C)C2=CC(=CC=C2OC)Cl,B26R2.256607959,384.879,Z1612343108,CHEMBL3605924,NR3C2,enamine,VS_set_NR3C2_09970,7.3978558,0.10220264317180616,0.09485815602836879,0.10020104940346755,1.0020104940346755,1,3.9018000000000024,0,683,COC(=O)C(c1ccc(Cl)cc1Cl)n1ccc2c(NS(C)(=O)=O)cccc21,-204.43947,46.79251
VS_set_NR3C2_09993,COc1cc(NS(C)(=O)=O)c2[nH]c(C)c(-c3cc(F)ccc3OC)c2c1,COC1=CC=C(C=C1NS(=O)(=O)C)NC(=O)C2=COC3=CC=C(C=C23)F,B28R3.1222200784,378.377,PV-002597650786,CHEMBL3605924,NR3C2,enamine,VS_set_NR3C2_09993,7.3471212,0.11605584642233857,0.11149825783972125,0.11406070037018919,1.1406070037018918,0,3.204300000000001,0,860,Cc1c(C(=O)Nc2ccc(S(C)(=O)=O)cc2)cc(CCF)n1-c1ccc(F)cc1OC(F)F,-213.62358,64.999245
VS_set_NR3C2_10001,COc1cc(NS(C)(=O)=O)c2[nH]c(C)c(-c3cc(F)ccc3OC)c2c1,COC1=CC=CC=C1CC(=O)NC2=CC=C(C(=C2)NS(=O)(=O)C)OC,B26R2.65535342,364.418,Z296953102,CHEMBL3605924,NR3C2,enamine,VS_set_NR3C2_10001,7.085344,0.11764705882352941,0.11393514460999124,0.11629370290211745,1.1629370290211745,0,2.2565,0,860,Cc1c(C(=O)Nc2ccc(S(C)(=O)=O)cc2)cc(CCF)n1-c1ccc(F)cc1OC(F)F,-223.96732,43.300552
VS_set_NR3C2_10006,COc1cc(NS(C)(=O)=O)c2[nH]c(C)c(-c3cc(F)ccc3OC)c2c1,COC1=CC=C(C=C1CC(=O)NC2=CC=C(C(=C2)NS(=O)(=O)C)C)F,B26R2.47580012,366.409,Z1726003882,CHEMBL3605924,NR3C2,enamine,VS_set_NR3C2_10006,7.38782,0.11014744145706852,0.10254163014899212,0.1076788756266985,1.0767887562669851,0,2.6954200000000004,0,860,Cc1c(C(=O)Nc2ccc(S(C)(=O)=O)cc2)cc(CCF)n1-c1ccc(F)cc1OC(F)F,-234.1963,38.654495
VS_set_NR3C2_10018,COc1cc(NS(C)(=O)=O)c2[nH]c(C)c(-c3cc(F)ccc3OC)c2c1,COC1=CC=C(C(=C1)S(=O)(=O)C)NC(=O)C2=CSC3=CC=C(C=C23)F,B27R3.102178449,379.429,PV-007124164548,CHEMBL3605924,NR3C2,enamine,VS_set_NR3C2_10018,7.0827537,0.11759581881533102,0.11521547933157432,0.11668858035291485,1.1668858035291485,0,3.7048000000000023,0,674,COC(=O)C(C)(c1ccc(Cl)cc1)n1ccc2c(NS(C)(=O)=O)cccc21,-144.0223,65.51337
VS_set_NR3C2_10068,CC1=CC(C)(C)Nc2ccc3c(c21)COc1ccc([N+](=O)[O-])cc1-3,COC1=CC=C(C=C1C2=CC=C3NC(=O)C=C(C3=C2)C)[N+](=O)[O-],B25R3.60845863,310.305,PV-006644451320,CHEMBL64294,NR3C2,enamine,VS_set_NR3C2_10068,7.108531,0.14298401420959148,0.13097345132743363,0.1403708671023566,1.403708671023566,0,3.420320000000001,0,30,CC1=CC(C)(C)Nc2ccc3c(c21)COc1ccc([N+](=O)[O-])cc1-3,52.63986,254.16394
VS_set_NR3C2_10079,CC1=CC(C)(C)Nc2ccc3c(c21)COc1ccc([N+](=O)[O-])cc1-3,COC1=CC=C(C=C1C2=CC=C3N=C(C=C(C3=C2)C)N)[N+](=O)[O-],B25R3.60845863,309.32,PV-008056792022,CHEMBL64294,NR3C2,enamine,VS_set_NR3C2_10079,7.3914576,0.15538194444444445,0.13943161634103018,0.14921205822394193,1.4921205822394192,0,3.709220000000002,0,542,COc1cc(NS(C)(=O)=O)c2[nH]c(C)c(-c3cc(F)ccc3OC)c2c1,38.1195,251.2509
VS_set_NR3C2_10097,CC1=CC(C)(C)Nc2ccc3c(c21)COc1ccc([N+](=O)[O-])cc1-3,COC1=CC=C(C=C1C2=CC=C3C(=C2)C=CN3C)[N+](=O)[O-],B23R3.4998688,282.295,PV-006409278210,CHEMBL64294,NR3C2,enamine,VS_set_NR3C2_10097,7.076997,0.1678383128295255,0.15569395017793594,0.1617672416177146,1.617672416177146,0,3.762100000000003,0,30,CC1=CC(C)(C)Nc2ccc3c(c21)COc1ccc([N+](=O)[O-])cc1-3,17.178503,237.669
VS_set_NR3C2_10099,CC1=CC(C)(C)Nc2ccc3c(c21)COc1ccc([N+](=O)[O-])cc1-3,COC1=CC=C(C=C1C2=CC=C3NN=C(C3=C2)C)[N+](=O)[O-],B23R3.4998863,283.283,PV-006361320753,CHEMBL64294,NR3C2,enamine,VS_set_NR3C2_10099,7.0656447,0.15923009623797024,0.144,0.1554704911497385,1.554704911497385,0,3.4551200000000017,0,30,CC1=CC(C)(C)Nc2ccc3c(c21)COc1ccc([N+](=O)[O-])cc1-3,39.87361,266.98846
VS_set_NR3C2_10120,CC1=CC(C)(C)Nc2ccc3c(c21)COc1ccc([N+](=O)[O-])cc1-3,COC1=CC=C(C=C1C2=CC=C3N=CC=CC3=C2)[N+](=O)[O-],B23R3.4998804,280.279,PV-005140000610,CHEMBL64294,NR3C2,enamine,VS_set_NR3C2_10120,7.1862435,0.2005323868677906,0.1891891891891892,0.19678174402994905,1.9678174402994906,0,3.8186000000000027,0,540,COc1ccc(F)cc1-c1c[nH]c2c(NC(C)=O)cccc12,20.586828,248.98145
VS_set_NR3C2_10122,CC1=CC(C)(C)Nc2ccc3c(c21)COc1ccc([N+](=O)[O-])cc1-3,COC1=CC=C(C=C1C2=CC=C3N=CC(=C(C3=C2)C)N)[N+](=O)[O-],B25R3.5509832,309.32,PV-008185100129,CHEMBL64294,NR3C2,enamine,VS_set_NR3C2_10122,7.2018113,0.15122377622377622,0.13708260105448156,0.14472020400592073,1.4472020400592074,0,3.709220000000002,0,539,COc1cc(F)ccc1-c1c(CN(C)Cc2ccccc2)[nH]c2c(N)cc(F)cc12,38.275078,240.72212
VS_set_NR3C2_10138,CC1=CC(C)(C)Nc2ccc3c(c21)COc1ccc([N+](=O)[O-])cc1-3,CC1=CC(=O)NC2=CC=C(C=C12)C3=CC(=CC=C3)[N+](=O)[O-],B23R3.17669598,280.279,PV-004599539947,CHEMBL64294,NR3C2,enamine,VS_set_NR3C2_10138,7.0647974,0.17719298245614035,0.1660746003552398,0.17516045191417437,1.7516045191417438,0,3.4117200000000016,0,30,CC1=CC(C)(C)Nc2ccc3c(c21)COc1ccc([N+](=O)[O-])cc1-3,63.662056,254.25691
VS_set_NR3C2_10219,CC(=O)Oc1ccc(CCc2cc(C)c3c(c2)NC(=O)CO3)c(C)c1,COC1=CC=C(C(=C1)C)CNCC2=CC=C3OCC(=O)NC3=C2,B25R3.7781969,312.364,Z2226214975,CHEMBL4102708,NR3C2,enamine,VS_set_NR3C2_10219,7.1901884,0.12014134275618374,0.1127886323268206,0.11800389991776916,1.1800389991776916,0,2.62432,0,740,O=C1COc2ccc(CN3c4ccccc4COc4cc(F)ccc43)cc2N1,-144.70775,-275.8073
VS_set_NR3C2_10220,CC(=O)Oc1ccc(CCc2cc(C)c3c(c2)NC(=O)CO3)c(C)c1,CCOC1=CC=C(C(=C1)C)CNC2=CC=C3OCC(=O)NC3=C2,B25R3.25807975,312.364,Z2589594441,CHEMBL4102708,NR3C2,enamine,VS_set_NR3C2_10220,7.254709,0.11589113257243196,0.11091549295774648,0.11445842991739603,1.1445842991739603,0,3.3367200000000015,0,772,CC1CCc2ccccc2N1S(=O)(=O)c1ccc2c(c1)NC(=O)CO2,-182.10922,-288.33005
VS_set_NR3C2_10229,CC(=O)Oc1ccc(CCc2cc(C)c3c(c2)NC(=O)CO3)c(C)c1,CC1=CC(=CC=C1NCC2=CC=C3OCC(=O)NC3=C2)OCC(=O)N,B27R3.131901261,341.362,Z2225818173,CHEMBL4102708,NR3C2,enamine,VS_set_NR3C2_10229,7.035842,0.11375661375661375,0.1035103510351035,0.11121303019906739,1.1121303019906739,0,1.8021199999999988,0,734,CN(Cc1ccc2c(c1)NC(=O)CO2)c1ccc(F)cc1F,-147.22522,-293.74005
VS_set_NR3C2_10231,CC(=O)Oc1ccc(CCc2cc(C)c3c(c2)NC(=O)CO3)c(C)c1,CCOC1=CC=C(C(=C1)C)CNCC2=CC=C(C=C2)OCC(=O)N,B25R2.797217,328.406,Z2589656737,CHEMBL4102708,NR3C2,enamine,VS_set_NR3C2_10231,7.360914,0.22715404699738903,0.21863799283154123,0.22451374853686717,2.2451374853686716,0,2.5476199999999993,0,626,CC(=O)Oc1ccc(CCc2cc(C)c3c(c2)NC(=O)CO3)c(C)c1,-229.22038,-289.7181
VS_set_NR3C2_10235,CC(=O)Oc1ccc(CCc2cc(C)c3c(c2)NC(=O)CO3)c(C)c1,CCOC1=CC=C(C(=C1)C)CNC(C)C2=CC=C3OCC(=O)NC3=C2,B27R3.39404292,340.417,Z2589538043,CHEMBL4102708,NR3C2,enamine,VS_set_NR3C2_10235,7.235016,0.09585492227979274,0.09273840769903761,0.09414227618760353,0.9414227618760352,1,3.575420000000002,0,772,CC1CCc2ccccc2N1S(=O)(=O)c1ccc2c(c1)NC(=O)CO2,-126.64637,-271.88412
VS_set_NR3C2_10236,CC(=O)Oc1ccc(CCc2cc(C)c3c(c2)NC(=O)CO3)c(C)c1,CCCOC1=CC=C(C(=C1)C)CNCC2=CC=C3OCC(=O)NC3=C2,B27R3.53314041,340.417,Z2226484106,CHEMBL4102708,NR3C2,enamine,VS_set_NR3C2_10236,7.184564,0.1137357830271216,0.10846560846560846,0.11110004121571257,1.1110004121571257,0,3.4045200000000015,0,740,O=C1COc2ccc(CN3c4ccccc4COc4cc(F)ccc43)cc2N1,-151.17485,-267.34283
VS_set_NR3C2_10237,CC(=O)Oc1ccc(CCc2cc(C)c3c(c2)NC(=O)CO3)c(C)c1,CCOC1=CC=C(C(=C1)C)CNCC2=CC=C(C(=C2)OC)OCC(=O)N,B27R2.29798876,358.432,Z2589658932,CHEMBL4102708,NR3C2,enamine,VS_set_NR3C2_10237,7.4799786,0.2027729636048527,0.19014084507042253,0.19922147064650603,1.9922147064650602,0,2.5562199999999997,0,437,CCC(Cc1ccc(OC)c(C)c1C)NS(=O)(=O)c1c(C)cc(C)cc1C,-236.59424,-283.18085
VS_set_NR3C2_10238,CC(=O)Oc1ccc(CCc2cc(C)c3c(c2)NC(=O)CO3)c(C)c1,CCOC1=CC=C(C(=C1)C)CNCC2=CC=C3OC(=O)NC3=C2,B25R3.25805404,312.364,Z2794128255,CHEMBL4102708,NR3C2,enamine,VS_set_NR3C2_10238,7.021003,0.13766233766233765,0.13280562884784522,0.13600411981499522,1.3600411981499523,0,3.1180200000000005,0,437,CCC(Cc1ccc(OC)c(C)c1C)NS(=O)(=O)c1c(C)cc(C)cc1C,-166.32872,-254.2238
VS_set_NR3C2_10240,CC(=O)Oc1ccc(CCc2cc(C)c3c(c2)NC(=O)CO3)c(C)c1,CCOC1=CC=C(C(=C1)C)CNC2=CC=C(C=C2)OCC(=O)N,B24R2.661236,314.38,Z2589597729,CHEMBL4102708,NR3C2,enamine,VS_set_NR3C2_10240,7.312387,0.18333333333333332,0.17399103139013453,0.17964091657191802,1.7964091657191803,0,2.8699200000000005,0,626,CC(=O)Oc1ccc(CCc2cc(C)c3c(c2)NC(=O)CO3)c(C)c1,-204.46701,-284.79388
VS_set_NR3C2_10247,CC(=O)Oc1ccc(CCc2cc(C)c3c(c2)NC(=O)CO3)c(C)c1,CCCOC1=CC=C(C(=C1)C)CNC2=CC=C3OCC(=O)NC3=C2,B26R3.46449417,326.39,Z2589594446,CHEMBL4102708,NR3C2,enamine,VS_set_NR3C2_10247,7.071314,0.10683012259194395,0.10414827890556046,0.1054566413984412,1.054566413984412,0,3.726820000000002,0,743,O=C1COc2ccc(C(=O)N3CCCc4ccccc43)cc2N1,-169.60936,-283.0293
VS_set_NR3C2_10251,CC(=O)Oc1ccc(CCc2cc(C)c3c(c2)NC(=O)CO3)c(C)c1,CCOC1=CC=C(C(=C1)C)CNC2=CC=C3OCC(=O)N(C3=C2)C,B26R3.215171292,326.39,Z2589879653,CHEMBL4102708,NR3C2,enamine,VS_set_NR3C2_10251,7.3418393,0.13081650570676032,0.129004329004329,0.12975358457352312,1.2975358457352313,0,3.3610200000000017,0,801,CNC(=O)CC1COc2ccccc2N1C(=O)c1ccc2c(c1)NC(=O)CO2,-192.38782,-263.8785
VS_set_NR3C2_10264,CC(=O)Oc1ccc(CCc2cc(C)c3c(c2)NC(=O)CO3)c(C)c1,COC1=CC=C(C(=C1)C)C(C)NC2=CC=C3OCC(=O)NC3=C2,B25R3.7744247,312.364,Z2351050434,CHEMBL4102708,NR3C2,enamine,VS_set_NR3C2_10264,7.175042,0.09578207381370826,0.09154929577464789,0.09375429887799787,0.9375429887799787,1,3.507620000000001,0,663,Cc1ccc(C2CCCCN2S(=O)(=O)c2ccc3c(c2)NC(=O)CO3)cc1,-125.11746,-250.04726
VS_set_NR3C2_10269,CC(=O)Oc1ccc(CCc2cc(C)c3c(c2)NC(=O)CO3)c(C)c1,COC1=CC=C(C(=C1)C)CNC2=CC=C3OCC(=O)N(C3=C2)C,B25R3.64208029,312.364,Z2920145766,CHEMBL4102708,NR3C2,enamine,VS_set_NR3C2_10269,7.4248276,0.13192612137203166,0.12928759894459102,0.13071334447568567,1.3071334447568568,0,2.9709200000000013,0,437,CCC(Cc1ccc(OC)c(C)c1C)NS(=O)(=O)c1c(C)cc(C)cc1C,-197.34633,-254.05286
VS_set_NR3C2_10279,CC(=O)Oc1ccc(CCc2cc(C)c3c(c2)NC(=O)CO3)c(C)c1,CC(=O)NC1=CC=C2CCN(CC2=C1)CC3=CC=C4OCC(=O)NC4=C3,B29R4.26085655,351.4,Z2830404533,CHEMBL4102708,NR3C2,enamine,VS_set_NR3C2_10279,7.4288244,0.09887250650477017,0.09241499564080209,0.09588789971404406,0.9588789971404406,0,2.5342000000000002,0,801,CNC(=O)CC1COc2ccccc2N1C(=O)c1ccc2c(c1)NC(=O)CO2,-6.312895,-266.20386
VS_set_NR3C2_10285,CC(=O)Oc1ccc(CCc2cc(C)c3c(c2)NC(=O)CO3)c(C)c1,CC1=CC=C(C(=C1)C)CNC2=CC=C3OCC(=O)NC3=C2,B23R3.8255661,282.338,Z636600494,CHEMBL4102708,NR3C2,enamine,VS_set_NR3C2_10285,7.0801535,0.1157613535173642,0.1126005361930295,0.11468625218225821,1.146862521822582,0,3.2464400000000007,0,383,CC1(F)OC(=O)C(c2ccc(F)cc2)=C1c1ccc2c(c1)NC(=O)CO2,-179.3469,-308.26126
VS_set_NR3C2_10356,NC(=O)Nc1cc(-c2ccnn2C2CCCC2)ccn1,O=C1NC2=CC=C(C=C2N1)C3=NN(C=C3)C4CCCC4,B23R4.49619,268.314,Z3548844885,CHEMBL3643650,NR3C2,enamine,VS_set_NR3C2_10356,7.0154533,0.11345646437994723,0.10451727192205491,0.11063281430081631,1.106328143008163,0,2.8348000000000013,0,50,Cn1c(=O)cc(C(F)(F)F)c2cc3c(cc21)NC1CCCCC31,-54.110874,-3.1157873
VS_set_NR3C2_10373,N=C(c1ccc2c(c1)NC(=O)CO2)C(Sc3nnc[nH]3)c4ccccc4,CN1C(=O)COC2=CC=C(C=C12)NC(C3=CC=CC=C3)C4=NN=CN4,B28R4.18030049,335.361,Z2148954078,CHEMBL4577956,NR3C2,enamine,VS_set_NR3C2_10373,7.2586045,0.1028770706190061,0.09623797025371829,0.10055589499493918,1.0055589499493918,1,2.3613999999999997,0,772,CC1CCc2ccccc2N1S(=O)(=O)c1ccc2c(c1)NC(=O)CO2,-150.47395,-191.21996
VS_set_NR3C2_10374,N=C(c1ccc2c(c1)NC(=O)CO2)C(Sc3nnc[nH]3)c4ccccc4,O=C1COC2=CC=C(C=C2N1)NC(C3=CC=C(C=C3)F)C4=NN=CN4,B28R4.46588948,339.324,Z2221345898,CHEMBL4577956,NR3C2,enamine,VS_set_NR3C2_10374,7.032209,0.08045977011494253,0.07597173144876325,0.07869146670536449,0.7869146670536449,1,2.4762000000000004,0,847,Cc1nn(CC(C)C)c(-c2ccc(F)cc2)c1-c1ccc2c(c1)NC(=O)CO2,-133.42584,-210.87044
VS_set_NR3C2_10383,N=C(c1ccc2c(c1)NC(=O)CO2)C(Sc3nnc[nH]3)c4ccccc4,O=C1COC2=CC=C(C=C2N1)NC(=O)NC(C3=CC=CC=C3)C4=NN=CN4,B30R4.21444157,364.359,Z1700077992,CHEMBL4577956,NR3C2,enamine,VS_set_NR3C2_10383,7.0847397,0.08955223880597014,0.07876106194690266,0.08573934884397208,0.8573934884397207,1,2.0466999999999995,0,661,N=C(c1ccc2c(c1)NC(=O)CO2)C(Sc1nnc[nH]1)c1ccccc1,-120.81635,-194.69205
VS_set_NR3C2_10413,N=C(c1ccc2c(c1)NC(=O)CO2)C(Sc3nnc[nH]3)c4ccccc4,CN1C(=O)COC2=CC=C(C=C12)NC(C3=CC=C(C=C3)F)C4=NN=CN4,B29R4.24543090,353.351,Z2221381317,CHEMBL4577956,NR3C2,enamine,VS_set_NR3C2_10413,7.288382,0.09853068280034573,0.09598603839441536,0.09755751388422497,0.9755751388422497,1,2.5004999999999997,0,793,CC1CN(c2ccc3c(n2)NC(=O)CO3)C(c2ccc(F)cc2)CO1,-149.60329,-203.76012
VS_set_NR3C2_10414,N=C(c1ccc2c(c1)NC(=O)CO2)C(Sc3nnc[nH]3)c4ccccc4,O=C1COC2=C(N1)C=CC=C2C(=O)NC(C3=CC=CC=C3)C4=NN=CN4,B29R4.3205524,349.344,Z1624175214,CHEMBL4577956,NR3C2,enamine,VS_set_NR3C2_10414,7.531897,0.10218340611353711,0.09242957746478873,0.09926562163306987,0.9926562163306987,1,1.6549999999999996,0,661,N=C(c1ccc2c(c1)NC(=O)CO2)C(Sc1nnc[nH]1)c1ccccc1,-108.40263,-173.00404
VS_set_NR3C2_10425,N=C(c1ccc2c(c1)NC(=O)CO2)C(Sc3nnc[nH]3)c4ccccc4,CN1C(=O)COC2=CC=C(C=C12)NC(=O)NC(C3=CC=CC=C3)C4=NN=CN4,B31R4.35571712,378.385,Z1700452507,CHEMBL4577956,NR3C2,enamine,VS_set_NR3C2_10425,7.3618712,0.10251954821894005,0.09853068280034573,0.1014510865896185,1.014510865896185,1,2.0709999999999997,0,801,CNC(=O)CC1COc2ccccc2N1C(=O)c1ccc2c(c1)NC(=O)CO2,-134.99011,-190.52257
VS_set_NR3C2_10428,N=C(c1ccc2c(c1)NC(=O)CO2)C(Sc3nnc[nH]3)c4ccccc4,O=C1COC2=C(N1)C(=CC=C2)C(=O)NC(C3=CC=CC=C3)C4=NN=CN4,B29R4.3109126,349.344,PV-002281486272,CHEMBL4577956,NR3C2,enamine,VS_set_NR3C2_10428,7.1589828,0.09815950920245399,0.09162995594713656,0.09593400047233235,0.9593400047233235,1,1.6549999999999996,0,661,N=C(c1ccc2c(c1)NC(=O)CO2)C(Sc1nnc[nH]1)c1ccccc1,-120.45588,-178.84418
VS_set_NR3C2_10440,N=C(c1ccc2c(c1)NC(=O)CO2)C(Sc3nnc[nH]3)c4ccccc4,O=C1COC2=C(N1)C=CC=C2C(=O)NC(CC3=NN=CN3)C4=CC=CC=C4,B30R4.22361244,363.371,Z1752327897,CHEMBL4577956,NR3C2,enamine,VS_set_NR3C2_10440,7.0356045,0.0993897122929381,0.09465381244522349,0.0978125814607466,0.9781258146074661,1,1.8493999999999995,0,661,N=C(c1ccc2c(c1)NC(=O)CO2)C(Sc1nnc[nH]1)c1ccccc1,-106.60518,-160.64513
VS_set_NR3C2_10473,CC1CN(c2cc3c(cn2)OCC(=O)N3)C(c2ccccc2F)CO1,CC1CC(N(C1)CC2=CC=C3OCC(=O)NC3=C2)C4=CC=CC=C4F,B28R4.113261872,340.392,Z2225746245,CHEMBL4069468,NR3C2,enamine,VS_set_NR3C2_10473,7.065786,0.08165057067603161,0.06382978723404255,0.07603147729495466,0.7603147729495465,2,3.7397000000000027,0,628,CC1CN(c2ccc3c(c2)NC(=O)CO3)C(c2ccccc2F)CO1,-31.689667,-242.61285
VS_set_NR3C2_10512,CC1CN(c2cc3c(cn2)OCC(=O)N3)C(c2ccccc2F)CO1,O=C1COC2=C(N1)C=C(N=C2)N3CCCC3C4=CC(=CC(=C4F)F)F,B28R4.113258881,349.308,Z5373121846,CHEMBL4069468,NR3C2,enamine,VS_set_NR3C2_10512,7.203707,0.07631578947368421,0.051418439716312055,0.07054513413165446,0.7054513413165446,1,3.1713000000000013,0,630,CC1CN(c2cc3c(cn2)OCC(=O)N3)C(c2ccccc2F)CO1,-4.36251,-177.52647
VS_set_NR3C2_10588,CS(=O)(=O)Nc1cccc2cc[nH]c12,CS(=O)(=O)NC1=CC=CC2=C1NC=C2Cl,B16R2.2249,244.699,Z5380048377,CHEMBL3605925,NR3C2,enamine,VS_set_NR3C2_10588,7.0932226,0.1592128801431127,0.094662638469285,0.1341002688910345,1.341002688910345,0,2.1928,0,543,CS(=O)(=O)Nc1cccc2cc[nH]c12,-205.04865,-20.072247
VS_set_NR3C2_10619,CS(=O)(=O)Nc1cccc2cc[nH]c12,CS(=O)(=O)NC1=C2NN=CC2=CC(=C1)Cl,B16R2.3963,245.687,PV-002985191370,CHEMBL3605925,NR3C2,enamine,VS_set_NR3C2_10619,7.2668853,0.1864864864864865,0.17238183503243745,0.1828581670366523,1.828581670366523,0,1.5877999999999997,0,549,CS(=O)(=O)Nc1cccc2c(-c3cccc(Cl)c3)c[nH]c12,-194.48647,-11.081795
VS_set_NR3C2_10627,CS(=O)(=O)Nc1cccc2cc[nH]c12,CS(=O)(=O)NC1=CC=CC2=CC=CC=C12,B16R2.248309,221.277,Z45635015,CHEMBL3605925,NR3C2,enamine,VS_set_NR3C2_10627,7.37067,0.3777994157740993,0.3096085409252669,0.3508634566266996,3.508634566266996,0,2.2112999999999996,0,692,CN(c1ccccc1)c1ccc(NS(C)(=O)=O)cc1,-373.32446,-71.40113
VS_set_NR3C2_10628,CS(=O)(=O)Nc1cccc2cc[nH]c12,CS(=O)(=O)NC1=CC=CC2=CN=CC=C12,B16R2.248309,222.265,Z3232354108,CHEMBL3605925,NR3C2,enamine,VS_set_NR3C2_10628,7.267372,0.28256880733944956,0.22857142857142856,0.2735370357993398,2.735370357993398,0,1.6062999999999998,0,543,CS(=O)(=O)Nc1cccc2cc[nH]c12,-382.4279,-57.48436
VS_set_NR3C2_10637,CS(=O)(=O)Nc1cccc2cc[nH]c12,CS(=O)(=O)NC1=CC=CC(=C1)CC(=O)N,B15R1.1082,228.27,Z1144457115,CHEMBL3605925,NR3C2,enamine,VS_set_NR3C2_10637,7.0643625,0.23369565217391305,0.21052631578947367,0.23005451058529838,2.3005451058529838,0,0.08589999999999998,0,449,CS(=O)(=O)Nc1cccc(C=C2c3ccccc3CCc3ccccc32)c1,-320.5128,-50.959663
VS_set_NR3C2_10640,CS(=O)(=O)Nc1cccc2cc[nH]c12,CC1=CC2=CC=CC(=C2C=N1)NS(=O)(=O)C,B17R2.3463,236.292,Z5463929813,CHEMBL3605925,NR3C2,enamine,VS_set_NR3C2_10640,7.0096607,0.22583559168925021,0.21047430830039526,0.221469141741882,2.21469141741882,0,1.9147199999999998,0,543,CS(=O)(=O)Nc1cccc2cc[nH]c12,-387.63022,-45.221054
VS_set_NR3C2_10644,CS(=O)(=O)Nc1cccc2cc[nH]c12,CC1=CC=C2C=CC=C(C2=N1)NS(=O)(=O)C,B17R2.19927,236.292,Z1067979382,CHEMBL3605925,NR3C2,enamine,VS_set_NR3C2_10644,7.019792,0.20199275362318841,0.15531062124248496,0.19368743719041887,1.9368743719041885,0,1.9147199999999998,0,543,CS(=O)(=O)Nc1cccc2cc[nH]c12,-392.2544,-25.658876
VS_set_NR3C2_10645,CS(=O)(=O)Nc1cccc2cc[nH]c12,CS(=O)(=O)NC1=CC=CC2=C1NC(=O)CO2,B17R2.19927,242.253,PV-002772062093,CHEMBL3605925,NR3C2,enamine,VS_set_NR3C2_10645,7.171062,0.14171122994652408,0.13814616755793227,0.14016269298949524,1.4016269298949524,0,0.3889999999999999,0,772,CC1CCc2ccccc2N1S(=O)(=O)c1ccc2c(c1)NC(=O)CO2,-275.79688,-177.00125
VS_set_NR3C2_10659,CS(=O)(=O)Nc1cccc2cc[nH]c12,C=CC1=CC(=CC=C1C)NS(=O)(=O)C,B14R1.3412,211.282,PV-002867418851,CHEMBL3605925,NR3C2,enamine,VS_set_NR3C2_10659,7.010813,0.24932249322493225,0.21157495256166983,0.24259657333784346,2.4259657333784346,0,2.0095199999999998,0,449,CS(=O)(=O)Nc1cccc(C=C2c3ccccc3CCc3ccccc32)c1,-306.18488,-53.63342
VS_set_NR3C2_10667,CCCC1=C(C(=O)OCC)C(c2ccnc3ccccc23)C(C#N)=C(C)N1,CCCC1=C(C(NC(=S)N1)C2=CSC3=CC=CC=C23)C(=O)OCC,B26R3.6641666,360.496,Z218971728,CHEMBL1094797;CHEMBL1098089;CHEMBL1094796,NR3C2,enamine,VS_set_NR3C2_10667,7.009901,0.09369527145359019,0.07325684024713151,0.0872142440280845,0.8721424402808451,1,4.0374000000000025,0,769,CCCC1=C(C(=O)OCC)C(c2ccnc3ccccc23)C(C#N)=C(C)N1,63.649418,84.9678
VS_set_NR3C2_10736,CCCC1=C(C(=O)OCC)C(c2ccnc3ccccc23)C(C#N)=C(C)N1,CCOC(=O)C1=C(NC(=O)NC1C2=CC=CC3=CC=NC=C23)C,B25R3.27458679,311.336,PV-005701439186,CHEMBL1094797;CHEMBL1098089;CHEMBL1094796,NR3C2,enamine,VS_set_NR3C2_10736,7.0071607,0.09385964912280702,0.07161803713527852,0.0856821719585976,0.8568217195859761,1,2.4258000000000006,0,325,CCOC(=O)C1=C(C)NC(C)=C(C(C)=O)C1c1cccc2c(=O)cc(C)oc12,54.89357,98.86742
VS_set_NR3C2_10744,CCN1C(C)=C(C#N)C(c2ccc(F)cc2F)C(C(=O)OC(C)(C)C)=C1C,CCOC(=O)C1=C(N(C(=O)NC1C2=CC=C(C=C2F)F)CC)C,B24R2.14260363,324.323,Z46739994,CHEMBL1215328,NR3C2,enamine,VS_set_NR3C2_10744,7.0952168,0.09098939929328621,0.07862190812720848,0.08787477059275399,0.8787477059275399,1,2.8881000000000014,0,325,CCOC(=O)C1=C(C)NC(C)=C(C(C)=O)C1c1cccc2c(=O)cc(C)oc12,30.553436,80.90505
VS_set_NR3C2_10754,CCN1C(C)=C(C#N)C(c2ccc(F)cc2F)C(C(=O)OC(C)(C)C)=C1C,CCN1C(=O)NC(C(=C1C)C(=O)OC(C)C)C2=CC=C(C=C2F)Br,B25R2.6995194,399.255,Z46746643,CHEMBL1215328,NR3C2,enamine,VS_set_NR3C2_10754,7.152551,0.09527972027972027,0.08267370272647317,0.09027710782192974,0.9027710782192974,1,3.900000000000003,0,619,CC(=O)C1=C(C)NC(C)=C(C(=O)OC(C)C)C1c1cccc2c(=O)cc(C)oc12,49.054985,65.66144
VS_set_NR3C2_10777,CCN1C(C)=C(C#N)C(c2ccc(F)cc2F)C(C(=O)OC(C)(C)C)=C1C,CCN(C(=O)C(=O)C1=CC=C(C=C1F)F)C(C)C(=O)OC(C)(C)C,B24R1.153306767,341.35,Z3948341480,CHEMBL1215328,NR3C2,enamine,VS_set_NR3C2_10777,7.281064,0.17150395778364116,0.16681376875551632,0.16945547117747312,1.694554711774731,1,2.7262000000000013,0,98,Cc1ccc(F)cc1C(C)(C)CC(O)(Cn1ccc(=O)c2ccccc21)C(F)(F)F,-9.217265,105.23073
VS_set_NR3C2_10788,CCN1C(C)=C(C#N)C(c2ccc(F)cc2F)C(C(=O)OC(C)(C)C)=C1C,CC1=C(C(NC(=O)N1C)C2=CC=C(C=C2F)Br)C(=O)OC(C)C,B24R2.6389575,385.228,Z47022114,CHEMBL1215328,NR3C2,enamine,VS_set_NR3C2_10788,7.0987797,0.09702797202797203,0.08465608465608465,0.09198767542647372,0.9198767542647373,1,3.5099000000000027,0,619,CC(=O)C1=C(C)NC(C)=C(C(=O)OC(C)C)C1c1cccc2c(=O)cc(C)oc12,48.75141,53.647472
VS_set_NR3C2_10792,CCN1C(C)=C(C#N)C(c2ccc(F)cc2F)C(C(=O)OC(C)(C)C)=C1C,CCOC(=O)C1=C(N(C(=O)NC1C2=CC=C(C=C2F)Br)CC)C,B24R2.14260363,385.228,Z46739911,CHEMBL1215328,NR3C2,enamine,VS_set_NR3C2_10792,7.5117593,0.09306409130816505,0.07936507936507936,0.08959173750723919,0.8959173750723919,1,3.5115000000000025,0,325,CCOC(=O)C1=C(C)NC(C)=C(C(C)=O)C1c1cccc2c(=O)cc(C)oc12,35.927883,67.48163
VS_set_NR3C2_10793,CCN1C(C)=C(C#N)C(c2ccc(F)cc2F)C(C(=O)OC(C)(C)C)=C1C,CCOC(=O)C1=C(N(C(=O)NC1C2=CC=C(C=C2F)Cl)CC)C,B24R2.14260363,340.778,Z1783285508,CHEMBL1215328,NR3C2,enamine,VS_set_NR3C2_10793,7.186353,0.09394205443371378,0.08105726872246696,0.08791748475495928,0.8791748475495929,1,3.4024000000000028,0,325,CCOC(=O)C1=C(C)NC(C)=C(C(C)=O)C1c1cccc2c(=O)cc(C)oc12,43.932575,79.55913
VS_set_NR3C2_10809,CCN1C(C)=C(C#N)C(c2ccc(F)cc2F)C(C(=O)OC(C)(C)C)=C1C,CCOC(=O)C1=C(N(C(=O)NC1C2=CC=C(C=C2C)F)CC)C,B24R2.14260363,320.359,Z997725282,CHEMBL1215328,NR3C2,enamine,VS_set_NR3C2_10809,7.2159047,0.09058927000879508,0.08120035304501325,0.08780922883413884,0.8780922883413884,1,3.0574200000000022,0,325,CCOC(=O)C1=C(C)NC(C)=C(C(C)=O)C1c1cccc2c(=O)cc(C)oc12,22.052237,90.07144
VS_set_NR3C2_10810,CCN1C(C)=C(C#N)C(c2ccc(F)cc2F)C(C(=O)OC(C)(C)C)=C1C,CCOC(=O)C1=C(N(C(=O)NC1C2=CC=C(C=C2F)C)CC)C,B24R2.14260363,320.359,PV-002758785664,CHEMBL1215328,NR3C2,enamine,VS_set_NR3C2_10810,7.1582985,0.09361329833770779,0.08105726872246696,0.08883295259797094,0.8883295259797095,1,3.0574200000000022,0,325,CCOC(=O)C1=C(C)NC(C)=C(C(C)=O)C1c1cccc2c(=O)cc(C)oc12,22.869184,71.19297
VS_set_NR3C2_10826,CCC(Cn1ccc2ccccc21)NS(=O)(=O)c1c(N)cc(Cl)cc1Cl,CCC(CN1C=CC2=CC=CC=C12)NC(=O)C3=C(C=CC=C3C)N,B26R3.57924422,321.417,PV-007519516739,CHEMBL3093461,NR3C2,enamine,VS_set_NR3C2_10826,7.0032377,0.10182767624020887,0.058666666666666666,0.09113618822794306,0.9113618822794306,1,3.740520000000001,0,407,CCC(Cn1ccc2ccccc21)NS(=O)(=O)c1c(N)cc(Cl)cc1Cl,-34.34309,129.16084
VS_set_NR3C2_10880,CCC(Cn1ccc2ccccc21)NS(=O)(=O)c1c(N)cc(Cl)cc1Cl,CCC(CN1C=CC2=CC=CC=C12)NC(=O)C3=C(C(=CC=C3)C)N,B26R3.191817,321.417,PV-006801348062,CHEMBL3093461,NR3C2,enamine,VS_set_NR3C2_10880,7.022299,0.1049436253252385,0.06914893617021277,0.0958662568902884,0.9586625689028839,1,3.740520000000001,0,407,CCC(Cn1ccc2ccccc21)NS(=O)(=O)c1c(N)cc(Cl)cc1Cl,-43.129494,131.70511
VS_set_NR3C2_11003,COc1ccccc1CCc1cccc(NC(N)=O)n1,NC(=O)C1=CC=CC(=N1)NCC2COC3=CC=CC=C23,B22R3.35202,269.299,PV-002969455277,CHEMBL4075462;CHEMBL4075462,NR3C2,enamine,VS_set_NR3C2_11003,7.2771163,0.09683098591549295,0.09218612818261633,0.09555969479867199,0.9555969479867199,1,1.7685999999999997,0,800,NC(=O)CC1COc2ccccc2N1C(=O)c1ccc2c(c1)NC(=O)CO2,-48.05599,36.169666
VS_set_NR3C2_11135,NS(=O)(=O)CC1COc2cc(F)ccc2N1C(=O)c3ccc4cc[nH]c4c3,CN1C=CC2=CC=C(C=C12)C(=O)NC3=NC=CC=C3OCCS(=O)(=O)C,B28R3.1918649651,373.428,PV-006181233861,CHEMBL4442787;CHEMBL4442787,NR3C2,enamine,VS_set_NR3C2_11135,7.0792317,0.11351819757365685,0.11053089643167972,0.11198751778645222,1.1198751778645222,0,2.2490000000000006,0,660,CC1COc2cccnc2N1C(=O)c1ccc2c(c1)NC(=O)CO2,-124.62451,190.09875
VS_set_NR3C2_11137,NS(=O)(=O)CC1COc2cc(F)ccc2N1C(=O)c3ccc4cc[nH]c4c3,CS(=O)(=O)CC(NC(=O)C1=CC=C2C=COC2=C1)C3=CC=CC=C3,B26R3.32299081,343.399,PV-003012313971,CHEMBL4442787;CHEMBL4442787,NR3C2,enamine,VS_set_NR3C2_11137,7.123663,0.12610229276895943,0.12302284710017575,0.12502162646745138,1.2502162646745139,1,2.948500000000002,0,871,CC(c1ccccc1)N1C(=O)OC(Cc2ccccc2)(C(=O)NC2CC(c3ccccc3)C2)C1=O,-116.44967,-107.36679
VS_set_NR3C2_11160,Cc1nc(C)c(C2=NN(c3ccc(C#N)cc3)C(c3ccc(F)cc3)C2)s1,CC1=NC(=C(S1)C(=O)NC(C2=CC=C(C=C2)F)C3=CC=C(C=C3)F)C,B27R3.2778283,358.407,Z812117090,CHEMBL1215693,NR3C2,enamine,VS_set_NR3C2_11160,7.4268703,0.17548500881834214,0.16934046345811052,0.17375011980096183,1.7375011980096184,0,4.557540000000003,0,207,Cc1nc(C)c(C2=NN(c3ccc(C#N)cc3)C(c3ccc(F)cc3)C2)s1,-214.34792,188.14651
VS_set_NR3C2_11163,Cc1nc(C)c(C2=NN(c3ccc(C#N)cc3)C(c3ccc(F)cc3)C2)s1,COC1=CC=C(C=C1)C(CC2=CC=C(C=C2)F)NC(=O)C3=C(N=C(S3)C)C,B29R3.50788324,384.469,Z872204038,CHEMBL1215693,NR3C2,enamine,VS_set_NR3C2_11163,7.0794106,0.11790017211703958,0.11130434782608696,0.11549014899538972,1.1549014899538972,1,4.621440000000004,0,341,COc1cc(CNC(=O)C2(Cc3ccc(F)cc3)OC(=O)N(C(C)c3ccccc3)C2=O)cc(OC)c1,-196.24635,-103.39304
VS_set_NR3C2_11164,Cc1nc(C)c(C2=NN(c3ccc(C#N)cc3)C(c3ccc(F)cc3)C2)s1,COC1=CC=C(C=C1)C(NC(=O)C2=C(N=C(S2)C)C)C3=CC=C(C=C3)F,B28R3.47508,370.442,Z817045700,CHEMBL1215693,NR3C2,enamine,VS_set_NR3C2_11164,7.276922,0.1551270815074496,0.1488042515500443,0.15272839737517396,1.5272839737517396,1,4.427040000000003,0,212,COc1ccc(N2N=C(c3ccc(C(=O)O)cc3)CC2c2ccc(F)cc2)cc1,-226.45801,184.1566
VS_set_NR3C2_11175,Cc1nc(C)c(C2=NN(c3ccc(C#N)cc3)C(c3ccc(F)cc3)C2)s1,CC1=CC=C(C=C1)C(NC(=O)C2=C(N=C(S2)C)C)C3=CC=CC=C3,B26R3.2646235,336.452,Z28599194,CHEMBL1215693,NR3C2,enamine,VS_set_NR3C2_11175,7.0935884,0.1826163301141352,0.18005295675198588,0.18157727928039716,1.8157727928039715,1,4.587760000000004,0,871,CC(c1ccccc1)N1C(=O)OC(Cc2ccccc2)(C(=O)NC2CC(c3ccccc3)C2)C1=O,-211.89133,201.54512
VS_set_NR3C2_11176,Cc1nc(C)c(C2=NN(c3ccc(C#N)cc3)C(c3ccc(F)cc3)C2)s1,CC1=NC(=C(S1)C(=O)NC(C2=CC=CC=C2)C3=CC=C(C=C3)F)C,B26R3.2646235,340.416,Z338542004,CHEMBL1215693,NR3C2,enamine,VS_set_NR3C2_11176,7.384436,0.17235345581802275,0.16519434628975266,0.16986817606612728,1.6986817606612727,1,4.418440000000003,0,362,CC(c1ccc(F)cc1)N1C(=O)OC(Cc2ccccc2)(C(=O)Nc2ccccc2)C1=O,-223.93611,197.342
VS_set_NR3C2_11214,Cc1nc(C)c(C2=NN(c3ccc(C#N)cc3)C(c3ccc(F)cc3)C2)s1,CC1=NC(=C(S1)C(=O)N(CC2=CC=CN=C2)C3=CC=C(C=C3)F)C,B26R3.43185321,341.404,Z738735212,CHEMBL1215693,NR3C2,enamine,VS_set_NR3C2_11214,7.0047746,0.13426329555361813,0.11785714285714285,0.12957745268844756,1.2957745268844756,0,4.141040000000003,0,723,O=C1COc2ccc(N(Cc3cccnc3)c3ccc(F)cc3)cc2N1,-78.51024,-126.837135
VS_set_NR3C2_11398,Cc1c(C(=O)Nc2ccc(S(C)(=O)=O)cc2)cn(CCO)c1-c1ccccc1C(F)(F)F,CS(=O)(=O)C1=CC=C(C=C1)NC(=O)C2=CC=C(O2)C3=CC=CC=C3C(F)(F)F,B30R3.8332007,409.381,Z1830759635,CHEMBL2181932;CHEMBL2181932,NR3C2,enamine,VS_set_NR3C2_11398,7.2676396,0.14173228346456693,0.10125448028673835,0.1236130587073114,1.236130587073114,0,4.621200000000003,0,780,Cc1c(C(=O)Nc2ccc(S(C)(=O)=O)cc2)cn(CCO)c1-c1ccccc1C(F)(F)F,-82.5545,-80.29608
VS_set_NR3C2_11399,Cc1c(C(=O)Nc2ccc(S(C)(=O)=O)cc2)cn(CCO)c1-c1ccccc1C(F)(F)F,CS(=O)(=O)C1=CC=C(C=C1)NC(=O)C2=NOC(=C2)C3=CC=CC=C3C(F)(F)F,B30R3.8332007,410.369,Z2186565825,CHEMBL2181932;CHEMBL2181932,NR3C2,enamine,VS_set_NR3C2_11399,7.129196,0.14210985178727115,0.10357142857142858,0.12390392385099754,1.2390392385099753,0,4.016200000000002,0,780,Cc1c(C(=O)Nc2ccc(S(C)(=O)=O)cc2)cn(CCO)c1-c1ccccc1C(F)(F)F,-61.983887,-62.89306
VS_set_NR3C2_11400,Cc1c(C(=O)Nc2ccc(S(C)(=O)=O)cc2)cn(CCO)c1-c1ccccc1C(F)(F)F,CS(=O)(=O)C1=CC=C(C=C1)NC(=O)CN2CC(CC2C3=CC=CC=C3C(F)(F)F)O,B32R3.2723971123,442.454,Z1939921986,CHEMBL2181932;CHEMBL2181932,NR3C2,enamine,VS_set_NR3C2_11400,7.3372345,0.0993897122929381,0.06884377758164166,0.08506303672628696,0.8506303672628696,2,2.855300000000002,0,780,Cc1c(C(=O)Nc2ccc(S(C)(=O)=O)cc2)cn(CCO)c1-c1ccccc1C(F)(F)F,-29.580261,-41.78239
VS_set_NR3C2_11402,Cc1c(C(=O)Nc2ccc(S(C)(=O)=O)cc2)cn(CCO)c1-c1ccccc1C(F)(F)F,CS(=O)(=O)C1=CC=C(C=N1)NC(=O)C2=CC(=NN2)C3=CC=CC=C3C(F)(F)F,B30R3.8332007,410.372,Z767300686,CHEMBL2181932;CHEMBL2181932,NR3C2,enamine,VS_set_NR3C2_11402,7.266775,0.11826086956521739,0.09595070422535211,0.11158693928783318,1.1158693928783319,0,3.146300000000001,0,780,Cc1c(C(=O)Nc2ccc(S(C)(=O)=O)cc2)cn(CCO)c1-c1ccccc1C(F)(F)F,-49.220142,-86.6931
VS_set_NR3C2_11403,Cc1c(C(=O)Nc2ccc(S(C)(=O)=O)cc2)cn(CCO)c1-c1ccccc1C(F)(F)F,NS(=O)(=O)C1=CC=C(C=C1)NC(=O)C2=CC(=NN2)C3=CC=CC=C3C(F)(F)F,B30R3.8332007,410.372,Z337014828,CHEMBL2181932;CHEMBL2181932,NR3C2,enamine,VS_set_NR3C2_11403,7.2968097,0.13013100436681221,0.10865724381625441,0.12374746327110309,1.2374746327110309,0,2.9952000000000014,0,780,Cc1c(C(=O)Nc2ccc(S(C)(=O)=O)cc2)cn(CCO)c1-c1ccccc1C(F)(F)F,-48.311764,-97.76586
VS_set_NR3C2_11407,Cc1c(C(=O)Nc2ccc(S(C)(=O)=O)cc2)cn(CCO)c1-c1ccccc1C(F)(F)F,CS(=O)(=O)C1=CC=C(C=C1)NC(=O)C2=NN(C=C2)C3=CC=CC=C3C(F)(F)F,B30R3.8332007,409.384,Z1665717537,CHEMBL2181932;CHEMBL2181932,NR3C2,enamine,VS_set_NR3C2_11407,7.032487,0.13799126637554585,0.10755555555555556,0.12185365190853145,1.2185365190853146,0,3.5469000000000026,0,780,Cc1c(C(=O)Nc2ccc(S(C)(=O)=O)cc2)cn(CCO)c1-c1ccccc1C(F)(F)F,38.24414,-35.341053
VS_set_NR3C2_11408,Cc1c(C(=O)Nc2ccc(S(C)(=O)=O)cc2)cn(CCO)c1-c1ccccc1C(F)(F)F,CS(=O)(=O)C1=CC=C(C=N1)NC(=O)C2=CC=C(O2)C3=CC=CC=C3C(F)(F)F,B30R3.8332007,410.369,Z1832520761,CHEMBL2181932;CHEMBL2181932,NR3C2,enamine,VS_set_NR3C2_11408,7.4755936,0.12076455256298871,0.0970873786407767,0.11246948326297786,1.1246948326297785,0,4.016200000000002,0,780,Cc1c(C(=O)Nc2ccc(S(C)(=O)=O)cc2)cn(CCO)c1-c1ccccc1C(F)(F)F,-66.81536,-84.07301
VS_set_NR3C2_11409,Cc1c(C(=O)Nc2ccc(S(C)(=O)=O)cc2)cn(CCO)c1-c1ccccc1C(F)(F)F,CS(=O)(=O)C1=CC=C(C=N1)NC(=O)C2=NOC(=C2)C3=CC=CC=C3C(F)(F)F,B30R3.8332007,411.357,Z2189594521,CHEMBL2181932;CHEMBL2181932,NR3C2,enamine,VS_set_NR3C2_11409,7.0054855,0.12489158716392021,0.10123239436619719,0.11528039587566925,1.1528039587566925,0,3.411200000000002,0,780,Cc1c(C(=O)Nc2ccc(S(C)(=O)=O)cc2)cn(CCO)c1-c1ccccc1C(F)(F)F,-56.892338,-73.08416
VS_set_NR3C2_11410,Cc1c(C(=O)Nc2ccc(S(C)(=O)=O)cc2)cn(CCO)c1-c1ccccc1C(F)(F)F,NS(=O)(=O)C1=CC=C(C=C1)NC(=O)C2=CC=C(O2)C3=CC=CC=C3C(F)(F)F,B30R3.8332007,410.369,Z90308949,CHEMBL2181932;CHEMBL2181932,NR3C2,enamine,VS_set_NR3C2_11410,7.0937696,0.13496932515337423,0.1125886524822695,0.12573111132709477,1.2573111132709478,0,3.8651000000000018,0,780,Cc1c(C(=O)Nc2ccc(S(C)(=O)=O)cc2)cn(CCO)c1-c1ccccc1C(F)(F)F,-81.16461,-93.51531
VS_set_NR3C2_11411,Cc1c(C(=O)Nc2ccc(S(C)(=O)=O)cc2)cn(CCO)c1-c1ccccc1C(F)(F)F,CC(=O)C1=CC=C(C=C1)NC(=O)CCN2CC(CC2C3=CC=CC=C3C(F)(F)F)O,B32R3.3168421154,420.426,Z1939919155,CHEMBL2181932;CHEMBL2181932,NR3C2,enamine,VS_set_NR3C2_11411,7.0896688,0.10285220397579949,0.09573542210617929,0.1011243186158755,1.011243186158755,2,4.044500000000004,0,780,Cc1c(C(=O)Nc2ccc(S(C)(=O)=O)cc2)cn(CCO)c1-c1ccccc1C(F)(F)F,-15.668744,-35.21811
VS_set_NR3C2_11412,Cc1c(C(=O)Nc2ccc(S(C)(=O)=O)cc2)cn(CCO)c1-c1ccccc1C(F)(F)F,NS(=O)(=O)C1=CC=C(C=C1)NC(=O)CN2CC(CC2C3=CC=CC=C3C(F)(F)F)O,B32R3.2723971123,443.442,Z1939921946,CHEMBL2181932;CHEMBL2181932,NR3C2,enamine,VS_set_NR3C2_11412,7.1905503,0.1019163763066202,0.08398950131233596,0.09518190371470955,0.9518190371470955,2,2.099200000000001,0,780,Cc1c(C(=O)Nc2ccc(S(C)(=O)=O)cc2)cn(CCO)c1-c1ccccc1C(F)(F)F,-38.00154,-33.51956
VS_set_NR3C2_11413,Cc1c(C(=O)Nc2ccc(S(C)(=O)=O)cc2)cn(CCO)c1-c1ccccc1C(F)(F)F,CS(=O)(=O)C1=CC=C(C=C1)NC(=O)N2CCCN(CC2)C(=O)C3=CC=CC=C3C(F)(F)F,B34R3.3204327256,469.479,Z416015426,CHEMBL2181932;CHEMBL2181932,NR3C2,enamine,VS_set_NR3C2_11413,7.0475717,0.12532865907099036,0.10438596491228071,0.11431585257421391,1.143158525742139,0,3.4889000000000028,0,822,Cc1c(C(=O)Nc2ccc(S(C)(=O)=O)cc2)cc(CC(C)O)n1-c1ccc(Cl)cc1C(F)(F)F,47.385357,-65.18848
VS_set_NR3C2_11432,Cc1c(C(=O)Nc2ccc(S(C)(=O)=O)cc2)cn(CCO)c1-c1ccccc1C(F)(F)F,CS(=O)(=O)C1=CC=C(C=C1)OCCCN2CC(CC2C3=CC=CC=C3C(F)(F)F)O,B32R3.2723971108,443.482,Z1939923968,CHEMBL2181932;CHEMBL2181932,NR3C2,enamine,VS_set_NR3C2_11432,7.176917,0.10112359550561797,0.09162303664921466,0.09835607574268605,0.9835607574268606,2,3.685700000000003,0,780,Cc1c(C(=O)Nc2ccc(S(C)(=O)=O)cc2)cn(CCO)c1-c1ccccc1C(F)(F)F,-36.205933,-18.82253
VS_set_NR3C2_11433,Cc1c(C(=O)Nc2ccc(S(C)(=O)=O)cc2)cn(CCO)c1-c1ccccc1C(F)(F)F,CN(C)C1=CC=C(C=C1)NC(=O)CCN2CC(CC2C3=CC=CC=C3C(F)(F)F)O,B32R3.3168421154,421.457,Z1939922195,CHEMBL2181932;CHEMBL2181932,NR3C2,enamine,VS_set_NR3C2_11433,7.252773,0.1038961038961039,0.09407665505226481,0.10133244263361418,1.0133244263361418,2,3.907900000000003,0,780,Cc1c(C(=O)Nc2ccc(S(C)(=O)=O)cc2)cn(CCO)c1-c1ccccc1C(F)(F)F,-24.22009,-26.527702
VS_set_NR3C2_11434,Cc1c(C(=O)Nc2ccc(S(C)(=O)=O)cc2)cn(CCO)c1-c1ccccc1C(F)(F)F,NC(=O)C1=CC=C(C=C1)NC(=O)CCN2CC(CC2C3=CC=CC=C3C(F)(F)F)O,B32R3.3168421154,421.414,Z1939922728,CHEMBL2181932;CHEMBL2181932,NR3C2,enamine,VS_set_NR3C2_11434,7.0068035,0.10311958405545928,0.09565217391304348,0.10079276558059531,1.0079276558059531,2,2.9408000000000016,0,780,Cc1c(C(=O)Nc2ccc(S(C)(=O)=O)cc2)cn(CCO)c1-c1ccccc1C(F)(F)F,-12.570549,-22.218285
VS_set_NR3C2_11438,Cc1c(C(=O)Nc2ccc(S(C)(=O)=O)cc2)cn(CCO)c1-c1ccccc1C(F)(F)F,CS(=O)(=O)C1=CC=C(C=C1)NC(=O)CNC2CCCC2C3=CC=CC=C3C(F)(F)F,B32R3.1309212665,440.481,Z1779479330,CHEMBL2181932;CHEMBL2181932,NR3C2,enamine,VS_set_NR3C2_11438,7.2764606,0.09635416666666667,0.07665198237885462,0.08822326771666372,0.8822326771666372,2,3.9733000000000027,0,780,Cc1c(C(=O)Nc2ccc(S(C)(=O)=O)cc2)cn(CCO)c1-c1ccccc1C(F)(F)F,-40.09428,-49.908413
VS_set_NR3C2_11444,Cc1c(C(=O)Nc2ccc(S(C)(=O)=O)cc2)cn(CCO)c1-c1ccccc1C(F)(F)F,NS(=O)(=O)C1=CC=C(C=C1)NC(=O)N2CCCN(CC2)C(=O)C3=CC=CC=C3C(F)(F)F,B34R3.3204327256,470.467,Z1034716144,CHEMBL2181932;CHEMBL2181932,NR3C2,enamine,VS_set_NR3C2_11444,7.001365,0.1317157712305026,0.12010443864229765,0.12563322581394654,1.2563322581394654,0,2.732800000000001,0,822,Cc1c(C(=O)Nc2ccc(S(C)(=O)=O)cc2)cc(CC(C)O)n1-c1ccc(Cl)cc1C(F)(F)F,54.04596,-71.726875
VS_set_NR3C2_11459,Cc1c(C(=O)Nc2ccc(S(C)(=O)=O)cc2)cn(CCO)c1-c1ccccc1C(F)(F)F,NS(=O)(=O)C1=CC=C(C=C1)C=CC(=O)N2CC(CC2C3=CC=CC=C3C(F)(F)F)O,B32R3.49239308,440.438,Z2076275524,CHEMBL2181932;CHEMBL2181932,NR3C2,enamine,VS_set_NR3C2_11459,7.027083,0.1024978466838932,0.09904430929626412,0.10061357871514723,1.0061357871514722,2,2.700500000000002,0,50,Cn1c(=O)cc(C(F)(F)F)c2cc3c(cc21)NC1CCCCC31,-50.493073,-29.15762
VS_set_NR3C2_11468,Cc1c(C(=O)Nc2ccc(S(C)(=O)=O)cc2)cn(CCO)c1-c1ccccc1C(F)(F)F,CC1=CC(=O)C(=NN1C2=CC=CC=C2C(F)(F)F)C(=O)NC3=CC=C(C=C3)S(=O)(=O)C,B33R3.54926489,451.421,Z95680027,CHEMBL2181932;CHEMBL2181932,NR3C2,enamine,VS_set_NR3C2_11468,7.3173094,0.12192982456140351,0.09219858156028368,0.1062985209140481,1.062985209140481,0,3.2155200000000015,0,821,Cc1c(C(=O)Nc2ccc(S(C)(=O)=O)cc2)cc(CCO)n1-c1ccc(Cl)cc1C(F)(F)F,26.419926,-46.119293
VS_set_NR3C2_11472,Cc1c(C(=O)Nc2ccc(S(C)(=O)=O)cc2)cn(CCO)c1-c1ccccc1C(F)(F)F,CC(C(=O)NNC(=O)NC1=CC=C(C=C1)S(=O)(=O)C)C2=CC=CC=C2C(F)(F)F,B30R2.577603979,429.415,Z1288559071,CHEMBL2181932;CHEMBL2181932,NR3C2,enamine,VS_set_NR3C2_11472,7.0000887,0.1265377855887522,0.10061782877316858,0.11298481236743559,1.1298481236743558,1,3.0653000000000015,0,617,Cc1c(C(=O)Nc2ccc(S(C)(=O)=O)cc2)cc(C(C)C(C)O)n1-c1ccc(F)cc1C(F)(F)F,-31.193155,-62.652283
VS_set_NR3C2_11473,CC1=CC(C)(C)Nc2ccc3c(c21)C(=C1SCCCS1)Oc1ccc(F)cc1-3,CC1(NC(=O)C2=CC(=CC=C2O1)C3=CC(=CC=C3OCC4CCCO4)F)C,B30R4.142676398,371.403,PV-008205063308,CHEMBL65929,NR3C2,enamine,VS_set_NR3C2_11473,7.041607,0.1079447322970639,0.09674582233948989,0.10409164576259022,1.0409164576259022,1,3.908800000000003,0,28,CC1=CC(C)(C)Nc2ccc3c(c21)COc1ccc(F)cc1-3,-39.08978,304.75452
VS_set_NR3C2_11479,CC1=CC(C)(C)Nc2ccc3c(c21)C(=C1SCCCS1)Oc1ccc(F)cc1-3,CCC1=CC(=O)C2=CC(=CC=C2N1)C3=CC(=CC=C3OCC4CCCCO4)F,B31R4.1028234142,381.441,Z2466230881,CHEMBL65929,NR3C2,enamine,VS_set_NR3C2_11479,7.1015854,0.11274934952298352,0.10810810810810811,0.1108775161760301,1.108775161760301,1,4.844500000000004,0,28,CC1=CC(C)(C)Nc2ccc3c(c21)COc1ccc(F)cc1-3,-16.782867,323.98557
VS_set_NR3C2_11481,CC1=CC(C)(C)Nc2ccc3c(c21)C(=C1SCCCS1)Oc1ccc(F)cc1-3,CN1C(=O)CNC2=CC=C(C=C12)C3=CC(=CC=C3OCC4CCCCO4)F,B30R4.142670059,370.418,PV-004300442959,CHEMBL65929,NR3C2,enamine,VS_set_NR3C2_11481,7.0689673,0.11406518010291596,0.1032986111111111,0.11052767086102915,1.1052767086102915,1,3.8289000000000026,0,873,C=CCOC(C)C1=CC(C)(C)Nc2ccc(-c3cc(F)ccc3OC)cc21,-33.629322,321.7074
VS_set_NR3C2_11482,CC1=CC(C)(C)Nc2ccc3c(c21)C(=C1SCCCS1)Oc1ccc(F)cc1-3,CCOC(=O)C1=CC(=CC=C1N)C2=CC(=CC=C2OCC3CCCO3)F,B28R3.70370113,359.392,Z5625534073,CHEMBL65929,NR3C2,enamine,VS_set_NR3C2_11482,7.3327723,0.1210801393728223,0.11528384279475982,0.11907548902243195,1.1907548902243195,1,3.809400000000003,0,211,CCOC(=O)c1ccc(N2N=C(c3ccc(C(=O)O)cc3)CC2c2ccc(F)cc2)cc1,-60.52454,288.34854
VS_set_NR3C2_11483,CC1=CC(C)(C)Nc2ccc3c(c21)C(=C1SCCCS1)Oc1ccc(F)cc1-3,CC1=NNC2=CC=C(C=C12)C3=CC(=CC=C3OCC4CCCCO4)F,B28R4.19135436,340.392,Z3484543506,CHEMBL65929,NR3C2,enamine,VS_set_NR3C2_11483,7.5583067,0.1189851268591426,0.11371527777777778,0.11675858346715226,1.1675858346715227,1,4.625320000000003,0,873,C=CCOC(C)C1=CC(C)(C)Nc2ccc(-c3cc(F)ccc3OC)cc21,-12.578193,356.47406
VS_set_NR3C2_11484,CC1=CC(C)(C)Nc2ccc3c(c21)C(=C1SCCCS1)Oc1ccc(F)cc1-3,NC1=CNC2=CC=C(C=C12)C3=CC(=CC=C3OCC4CCCCO4)F,B28R4.19135436,340.392,Z2905385947,CHEMBL65929,NR3C2,enamine,VS_set_NR3C2_11484,7.1478796,0.11785095320623917,0.11197916666666667,0.11580906668766877,1.1580906668766877,1,4.504100000000003,0,157,Cc1cc(-c2ccc(F)c3cc[nH]c23)c(Cl)c2c1NC(C)(C)CC2C,2.66859,347.65387
VS_set_NR3C2_11493,CC1=CC(C)(C)Nc2ccc3c(c21)C(=C1SCCCS1)Oc1ccc(F)cc1-3,CC1=CC(=CC2=C1NC=CC2=O)C3=CC(=CC=C3OCC4CCCCO4)F,B30R4.142295985,367.414,Z2466230830,CHEMBL65929,NR3C2,enamine,VS_set_NR3C2_11493,7.406937,0.1103388357949609,0.1,0.10672005861408015,1.0672005861408016,1,4.590520000000003,0,157,Cc1cc(-c2ccc(F)c3cc[nH]c23)c(Cl)c2c1NC(C)(C)CC2C,-8.454514,310.31152
VS_set_NR3C2_11496,CC1=CC(C)(C)Nc2ccc3c(c21)C(=C1SCCCS1)Oc1ccc(F)cc1-3,CC1=CC(=CC2=C1NC(=O)C=C2)C3=CC(=CC=C3OCC4CCCCO4)F,B30R4.210128396,367.414,Z2466230749,CHEMBL65929,NR3C2,enamine,VS_set_NR3C2_11496,7.2238913,0.11637931034482758,0.10926573426573427,0.11387554598355054,1.1387554598355054,1,4.590520000000003,0,28,CC1=CC(C)(C)Nc2ccc3c(c21)COc1ccc(F)cc1-3,5.0575085,307.3995
VS_set_NR3C2_11500,CC1=CC(C)(C)Nc2ccc3c(c21)C(=C1SCCCS1)Oc1ccc(F)cc1-3,CN1C=NC2=CC=C(C=C12)C3=CC(=CC=C3OCC4CCCCO4)F,B28R4.19135436,340.392,Z2466230835,CHEMBL65929,NR3C2,enamine,VS_set_NR3C2_11500,7.1747074,0.1326442721791559,0.12510936132983377,0.1291083428836654,1.2910834288366542,1,4.327300000000003,0,28,CC1=CC(C)(C)Nc2ccc3c(c21)COc1ccc(F)cc1-3,-35.37643,365.13666
VS_set_NR3C2_11501,CC1=CC(C)(C)Nc2ccc3c(c21)C(=C1SCCCS1)Oc1ccc(F)cc1-3,CC1=NC2=CC(=CC=C2N1)C3=CC(=CC=C3OCC4CCCCO4)F,B28R4.19282245,340.392,Z3484543922,CHEMBL65929,NR3C2,enamine,VS_set_NR3C2_11501,7.509171,0.12121212121212122,0.11723534558180228,0.11955382469948943,1.1955382469948943,1,4.625320000000003,0,28,CC1=CC(C)(C)Nc2ccc3c(c21)COc1ccc(F)cc1-3,-27.524385,349.90967
VS_set_NR3C2_11511,CC1=CC(C)(C)Nc2ccc3c(c21)C(=C1SCCCS1)Oc1ccc(F)cc1-3,CN1C(=O)NC2=CC=C(C=C12)C3=CC(=CC=C3OCC4CCCCO4)F,B29R4.27881203,356.391,PV-002983219439,CHEMBL65929,NR3C2,enamine,VS_set_NR3C2_11511,7.0823994,0.11505190311418685,0.10540069686411149,0.11228830935837841,1.1228830935837841,1,3.6206000000000023,0,50,Cn1c(=O)cc(C(F)(F)F)c2cc3c(cc21)NC1CCCCC31,-26.466503,335.50113
VS_set_NR3C2_11513,CC1=CC(C)(C)Nc2ccc3c(c21)C(=C1SCCCS1)Oc1ccc(F)cc1-3,NC1=NC(=O)NC2=CC=C(C=C12)C3=CC(=CC=C3OCC4CCCO4)F,B29R4.215264367,355.364,Z5409897835,CHEMBL65929,NR3C2,enamine,VS_set_NR3C2_11513,7.302516,0.11535125758889853,0.11381407471763684,0.11462236331457647,1.1462236331457647,1,2.869200000000001,0,48,Oc1cc(C(F)(F)F)c2cc3c(cc2n1)NC1CCCCC31,14.060481,329.24268
VS_set_NR3C2_11515,CC1=CC(C)(C)Nc2ccc3c(c21)C(=C1SCCCS1)Oc1ccc(F)cc1-3,CC1CC(=O)NC2=CC(=CN=C2N1)C3=CC(=CC=C3OCC4CCCCO4)F,B31R4.238638114,385.433,PV-007563228400,CHEMBL65929,NR3C2,enamine,VS_set_NR3C2_11515,7.003551,0.0986159169550173,0.09019947961838681,0.09653347889326029,0.9653347889326029,2,3.978200000000003,0,772,CC1CCc2ccccc2N1S(=O)(=O)c1ccc2c(c1)NC(=O)CO2,-20.858988,295.563
VS_set_NR3C2_11517,CC1=CC(C)(C)Nc2ccc3c(c21)C(=C1SCCCS1)Oc1ccc(F)cc1-3,CC1CC2=C(C=CC=C2C(=O)N1)C3=CC(=CC=C3OCC4CCCCO4)F,B30R4.220136730,369.43,Z2466230756,CHEMBL65929,NR3C2,enamine,VS_set_NR3C2_11517,7.2148514,0.1012987012987013,0.09177489177489177,0.09829949701122452,0.9829949701122452,2,4.115000000000003,0,91,COc1ccc(F)cc1C(C)(C)CC(O)(CN1CCC(=O)c2ccccc21)C(F)(F)F,-7.764015,290.25467
VS_set_NR3C2_11518,CC1=CC(C)(C)Nc2ccc3c(c21)C(=C1SCCCS1)Oc1ccc(F)cc1-3,CNC(=O)C1=CC(=CC=C1N)C2=CC(=CC=C2OCC3CCCCO3)F,B28R3.7851904,358.407,Z2617899905,CHEMBL65929,NR3C2,enamine,VS_set_NR3C2_11518,7.4991,0.11896551724137931,0.11312607944732297,0.11689510363597085,1.1689510363597084,1,3.3824000000000023,0,91,COc1ccc(F)cc1C(C)(C)CC(O)(CN1CCC(=O)c2ccccc21)C(F)(F)F,-65.48012,310.01147
VS_set_NR3C2_11521,CC1=CC(C)(C)Nc2ccc3c(c21)C(=C1SCCCS1)Oc1ccc(F)cc1-3,CN(C)C(=O)C1=CC=CC(=C1)C2=CC(=CC=C2OCC3CCCCO3)F,B28R3.3326210,357.419,Z2466230872,CHEMBL65929,NR3C2,enamine,VS_set_NR3C2_11521,7.247794,0.1331028522039758,0.12838427947598252,0.13084250138083578,1.3084250138083577,1,4.142400000000004,0,546,COc1ccc(F)cc1-c1c(-c2ccccc2)[nH]c2c(NS(C)(=O)=O)cccc12,-70.32526,325.8168
VS_set_NR3C2_11523,CC1=CC(C)(C)Nc2ccc3c(c21)C(=C1SCCCS1)Oc1ccc(F)cc1-3,CCOC(=O)C1=CC(=NC=C1N)C2=CC(=CC=C2OCC3CCCO3)F,B28R3.70370113,360.38,PV-004381159137,CHEMBL65929,NR3C2,enamine,VS_set_NR3C2_11523,7.242741,0.11120764552562988,0.1055846422338569,0.10916121407886344,1.0916121407886343,1,3.2044000000000015,0,211,CCOC(=O)c1ccc(N2N=C(c3ccc(C(=O)O)cc3)CC2c2ccc(F)cc2)cc1,-53.85017,275.27682
VS_set_NR3C2_11526,CC1=CC(C)(C)Nc2ccc3c(c21)C(=C1SCCCS1)Oc1ccc(F)cc1-3,O=C1COC2=CC=C(C=C12)C3=CC(=CC=C3OCC4CCCCO4)F,B28R4.19135436,342.362,Z2466230898,CHEMBL65929,NR3C2,enamine,VS_set_NR3C2_11526,7.028861,0.12445604873803308,0.11707746478873239,0.12269402492726697,1.2269402492726698,1,4.0157000000000025,0,28,CC1=CC(C)(C)Nc2ccc3c(c21)COc1ccc(F)cc1-3,-58.01738,336.86856
VS_set_NR3C2_11527,CC1=CC(C)(C)Nc2ccc3c(c21)C(=C1SCCCS1)Oc1ccc(F)cc1-3,O=C1OCC2=CC=C(C=C12)C3=CC(=CC=C3OCC4CCCCO4)F,B28R4.19135436,342.362,Z2466230828,CHEMBL65929,NR3C2,enamine,VS_set_NR3C2_11527,7.0535197,0.11972437553832903,0.11072664359861592,0.11607270975717805,1.1607270975717805,1,4.111000000000002,0,82,COc1ccc(F)cc1C(C)(C)CC(O)(CNc1ccc2c(c1)COC2=O)Cc1ccccc1,-43.487816,334.31534
VS_set_NR3C2_11528,CC1=CC(C)(C)Nc2ccc3c(c21)C(=C1SCCCS1)Oc1ccc(F)cc1-3,CN1C=NC2=CC(=CC=C12)C3=CC(=CC=C3OCC4CCCCO4)F,B28R4.19288411,340.392,Z2466230780,CHEMBL65929,NR3C2,enamine,VS_set_NR3C2_11528,7.4493127,0.13096270598438856,0.12445223488168274,0.12754842332858848,1.275484233285885,1,4.327300000000003,0,28,CC1=CC(C)(C)Nc2ccc3c(c21)COc1ccc(F)cc1-3,-44.89489,354.306
VS_set_NR3C2_11529,CC1=CC(C)(C)Nc2ccc3c(c21)C(=C1SCCCS1)Oc1ccc(F)cc1-3,CC1=CC(=CC=C1NS(=O)(=O)C)C2=CC(=CC=C2OCC3CCCO3)F,B28R3.28235005,379.447,Z2466234026,CHEMBL65929,NR3C2,enamine,VS_set_NR3C2_11529,7.7629304,0.10521739130434783,0.09623797025371829,0.1020577962122355,1.020577962122355,1,3.730420000000003,0,831,CC(c1ccc(F)cc1F)(c1c[nH]c2c(NS(C)(=O)=O)cccc12)C1CC1,-40.352463,288.64713
VS_set_NR3C2_11530,CC1=CC(C)(C)Nc2ccc3c(c21)C(=C1SCCCS1)Oc1ccc(F)cc1-3,CC1=NN(C2=NC=C(C=C12)C3=CC(=CC=C3OCC4CCCO4)F)C,B28R4.19284336,341.38,Z2739837024,CHEMBL65929,NR3C2,enamine,VS_set_NR3C2_11530,7.302638,0.11179039301310044,0.10452961672473868,0.10991932836704525,1.0991932836704525,1,3.640620000000002,0,772,CC1CCc2ccccc2N1S(=O)(=O)c1ccc2c(c1)NC(=O)CO2,-26.861134,278.65045
VS_set_NR3C2_11547,CC1=CC(C)(C)Nc2ccc3c(c21)C(=C1SCCCS1)Oc1ccc(F)cc1-3,NC1=NC(=O)NC2=CC=C(C=C12)C3=CC(=CC=C3OCC4CCCCO4)F,B30R4.142670699,369.39,Z5409897164,CHEMBL65929,NR3C2,enamine,VS_set_NR3C2_11547,7.4699335,0.11739502999143102,0.11438474870017332,0.11653662044484692,1.1653662044484692,1,3.2593000000000014,0,48,Oc1cc(C(F)(F)F)c2cc3c(cc2n1)NC1CCCCC31,-0.41695812,328.7143
VS_set_NR3C2_11557,O=C1COc2ccc(N(Cc3cccnc3)c3ccc(F)cc3)cc2N1,O=C1COC2=C(N1)C=CC=C2C(=O)N(CC3=CC=CN=C3)C4=CC=C(C=C4)F,B31R4.443491950,377.369,Z1162504301,CHEMBL3774700;CHEMBL3774700,NR3C2,enamine,VS_set_NR3C2_11557,7.019426,0.10061242344706911,0.07430617726051925,0.09557082052473588,0.9557082052473588,0,3.398600000000002,0,723,O=C1COc2ccc(N(Cc3cccnc3)c3ccc(F)cc3)cc2N1,-78.599106,-140.86682
VS_set_NR3C2_11579,O=C1COc2ccc(N(Cc3cccnc3)c3ccc(F)cc3)cc2N1,CN1C(=O)COC2=CC=C(C=C12)NC(C3=CC=C(C=C3)F)C4=CC=CN=C4,B30R4.19999161,363.386,Z1663314700,CHEMBL3774700;CHEMBL3774700,NR3C2,enamine,VS_set_NR3C2_11579,7.1657224,0.1012987012987013,0.09461805555555555,0.09875426213352306,0.9875426213352306,1,3.777400000000002,0,878,Cc1nn(Cc2cccnc2)c(-c2ccc(F)cc2)c1-c1ccc2c(c1)NC(=O)CO2,-163.8671,-202.06146
VS_set_NR3C2_11646,Cc1cc(C)c(S(=O)(=O)NC(Cc2c[nH]c3cc(C)ccc23)C(F)(F)F)c(C)c1,CC1=CC=C2C(=CNC2=C1)CCNS(=O)(=O)C3=C(C=C(C=C3C)F)C,B27R3.136126637,360.447,PV-002261327975,CHEMBL3093447,NR3C2,enamine,VS_set_NR3C2_11646,7.034832,0.09358288770053476,0.06442831215970962,0.08482910570036173,0.8482910570036173,0,3.753260000000002,0,420,Cc1cc(C)c(S(=O)(=O)NC(Cc2c[nH]c3cc(C)ccc23)C(F)(F)F)c(C)c1,25.498499,-137.53876
VS_set_NR3C2_11682,Cc1cc(C)c(S(=O)(=O)NC(Cc2c[nH]c3cc(C)ccc23)C(F)(F)F)c(C)c1,CC1=CC(=CC(=C1S(=O)(=O)NC(CO)CC2=CNC3=CC=CC=C23)C)F,B28R3.677704003,376.447,Z1966746164,CHEMBL3093447,NR3C2,enamine,VS_set_NR3C2_11682,7.06345,0.07130124777183601,0.049818840579710144,0.06582209720679023,0.6582209720679023,1,2.805740000000001,0,732,Cc1cc(C)c(S(=O)(=O)NC(C)Cc2c[nH]c3ccccc23)c(C)c1,10.961942,-130.57974
VS_set_NR3C2_11728,O=C1COc2ccc(N3CCOCC3c3ccccc3)cc2N1,COCC(NC1=CC=C2OCC(=O)NC2=C1)C3=CC=CC(=C3)Cl,B25R3.41590270,332.782,Z2171375156,CHEMBL4062345;CHEMBL4062345,NR3C2,enamine,VS_set_NR3C2_11728,7.056424,0.09241499564080209,0.08488063660477453,0.09012942142700922,0.9012942142700923,1,3.470500000000002,0,755,CC1CN(c2ccc3c(c2)NC(=O)CO3)C(c2ccccc2)CO1,-111.03561,-227.39392
VS_set_NR3C2_11740,O=C1COc2ccc(N3CCOCC3c3ccccc3)cc2N1,CC1CC(C2=CC=CC=C12)NC3=CC=C4OCC(=O)NC4=C3,B25R4.6394745,294.348,Z2148930799,CHEMBL4062345;CHEMBL4062345,NR3C2,enamine,VS_set_NR3C2_11740,7.5116177,0.0726950354609929,0.06227758007117438,0.06920134148753532,0.6920134148753532,2,3.677900000000001,0,772,CC1CCc2ccccc2N1S(=O)(=O)c1ccc2c(c1)NC(=O)CO2,-71.646835,-206.88751
VS_set_NR3C2_11741,O=C1COc2ccc(N3CCOCC3c3ccccc3)cc2N1,C[C@@H]1CC(C2=CC=CC=C12)NC3=CC=C4OCC(=O)NC4=C3,B25R4.6394745,294.348,Z3507422081,CHEMBL4062345;CHEMBL4062345,NR3C2,enamine,VS_set_NR3C2_11741,7.5116177,0.0726950354609929,0.06227758007117438,0.06920134148753532,0.6920134148753532,2,3.677900000000001,0,772,CC1CCc2ccccc2N1S(=O)(=O)c1ccc2c(c1)NC(=O)CO2,-81.580124,-200.3499
VS_set_NR3C2_11742,O=C1COc2ccc(N3CCOCC3c3ccccc3)cc2N1,C[C@H]1CC(C2=CC=CC=C12)NC3=CC=C4OCC(=O)NC4=C3,B25R4.6394745,294.348,Z3507421851,CHEMBL4062345;CHEMBL4062345,NR3C2,enamine,VS_set_NR3C2_11742,7.5116177,0.0726950354609929,0.06227758007117438,0.06920134148753532,0.6920134148753532,2,3.677900000000001,0,772,CC1CCc2ccccc2N1S(=O)(=O)c1ccc2c(c1)NC(=O)CO2,-71.646835,-206.88751
VS_set_NR3C2_11748,O=C1COc2ccc(N3CCOCC3c3ccccc3)cc2N1,CC1C2=CC=CC=C2OCCN1CC3=CC=C4OCC(=O)NC4=C3,B27R4.64769274,324.374,Z2225613410,CHEMBL4062345;CHEMBL4062345,NR3C2,enamine,VS_set_NR3C2_11748,7.6382127,0.08074534161490683,0.07263064658990256,0.07838126067361027,0.7838126067361028,1,2.9731000000000014,0,772,CC1CCc2ccccc2N1S(=O)(=O)c1ccc2c(c1)NC(=O)CO2,-31.631168,-227.86696
VS_set_NR3C2_11754,O=C1COc2ccc(N3CCOCC3c3ccccc3)cc2N1,CCCC(NC1=CC=C2OCC(=O)NC2=C1)C3=CC=C(C=C3)Cl,B25R3.1892755,330.809,Z1607102854,CHEMBL4062345;CHEMBL4062345,NR3C2,enamine,VS_set_NR3C2_11754,7.0166135,0.09034543844109831,0.08436944937833037,0.08836595175946592,0.8836595175946592,1,4.624200000000004,0,755,CC1CN(c2ccc3c(c2)NC(=O)CO3)C(c2ccccc2)CO1,-104.63559,-237.95535
VS_set_NR3C2_11758,O=C1COc2ccc(N3CCOCC3c3ccccc3)cc2N1,CN1C(=O)COC2=CC=C(C=C12)NCCCCC3=CC=CC=C3,B25R3.11106150,310.391,Z1728768415,CHEMBL4062345;CHEMBL4062345,NR3C2,enamine,VS_set_NR3C2_11758,7.1457386,0.11237928007023705,0.10758377425044091,0.11089499326156985,1.1089499326156984,0,3.476600000000002,0,755,CC1CN(c2ccc3c(c2)NC(=O)CO3)C(c2ccccc2)CO1,-179.21736,-209.22632
VS_set_NR3C2_11777,CCC(=C1c2ccccc2COc2ccccc21)c1cccc(NS(C)(=O)=O)c1,CC(NCC1=CC=CC=C1COC2=CC=CC=C2)C3=CC=CC(=C3)NS(=O)(=O)C,B31R3.640717836,410.531,Z1437427907,CHEMBL3120318,NR3C2,enamine,VS_set_NR3C2_11777,7.2279134,0.11769834350479512,0.11091703056768559,0.11559348565346192,1.1559348565346192,1,4.487900000000003,0,874,CCC(c1ccc(C(F)(F)F)cc1)(C(C)O)n1ncc2c(NS(C)(=O)=O)cc(F)cc21,-299.5536,-7.6890297
VS_set_NR3C2_11779,CCC(=C1c2ccccc2COc2ccccc21)c1cccc(NS(C)(=O)=O)c1,CC(NC(=O)C1=CC=CC=C1COC2=CC=CC=C2)C3=CC=CC(=C3)NS(=O)(=O)C,B32R3.376167903,424.515,Z649127208,CHEMBL3120318,NR3C2,enamine,VS_set_NR3C2_11779,7.3944488,0.1155516941789748,0.10305676855895196,0.11196149044685547,1.1196149044685546,1,4.1281000000000025,0,874,CCC(c1ccc(C(F)(F)F)cc1)(C(C)O)n1ncc2c(NS(C)(=O)=O)cc(F)cc21,-294.24075,4.2866125
VS_set_NR3C2_11783,CCC(=C1c2ccccc2COc2ccccc21)c1cccc(NS(C)(=O)=O)c1,COC1=CC=CC=C1C(NC(=O)C2=CC=CC(=C2)NS(=O)(=O)C)C3=CC=CC=C3,B31R3.178589470,410.488,Z1155541153,CHEMBL3120318,NR3C2,enamine,VS_set_NR3C2_11783,7.3431406,0.127208480565371,0.11501316944688324,0.1230408070530166,1.2304080705301659,1,3.586100000000002,0,452,CCC(=C1c2ccccc2OCc2cccc(OC)c21)c1cccc(NS(C)(=O)=O)c1,-264.6445,-30.643475
VS_set_NR3C2_11787,CCC(=C1c2ccccc2COc2ccccc21)c1cccc(NS(C)(=O)=O)c1,CS(=O)(=O)NC1=CC=CC(=C1)C(=O)NC2C3=CC=CC=C3OC4=CC=CC=C24,B31R4.731078233,394.445,Z1020983950,CHEMBL3120318,NR3C2,enamine,VS_set_NR3C2_11787,7.062241,0.12599822537710736,0.11120996441281139,0.1189685284667251,1.189685284667251,0,3.683200000000002,0,451,CCC(=C1c2ccccc2COc2ccccc21)c1cccc(NS(C)(=O)=O)c1,-266.66922,-50.590294
VS_set_NR3C2_11789,CCC(=C1c2ccccc2COc2ccccc21)c1cccc(NS(C)(=O)=O)c1,CS(=O)(=O)NC1=CC=CC(=C1)NC(=O)C2=CC=CC=C2COC3=CC=CC=C3,B30R3.118475367,396.461,Z318398626,CHEMBL3120318,NR3C2,enamine,VS_set_NR3C2_11789,7.7107215,0.13747810858143608,0.13139329805996472,0.13498493773712,1.3498493773712001,0,3.889400000000003,0,451,CCC(=C1c2ccccc2COc2ccccc21)c1cccc(NS(C)(=O)=O)c1,-315.4083,34.314644
VS_set_NR3C2_11790,CCC(=C1c2ccccc2COc2ccccc21)c1cccc(NS(C)(=O)=O)c1,CS(=O)(=O)NC1=CC=CC(=C1)NC(=O)C2=CC=CC=C2OCC3=CC=CC=C3,B30R3.118475367,396.461,Z318399824,CHEMBL3120318,NR3C2,enamine,VS_set_NR3C2_11790,7.1062627,0.13850174216027875,0.12818261633011413,0.13483388546610214,1.3483388546610215,0,3.889400000000003,0,452,CCC(=C1c2ccccc2OCc2cccc(OC)c21)c1cccc(NS(C)(=O)=O)c1,-338.57712,50.040752
VS_set_NR3C2_11803,CCC(=C1c2ccccc2COc2ccccc21)c1cccc(NS(C)(=O)=O)c1,CC(OC1=CC=CC=C1NC(=O)C2=CC=CC(=C2)NS(=O)(=O)C)C3=CC=CC=C3,B31R3.106505242,410.488,Z1212468387,CHEMBL3120318,NR3C2,enamine,VS_set_NR3C2_11803,7.055181,0.12118570183086312,0.11353711790393013,0.11792862280957453,1.1792862280957452,1,4.450400000000003,0,452,CCC(=C1c2ccccc2OCc2cccc(OC)c21)c1cccc(NS(C)(=O)=O)c1,-260.94696,-9.378772
VS_set_NR3C2_11823,CCC(=C1c2ccccc2COc2ccccc21)c1cccc(NS(C)(=O)=O)c1,CS(=O)(=O)NC1=CC=CC(=C1)CNCC2=CC=CC=C2COC3=CC=CC=C3,B30R3.1639161254,396.504,Z1070966580,CHEMBL3120318,NR3C2,enamine,VS_set_NR3C2_11823,7.38589,0.1453287197231834,0.13351016799292661,0.14089240575551984,1.4089240575551985,0,3.9269000000000025,0,451,CCC(=C1c2ccccc2COc2ccccc21)c1cccc(NS(C)(=O)=O)c1,-315.19406,-20.009708
VS_set_NR3C2_11845,CCC(=C1c2ccccc2COc2ccccc21)c1cccc(NS(C)(=O)=O)c1,CS(=O)(=O)NC1=CC=CC(=C1)C(=O)NCC2=CC=CC=C2COC3=CC=CC=C3Cl,B32R3.93969619,444.933,Z1261886535,CHEMBL3120318,NR3C2,enamine,VS_set_NR3C2_11845,7.0681467,0.1265377855887522,0.11605584642233857,0.12295873503472639,1.2295873503472639,0,4.220500000000003,0,452,CCC(=C1c2ccccc2OCc2cccc(OC)c21)c1cccc(NS(C)(=O)=O)c1,-296.32913,-25.531563
VS_set_NR3C2_11924,COc1nc(C2=NN(c3ccc(C#N)c(C)n3)C(C(C)C)C2)ccc1C(=O)O,COC1=CC2=C(C=C1OC)C(N(CC(C2)C)C3=CC=C(C(=N3)C)C#N)C,B28R3.2875294722,351.443,Z2199509572,CHEMBL3263759,NR3C2,enamine,VS_set_NR3C2_11924,7.0279036,0.09090909090909091,0.07497820401046207,0.07910219167258849,0.7910219167258848,2,4.038700000000003,0,500,CNC(=O)c1ccc(C2=NN(c3ccc(C#N)c(C)n3)C(C3CCCC3)C2)nc1OC,71.40214,11.889022
VS_set_NR3C2_11938,COc1nc(C2=NN(c3ccc(C#N)c(C)n3)C(C(C)C)C2)ccc1C(=O)O,CC1=CC(=CC=C1[N+](=O)[O-])C(=O)N(CC(C)C)C2=CC=C(C=C2)C#N,B26R2.417382,337.373,Z347580360,CHEMBL3263759,NR3C2,enamine,VS_set_NR3C2_11938,7.016232,0.15511265164644714,0.1486725663716814,0.1524166470571048,1.524166470571048,0,4.077700000000003,0,226,CC(C)CC1CC(c2ccc(C(=O)O)cc2)=NN1c1ccc(C#N)cc1,-15.995591,137.96667
VS_set_NR3C2_12124,CS(=O)(=O)Nc1cccc2c(-c3cccc(Cl)c3)c[nH]c12,CS(=O)(=O)NC1=CC=CC(=C1)C2=CC3=CC(=CC=C3N=C2)Cl,B24R3.8806462,332.806,PV-003044567944,CHEMBL3605932,NR3C2,enamine,VS_set_NR3C2_12124,7.319941,0.17978533094812166,0.16191352345906163,0.17593976522938023,1.7593976522938024,0,3.926700000000002,0,549,CS(=O)(=O)Nc1cccc2c(-c3cccc(Cl)c3)c[nH]c12,-222.09721,-37.05238
VS_set_NR3C2_12134,CS(=O)(=O)Nc1cccc2c(-c3cccc(Cl)c3)c[nH]c12,CS(=O)(=O)NC1=CC=CC(=C1)C2=C3NC=C(C3=CC=C2)Cl,B23R3.1970013,320.796,PV-003439753611,CHEMBL3605932,NR3C2,enamine,VS_set_NR3C2_12134,7.004965,0.13753327417923691,0.11753902662993572,0.13234547935833318,1.3234547935833318,0,3.8598000000000017,0,549,CS(=O)(=O)Nc1cccc2c(-c3cccc(Cl)c3)c[nH]c12,-213.62236,-28.735792
VS_set_NR3C2_12162,CS(=O)(=O)Nc1cccc2c(-c3cccc(Cl)c3)c[nH]c12,CC1=CC=C(C=C1C(=O)NC2=CC=CC=C2NS(=O)(=O)C)Cl,B23R2.8040086,338.811,Z1506687488,CHEMBL3605932,NR3C2,enamine,VS_set_NR3C2_12162,7.082625,0.14045936395759717,0.13566936208445643,0.1383407450002716,1.383407450002716,0,3.272220000000001,0,657,CCC(CC)(c1ccc(Cl)cc1)n1ncc2c(NS(C)(=O)=O)cccc21,-281.06516,103.09194
VS_set_NR3C2_12167,CS(=O)(=O)Nc1cccc2c(-c3cccc(Cl)c3)c[nH]c12,CS(=O)(=O)NC1=CC=CC=C1NC(=O)C2=CC(=CC=C2N)Cl,B23R2.8040086,339.799,PV-002230318951,CHEMBL3605932,NR3C2,enamine,VS_set_NR3C2_12167,7.0022507,0.14412024756852343,0.14068100358422939,0.14287898717993494,1.4287898717993495,0,2.546,0,655,CCC(CC)(c1ccc(Cl)cc1)c1cnc2c(NS(C)(=O)=O)cccn12,-286.62497,110.93613
VS_set_NR3C2_12183,CCC(CO)(c1ccc(Cl)cc1)n1ccc2c(NS(C)(=O)=O)cc(F)cc21,CS(=O)(=O)NC1=CC(=CC=C1C(=O)NCC(CO)C2=CC=C(C=C2)Cl)F,B27R2.565697002,400.854,Z2200902912,CHEMBL4578762;CHEMBL4578762,NR3C2,enamine,VS_set_NR3C2_12183,7.376163,0.0852575488454707,0.07699115044247788,0.08224526011922724,0.8224526011922724,1,2.3565000000000005,0,658,CCC(CO)(c1ccc(Cl)cc1)n1ncc2c(NS(C)(=O)=O)cccc21,-165.99474,58.429653
VS_set_NR3C2_12198,CCC(CO)(c1ccc(Cl)cc1)n1ccc2c(NS(C)(=O)=O)cc(F)cc21,CCC1(CCN(CC1)C(=O)C2=CC=C(C=C2NS(=O)(=O)C)F)C3=CC=C(C=C3)Cl,B31R3.5087341459,438.945,Z1943650479,CHEMBL4578762;CHEMBL4578762,NR3C2,enamine,VS_set_NR3C2_12198,7.037615,0.0944055944055944,0.08538732394366197,0.0900497701697931,0.900497701697931,0,4.434600000000004,0,667,CCC(C(=O)NC(C)(C)C)(c1ccc(Cl)cc1)n1ccc2c(NS(C)(=O)=O)cccc21,-167.35405,39.31629
VS_set_NR3C2_12212,CCC(CO)(c1ccc(Cl)cc1)n1ccc2c(NS(C)(=O)=O)cc(F)cc21,CS(=O)(=O)NC1=CC(=CC=C1C(=O)N2CCC(C2)(O)C3=CC=C(C=C3)F)F,B29R3.5243557322,396.41,Z1610712555,CHEMBL4578762;CHEMBL4578762,NR3C2,enamine,VS_set_NR3C2_12212,7.0768228,0.08479020979020979,0.0796847635726795,0.08278432300987962,0.8278432300987962,1,2.07,0,668,CCC(C(=O)NCC(F)(F)F)(c1ccc(Cl)cc1)n1ccc2c(NS(C)(=O)=O)cccc21,-153.84761,46.830738
VS_set_NR3C2_12213,CCC(CO)(c1ccc(Cl)cc1)n1ccc2c(NS(C)(=O)=O)cc(F)cc21,CS(=O)(=O)NC1=CC(=CC=C1C(=O)N2CCC(C2)(CO)CC3=CC=C(C=C3)F)F,B31R3.2631193525,424.463,Z2203446559,CHEMBL4578762;CHEMBL4578762,NR3C2,enamine,VS_set_NR3C2_12213,7.1309934,0.09732988802756244,0.09146341463414634,0.09543449348092262,0.9543449348092262,1,2.403600000000001,0,668,CCC(C(=O)NCC(F)(F)F)(c1ccc(Cl)cc1)n1ccc2c(NS(C)(=O)=O)cccc21,-155.00879,35.307472
VS_set_NR3C2_12214,CCC(CO)(c1ccc(Cl)cc1)n1ccc2c(NS(C)(=O)=O)cc(F)cc21,CC(O)(CNC(=O)C1=CC=C(C=C1NS(=O)(=O)C)F)C2=CC=C(C=C2)F,B27R2.40641996,384.399,Z1531351095,CHEMBL4578762;CHEMBL4578762,NR3C2,enamine,VS_set_NR3C2_12214,7.2040844,0.09187279151943463,0.08392226148409894,0.08877849425998745,0.8877849425998745,1,1.9737999999999998,0,668,CCC(C(=O)NCC(F)(F)F)(c1ccc(Cl)cc1)n1ccc2c(NS(C)(=O)=O)cccc21,-178.99786,50.98692
VS_set_NR3C2_12226,CCC(CO)(c1ccc(Cl)cc1)n1ccc2c(NS(C)(=O)=O)cc(F)cc21,CC(C)(CNC(=O)C1=CC=C(C=C1NS(=O)(=O)C)F)C2=CC=C(C=N2)Cl,B27R2.40641996,399.869,PV-007971838279,CHEMBL4578762;CHEMBL4578762,NR3C2,enamine,VS_set_NR3C2_12226,7.169501,0.0925764192139738,0.08326029798422437,0.08901690882882403,0.8901690882882403,0,2.9532000000000007,0,668,CCC(C(=O)NCC(F)(F)F)(c1ccc(Cl)cc1)n1ccc2c(NS(C)(=O)=O)cccc21,-182.71468,63.387985
VS_set_NR3C2_12232,CCC(CO)(c1ccc(Cl)cc1)n1ccc2c(NS(C)(=O)=O)cc(F)cc21,COC(CNC(=O)C1=CC=C(C=C1NS(=O)(=O)C)F)C2=CC=C(C=C2)Cl,B27R2.565697002,400.854,Z1266729588,CHEMBL4578762;CHEMBL4578762,NR3C2,enamine,VS_set_NR3C2_12232,7.1455145,0.09290096406660824,0.08611599297012303,0.08957190347339222,0.8957190347339222,1,2.9681000000000015,0,668,CCC(C(=O)NCC(F)(F)F)(c1ccc(Cl)cc1)n1ccc2c(NS(C)(=O)=O)cccc21,-169.35274,69.26343
VS_set_NR3C2_12233,CCC(CO)(c1ccc(Cl)cc1)n1ccc2c(NS(C)(=O)=O)cc(F)cc21,COC(COC(=O)C1=CC=C(C=C1NS(=O)(=O)C)F)C2=CC=C(C=C2)Cl,B27R2.565697002,401.839,Z2014321537,CHEMBL4578762;CHEMBL4578762,NR3C2,enamine,VS_set_NR3C2_12233,7.4006414,0.1171806167400881,0.11199294532627865,0.11480228017838301,1.14802280178383,1,3.395100000000002,0,718,CCC(C(=O)OC)(c1ccc(Cl)cc1)n1ccc2c(NS(C)(=O)=O)cccc21,-167.85162,83.51673
VS_set_NR3C2_12262,CC1CN(c2ccc3c(n2)NC(=O)CO3)CCO1,CC1CN(CCO1)CC2=CC=C3OCC(=O)NC3=C2,B21R3.148799,262.305,Z2225536258,CHEMBL4081522,NR3C2,enamine,VS_set_NR3C2_12262,7.0822554,0.10017730496453901,0.09212880143112702,0.0967164604683056,0.9671646046830561,1,1.2381999999999995,0,755,CC1CN(c2ccc3c(c2)NC(=O)CO3)C(c2ccccc2)CO1,15.776386,-269.68457
VS_set_NR3C2_12263,CC1CN(c2ccc3c(n2)NC(=O)CO3)CCO1,C[C@@H]1CN(CCO1)CC2=CC=C3OCC(=O)NC3=C2,B21R3.148799,262.305,Z2227095109,CHEMBL4081522,NR3C2,enamine,VS_set_NR3C2_12263,7.0822554,0.10017730496453901,0.09212880143112702,0.0967164604683056,0.9671646046830561,1,1.2381999999999995,0,755,CC1CN(c2ccc3c(c2)NC(=O)CO3)C(c2ccccc2)CO1,22.834818,-257.4206
VS_set_NR3C2_12264,CC1CN(c2ccc3c(n2)NC(=O)CO3)CCO1,C[C@H]1CN(CCO1)CC2=CC=C3OCC(=O)NC3=C2,B21R3.148799,262.305,Z2227099095,CHEMBL4081522,NR3C2,enamine,VS_set_NR3C2_12264,7.0822554,0.10017730496453901,0.09212880143112702,0.0967164604683056,0.9671646046830561,1,1.2381999999999995,0,755,CC1CN(c2ccc3c(c2)NC(=O)CO3)C(c2ccccc2)CO1,22.834818,-257.4206
VS_set_NR3C2_12324,CC1NC(=O)C(c2ccc(F)cc2)=C1c1cc(Cl)c2c(c1)NC(=O)CO2,CC(NC(=O)C=CC1=CC=C(C=C1)F)C2=CC=C3OCC(=O)NC3=C2,B27R3.48346359,340.349,Z362657218,CHEMBL2419300,NR3C2,enamine,VS_set_NR3C2_12324,7.0283995,0.08787346221441125,0.08311229000884174,0.08580550731024253,0.8580550731024253,1,3.047200000000001,0,377,CC1NC(=O)C(c2ccc(F)cc2)=C1c1ccc2c(c1)NC(=O)CO2,-52.197834,-280.29755
VS_set_NR3C2_12325,CC1NC(=O)C(c2ccc(F)cc2)=C1c1cc(Cl)c2c(c1)NC(=O)CO2,CC(NC(=O)NC1=CC=C(C=C1)F)C2=CC=C3OCC(=O)NC3=C2,B26R3.42979547,329.326,Z362619638,CHEMBL2419300,NR3C2,enamine,VS_set_NR3C2_12325,7.2212324,0.09066666666666667,0.08103294746215495,0.08840711467463183,0.8840711467463183,1,3.039300000000001,0,377,CC1NC(=O)C(c2ccc(F)cc2)=C1c1ccc2c(c1)NC(=O)CO2,-77.27045,-278.48166
VS_set_NR3C2_12329,CC1NC(=O)C(c2ccc(F)cc2)=C1c1cc(Cl)c2c(c1)NC(=O)CO2,CC(NC(=O)C(F)C1=CC=C(C=C1)F)C2=CC=C3OCC(=O)NC3=C2,B27R3.48553347,346.329,PV-002531570949,CHEMBL2419300,NR3C2,enamine,VS_set_NR3C2_12329,7.1472416,0.07855251544571933,0.07288888888888889,0.07711475904855969,0.7711475904855969,2,3.044600000000001,0,377,CC1NC(=O)C(c2ccc(F)cc2)=C1c1ccc2c(c1)NC(=O)CO2,-55.19146,-258.43497
VS_set_NR3C2_12366,CC1NC(=O)C(c2ccc(F)cc2)=C1c1cc(Cl)c2c(c1)NC(=O)CO2,CC(NC(=O)NC1=CC=CC=C1)C2=CC=C3OCC(=O)NC3=C2,B25R3.2492809,311.336,Z362619622,CHEMBL2419300,NR3C2,enamine,VS_set_NR3C2_12366,7.1828423,0.09267431597528684,0.08622222222222223,0.08980326242806744,0.8980326242806743,1,2.9002000000000008,0,755,CC1CN(c2ccc3c(c2)NC(=O)CO3)C(c2ccccc2)CO1,-91.412125,-283.54276
VS_set_NR3C2_12372,CC1NC(=O)C(c2ccc(F)cc2)=C1c1cc(Cl)c2c(c1)NC(=O)CO2,CC(NC(=O)NC1=CC=C(C(=C1)Cl)F)C2=CC=C3OCC(=O)NC3=C2,B27R3.131912316,363.771,Z409927698,CHEMBL2419300,NR3C2,enamine,VS_set_NR3C2_12372,7.2277503,0.09067131647776809,0.08538732394366197,0.08878177040386462,0.8878177040386461,1,3.692700000000001,0,660,CC1COc2cccnc2N1C(=O)c1ccc2c(c1)NC(=O)CO2,-105.34736,-276.94147
VS_set_NR3C2_12374,CC1NC(=O)C(c2ccc(F)cc2)=C1c1cc(Cl)c2c(c1)NC(=O)CO2,CC1=CC(=CC=C1F)NC(=O)NC(C)C2=CC=C3OCC(=O)NC3=C2,B27R3.131912316,343.353,Z1104804068,CHEMBL2419300,NR3C2,enamine,VS_set_NR3C2_12374,7.342639,0.09202453987730061,0.08818342151675485,0.08978103864937162,0.8978103864937163,1,3.3477200000000007,0,377,CC1NC(=O)C(c2ccc(F)cc2)=C1c1ccc2c(c1)NC(=O)CO2,-104.35142,-291.47272
VS_set_NR3C2_12375,CC1NC(=O)C(c2ccc(F)cc2)=C1c1cc(Cl)c2c(c1)NC(=O)CO2,CC(NC(=O)NC1=CC=C(C=C1Br)F)C2=CC=C3OCC(=O)NC3=C2,B27R3.207399428,408.222,Z435743224,CHEMBL2419300,NR3C2,enamine,VS_set_NR3C2_12375,7.0667195,0.09233449477351917,0.08691834942932397,0.08994096610453532,0.8994096610453532,1,3.801800000000002,0,774,CC1CCc2cc(F)ccc2N1C(=O)c1ccc2c(c1)NC(=O)CO2,-73.756615,-304.66507
VS_set_NR3C2_12377,CC1NC(=O)C(c2ccc(F)cc2)=C1c1cc(Cl)c2c(c1)NC(=O)CO2,CC(NC(=O)NC1=CC=C(C=C1F)F)C2=CC=C3OCC(=O)NC3=C2,B27R3.207399428,347.317,Z362619632,CHEMBL2419300,NR3C2,enamine,VS_set_NR3C2_12377,7.1063313,0.08787346221441125,0.08222811671087533,0.08567208597117974,0.8567208597117975,1,3.178400000000001,0,377,CC1NC(=O)C(c2ccc(F)cc2)=C1c1ccc2c(c1)NC(=O)CO2,-79.5999,-291.52396
VS_set_NR3C2_12378,CC1NC(=O)C(c2ccc(F)cc2)=C1c1cc(Cl)c2c(c1)NC(=O)CO2,CC1=CC(=CC=C1NC(=O)NC(C)C2=CC=C3OCC(=O)NC3=C2)F,B27R3.207399428,343.353,Z410670994,CHEMBL2419300,NR3C2,enamine,VS_set_NR3C2_12378,7.387748,0.08964316797214969,0.0797872340425532,0.08662286699663478,0.8662286699663478,1,3.3477200000000016,0,386,Cc1cc(F)ccc1C1=C(c2ccc3c(c2)NC(=O)CO3)COC1=O,-90.92343,-300.63293
VS_set_NR3C2_12385,CC1NC(=O)C(c2ccc(F)cc2)=C1c1cc(Cl)c2c(c1)NC(=O)CO2,CC(NC(=O)NNC1=CC=C(C=C1)F)C2=CC=C3OCC(=O)NC3=C2,B27R3.48346359,344.341,Z535640270,CHEMBL2419300,NR3C2,enamine,VS_set_NR3C2_12385,7.176455,0.08672566371681416,0.08067375886524823,0.08571096628243714,0.8571096628243714,1,2.5439000000000007,0,377,CC1NC(=O)C(c2ccc(F)cc2)=C1c1ccc2c(c1)NC(=O)CO2,-64.9502,-270.6775
VS_set_NR3C2_12386,CC1NC(=O)C(c2ccc(F)cc2)=C1c1cc(Cl)c2c(c1)NC(=O)CO2,CC(NC(=O)NC1=CC=C(C=C1)Br)C2=CC=C3OCC(=O)NC3=C2,B26R3.42979547,390.231,Z409534032,CHEMBL2419300,NR3C2,enamine,VS_set_NR3C2_12386,7.0693007,0.09186351706036745,0.08576480990274093,0.089567554520839,0.89567554520839,1,3.662700000000001,0,660,CC1COc2cccnc2N1C(=O)c1ccc2c(c1)NC(=O)CO2,-79.045845,-264.9113
VS_set_NR3C2_12387,CC1NC(=O)C(c2ccc(F)cc2)=C1c1cc(Cl)c2c(c1)NC(=O)CO2,CC(NC(=O)NC1=CC=C(C=C1)Cl)C2=CC=C3OCC(=O)NC3=C2,B26R3.42979547,345.781,Z362619646,CHEMBL2419300,NR3C2,enamine,VS_set_NR3C2_12387,7.1850133,0.0932277924362357,0.08833922261484099,0.09114581560244028,0.9114581560244028,1,3.553600000000001,0,660,CC1COc2cccnc2N1C(=O)c1ccc2c(c1)NC(=O)CO2,-103.0939,-262.7534
VS_set_NR3C2_12388,CC1NC(=O)C(c2ccc(F)cc2)=C1c1cc(Cl)c2c(c1)NC(=O)CO2,CC(NC(=S)NC1=CC=C(C=C1)F)C2=CC=C3OCC(=O)NC3=C2,B26R3.42979547,345.393,Z363053436,CHEMBL2419300,NR3C2,enamine,VS_set_NR3C2_12388,7.1396203,0.09515260323159784,0.08880994671403197,0.0927141919378559,0.927141919378559,1,3.204200000000001,0,377,CC1NC(=O)C(c2ccc(F)cc2)=C1c1ccc2c(c1)NC(=O)CO2,-64.56334,-289.7057
VS_set_NR3C2_12391,CC1NC(=O)C(c2ccc(F)cc2)=C1c1cc(Cl)c2c(c1)NC(=O)CO2,CC(NC1=CC=C2OCC(=O)NC2=C1)C(=O)NC3=CC=C(C=C3)F,B26R3.14138019,329.326,Z44487337,CHEMBL2419300,NR3C2,enamine,VS_set_NR3C2_12391,7.0110583,0.1263537906137184,0.12184115523465704,0.1243056085158035,1.243056085158035,1,2.595700000000001,0,833,Cn1ncc(-c2ccc3c(c2)NC(=O)CO3)c1-c1ccc(F)cc1,-99.78487,-329.152
VS_set_NR3C2_12422,CC1c2c(cc(F)c(-c3cccc4cc[nH]c34)c2F)NC(C)(C)C1O,CC1(CC2=CC=C(C=C2C1N)C3=CC=CC4=C3NN=C4)C,B24R4.65287315,277.364,Z2722989714,CHEMBL1682441;CHEMBL1682441,NR3C2,enamine,VS_set_NR3C2_12422,7.323092,0.12010443864229765,0.11345646437994723,0.11621442613679986,1.1621442613679986,1,3.812000000000002,0,154,Cc1cc(-c2cccc3cc[nH]c23)c(Cl)c2c1NC(C)(C)CC2C,133.24509,-44.34983
VS_set_NR3C2_12545,COC(=O)C1=C(Cn2cncn2)NC(C)=C(C#N)C1c1ccc(F)cc1Cl,COC(=O)C(CN1C=CC=N1)NC(=O)[C@H](N)CC2=CC=C(C=C2Cl)Cl,B26R2.68766728,385.246,Z6342592318,CHEMBL1215621,NR3C2,enamine,VS_set_NR3C2_12545,7.0301213,0.09834638816362054,0.08318739054290718,0.09493325594356122,0.9493325594356122,2,1.4177000000000004,0,204,COC(=O)C1=C(Cn2cccn2)NC(C)=C(C#N)C1c1ccc(F)cc1Cl,30.71036,22.571302
VS_set_NR3C2_12547,Cc1cc(F)ccc1C1=C(c2ccc3c(c2)NC(=O)CO3)COC1=O,CC1=CC(=CC=C1C(=O)OCC(=O)C2=CC=C3OCC(=O)NC3=C2)F,B27R3.136763920,343.307,Z1466000563,CHEMBL2419304,NR3C2,enamine,VS_set_NR3C2_12547,7.170639,0.09753954305799649,0.09090909090909091,0.09481401652193336,0.9481401652193336,0,2.50472,0,762,CC(C)CC1COc2cc(F)ccc2N1C(=O)c1ccc2c(c1)NC(=O)CO2,-39.47928,-340.11758
VS_set_NR3C2_12556,Cc1cc(F)ccc1C1=C(c2ccc3c(c2)NC(=O)CO3)COC1=O,CC1=CC(=CC=C1C(=O)C=CC2=CC=C3OCC(=O)NC3=C2)F,B25R3.22349430,311.308,Z1957162745,CHEMBL2419304,NR3C2,enamine,VS_set_NR3C2_12556,7.5436354,0.09769094138543517,0.09141274238227147,0.09503438528692658,0.9503438528692658,0,3.3611200000000014,0,721,O=C1COc2ccc(C=Cc3ccc(F)cc3F)cc2N1,-63.331764,-346.63504
VS_set_NR3C2_12563,Cc1cc(F)ccc1C1=C(c2ccc3c(c2)NC(=O)CO3)COC1=O,CC1=CC(=CC=C1C(=O)OC(C)C(=O)C2=CC=C3OCC(=O)NC3=C2)F,B28R3.370976639,357.333,Z1466003505,CHEMBL2419304,NR3C2,enamine,VS_set_NR3C2_12563,7.133893,0.09098862642169729,0.07890070921985816,0.0871532737616523,0.871532737616523,1,2.8932200000000003,0,774,CC1CCc2cc(F)ccc2N1C(=O)c1ccc2c(c1)NC(=O)CO2,-51.81039,-331.7
VS_set_NR3C2_12569,Cc1cc(F)ccc1C1=C(c2ccc3c(c2)NC(=O)CO3)COC1=O,CC1=CC(=CC=C1C(=O)OCC(=O)C2=CC=C3OCC(=O)NC3=C2)Br,B27R3.136763920,404.212,Z796327016,CHEMBL2419304,NR3C2,enamine,VS_set_NR3C2_12569,7.0046344,0.10576923076923077,0.0986784140969163,0.10355383158539391,1.035538315853939,0,3.128120000000001,0,615,NC(=O)CC1COc2cc(Br)ccc2N1C(=O)c1ccc2c(c1)NC(=O)CO2,-30.702393,-352.50116
VS_set_NR3C2_12570,Cc1cc(F)ccc1C1=C(c2ccc3c(c2)NC(=O)CO3)COC1=O,CC1=CC(=CC=C1C(=O)OCC(=O)C2=CC=C3OCC(=O)NC3=C2)Cl,B27R3.136763920,359.761,Z1446590092,CHEMBL2419304,NR3C2,enamine,VS_set_NR3C2_12570,7.0219436,0.10517090271691498,0.09982486865148861,0.1021847822571615,1.021847822571615,0,3.019020000000001,0,807,CNC(=O)CC1COc2cc(Cl)ccc2N1C(=O)c1ccc2c(c1)NC(=O)CO2,-17.29292,-351.86456
VS_set_NR3C2_12572,Cc1cc(F)ccc1C1=C(c2ccc3c(c2)NC(=O)CO3)COC1=O,COC(=O)C(NC1=CC=C2OCC(=O)NC2=C1)C3=CC=CC=C3C,B26R3.90888324,326.347,Z1700101863,CHEMBL2419304,NR3C2,enamine,VS_set_NR3C2_12572,7.2728724,0.0894874022589053,0.08421985815602837,0.0872793145887648,0.872793145887648,1,2.652120000000001,0,743,O=C1COc2ccc(C(=O)N3CCCc4ccccc43)cc2N1,-126.93691,-235.49799
VS_set_NR3C2_12579,Cc1cc(F)ccc1C1=C(c2ccc3c(c2)NC(=O)CO3)COC1=O,CCOC(=O)C(=CC1=CC=C2OCC(=O)NC2=C1)C3=NC=CC=C3C,B27R3.237886432,338.358,Z1957191099,CHEMBL2419304,NR3C2,enamine,VS_set_NR3C2_12579,7.247855,0.08588957055214724,0.07394366197183098,0.08282358776644275,0.8282358776644274,0,2.8246200000000012,0,660,CC1COc2cccnc2N1C(=O)c1ccc2c(c1)NC(=O)CO2,-54.782585,-192.34752
VS_set_NR3C2_12591,Cc1cc(F)ccc1C1=C(c2ccc3c(c2)NC(=O)CO3)COC1=O,CCC1=CC=C(C=C1C(=O)OCC(=O)C2=CC=C3OCC(=O)NC3=C2)F,B28R3.11924939,357.333,PV-003022998686,CHEMBL2419304,NR3C2,enamine,VS_set_NR3C2_12591,7.2708817,0.09210526315789473,0.08657243816254417,0.09004336135712918,0.9004336135712917,0,2.7587,0,774,CC1CCc2cc(F)ccc2N1C(=O)c1ccc2c(c1)NC(=O)CO2,-31.608288,-326.60583
VS_set_NR3C2_12593,Cc1cc(F)ccc1C1=C(c2ccc3c(c2)NC(=O)CO3)COC1=O,CC1=CC(=CC(=C1C)C(=O)OCC(=O)C2=CC=C3OCC(=O)NC3=C2)F,B28R3.1794394442,357.333,PV-005374550175,CHEMBL2419304,NR3C2,enamine,VS_set_NR3C2_12593,7.4821053,0.09465381244522349,0.09154929577464789,0.09333922065925813,0.9333922065925814,0,2.8131400000000006,0,811,NC(=O)CC1COc2cc(F)ccc2N1C(=O)c1ccc2c(c1)NC(=O)CO2,-23.625706,-337.28705
VS_set_NR3C2_12602,Cc1cc(F)ccc1C1=C(c2ccc3c(c2)NC(=O)CO3)COC1=O,CC(C(=O)OCC(=O)C1=CC=C2OCC(=O)NC2=C1)C3=CC=C(C=C3)F,B28R3.80295034,357.333,Z5397888389,CHEMBL2419304,NR3C2,enamine,VS_set_NR3C2_12602,7.4572864,0.09442446043165467,0.08839285714285715,0.09236679569422052,0.9236679569422052,1,2.6862000000000013,0,383,CC1(F)OC(=O)C(c2ccc(F)cc2)=C1c1ccc2c(c1)NC(=O)CO2,-14.704019,-312.9837
VS_set_NR3C2_12603,Cc1cc(F)ccc1C1=C(c2ccc3c(c2)NC(=O)CO3)COC1=O,C[C@@H](C(=O)OCC(=O)C1=CC=C2OCC(=O)NC2=C1)C3=CC=C(C=C3)F,B28R3.80295034,357.333,Z5398197483,CHEMBL2419304,NR3C2,enamine,VS_set_NR3C2_12603,7.4572864,0.09442446043165467,0.08839285714285715,0.09236679569422052,0.9236679569422052,1,2.6862000000000013,0,383,CC1(F)OC(=O)C(c2ccc(F)cc2)=C1c1ccc2c(c1)NC(=O)CO2,-19.102846,-300.17676
VS_set_NR3C2_12604,Cc1cc(F)ccc1C1=C(c2ccc3c(c2)NC(=O)CO3)COC1=O,C[C@H](C(=O)OCC(=O)C1=CC=C2OCC(=O)NC2=C1)C3=CC=C(C=C3)F,B28R3.80295034,357.333,Z5398197487,CHEMBL2419304,NR3C2,enamine,VS_set_NR3C2_12604,7.4572864,0.09442446043165467,0.08839285714285715,0.09236679569422052,0.9236679569422052,1,2.6862000000000013,0,383,CC1(F)OC(=O)C(c2ccc(F)cc2)=C1c1ccc2c(c1)NC(=O)CO2,-14.704019,-312.9837
VS_set_NR3C2_12617,Cc1cc(F)ccc1C1=C(c2ccc3c(c2)NC(=O)CO3)COC1=O,CC1=CC=CC=C1C(C)C(=O)OCC(=O)C2=CC=C3OCC(=O)NC3=C2,B28R3.230851240,353.369,Z2923840422,CHEMBL2419304,NR3C2,enamine,VS_set_NR3C2_12617,7.4858923,0.08963093145869948,0.08508771929824561,0.0881241214102052,0.881241214102052,1,2.855520000000001,0,762,CC(C)CC1COc2cc(F)ccc2N1C(=O)c1ccc2c(c1)NC(=O)CO2,-31.200396,-308.93307
VS_set_NR3C2_12705,O=C(O)c1ccc(N2N=C(c3ccc4[nH]c(=O)oc4c3)CC2c5ccc(F)cc5)cc1,COC1=CC=C(C=C1)C(CC2=CC=C(C=C2)F)NC(C)C3=CC=C4NC(=O)COC4=C3,B34R4.340178995,420.477,Z2071779716,CHEMBL1215757,NR3C2,enamine,VS_set_NR3C2_12705,7.120328,0.09635416666666667,0.09050966608084358,0.09423380984843457,0.9423380984843458,2,4.799800000000003,0,377,CC1NC(=O)C(c2ccc(F)cc2)=C1c1ccc2c(c1)NC(=O)CO2,-39.79209,-264.67453
VS_set_NR3C2_12866,Cc1ccccc1CC(C)(O)c1ccnc(NC(N)=O)c1,CC1=CC=CC=C1CN(C)C2=CC=NC(=C2)C(=O)N,B20R2.74156,255.316,Z1203756524,CHEMBL3643683,NR3C2,enamine,VS_set_NR3C2_12866,7.203814,0.17866666666666667,0.17160826594788858,0.17693259536479627,1.7693259536479626,0,2.12532,0,448,CCC(Cc1ccccc1C)NS(=O)(=O)c1c(C)cc(C)cc1C,132.0075,321.8425
VS_set_NR3C2_12886,Cc1ccccc1CC(C)(O)c1ccnc(NC(N)=O)c1,CC1=CC=CC=C1CN(C)C2=CC(=NC=C2C)C(=O)N,B21R2.105288,269.342,Z1730513372,CHEMBL3643683,NR3C2,enamine,VS_set_NR3C2_12886,7.111781,0.15350488021295475,0.14618834080717488,0.15129294394272064,1.5129294394272064,0,2.4337400000000002,0,448,CCC(Cc1ccccc1C)NS(=O)(=O)c1c(C)cc(C)cc1C,122.467705,309.74783
VS_set_NR3C2_12889,Cc1ccccc1CC(C)(O)c1ccnc(NC(N)=O)c1,CC1=C(C(=CC=C1)CN(C)C2=CC=NC(=C2)C(=O)N)C,B21R2.218980,269.342,Z2199648830,CHEMBL3643683,NR3C2,enamine,VS_set_NR3C2_12889,7.253398,0.1708185053380783,0.16189624329159213,0.16848979109056295,1.6848979109056295,0,2.4337400000000002,0,445,CCC(Cc1cccc(C)c1C)NS(=O)(=O)c1c(C)cc(C)cc1C,124.77205,334.7001
VS_set_NR3C2_12890,Cc1ccccc1CC(C)(O)c1ccnc(NC(N)=O)c1,CC1=C(C(=CC=C1)C)CN(C)C2=CC=NC(=C2)C(=O)N,B21R2.219200,269.342,PV-003016329261,CHEMBL3643683,NR3C2,enamine,VS_set_NR3C2_12890,7.1411457,0.18014059753954306,0.17703768624014024,0.17909376110274208,1.7909376110274209,0,2.43374,0,876,CCOc1ncc(C)c2c1C(c1ccc(C#N)cc1OC)C(C(N)=O)=C(C)N2,131.07626,348.58716
VS_set_NR3C2_12891,Cc1ccccc1CC(C)(O)c1ccnc(NC(N)=O)c1,CC1=CC=C(C(=C1)CN(C)C2=CC=NC(=C2)C(=O)N)C,B21R2.223019,269.342,Z1864021296,CHEMBL3643683,NR3C2,enamine,VS_set_NR3C2_12891,7.1613903,0.17579505300353357,0.16457960644007155,0.1733599534286722,1.7335995342867219,0,2.4337400000000002,0,443,CCC(Cc1cc(C)ccc1C)NS(=O)(=O)c1c(C)cc(C)cc1C,147.35025,344.28314
VS_set_NR3C2_12892,Cc1ccccc1CC(C)(O)c1ccnc(NC(N)=O)c1,CC1=CC=C(C=C1CN(C)C2=CC=NC(=C2)C(=O)N)F,B21R2.223019,273.306,Z1888574256,CHEMBL3643683,NR3C2,enamine,VS_set_NR3C2_12892,7.240265,0.1555944055944056,0.1516213847502191,0.15420109244275756,1.5420109244275757,0,2.26442,0,204,COC(=O)C1=C(Cn2cccn2)NC(C)=C(C#N)C1c1ccc(F)cc1Cl,161.20793,341.36475
VS_set_NR3C2_12893,Cc1ccccc1CC(C)(O)c1ccnc(NC(N)=O)c1,CC1=CC(=CC=C1CN(C)C2=CC=NC(=C2)C(=O)N)Br,B21R2.223053,334.211,Z1874309897,CHEMBL3643683,NR3C2,enamine,VS_set_NR3C2_12893,7.3242044,0.16696113074204946,0.15996503496503497,0.16418788849569982,1.6418788849569983,0,2.8878200000000005,0,876,CCOc1ncc(C)c2c1C(c1ccc(C#N)cc1OC)C(C(N)=O)=C(C)N2,147.01924,324.83975
VS_set_NR3C2_12894,Cc1ccccc1CC(C)(O)c1ccnc(NC(N)=O)c1,CC1=CC(=CC=C1CN(C)C2=CC=NC(=C2)C(=O)N)F,B21R2.223053,273.306,Z1849755253,CHEMBL3643683,NR3C2,enamine,VS_set_NR3C2_12894,7.451212,0.1582608695652174,0.1546572934973638,0.1565553956583931,1.5655539565839311,0,2.26442,0,712,Cc1ccc(F)cc1C(C)(C)CC(O)(Cc1cc2cnccc2[nH]1)C(C)(C)C,161.10722,327.74722
VS_set_NR3C2_12895,Cc1ccccc1CC(C)(O)c1ccnc(NC(N)=O)c1,CC1=CC=C(C(=C1)C)CN(C)C2=CC=NC(=C2)C(=O)N,B21R2.223053,269.342,Z1716209706,CHEMBL3643683,NR3C2,enamine,VS_set_NR3C2_12895,7.326009,0.17553191489361702,0.15964125560538117,0.17203333723590802,1.7203333723590803,0,2.43374,0,444,CCC(Cc1ccc(C)cc1C)NS(=O)(=O)c1c(C)cc(C)cc1C,138.91064,334.85178
VS_set_NR3C2_12917,Cc1ccccc1CC(C)(O)c1ccnc(NC(N)=O)c1,CC1=CC=CC=C1CN(C)C2=NC=NC(=C2)C(=O)N,B20R2.74156,256.304,PV-001912554083,CHEMBL3643683,NR3C2,enamine,VS_set_NR3C2_12917,7.2337685,0.16739702015775634,0.1625441696113074,0.16551473298490219,1.6551473298490218,0,1.52032,0,455,Cc1ccccc1C(C)(C)CC(O)(Cc1cc2ncncc2[nH]1)C(F)(F)F,115.334175,272.96655
VS_set_NR3C2_12918,Cc1ccccc1CC(C)(O)c1ccnc(NC(N)=O)c1,CC1=CC=NC=C1CN(C)C2=CC=NC(=C2)C(=O)N,B20R2.74156,256.304,Z1958695873,CHEMBL3643683,NR3C2,enamine,VS_set_NR3C2_12918,7.33219,0.1562774363476734,0.14886164623467601,0.1539646040866171,1.5396460408661712,0,1.52032,0,876,CCOc1ncc(C)c2c1C(c1ccc(C#N)cc1OC)C(C(N)=O)=C(C)N2,142.4536,308.61563
VS_set_NR3C2_12919,Cc1ccccc1CC(C)(O)c1ccnc(NC(N)=O)c1,CC1=CN=CC=C1CN(C)C2=CC=NC(=C2)C(=O)N,B20R2.74156,256.304,PV-003036816253,CHEMBL3643683,NR3C2,enamine,VS_set_NR3C2_12919,7.0798535,0.16386182462356066,0.15817223198594024,0.16179719709253554,1.6179719709253555,0,1.52032,0,712,Cc1ccc(F)cc1C(C)(C)CC(O)(Cc1cc2cnccc2[nH]1)C(C)(C)C,156.14444,312.0724
VS_set_NR3C2_12935,Cc1ccccc1CC(C)(O)c1ccnc(NC(N)=O)c1,CC1=CC=CC=C1NC(=O)C2=CC=NC(=C2)C(=O)N,B20R2.74156,255.272,PV-002166788195,CHEMBL3643683,NR3C2,enamine,VS_set_NR3C2_12935,7.063372,0.17964601769911503,0.1718889883616831,0.1768523283451658,1.7685232834516578,0,1.74122,0,557,NC(=O)Nc1cc(-c2ccnn2C2CCCC2)ccn1,162.25781,284.19763
VS_set_NR3C2_13173,O=C1COc2ccc(N3CCc4ccc(F)cc4CC3)cc2N1,CC1CN(CCC2=CC=C(C=C12)F)CC3=CC=C4OCC(=O)NC4=C3,B28R4.18026389,340.392,Z2482049703,CHEMBL4081132,NR3C2,enamine,VS_set_NR3C2_13173,7.336505,0.08193832599118943,0.06984969053934571,0.0779642464207397,0.7796424642073969,1,3.3184000000000013,0,772,CC1CCc2ccccc2N1S(=O)(=O)c1ccc2c(c1)NC(=O)CO2,-2.6972275,-223.48505
VS_set_NR3C2_13174,O=C1COc2ccc(N3CCc4ccc(F)cc4CC3)cc2N1,O=C1COC2=CC=C(C=C2N1)CN3CCC4=CC=C(C=C4CC3)Br,B27R4.64906006,387.271,PV-005642288748,CHEMBL4081132,NR3C2,enamine,VS_set_NR3C2_13174,7.0339327,0.09114811568799298,0.07671480144404332,0.0865221104964186,0.865221104964186,0,3.3808000000000025,0,651,O=C1COc2ccc(N3CCc4ccc(F)cc4CC3)cc2N1,1.3819268,-252.31378
VS_set_NR3C2_13176,O=C1COc2ccc(N3CCc4ccc(F)cc4CC3)cc2N1,CC1CN(CCC2=CC=C(C=C12)F)C3=CC4=C(C=N3)OCC(=O)N4,B27R4.64777691,327.354,PV-007127513863,CHEMBL4081132,NR3C2,enamine,VS_set_NR3C2_13176,7.134779,0.07901668129938542,0.057624113475177305,0.07312381972935,0.7312381972935,1,2.7178000000000004,0,797,CC1CN(c2cc3c(cn2)OCC(=O)N3)C(c2ccccc2)CO1,-2.6263304,-194.08644
VS_set_NR3C2_13182,O=C1COc2ccc(N3CCc4ccc(F)cc4CC3)cc2N1,CCC1=CC(=CC=C1CC(=O)NC2=CC=C3OCC(=O)NC3=C2)F,B26R3.7924229,328.338,PV-007604702768,CHEMBL4081132,NR3C2,enamine,VS_set_NR3C2_13182,7.1556044,0.10123239436619719,0.08318264014466546,0.09802781128837434,0.9802781128837434,0,2.9002000000000008,0,651,O=C1COc2ccc(N3CCc4ccc(F)cc4CC3)cc2N1,-147.94414,-331.5841
VS_set_NR3C2_13189,O=C1COc2ccc(N3CCc4ccc(F)cc4CC3)cc2N1,CC1C2=CC(=CC=C2CCN1CC3=CC=C4OCC(=O)NC4=C3)F,B27R4.11230770,326.365,Z2225741531,CHEMBL4081132,NR3C2,enamine,VS_set_NR3C2_13189,7.3747797,0.0803886925795053,0.07243816254416961,0.07807440066351473,0.7807440066351473,1,3.275900000000002,0,772,CC1CCc2ccccc2N1S(=O)(=O)c1ccc2c(c1)NC(=O)CO2,-16.944765,-223.40543
VS_set_NR3C2_13190,O=C1COc2ccc(N3CCc4ccc(F)cc4CC3)cc2N1,CC1C2=C(C=CC=C2CCN1CC3=CC=C4OCC(=O)NC4=C3)F,B27R4.64781637,326.365,Z2225736232,CHEMBL4081132,NR3C2,enamine,VS_set_NR3C2_13190,7.138272,0.08112874779541446,0.07250221043324491,0.07922821563669044,0.7922821563669044,1,3.275900000000002,0,772,CC1CCc2ccccc2N1S(=O)(=O)c1ccc2c(c1)NC(=O)CO2,-17.251493,-236.81876
VS_set_NR3C2_13191,O=C1COc2ccc(N3CCc4ccc(F)cc4CC3)cc2N1,CC1=CC=C(C2=C1CCN(C2)CC3=CC=C4OCC(=O)NC4=C3)F,B27R4.223512932,326.365,Z3534625004,CHEMBL4081132,NR3C2,enamine,VS_set_NR3C2_13191,7.208539,0.09098862642169729,0.082010582010582,0.08765226352957636,0.8765226352957636,0,3.023320000000001,0,772,CC1CCc2ccccc2N1S(=O)(=O)c1ccc2c(c1)NC(=O)CO2,-16.124588,-253.31813
VS_set_NR3C2_13192,O=C1COc2ccc(N3CCc4ccc(F)cc4CC3)cc2N1,CC1=CC(=CC=C1CNC2=CC=C3OCC(=O)NC3=C2)F,B23R3.8255661,286.302,Z1462222355,CHEMBL4081132,NR3C2,enamine,VS_set_NR3C2_13192,7.217266,0.10357142857142858,0.09596412556053811,0.10137000366169983,1.0137000366169984,0,3.0771200000000007,0,386,Cc1cc(F)ccc1C1=C(c2ccc3c(c2)NC(=O)CO3)COC1=O,-168.92572,-299.12762
VS_set_NR3C2_13194,O=C1COc2ccc(N3CCc4ccc(F)cc4CC3)cc2N1,CC1=CC=C(C=C1CNC2=CC=C3OCC(=O)NC3=C2)F,B23R3.71388065,286.302,Z1615452720,CHEMBL4081132,NR3C2,enamine,VS_set_NR3C2_13194,7.2880936,0.10427807486631016,0.09955156950672646,0.10226815823476303,1.0226815823476303,0,3.0771200000000007,0,383,CC1(F)OC(=O)C(c2ccc(F)cc2)=C1c1ccc2c(c1)NC(=O)CO2,-162.68062,-309.50565
VS_set_NR3C2_13205,O=C1COc2ccc(N3CCc4ccc(F)cc4CC3)cc2N1,CC1CN(CCC2=CC=CC=C12)CC3=CC=C4OCC(=O)NC4=C3,B27R4.64781612,322.402,Z2481680772,CHEMBL4081132,NR3C2,enamine,VS_set_NR3C2_13205,7.2817545,0.08653846153846154,0.0700354609929078,0.08191661525706187,0.8191661525706188,1,3.1793000000000013,0,772,CC1CCc2ccccc2N1S(=O)(=O)c1ccc2c(c1)NC(=O)CO2,-2.0351596,-237.55182
VS_set_NR3C2_13212,O=C1COc2ccc(N3CCc4ccc(F)cc4CC3)cc2N1,CC1CN(CCC2=CC=C(C=C12)Cl)CC3=CC=C4OCC(=O)NC4=C3,B28R4.18026389,356.847,PV-002374578987,CHEMBL4081132,NR3C2,enamine,VS_set_NR3C2_13212,7.5087824,0.08756567425569177,0.07753303964757709,0.08495306545903515,0.8495306545903515,1,3.8327000000000018,0,772,CC1CCc2ccccc2N1S(=O)(=O)c1ccc2c(c1)NC(=O)CO2,11.050563,-225.42838
VS_set_NR3C2_13213,O=C1COc2ccc(N3CCc4ccc(F)cc4CC3)cc2N1,C[C@H]1CN(CCC2=CC=C(C=C12)Cl)CC3=CC=C4OCC(=O)NC4=C3,B28R4.18026389,356.847,PV-002426325789,CHEMBL4081132,NR3C2,enamine,VS_set_NR3C2_13213,7.5087824,0.08756567425569177,0.07753303964757709,0.08495306545903515,0.8495306545903515,1,3.8327000000000018,0,772,CC1CCc2ccccc2N1S(=O)(=O)c1ccc2c(c1)NC(=O)CO2,11.709598,-238.2596
VS_set_NR3C2_13223,O=C1COc2ccc(N3CCc4ccc(F)cc4CC3)cc2N1,CC1=CC=CC=C1CCN(C)C2=CC3=C(C=N2)OCC(=O)N3,B24R3.8807954,297.352,PV-007132858045,CHEMBL4081132,NR3C2,enamine,VS_set_NR3C2_13223,7.1848674,0.0907488986784141,0.07705934455270151,0.08675181784460347,0.8675181784460346,0,2.39982,0,797,CC1CN(c2cc3c(cn2)OCC(=O)N3)C(c2ccccc2)CO1,-34.432728,-185.1563
VS_set_NR3C2_13225,O=C1COc2ccc(N3CCc4ccc(F)cc4CC3)cc2N1,CC1=CC=C(C(=C1)C)CCNC2=CC=C3OCC(=O)NC3=C2,B24R3.9254555,296.364,Z5638269278,CHEMBL4081132,NR3C2,enamine,VS_set_NR3C2_13225,7.0489097,0.1128747795414462,0.10530973451327434,0.10999470848100305,1.0999470848100306,0,3.288940000000001,0,663,Cc1ccc(C2CCCCN2S(=O)(=O)c2ccc3c(c2)NC(=O)CO3)cc1,-171.72462,-330.1642
VS_set_NR3C2_13226,O=C1COc2ccc(N3CCc4ccc(F)cc4CC3)cc2N1,O=C1COC2=CC=C(C=C2N1)NCCC3=CC=C(C=C3Cl)F,B24R3.9254555,320.747,Z2176795250,CHEMBL4081132,NR3C2,enamine,VS_set_NR3C2_13226,7.1101084,0.10424028268551237,0.09648331830477908,0.10111171391632907,1.0111171391632907,0,3.464600000000001,0,651,O=C1COc2ccc(N3CCc4ccc(F)cc4CC3)cc2N1,-171.25345,-343.0631
VS_set_NR3C2_13229,O=C1COc2ccc(N3CCc4ccc(F)cc4CC3)cc2N1,CC1CN(CCC2=CC=CC=C12)C3=CC4=C(C=N3)OCC(=O)N4,B26R4.8963460,309.363,PV-006842426867,CHEMBL4081132,NR3C2,enamine,VS_set_NR3C2_13229,7.223567,0.07787610619469026,0.05431878895814782,0.07122049135162219,0.7122049135162218,1,2.5787000000000004,0,797,CC1CN(c2cc3c(cn2)OCC(=O)N3)C(c2ccccc2)CO1,-12.874378,-199.4414
VS_set_NR3C2_13231,O=C1COc2ccc(N3CCc4ccc(F)cc4CC3)cc2N1,CC1=CC(=CC=C1CN(C)C2=CC3=C(C=N2)OCC(=O)N3)F,B24R3.18179970,301.316,PV-007019814920,CHEMBL4081132,NR3C2,enamine,VS_set_NR3C2_13231,7.5709066,0.08722466960352424,0.07535460992907801,0.0841756598215079,0.841756598215079,0,2.4964199999999996,0,797,CC1CN(c2cc3c(cn2)OCC(=O)N3)C(c2ccccc2)CO1,-26.852383,-170.94215
VS_set_NR3C2_13235,O=C1COc2ccc(N3CCc4ccc(F)cc4CC3)cc2N1,CC1=CC=C(C=C1CN(C)C2=CC3=C(C=N2)OCC(=O)N3)F,B24R3.66329250,301.316,PV-007026050097,CHEMBL4081132,NR3C2,enamine,VS_set_NR3C2_13235,7.4866147,0.08714788732394366,0.07705934455270151,0.08472545870824116,0.8472545870824116,0,2.4964199999999996,0,797,CC1CN(c2cc3c(cn2)OCC(=O)N3)C(c2ccccc2)CO1,-37.29733,-172.13664
VS_set_NR3C2_13243,O=C1COc2ccc(N3CCc4ccc(F)cc4CC3)cc2N1,CC1=CC(=CC2=C1CN(CC2)C3=CC4=C(C=N3)OCC(=O)N4)F,B26R4.51718639,313.327,Z5372726817,CHEMBL4081132,NR3C2,enamine,VS_set_NR3C2_13243,7.4150434,0.08112874779541446,0.06017699115044248,0.07524740228121242,0.7524740228121242,0,2.42272,0,630,CC1CN(c2cc3c(cn2)OCC(=O)N3)C(c2ccccc2F)CO1,-17.441051,-186.00854
VS_set_NR3C2_13287,Cc1cc(C)c(S(=O)(=O)NCc2ccc(-n3ccnc3C)cc2)c(C)c1,CC1=CC(=C(C(=C1)C)S(=O)(=O)NCC2=CC=C(C=C2)N3C=NC=N3)C,B27R3.72496651,356.444,Z741301226,CHEMBL3086020,NR3C2,enamine,VS_set_NR3C2_13287,7.011618,0.1297640653357532,0.08224299065420561,0.12291822728139992,1.2291822728139992,0,2.6710600000000007,0,404,Cc1cc(C)c(S(=O)(=O)NCc2ccc(-n3ccnc3C)cc2)c(C)c1,72.54281,-158.37688
VS_set_NR3C2_13292,Cc1cc(C)c(S(=O)(=O)NCc2ccc(-n3ccnc3C)cc2)c(C)c1,CC1=CC(=CC(=C1S(=O)(=O)NCC2=CC=C(C=C2)N3C=CN=C3)C)F,B27R3.72496651,359.42,Z1966709758,CHEMBL3086020,NR3C2,enamine,VS_set_NR3C2_13292,7.2072387,0.13701067615658363,0.07390084190832553,0.12316775601337186,1.2316775601337187,0,3.106740000000001,0,404,Cc1cc(C)c(S(=O)(=O)NCc2ccc(-n3ccnc3C)cc2)c(C)c1,77.482765,-169.96483
VS_set_NR3C2_13298,Cc1cc(C)c(S(=O)(=O)NCc2ccc(-n3ccnc3C)cc2)c(C)c1,CC1=C(C(=CC(=C1)F)C)S(=O)(=O)NCC2=CC=C(C(=C2)F)N3C=CN=C3C,B29R3.3461959602,391.437,Z1966706797,CHEMBL3086020,NR3C2,enamine,VS_set_NR3C2_13298,7.046919,0.11684782608695653,0.060240963855421686,0.0968538367706342,0.9685383677063419,0,3.554260000000002,0,404,Cc1cc(C)c(S(=O)(=O)NCc2ccc(-n3ccnc3C)cc2)c(C)c1,78.71068,-184.17952
VS_set_NR3C2_13309,Cc1cc(C)c(S(=O)(=O)NCc2ccc(-n3ccnc3C)cc2)c(C)c1,CC1=CC(=CC(=C1S(=O)(=O)NCC2=CC=C(C=C2)N3C=CN=C3C)F)F,B28R3.1900162022,377.41,PV-006995606720,CHEMBL3086020,NR3C2,enamine,VS_set_NR3C2_13309,7.055654,0.12137203166226913,0.05125815470643057,0.08238189482026906,0.8238189482026906,0,3.245840000000002,0,404,Cc1cc(C)c(S(=O)(=O)NCc2ccc(-n3ccnc3C)cc2)c(C)c1,67.47926,-181.92897
VS_set_NR3C2_13376,O=C1COc2ccc(C3=Nc4ccccc4SC3c3ccccc3)cc2N1,O=C1COC2=C(N1)C=CC=C2C(=O)NC3=CC=CC=C3SCC4=CC=CC=C4,B31R4.4095390,390.457,Z1127828571,CHEMBL1928878,NR3C2,enamine,VS_set_NR3C2_13376,7.09881,0.1048526863084922,0.10043668122270742,0.1035433479475277,1.035433479475277,0,4.562100000000003,0,797,CC1CN(c2cc3c(cn2)OCC(=O)N3)C(c2ccccc2)CO1,-96.25935,-148.018
VS_set_NR3C2_13436,Cc1cc(F)ccc1-n1nc(C(F)(F)F)cc1-c1cc(F)c2c(c1)NC(=O)CO2,CC1=CC=C(C(=C1)C)N2N=C(C=C2NC(=O)C3=CC=C4OCC(=O)NC4=C3)C(C)(C)C,B34R4.1559026230,418.489,Z1231411865,CHEMBL1929040;CHEMBL1929040,NR3C2,enamine,VS_set_NR3C2_13436,7.3522882,0.08,0.07049608355091384,0.07684992748114558,0.7684992748114557,0,4.369840000000003,0,802,CNC(=O)CC1COc2cc(C)ccc2N1C(=O)c1ccc2c(c1)NC(=O)CO2,-63.88636,-225.1401
VS_set_NR3C2_13547,CC1COc2cccnc2N1C(=O)c1ccc2c(c1)NC(=O)CO2,CCOC1=CC=CN=C1NC(=O)C2=CC3=C(C=C2F)OCC(=O)N3,B26R3.212221477,331.299,PV-002948877804,CHEMBL4446088,NR3C2,enamine,VS_set_NR3C2_13547,7.053236,0.09834638816362054,0.09050966608084358,0.09557295432642146,0.9557295432642147,0,2.2025999999999994,0,772,CC1CCc2ccccc2N1S(=O)(=O)c1ccc2c(c1)NC(=O)CO2,-170.22905,-155.6797
VS_set_NR3C2_13548,CC1COc2cccnc2N1C(=O)c1ccc2c(c1)NC(=O)CO2,CCOC1=CC=CN=C1NC(=O)C2=CC=C3OCC(=O)N(C3=C2)C,B26R3.212226300,327.335,PV-002763075298,CHEMBL4446088,NR3C2,enamine,VS_set_NR3C2_13548,7.080129,0.11521926053310404,0.10801393728222997,0.11252692230867974,1.1252692230867973,0,2.0877999999999997,0,772,CC1CCc2ccccc2N1S(=O)(=O)c1ccc2c(c1)NC(=O)CO2,-180.42903,-162.80035
VS_set_NR3C2_13571,Cc1cc(C)c(S(=O)(=O)NC(COc2ccccc2)C(F)(F)F)c(C)c1,CC1=CC(=CC(=C1S(=O)(=O)NC(CC2=CC=CC=C2)C(F)(F)F)C)F,B26R2.43453087,375.383,PV-002252467244,CHEMBL3093459,NR3C2,enamine,VS_set_NR3C2_13571,7.2609954,0.09199632014719411,0.08485401459854014,0.08860145759364853,0.8860145759364852,1,3.894440000000003,0,427,Cc1cc(C)c(S(=O)(=O)NC(Cc2c[nH]c3ccccc23)C(F)(F)F)c(C)c1,33.90356,-160.05812
VS_set_NR3C2_13605,Cc1cc(C)c(S(=O)(=O)NC(COc2ccccc2)C(F)(F)F)c(C)c1,CC1=CC(=CC(=C1S(=O)(=O)NC(CC2=CC=CC=C2)C(F)(F)F)F)F,B26R2.43453087,379.347,PV-007077735287,CHEMBL3093459,NR3C2,enamine,VS_set_NR3C2_13605,7.1607065,0.10053859964093358,0.0922242314647378,0.09655041913328187,0.9655041913328187,1,3.725120000000003,0,420,Cc1cc(C)c(S(=O)(=O)NC(Cc2c[nH]c3cc(C)ccc23)C(F)(F)F)c(C)c1,34.35188,-169.41281
VS_set_NR3C2_13610,Cc1cc(C)c(S(=O)(=O)NC(COc2ccccc2)C(F)(F)F)c(C)c1,CC1=CC(=C(C(=C1)C)S(=O)(=O)NC2(COC3=CC=CC=C23)C)C,B25R3.46506360,331.431,PV-007066749397,CHEMBL3093459,NR3C2,enamine,VS_set_NR3C2_13610,7.0221944,0.09642857142857143,0.09017132551848513,0.0940842392967741,0.9408423929677411,1,3.197960000000002,0,448,CCC(Cc1ccccc1C)NS(=O)(=O)c1c(C)cc(C)cc1C,26.237558,-92.29264
VS_set_NR3C2_13774,N#CCCC(Cc1ccnc(NC(N)=O)c1)c1ccccc1,CC1CC(C2=CC=CC=C12)NCC3=CC=NC(=C3)C(=O)N,B23R3.91988456,281.353,Z5988517061,CHEMBL3643679,NR3C2,enamine,VS_set_NR3C2_13774,7.070879,0.09956331877729258,0.09549071618037135,0.09806352824185313,0.9806352824185314,2,2.5186,0,577,Cc1ccccc1C(Cc1ccnc(NC(N)=O)c1)C1CC1,-30.816078,32.625763
VS_set_NR3C2_13775,N#CCCC(Cc1ccnc(NC(N)=O)c1)c1ccccc1,C[C@@H]1CC(C2=CC=CC=C12)NCC3=CC=NC(=C3)C(=O)N,B23R3.91988456,281.353,Z5988520908,CHEMBL3643679,NR3C2,enamine,VS_set_NR3C2_13775,7.070879,0.09956331877729258,0.09549071618037135,0.09806352824185313,0.9806352824185314,2,2.5186,0,577,Cc1ccccc1C(Cc1ccnc(NC(N)=O)c1)C1CC1,-37.97154,23.395452
VS_set_NR3C2_13776,N#CCCC(Cc1ccnc(NC(N)=O)c1)c1ccccc1,C[C@H]1CC(C2=CC=CC=C12)NCC3=CC=NC(=C3)C(=O)N,B23R3.91988456,281.353,Z5988520339,CHEMBL3643679,NR3C2,enamine,VS_set_NR3C2_13776,7.070879,0.09956331877729258,0.09549071618037135,0.09806352824185313,0.9806352824185314,2,2.5186,0,577,Cc1ccccc1C(Cc1ccnc(NC(N)=O)c1)C1CC1,-26.881996,22.053684
VS_set_NR3C2_13820,CCC(CC)(c1ccc(Cl)cc1)n1ncc2c(NS(C)(=O)=O)cccc21,CC1CC1(NC(=O)CC2=CC=CC=C2NS(=O)(=O)C)C3=CC=C(C=C3)Cl,B28R3.220252673,392.901,Z2004378181,CHEMBL4435726,NR3C2,enamine,VS_set_NR3C2_13820,7.058374,0.08930150309460655,0.08098591549295775,0.08471127995941359,0.8471127995941359,2,3.305500000000001,0,672,COC(=O)C(CC1CC1)(c1ccc(Cl)cc1)n1ccc2c(NS(C)(=O)=O)cccc21,-133.34853,43.530926
VS_set_NR3C2_13845,CCC(CC)(c1ccc(Cl)cc1)n1ncc2c(NS(C)(=O)=O)cccc21,CS(=O)(=O)NC1=CC=CC2=C1CCN(C2)C3CCC4=CC(=CC=C34)Cl,B28R4.419495439,376.902,Z1744303362,CHEMBL4435726,NR3C2,enamine,VS_set_NR3C2_13845,7.196043,0.08795074758135445,0.08056042031523643,0.08525281296666024,0.8525281296666023,1,3.757100000000003,0,672,COC(=O)C(CC1CC1)(c1ccc(Cl)cc1)n1ccc2c(NS(C)(=O)=O)cccc21,-153.18277,1.0238898
VS_set_NR3C2_13846,CCC(CC)(c1ccc(Cl)cc1)n1ncc2c(NS(C)(=O)=O)cccc21,CC(C1=CC=C(C=C1)Cl)N2CCC3=C(C=CC=C3C2)NS(=O)(=O)C,B26R3.252898364,364.891,Z785479702,CHEMBL4435726,NR3C2,enamine,VS_set_NR3C2_13846,7.042875,0.09397163120567376,0.08896797153024912,0.09199835968668545,0.9199835968668545,1,3.8308000000000026,0,656,CCC(CC)(c1ccc(Cl)cc1)c1nnc2c(NS(C)(=O)=O)cccn12,-162.53317,-5.2739406
VS_set_NR3C2_13977,O=c1[nH]c2ccc(C=C3c4ccccc4COc5cc(F)ccc53)cc2[nH]1,CC1=CC=CC=C1COC2=CC=CC=C2C(=O)NC3=CC=C4NC(=O)NC4=C3,B31R4.62952142,373.405,Z26792858,CHEMBL3775714;CHEMBL3775714;CHEMBL3775714;CHEMBL3775714,NR3C2,enamine,VS_set_NR3C2_13977,7.1875663,0.12411971830985916,0.11996497373029773,0.12237737932272907,1.2237737932272907,0,3.995920000000001,0,108,O=c1[nH]c(N2CCC(c3ccccc3)CC2)c(Cc2ccccc2Cl)c(=O)[nH]1,-166.02902,169.28667
VS_set_NR3C2_14013,O=c1[nH]c2ccc(C=C3c4ccccc4COc5cc(F)ccc53)cc2[nH]1,O=C(NC1=CC=C2NC(=O)NC2=C1)C3=CC=CC=C3OC4=CC(=CC=C4)Br,B30R4.21304571,424.248,Z605411370,CHEMBL3775714;CHEMBL3775714;CHEMBL3775714;CHEMBL3775714,NR3C2,enamine,VS_set_NR3C2_14013,7.0161295,0.13949433304272013,0.13485113835376533,0.1378624574832905,1.3786245748329051,0,4.663300000000001,0,108,O=c1[nH]c(N2CCC(c3ccccc3)CC2)c(Cc2ccccc2Cl)c(=O)[nH]1,-156.97415,165.8081
VS_set_NR3C2_14015,CC(C)(CC(O)(C(=O)Nc1ccc2c(c1)COC2=O)C(F)(F)F)c1cc(F)ccc1O,CC(NCC1=CC=CC=C1)(C(=O)NC2=CC=C3C(=O)CCC3=C2)C(F)(F)F,B29R3.3514615852,376.373,PV-005143686647,CHEMBL194745,NR3C2,enamine,VS_set_NR3C2_14015,7.3676367,0.10227272727272728,0.08649602824360106,0.09675962845426832,0.9675962845426832,1,3.8648000000000025,0,76,CC(C)(CC(O)(Cc1ccccc1)C(=O)Nc1ccc2c(c1)COC2=O)c1ccccc1,-106.6508,89.55938
VS_set_NR3C2_14017,CC(C)(CC(O)(C(=O)Nc1ccc2c(c1)COC2=O)C(F)(F)F)c1cc(F)ccc1O,CC(C)(NC(=O)C(=O)NC1=CC=C2C(=O)CCC2=C1)C3=CC(=CC=C3F)Cl,B29R3.471096539,388.821,Z5257008378,CHEMBL194745,NR3C2,enamine,VS_set_NR3C2_14017,7.3983135,0.10627177700348432,0.0999131190269331,0.10454807229846932,1.0454807229846932,0,3.5980000000000016,0,822,Cc1c(C(=O)Nc2ccc(S(C)(=O)=O)cc2)cc(CC(C)O)n1-c1ccc(Cl)cc1C(F)(F)F,-95.87265,89.89603
